-237.190702 186.493631 -119.685017
-237.154855 184.731542 -120.630405
-237.119007 182.969454 -121.575793
-237.083160 181.207365 -122.521181
-237.047312 179.445276 -123.466569
-237.011464 177.683188 -124.411957
-236.975617 175.921099 -125.357345
-236.939769 174.159010 -126.302733
-236.903921 172.396922 -127.248121
-236.868074 170.634833 -128.193509
-236.832226 168.872744 -129.138897
-236.796378 167.110655 -130.084284
-236.760531 165.348567 -131.029672
-236.724683 163.586478 -131.975060
-236.688836 161.824389 -132.920448
-236.652988 160.062301 -133.865836
-236.617140 158.300212 -134.811224
-236.581293 156.538123 -135.756612
-236.545445 154.776035 -136.702000
-236.509597 153.013946 -137.647388
-236.473750 151.251857 -138.592776
-236.437902 149.489769 -139.538164
-236.402054 147.727680 -140.483552
-236.366207 145.965591 -141.428940
-236.330359 144.203503 -142.374328
-236.294511 142.441414 -143.319716
-236.258664 140.679325 -144.265104
-236.222816 138.917237 -145.210492
-236.186969 137.155148 -146.155880
-236.151121 135.393059 -147.101268
-236.115273 133.630971 -148.046656
-236.079426 131.868882 -148.992044
-236.043578 130.106793 -149.937432
-236.007730 128.344705 -150.882820
-235.971883 126.582616 -151.828208
-235.936035 124.820527 -152.773596
-235.900187 123.058438 -153.718984
-235.864340 121.296350 -154.664372
-235.828492 119.534261 -155.609760
-235.792645 117.772172 -156.555148
-235.756797 116.010084 -157.500536
-235.720949 114.247995 -158.445924
-235.685102 112.485906 -159.391312
-235.649254 110.723818 -160.336700
-235.613406 108.961729 -161.282088
-235.577559 107.199640 -162.227476
-235.541711 105.437552 -163.172864
-235.505863 103.675463 -164.118252
-235.470016 101.913374 -165.063640
-235.434168 100.151286 -166.009028
-235.398321 98.389197 -166.954416
-235.362473 96.627108 -167.899804
-235.326625 94.865020 -168.845192
-235.290778 93.102931 -169.790580
-235.254930 91.340842 -170.735967
-235.219082 89.578754 -171.681355
-235.183235 87.816665 -172.626743
-235.147387 86.054576 -173.572131
-235.111539 84.292487 -174.517519
-235.075692 82.530399 -175.462907
-235.039844 80.768310 -176.408295
-235.003997 79.006221 -177.353683
-234.968149 77.244133 -178.299071
-234.932301 75.482044 -179.244459
-234.896454 73.719955 -180.189847
-234.860606 71.957867 -181.135235
-234.824758 70.195778 -182.080623
-234.788911 68.433689 -183.026011
-234.753063 66.671601 -183.971399
-234.717215 64.909512 -184.916787
-166.573418 145.304983 -226.746629
-167.570852 146.846311 -225.953261
-168.568287 148.387639 -225.159893
-169.565722 149.928967 -224.366526
-170.563156 151.470295 -223.573158
-171.560591 153.011623 -222.779790
-172.558026 154.552951 -221.986423
-173.555460 156.094279 -221.193055
-174.552895 157.635607 -220.399687
-175.550329 159.176935 -219.606319
-176.547764 160.718263 -218.812952
-177.545199 162.259591 -218.019584
-178.542633 163.800919 -217.226216
-179.540068 165.342247 -216.432849
-180.537502 166.883575 -215.639481
-181.534937 168.424902 -214.846113
-182.532372 169.966230 -214.052745
-183.529806 171.507558 -213.259378
-184.527241 173.048886 -212.466010
-185.524676 174.590214 -211.672642
-186.522110 176.131542 -210.879275
-187.519545 177.672870 -210.085907
-188.516979 179.214198 -209.292539
-189.514414 180.755526 -208.499171
-190.511849 182.296854 -207.705804
-191.509283 183.838182 -206.912436
-192.506718 185.379510 -206.119068
-193.504153 186.920838 -205.325701
-194.501587 188.462166 -204.532333
-195.499022 190.003494 -203.738965
-196.496456 191.544822 -202.945597
-197.493891 193.086150 -202.152230
-198.491326 194.627478 -201.358862
-199.488760 196.168806 -200.565494
-200.486195 197.710134 -199.772127
-201.483630 199.251461 -198.978759
-202.481064 200.792789 -198.185391
-203.478499 202.334117 -197.392023
-204.475933 203.875445 -196.598656
-205.473368 205.416773 -195.805288
-206.470803 206.958101 -195.011920
-207.468237 208.499429 -194.218553
-208.465672 210.040757 -193.425185
-209.463106 211.582085 -192.631817
-210.460541 213.123413 -191.838449
-211.457976 214.664741 -191.045082
-212.455410 216.206069 -190.251714
-213.452845 217.747397 -189.458346
-214.450280 219.288725 -188.664979
-215.447714 220.830053 -187.871611
-216.445149 222.371381 -187.078243
-217.442583 223.912709 -186.284875
-218.440018 225.454037 -185.491508
-219.437453 226.995365 -184.698140
-220.434887 228.536692 -183.904772
-221.432322 230.078020 -183.111405
-222.429757 231.619348 -182.318037
-223.427191 233.160676 -181.524669
-224.424626 234.702004 -180.731301
-225.422060 236.243332 -179.937934
-226.419495 237.784660 -179.144566
-227.416930 239.325988 -178.351198
-228.414364 240.867316 -177.557831
-229.411799 242.408644 -176.764463
-230.409234 243.949972 -175.971095
-231.406668 245.491300 -175.177727
-232.404103 247.032628 -174.384360
-233.401537 248.573956 -173.590992
-234.398972 250.115284 -172.797624
-235.396407 251.656612 -172.004257
58.790398 78.519419 -43.803229
60.062241 80.008680 -43.397623
61.334084 81.497941 -42.992016
62.605927 82.987202 -42.586410
63.877770 84.476463 -42.180804
65.149614 85.965724 -41.775198
66.421457 87.454985 -41.369592
67.693300 88.944246 -40.963986
68.965143 90.433507 -40.558379
70.236986 91.922768 -40.152773
71.508830 93.412029 -39.747167
72.780673 94.901290 -39.341561
74.052516 96.390551 -38.935955
75.324359 97.879813 -38.530349
76.596202 99.369074 -38.124743
77.868046 100.858335 -37.719136
79.139889 102.347596 -37.313530
80.411732 103.836857 -36.907924
81.683575 105.326118 -36.502318
82.955418 106.815379 -36.096712
84.227262 108.304640 -35.691106
85.499105 109.793901 -35.285500
86.770948 111.283162 -34.879893
88.042791 112.772423 -34.474287
89.314634 114.261684 -34.068681
90.586478 115.750945 -33.663075
91.858321 117.240206 -33.257469
93.130164 118.729468 -32.851863
94.402007 120.218729 -32.446256
95.673850 121.707990 -32.040650
96.945694 123.197251 -31.635044
98.217537 124.686512 -31.229438
99.489380 126.175773 -30.823832
100.761223 127.665034 -30.418226
102.033066 129.154295 -30.012620
103.304909 130.643556 -29.607013
104.576753 132.132817 -29.201407
105.848596 133.622078 -28.795801
107.120439 135.111339 -28.390195
108.392282 136.600600 -27.984589
109.664125 138.089861 -27.578983
110.935969 139.579123 -27.173377
112.207812 141.068384 -26.767770
113.479655 142.557645 -26.362164
114.751498 144.046906 -25.956558
116.023341 145.536167 -25.550952
117.295185 147.025428 -25.145346
118.567028 148.514689 -24.739740
119.838871 150.003950 -24.334133
121.110714 151.493211 -23.928527
122.382557 152.982472 -23.522921
123.654401 154.471733 -23.117315
124.926244 155.960994 -22.711709
126.198087 157.450255 -22.306103
127.469930 158.939516 -21.900497
128.741773 160.428778 -21.494890
130.013617 161.918039 -21.089284
131.285460 163.407300 -20.683678
132.557303 164.896561 -20.278072
133.829146 166.385822 -19.872466
135.100989 167.875083 -19.466860
136.372833 169.364344 -19.061254
137.644676 170.853605 -18.655647
138.916519 172.342866 -18.250041
140.188362 173.832127 -17.844435
141.460205 175.321388 -17.438829
142.732049 176.810649 -17.033223
144.003892 178.299910 -16.627617
145.275735 179.789171 -16.222010
146.547578 181.278433 -15.816404
-244.614067 136.986846 118.447896
-243.095064 137.687514 119.544115
-241.576061 138.388182 120.640333
-240.057058 139.088850 121.736551
-238.538055 139.789518 122.832769
-237.019052 140.490185 123.928988
-235.500049 141.190853 125.025206
-233.981046 141.891521 126.121424
-232.462043 142.592189 127.217642
-230.943040 143.292857 128.313861
-229.424037 143.993525 129.410079
-227.905034 144.694193 130.506297
-226.386031 145.394861 131.602515
-224.867028 146.095528 132.698734
-223.348025 146.796196 133.794952
-221.829022 147.496864 134.891170
-220.310019 148.197532 135.987388
-218.791016 148.898200 137.083607
-217.272013 149.598868 138.179825
-215.753010 150.299536 139.276043
-214.234007 151.000204 140.372261
-212.715004 151.700871 141.468480
-211.196001 152.401539 142.564698
-209.676998 153.102207 143.660916
-208.157995 153.802875 144.757134
-206.638993 154.503543 145.853353
-205.119990 155.204211 146.949571
-203.600987 155.904879 148.045789
-202.081984 156.605547 149.142007
-200.562981 157.306214 150.238226
-199.043978 158.006882 151.334444
-197.524975 158.707550 152.430662
-196.005972 159.408218 153.526881
-194.486969 160.108886 154.623099
-192.967966 160.809554 155.719317
-191.448963 161.510222 156.815535
-189.929960 162.210890 157.911754
-188.410957 162.911557 159.007972
-186.891954 163.612225 160.104190
-185.372951 164.312893 161.200408
-183.853948 165.013561 162.296627
-182.334945 165.714229 163.392845
-180.815942 166.414897 164.489063
-179.296939 167.115565 165.585281
-177.777936 167.816232 166.681500
-176.258933 168.516900 167.777718
-174.739930 169.217568 168.873936
-173.220927 169.918236 169.970154
-171.701924 170.618904 171.066373
-170.182921 171.319572 172.162591
-168.663918 172.020240 173.258809
-167.144915 172.720908 174.355027
-165.625912 173.421575 175.451246
-164.106909 174.122243 176.547464
-162.587906 174.822911 177.643682
-161.068903 175.523579 178.739900
-159.549900 176.224247 179.836119
-158.030897 176.924915 180.932337
-156.511894 177.625583 182.028555
-154.992891 178.326251 183.124774
-153.473888 179.026918 184.220992
-151.954885 179.727586 185.317210
-150.435882 180.428254 186.413428
-148.916879 181.128922 187.509647
-147.397876 181.829590 188.605865
-145.878873 182.530258 189.702083
-144.359870 183.230926 190.798301
-142.840867 183.931594 191.894520
-141.321864 184.632261 192.990738
-139.802861 185.332929 194.086956
297.995952 101.988213 66.209329
296.896921 101.516443 64.606343
295.797889 101.044673 63.003358
294.698858 100.572902 61.400372
293.599826 100.101132 59.797387
292.500794 99.629362 58.194402
291.401763 99.157591 56.591416
290.302731 98.685821 54.988431
289.203700 98.214050 53.385445
288.104668 97.742280 51.782460
287.005636 97.270510 50.179474
285.906605 96.798739 48.576489
284.807573 96.326969 46.973503
283.708542 95.855199 45.370518
282.609510 95.383428 43.767533
281.510479 94.911658 42.164547
280.411447 94.439888 40.561562
279.312415 93.968117 38.958576
278.213384 93.496347 37.355591
277.114352 93.024576 35.752605
276.015321 92.552806 34.149620
274.916289 92.081036 32.546635
273.817258 91.609265 30.943649
272.718226 91.137495 29.340664
271.619194 90.665725 27.737678
270.520163 90.193954 26.134693
269.421131 89.722184 24.531707
268.322100 89.250414 22.928722
267.223068 88.778643 21.325736
266.124036 88.306873 19.722751
265.025005 87.835102 18.119766
263.925973 87.363332 16.516780
262.826942 86.891562 14.913795
261.727910 86.419791 13.310809
260.628879 85.948021 11.707824
259.529847 85.476251 10.104838
258.430815 85.004480 8.501853
257.331784 84.532710 6.898868
256.232752 84.060940 5.295882
255.133721 83.589169 3.692897
254.034689 83.117399 2.089911
252.935658 82.645628 0.486926
251.836626 82.173858 -1.116060
250.737594 81.702088 -2.719045
249.638563 81.230317 -4.322031
248.539531 80.758547 -5.925016
247.440500 80.286777 -7.528001
246.341468 79.815006 -9.130987
245.242437 79.343236 -10.733972
244.143405 78.871466 -12.336958
243.044373 78.399695 -13.939943
241.945342 77.927925 -15.542929
240.846310 77.456154 -17.145914
239.747279 76.984384 -18.748900
238.648247 76.512614 -20.351885
237.549215 76.040843 -21.954870
236.450184 75.569073 -23.557856
235.351152 75.097303 -25.160841
234.252121 74.625532 -26.763827
233.153089 74.153762 -28.366812
232.054058 73.681992 -29.969798
230.955026 73.210221 -31.572783
229.855994 72.738451 -33.175768
228.756963 72.266681 -34.778754
227.657931 71.794910 -36.381739
226.558900 71.323140 -37.984725
225.459868 70.851369 -39.587710
224.360837 70.379599 -41.190696
223.261805 69.907829 -42.793681
222.162773 69.436058 -44.396667
237.130836 -64.212571 201.407083
237.355627 -65.628127 200.012211
237.580417 -67.043684 198.617339
237.805207 -68.459241 197.222467
238.029997 -69.874798 195.827594
238.254787 -71.290355 194.432722
238.479577 -72.705911 193.037850
238.704367 -74.121468 191.642978
238.929157 -75.537025 190.248106
239.153947 -76.952582 188.853233
239.378737 -78.368138 187.458361
239.603527 -79.783695 186.063489
239.828318 -81.199252 184.668617
240.053108 -82.614809 183.273745
240.277898 -84.030366 181.878872
240.502688 -85.445922 180.484000
240.727478 -86.861479 179.089128
240.952268 -88.277036 177.694256
241.177058 -89.692593 176.299384
241.401848 -91.108149 174.904511
241.626638 -92.523706 173.509639
241.851428 -93.939263 172.114767
242.076219 -95.354820 170.719895
242.301009 -96.770377 169.325023
242.525799 -98.185933 167.930151
242.750589 -99.601490 166.535278
242.975379 -101.017047 165.140406
243.200169 -102.432604 163.745534
243.424959 -103.848160 162.350662
243.649749 -105.263717 160.955790
243.874539 -106.679274 159.560917
244.099329 -108.094831 158.166045
244.324119 -109.510388 156.771173
244.548910 -110.925944 155.376301
244.773700 -112.341501 153.981429
244.998490 -113.757058 152.586556
245.223280 -115.172615 151.191684
245.448070 -116.588171 149.796812
245.672860 -118.003728 148.401940
245.897650 -119.419285 147.007068
246.122440 -120.834842 145.612195
246.347230 -122.250398 144.217323
246.572020 -123.665955 142.822451
246.796810 -125.081512 141.427579
247.021601 -126.497069 140.032707
247.246391 -127.912626 138.637834
247.471181 -129.328182 137.242962
247.695971 -130.743739 135.848090
247.920761 -132.159296 134.453218
248.145551 -133.574853 133.058346
248.370341 -134.990409 131.663474
248.595131 -136.405966 130.268601
248.819921 -137.821523 128.873729
249.044711 -139.237080 127.478857
249.269502 -140.652637 126.083985
249.494292 -142.068193 124.689113
249.719082 -143.483750 123.294240
249.943872 -144.899307 121.899368
250.168662 -146.314864 120.504496
250.393452 -147.730420 119.109624
250.618242 -149.145977 117.714752
250.843032 -150.561534 116.319879
251.067822 -151.977091 114.925007
251.292612 -153.392648 113.530135
251.517402 -154.808204 112.135263
251.742193 -156.223761 110.740391
251.966983 -157.639318 109.345518
252.191773 -159.054875 107.950646
252.416563 -160.470431 106.555774
252.641353 -161.885988 105.160902
-91.703262 -187.022181 -186.771128
-92.886866 -188.631245 -186.871117
-94.070469 -190.240308 -186.971106
-95.254073 -191.849371 -187.071096
-96.437676 -193.458435 -187.171085
-97.621280 -195.067498 -187.271074
-98.804883 -196.676561 -187.371064
-99.988487 -198.285625 -187.471053
-101.172090 -199.894688 -187.571042
-102.355694 -201.503752 -187.671032
-103.539297 -203.112815 -187.771021
-104.722901 -204.721878 -187.871010
-105.906504 -206.330942 -187.971000
-107.090108 -207.940005 -188.070989
-108.273711 -209.549068 -188.170978
-109.457314 -211.158132 -188.270968
-110.640918 -212.767195 -188.370957
-111.824521 -214.376258 -188.470946
-113.008125 -215.985322 -188.570936
-114.191728 -217.594385 -188.670925
-115.375332 -219.203449 -188.770914
-116.558935 -220.812512 -188.870903
-117.742539 -222.421575 -188.970893
-118.926142 -224.030639 -189.070882
-120.109746 -225.639702 -189.170871
-121.293349 -227.248765 -189.270861
-122.476953 -228.857829 -189.370850
-123.660556 -230.466892 -189.470839
-124.844160 -232.075956 -189.570829
-126.027763 -233.685019 -189.670818
-127.211367 -235.294082 -189.770807
-128.394970 -236.903146 -189.870797
-129.578574 -238.512209 -189.970786
-130.762177 -240.121272 -190.070775
-131.945781 -241.730336 -190.170765
-133.129384 -243.339399 -190.270754
-134.312988 -244.948462 -190.370743
-135.496591 -246.557526 -190.470733
-136.680195 -248.166589 -190.570722
-137.863798 -249.775653 -190.670711
-139.047402 -251.384716 -190.770701
-140.231005 -252.993779 -190.870690
-141.414609 -254.602843 -190.970679
-142.598212 -256.211906 -191.070669
-143.781816 -257.820969 -191.170658
-144.965419 -259.430033 -191.270647
-146.149023 -261.039096 -191.370637
-147.332626 -262.648160 -191.470626
-148.516229 -264.257223 -191.570615
-149.699833 -265.866286 -191.670605
-150.883436 -267.475350 -191.770594
-152.067040 -269.084413 -191.870583
-153.250643 -270.693476 -191.970573
-154.434247 -272.302540 -192.070562
-155.617850 -273.911603 -192.170551
-156.801454 -275.520666 -192.270541
-157.985057 -277.129730 -192.370530
-159.168661 -278.738793 -192.470519
-160.352264 -280.347857 -192.570509
-161.535868 -281.956920 -192.670498
-162.719471 -283.565983 -192.770487
-163.903075 -285.175047 -192.870477
-165.086678 -286.784110 -192.970466
-166.270282 -288.393173 -193.070455
-167.453885 -290.002237 -193.170445
-168.637489 -291.611300 -193.270434
-169.821092 -293.220364 -193.370423
-171.004696 -294.829427 -193.470413
-172.188299 -296.438490 -193.570402
-173.371903 -298.047554 -193.670391
-205.975071 100.080473 244.996187
-206.901734 99.996722 243.225796
-207.828397 99.912971 241.455406
-208.755060 99.829221 239.685016
-209.681723 99.745470 237.914626
-210.608386 99.661719 236.144236
-211.535049 99.577968 234.373845
-212.461712 99.494218 232.603455
-213.388375 99.410467 230.833065
-214.315038 99.326716 229.062675
-215.241701 99.242965 227.292285
-216.168364 99.159215 225.521894
-217.095027 99.075464 223.751504
-218.021690 98.991713 221.981114
-218.948353 98.907962 220.210724
-219.875016 98.824212 218.440334
-220.801679 98.740461 216.669943
-221.728342 98.656710 214.899553
-222.655005 98.572959 213.129163
-223.581668 98.489209 211.358773
-224.508331 98.405458 209.588383
-225.434994 98.321707 207.817992
-226.361657 98.237956 206.047602
-227.288320 98.154206 204.277212
-228.214983 98.070455 202.506822
-229.141646 97.986704 200.736432
-230.068309 97.902953 198.966041
-230.994972 97.819203 197.195651
-231.921635 97.735452 195.425261
-232.848298 97.651701 193.654871
-233.774961 97.567950 191.884481
-234.701624 97.484200 190.114090
-235.628287 97.400449 188.343700
-236.554950 97.316698 186.573310
-237.481613 97.232947 184.802920
-238.408276 97.149197 183.032530
-239.334939 97.065446 181.262139
-240.261602 96.981695 179.491749
-241.188265 96.897944 177.721359
-242.114928 96.814194 175.950969
-243.041591 96.730443 174.180579
-243.968254 96.646692 172.410188
-244.894917 96.562941 170.639798
-245.821580 96.479191 168.869408
-246.748243 96.395440 167.099018
-247.674906 96.311689 165.328627
-248.601569 96.227938 163.558237
-249.528232 96.144188 161.787847
-250.454895 96.060437 160.017457
-251.381558 95.976686 158.247067
-252.308221 95.892935 156.476676
-253.234884 95.809185 154.706286
-254.161547 95.725434 152.935896
-255.088210 95.641683 151.165506
-256.014873 95.557932 149.395116
-256.941536 95.474182 147.624725
-257.868199 95.390431 145.854335
-258.794862 95.306680 144.083945
-259.721525 95.222929 142.313555
-260.648188 95.139179 140.543165
-261.574851 95.055428 138.772774
-262.501515 94.971677 137.002384
-263.428178 94.887926 135.231994
-264.354841 94.804176 133.461604
-265.281504 94.720425 131.691214
-266.208167 94.636674 129.920823
-267.134830 94.552923 128.150433
-268.061493 94.469173 126.380043
-268.988156 94.385422 124.609653
-269.914819 94.301671 122.839263
285.317677 -148.462699 -76.105636
284.876982 -149.525795 -74.469905
284.436286 -150.588890 -72.834175
283.995591 -151.651986 -71.198444
283.554896 -152.715082 -69.562713
283.114201 -153.778178 -67.926983
282.673505 -154.841274 -66.291252
282.232810 -155.904370 -64.655521
281.792115 -156.967466 -63.019791
281.351420 -158.030562 -61.384060
280.910724 -159.093658 -59.748329
280.470029 -160.156753 -58.112599
280.029334 -161.219849 -56.476868
279.588638 -162.282945 -54.841137
279.147943 -163.346041 -53.205407
278.707248 -164.409137 -51.569676
278.266553 -165.472233 -49.933945
277.825857 -166.535329 -48.298215
277.385162 -167.598425 -46.662484
276.944467 -168.661521 -45.026753
276.503772 -169.724616 -43.391023
276.063076 -170.787712 -41.755292
275.622381 -171.850808 -40.119561
275.181686 -172.913904 -38.483831
274.740990 -173.977000 -36.848100
274.300295 -175.040096 -35.212369
273.859600 -176.103192 -33.576639
273.418905 -177.166288 -31.940908
272.978209 -178.229384 -30.305177
272.537514 -179.292480 -28.669447
272.096819 -180.355575 -27.033716
271.656124 -181.418671 -25.397985
271.215428 -182.481767 -23.762255
270.774733 -183.544863 -22.126524
270.334038 -184.607959 -20.490793
269.893342 -185.671055 -18.855063
269.452647 -186.734151 -17.219332
269.011952 -187.797247 -15.583601
268.571257 -188.860343 -13.947871
268.130561 -189.923438 -12.312140
267.689866 -190.986534 -10.676409
267.249171 -192.049630 -9.040679
266.808476 -193.112726 -7.404948
266.367780 -194.175822 -5.769217
265.927085 -195.238918 -4.133487
265.486390 -196.302014 -2.497756
265.045694 -197.365110 -0.862025
264.604999 -198.428206 0.773705
264.164304 -199.491301 2.409436
263.723609 -200.554397 4.045167
263.282913 -201.617493 5.680897
262.842218 -202.680589 7.316628
262.401523 -203.743685 8.952359
261.960828 -204.806781 10.588089
261.520132 -205.869877 12.223820
261.079437 -206.932973 13.859550
260.638742 -207.996069 15.495281
260.198046 -209.059164 17.131012
259.757351 -210.122260 18.766742
259.316656 -211.185356 20.402473
258.875961 -212.248452 22.038204
258.435265 -213.311548 23.673934
257.994570 -214.374644 25.309665
257.553875 -215.437740 26.945396
257.113180 -216.500836 28.581126
256.672484 -217.563932 30.216857
256.231789 -218.627027 31.852588
255.791094 -219.690123 33.488318
255.350398 -220.753219 35.124049
254.909703 -221.816315 36.759780
292.051720 -178.131143 182.647876
291.638414 -177.673149 180.745399
291.225109 -177.215154 178.842922
290.811804 -176.757160 176.940444
290.398498 -176.299165 175.037967
289.985193 -175.841171 173.135490
289.571888 -175.383177 171.233012
289.158582 -174.925182 169.330535
288.745277 -174.467188 167.428058
288.331972 -174.009193 165.525581
287.918666 -173.551199 163.623103
287.505361 -173.093204 161.720626
287.092056 -172.635210 159.818149
286.678750 -172.177216 157.915671
286.265445 -171.719221 156.013194
285.852140 -171.261227 154.110717
285.438834 -170.803232 152.208240
285.025529 -170.345238 150.305762
284.612224 -169.887243 148.403285
284.198918 -169.429249 146.500808
283.785613 -168.971255 144.598331
283.372308 -168.513260 142.695853
282.959002 -168.055266 140.793376
282.545697 -167.597271 138.890899
282.132392 -167.139277 136.988421
281.719086 -166.681282 135.085944
281.305781 -166.223288 133.183467
280.892476 -165.765293 131.280990
280.479170 -165.307299 129.378512
280.065865 -164.849305 127.476035
279.652560 -164.391310 125.573558
279.239254 -163.933316 123.671080
278.825949 -163.475321 121.768603
278.412644 -163.017327 119.866126
277.999338 -162.559332 117.963649
277.586033 -162.101338 116.061171
277.172728 -161.643344 114.158694
276.759422 -161.185349 112.256217
276.346117 -160.727355 110.353739
275.932812 -160.269360 108.451262
275.519506 -159.811366 106.548785
275.106201 -159.353371 104.646308
274.692896 -158.895377 102.743830
274.279590 -158.437382 100.841353
273.866285 -157.979388 98.938876
273.452980 -157.521394 97.036399
273.039674 -157.063399 95.133921
272.626369 -156.605405 93.231444
272.213064 -156.147410 91.328967
271.799758 -155.689416 89.426489
271.386453 -155.231421 87.524012
270.973148 -154.773427 85.621535
270.559842 -154.315433 83.719058
270.146537 -153.857438 81.816580
269.733232 -153.399444 79.914103
269.319926 -152.941449 78.011626
268.906621 -152.483455 76.109148
268.493316 -152.025460 74.206671
268.080010 -151.567466 72.304194
267.666705 -151.109472 70.401717
267.253400 -150.651477 68.499239
266.840094 -150.193483 66.596762
266.426789 -149.735488 64.694285
266.013484 -149.277494 62.791808
265.600178 -148.819499 60.889330
265.186873 -148.361505 58.986853
264.773568 -147.903510 57.084376
264.360262 -147.445516 55.181898
263.946957 -146.987522 53.279421
263.533652 -146.529527 51.376944
-126.660014 -204.689714 66.628082
-127.037070 -204.660467 64.664164
-127.414126 -204.631220 62.700246
-127.791181 -204.601973 60.736328
-128.168237 -204.572725 58.772410
-128.545293 -204.543478 56.808492
-128.922349 -204.514231 54.844574
-129.299405 -204.484983 52.880656
-129.676460 -204.455736 50.916738
-130.053516 -204.426489 48.952821
-130.430572 -204.397241 46.988903
-130.807628 -204.367994 45.024985
-131.184684 -204.338747 43.061067
-131.561739 -204.309499 41.097149
-131.938795 -204.280252 39.133231
-132.315851 -204.251005 37.169313
-132.692907 -204.221757 35.205395
-133.069963 -204.192510 33.241477
-133.447018 -204.163263 31.277559
-133.824074 -204.134015 29.313642
-134.201130 -204.104768 27.349724
-134.578186 -204.075521 25.385806
-134.955242 -204.046273 23.421888
-135.332297 -204.017026 21.457970
-135.709353 -203.987779 19.494052
-136.086409 -203.958531 17.530134
-136.463465 -203.929284 15.566216
-136.840520 -203.900037 13.602298
-137.217576 -203.870790 11.638380
-137.594632 -203.841542 9.674463
-137.971688 -203.812295 7.710545
-138.348744 -203.783048 5.746627
-138.725799 -203.753800 3.782709
-139.102855 -203.724553 1.818791
-139.479911 -203.695306 -0.145127
-139.856967 -203.666058 -2.109045
-140.234023 -203.636811 -4.072963
-140.611078 -203.607564 -6.036881
-140.988134 -203.578316 -8.000799
-141.365190 -203.549069 -9.964717
-141.742246 -203.519822 -11.928634
-142.119302 -203.490574 -13.892552
-142.496357 -203.461327 -15.856470
-142.873413 -203.432080 -17.820388
-143.250469 -203.402832 -19.784306
-143.627525 -203.373585 -21.748224
-144.004581 -203.344338 -23.712142
-144.381636 -203.315090 -25.676060
-144.758692 -203.285843 -27.639978
-145.135748 -203.256596 -29.603896
-145.512804 -203.227348 -31.567813
-145.889859 -203.198101 -33.531731
-146.266915 -203.168854 -35.495649
-146.643971 -203.139606 -37.459567
-147.021027 -203.110359 -39.423485
-147.398083 -203.081112 -41.387403
-147.775138 -203.051865 -43.351321
-148.152194 -203.022617 -45.315239
-148.529250 -202.993370 -47.279157
-148.906306 -202.964123 -49.243075
-149.283362 -202.934875 -51.206992
-149.660417 -202.905628 -53.170910
-150.037473 -202.876381 -55.134828
-150.414529 -202.847133 -57.098746
-150.791585 -202.817886 -59.062664
-151.168641 -202.788639 -61.026582
-151.545696 -202.759391 -62.990500
-151.922752 -202.730144 -64.954418
-152.299808 -202.700897 -66.918336
-152.676864 -202.671649 -68.882254
79.805789 176.964410 289.483493
81.315557 177.792729 288.466394
82.825324 178.621048 287.449296
84.335092 179.449367 286.432197
85.844859 180.277686 285.415098
87.354627 181.106005 284.398000
88.864394 181.934324 283.380901
90.374162 182.762644 282.363803
91.883929 183.590963 281.346704
93.393697 184.419282 280.329605
94.903464 185.247601 279.312507
96.413232 186.075920 278.295408
97.922999 186.904239 277.278309
99.432767 187.732558 276.261211
100.942534 188.560877 275.244112
102.452302 189.389196 274.227013
103.962069 190.217515 273.209915
105.471837 191.045834 272.192816
106.981604 191.874153 271.175717
108.491372 192.702472 270.158619
110.001139 193.530791 269.141520
111.510907 194.359110 268.124422
113.020674 195.187430 267.107323
114.530442 196.015749 266.090224
116.040209 196.844068 265.073126
117.549977 197.672387 264.056027
119.059744 198.500706 263.038928
120.569512 199.329025 262.021830
122.079279 200.157344 261.004731
123.589047 200.985663 259.987632
125.098814 201.813982 258.970534
126.608582 202.642301 257.953435
128.118349 203.470620 256.936336
129.628116 204.298939 255.919238
131.137884 205.127258 254.902139
132.647651 205.955577 253.885041
134.157419 206.783896 252.867942
135.667186 207.612216 251.850843
137.176954 208.440535 250.833745
138.686721 209.268854 249.816646
140.196489 210.097173 248.799547
141.706256 210.925492 247.782449
143.216024 211.753811 246.765350
144.725791 212.582130 245.748251
146.235559 213.410449 244.731153
147.745326 214.238768 243.714054
149.255094 215.067087 242.696956
150.764861 215.895406 241.679857
152.274629 216.723725 240.662758
153.784396 217.552044 239.645660
155.294164 218.380363 238.628561
156.803931 219.208682 237.611462
158.313699 220.037002 236.594364
159.823466 220.865321 235.577265
161.333234 221.693640 234.560166
162.843001 222.521959 233.543068
164.352769 223.350278 232.525969
165.862536 224.178597 231.508870
167.372304 225.006916 230.491772
168.882071 225.835235 229.474673
170.391839 226.663554 228.457575
171.901606 227.491873 227.440476
173.411374 228.320192 226.423377
174.921141 229.148511 225.406279
176.430909 229.976830 224.389180
177.940676 230.805149 223.372081
179.450444 231.633468 222.354983
180.960211 232.461788 221.337884
182.469979 233.290107 220.320785
183.979746 234.118426 219.303687
-58.532485 21.894831 278.422952
-60.082638 20.820861 277.756909
-61.632792 19.746891 277.090866
-63.182945 18.672921 276.424823
-64.733098 17.598951 275.758779
-66.283251 16.524981 275.092736
-67.833405 15.451011 274.426693
-69.383558 14.377041 273.760650
-70.933711 13.303072 273.094607
-72.483864 12.229102 272.428564
-74.034018 11.155132 271.762521
-75.584171 10.081162 271.096477
-77.134324 9.007192 270.430434
-78.684477 7.933222 269.764391
-80.234631 6.859252 269.098348
-81.784784 5.785282 268.432305
-83.334937 4.711312 267.766262
-84.885090 3.637342 267.100218
-86.435244 2.563372 266.434175
-87.985397 1.489402 265.768132
-89.535550 0.415432 265.102089
-91.085703 -0.658538 264.436046
-92.635857 -1.732508 263.770003
-94.186010 -2.806478 263.103959
-95.736163 -3.880447 262.437916
-97.286316 -4.954417 261.771873
-98.836470 -6.028387 261.105830
-100.386623 -7.102357 260.439787
-101.936776 -8.176327 259.773744
-103.486929 -9.250297 259.107701
-105.037083 -10.324267 258.441657
-106.587236 -11.398237 257.775614
-108.137389 -12.472207 257.109571
-109.687542 -13.546177 256.443528
-111.237696 -14.620147 255.777485
-112.787849 -15.694117 255.111442
-114.338002 -16.768087 254.445398
-115.888155 -17.842057 253.779355
-117.438309 -18.916027 253.113312
-118.988462 -19.989997 252.447269
-120.538615 -21.063966 251.781226
-122.088768 -22.137936 251.115183
-123.638922 -23.211906 250.449139
-125.189075 -24.285876 249.783096
-126.739228 -25.359846 249.117053
-128.289381 -26.433816 248.451010
-129.839535 -27.507786 247.784967
-131.389688 -28.581756 247.118924
-132.939841 -29.655726 246.452881
-134.489994 -30.729696 245.786837
-136.040148 -31.803666 245.120794
-137.590301 -32.877636 244.454751
-139.140454 -33.951606 243.788708
-140.690607 -35.025576 243.122665
-142.240761 -36.099546 242.456622
-143.790914 -37.173515 241.790578
-145.341067 -38.247485 241.124535
-146.891220 -39.321455 240.458492
-148.441374 -40.395425 239.792449
-149.991527 -41.469395 239.126406
-151.541680 -42.543365 238.460363
-153.091833 -43.617335 237.794320
-154.641987 -44.691305 237.128276
-156.192140 -45.765275 236.462233
-157.742293 -46.839245 235.796190
-159.292446 -47.913215 235.130147
-160.842599 -48.987185 234.464104
-162.392753 -50.061155 233.798061
-163.942906 -51.135125 233.132017
-165.493059 -52.209095 232.465974
-93.330887 155.436030 281.089574
-91.854716 154.089906 280.995388
-90.378544 152.743783 280.901202
-88.902373 151.397660 280.807016
-87.426202 150.051537 280.712830
-85.950031 148.705414 280.618644
-84.473860 147.359290 280.524458
-82.997688 146.013167 280.430272
-81.521517 144.667044 280.336086
-80.045346 143.320921 280.241901
-78.569175 141.974798 280.147715
-77.093004 140.628675 280.053529
-75.616832 139.282551 279.959343
-74.140661 137.936428 279.865157
-72.664490 136.590305 279.770971
-71.188319 135.244182 279.676785
-69.712148 133.898059 279.582599
-68.235976 132.551935 279.488413
-66.759805 131.205812 279.394227
-65.283634 129.859689 279.300042
-63.807463 128.513566 279.205856
-62.331292 127.167443 279.111670
-60.855121 125.821319 279.017484
-59.378949 124.475196 278.923298
-57.902778 123.129073 278.829112
-56.426607 121.782950 278.734926
-54.950436 120.436827 278.640740
-53.474265 119.090704 278.546554
-51.998093 117.744580 278.452369
-50.521922 116.398457 278.358183
-49.045751 115.052334 278.263997
-47.569580 113.706211 278.169811
-46.093409 112.360088 278.075625
-44.617237 111.013964 277.981439
-43.141066 109.667841 277.887253
-41.664895 108.321718 277.793067
-40.188724 106.975595 277.698881
-38.712553 105.629472 277.604695
-37.236381 104.283349 277.510510
-35.760210 102.937225 277.416324
-34.284039 101.591102 277.322138
-32.807868 100.244979 277.227952
-31.331697 98.898856 277.133766
-29.855525 97.552733 277.039580
-28.379354 96.206609 276.945394
-26.903183 94.860486 276.851208
-25.427012 93.514363 276.757022
-23.950841 92.168240 276.662836
-22.474670 90.822117 276.568651
-20.998498 89.475993 276.474465
-19.522327 88.129870 276.380279
-18.046156 86.783747 276.286093
-16.569985 85.437624 276.191907
-15.093814 84.091501 276.097721
-13.617642 82.745378 276.003535
-12.141471 81.399254 275.909349
-10.665300 80.053131 275.815163
-9.189129 78.707008 275.720977
-7.712958 77.360885 275.626792
-6.236786 76.014762 275.532606
-4.760615 74.668638 275.438420
-3.284444 73.322515 275.344234
-1.808273 71.976392 275.250048
-0.332102 70.630269 275.155862
1.144070 69.284146 275.061676
2.620241 67.938023 274.967490
4.096412 66.591899 274.873304
5.572583 65.245776 274.779119
7.048754 63.899653 274.684933
8.524925 62.553530 274.590747
186.779897 -203.167579 -181.899838
185.272186 -201.853499 -181.900741
183.764475 -200.539419 -181.901644
182.256764 -199.225339 -181.902547
180.749052 -197.911259 -181.903450
179.241341 -196.597179 -181.904354
177.733630 -195.283099 -181.905257
176.225919 -193.969019 -181.906160
174.718208 -192.654939 -181.907063
173.210497 -191.340859 -181.907967
171.702785 -190.026779 -181.908870
170.195074 -188.712699 -181.909773
168.687363 -187.398619 -181.910676
167.179652 -186.084539 -181.911580
165.671941 -184.770459 -181.912483
164.164230 -183.456379 -181.913386
162.656519 -182.142299 -181.914289
161.148807 -180.828219 -181.915193
159.641096 -179.514139 -181.916096
158.133385 -178.200059 -181.916999
156.625674 -176.885979 -181.917902
155.117963 -175.571899 -181.918806
153.610252 -174.257819 -181.919709
152.102541 -172.943739 -181.920612
150.594829 -171.629659 -181.921515
149.087118 -170.315579 -181.922418
147.579407 -169.001499 -181.923322
146.071696 -167.687419 -181.924225
144.563985 -166.373339 -181.925128
143.056274 -165.059259 -181.926031
141.548562 -163.745179 -181.926935
140.040851 -162.431099 -181.927838
138.533140 -161.117019 -181.928741
137.025429 -159.802939 -181.929644
135.517718 -158.488859 -181.930548
134.010007 -157.174779 -181.931451
132.502296 -155.860699 -181.932354
130.994584 -154.546619 -181.933257
129.486873 -153.232539 -181.934161
127.979162 -151.918459 -181.935064
126.471451 -150.604379 -181.935967
124.963740 -149.290299 -181.936870
123.456029 -147.976219 -181.937773
121.948317 -146.662139 -181.938677
120.440606 -145.348059 -181.939580
118.932895 -144.033979 -181.940483
117.425184 -142.719899 -181.941386
115.917473 -141.405819 -181.942290
114.409762 -140.091739 -181.943193
112.902051 -138.777659 -181.944096
111.394339 -137.463579 -181.944999
109.886628 -136.149499 -181.945903
108.378917 -134.835419 -181.946806
106.871206 -133.521338 -181.947709
105.363495 -132.207258 -181.948612
103.855784 -130.893178 -181.949516
102.348072 -129.579098 -181.950419
100.840361 -128.265018 -181.951322
99.332650 -126.950938 -181.952225
97.824939 -125.636858 -181.953128
96.317228 -124.322778 -181.954032
94.809517 -123.008698 -181.954935
93.301806 -121.694618 -181.955838
91.794094 -120.380538 -181.956741
90.286383 -119.066458 -181.957645
88.778672 -117.752378 -181.958548
87.270961 -116.438298 -181.959451
85.763250 -115.124218 -181.960354
84.255539 -113.810138 -181.961258
82.747827 -112.496058 -181.962161
-64.965389 2.892085 4.670420
-66.515036 4.127395 4.400968
-68.064684 5.362704 4.131515
-69.614331 6.598014 3.862063
-71.163978 7.833323 3.592611
-72.713625 9.068633 3.323159
-74.263272 10.303942 3.053707
-75.812919 11.539252 2.784254
-77.362566 12.774561 2.514802
-78.912213 14.009871 2.245350
-80.461860 15.245180 1.975898
-82.011507 16.480490 1.706446
-83.561154 17.715799 1.436994
-85.110801 18.951109 1.167541
-86.660448 20.186418 0.898089
-88.210095 21.421728 0.628637
-89.759742 22.657037 0.359185
-91.309389 23.892347 0.089733
-92.859036 25.127656 -0.179720
-94.408683 26.362966 -0.449172
-95.958330 27.598275 -0.718624
-97.507977 28.833585 -0.988076
-99.057624 30.068894 -1.257528
-100.607272 31.304204 -1.526980
-102.156919 32.539513 -1.796433
-103.706566 33.774823 -2.065885
-105.256213 35.010132 -2.335337
-106.805860 36.245442 -2.604789
-108.355507 37.480751 -2.874241
-109.905154 38.716061 -3.143693
-111.454801 39.951370 -3.413146
-113.004448 41.186680 -3.682598
-114.554095 42.421989 -3.952050
-116.103742 43.657299 -4.221502
-117.653389 44.892608 -4.490954
-119.203036 46.127918 -4.760407
-120.752683 47.363227 -5.029859
-122.302330 48.598537 -5.299311
-123.851977 49.833846 -5.568763
-125.401624 51.069156 -5.838215
-126.951271 52.304465 -6.107667
-128.500918 53.539775 -6.377120
-130.050565 54.775084 -6.646572
-131.600212 56.010394 -6.916024
-133.149859 57.245703 -7.185476
-134.699507 58.481012 -7.454928
-136.249154 59.716322 -7.724381
-137.798801 60.951631 -7.993833
-139.348448 62.186941 -8.263285
-140.898095 63.422250 -8.532737
-142.447742 64.657560 -8.802189
-143.997389 65.892869 -9.071641
-145.547036 67.128179 -9.341094
-147.096683 68.363488 -9.610546
-148.646330 69.598798 -9.879998
-150.195977 70.834107 -10.149450
-151.745624 72.069417 -10.418902
-153.295271 73.304726 -10.688355
-154.844918 74.540036 -10.957807
-156.394565 75.775345 -11.227259
-157.944212 77.010655 -11.496711
-159.493859 78.245964 -11.766163
-161.043506 79.481274 -12.035615
-162.593153 80.716583 -12.305068
-164.142800 81.951893 -12.574520
-165.692447 83.187202 -12.843972
-167.242094 84.422512 -13.113424
-168.791742 85.657821 -13.382876
-170.341389 86.893131 -13.652328
-171.891036 88.128440 -13.921781
-277.035902 -112.233235 -155.626797
-275.348026 -111.171077 -155.778111
-273.660151 -110.108919 -155.929425
-271.972275 -109.046761 -156.080739
-270.284399 -107.984603 -156.232054
-268.596524 -106.922445 -156.383368
-266.908648 -105.860287 -156.534682
-265.220772 -104.798129 -156.685996
-263.532896 -103.735971 -156.837310
-261.845021 -102.673813 -156.988625
-260.157145 -101.611655 -157.139939
-258.469269 -100.549497 -157.291253
-256.781394 -99.487339 -157.442567
-255.093518 -98.425181 -157.593882
-253.405642 -97.363023 -157.745196
-251.717766 -96.300865 -157.896510
-250.029891 -95.238707 -158.047824
-248.342015 -94.176549 -158.199138
-246.654139 -93.114391 -158.350453
-244.966264 -92.052233 -158.501767
-243.278388 -90.990075 -158.653081
-241.590512 -89.927917 -158.804395
-239.902636 -88.865759 -158.955709
-238.214761 -87.803601 -159.107024
-236.526885 -86.741443 -159.258338
-234.839009 -85.679285 -159.409652
-233.151134 -84.617127 -159.560966
-231.463258 -83.554969 -159.712280
-229.775382 -82.492811 -159.863595
-228.087507 -81.430653 -160.014909
-226.399631 -80.368495 -160.166223
-224.711755 -79.306337 -160.317537
-223.023879 -78.244179 -160.468851
-221.336004 -77.182021 -160.620166
-219.648128 -76.119863 -160.771480
-217.960252 -75.057705 -160.922794
-216.272377 -73.995547 -161.074108
-214.584501 -72.933389 -161.225422
-212.896625 -71.871231 -161.376737
-211.208749 -70.809073 -161.528051
-209.520874 -69.746915 -161.679365
-207.832998 -68.684757 -161.830679
-206.145122 -67.622599 -161.981994
-204.457247 -66.560441 -162.133308
-202.769371 -65.498283 -162.284622
-201.081495 -64.436125 -162.435936
-199.393619 -63.373967 -162.587250
-197.705744 -62.311809 -162.738565
-196.017868 -61.249651 -162.889879
-194.329992 -60.187493 -163.041193
-192.642117 -59.125335 -163.192507
-190.954241 -58.063177 -163.343821
-189.266365 -57.001019 -163.495136
-187.578489 -55.938861 -163.646450
-185.890614 -54.876703 -163.797764
-184.202738 -53.814545 -163.949078
-182.514862 -52.752387 -164.100392
-180.826987 -51.690229 -164.251707
-179.139111 -50.628071 -164.403021
-177.451235 -49.565913 -164.554335
-175.763360 -48.503755 -164.705649
-174.075484 -47.441597 -164.856963
-172.387608 -46.379439 -165.008278
-170.699732 -45.317281 -165.159592
-169.011857 -44.255123 -165.310906
-167.323981 -43.192965 -165.462220
-165.636105 -42.130807 -165.613535
-163.948230 -41.068649 -165.764849
-162.260354 -40.006491 -165.916163
-160.572478 -38.944333 -166.067477
-34.428064 -273.674984 86.351215
-35.638990 -272.400717 85.397327
-36.849916 -271.126451 84.443439
-38.060843 -269.852184 83.489552
-39.271769 -268.577917 82.535664
-40.482695 -267.303651 81.581776
-41.693621 -266.029384 80.627888
-42.904548 -264.755117 79.674000
-44.115474 -263.480851 78.720112
-45.326400 -262.206584 77.766225
-46.537326 -260.932317 76.812337
-47.748253 -259.658050 75.858449
-48.959179 -258.383784 74.904561
-50.170105 -257.109517 73.950673
-51.381031 -255.835250 72.996786
-52.591958 -254.560984 72.042898
-53.802884 -253.286717 71.089010
-55.013810 -252.012450 70.135122
-56.224736 -250.738184 69.181234
-57.435663 -249.463917 68.227347
-58.646589 -248.189650 67.273459
-59.857515 -246.915383 66.319571
-61.068441 -245.641117 65.365683
-62.279368 -244.366850 64.411795
-63.490294 -243.092583 63.457907
-64.701220 -241.818317 62.504020
-65.912147 -240.544050 61.550132
-67.123073 -239.269783 60.596244
-68.333999 -237.995517 59.642356
-69.544925 -236.721250 58.688468
-70.755852 -235.446983 57.734581
-71.966778 -234.172716 56.780693
-73.177704 -232.898450 55.826805
-74.388630 -231.624183 54.872917
-75.599557 -230.349916 53.919029
-76.810483 -229.075650 52.965142
-78.021409 -227.801383 52.011254
-79.232335 -226.527116 51.057366
-80.443262 -225.252849 50.103478
-81.654188 -223.978583 49.149590
-82.865114 -222.704316 48.195702
-84.076040 -221.430049 47.241815
-85.286967 -220.155783 46.287927
-86.497893 -218.881516 45.334039
-87.708819 -217.607249 44.380151
-88.919746 -216.332983 43.426263
-90.130672 -215.058716 42.472376
-91.341598 -213.784449 41.518488
-92.552524 -212.510182 40.564600
-93.763451 -211.235916 39.610712
-94.974377 -209.961649 38.656824
-96.185303 -208.687382 37.702937
-97.396229 -207.413116 36.749049
-98.607156 -206.138849 35.795161
-99.818082 -204.864582 34.841273
-101.029008 -203.590316 33.887385
-102.239934 -202.316049 32.933497
-103.450861 -201.041782 31.979610
-104.661787 -199.767515 31.025722
-105.872713 -198.493249 30.071834
-107.083639 -197.218982 29.117946
-108.294566 -195.944715 28.164058
-109.505492 -194.670449 27.210171
-110.716418 -193.396182 26.256283
-111.927345 -192.121915 25.302395
-113.138271 -190.847649 24.348507
-114.349197 -189.573382 23.394619
-115.560123 -188.299115 22.440731
-116.771050 -187.024848 21.486844
-117.981976 -185.750582 20.532956
185.759597 -78.551023 122.332969
187.135157 -79.607062 123.329270
188.510717 -80.663102 124.325572
189.886277 -81.719141 125.321873
191.261837 -82.775180 126.318174
192.637397 -83.831219 127.314475
194.012956 -84.887258 128.310777
195.388516 -85.943298 129.307078
196.764076 -86.999337 130.303379
198.139636 -88.055376 131.299681
199.515196 -89.111415 132.295982
200.890756 -90.167455 133.292283
202.266315 -91.223494 134.288585
203.641875 -92.279533 135.284886
205.017435 -93.335572 136.281187
206.392995 -94.391611 137.277489
207.768555 -95.447651 138.273790
209.144115 -96.503690 139.270091
210.519675 -97.559729 140.266392
211.895234 -98.615768 141.262694
213.270794 -99.671807 142.258995
214.646354 -100.727847 143.255296
216.021914 -101.783886 144.251598
217.397474 -102.839925 145.247899
218.773034 -103.895964 146.244200
220.148594 -104.952003 147.240502
221.524153 -106.008043 148.236803
222.899713 -107.064082 149.233104
224.275273 -108.120121 150.229406
225.650833 -109.176160 151.225707
227.026393 -110.232199 152.222008
228.401953 -111.288239 153.218310
229.777512 -112.344278 154.214611
231.153072 -113.400317 155.210912
232.528632 -114.456356 156.207213
233.904192 -115.512395 157.203515
235.279752 -116.568435 158.199816
236.655312 -117.624474 159.196117
238.030872 -118.680513 160.192419
239.406431 -119.736552 161.188720
240.781991 -120.792591 162.185021
242.157551 -121.848631 163.181323
243.533111 -122.904670 164.177624
244.908671 -123.960709 165.173925
246.284231 -125.016748 166.170227
247.659790 -126.072788 167.166528
249.035350 -127.128827 168.162829
250.410910 -128.184866 169.159130
251.786470 -129.240905 170.155432
253.162030 -130.296944 171.151733
254.537590 -131.352984 172.148034
255.913150 -132.409023 173.144336
257.288709 -133.465062 174.140637
258.664269 -134.521101 175.136938
260.039829 -135.577140 176.133240
261.415389 -136.633180 177.129541
262.790949 -137.689219 178.125842
264.166509 -138.745258 179.122144
265.542068 -139.801297 180.118445
266.917628 -140.857336 181.114746
268.293188 -141.913376 182.111048
269.668748 -142.969415 183.107349
271.044308 -144.025454 184.103650
272.419868 -145.081493 185.099951
273.795428 -146.137532 186.096253
275.170987 -147.193572 187.092554
276.546547 -148.249611 188.088855
277.922107 -149.305650 189.085157
279.297667 -150.361689 190.081458
280.673227 -151.417728 191.077759
235.817845 -74.593779 -19.147143
234.912333 -76.320424 -19.592952
234.006820 -78.047068 -20.038762
233.101308 -79.773713 -20.484572
232.195796 -81.500358 -20.930381
231.290284 -83.227002 -21.376191
230.384772 -84.953647 -21.822001
229.479260 -86.680292 -22.267810
228.573748 -88.406936 -22.713620
227.668236 -90.133581 -23.159430
226.762724 -91.860226 -23.605239
225.857212 -93.586870 -24.051049
224.951700 -95.313515 -24.496859
224.046188 -97.040159 -24.942668
223.140676 -98.766804 -25.388478
222.235164 -100.493449 -25.834288
221.329652 -102.220093 -26.280098
220.424140 -103.946738 -26.725907
219.518628 -105.673383 -27.171717
218.613116 -107.400027 -27.617527
217.707604 -109.126672 -28.063336
216.802092 -110.853317 -28.509146
215.896580 -112.579961 -28.954956
214.991068 -114.306606 -29.400765
214.085556 -116.033250 -29.846575
213.180044 -117.759895 -30.292385
212.274532 -119.486540 -30.738194
211.369020 -121.213184 -31.184004
210.463508 -122.939829 -31.629814
209.557996 -124.666474 -32.075624
208.652484 -126.393118 -32.521433
207.746972 -128.119763 -32.967243
206.841460 -129.846408 -33.413053
205.935948 -131.573052 -33.858862
205.030436 -133.299697 -34.304672
204.124924 -135.026341 -34.750482
203.219412 -136.752986 -35.196291
202.313900 -138.479631 -35.642101
201.408388 -140.206275 -36.087911
200.502876 -141.932920 -36.533720
199.597364 -143.659565 -36.979530
198.691852 -145.386209 -37.425340
197.786340 -147.112854 -37.871149
196.880828 -148.839499 -38.316959
195.975316 -150.566143 -38.762769
195.069804 -152.292788 -39.208579
194.164292 -154.019432 -39.654388
193.258780 -155.746077 -40.100198
192.353268 -157.472722 -40.546008
191.447756 -159.199366 -40.991817
190.542244 -160.926011 -41.437627
189.636732 -162.652656 -41.883437
188.731220 -164.379300 -42.329246
187.825708 -166.105945 -42.775056
186.920196 -167.832590 -43.220866
186.014684 -169.559234 -43.666675
185.109171 -171.285879 -44.112485
184.203659 -173.012523 -44.558295
183.298147 -174.739168 -45.004105
182.392635 -176.465813 -45.449914
181.487123 -178.192457 -45.895724
180.581611 -179.919102 -46.341534
179.676099 -181.645747 -46.787343
178.770587 -183.372391 -47.233153
177.865075 -185.099036 -47.678963
176.959563 -186.825681 -48.124772
176.054051 -188.552325 -48.570582
175.148539 -190.278970 -49.016392
174.243027 -192.005614 -49.462201
173.337515 -193.732259 -49.908011
239.551378 188.127261 36.599990
239.443825 186.135539 36.746531
239.336271 184.143816 36.893072
239.228718 182.152094 37.039612
239.121165 180.160371 37.186153
239.013612 178.168649 37.332694
238.906059 176.176927 37.479235
238.798506 174.185204 37.625776
238.690953 172.193482 37.772317
238.583400 170.201759 37.918858
238.475847 168.210037 38.065399
238.368294 166.218315 38.211940
238.260741 164.226592 38.358481
238.153188 162.234870 38.505022
238.045635 160.243147 38.651563
237.938082 158.251425 38.798103
237.830529 156.259703 38.944644
237.722976 154.267980 39.091185
237.615423 152.276258 39.237726
237.507870 150.284535 39.384267
237.400317 148.292813 39.530808
237.292764 146.301091 39.677349
237.185211 144.309368 39.823890
237.077658 142.317646 39.970431
236.970105 140.325923 40.116972
236.862552 138.334201 40.263513
236.754999 136.342479 40.410054
236.647446 134.350756 40.556594
236.539893 132.359034 40.703135
236.432340 130.367311 40.849676
236.324786 128.375589 40.996217
236.217233 126.383867 41.142758
236.109680 124.392144 41.289299
236.002127 122.400422 41.435840
235.894574 120.408699 41.582381
235.787021 118.416977 41.728922
235.679468 116.425255 41.875463
235.571915 114.433532 42.022004
235.464362 112.441810 42.168545
235.356809 110.450087 42.315085
235.249256 108.458365 42.461626
235.141703 106.466643 42.608167
235.034150 104.474920 42.754708
234.926597 102.483198 42.901249
234.819044 100.491475 43.047790
234.711491 98.499753 43.194331
234.603938 96.508031 43.340872
234.496385 94.516308 43.487413
234.388832 92.524586 43.633954
234.281279 90.532863 43.780495
234.173726 88.541141 43.927036
234.066173 86.549419 44.073576
233.958620 84.557696 44.220117
233.851067 82.565974 44.366658
233.743514 80.574252 44.513199
233.635961 78.582529 44.659740
233.528408 76.590807 44.806281
233.420855 74.599084 44.952822
233.313302 72.607362 45.099363
233.205748 70.615640 45.245904
233.098195 68.623917 45.392445
232.990642 66.632195 45.538986
232.883089 64.640472 45.685527
232.775536 62.648750 45.832067
232.667983 60.657028 45.978608
232.560430 58.665305 46.125149
232.452877 56.673583 46.271690
232.345324 54.681860 46.418231
232.237771 52.690138 46.564772
232.130218 50.698416 46.711313
-122.905201 -260.430487 -253.146678
-123.421120 -259.060817 -251.783655
-123.937040 -257.691148 -250.420632
-124.452960 -256.321478 -249.057609
-124.968879 -254.951808 -247.694586
-125.484799 -253.582138 -246.331563
-126.000718 -252.212469 -244.968540
-126.516638 -250.842799 -243.605517
-127.032558 -249.473129 -242.242494
-127.548477 -248.103460 -240.879471
-128.064397 -246.733790 -239.516448
-128.580317 -245.364120 -238.153425
-129.096236 -243.994451 -236.790401
-129.612156 -242.624781 -235.427378
-130.128076 -241.255111 -234.064355
-130.643995 -239.885441 -232.701332
-131.159915 -238.515772 -231.338309
-131.675835 -237.146102 -229.975286
-132.191754 -235.776432 -228.612263
-132.707674 -234.406763 -227.249240
-133.223594 -233.037093 -225.886217
-133.739513 -231.667423 -224.523194
-134.255433 -230.297754 -223.160171
-134.771353 -228.928084 -221.797148
-135.287272 -227.558414 -220.434125
-135.803192 -226.188744 -219.071102
-136.319112 -224.819075 -217.708079
-136.835031 -223.449405 -216.345056
-137.350951 -222.079735 -214.982033
-137.866871 -220.710066 -213.619010
-138.382790 -219.340396 -212.255987
-138.898710 -217.970726 -210.892964
-139.414630 -216.601056 -209.529941
-139.930549 -215.231387 -208.166918
-140.446469 -213.861717 -206.803895
-140.962389 -212.492047 -205.440872
-141.478308 -211.122378 -204.077849
-141.994228 -209.752708 -202.714826
-142.510148 -208.383038 -201.351802
-143.026067 -207.013369 -199.988779
-143.541987 -205.643699 -198.625756
-144.057907 -204.274029 -197.262733
-144.573826 -202.904359 -195.899710
-145.089746 -201.534690 -194.536687
-145.605666 -200.165020 -193.173664
-146.121585 -198.795350 -191.810641
-146.637505 -197.425681 -190.447618
-147.153425 -196.056011 -189.084595
-147.669344 -194.686341 -187.721572
-148.185264 -193.316672 -186.358549
-148.701184 -191.947002 -184.995526
-149.217103 -190.577332 -183.632503
-149.733023 -189.207662 -182.269480
-150.248943 -187.837993 -180.906457
-150.764862 -186.468323 -179.543434
-151.280782 -185.098653 -178.180411
-151.796702 -183.728984 -176.817388
-152.312621 -182.359314 -175.454365
-152.828541 -180.989644 -174.091342
-153.344461 -179.619974 -172.728319
-153.860380 -178.250305 -171.365296
-154.376300 -176.880635 -170.002273
-154.892220 -175.510965 -168.639250
-155.408139 -174.141296 -167.276227
-155.924059 -172.771626 -165.913203
-156.439979 -171.401956 -164.550180
-156.955898 -170.032287 -163.187157
-157.471818 -168.662617 -161.824134
-157.987738 -167.292947 -160.461111
-158.503657 -165.923277 -159.098088
53.369556 192.111290 -9.230976
52.028341 191.486309 -7.885413
50.687125 190.861328 -6.539850
49.345909 190.236346 -5.194288
48.004693 189.611365 -3.848725
46.663478 188.986384 -2.503163
45.322262 188.361403 -1.157600
43.981046 187.736421 0.187963
42.639830 187.111440 1.533525
41.298615 186.486459 2.879088
39.957399 185.861477 4.224650
38.616183 185.236496 5.570213
37.274967 184.611515 6.915776
35.933752 183.986534 8.261338
34.592536 183.361552 9.606901
33.251320 182.736571 10.952463
31.910104 182.111590 12.298026
30.568889 181.486608 13.643589
29.227673 180.861627 14.989151
27.886457 180.236646 16.334714
26.545241 179.611665 17.680276
25.204026 178.986683 19.025839
23.862810 178.361702 20.371401
22.521594 177.736721 21.716964
21.180378 177.111740 23.062527
19.839162 176.486758 24.408089
18.497947 175.861777 25.753652
17.156731 175.236796 27.099214
15.815515 174.611814 28.444777
14.474299 173.986833 29.790340
13.133084 173.361852 31.135902
11.791868 172.736871 32.481465
10.450652 172.111889 33.827027
9.109436 171.486908 35.172590
7.768221 170.861927 36.518153
6.427005 170.236946 37.863715
5.085789 169.611964 39.209278
3.744573 168.986983 40.554840
2.403358 168.362002 41.900403
1.062142 167.737020 43.245966
-0.279074 167.112039 44.591528
-1.620290 166.487058 45.937091
-2.961505 165.862077 47.282653
-4.302721 165.237095 48.628216
-5.643937 164.612114 49.973779
-6.985153 163.987133 51.319341
-8.326368 163.362151 52.664904
-9.667584 162.737170 54.010466
-11.008800 162.112189 55.356029
-12.350016 161.487208 56.701591
-13.691232 160.862226 58.047154
-15.032447 160.237245 59.392717
-16.373663 159.612264 60.738279
-17.714879 158.987283 62.083842
-19.056095 158.362301 63.429404
-20.397310 157.737320 64.774967
-21.738526 157.112339 66.120530
-23.079742 156.487357 67.466092
-24.420958 155.862376 68.811655
-25.762173 155.237395 70.157217
-27.103389 154.612414 71.502780
-28.444605 153.987432 72.848343
-29.785821 153.362451 74.193905
-31.127036 152.737470 75.539468
-32.468252 152.112489 76.885030
-33.809468 151.487507 78.230593
-35.150684 150.862526 79.576156
-36.491899 150.237545 80.921718
-37.833115 149.612563 82.267281
-39.174331 148.987582 83.612843
-53.422369 130.114091 -33.201379
-54.843591 130.270304 -31.802906
-56.264813 130.426518 -30.404433
-57.686034 130.582732 -29.005960
-59.107256 130.738946 -27.607487
-60.528477 130.895159 -26.209014
-61.949699 131.051373 -24.810541
-63.370920 131.207587 -23.412069
-64.792142 131.363801 -22.013596
-66.213363 131.520014 -20.615123
-67.634585 131.676228 -19.216650
-69.055806 131.832442 -17.818177
-70.477028 131.988656 -16.419704
-71.898250 132.144869 -15.021231
-73.319471 132.301083 -13.622758
-74.740693 132.457297 -12.224285
-76.161914 132.613510 -10.825812
-77.583136 132.769724 -9.427339
-79.004357 132.925938 -8.028866
-80.425579 133.082152 -6.630393
-81.846800 133.238365 -5.231920
-83.268022 133.394579 -3.833447
-84.689244 133.550793 -2.434974
-86.110465 133.707007 -1.036501
-87.531687 133.863220 0.361972
-88.952908 134.019434 1.760444
-90.374130 134.175648 3.158917
-91.795351 134.331861 4.557390
-93.216573 134.488075 5.955863
-94.637794 134.644289 7.354336
-96.059016 134.800503 8.752809
-97.480237 134.956716 10.151282
-98.901459 135.112930 11.549755
-100.322681 135.269144 12.948228
-101.743902 135.425358 14.346701
-103.165124 135.581571 15.745174
-104.586345 135.737785 17.143647
-106.007567 135.893999 18.542120
-107.428788 136.050212 19.940593
-108.850010 136.206426 21.339066
-110.271231 136.362640 22.737539
-111.692453 136.518854 24.136012
-113.113674 136.675067 25.534485
-114.534896 136.831281 26.932958
-115.956118 136.987495 28.331430
-117.377339 137.143709 29.729903
-118.798561 137.299922 31.128376
-120.219782 137.456136 32.526849
-121.641004 137.612350 33.925322
-123.062225 137.768564 35.323795
-124.483447 137.924777 36.722268
-125.904668 138.080991 38.120741
-127.325890 138.237205 39.519214
-128.747112 138.393418 40.917687
-130.168333 138.549632 42.316160
-131.589555 138.705846 43.714633
-133.010776 138.862060 45.113106
-134.431998 139.018273 46.511579
-135.853219 139.174487 47.910052
-137.274441 139.330701 49.308525
-138.695662 139.486915 50.706998
-140.116884 139.643128 52.105471
-141.538105 139.799342 53.503944
-142.959327 139.955556 54.902416
-144.380549 140.111769 56.300889
-145.801770 140.267983 57.699362
-147.222992 140.424197 59.097835
-148.644213 140.580411 60.496308
-150.065435 140.736624 61.894781
-151.486656 140.892838 63.293254
-101.016763 -292.857425 152.014876
-99.914938 -291.191631 151.909468
-98.813112 -289.525836 151.804061
-97.711287 -287.860042 151.698654
-96.609462 -286.194248 151.593246
-95.507637 -284.528454 151.487839
-94.405811 -282.862660 151.382431
-93.303986 -281.196865 151.277024
-92.202161 -279.531071 151.171617
-91.100335 -277.865277 151.066209
-89.998510 -276.199483 150.960802
-88.896685 -274.533689 150.855395
-87.794859 -272.867894 150.749987
-86.693034 -271.202100 150.644580
-85.591209 -269.536306 150.539173
-84.489384 -267.870512 150.433765
-83.387558 -266.204718 150.328358
-82.285733 -264.538923 150.222951
-81.183908 -262.873129 150.117543
-80.082082 -261.207335 150.012136
-78.980257 -259.541541 149.906729
-77.878432 -257.875747 149.801321
-76.776606 -256.209952 149.695914
-75.674781 -254.544158 149.590507
-74.572956 -252.878364 149.485099
-73.471131 -251.212570 149.379692
-72.369305 -249.546776 149.274284
-71.267480 -247.880981 149.168877
-70.165655 -246.215187 149.063470
-69.063829 -244.549393 148.958062
-67.962004 -242.883599 148.852655
-66.860179 -241.217805 148.747248
-65.758353 -239.552010 148.641840
-64.656528 -237.886216 148.536433
-63.554703 -236.220422 148.431026
-62.452878 -234.554628 148.325618
-61.351052 -232.888834 148.220211
-60.249227 -231.223039 148.114804
-59.147402 -229.557245 148.009396
-58.045576 -227.891451 147.903989
-56.943751 -226.225657 147.798582
-55.841926 -224.559863 147.693174
-54.740100 -222.894068 147.587767
-53.638275 -221.228274 147.482360
-52.536450 -219.562480 147.376952
-51.434625 -217.896686 147.271545
-50.332799 -216.230892 147.166137
-49.230974 -214.565098 147.060730
-48.129149 -212.899303 146.955323
-47.027323 -211.233509 146.849915
-45.925498 -209.567715 146.744508
-44.823673 -207.901921 146.639101
-43.721847 -206.236127 146.533693
-42.620022 -204.570332 146.428286
-41.518197 -202.904538 146.322879
-40.416372 -201.238744 146.217471
-39.314546 -199.572950 146.112064
-38.212721 -197.907156 146.006657
-37.110896 -196.241361 145.901249
-36.009070 -194.575567 145.795842
-34.907245 -192.909773 145.690435
-33.805420 -191.243979 145.585027
-32.703595 -189.578185 145.479620
-31.601769 -187.912390 145.374213
-30.499944 -186.246596 145.268805
-29.398119 -184.580802 145.163398
-28.296293 -182.915008 145.057991
-27.194468 -181.249214 144.952583
-26.092643 -179.583419 144.847176
-24.990817 -177.917625 144.741768
-94.032046 -173.431021 -82.495136
-92.450046 -174.191184 -81.536268
-90.868045 -174.951346 -80.577400
-89.286045 -175.711508 -79.618532
-87.704045 -176.471671 -78.659664
-86.122044 -177.231833 -77.700796
-84.540044 -177.991996 -76.741928
-82.958043 -178.752158 -75.783060
-81.376043 -179.512320 -74.824192
-79.794043 -180.272483 -73.865324
-78.212042 -181.032645 -72.906456
-76.630042 -181.792807 -71.947588
-75.048041 -182.552970 -70.988720
-73.466041 -183.313132 -70.029852
-71.884041 -184.073295 -69.070984
-70.302040 -184.833457 -68.112116
-68.720040 -185.593619 -67.153248
-67.138039 -186.353782 -66.194380
-65.556039 -187.113944 -65.235512
-63.974039 -187.874107 -64.276644
-62.392038 -188.634269 -63.317776
-60.810038 -189.394431 -62.358908
-59.228037 -190.154594 -61.400040
-57.646037 -190.914756 -60.441172
-56.064037 -191.674918 -59.482304
-54.482036 -192.435081 -58.523436
-52.900036 -193.195243 -57.564568
-51.318035 -193.955406 -56.605700
-49.736035 -194.715568 -55.646832
-48.154035 -195.475730 -54.687964
-46.572034 -196.235893 -53.729096
-44.990034 -196.996055 -52.770228
-43.408033 -197.756217 -51.811359
-41.826033 -198.516380 -50.852491
-40.244032 -199.276542 -49.893623
-38.662032 -200.036705 -48.934755
-37.080032 -200.796867 -47.975887
-35.498031 -201.557029 -47.017019
-33.916031 -202.317192 -46.058151
-32.334030 -203.077354 -45.099283
-30.752030 -203.837517 -44.140415
-29.170030 -204.597679 -43.181547
-27.588029 -205.357841 -42.222679
-26.006029 -206.118004 -41.263811
-24.424028 -206.878166 -40.304943
-22.842028 -207.638328 -39.346075
-21.260028 -208.398491 -38.387207
-19.678027 -209.158653 -37.428339
-18.096027 -209.918816 -36.469471
-16.514026 -210.678978 -35.510603
-14.932026 -211.439140 -34.551735
-13.350026 -212.199303 -33.592867
-11.768025 -212.959465 -32.633999
-10.186025 -213.719627 -31.675131
-8.604024 -214.479790 -30.716263
-7.022024 -215.239952 -29.757395
-5.440024 -216.000115 -28.798527
-3.858023 -216.760277 -27.839659
-2.276023 -217.520439 -26.880791
-0.694022 -218.280602 -25.921923
0.887978 -219.040764 -24.963055
2.469978 -219.800927 -24.004187
4.051979 -220.561089 -23.045319
5.633979 -221.321251 -22.086451
7.215980 -222.081414 -21.127583
8.797980 -222.841576 -20.168715
10.379981 -223.601738 -19.209847
11.961981 -224.361901 -18.250979
13.543981 -225.122063 -17.292111
15.125982 -225.882226 -16.333243
-108.899509 -44.236949 -0.860666
-108.870970 -42.641180 0.344618
-108.842432 -41.045412 1.549902
-108.813894 -39.449643 2.755185
-108.785356 -37.853875 3.960469
-108.756818 -36.258107 5.165753
-108.728279 -34.662338 6.371036
-108.699741 -33.066570 7.576320
-108.671203 -31.470801 8.781604
-108.642665 -29.875033 9.986888
-108.614126 -28.279264 11.192171
-108.585588 -26.683496 12.397455
-108.557050 -25.087728 13.602739
-108.528512 -23.491959 14.808022
-108.499974 -21.896191 16.013306
-108.471435 -20.300422 17.218590
-108.442897 -18.704654 18.423873
-108.414359 -17.108886 19.629157
-108.385821 -15.513117 20.834441
-108.357283 -13.917349 22.039724
-108.328744 -12.321580 23.245008
-108.300206 -10.725812 24.450292
-108.271668 -9.130044 25.655575
-108.243130 -7.534275 26.860859
-108.214591 -5.938507 28.066143
-108.186053 -4.342738 29.271426
-108.157515 -2.746970 30.476710
-108.128977 -1.151201 31.681994
-108.100439 0.444567 32.887277
-108.071900 2.040335 34.092561
-108.043362 3.636104 35.297845
-108.014824 5.231872 36.503128
-107.986286 6.827641 37.708412
-107.957747 8.423409 38.913696
-107.929209 10.019177 40.118979
-107.900671 11.614946 41.324263
-107.872133 13.210714 42.529547
-107.843595 14.806483 43.734830
-107.815056 16.402251 44.940114
-107.786518 17.998019 46.145398
-107.757980 19.593788 47.350681
-107.729442 21.189556 48.555965
-107.700904 22.785325 49.761249
-107.672365 24.381093 50.966533
-107.643827 25.976862 52.171816
-107.615289 27.572630 53.377100
-107.586751 29.168398 54.582384
-107.558212 30.764167 55.787667
-107.529674 32.359935 56.992951
-107.501136 33.955704 58.198235
-107.472598 35.551472 59.403518
-107.444060 37.147240 60.608802
-107.415521 38.743009 61.814086
-107.386983 40.338777 63.019369
-107.358445 41.934546 64.224653
-107.329907 43.530314 65.429937
-107.301369 45.126083 66.635220
-107.272830 46.721851 67.840504
-107.244292 48.317619 69.045788
-107.215754 49.913388 70.251071
-107.187216 51.509156 71.456355
-107.158677 53.104925 72.661639
-107.130139 54.700693 73.866922
-107.101601 56.296461 75.072206
-107.073063 57.892230 76.277490
-107.044525 59.487998 77.482773
-107.015986 61.083767 78.688057
-106.987448 62.679535 79.893341
-106.958910 64.275303 81.098624
-106.930372 65.871072 82.303908
-123.333727 105.077013 182.039663
-121.954488 106.515466 182.208636
-120.575250 107.953920 182.377609
-119.196011 109.392374 182.546582
-117.816772 110.830827 182.715556
-116.437534 112.269281 182.884529
-115.058295 113.707734 183.053502
-113.679056 115.146188 183.222475
-112.299818 116.584642 183.391448
-110.920579 118.023095 183.560421
-109.541340 119.461549 183.729394
-108.162102 120.900002 183.898367
-106.782863 122.338456 184.067340
-105.403624 123.776910 184.236313
-104.024386 125.215363 184.405286
-102.645147 126.653817 184.574259
-101.265908 128.092270 184.743232
-99.886670 129.530724 184.912205
-98.507431 130.969178 185.081179
-97.128192 132.407631 185.250152
-95.748953 133.846085 185.419125
-94.369715 135.284538 185.588098
-92.990476 136.722992 185.757071
-91.611237 138.161446 185.926044
-90.231999 139.599899 186.095017
-88.852760 141.038353 186.263990
-87.473521 142.476806 186.432963
-86.094283 143.915260 186.601936
-84.715044 145.353714 186.770909
-83.335805 146.792167 186.939882
-81.956567 148.230621 187.108855
-80.577328 149.669074 187.277828
-79.198089 151.107528 187.446801
-77.818851 152.545982 187.615775
-76.439612 153.984435 187.784748
-75.060373 155.422889 187.953721
-73.681135 156.861342 188.122694
-72.301896 158.299796 188.291667
-70.922657 159.738250 188.460640
-69.543419 161.176703 188.629613
-68.164180 162.615157 188.798586
-66.784941 164.053610 188.967559
-65.405702 165.492064 189.136532
-64.026464 166.930518 189.305505
-62.647225 168.368971 189.474478
-61.267986 169.807425 189.643451
-59.888748 171.245878 189.812424
-58.509509 172.684332 189.981398
-57.130270 174.122786 190.150371
-55.751032 175.561239 190.319344
-54.371793 176.999693 190.488317
-52.992554 178.438146 190.657290
-51.613316 179.876600 190.826263
-50.234077 181.315054 190.995236
-48.854838 182.753507 191.164209
-47.475600 184.191961 191.333182
-46.096361 185.630414 191.502155
-44.717122 187.068868 191.671128
-43.337884 188.507322 191.840101
-41.958645 189.945775 192.009074
-40.579406 191.384229 192.178047
-39.200168 192.822682 192.347021
-37.820929 194.261136 192.515994
-36.441690 195.699590 192.684967
-35.062451 197.138043 192.853940
-33.683213 198.576497 193.022913
-32.303974 200.014950 193.191886
-30.924735 201.453404 193.360859
-29.545497 202.891858 193.529832
-28.166258 204.330311 193.698805
-41.751847 112.026522 241.180086
-43.109930 110.564573 241.044744
-44.468013 109.102625 240.909402
-45.826095 107.640676 240.774060
-47.184178 106.178727 240.638719
-48.542261 104.716779 240.503377
-49.900344 103.254830 240.368035
-51.258426 101.792881 240.232693
-52.616509 100.330933 240.097351
-53.974592 98.868984 239.962010
-55.332675 97.407036 239.826668
-56.690757 95.945087 239.691326
-58.048840 94.483138 239.555984
-59.406923 93.021190 239.420642
-60.765006 91.559241 239.285301
-62.123089 90.097292 239.149959
-63.481171 88.635344 239.014617
-64.839254 87.173395 238.879275
-66.197337 85.711447 238.743934
-67.555420 84.249498 238.608592
-68.913502 82.787549 238.473250
-70.271585 81.325601 238.337908
-71.629668 79.863652 238.202566
-72.987751 78.401703 238.067225
-74.345833 76.939755 237.931883
-75.703916 75.477806 237.796541
-77.061999 74.015858 237.661199
-78.420082 72.553909 237.525857
-79.778165 71.091960 237.390516
-81.136247 69.630012 237.255174
-82.494330 68.168063 237.119832
-83.852413 66.706114 236.984490
-85.210496 65.244166 236.849148
-86.568578 63.782217 236.713807
-87.926661 62.320269 236.578465
-89.284744 60.858320 236.443123
-90.642827 59.396371 236.307781
-92.000909 57.934423 236.172439
-93.358992 56.472474 236.037098
-94.717075 55.010525 235.901756
-96.075158 53.548577 235.766414
-97.433241 52.086628 235.631072
-98.791323 50.624680 235.495731
-100.149406 49.162731 235.360389
-101.507489 47.700782 235.225047
-102.865572 46.238834 235.089705
-104.223654 44.776885 234.954363
-105.581737 43.314936 234.819022
-106.939820 41.852988 234.683680
-108.297903 40.391039 234.548338
-109.655985 38.929090 234.412996
-111.014068 37.467142 234.277654
-112.372151 36.005193 234.142313
-113.730234 34.543245 234.006971
-115.088317 33.081296 233.871629
-116.446399 31.619347 233.736287
-117.804482 30.157399 233.600945
-119.162565 28.695450 233.465604
-120.520648 27.233501 233.330262
-121.878730 25.771553 233.194920
-123.236813 24.309604 233.059578
-124.594896 22.847656 232.924236
-125.952979 21.385707 232.788895
-127.311061 19.923758 232.653553
-128.669144 18.461810 232.518211
-130.027227 16.999861 232.382869
-131.385310 15.537912 232.247528
-132.743393 14.075964 232.112186
-134.101475 12.614015 231.976844
-135.459558 11.152067 231.841502
107.476895 181.516479 -191.788481
105.966933 182.744661 -191.328496
104.456971 183.972842 -190.868512
102.947009 185.201024 -190.408527
101.437047 186.429205 -189.948543
99.927086 187.657386 -189.488558
98.417124 188.885568 -189.028573
96.907162 190.113749 -188.568589
95.397200 191.341931 -188.108604
93.887239 192.570112 -187.648619
92.377277 193.798293 -187.188635
90.867315 195.026475 -186.728650
89.357353 196.254656 -186.268666
87.847391 197.482838 -185.808681
86.337430 198.711019 -185.348696
84.827468 199.939200 -184.888712
83.317506 201.167382 -184.428727
81.807544 202.395563 -183.968743
80.297583 203.623745 -183.508758
78.787621 204.851926 -183.048773
77.277659 206.080107 -182.588789
75.767697 207.308289 -182.128804
74.257735 208.536470 -181.668819
72.747774 209.764652 -181.208835
71.237812 210.992833 -180.748850
69.727850 212.221014 -180.288866
68.217888 213.449196 -179.828881
66.707926 214.677377 -179.368896
65.197965 215.905559 -178.908912
63.688003 217.133740 -178.448927
62.178041 218.361921 -177.988942
60.668079 219.590103 -177.528958
59.158118 220.818284 -177.068973
57.648156 222.046466 -176.608989
56.138194 223.274647 -176.149004
54.628232 224.502828 -175.689019
53.118270 225.731010 -175.229035
51.608309 226.959191 -174.769050
50.098347 228.187373 -174.309065
48.588385 229.415554 -173.849081
47.078423 230.643735 -173.389096
45.568461 231.871917 -172.929112
44.058500 233.100098 -172.469127
42.548538 234.328280 -172.009142
41.038576 235.556461 -171.549158
39.528614 236.784642 -171.089173
38.018653 238.012824 -170.629188
36.508691 239.241005 -170.169204
34.998729 240.469187 -169.709219
33.488767 241.697368 -169.249235
31.978805 242.925549 -168.789250
30.468844 244.153731 -168.329265
28.958882 245.381912 -167.869281
27.448920 246.610094 -167.409296
25.938958 247.838275 -166.949311
24.428996 249.066456 -166.489327
22.919035 250.294638 -166.029342
21.409073 251.522819 -165.569358
19.899111 252.751001 -165.109373
18.389149 253.979182 -164.649388
16.879188 255.207363 -164.189404
15.369226 256.435545 -163.729419
13.859264 257.663726 -163.269434
12.349302 258.891908 -162.809450
10.839340 260.120089 -162.349465
9.329379 261.348270 -161.889481
7.819417 262.576452 -161.429496
6.309455 263.804633 -160.969511
4.799493 265.032815 -160.509527
3.289531 266.260996 -160.049542
222.273912 -239.516276 57.885887
222.367920 -237.789274 58.890190
222.461928 -236.062272 59.894494
222.555936 -234.335270 60.898798
222.649944 -232.608268 61.903102
222.743952 -230.881266 62.907406
222.837960 -229.154264 63.911710
222.931968 -227.427262 64.916014
223.025976 -225.700260 65.920318
223.119985 -223.973257 66.924622
223.213993 -222.246255 67.928925
223.308001 -220.519253 68.933229
223.402009 -218.792251 69.937533
223.496017 -217.065249 70.941837
223.590025 -215.338247 71.946141
223.684033 -213.611245 72.950445
223.778041 -211.884243 73.954749
223.872049 -210.157241 74.959053
223.966057 -208.430239 75.963356
224.060065 -206.703237 76.967660
224.154073 -204.976235 77.971964
224.248081 -203.249233 78.976268
224.342089 -201.522230 79.980572
224.436097 -199.795228 80.984876
224.530105 -198.068226 81.989180
224.624113 -196.341224 82.993484
224.718121 -194.614222 83.997788
224.812129 -192.887220 85.002091
224.906137 -191.160218 86.006395
225.000145 -189.433216 87.010699
225.094153 -187.706214 88.015003
225.188161 -185.979212 89.019307
225.282169 -184.252210 90.023611
225.376177 -182.525208 91.027915
225.470185 -180.798205 92.032219
225.564194 -179.071203 93.036523
225.658202 -177.344201 94.040826
225.752210 -175.617199 95.045130
225.846218 -173.890197 96.049434
225.940226 -172.163195 97.053738
226.034234 -170.436193 98.058042
226.128242 -168.709191 99.062346
226.222250 -166.982189 100.066650
226.316258 -165.255187 101.070954
226.410266 -163.528185 102.075258
226.504274 -161.801183 103.079561
226.598282 -160.074180 104.083865
226.692290 -158.347178 105.088169
226.786298 -156.620176 106.092473
226.880306 -154.893174 107.096777
226.974314 -153.166172 108.101081
227.068322 -151.439170 109.105385
227.162330 -149.712168 110.109689
227.256338 -147.985166 111.113992
227.350346 -146.258164 112.118296
227.444354 -144.531162 113.122600
227.538362 -142.804160 114.126904
227.632370 -141.077158 115.131208
227.726378 -139.350155 116.135512
227.820386 -137.623153 117.139816
227.914394 -135.896151 118.144120
228.008402 -134.169149 119.148424
228.102411 -132.442147 120.152727
228.196419 -130.715145 121.157031
228.290427 -128.988143 122.161335
228.384435 -127.261141 123.165639
228.478443 -125.534139 124.169943
228.572451 -123.807137 125.174247
228.666459 -122.080135 126.178551
228.760467 -120.353133 127.182855
60.373576 -243.462584 37.155896
58.829005 -243.694962 38.405017
57.284435 -243.927339 39.654138
55.739864 -244.159716 40.903259
54.195294 -244.392094 42.152380
52.650723 -244.624471 43.401501
51.106153 -244.856848 44.650621
49.561583 -245.089225 45.899742
48.017012 -245.321603 47.148863
46.472442 -245.553980 48.397984
44.927871 -245.786357 49.647105
43.383301 -246.018735 50.896226
41.838730 -246.251112 52.145346
40.294160 -246.483489 53.394467
38.749589 -246.715867 54.643588
37.205019 -246.948244 55.892709
35.660448 -247.180621 57.141830
34.115878 -247.412999 58.390951
32.571308 -247.645376 59.640072
31.026737 -247.877753 60.889192
29.482167 -248.110131 62.138313
27.937596 -248.342508 63.387434
26.393026 -248.574885 64.636555
24.848455 -248.807263 65.885676
23.303885 -249.039640 67.134797
21.759314 -249.272017 68.383918
20.214744 -249.504395 69.633038
18.670173 -249.736772 70.882159
17.125603 -249.969149 72.131280
15.581033 -250.201527 73.380401
14.036462 -250.433904 74.629522
12.491892 -250.666281 75.878643
10.947321 -250.898658 77.127763
9.402751 -251.131036 78.376884
7.858180 -251.363413 79.626005
6.313610 -251.595790 80.875126
4.769039 -251.828168 82.124247
3.224469 -252.060545 83.373368
1.679898 -252.292922 84.622489
0.135328 -252.525300 85.871609
-1.409242 -252.757677 87.120730
-2.953813 -252.990054 88.369851
-4.498383 -253.222432 89.618972
-6.042954 -253.454809 90.868093
-7.587524 -253.687186 92.117214
-9.132095 -253.919564 93.366334
-10.676665 -254.151941 94.615455
-12.221236 -254.384318 95.864576
-13.765806 -254.616696 97.113697
-15.310377 -254.849073 98.362818
-16.854947 -255.081450 99.611939
-18.399518 -255.313828 100.861060
-19.944088 -255.546205 102.110180
-21.488658 -255.778582 103.359301
-23.033229 -256.010959 104.608422
-24.577799 -256.243337 105.857543
-26.122370 -256.475714 107.106664
-27.666940 -256.708091 108.355785
-29.211511 -256.940469 109.604905
-30.756081 -257.172846 110.854026
-32.300652 -257.405223 112.103147
-33.845222 -257.637601 113.352268
-35.389793 -257.869978 114.601389
-36.934363 -258.102355 115.850510
-38.478933 -258.334733 117.099631
-40.023504 -258.567110 118.348751
-41.568074 -258.799487 119.597872
-43.112645 -259.031865 120.846993
-44.657215 -259.264242 122.096114
-46.201786 -259.496619 123.345235
-13.087208 188.663879 -157.363604
-14.462391 190.116071 -157.366994
-15.837574 191.568262 -157.370385
-17.212758 193.020453 -157.373775
-18.587941 194.472645 -157.377166
-19.963124 195.924836 -157.380556
-21.338307 197.377027 -157.383947
-22.713490 198.829219 -157.387337
-24.088673 200.281410 -157.390727
-25.463857 201.733601 -157.394118
-26.839040 203.185793 -157.397508
-28.214223 204.637984 -157.400899
-29.589406 206.090175 -157.404289
-30.964589 207.542367 -157.407679
-32.339773 208.994558 -157.411070
-33.714956 210.446749 -157.414460
-35.090139 211.898941 -157.417851
-36.465322 213.351132 -157.421241
-37.840505 214.803324 -157.424631
-39.215689 216.255515 -157.428022
-40.590872 217.707706 -157.431412
-41.966055 219.159898 -157.434803
-43.341238 220.612089 -157.438193
-44.716421 222.064280 -157.441584
-46.091605 223.516472 -157.444974
-47.466788 224.968663 -157.448364
-48.841971 226.420854 -157.451755
-50.217154 227.873046 -157.455145
-51.592337 229.325237 -157.458536
-52.967521 230.777428 -157.461926
-54.342704 232.229620 -157.465316
-55.717887 233.681811 -157.468707
-57.093070 235.134002 -157.472097
-58.468253 236.586194 -157.475488
-59.843436 238.038385 -157.478878
-61.218620 239.490576 -157.482269
-62.593803 240.942768 -157.485659
-63.968986 242.394959 -157.489049
-65.344169 243.847150 -157.492440
-66.719352 245.299342 -157.495830
-68.094536 246.751533 -157.499221
-69.469719 248.203724 -157.502611
-70.844902 249.655916 -157.506001
-72.220085 251.108107 -157.509392
-73.595268 252.560298 -157.512782
-74.970452 254.012490 -157.516173
-76.345635 255.464681 -157.519563
-77.720818 256.916872 -157.522954
-79.096001 258.369064 -157.526344
-80.471184 259.821255 -157.529734
-81.846368 261.273446 -157.533125
-83.221551 262.725638 -157.536515
-84.596734 264.177829 -157.539906
-85.971917 265.630020 -157.543296
-87.347100 267.082212 -157.546686
-88.722284 268.534403 -157.550077
-90.097467 269.986594 -157.553467
-91.472650 271.438786 -157.556858
-92.847833 272.890977 -157.560248
-94.223016 274.343169 -157.563639
-95.598200 275.795360 -157.567029
-96.973383 277.247551 -157.570419
-98.348566 278.699743 -157.573810
-99.723749 280.151934 -157.577200
-101.098932 281.604125 -157.580591
-102.474115 283.056317 -157.583981
-103.849299 284.508508 -157.587371
-105.224482 285.960699 -157.590762
-106.599665 287.412891 -157.594152
-107.974848 288.865082 -157.597543
-92.594461 51.354984 254.704034
-91.537738 49.673035 254.937242
-90.481016 47.991086 255.170450
-89.424293 46.309138 255.403659
-88.367571 44.627189 255.636867
-87.310848 42.945240 255.870075
-86.254126 41.263292 256.103284
-85.197403 39.581343 256.336492
-84.140680 37.899394 256.569701
-83.083958 36.217445 256.802909
-82.027235 34.535497 257.036117
-80.970513 32.853548 257.269326
-79.913790 31.171599 257.502534
-78.857068 29.489651 257.735742
-77.800345 27.807702 257.968951
-76.743623 26.125753 258.202159
-75.686900 24.443805 258.435367
-74.630178 22.761856 258.668576
-73.573455 21.079907 258.901784
-72.516733 19.397959 259.134992
-71.460010 17.716010 259.368201
-70.403288 16.034061 259.601409
-69.346565 14.352113 259.834617
-68.289843 12.670164 260.067826
-67.233120 10.988215 260.301034
-66.176398 9.306267 260.534243
-65.119675 7.624318 260.767451
-64.062953 5.942369 261.000659
-63.006230 4.260420 261.233868
-61.949508 2.578472 261.467076
-60.892785 0.896523 261.700284
-59.836062 -0.785426 261.933493
-58.779340 -2.467374 262.166701
-57.722617 -4.149323 262.399909
-56.665895 -5.831272 262.633118
-55.609172 -7.513220 262.866326
-54.552450 -9.195169 263.099534
-53.495727 -10.877118 263.332743
-52.439005 -12.559066 263.565951
-51.382282 -14.241015 263.799160
-50.325560 -15.922964 264.032368
-49.268837 -17.604912 264.265576
-48.212115 -19.286861 264.498785
-47.155392 -20.968810 264.731993
-46.098670 -22.650758 264.965201
-45.041947 -24.332707 265.198410
-43.985225 -26.014656 265.431618
-42.928502 -27.696605 265.664826
-41.871780 -29.378553 265.898035
-40.815057 -31.060502 266.131243
-39.758335 -32.742451 266.364451
-38.701612 -34.424399 266.597660
-37.644890 -36.106348 266.830868
-36.588167 -37.788297 267.064076
-35.531444 -39.470245 267.297285
-34.474722 -41.152194 267.530493
-33.417999 -42.834143 267.763702
-32.361277 -44.516091 267.996910
-31.304554 -46.198040 268.230118
-30.247832 -47.879989 268.463327
-29.191109 -49.561937 268.696535
-28.134387 -51.243886 268.929743
-27.077664 -52.925835 269.162952
-26.020942 -54.607783 269.396160
-24.964219 -56.289732 269.629368
-23.907497 -57.971681 269.862577
-22.850774 -59.653630 270.095785
-21.794052 -61.335578 270.328993
-20.737329 -63.017527 270.562202
-19.680607 -64.699476 270.795410
-153.539427 -212.655913 -148.488092
-152.844415 -211.315953 -149.800139
-152.149403 -209.975994 -151.112186
-151.454391 -208.636035 -152.424233
-150.759379 -207.296076 -153.736280
-150.064367 -205.956117 -155.048327
-149.369355 -204.616158 -156.360374
-148.674343 -203.276198 -157.672422
-147.979331 -201.936239 -158.984469
-147.284319 -200.596280 -160.296516
-146.589307 -199.256321 -161.608563
-145.894295 -197.916362 -162.920610
-145.199283 -196.576403 -164.232657
-144.504271 -195.236443 -165.544704
-143.809259 -193.896484 -166.856751
-143.114246 -192.556525 -168.168799
-142.419234 -191.216566 -169.480846
-141.724222 -189.876607 -170.792893
-141.029210 -188.536648 -172.104940
-140.334198 -187.196688 -173.416987
-139.639186 -185.856729 -174.729034
-138.944174 -184.516770 -176.041081
-138.249162 -183.176811 -177.353128
-137.554150 -181.836852 -178.665176
-136.859138 -180.496893 -179.977223
-136.164126 -179.156933 -181.289270
-135.469114 -177.816974 -182.601317
-134.774102 -176.477015 -183.913364
-134.079090 -175.137056 -185.225411
-133.384078 -173.797097 -186.537458
-132.689066 -172.457137 -187.849505
-131.994053 -171.117178 -189.161553
-131.299041 -169.777219 -190.473600
-130.604029 -168.437260 -191.785647
-129.909017 -167.097301 -193.097694
-129.214005 -165.757342 -194.409741
-128.518993 -164.417382 -195.721788
-127.823981 -163.077423 -197.033835
-127.128969 -161.737464 -198.345882
-126.433957 -160.397505 -199.657930
-125.738945 -159.057546 -200.969977
-125.043933 -157.717587 -202.282024
-124.348921 -156.377627 -203.594071
-123.653909 -155.037668 -204.906118
-122.958897 -153.697709 -206.218165
-122.263885 -152.357750 -207.530212
-121.568873 -151.017791 -208.842259
-120.873861 -149.677832 -210.154307
-120.178848 -148.337872 -211.466354
-119.483836 -146.997913 -212.778401
-118.788824 -145.657954 -214.090448
-118.093812 -144.317995 -215.402495
-117.398800 -142.978036 -216.714542
-116.703788 -141.638077 -218.026589
-116.008776 -140.298117 -219.338636
-115.313764 -138.958158 -220.650684
-114.618752 -137.618199 -221.962731
-113.923740 -136.278240 -223.274778
-113.228728 -134.938281 -224.586825
-112.533716 -133.598322 -225.898872
-111.838704 -132.258362 -227.210919
-111.143692 -130.918403 -228.522966
-110.448680 -129.578444 -229.835013
-109.753668 -128.238485 -231.147061
-109.058655 -126.898526 -232.459108
-108.363643 -125.558567 -233.771155
-107.668631 -124.218607 -235.083202
-106.973619 -122.878648 -236.395249
-106.278607 -121.538689 -237.707296
-105.583595 -120.198730 -239.019343
92.015865 18.211855 -145.183466
93.170470 16.779091 -144.399837
94.325075 15.346327 -143.616209
95.479680 13.913563 -142.832580
96.634286 12.480799 -142.048952
97.788891 11.048034 -141.265324
98.943496 9.615270 -140.481695
100.098101 8.182506 -139.698067
101.252706 6.749742 -138.914438
102.407311 5.316977 -138.130810
103.561917 3.884213 -137.347181
104.716522 2.451449 -136.563553
105.871127 1.018685 -135.779924
107.025732 -0.414079 -134.996296
108.180337 -1.846844 -134.212667
109.334942 -3.279608 -133.429039
110.489548 -4.712372 -132.645411
111.644153 -6.145136 -131.861782
112.798758 -7.577901 -131.078154
113.953363 -9.010665 -130.294525
115.107968 -10.443429 -129.510897
116.262574 -11.876193 -128.727268
117.417179 -13.308958 -127.943640
118.571784 -14.741722 -127.160011
119.726389 -16.174486 -126.376383
120.880994 -17.607250 -125.592754
122.035599 -19.040014 -124.809126
123.190205 -20.472779 -124.025498
124.344810 -21.905543 -123.241869
125.499415 -23.338307 -122.458241
126.654020 -24.771071 -121.674612
127.808625 -26.203836 -120.890984
128.963231 -27.636600 -120.107355
130.117836 -29.069364 -119.323727
131.272441 -30.502128 -118.540098
132.427046 -31.934892 -117.756470
133.581651 -33.367657 -116.972841
134.736256 -34.800421 -116.189213
135.890862 -36.233185 -115.405585
137.045467 -37.665949 -114.621956
138.200072 -39.098714 -113.838328
139.354677 -40.531478 -113.054699
140.509282 -41.964242 -112.271071
141.663888 -43.397006 -111.487442
142.818493 -44.829770 -110.703814
143.973098 -46.262535 -109.920185
145.127703 -47.695299 -109.136557
146.282308 -49.128063 -108.352928
147.436913 -50.560827 -107.569300
148.591519 -51.993592 -106.785672
149.746124 -53.426356 -106.002043
150.900729 -54.859120 -105.218415
152.055334 -56.291884 -104.434786
153.209939 -57.724648 -103.651158
154.364545 -59.157413 -102.867529
155.519150 -60.590177 -102.083901
156.673755 -62.022941 -101.300272
157.828360 -63.455705 -100.516644
158.982965 -64.888470 -99.733015
160.137570 -66.321234 -98.949387
161.292176 -67.753998 -98.165759
162.446781 -69.186762 -97.382130
163.601386 -70.619526 -96.598502
164.755991 -72.052291 -95.814873
165.910596 -73.485055 -95.031245
167.065202 -74.917819 -94.247616
168.219807 -76.350583 -93.463988
169.374412 -77.783348 -92.680359
170.529017 -79.216112 -91.896731
171.683622 -80.648876 -91.113102
-6.966446 -127.425758 69.460700
-5.834939 -125.791953 69.685134
-4.703431 -124.158147 69.909567
-3.571923 -122.524342 70.134000
-2.440416 -120.890536 70.358433
-1.308908 -119.256731 70.582866
-0.177401 -117.622925 70.807299
0.954107 -115.989120 71.031732
2.085615 -114.355314 71.256165
3.217122 -112.721509 71.480598
4.348630 -111.087703 71.705032
5.480138 -109.453898 71.929465
6.611645 -107.820092 72.153898
7.743153 -106.186287 72.378331
8.874660 -104.552482 72.602764
10.006168 -102.918676 72.827197
11.137676 -101.284871 73.051630
12.269183 -99.651065 73.276063
13.400691 -98.017260 73.500496
14.532198 -96.383454 73.724930
15.663706 -94.749649 73.949363
16.795214 -93.115843 74.173796
17.926721 -91.482038 74.398229
19.058229 -89.848232 74.622662
20.189737 -88.214427 74.847095
21.321244 -86.580621 75.071528
22.452752 -84.946816 75.295961
23.584259 -83.313011 75.520394
24.715767 -81.679205 75.744828
25.847275 -80.045400 75.969261
26.978782 -78.411594 76.193694
28.110290 -76.777789 76.418127
29.241798 -75.143983 76.642560
30.373305 -73.510178 76.866993
31.504813 -71.876372 77.091426
32.636320 -70.242567 77.315859
33.767828 -68.608761 77.540293
34.899336 -66.974956 77.764726
36.030843 -65.341150 77.989159
37.162351 -63.707345 78.213592
38.293858 -62.073540 78.438025
39.425366 -60.439734 78.662458
40.556874 -58.805929 78.886891
41.688381 -57.172123 79.111324
42.819889 -55.538318 79.335757
43.951397 -53.904512 79.560191
45.082904 -52.270707 79.784624
46.214412 -50.636901 80.009057
47.345919 -49.003096 80.233490
48.477427 -47.369290 80.457923
49.608935 -45.735485 80.682356
50.740442 -44.101679 80.906789
51.871950 -42.467874 81.131222
53.003458 -40.834069 81.355655
54.134965 -39.200263 81.580089
55.266473 -37.566458 81.804522
56.397980 -35.932652 82.028955
57.529488 -34.298847 82.253388
58.660996 -32.665041 82.477821
59.792503 -31.031236 82.702254
60.924011 -29.397430 82.926687
62.055518 -27.763625 83.151120
63.187026 -26.129819 83.375554
64.318534 -24.496014 83.599987
65.450041 -22.862208 83.824420
66.581549 -21.228403 84.048853
67.713057 -19.594598 84.273286
68.844564 -17.960792 84.497719
69.976072 -16.326987 84.722152
71.107579 -14.693181 84.946585
11.861127 44.923428 -22.845901
11.324059 46.527542 -21.778955
10.786990 48.131656 -20.712008
10.249922 49.735770 -19.645061
9.712853 51.339884 -18.578114
9.175785 52.943998 -17.511168
8.638716 54.548113 -16.444221
8.101648 56.152227 -15.377274
7.564579 57.756341 -14.310327
7.027511 59.360455 -13.243380
6.490442 60.964569 -12.176434
5.953374 62.568683 -11.109487
5.416305 64.172797 -10.042540
4.879237 65.776911 -8.975593
4.342168 67.381025 -7.908647
3.805100 68.985139 -6.841700
3.268031 70.589253 -5.774753
2.730963 72.193368 -4.707806
2.193894 73.797482 -3.640860
1.656826 75.401596 -2.573913
1.119757 77.005710 -1.506966
0.582688 78.609824 -0.440019
0.045620 80.213938 0.626927
-0.491449 81.818052 1.693874
-1.028517 83.422166 2.760821
-1.565586 85.026280 3.827768
-2.102654 86.630394 4.894715
-2.639723 88.234508 5.961661
-3.176791 89.838622 7.028608
-3.713860 91.442737 8.095555
-4.250928 93.046851 9.162502
-4.787997 94.650965 10.229448
-5.325065 96.255079 11.296395
-5.862134 97.859193 12.363342
-6.399202 99.463307 13.430289
-6.936271 101.067421 14.497235
-7.473339 102.671535 15.564182
-8.010408 104.275649 16.631129
-8.547476 105.879763 17.698076
-9.084545 107.483877 18.765023
-9.621613 109.087992 19.831969
-10.158682 110.692106 20.898916
-10.695750 112.296220 21.965863
-11.232819 113.900334 23.032810
-11.769887 115.504448 24.099756
-12.306956 117.108562 25.166703
-12.844024 118.712676 26.233650
-13.381093 120.316790 27.300597
-13.918161 121.920904 28.367543
-14.455230 123.525018 29.434490
-14.992299 125.129132 30.501437
-15.529367 126.733246 31.568384
-16.066436 128.337361 32.635330
-16.603504 129.941475 33.702277
-17.140573 131.545589 34.769224
-17.677641 133.149703 35.836171
-18.214710 134.753817 36.903118
-18.751778 136.357931 37.970064
-19.288847 137.962045 39.037011
-19.825915 139.566159 40.103958
-20.362984 141.170273 41.170905
-20.900052 142.774387 42.237851
-21.437121 144.378501 43.304798
-21.974189 145.982616 44.371745
-22.511258 147.586730 45.438692
-23.048326 149.190844 46.505638
-23.585395 150.794958 47.572585
-24.122463 152.399072 48.639532
-24.659532 154.003186 49.706479
-25.196600 155.607300 50.773426
-297.181554 140.736602 290.867181
-295.267530 141.308585 290.963862
-293.353506 141.880568 291.060543
-291.439482 142.452551 291.157224
-289.525458 143.024534 291.253905
-287.611434 143.596517 291.350587
-285.697409 144.168499 291.447268
-283.783385 144.740482 291.543949
-281.869361 145.312465 291.640630
-279.955337 145.884448 291.737311
-278.041313 146.456431 291.833993
-276.127289 147.028414 291.930674
-274.213265 147.600397 292.027355
-272.299241 148.172380 292.124036
-270.385216 148.744362 292.220717
-268.471192 149.316345 292.317398
-266.557168 149.888328 292.414080
-264.643144 150.460311 292.510761
-262.729120 151.032294 292.607442
-260.815096 151.604277 292.704123
-258.901072 152.176260 292.800804
-256.987048 152.748243 292.897486
-255.073023 153.320225 292.994167
-253.158999 153.892208 293.090848
-251.244975 154.464191 293.187529
-249.330951 155.036174 293.284210
-247.416927 155.608157 293.380891
-245.502903 156.180140 293.477573
-243.588879 156.752123 293.574254
-241.674855 157.324106 293.670935
-239.760830 157.896088 293.767616
-237.846806 158.468071 293.864297
-235.932782 159.040054 293.960979
-234.018758 159.612037 294.057660
-232.104734 160.184020 294.154341
-230.190710 160.756003 294.251022
-228.276686 161.327986 294.347703
-226.362662 161.899969 294.444385
-224.448638 162.471951 294.541066
-222.534613 163.043934 294.637747
-220.620589 163.615917 294.734428
-218.706565 164.187900 294.831109
-216.792541 164.759883 294.927790
-214.878517 165.331866 295.024472
-212.964493 165.903849 295.121153
-211.050469 166.475832 295.217834
-209.136445 167.047814 295.314515
-207.222420 167.619797 295.411196
-205.308396 168.191780 295.507878
-203.394372 168.763763 295.604559
-201.480348 169.335746 295.701240
-199.566324 169.907729 295.797921
-197.652300 170.479712 295.894602
-195.738276 171.051695 295.991283
-193.824252 171.623677 296.087965
-191.910227 172.195660 296.184646
-189.996203 172.767643 296.281327
-188.082179 173.339626 296.378008
-186.168155 173.911609 296.474689
-184.254131 174.483592 296.571371
-182.340107 175.055575 296.668052
-180.426083 175.627558 296.764733
-178.512059 176.199540 296.861414
-176.598034 176.771523 296.958095
-174.684010 177.343506 297.054776
-172.769986 177.915489 297.151458
-170.855962 178.487472 297.248139
-168.941938 179.059455 297.344820
-167.027914 179.631438 297.441501
-165.113890 180.203421 297.538182
112.324737 255.154118 11.295942
113.723657 255.347666 9.879763
115.122577 255.541214 8.463585
116.521497 255.734762 7.047406
117.920417 255.928311 5.631227
119.319337 256.121859 4.215049
120.718257 256.315407 2.798870
122.117177 256.508955 1.382691
123.516097 256.702503 -0.033487
124.915017 256.896051 -1.449666
126.313937 257.089599 -2.865845
127.712857 257.283147 -4.282023
129.111777 257.476695 -5.698202
130.510697 257.670244 -7.114381
131.909617 257.863792 -8.530559
133.308537 258.057340 -9.946738
134.707457 258.250888 -11.362916
136.106377 258.444436 -12.779095
137.505297 258.637984 -14.195274
138.904217 258.831532 -15.611452
140.303137 259.025080 -17.027631
141.702057 259.218628 -18.443810
143.100977 259.412177 -19.859988
144.499897 259.605725 -21.276167
145.898817 259.799273 -22.692346
147.297737 259.992821 -24.108524
148.696657 260.186369 -25.524703
150.095577 260.379917 -26.940882
151.494497 260.573465 -28.357060
152.893417 260.767013 -29.773239
154.292337 260.960561 -31.189418
155.691257 261.154110 -32.605596
157.090177 261.347658 -34.021775
158.489097 261.541206 -35.437954
159.888017 261.734754 -36.854132
161.286937 261.928302 -38.270311
162.685857 262.121850 -39.686490
164.084777 262.315398 -41.102668
165.483697 262.508946 -42.518847
166.882617 262.702494 -43.935026
168.281537 262.896043 -45.351204
169.680457 263.089591 -46.767383
171.079377 263.283139 -48.183561
172.478297 263.476687 -49.599740
173.877217 263.670235 -51.015919
175.276137 263.863783 -52.432097
176.675057 264.057331 -53.848276
178.073977 264.250879 -55.264455
179.472897 264.444427 -56.680633
180.871817 264.637976 -58.096812
182.270737 264.831524 -59.512991
183.669657 265.025072 -60.929169
185.068577 265.218620 -62.345348
186.467497 265.412168 -63.761527
187.866417 265.605716 -65.177705
189.265337 265.799264 -66.593884
190.664257 265.992812 -68.010063
192.063177 266.186360 -69.426241
193.462097 266.379909 -70.842420
194.861017 266.573457 -72.258599
196.259937 266.767005 -73.674777
197.658857 266.960553 -75.090956
199.057777 267.154101 -76.507135
200.456697 267.347649 -77.923313
201.855617 267.541197 -79.339492
203.254537 267.734745 -80.755671
204.653457 267.928293 -82.171849
206.052377 268.121842 -83.588028
207.451297 268.315390 -85.004207
208.850217 268.508938 -86.420385
-31.717573 194.641205 -9.824155
-29.860749 194.143853 -10.376284
-28.003926 193.646502 -10.928414
-26.147102 193.149150 -11.480544
-24.290278 192.651799 -12.032673
-22.433454 192.154447 -12.584803
-20.576631 191.657096 -13.136933
-18.719807 191.159744 -13.689062
-16.862983 190.662393 -14.241192
-15.006160 190.165041 -14.793321
-13.149336 189.667689 -15.345451
-11.292512 189.170338 -15.897581
-9.435688 188.672986 -16.449710
-7.578865 188.175635 -17.001840
-5.722041 187.678283 -17.553970
-3.865217 187.180932 -18.106099
-2.008394 186.683580 -18.658229
-0.151570 186.186229 -19.210358
1.705254 185.688877 -19.762488
3.562078 185.191525 -20.314618
5.418901 184.694174 -20.866747
7.275725 184.196822 -21.418877
9.132549 183.699471 -21.971007
10.989372 183.202119 -22.523136
12.846196 182.704768 -23.075266
14.703020 182.207416 -23.627395
16.559844 181.710065 -24.179525
18.416667 181.212713 -24.731655
20.273491 180.715361 -25.283784
22.130315 180.218010 -25.835914
23.987138 179.720658 -26.388044
25.843962 179.223307 -26.940173
27.700786 178.725955 -27.492303
29.557610 178.228604 -28.044433
31.414433 177.731252 -28.596562
33.271257 177.233900 -29.148692
35.128081 176.736549 -29.700821
36.984904 176.239197 -30.252951
38.841728 175.741846 -30.805081
40.698552 175.244494 -31.357210
42.555376 174.747143 -31.909340
44.412199 174.249791 -32.461470
46.269023 173.752440 -33.013599
48.125847 173.255088 -33.565729
49.982670 172.757736 -34.117858
51.839494 172.260385 -34.669988
53.696318 171.763033 -35.222118
55.553142 171.265682 -35.774247
57.409965 170.768330 -36.326377
59.266789 170.270979 -36.878507
61.123613 169.773627 -37.430636
62.980436 169.276276 -37.982766
64.837260 168.778924 -38.534895
66.694084 168.281572 -39.087025
68.550907 167.784221 -39.639155
70.407731 167.286869 -40.191284
72.264555 166.789518 -40.743414
74.121379 166.292166 -41.295544
75.978202 165.794815 -41.847673
77.835026 165.297463 -42.399803
79.691850 164.800111 -42.951933
81.548673 164.302760 -43.504062
83.405497 163.805408 -44.056192
85.262321 163.308057 -44.608321
87.119145 162.810705 -45.160451
88.975968 162.313354 -45.712581
90.832792 161.816002 -46.264710
92.689616 161.318651 -46.816840
94.546439 160.821299 -47.368970
96.403263 160.323947 -47.921099
55.913459 152.302353 82.320697
57.670822 151.826153 83.148289
59.428185 151.349953 83.975882
61.185548 150.873753 84.803474
62.942911 150.397553 85.631066
64.700274 149.921353 86.458658
66.457637 149.445153 87.286250
68.215000 148.968953 88.113843
69.972363 148.492753 88.941435
71.729726 148.016553 89.769027
73.487089 147.540352 90.596619
75.244452 147.064152 91.424211
77.001815 146.587952 92.251804
78.759178 146.111752 93.079396
80.516541 145.635552 93.906988
82.273904 145.159352 94.734580
84.031267 144.683152 95.562172
85.788630 144.206952 96.389765
87.545993 143.730752 97.217357
89.303356 143.254552 98.044949
91.060719 142.778352 98.872541
92.818082 142.302152 99.700133
94.575445 141.825952 100.527726
96.332808 141.349752 101.355318
98.090170 140.873552 102.182910
99.847533 140.397352 103.010502
101.604896 139.921152 103.838094
103.362259 139.444952 104.665687
105.119622 138.968751 105.493279
106.876985 138.492551 106.320871
108.634348 138.016351 107.148463
110.391711 137.540151 107.976055
112.149074 137.063951 108.803648
113.906437 136.587751 109.631240
115.663800 136.111551 110.458832
117.421163 135.635351 111.286424
119.178526 135.159151 112.114016
120.935889 134.682951 112.941609
122.693252 134.206751 113.769201
124.450615 133.730551 114.596793
126.207978 133.254351 115.424385
127.965341 132.778151 116.251977
129.722704 132.301951 117.079570
131.480067 131.825751 117.907162
133.237430 131.349551 118.734754
134.994793 130.873351 119.562346
136.752156 130.397151 120.389938
138.509519 129.920950 121.217531
140.266882 129.444750 122.045123
142.024245 128.968550 122.872715
143.781608 128.492350 123.700307
145.538971 128.016150 124.527899
147.296334 127.539950 125.355492
149.053697 127.063750 126.183084
150.811060 126.587550 127.010676
152.568423 126.111350 127.838268
154.325786 125.635150 128.665860
156.083149 125.158950 129.493453
157.840512 124.682750 130.321045
159.597875 124.206550 131.148637
161.355238 123.730350 131.976229
163.112601 123.254150 132.803821
164.869964 122.777950 133.631414
166.627327 122.301750 134.459006
168.384690 121.825550 135.286598
170.142053 121.349349 136.114190
171.899416 120.873149 136.941782
173.656779 120.396949 137.769375
175.414142 119.920749 138.596967
177.171505 119.444549 139.424559
299.217075 130.563850 -65.785471
298.141750 132.248623 -65.857685
297.066425 133.933396 -65.929898
295.991099 135.618169 -66.002112
294.915774 137.302943 -66.074326
293.840449 138.987716 -66.146540
292.765123 140.672489 -66.218754
291.689798 142.357262 -66.290967
290.614472 144.042035 -66.363181
289.539147 145.726808 -66.435395
288.463822 147.411581 -66.507609
287.388496 149.096354 -66.579822
286.313171 150.781128 -66.652036
285.237845 152.465901 -66.724250
284.162520 154.150674 -66.796464
283.087195 155.835447 -66.868678
282.011869 157.520220 -66.940891
280.936544 159.204993 -67.013105
279.861219 160.889766 -67.085319
278.785893 162.574539 -67.157533
277.710568 164.259313 -67.229747
276.635242 165.944086 -67.301960
275.559917 167.628859 -67.374174
274.484592 169.313632 -67.446388
273.409266 170.998405 -67.518602
272.333941 172.683178 -67.590816
271.258616 174.367951 -67.663029
270.183290 176.052724 -67.735243
269.107965 177.737498 -67.807457
268.032639 179.422271 -67.879671
266.957314 181.107044 -67.951885
265.881989 182.791817 -68.024098
264.806663 184.476590 -68.096312
263.731338 186.161363 -68.168526
262.656013 187.846136 -68.240740
261.580687 189.530910 -68.312953
260.505362 191.215683 -68.385167
259.430036 192.900456 -68.457381
258.354711 194.585229 -68.529595
257.279386 196.270002 -68.601809
256.204060 197.954775 -68.674022
255.128735 199.639548 -68.746236
254.053409 201.324321 -68.818450
252.978084 203.009095 -68.890664
251.902759 204.693868 -68.962878
250.827433 206.378641 -69.035091
249.752108 208.063414 -69.107305
248.676783 209.748187 -69.179519
247.601457 211.432960 -69.251733
246.526132 213.117733 -69.323947
245.450806 214.802506 -69.396160
244.375481 216.487280 -69.468374
243.300156 218.172053 -69.540588
242.224830 219.856826 -69.612802
241.149505 221.541599 -69.685016
240.074180 223.226372 -69.757229
238.998854 224.911145 -69.829443
237.923529 226.595918 -69.901657
236.848203 228.280692 -69.973871
235.772878 229.965465 -70.046084
234.697553 231.650238 -70.118298
233.622227 233.335011 -70.190512
232.546902 235.019784 -70.262726
231.471577 236.704557 -70.334940
230.396251 238.389330 -70.407153
229.320926 240.074103 -70.479367
228.245600 241.758877 -70.551581
227.170275 243.443650 -70.623795
226.094950 245.128423 -70.696009
225.019624 246.813196 -70.768222
-168.080690 186.084841 24.956036
-167.714933 184.254921 25.675491
-167.349176 182.425002 26.394946
-166.983419 180.595082 27.114401
-166.617662 178.765162 27.833856
-166.251906 176.935242 28.553311
-165.886149 175.105322 29.272766
-165.520392 173.275402 29.992221
-165.154635 171.445483 30.711676
-164.788878 169.615563 31.431131
-164.423121 167.785643 32.150586
-164.057364 165.955723 32.870040
-163.691607 164.125803 33.589495
-163.325851 162.295884 34.308950
-162.960094 160.465964 35.028405
-162.594337 158.636044 35.747860
-162.228580 156.806124 36.467315
-161.862823 154.976204 37.186770
-161.497066 153.146284 37.906225
-161.131309 151.316365 38.625680
-160.765552 149.486445 39.345135
-160.399795 147.656525 40.064589
-160.034039 145.826605 40.784044
-159.668282 143.996685 41.503499
-159.302525 142.166766 42.222954
-158.936768 140.336846 42.942409
-158.571011 138.506926 43.661864
-158.205254 136.677006 44.381319
-157.839497 134.847086 45.100774
-157.473740 133.017166 45.820229
-157.107983 131.187247 46.539684
-156.742227 129.357327 47.259139
-156.376470 127.527407 47.978593
-156.010713 125.697487 48.698048
-155.644956 123.867567 49.417503
-155.279199 122.037648 50.136958
-154.913442 120.207728 50.856413
-154.547685 118.377808 51.575868
-154.181928 116.547888 52.295323
-153.816172 114.717968 53.014778
-153.450415 112.888048 53.734233
-153.084658 111.058129 54.453688
-152.718901 109.228209 55.173142
-152.353144 107.398289 55.892597
-151.987387 105.568369 56.612052
-151.621630 103.738449 57.331507
-151.255873 101.908530 58.050962
-150.890116 100.078610 58.770417
-150.524360 98.248690 59.489872
-150.158603 96.418770 60.209327
-149.792846 94.588850 60.928782
-149.427089 92.758930 61.648237
-149.061332 90.929011 62.367692
-148.695575 89.099091 63.087146
-148.329818 87.269171 63.806601
-147.964061 85.439251 64.526056
-147.598304 83.609331 65.245511
-147.232548 81.779412 65.964966
-146.866791 79.949492 66.684421
-146.501034 78.119572 67.403876
-146.135277 76.289652 68.123331
-145.769520 74.459732 68.842786
-145.403763 72.629812 69.562241
-145.038006 70.799893 70.281695
-144.672249 68.969973 71.001150
-144.306493 67.140053 71.720605
-143.940736 65.310133 72.440060
-143.574979 63.480213 73.159515
-143.209222 61.650294 73.878970
-142.843465 59.820374 74.598425
-86.996144 -104.306232 19.510093
-84.996365 -104.314737 19.481656
-82.996585 -104.323243 19.453220
-80.996805 -104.331749 19.424784
-78.997025 -104.340254 19.396347
-76.997246 -104.348760 19.367911
-74.997466 -104.357266 19.339474
-72.997686 -104.365772 19.311038
-70.997906 -104.374277 19.282601
-68.998127 -104.382783 19.254165
-66.998347 -104.391289 19.225729
-64.998567 -104.399794 19.197292
-62.998787 -104.408300 19.168856
-60.999008 -104.416806 19.140419
-58.999228 -104.425312 19.111983
-56.999448 -104.433817 19.083547
-54.999668 -104.442323 19.055110
-52.999889 -104.450829 19.026674
-51.000109 -104.459334 18.998237
-49.000329 -104.467840 18.969801
-47.000549 -104.476346 18.941364
-45.000770 -104.484852 18.912928
-43.000990 -104.493357 18.884492
-41.001210 -104.501863 18.856055
-39.001430 -104.510369 18.827619
-37.001651 -104.518874 18.799182
-35.001871 -104.527380 18.770746
-33.002091 -104.535886 18.742309
-31.002311 -104.544392 18.713873
-29.002532 -104.552897 18.685437
-27.002752 -104.561403 18.657000
-25.002972 -104.569909 18.628564
-23.003193 -104.578414 18.600127
-21.003413 -104.586920 18.571691
-19.003633 -104.595426 18.543255
-17.003853 -104.603932 18.514818
-15.004074 -104.612437 18.486382
-13.004294 -104.620943 18.457945
-11.004514 -104.629449 18.429509
-9.004734 -104.637954 18.401072
-7.004955 -104.646460 18.372636
-5.005175 -104.654966 18.344200
-3.005395 -104.663472 18.315763
-1.005615 -104.671977 18.287327
0.994164 -104.680483 18.258890
2.993944 -104.688989 18.230454
4.993724 -104.697494 18.202017
6.993504 -104.706000 18.173581
8.993283 -104.714506 18.145145
10.993063 -104.723012 18.116708
12.992843 -104.731517 18.088272
14.992623 -104.740023 18.059835
16.992402 -104.748529 18.031399
18.992182 -104.757034 18.002963
20.991962 -104.765540 17.974526
22.991742 -104.774046 17.946090
24.991521 -104.782552 17.917653
26.991301 -104.791057 17.889217
28.991081 -104.799563 17.860780
30.990861 -104.808069 17.832344
32.990640 -104.816574 17.803908
34.990420 -104.825080 17.775471
36.990200 -104.833586 17.747035
38.989980 -104.842092 17.718598
40.989759 -104.850597 17.690162
42.989539 -104.859103 17.661725
44.989319 -104.867609 17.633289
46.989099 -104.876114 17.604853
48.988878 -104.884620 17.576416
50.988658 -104.893126 17.547980
184.739284 297.639322 -78.584657
183.065621 296.544401 -78.584165
181.391958 295.449480 -78.583674
179.718296 294.354559 -78.583182
178.044633 293.259638 -78.582691
176.370970 292.164716 -78.582199
174.697307 291.069795 -78.581708
173.023644 289.974874 -78.581216
171.349981 288.879953 -78.580725
169.676318 287.785032 -78.580233
168.002656 286.690111 -78.579742
166.328993 285.595189 -78.579250
164.655330 284.500268 -78.578759
162.981667 283.405347 -78.578267
161.308004 282.310426 -78.577776
159.634341 281.215505 -78.577284
157.960678 280.120583 -78.576793
156.287016 279.025662 -78.576301
154.613353 277.930741 -78.575809
152.939690 276.835820 -78.575318
151.266027 275.740899 -78.574826
149.592364 274.645978 -78.574335
147.918701 273.551056 -78.573843
146.245038 272.456135 -78.573352
144.571376 271.361214 -78.572860
142.897713 270.266293 -78.572369
141.224050 269.171372 -78.571877
139.550387 268.076450 -78.571386
137.876724 266.981529 -78.570894
136.203061 265.886608 -78.570403
134.529398 264.791687 -78.569911
132.855736 263.696766 -78.569420
131.182073 262.601845 -78.568928
129.508410 261.506923 -78.568437
127.834747 260.412002 -78.567945
126.161084 259.317081 -78.567454
124.487421 258.222160 -78.566962
122.813758 257.127239 -78.566471
121.140096 256.032317 -78.565979
119.466433 254.937396 -78.565488
117.792770 253.842475 -78.564996
116.119107 252.747554 -78.564505
114.445444 251.652633 -78.564013
112.771781 250.557712 -78.563522
111.098118 249.462790 -78.563030
109.424456 248.367869 -78.562539
107.750793 247.272948 -78.562047
106.077130 246.178027 -78.561556
104.403467 245.083106 -78.561064
102.729804 243.988184 -78.560572
101.056141 242.893263 -78.560081
99.382478 241.798342 -78.559589
97.708816 240.703421 -78.559098
96.035153 239.608500 -78.558606
94.361490 238.513579 -78.558115
92.687827 237.418657 -78.557623
91.014164 236.323736 -78.557132
89.340501 235.228815 -78.556640
87.666838 234.133894 -78.556149
85.993176 233.038973 -78.555657
84.319513 231.944052 -78.555166
82.645850 230.849130 -78.554674
80.972187 229.754209 -78.554183
79.298524 228.659288 -78.553691
77.624861 227.564367 -78.553200
75.951198 226.469446 -78.552708
74.277536 225.374524 -78.552217
72.603873 224.279603 -78.551725
70.930210 223.184682 -78.551234
69.256547 222.089761 -78.550742
66.197550 189.623822 -238.414638
68.091372 189.423932 -239.025770
69.985194 189.224043 -239.636903
71.879016 189.024153 -240.248036
73.772838 188.824264 -240.859169
75.666659 188.624375 -241.470302
77.560481 188.424485 -242.081434
79.454303 188.224596 -242.692567
81.348125 188.024706 -243.303700
83.241946 187.824817 -243.914833
85.135768 187.624927 -244.525966
87.029590 187.425038 -245.137099
88.923412 187.225149 -245.748231
90.817233 187.025259 -246.359364
92.711055 186.825370 -246.970497
94.604877 186.625480 -247.581630
96.498699 186.425591 -248.192763
98.392521 186.225702 -248.803895
100.286342 186.025812 -249.415028
102.180164 185.825923 -250.026161
104.073986 185.626033 -250.637294
105.967808 185.426144 -251.248427
107.861629 185.226255 -251.859560
109.755451 185.026365 -252.470692
111.649273 184.826476 -253.081825
113.543095 184.626586 -253.692958
115.436916 184.426697 -254.304091
117.330738 184.226807 -254.915224
119.224560 184.026918 -255.526356
121.118382 183.827029 -256.137489
123.012204 183.627139 -256.748622
124.906025 183.427250 -257.359755
126.799847 183.227360 -257.970888
128.693669 183.027471 -258.582020
130.587491 182.827582 -259.193153
132.481312 182.627692 -259.804286
134.375134 182.427803 -260.415419
136.268956 182.227913 -261.026552
138.162778 182.028024 -261.637685
140.056600 181.828134 -262.248817
141.950421 181.628245 -262.859950
143.844243 181.428356 -263.471083
145.738065 181.228466 -264.082216
147.631887 181.028577 -264.693349
149.525708 180.828687 -265.304481
151.419530 180.628798 -265.915614
153.313352 180.428909 -266.526747
155.207174 180.229019 -267.137880
157.100995 180.029130 -267.749013
158.994817 179.829240 -268.360146
160.888639 179.629351 -268.971278
162.782461 179.429462 -269.582411
164.676283 179.229572 -270.193544
166.570104 179.029683 -270.804677
168.463926 178.829793 -271.415810
170.357748 178.629904 -272.026942
172.251570 178.430014 -272.638075
174.145391 178.230125 -273.249208
176.039213 178.030236 -273.860341
177.933035 177.830346 -274.471474
179.826857 177.630457 -275.082607
181.720679 177.430567 -275.693739
183.614500 177.230678 -276.304872
185.508322 177.030789 -276.916005
187.402144 176.830899 -277.527138
189.295966 176.631010 -278.138271
191.189787 176.431120 -278.749403
193.083609 176.231231 -279.360536
194.977431 176.031341 -279.971669
196.871253 175.831452 -280.582802
231.794791 -299.690173 -83.320323
231.243253 -298.922692 -85.082928
230.691714 -298.155210 -86.845534
230.140176 -297.387728 -88.608139
229.588637 -296.620246 -90.370744
229.037099 -295.852765 -92.133349
228.485560 -295.085283 -93.895955
227.934022 -294.317801 -95.658560
227.382484 -293.550319 -97.421165
226.830945 -292.782838 -99.183770
226.279407 -292.015356 -100.946375
225.727868 -291.247874 -102.708981
225.176330 -290.480392 -104.471586
224.624791 -289.712911 -106.234191
224.073253 -288.945429 -107.996796
223.521714 -288.177947 -109.759401
222.970176 -287.410465 -111.522007
222.418637 -286.642984 -113.284612
221.867099 -285.875502 -115.047217
221.315560 -285.108020 -116.809822
220.764022 -284.340538 -118.572427
220.212483 -283.573057 -120.335033
219.660945 -282.805575 -122.097638
219.109407 -282.038093 -123.860243
218.557868 -281.270612 -125.622848
218.006330 -280.503130 -127.385453
217.454791 -279.735648 -129.148059
216.903253 -278.968166 -130.910664
216.351714 -278.200685 -132.673269
215.800176 -277.433203 -134.435874
215.248637 -276.665721 -136.198479
214.697099 -275.898239 -137.961085
214.145560 -275.130758 -139.723690
213.594022 -274.363276 -141.486295
213.042483 -273.595794 -143.248900
212.490945 -272.828312 -145.011505
211.939406 -272.060831 -146.774111
211.387868 -271.293349 -148.536716
210.836330 -270.525867 -150.299321
210.284791 -269.758385 -152.061926
209.733253 -268.990904 -153.824531
209.181714 -268.223422 -155.587137
208.630176 -267.455940 -157.349742
208.078637 -266.688458 -159.112347
207.527099 -265.920977 -160.874952
206.975560 -265.153495 -162.637557
206.424022 -264.386013 -164.400163
205.872483 -263.618531 -166.162768
205.320945 -262.851050 -167.925373
204.769406 -262.083568 -169.687978
204.217868 -261.316086 -171.450583
203.666329 -260.548605 -173.213189
203.114791 -259.781123 -174.975794
202.563253 -259.013641 -176.738399
202.011714 -258.246159 -178.501004
201.460176 -257.478678 -180.263609
200.908637 -256.711196 -182.026215
200.357099 -255.943714 -183.788820
199.805560 -255.176232 -185.551425
199.254022 -254.408751 -187.314030
198.702483 -253.641269 -189.076635
198.150945 -252.873787 -190.839241
197.599406 -252.106305 -192.601846
197.047868 -251.338824 -194.364451
196.496329 -250.571342 -196.127056
195.944791 -249.803860 -197.889661
195.393253 -249.036378 -199.652267
194.841714 -248.268897 -201.414872
194.290176 -247.501415 -203.177477
193.738637 -246.733933 -204.940082
170.283030 51.831325 -71.635202
172.162663 51.241197 -71.290631
174.042296 50.651069 -70.946060
175.921928 50.060941 -70.601488
177.801561 49.470812 -70.256917
179.681194 48.880684 -69.912346
181.560827 48.290556 -69.567775
183.440460 47.700428 -69.223204
185.320092 47.110299 -68.878633
187.199725 46.520171 -68.534062
189.079358 45.930043 -68.189491
190.958991 45.339915 -67.844919
192.838623 44.749786 -67.500348
194.718256 44.159658 -67.155777
196.597889 43.569530 -66.811206
198.477522 42.979402 -66.466635
200.357155 42.389273 -66.122064
202.236787 41.799145 -65.777493
204.116420 41.209017 -65.432921
205.996053 40.618889 -65.088350
207.875686 40.028760 -64.743779
209.755318 39.438632 -64.399208
211.634951 38.848504 -64.054637
213.514584 38.258375 -63.710066
215.394217 37.668247 -63.365495
217.273849 37.078119 -63.020923
219.153482 36.487991 -62.676352
221.033115 35.897862 -62.331781
222.912748 35.307734 -61.987210
224.792381 34.717606 -61.642639
226.672013 34.127478 -61.298068
228.551646 33.537349 -60.953497
230.431279 32.947221 -60.608926
232.310912 32.357093 -60.264354
234.190544 31.766965 -59.919783
236.070177 31.176836 -59.575212
237.949810 30.586708 -59.230641
239.829443 29.996580 -58.886070
241.709076 29.406452 -58.541499
243.588708 28.816323 -58.196928
245.468341 28.226195 -57.852356
247.347974 27.636067 -57.507785
249.227607 27.045939 -57.163214
251.107239 26.455810 -56.818643
252.986872 25.865682 -56.474072
254.866505 25.275554 -56.129501
256.746138 24.685426 -55.784930
258.625771 24.095297 -55.440359
260.505403 23.505169 -55.095787
262.385036 22.915041 -54.751216
264.264669 22.324913 -54.406645
266.144302 21.734784 -54.062074
268.023934 21.144656 -53.717503
269.903567 20.554528 -53.372932
271.783200 19.964399 -53.028361
273.662833 19.374271 -52.683789
275.542466 18.784143 -52.339218
277.422098 18.194015 -51.994647
279.301731 17.603886 -51.650076
281.181364 17.013758 -51.305505
283.060997 16.423630 -50.960934
284.940629 15.833502 -50.616363
286.820262 15.243373 -50.271791
288.699895 14.653245 -49.927220
290.579528 14.063117 -49.582649
292.459161 13.472989 -49.238078
294.338793 12.882860 -48.893507
296.218426 12.292732 -48.548936
298.098059 11.702604 -48.204365
299.977692 11.112476 -47.859794
-0.370384 -29.195254 -99.606361
1.278573 -30.265258 -99.975184
2.927531 -31.335263 -100.344006
4.576488 -32.405267 -100.712829
6.225446 -33.475272 -101.081651
7.874403 -34.545276 -101.450473
9.523361 -35.615281 -101.819296
11.172318 -36.685285 -102.188118
12.821275 -37.755289 -102.556940
14.470233 -38.825294 -102.925763
16.119190 -39.895298 -103.294585
17.768148 -40.965303 -103.663408
19.417105 -42.035307 -104.032230
21.066062 -43.105312 -104.401052
22.715020 -44.175316 -104.769875
24.363977 -45.245321 -105.138697
26.012935 -46.315325 -105.507520
27.661892 -47.385329 -105.876342
29.310849 -48.455334 -106.245164
30.959807 -49.525338 -106.613987
32.608764 -50.595343 -106.982809
34.257722 -51.665347 -107.351631
35.906679 -52.735352 -107.720454
37.555637 -53.805356 -108.089276
39.204594 -54.875360 -108.458099
40.853551 -55.945365 -108.826921
42.502509 -57.015369 -109.195743
44.151466 -58.085374 -109.564566
45.800424 -59.155378 -109.933388
47.449381 -60.225383 -110.302210
49.098338 -61.295387 -110.671033
50.747296 -62.365392 -111.039855
52.396253 -63.435396 -111.408678
54.045211 -64.505400 -111.777500
55.694168 -65.575405 -112.146322
57.343126 -66.645409 -112.515145
58.992083 -67.715414 -112.883967
60.641040 -68.785418 -113.252789
62.289998 -69.855423 -113.621612
63.938955 -70.925427 -113.990434
65.587913 -71.995432 -114.359257
67.236870 -73.065436 -114.728079
68.885827 -74.135440 -115.096901
70.534785 -75.205445 -115.465724
72.183742 -76.275449 -115.834546
73.832700 -77.345454 -116.203368
75.481657 -78.415458 -116.572191
77.130614 -79.485463 -116.941013
78.779572 -80.555467 -117.309836
80.428529 -81.625472 -117.678658
82.077487 -82.695476 -118.047480
83.726444 -83.765480 -118.416303
85.375402 -84.835485 -118.785125
87.024359 -85.905489 -119.153947
88.673316 -86.975494 -119.522770
90.322274 -88.045498 -119.891592
91.971231 -89.115503 -120.260415
93.620189 -90.185507 -120.629237
95.269146 -91.255511 -120.998059
96.918103 -92.325516 -121.366882
98.567061 -93.395520 -121.735704
100.216018 -94.465525 -122.104526
101.864976 -95.535529 -122.473349
103.513933 -96.605534 -122.842171
105.162890 -97.675538 -123.210994
106.811848 -98.745543 -123.579816
108.460805 -99.815547 -123.948638
110.109763 -100.885551 -124.317461
111.758720 -101.955556 -124.686283
113.407678 -103.025560 -125.055105
-176.959652 -113.210940 47.167528
-175.039385 -112.758684 46.838834
-173.119118 -112.306428 46.510140
-171.198852 -111.854172 46.181447
-169.278585 -111.401916 45.852753
-167.358318 -110.949660 45.524059
-165.438051 -110.497404 45.195366
-163.517784 -110.045148 44.866672
-161.597517 -109.592892 44.537978
-159.677250 -109.140636 44.209285
-157.756983 -108.688380 43.880591
-155.836716 -108.236124 43.551897
-153.916449 -107.783869 43.223204
-151.996182 -107.331613 42.894510
-150.075915 -106.879357 42.565816
-148.155648 -106.427101 42.237123
-146.235382 -105.974845 41.908429
-144.315115 -105.522589 41.579736
-142.394848 -105.070333 41.251042
-140.474581 -104.618077 40.922348
-138.554314 -104.165821 40.593655
-136.634047 -103.713565 40.264961
-134.713780 -103.261309 39.936267
-132.793513 -102.809053 39.607574
-130.873246 -102.356797 39.278880
-128.952979 -101.904541 38.950186
-127.032712 -101.452285 38.621493
-125.112445 -101.000029 38.292799
-123.192179 -100.547773 37.964105
-121.271912 -100.095518 37.635412
-119.351645 -99.643262 37.306718
-117.431378 -99.191006 36.978024
-115.511111 -98.738750 36.649331
-113.590844 -98.286494 36.320637
-111.670577 -97.834238 35.991943
-109.750310 -97.381982 35.663250
-107.830043 -96.929726 35.334556
-105.909776 -96.477470 35.005862
-103.989509 -96.025214 34.677169
-102.069242 -95.572958 34.348475
-100.148975 -95.120702 34.019782
-98.228709 -94.668446 33.691088
-96.308442 -94.216190 33.362394
-94.388175 -93.763934 33.033701
-92.467908 -93.311678 32.705007
-90.547641 -92.859422 32.376313
-88.627374 -92.407167 32.047620
-86.707107 -91.954911 31.718926
-84.786840 -91.502655 31.390232
-82.866573 -91.050399 31.061539
-80.946306 -90.598143 30.732845
-79.026039 -90.145887 30.404151
-77.105772 -89.693631 30.075458
-75.185506 -89.241375 29.746764
-73.265239 -88.789119 29.418070
-71.344972 -88.336863 29.089377
-69.424705 -87.884607 28.760683
-67.504438 -87.432351 28.431989
-65.584171 -86.980095 28.103296
-63.663904 -86.527839 27.774602
-61.743637 -86.075583 27.445908
-59.823370 -85.623327 27.117215
-57.903103 -85.171071 26.788521
-55.982836 -84.718816 26.459828
-54.062569 -84.266560 26.131134
-52.142302 -83.814304 25.802440
-50.222036 -83.362048 25.473747
-48.301769 -82.909792 25.145053
-46.381502 -82.457536 24.816359
-44.461235 -82.005280 24.487666
-300.054150 -126.246513 -119.262761
-298.087785 -126.442682 -118.954661
-296.121420 -126.638850 -118.646561
-294.155054 -126.835019 -118.338461
-292.188689 -127.031187 -118.030361
-290.222324 -127.227356 -117.722261
-288.255958 -127.423524 -117.414162
-286.289593 -127.619693 -117.106062
-284.323228 -127.815861 -116.797962
-282.356863 -128.012030 -116.489862
-280.390497 -128.208198 -116.181762
-278.424132 -128.404367 -115.873662
-276.457767 -128.600535 -115.565562
-274.491402 -128.796704 -115.257462
-272.525036 -128.992872 -114.949363
-270.558671 -129.189041 -114.641263
-268.592306 -129.385209 -114.333163
-266.625940 -129.581378 -114.025063
-264.659575 -129.777546 -113.716963
-262.693210 -129.973715 -113.408863
-260.726845 -130.169883 -113.100763
-258.760479 -130.366052 -112.792664
-256.794114 -130.562220 -112.484564
-254.827749 -130.758389 -112.176464
-252.861384 -130.954557 -111.868364
-250.895018 -131.150726 -111.560264
-248.928653 -131.346894 -111.252164
-246.962288 -131.543063 -110.944064
-244.995922 -131.739231 -110.635964
-243.029557 -131.935400 -110.327865
-241.063192 -132.131568 -110.019765
-239.096827 -132.327737 -109.711665
-237.130461 -132.523905 -109.403565
-235.164096 -132.720074 -109.095465
-233.197731 -132.916242 -108.787365
-231.231366 -133.112411 -108.479265
-229.265000 -133.308580 -108.171166
-227.298635 -133.504748 -107.863066
-225.332270 -133.700917 -107.554966
-223.365904 -133.897085 -107.246866
-221.399539 -134.093254 -106.938766
-219.433174 -134.289422 -106.630666
-217.466809 -134.485591 -106.322566
-215.500443 -134.681759 -106.014466
-213.534078 -134.877928 -105.706367
-211.567713 -135.074096 -105.398267
-209.601348 -135.270265 -105.090167
-207.634982 -135.466433 -104.782067
-205.668617 -135.662602 -104.473967
-203.702252 -135.858770 -104.165867
-201.735886 -136.054939 -103.857767
-199.769521 -136.251107 -103.549668
-197.803156 -136.447276 -103.241568
-195.836791 -136.643444 -102.933468
-193.870425 -136.839613 -102.625368
-191.904060 -137.035781 -102.317268
-189.937695 -137.231950 -102.009168
-187.971330 -137.428118 -101.701068
-186.004964 -137.624287 -101.392968
-184.038599 -137.820455 -101.084869
-182.072234 -138.016624 -100.776769
-180.105868 -138.212792 -100.468669
-178.139503 -138.408961 -100.160569
-176.173138 -138.605129 -99.852469
-174.206773 -138.801298 -99.544369
-172.240407 -138.997466 -99.236269
-170.274042 -139.193635 -98.928170
-168.307677 -139.389803 -98.620070
-166.341312 -139.585972 -98.311970
-164.374946 -139.782140 -98.003870
162.260848 47.367611 134.918595
160.560044 46.390407 134.528287
158.859241 45.413202 134.137979
157.158438 44.435998 133.747671
155.457635 43.458793 133.357363
153.756832 42.481589 132.967056
152.056029 41.504385 132.576748
150.355226 40.527180 132.186440
148.654422 39.549976 131.796132
146.953619 38.572771 131.405824
145.252816 37.595567 131.015516
143.552013 36.618363 130.625209
141.851210 35.641158 130.234901
140.150407 34.663954 129.844593
138.449604 33.686749 129.454285
136.748800 32.709545 129.063977
135.047997 31.732340 128.673669
133.347194 30.755136 128.283362
131.646391 29.777932 127.893054
129.945588 28.800727 127.502746
128.244785 27.823523 127.112438
126.543981 26.846318 126.722130
124.843178 25.869114 126.331823
123.142375 24.891910 125.941515
121.441572 23.914705 125.551207
119.740769 22.937501 125.160899
118.039966 21.960296 124.770591
116.339163 20.983092 124.380283
114.638359 20.005888 123.989976
112.937556 19.028683 123.599668
111.236753 18.051479 123.209360
109.535950 17.074274 122.819052
107.835147 16.097070 122.428744
106.134344 15.119866 122.038437
104.433541 14.142661 121.648129
102.732737 13.165457 121.257821
101.031934 12.188252 120.867513
99.331131 11.211048 120.477205
97.630328 10.233844 120.086897
95.929525 9.256639 119.696590
94.228722 8.279435 119.306282
92.527919 7.302230 118.915974
90.827115 6.325026 118.525666
89.126312 5.347821 118.135358
87.425509 4.370617 117.745050
85.724706 3.393413 117.354743
84.023903 2.416208 116.964435
82.323100 1.439004 116.574127
80.622296 0.461799 116.183819
78.921493 -0.515405 115.793511
77.220690 -1.492609 115.403204
75.519887 -2.469814 115.012896
73.819084 -3.447018 114.622588
72.118281 -4.424223 114.232280
70.417478 -5.401427 113.841972
68.716674 -6.378631 113.451664
67.015871 -7.355836 113.061357
65.315068 -8.333040 112.671049
63.614265 -9.310245 112.280741
61.913462 -10.287449 111.890433
60.212659 -11.264653 111.500125
58.511856 -12.241858 111.109818
56.811052 -13.219062 110.719510
55.110249 -14.196267 110.329202
53.409446 -15.173471 109.938894
51.708643 -16.150676 109.548586
50.007840 -17.127880 109.158278
48.307037 -18.105084 108.767971
46.606234 -19.082289 108.377663
44.905430 -20.059493 107.987355
-19.390395 -65.373501 8.285590
-17.585454 -65.659226 9.098331
-15.780512 -65.944951 9.911072
-13.975571 -66.230677 10.723813
-12.170630 -66.516402 11.536554
-10.365689 -66.802127 12.349295
-8.560747 -67.087853 13.162036
-6.755806 -67.373578 13.974777
-4.950865 -67.659304 14.787518
-3.145923 -67.945029 15.600259
-1.340982 -68.230754 16.413000
0.463959 -68.516480 17.225741
2.268901 -68.802205 18.038482
4.073842 -69.087931 18.851223
5.878783 -69.373656 19.663964
7.683724 -69.659381 20.476705
9.488666 -69.945107 21.289446
11.293607 -70.230832 22.102187
13.098548 -70.516558 22.914928
14.903490 -70.802283 23.727669
16.708431 -71.088008 24.540410
18.513372 -71.373734 25.353151
20.318313 -71.659459 26.165892
22.123255 -71.945184 26.978633
23.928196 -72.230910 27.791374
25.733137 -72.516635 28.604115
27.538079 -72.802361 29.416856
29.343020 -73.088086 30.229597
31.147961 -73.373811 31.042338
32.952903 -73.659537 31.855079
34.757844 -73.945262 32.667820
36.562785 -74.230988 33.480561
38.367726 -74.516713 34.293302
40.172668 -74.802438 35.106043
41.977609 -75.088164 35.918784
43.782550 -75.373889 36.731525
45.587492 -75.659614 37.544265
47.392433 -75.945340 38.357006
49.197374 -76.231065 39.169747
51.002315 -76.516791 39.982488
52.807257 -76.802516 40.795229
54.612198 -77.088241 41.607970
56.417139 -77.373967 42.420711
58.222081 -77.659692 43.233452
60.027022 -77.945418 44.046193
61.831963 -78.231143 44.858934
63.636905 -78.516868 45.671675
65.441846 -78.802594 46.484416
67.246787 -79.088319 47.297157
69.051728 -79.374045 48.109898
70.856670 -79.659770 48.922639
72.661611 -79.945495 49.735380
74.466552 -80.231221 50.548121
76.271494 -80.516946 51.360862
78.076435 -80.802671 52.173603
79.881376 -81.088397 52.986344
81.686317 -81.374122 53.799085
83.491259 -81.659848 54.611826
85.296200 -81.945573 55.424567
87.101141 -82.231298 56.237308
88.906083 -82.517024 57.050049
90.711024 -82.802749 57.862790
92.515965 -83.088475 58.675531
94.320907 -83.374200 59.488272
96.125848 -83.659925 60.301013
97.930789 -83.945651 61.113754
99.735730 -84.231376 61.926495
101.540672 -84.517102 62.739236
103.345613 -84.802827 63.551977
105.150554 -85.088552 64.364718
250.489922 -7.966163 -3.387453
250.534370 -9.762376 -4.265885
250.578818 -11.558589 -5.144318
250.623265 -13.354801 -6.022750
250.667713 -15.151014 -6.901182
250.712161 -16.947227 -7.779615
250.756609 -18.743440 -8.658047
250.801057 -20.539653 -9.536479
250.845505 -22.335866 -10.414911
250.889953 -24.132079 -11.293344
250.934400 -25.928292 -12.171776
250.978848 -27.724505 -13.050208
251.023296 -29.520718 -13.928641
251.067744 -31.316931 -14.807073
251.112192 -33.113144 -15.685505
251.156640 -34.909357 -16.563938
251.201088 -36.705570 -17.442370
251.245535 -38.501783 -18.320802
251.289983 -40.297996 -19.199235
251.334431 -42.094209 -20.077667
251.378879 -43.890422 -20.956099
251.423327 -45.686635 -21.834532
251.467775 -47.482848 -22.712964
251.512223 -49.279061 -23.591396
251.556671 -51.075274 -24.469828
251.601118 -52.871487 -25.348261
251.645566 -54.667700 -26.226693
251.690014 -56.463913 -27.105125
251.734462 -58.260126 -27.983558
251.778910 -60.056339 -28.861990
251.823358 -61.852552 -29.740422
251.867806 -63.648765 -30.618855
251.912253 -65.444978 -31.497287
251.956701 -67.241191 -32.375719
252.001149 -69.037404 -33.254152
252.045597 -70.833617 -34.132584
252.090045 -72.629830 -35.011016
252.134493 -74.426043 -35.889449
252.178941 -76.222256 -36.767881
252.223388 -78.018469 -37.646313
252.267836 -79.814682 -38.524745
252.312284 -81.610895 -39.403178
252.356732 -83.407108 -40.281610
252.401180 -85.203321 -41.160042
252.445628 -86.999534 -42.038475
252.490076 -88.795747 -42.916907
252.534523 -90.591960 -43.795339
252.578971 -92.388173 -44.673772
252.623419 -94.184385 -45.552204
252.667867 -95.980598 -46.430636
252.712315 -97.776811 -47.309069
252.756763 -99.573024 -48.187501
252.801211 -101.369237 -49.065933
252.845659 -103.165450 -49.944365
252.890106 -104.961663 -50.822798
252.934554 -106.757876 -51.701230
252.979002 -108.554089 -52.579662
253.023450 -110.350302 -53.458095
253.067898 -112.146515 -54.336527
253.112346 -113.942728 -55.214959
253.156794 -115.738941 -56.093392
253.201241 -117.535154 -56.971824
253.245689 -119.331367 -57.850256
253.290137 -121.127580 -58.728689
253.334585 -122.923793 -59.607121
253.379033 -124.720006 -60.485553
253.423481 -126.516219 -61.363986
253.467929 -128.312432 -62.242418
253.512376 -130.108645 -63.120850
253.556824 -131.904858 -63.999282
-172.393348 -130.537024 -136.522272
-173.422676 -131.644868 -137.831151
-174.452005 -132.752712 -139.140030
-175.481334 -133.860555 -140.448909
-176.510662 -134.968399 -141.757788
-177.539991 -136.076243 -143.066667
-178.569320 -137.184087 -144.375546
-179.598648 -138.291931 -145.684425
-180.627977 -139.399775 -146.993305
-181.657306 -140.507619 -148.302184
-182.686634 -141.615463 -149.611063
-183.715963 -142.723306 -150.919942
-184.745291 -143.831150 -152.228821
-185.774620 -144.938994 -153.537700
-186.803949 -146.046838 -154.846579
-187.833277 -147.154682 -156.155458
-188.862606 -148.262526 -157.464337
-189.891935 -149.370370 -158.773216
-190.921263 -150.478214 -160.082096
-191.950592 -151.586058 -161.390975
-192.979921 -152.693901 -162.699854
-194.009249 -153.801745 -164.008733
-195.038578 -154.909589 -165.317612
-196.067907 -156.017433 -166.626491
-197.097235 -157.125277 -167.935370
-198.126564 -158.233121 -169.244249
-199.155892 -159.340965 -170.553128
-200.185221 -160.448809 -171.862007
-201.214550 -161.556652 -173.170887
-202.243878 -162.664496 -174.479766
-203.273207 -163.772340 -175.788645
-204.302536 -164.880184 -177.097524
-205.331864 -165.988028 -178.406403
-206.361193 -167.095872 -179.715282
-207.390522 -168.203716 -181.024161
-208.419850 -169.311560 -182.333040
-209.449179 -170.419403 -183.641919
-210.478508 -171.527247 -184.950798
-211.507836 -172.635091 -186.259677
-212.537165 -173.742935 -187.568557
-213.566493 -174.850779 -188.877436
-214.595822 -175.958623 -190.186315
-215.625151 -177.066467 -191.495194
-216.654479 -178.174311 -192.804073
-217.683808 -179.282154 -194.112952
-218.713137 -180.389998 -195.421831
-219.742465 -181.497842 -196.730710
-220.771794 -182.605686 -198.039589
-221.801123 -183.713530 -199.348468
-222.830451 -184.821374 -200.657348
-223.859780 -185.929218 -201.966227
-224.889109 -187.037062 -203.275106
-225.918437 -188.144905 -204.583985
-226.947766 -189.252749 -205.892864
-227.977094 -190.360593 -207.201743
-229.006423 -191.468437 -208.510622
-230.035752 -192.576281 -209.819501
-231.065080 -193.684125 -211.128380
-232.094409 -194.791969 -212.437259
-233.123738 -195.899813 -213.746139
-234.153066 -197.007656 -215.055018
-235.182395 -198.115500 -216.363897
-236.211724 -199.223344 -217.672776
-237.241052 -200.331188 -218.981655
-238.270381 -201.439032 -220.290534
-239.299709 -202.546876 -221.599413
-240.329038 -203.654720 -222.908292
-241.358367 -204.762564 -224.217171
-242.387695 -205.870407 -225.526050
-243.417024 -206.978251 -226.834929
-182.363269 -132.873107 -131.289933
-182.090668 -132.095280 -129.467661
-181.818067 -131.317454 -127.645389
-181.545467 -130.539627 -125.823117
-181.272866 -129.761801 -124.000845
-181.000266 -128.983974 -122.178573
-180.727665 -128.206148 -120.356301
-180.455065 -127.428322 -118.534029
-180.182464 -126.650495 -116.711757
-179.909863 -125.872669 -114.889486
-179.637263 -125.094842 -113.067214
-179.364662 -124.317016 -111.244942
-179.092062 -123.539189 -109.422670
-178.819461 -122.761363 -107.600398
-178.546860 -121.983536 -105.778126
-178.274260 -121.205710 -103.955854
-178.001659 -120.427883 -102.133582
-177.729059 -119.650057 -100.311310
-177.456458 -118.872230 -98.489039
-177.183857 -118.094404 -96.666767
-176.911257 -117.316577 -94.844495
-176.638656 -116.538751 -93.022223
-176.366056 -115.760924 -91.199951
-176.093455 -114.983098 -89.377679
-175.820854 -114.205271 -87.555407
-175.548254 -113.427445 -85.733135
-175.275653 -112.649618 -83.910863
-175.003053 -111.871792 -82.088591
-174.730452 -111.093965 -80.266320
-174.457852 -110.316139 -78.444048
-174.185251 -109.538312 -76.621776
-173.912650 -108.760486 -74.799504
-173.640050 -107.982659 -72.977232
-173.367449 -107.204833 -71.154960
-173.094849 -106.427006 -69.332688
-172.822248 -105.649180 -67.510416
-172.549647 -104.871353 -65.688144
-172.277047 -104.093527 -63.865872
-172.004446 -103.315700 -62.043601
-171.731846 -102.537874 -60.221329
-171.459245 -101.760047 -58.399057
-171.186644 -100.982221 -56.576785
-170.914044 -100.204394 -54.754513
-170.641443 -99.426568 -52.932241
-170.368843 -98.648741 -51.109969
-170.096242 -97.870915 -49.287697
-169.823641 -97.093088 -47.465425
-169.551041 -96.315262 -45.643153
-169.278440 -95.537435 -43.820882
-169.005840 -94.759609 -41.998610
-168.733239 -93.981782 -40.176338
-168.460638 -93.203956 -38.354066
-168.188038 -92.426130 -36.531794
-167.915437 -91.648303 -34.709522
-167.642837 -90.870477 -32.887250
-167.370236 -90.092650 -31.064978
-167.097636 -89.314824 -29.242706
-166.825035 -88.536997 -27.420434
-166.552434 -87.759171 -25.598163
-166.279834 -86.981344 -23.775891
-166.007233 -86.203518 -21.953619
-165.734633 -85.425691 -20.131347
-165.462032 -84.647865 -18.309075
-165.189431 -83.870038 -16.486803
-164.916831 -83.092212 -14.664531
-164.644230 -82.314385 -12.842259
-164.371630 -81.536559 -11.019987
-164.099029 -80.758732 -9.197716
-163.826428 -79.980906 -7.375444
-163.553828 -79.203079 -5.553172
-110.547318 175.396744 -33.669412
-111.379037 176.683841 -32.384256
-112.210756 177.970939 -31.099101
-113.042474 179.258036 -29.813946
-113.874193 180.545133 -28.528791
-114.705912 181.832231 -27.243635
-115.537631 183.119328 -25.958480
-116.369350 184.406425 -24.673325
-117.201069 185.693523 -23.388169
-118.032788 186.980620 -22.103014
-118.864507 188.267717 -20.817859
-119.696226 189.554815 -19.532704
-120.527944 190.841912 -18.247548
-121.359663 192.129009 -16.962393
-122.191382 193.416107 -15.677238
-123.023101 194.703204 -14.392082
-123.854820 195.990302 -13.106927
-124.686539 197.277399 -11.821772
-125.518258 198.564496 -10.536617
-126.349977 199.851594 -9.251461
-127.181695 201.138691 -7.966306
-128.013414 202.425788 -6.681151
-128.845133 203.712886 -5.395995
-129.676852 204.999983 -4.110840
-130.508571 206.287080 -2.825685
-131.340290 207.574178 -1.540530
-132.172009 208.861275 -0.255374
-133.003728 210.148372 1.029781
-133.835447 211.435470 2.314936
-134.667165 212.722567 3.600092
-135.498884 214.009664 4.885247
-136.330603 215.296762 6.170402
-137.162322 216.583859 7.455557
-137.994041 217.870956 8.740713
-138.825760 219.158054 10.025868
-139.657479 220.445151 11.311023
-140.489198 221.732249 12.596179
-141.320917 223.019346 13.881334
-142.152635 224.306443 15.166489
-142.984354 225.593541 16.451644
-143.816073 226.880638 17.736800
-144.647792 228.167735 19.021955
-145.479511 229.454833 20.307110
-146.311230 230.741930 21.592266
-147.142949 232.029027 22.877421
-147.974668 233.316125 24.162576
-148.806387 234.603222 25.447731
-149.638105 235.890319 26.732887
-150.469824 237.177417 28.018042
-151.301543 238.464514 29.303197
-152.133262 239.751611 30.588353
-152.964981 241.038709 31.873508
-153.796700 242.325806 33.158663
-154.628419 243.612903 34.443818
-155.460138 244.900001 35.728974
-156.291856 246.187098 37.014129
-157.123575 247.474195 38.299284
-157.955294 248.761293 39.584440
-158.787013 250.048390 40.869595
-159.618732 251.335488 42.154750
-160.450451 252.622585 43.439905
-161.282170 253.909682 44.725061
-162.113889 255.196780 46.010216
-162.945608 256.483877 47.295371
-163.777326 257.770974 48.580527
-164.609045 259.058072 49.865682
-165.440764 260.345169 51.150837
-166.272483 261.632266 52.435992
-167.104202 262.919364 53.721148
-167.935921 264.206461 55.006303
206.025207 254.027418 -174.094428
204.487169 254.619912 -175.227295
202.949131 255.212407 -176.360162
201.411092 255.804902 -177.493029
199.873054 256.397396 -178.625896
198.335015 256.989891 -179.758763
196.796977 257.582386 -180.891630
195.258938 258.174880 -182.024497
193.720900 258.767375 -183.157365
192.182861 259.359870 -184.290232
190.644823 259.952365 -185.423099
189.106785 260.544859 -186.555966
187.568746 261.137354 -187.688833
186.030708 261.729849 -188.821700
184.492669 262.322343 -189.954567
182.954631 262.914838 -191.087434
181.416592 263.507333 -192.220301
179.878554 264.099827 -193.353168
178.340515 264.692322 -194.486035
176.802477 265.284817 -195.618902
175.264439 265.877311 -196.751769
173.726400 266.469806 -197.884636
172.188362 267.062301 -199.017503
170.650323 267.654796 -200.150371
169.112285 268.247290 -201.283238
167.574246 268.839785 -202.416105
166.036208 269.432280 -203.548972
164.498169 270.024774 -204.681839
162.960131 270.617269 -205.814706
161.422093 271.209764 -206.947573
159.884054 271.802258 -208.080440
158.346016 272.394753 -209.213307
156.807977 272.987248 -210.346174
155.269939 273.579743 -211.479041
153.731900 274.172237 -212.611908
152.193862 274.764732 -213.744775
150.655823 275.357227 -214.877642
149.117785 275.949721 -216.010509
147.579747 276.542216 -217.143376
146.041708 277.134711 -218.276244
144.503670 277.727205 -219.409111
142.965631 278.319700 -220.541978
141.427593 278.912195 -221.674845
139.889554 279.504689 -222.807712
138.351516 280.097184 -223.940579
136.813477 280.689679 -225.073446
135.275439 281.282174 -226.206313
133.737401 281.874668 -227.339180
132.199362 282.467163 -228.472047
130.661324 283.059658 -229.604914
129.123285 283.652152 -230.737781
127.585247 284.244647 -231.870648
126.047208 284.837142 -233.003515
124.509170 285.429636 -234.136382
122.971132 286.022131 -235.269250
121.433093 286.614626 -236.402117
119.895055 287.207120 -237.534984
118.357016 287.799615 -238.667851
116.818978 288.392110 -239.800718
115.280939 288.984605 -240.933585
113.742901 289.577099 -242.066452
112.204862 290.169594 -243.199319
110.666824 290.762089 -244.332186
109.128786 291.354583 -245.465053
107.590747 291.947078 -246.597920
106.052709 292.539573 -247.730787
104.514670 293.132067 -248.863654
102.976632 293.724562 -249.996521
101.438593 294.317057 -251.129388
99.900555 294.909552 -252.262255
-167.402046 31.394648 133.244090
-168.919624 30.092937 133.294143
-170.437203 28.791227 133.344196
-171.954781 27.489516 133.394249
-173.472360 26.187806 133.444302
-174.989938 24.886095 133.494355
-176.507516 23.584384 133.544408
-178.025095 22.282674 133.594462
-179.542673 20.980963 133.644515
-181.060252 19.679253 133.694568
-182.577830 18.377542 133.744621
-184.095408 17.075831 133.794674
-185.612987 15.774121 133.844727
-187.130565 14.472410 133.894781
-188.648144 13.170700 133.944834
-190.165722 11.868989 133.994887
-191.683300 10.567278 134.044940
-193.200879 9.265568 134.094993
-194.718457 7.963857 134.145046
-196.236036 6.662147 134.195100
-197.753614 5.360436 134.245153
-199.271192 4.058725 134.295206
-200.788771 2.757015 134.345259
-202.306349 1.455304 134.395312
-203.823928 0.153593 134.445365
-205.341506 -1.148117 134.495419
-206.859084 -2.449828 134.545472
-208.376663 -3.751538 134.595525
-209.894241 -5.053249 134.645578
-211.411820 -6.354960 134.695631
-212.929398 -7.656670 134.745684
-214.446976 -8.958381 134.795737
-215.964555 -10.260091 134.845791
-217.482133 -11.561802 134.895844
-218.999711 -12.863513 134.945897
-220.517290 -14.165223 134.995950
-222.034868 -15.466934 135.046003
-223.552447 -16.768644 135.096056
-225.070025 -18.070355 135.146110
-226.587603 -19.372066 135.196163
-228.105182 -20.673776 135.246216
-229.622760 -21.975487 135.296269
-231.140339 -23.277197 135.346322
-232.657917 -24.578908 135.396375
-234.175495 -25.880619 135.446429
-235.693074 -27.182329 135.496482
-237.210652 -28.484040 135.546535
-238.728231 -29.785750 135.596588
-240.245809 -31.087461 135.646641
-241.763387 -32.389172 135.696694
-243.280966 -33.690882 135.746748
-244.798544 -34.992593 135.796801
-246.316123 -36.294303 135.846854
-247.833701 -37.596014 135.896907
-249.351279 -38.897725 135.946960
-250.868858 -40.199435 135.997013
-252.386436 -41.501146 136.047066
-253.904015 -42.802857 136.097120
-255.421593 -44.104567 136.147173
-256.939171 -45.406278 136.197226
-258.456750 -46.707988 136.247279
-259.974328 -48.009699 136.297332
-261.491906 -49.311410 136.347385
-263.009485 -50.613120 136.397439
-264.527063 -51.914831 136.447492
-266.044642 -53.216541 136.497545
-267.562220 -54.518252 136.547598
-269.079798 -55.819963 136.597651
-270.597377 -57.121673 136.647704
-272.114955 -58.423384 136.697758
24.766242 17.263685 4.003618
25.513625 15.657235 3.075858
26.261008 14.050786 2.148098
27.008392 12.444336 1.220339
27.755775 10.837887 0.292579
28.503158 9.231437 -0.635181
29.250541 7.624987 -1.562940
29.997924 6.018538 -2.490700
30.745308 4.412088 -3.418460
31.492691 2.805639 -4.346220
32.240074 1.199189 -5.273979
32.987457 -0.407261 -6.201739
33.734840 -2.013710 -7.129499
34.482223 -3.620160 -8.057258
35.229607 -5.226610 -8.985018
35.976990 -6.833059 -9.912778
36.724373 -8.439509 -10.840537
37.471756 -10.045958 -11.768297
38.219139 -11.652408 -12.696057
38.966522 -13.258858 -13.623816
39.713906 -14.865307 -14.551576
40.461289 -16.471757 -15.479336
41.208672 -18.078206 -16.407095
41.956055 -19.684656 -17.334855
42.703438 -21.291106 -18.262615
43.450822 -22.897555 -19.190374
44.198205 -24.504005 -20.118134
44.945588 -26.110455 -21.045894
45.692971 -27.716904 -21.973653
46.440354 -29.323354 -22.901413
47.187737 -30.929803 -23.829173
47.935121 -32.536253 -24.756932
48.682504 -34.142703 -25.684692
49.429887 -35.749152 -26.612452
50.177270 -37.355602 -27.540212
50.924653 -38.962051 -28.467971
51.672036 -40.568501 -29.395731
52.419420 -42.174951 -30.323491
53.166803 -43.781400 -31.251250
53.914186 -45.387850 -32.179010
54.661569 -46.994299 -33.106770
55.408952 -48.600749 -34.034529
56.156335 -50.207199 -34.962289
56.903719 -51.813648 -35.890049
57.651102 -53.420098 -36.817808
58.398485 -55.026548 -37.745568
59.145868 -56.632997 -38.673328
59.893251 -58.239447 -39.601087
60.640635 -59.845896 -40.528847
61.388018 -61.452346 -41.456607
62.135401 -63.058796 -42.384366
62.882784 -64.665245 -43.312126
63.630167 -66.271695 -44.239886
64.377550 -67.878144 -45.167645
65.124934 -69.484594 -46.095405
65.872317 -71.091044 -47.023165
66.619700 -72.697493 -47.950925
67.367083 -74.303943 -48.878684
68.114466 -75.910393 -49.806444
68.861849 -77.516842 -50.734204
69.609233 -79.123292 -51.661963
70.356616 -80.729741 -52.589723
71.103999 -82.336191 -53.517483
71.851382 -83.942641 -54.445242
72.598765 -85.549090 -55.373002
73.346149 -87.155540 -56.300762
74.093532 -88.761989 -57.228521
74.840915 -90.368439 -58.156281
75.588298 -91.974889 -59.084041
76.335681 -93.581338 -60.011800
188.583136 -267.417251 -236.013465
188.268730 -266.280353 -234.398346
187.954324 -265.143454 -232.783226
187.639918 -264.006556 -231.168107
187.325513 -262.869657 -229.552987
187.011107 -261.732759 -227.937868
186.696701 -260.595861 -226.322748
186.382295 -259.458962 -224.707629
186.067890 -258.322064 -223.092509
185.753484 -257.185165 -221.477390
185.439078 -256.048267 -219.862270
185.124673 -254.911368 -218.247151
184.810267 -253.774470 -216.632031
184.495861 -252.637572 -215.016912
184.181455 -251.500673 -213.401792
183.867050 -250.363775 -211.786673
183.552644 -249.226876 -210.171553
183.238238 -248.089978 -208.556434
182.923832 -246.953080 -206.941314
182.609427 -245.816181 -205.326195
182.295021 -244.679283 -203.711075
181.980615 -243.542384 -202.095956
181.666209 -242.405486 -200.480836
181.351804 -241.268588 -198.865717
181.037398 -240.131689 -197.250597
180.722992 -238.994791 -195.635478
180.408587 -237.857892 -194.020358
180.094181 -236.720994 -192.405239
179.779775 -235.584095 -190.790119
179.465369 -234.447197 -189.174999
179.150964 -233.310299 -187.559880
178.836558 -232.173400 -185.944760
178.522152 -231.036502 -184.329641
178.207746 -229.899603 -182.714521
177.893341 -228.762705 -181.099402
177.578935 -227.625807 -179.484282
177.264529 -226.488908 -177.869163
176.950124 -225.352010 -176.254043
176.635718 -224.215111 -174.638924
176.321312 -223.078213 -173.023804
176.006906 -221.941314 -171.408685
175.692501 -220.804416 -169.793565
175.378095 -219.667518 -168.178446
175.063689 -218.530619 -166.563326
174.749283 -217.393721 -164.948207
174.434878 -216.256822 -163.333087
174.120472 -215.119924 -161.717968
173.806066 -213.983026 -160.102848
173.491660 -212.846127 -158.487729
173.177255 -211.709229 -156.872609
172.862849 -210.572330 -155.257490
172.548443 -209.435432 -153.642370
172.234038 -208.298533 -152.027251
171.919632 -207.161635 -150.412131
171.605226 -206.024737 -148.797012
171.290820 -204.887838 -147.181892
170.976415 -203.750940 -145.566773
170.662009 -202.614041 -143.951653
170.347603 -201.477143 -142.336534
170.033197 -200.340245 -140.721414
169.718792 -199.203346 -139.106295
169.404386 -198.066448 -137.491175
169.089980 -196.929549 -135.876056
168.775574 -195.792651 -134.260936
168.461169 -194.655753 -132.645817
168.146763 -193.518854 -131.030697
167.832357 -192.381956 -129.415578
167.517952 -191.245057 -127.800458
167.203546 -190.108159 -126.185339
166.889140 -188.971260 -124.570219
-33.683681 -48.630328 -128.122525
-35.106252 -50.029608 -127.987218
-36.528822 -51.428889 -127.851911
-37.951393 -52.828169 -127.716604
-39.373964 -54.227449 -127.581297
-40.796534 -55.626729 -127.445990
-42.219105 -57.026009 -127.310682
-43.641675 -58.425289 -127.175375
-45.064246 -59.824569 -127.040068
-46.486817 -61.223849 -126.904761
-47.909387 -62.623130 -126.769454
-49.331958 -64.022410 -126.634147
-50.754528 -65.421690 -126.498839
-52.177099 -66.820970 -126.363532
-53.599670 -68.220250 -126.228225
-55.022240 -69.619530 -126.092918
-56.444811 -71.018810 -125.957611
-57.867381 -72.418090 -125.822304
-59.289952 -73.817371 -125.686996
-60.712523 -75.216651 -125.551689
-62.135093 -76.615931 -125.416382
-63.557664 -78.015211 -125.281075
-64.980234 -79.414491 -125.145768
-66.402805 -80.813771 -125.010461
-67.825376 -82.213051 -124.875153
-69.247946 -83.612331 -124.739846
-70.670517 -85.011611 -124.604539
-72.093087 -86.410892 -124.469232
-73.515658 -87.810172 -124.333925
-74.938229 -89.209452 -124.198618
-76.360799 -90.608732 -124.063310
-77.783370 -92.008012 -123.928003
-79.205940 -93.407292 -123.792696
-80.628511 -94.806572 -123.657389
-82.051082 -96.205852 -123.522082
-83.473652 -97.605133 -123.386775
-84.896223 -99.004413 -123.251468
-86.318794 -100.403693 -123.116160
-87.741364 -101.802973 -122.980853
-89.163935 -103.202253 -122.845546
-90.586505 -104.601533 -122.710239
-92.009076 -106.000813 -122.574932
-93.431647 -107.400093 -122.439625
-94.854217 -108.799373 -122.304317
-96.276788 -110.198654 -122.169010
-97.699358 -111.597934 -122.033703
-99.121929 -112.997214 -121.898396
-100.544500 -114.396494 -121.763089
-101.967070 -115.795774 -121.627782
-103.389641 -117.195054 -121.492474
-104.812211 -118.594334 -121.357167
-106.234782 -119.993614 -121.221860
-107.657353 -121.392895 -121.086553
-109.079923 -122.792175 -120.951246
-110.502494 -124.191455 -120.815939
-111.925064 -125.590735 -120.680631
-113.347635 -126.990015 -120.545324
-114.770206 -128.389295 -120.410017
-116.192776 -129.788575 -120.274710
-117.615347 -131.187855 -120.139403
-119.037917 -132.587136 -120.004096
-120.460488 -133.986416 -119.868788
-121.883059 -135.385696 -119.733481
-123.305629 -136.784976 -119.598174
-124.728200 -138.184256 -119.462867
-126.150770 -139.583536 -119.327560
-127.573341 -140.982816 -119.192253
-128.995912 -142.382096 -119.056946
-130.418482 -143.781376 -118.921638
-131.841053 -145.180657 -118.786331
282.363834 246.569532 -61.784994
281.815742 246.321798 -59.877581
281.267650 246.074063 -57.970169
280.719558 245.826328 -56.062756
280.171466 245.578593 -54.155343
279.623374 245.330858 -52.247931
279.075282 245.083124 -50.340518
278.527190 244.835389 -48.433106
277.979098 244.587654 -46.525693
277.431006 244.339919 -44.618281
276.882914 244.092184 -42.710868
276.334822 243.844450 -40.803456
275.786730 243.596715 -38.896043
275.238638 243.348980 -36.988631
274.690546 243.101245 -35.081218
274.142454 242.853510 -33.173805
273.594362 242.605776 -31.266393
273.046270 242.358041 -29.358980
272.498178 242.110306 -27.451568
271.950086 241.862571 -25.544155
271.401994 241.614836 -23.636743
270.853902 241.367101 -21.729330
270.305810 241.119367 -19.821918
269.757718 240.871632 -17.914505
269.209626 240.623897 -16.007093
268.661534 240.376162 -14.099680
268.113442 240.128427 -12.192268
267.565350 239.880693 -10.284855
267.017258 239.632958 -8.377442
266.469166 239.385223 -6.470030
265.921074 239.137488 -4.562617
265.372982 238.889753 -2.655205
264.824890 238.642019 -0.747792
264.276798 238.394284 1.159620
263.728706 238.146549 3.067033
263.180614 237.898814 4.974445
262.632522 237.651079 6.881858
262.084430 237.403344 8.789270
261.536338 237.155610 10.696683
260.988246 236.907875 12.604096
260.440154 236.660140 14.511508
259.892062 236.412405 16.418921
259.343970 236.164670 18.326333
258.795878 235.916936 20.233746
258.247786 235.669201 22.141158
257.699694 235.421466 24.048571
257.151602 235.173731 25.955983
256.603510 234.925996 27.863396
256.055418 234.678262 29.770808
255.507326 234.430527 31.678221
254.959234 234.182792 33.585634
254.411142 233.935057 35.493046
253.863050 233.687322 37.400459
253.314958 233.439587 39.307871
252.766866 233.191853 41.215284
252.218774 232.944118 43.122696
251.670682 232.696383 45.030109
251.122590 232.448648 46.937521
250.574498 232.200913 48.844934
250.026406 231.953179 50.752346
249.478314 231.705444 52.659759
248.930222 231.457709 54.567172
248.382130 231.209974 56.474584
247.834038 230.962239 58.381997
247.285946 230.714505 60.289409
246.737854 230.466770 62.196822
246.189762 230.219035 64.104234
245.641670 229.971300 66.011647
245.093578 229.723565 67.919059
244.545486 229.475830 69.826472
-240.075072 -210.303536 -259.386778
-238.116535 -209.908478 -259.297002
-236.157997 -209.513420 -259.207225
-234.199460 -209.118361 -259.117449
-232.240922 -208.723303 -259.027673
-230.282385 -208.328245 -258.937896
-228.323847 -207.933186 -258.848120
-226.365310 -207.538128 -258.758343
-224.406772 -207.143070 -258.668567
-222.448235 -206.748012 -258.578791
-220.489697 -206.352953 -258.489014
-218.531160 -205.957895 -258.399238
-216.572622 -205.562837 -258.309462
-214.614085 -205.167778 -258.219685
-212.655547 -204.772720 -258.129909
-210.697010 -204.377662 -258.040132
-208.738472 -203.982603 -257.950356
-206.779935 -203.587545 -257.860580
-204.821397 -203.192487 -257.770803
-202.862860 -202.797428 -257.681027
-200.904323 -202.402370 -257.591250
-198.945785 -202.007312 -257.501474
-196.987248 -201.612253 -257.411698
-195.028710 -201.217195 -257.321921
-193.070173 -200.822137 -257.232145
-191.111635 -200.427079 -257.142368
-189.153098 -200.032020 -257.052592
-187.194560 -199.636962 -256.962816
-185.236023 -199.241904 -256.873039
-183.277485 -198.846845 -256.783263
-181.318948 -198.451787 -256.693486
-179.360410 -198.056729 -256.603710
-177.401873 -197.661670 -256.513934
-175.443335 -197.266612 -256.424157
-173.484798 -196.871554 -256.334381
-171.526260 -196.476495 -256.244604
-169.567723 -196.081437 -256.154828
-167.609185 -195.686379 -256.065052
-165.650648 -195.291321 -255.975275
-163.692110 -194.896262 -255.885499
-161.733573 -194.501204 -255.795722
-159.775035 -194.106146 -255.705946
-157.816498 -193.711087 -255.616170
-155.857960 -193.316029 -255.526393
-153.899423 -192.920971 -255.436617
-151.940885 -192.525912 -255.346841
-149.982348 -192.130854 -255.257064
-148.023810 -191.735796 -255.167288
-146.065273 -191.340737 -255.077511
-144.106735 -190.945679 -254.987735
-142.148198 -190.550621 -254.897959
-140.189660 -190.155562 -254.808182
-138.231123 -189.760504 -254.718406
-136.272585 -189.365446 -254.628629
-134.314048 -188.970388 -254.538853
-132.355510 -188.575329 -254.449077
-130.396973 -188.180271 -254.359300
-128.438435 -187.785213 -254.269524
-126.479898 -187.390154 -254.179747
-124.521360 -186.995096 -254.089971
-122.562823 -186.600038 -254.000195
-120.604285 -186.204979 -253.910418
-118.645748 -185.809921 -253.820642
-116.687210 -185.414863 -253.730865
-114.728673 -185.019804 -253.641089
-112.770135 -184.624746 -253.551313
-110.811598 -184.229688 -253.461536
-108.853060 -183.834629 -253.371760
-106.894523 -183.439571 -253.281983
-104.935985 -183.044513 -253.192207
-210.147523 12.464992 -20.552250
-210.100235 12.843933 -18.589047
-210.052947 13.222873 -16.625843
-210.005659 13.601813 -14.662640
-209.958371 13.980753 -12.699436
-209.911083 14.359693 -10.736232
-209.863795 14.738634 -8.773029
-209.816507 15.117574 -6.809825
-209.769219 15.496514 -4.846622
-209.721932 15.875454 -2.883418
-209.674644 16.254394 -0.920215
-209.627356 16.633335 1.042989
-209.580068 17.012275 3.006192
-209.532780 17.391215 4.969396
-209.485492 17.770155 6.932600
-209.438204 18.149095 8.895803
-209.390916 18.528036 10.859007
-209.343628 18.906976 12.822210
-209.296340 19.285916 14.785414
-209.249052 19.664856 16.748617
-209.201764 20.043796 18.711821
-209.154476 20.422737 20.675024
-209.107189 20.801677 22.638228
-209.059901 21.180617 24.601431
-209.012613 21.559557 26.564635
-208.965325 21.938497 28.527839
-208.918037 22.317438 30.491042
-208.870749 22.696378 32.454246
-208.823461 23.075318 34.417449
-208.776173 23.454258 36.380653
-208.728885 23.833198 38.343856
-208.681597 24.212139 40.307060
-208.634309 24.591079 42.270263
-208.587021 24.970019 44.233467
-208.539733 25.348959 46.196671
-208.492446 25.727899 48.159874
-208.445158 26.106840 50.123078
-208.397870 26.485780 52.086281
-208.350582 26.864720 54.049485
-208.303294 27.243660 56.012688
-208.256006 27.622600 57.975892
-208.208718 28.001541 59.939095
-208.161430 28.380481 61.902299
-208.114142 28.759421 63.865502
-208.066854 29.138361 65.828706
-208.019566 29.517301 67.791910
-207.972278 29.896242 69.755113
-207.924990 30.275182 71.718317
-207.877703 30.654122 73.681520
-207.830415 31.033062 75.644724
-207.783127 31.412002 77.607927
-207.735839 31.790943 79.571131
-207.688551 32.169883 81.534334
-207.641263 32.548823 83.497538
-207.593975 32.927763 85.460742
-207.546687 33.306703 87.423945
-207.499399 33.685644 89.387149
-207.452111 34.064584 91.350352
-207.404823 34.443524 93.313556
-207.357535 34.822464 95.276759
-207.310247 35.201404 97.239963
-207.262960 35.580345 99.203166
-207.215672 35.959285 101.166370
-207.168384 36.338225 103.129573
-207.121096 36.717165 105.092777
-207.073808 37.096105 107.055981
-207.026520 37.475046 109.019184
-206.979232 37.853986 110.982388
-206.931944 38.232926 112.945591
-206.884656 38.611866 114.908795
99.245253 -69.431145 200.458931
100.324520 -67.817198 200.938885
101.403787 -66.203251 201.418840
102.483054 -64.589303 201.898794
103.562321 -62.975356 202.378749
104.641588 -61.361408 202.858703
105.720855 -59.747461 203.338658
106.800122 -58.133513 203.818612
107.879389 -56.519566 204.298566
108.958656 -54.905618 204.778521
110.037923 -53.291671 205.258475
111.117190 -51.677723 205.738430
112.196457 -50.063776 206.218384
113.275724 -48.449829 206.698339
114.354991 -46.835881 207.178293
115.434258 -45.221934 207.658248
116.513525 -43.607986 208.138202
117.592793 -41.994039 208.618157
118.672060 -40.380091 209.098111
119.751327 -38.766144 209.578066
120.830594 -37.152196 210.058020
121.909861 -35.538249 210.537974
122.989128 -33.924301 211.017929
124.068395 -32.310354 211.497883
125.147662 -30.696406 211.977838
126.226929 -29.082459 212.457792
127.306196 -27.468512 212.937747
128.385463 -25.854564 213.417701
129.464730 -24.240617 213.897656
130.543997 -22.626669 214.377610
131.623264 -21.012722 214.857565
132.702531 -19.398774 215.337519
133.781798 -17.784827 215.817474
134.861065 -16.170879 216.297428
135.940332 -14.556932 216.777383
137.019599 -12.942984 217.257337
138.098866 -11.329037 217.737291
139.178133 -9.715090 218.217246
140.257400 -8.101142 218.697200
141.336667 -6.487195 219.177155
142.415934 -4.873247 219.657109
143.495201 -3.259300 220.137064
144.574468 -1.645352 220.617018
145.653735 -0.031405 221.096973
146.733002 1.582543 221.576927
147.812269 3.196490 222.056882
148.891536 4.810438 222.536836
149.970803 6.424385 223.016791
151.050070 8.038333 223.496745
152.129337 9.652280 223.976700
153.208604 11.266227 224.456654
154.287871 12.880175 224.936608
155.367138 14.494122 225.416563
156.446405 16.108070 225.896517
157.525672 17.722017 226.376472
158.604940 19.335965 226.856426
159.684207 20.949912 227.336381
160.763474 22.563860 227.816335
161.842741 24.177807 228.296290
162.922008 25.791755 228.776244
164.001275 27.405702 229.256199
165.080542 29.019649 229.736153
166.159809 30.633597 230.216108
167.239076 32.247544 230.696062
168.318343 33.861492 231.176016
169.397610 35.475439 231.655971
170.476877 37.089387 232.135925
171.556144 38.703334 232.615880
172.635411 40.317282 233.095834
173.714678 41.931229 233.575789
9.866161 -199.788447 166.324269
8.798356 -200.022193 167.999129
7.730551 -200.255939 169.673989
6.662746 -200.489685 171.348849
5.594941 -200.723431 173.023708
4.527136 -200.957177 174.698568
3.459331 -201.190922 176.373428
2.391526 -201.424668 178.048288
1.323721 -201.658414 179.723148
0.255916 -201.892160 181.398007
-0.811889 -202.125906 183.072867
-1.879694 -202.359652 184.747727
-2.947499 -202.593398 186.422587
-4.015304 -202.827144 188.097447
-5.083109 -203.060890 189.772306
-6.150914 -203.294635 191.447166
-7.218719 -203.528381 193.122026
-8.286524 -203.762127 194.796886
-9.354329 -203.995873 196.471746
-10.422134 -204.229619 198.146605
-11.489939 -204.463365 199.821465
-12.557744 -204.697111 201.496325
-13.625549 -204.930857 203.171185
-14.693354 -205.164603 204.846045
-15.761159 -205.398348 206.520904
-16.828964 -205.632094 208.195764
-17.896769 -205.865840 209.870624
-18.964574 -206.099586 211.545484
-20.032379 -206.333332 213.220344
-21.100184 -206.567078 214.895203
-22.167989 -206.800824 216.570063
-23.235794 -207.034570 218.244923
-24.303599 -207.268316 219.919783
-25.371404 -207.502061 221.594643
-26.439209 -207.735807 223.269502
-27.507014 -207.969553 224.944362
-28.574819 -208.203299 226.619222
-29.642624 -208.437045 228.294082
-30.710429 -208.670791 229.968942
-31.778234 -208.904537 231.643801
-32.846039 -209.138283 233.318661
-33.913844 -209.372029 234.993521
-34.981649 -209.605774 236.668381
-36.049454 -209.839520 238.343241
-37.117259 -210.073266 240.018101
-38.185064 -210.307012 241.692960
-39.252869 -210.540758 243.367820
-40.320674 -210.774504 245.042680
-41.388479 -211.008250 246.717540
-42.456284 -211.241996 248.392400
-43.524089 -211.475742 250.067259
-44.591894 -211.709487 251.742119
-45.659699 -211.943233 253.416979
-46.727504 -212.176979 255.091839
-47.795309 -212.410725 256.766699
-48.863114 -212.644471 258.441558
-49.930919 -212.878217 260.116418
-50.998724 -213.111963 261.791278
-52.066529 -213.345709 263.466138
-53.134334 -213.579455 265.140998
-54.202139 -213.813200 266.815857
-55.269944 -214.046946 268.490717
-56.337749 -214.280692 270.165577
-57.405554 -214.514438 271.840437
-58.473359 -214.748184 273.515297
-59.541164 -214.981930 275.190156
-60.608969 -215.215676 276.865016
-61.676774 -215.449422 278.539876
-62.744579 -215.683168 280.214736
-63.812384 -215.916913 281.889596
-222.573789 73.544676 -66.999927
-221.833196 71.686942 -66.981372
-221.092603 69.829207 -66.962817
-220.352010 67.971473 -66.944261
-219.611417 66.113738 -66.925706
-218.870824 64.256004 -66.907150
-218.130231 62.398269 -66.888595
-217.389638 60.540535 -66.870040
-216.649045 58.682800 -66.851484
-215.908452 56.825065 -66.832929
-215.167859 54.967331 -66.814373
-214.427266 53.109596 -66.795818
-213.686673 51.251862 -66.777263
-212.946080 49.394127 -66.758707
-212.205487 47.536393 -66.740152
-211.464894 45.678658 -66.721597
-210.724301 43.820924 -66.703041
-209.983708 41.963189 -66.684486
-209.243114 40.105454 -66.665930
-208.502521 38.247720 -66.647375
-207.761928 36.389985 -66.628820
-207.021335 34.532251 -66.610264
-206.280742 32.674516 -66.591709
-205.540149 30.816782 -66.573153
-204.799556 28.959047 -66.554598
-204.058963 27.101313 -66.536043
-203.318370 25.243578 -66.517487
-202.577777 23.385844 -66.498932
-201.837184 21.528109 -66.480377
-201.096591 19.670374 -66.461821
-200.355998 17.812640 -66.443266
-199.615405 15.954905 -66.424710
-198.874812 14.097171 -66.406155
-198.134219 12.239436 -66.387600
-197.393626 10.381702 -66.369044
-196.653033 8.523967 -66.350489
-195.912440 6.666233 -66.331933
-195.171847 4.808498 -66.313378
-194.431254 2.950763 -66.294823
-193.690661 1.093029 -66.276267
-192.950068 -0.764706 -66.257712
-192.209475 -2.622440 -66.239157
-191.468882 -4.480175 -66.220601
-190.728289 -6.337909 -66.202046
-189.987696 -8.195644 -66.183490
-189.247103 -10.053378 -66.164935
-188.506510 -11.911113 -66.146380
-187.765917 -13.768848 -66.127824
-187.025324 -15.626582 -66.109269
-186.284731 -17.484317 -66.090713
-185.544138 -19.342051 -66.072158
-184.803545 -21.199786 -66.053603
-184.062951 -23.057520 -66.035047
-183.322358 -24.915255 -66.016492
-182.581765 -26.772989 -65.997937
-181.841172 -28.630724 -65.979381
-181.100579 -30.488458 -65.960826
-180.359986 -32.346193 -65.942270
-179.619393 -34.203928 -65.923715
-178.878800 -36.061662 -65.905160
-178.138207 -37.919397 -65.886604
-177.397614 -39.777131 -65.868049
-176.657021 -41.634866 -65.849493
-175.916428 -43.492600 -65.830938
-175.175835 -45.350335 -65.812383
-174.435242 -47.208069 -65.793827
-173.694649 -49.065804 -65.775272
-172.954056 -50.923539 -65.756717
-172.213463 -52.781273 -65.738161
-171.472870 -54.639008 -65.719606
-111.221784 -232.730355 -299.196971
-112.815259 -233.699943 -298.475350
-114.408734 -234.669531 -297.753728
-116.002208 -235.639119 -297.032107
-117.595683 -236.608708 -296.310486
-119.189157 -237.578296 -295.588865
-120.782632 -238.547884 -294.867243
-122.376107 -239.517472 -294.145622
-123.969581 -240.487061 -293.424001
-125.563056 -241.456649 -292.702379
-127.156530 -242.426237 -291.980758
-128.750005 -243.395825 -291.259137
-130.343480 -244.365414 -290.537516
-131.936954 -245.335002 -289.815894
-133.530429 -246.304590 -289.094273
-135.123903 -247.274179 -288.372652
-136.717378 -248.243767 -287.651031
-138.310853 -249.213355 -286.929409
-139.904327 -250.182943 -286.207788
-141.497802 -251.152532 -285.486167
-143.091277 -252.122120 -284.764546
-144.684751 -253.091708 -284.042924
-146.278226 -254.061296 -283.321303
-147.871700 -255.030885 -282.599682
-149.465175 -256.000473 -281.878060
-151.058650 -256.970061 -281.156439
-152.652124 -257.939650 -280.434818
-154.245599 -258.909238 -279.713197
-155.839073 -259.878826 -278.991575
-157.432548 -260.848414 -278.269954
-159.026023 -261.818003 -277.548333
-160.619497 -262.787591 -276.826712
-162.212972 -263.757179 -276.105090
-163.806446 -264.726767 -275.383469
-165.399921 -265.696356 -274.661848
-166.993396 -266.665944 -273.940227
-168.586870 -267.635532 -273.218605
-170.180345 -268.605120 -272.496984
-171.773820 -269.574709 -271.775363
-173.367294 -270.544297 -271.053742
-174.960769 -271.513885 -270.332120
-176.554243 -272.483474 -269.610499
-178.147718 -273.453062 -268.888878
-179.741193 -274.422650 -268.167256
-181.334667 -275.392238 -267.445635
-182.928142 -276.361827 -266.724014
-184.521616 -277.331415 -266.002393
-186.115091 -278.301003 -265.280771
-187.708566 -279.270591 -264.559150
-189.302040 -280.240180 -263.837529
-190.895515 -281.209768 -263.115908
-192.488990 -282.179356 -262.394286
-194.082464 -283.148945 -261.672665
-195.675939 -284.118533 -260.951044
-197.269413 -285.088121 -260.229423
-198.862888 -286.057709 -259.507801
-200.456363 -287.027298 -258.786180
-202.049837 -287.996886 -258.064559
-203.643312 -288.966474 -257.342937
-205.236786 -289.936062 -256.621316
-206.830261 -290.905651 -255.899695
-208.423736 -291.875239 -255.178074
-210.017210 -292.844827 -254.456452
-211.610685 -293.814415 -253.734831
-213.204159 -294.784004 -253.013210
-214.797634 -295.753592 -252.291589
-216.391109 -296.723180 -251.569967
-217.984583 -297.692769 -250.848346
-219.578058 -298.662357 -250.126725
-221.171533 -299.631945 -249.405104
54.472496 219.481182 123.886151
56.243830 218.862053 123.194014
58.015164 218.242923 122.501878
59.786499 217.623793 121.809741
61.557833 217.004664 121.117604
63.329167 216.385534 120.425467
65.100501 215.766404 119.733330
66.871836 215.147275 119.041193
68.643170 214.528145 118.349057
70.414504 213.909015 117.656920
72.185839 213.289886 116.964783
73.957173 212.670756 116.272646
75.728507 212.051627 115.580509
77.499841 211.432497 114.888373
79.271176 210.813367 114.196236
81.042510 210.194238 113.504099
82.813844 209.575108 112.811962
84.585178 208.955978 112.119825
86.356513 208.336849 111.427689
88.127847 207.717719 110.735552
89.899181 207.098590 110.043415
91.670516 206.479460 109.351278
93.441850 205.860330 108.659141
95.213184 205.241201 107.967004
96.984518 204.622071 107.274868
98.755853 204.002941 106.582731
100.527187 203.383812 105.890594
102.298521 202.764682 105.198457
104.069856 202.145552 104.506320
105.841190 201.526423 103.814184
107.612524 200.907293 103.122047
109.383858 200.288164 102.429910
111.155193 199.669034 101.737773
112.926527 199.049904 101.045636
114.697861 198.430775 100.353500
116.469196 197.811645 99.661363
118.240530 197.192515 98.969226
120.011864 196.573386 98.277089
121.783198 195.954256 97.584952
123.554533 195.335127 96.892815
125.325867 194.715997 96.200679
127.097201 194.096867 95.508542
128.868535 193.477738 94.816405
130.639870 192.858608 94.124268
132.411204 192.239478 93.432131
134.182538 191.620349 92.739995
135.953873 191.001219 92.047858
137.725207 190.382089 91.355721
139.496541 189.762960 90.663584
141.267875 189.143830 89.971447
143.039210 188.524701 89.279310
144.810544 187.905571 88.587174
146.581878 187.286441 87.895037
148.353213 186.667312 87.202900
150.124547 186.048182 86.510763
151.895881 185.429052 85.818626
153.667215 184.809923 85.126490
155.438550 184.190793 84.434353
157.209884 183.571664 83.742216
158.981218 182.952534 83.050079
160.752553 182.333404 82.357942
162.523887 181.714275 81.665806
164.295221 181.095145 80.973669
166.066555 180.476015 80.281532
167.837890 179.856886 79.589395
169.609224 179.237756 78.897258
171.380558 178.618626 78.205121
173.151892 177.999497 77.512985
174.923227 177.380367 76.820848
176.694561 176.761238 76.128711
58.172352 -142.458702 141.985687
56.370715 -141.607300 141.814759
54.569077 -140.755897 141.643831
52.767440 -139.904495 141.472903
50.965802 -139.053092 141.301976
49.164165 -138.201690 141.131048
47.362528 -137.350287 140.960120
45.560890 -136.498885 140.789192
43.759253 -135.647482 140.618265
41.957615 -134.796080 140.447337
40.155978 -133.944677 140.276409
38.354340 -133.093275 140.105481
36.552703 -132.241872 139.934554
34.751065 -131.390470 139.763626
32.949428 -130.539068 139.592698
31.147790 -129.687665 139.421770
29.346153 -128.836263 139.250843
27.544516 -127.984860 139.079915
25.742878 -127.133458 138.908987
23.941241 -126.282055 138.738059
22.139603 -125.430653 138.567132
20.337966 -124.579250 138.396204
18.536328 -123.727848 138.225276
16.734691 -122.876445 138.054348
14.933053 -122.025043 137.883421
13.131416 -121.173640 137.712493
11.329778 -120.322238 137.541565
9.528141 -119.470835 137.370637
7.726504 -118.619433 137.199710
5.924866 -117.768030 137.028782
4.123229 -116.916628 136.857854
2.321591 -116.065225 136.686926
0.519954 -115.213823 136.515998
-1.281684 -114.362420 136.345071
-3.083321 -113.511018 136.174143
-4.884959 -112.659615 136.003215
-6.686596 -111.808213 135.832287
-8.488234 -110.956810 135.661360
-10.289871 -110.105408 135.490432
-12.091508 -109.254006 135.319504
-13.893146 -108.402603 135.148576
-15.694783 -107.551201 134.977649
-17.496421 -106.699798 134.806721
-19.298058 -105.848396 134.635793
-21.099696 -104.996993 134.464865
-22.901333 -104.145591 134.293938
-24.702971 -103.294188 134.123010
-26.504608 -102.442786 133.952082
-28.306246 -101.591383 133.781154
-30.107883 -100.739981 133.610227
-31.909520 -99.888578 133.439299
-33.711158 -99.037176 133.268371
-35.512795 -98.185773 133.097443
-37.314433 -97.334371 132.926516
-39.116070 -96.482968 132.755588
-40.917708 -95.631566 132.584660
-42.719345 -94.780163 132.413732
-44.520983 -93.928761 132.242805
-46.322620 -93.077358 132.071877
-48.124258 -92.225956 131.900949
-49.925895 -91.374553 131.730021
-51.727532 -90.523151 131.559094
-53.529170 -89.671748 131.388166
-55.330807 -88.820346 131.217238
-57.132445 -87.968944 131.046310
-58.934082 -87.117541 130.875383
-60.735720 -86.266139 130.704455
-62.537357 -85.414736 130.533527
-64.338995 -84.563334 130.362599
-66.140632 -83.711931 130.191672
-149.281804 -238.762078 -129.759300
-151.015406 -237.817430 -129.439515
-152.749008 -236.872781 -129.119731
-154.482611 -235.928133 -128.799946
-156.216213 -234.983485 -128.480161
-157.949816 -234.038836 -128.160377
-159.683418 -233.094188 -127.840592
-161.417021 -232.149540 -127.520808
-163.150623 -231.204891 -127.201023
-164.884225 -230.260243 -126.881238
-166.617828 -229.315595 -126.561454
-168.351430 -228.370946 -126.241669
-170.085033 -227.426298 -125.921884
-171.818635 -226.481650 -125.602100
-173.552237 -225.537002 -125.282315
-175.285840 -224.592353 -124.962531
-177.019442 -223.647705 -124.642746
-178.753045 -222.703057 -124.322961
-180.486647 -221.758408 -124.003177
-182.220250 -220.813760 -123.683392
-183.953852 -219.869112 -123.363608
-185.687454 -218.924463 -123.043823
-187.421057 -217.979815 -122.724038
-189.154659 -217.035167 -122.404254
-190.888262 -216.090518 -122.084469
-192.621864 -215.145870 -121.764685
-194.355467 -214.201222 -121.444900
-196.089069 -213.256573 -121.125115
-197.822671 -212.311925 -120.805331
-199.556274 -211.367277 -120.485546
-201.289876 -210.422628 -120.165761
-203.023479 -209.477980 -119.845977
-204.757081 -208.533332 -119.526192
-206.490683 -207.588683 -119.206408
-208.224286 -206.644035 -118.886623
-209.957888 -205.699387 -118.566838
-211.691491 -204.754739 -118.247054
-213.425093 -203.810090 -117.927269
-215.158696 -202.865442 -117.607485
-216.892298 -201.920794 -117.287700
-218.625900 -200.976145 -116.967915
-220.359503 -200.031497 -116.648131
-222.093105 -199.086849 -116.328346
-223.826708 -198.142200 -116.008562
-225.560310 -197.197552 -115.688777
-227.293913 -196.252904 -115.368992
-229.027515 -195.308255 -115.049208
-230.761117 -194.363607 -114.729423
-232.494720 -193.418959 -114.409638
-234.228322 -192.474310 -114.089854
-235.961925 -191.529662 -113.770069
-237.695527 -190.585014 -113.450285
-239.429129 -189.640365 -113.130500
-241.162732 -188.695717 -112.810715
-242.896334 -187.751069 -112.490931
-244.629937 -186.806420 -112.171146
-246.363539 -185.861772 -111.851362
-248.097142 -184.917124 -111.531577
-249.830744 -183.972476 -111.211792
-251.564346 -183.027827 -110.892008
-253.297949 -182.083179 -110.572223
-255.031551 -181.138531 -110.252438
-256.765154 -180.193882 -109.932654
-258.498756 -179.249234 -109.612869
-260.232359 -178.304586 -109.293085
-261.965961 -177.359937 -108.973300
-263.699563 -176.415289 -108.653515
-265.433166 -175.470641 -108.333731
-267.166768 -174.525992 -108.013946
-268.900371 -173.581344 -107.694162
-132.275080 -84.991640 -155.826374
-132.609231 -84.245824 -154.000970
-132.943382 -83.500008 -152.175565
-133.277534 -82.754192 -150.350161
-133.611685 -82.008376 -148.524756
-133.945836 -81.262560 -146.699352
-134.279987 -80.516744 -144.873948
-134.614139 -79.770928 -143.048543
-134.948290 -79.025112 -141.223139
-135.282441 -78.279296 -139.397734
-135.616593 -77.533480 -137.572330
-135.950744 -76.787664 -135.746925
-136.284895 -76.041848 -133.921521
-136.619047 -75.296032 -132.096117
-136.953198 -74.550216 -130.270712
-137.287349 -73.804400 -128.445308
-137.621500 -73.058584 -126.619903
-137.955652 -72.312768 -124.794499
-138.289803 -71.566952 -122.969094
-138.623954 -70.821136 -121.143690
-138.958106 -70.075320 -119.318286
-139.292257 -69.329504 -117.492881
-139.626408 -68.583688 -115.667477
-139.960560 -67.837871 -113.842072
-140.294711 -67.092055 -112.016668
-140.628862 -66.346239 -110.191263
-140.963013 -65.600423 -108.365859
-141.297165 -64.854607 -106.540454
-141.631316 -64.108791 -104.715050
-141.965467 -63.362975 -102.889646
-142.299619 -62.617159 -101.064241
-142.633770 -61.871343 -99.238837
-142.967921 -61.125527 -97.413432
-143.302073 -60.379711 -95.588028
-143.636224 -59.633895 -93.762623
-143.970375 -58.888079 -91.937219
-144.304527 -58.142263 -90.111815
-144.638678 -57.396447 -88.286410
-144.972829 -56.650631 -86.461006
-145.306980 -55.904815 -84.635601
-145.641132 -55.158999 -82.810197
-145.975283 -54.413183 -80.984792
-146.309434 -53.667367 -79.159388
-146.643586 -52.921551 -77.333983
-146.977737 -52.175735 -75.508579
-147.311888 -51.429919 -73.683175
-147.646040 -50.684103 -71.857770
-147.980191 -49.938287 -70.032366
-148.314342 -49.192471 -68.206961
-148.648493 -48.446655 -66.381557
-148.982645 -47.700839 -64.556152
-149.316796 -46.955023 -62.730748
-149.650947 -46.209207 -60.905344
-149.985099 -45.463391 -59.079939
-150.319250 -44.717575 -57.254535
-150.653401 -43.971758 -55.429130
-150.987553 -43.225942 -53.603726
-151.321704 -42.480126 -51.778321
-151.655855 -41.734310 -49.952917
-151.990006 -40.988494 -48.127512
-152.324158 -40.242678 -46.302108
-152.658309 -39.496862 -44.476704
-152.992460 -38.751046 -42.651299
-153.326612 -38.005230 -40.825895
-153.660763 -37.259414 -39.000490
-153.994914 -36.513598 -37.175086
-154.329066 -35.767782 -35.349681
-154.663217 -35.021966 -33.524277
-154.997368 -34.276150 -31.698873
-155.331519 -33.530334 -29.873468
189.049758 65.961608 288.478251
188.969530 67.645990 287.402881
188.889302 69.330373 286.327512
188.809074 71.014755 285.252142
188.728846 72.699137 284.176772
188.648618 74.383519 283.101403
188.568389 76.067902 282.026033
188.488161 77.752284 280.950664
188.407933 79.436666 279.875294
188.327705 81.121048 278.799924
188.247477 82.805431 277.724555
188.167249 84.489813 276.649185
188.087021 86.174195 275.573816
188.006792 87.858578 274.498446
187.926564 89.542960 273.423076
187.846336 91.227342 272.347707
187.766108 92.911724 271.272337
187.685880 94.596107 270.196968
187.605652 96.280489 269.121598
187.525424 97.964871 268.046228
187.445196 99.649253 266.970859
187.364967 101.333636 265.895489
187.284739 103.018018 264.820119
187.204511 104.702400 263.744750
187.124283 106.386783 262.669380
187.044055 108.071165 261.594011
186.963827 109.755547 260.518641
186.883599 111.439929 259.443271
186.803370 113.124312 258.367902
186.723142 114.808694 257.292532
186.642914 116.493076 256.217163
186.562686 118.177458 255.141793
186.482458 119.861841 254.066423
186.402230 121.546223 252.991054
186.322002 123.230605 251.915684
186.241774 124.914988 250.840315
186.161545 126.599370 249.764945
186.081317 128.283752 248.689575
186.001089 129.968134 247.614206
185.920861 131.652517 246.538836
185.840633 133.336899 245.463466
185.760405 135.021281 244.388097
185.680177 136.705663 243.312727
185.599948 138.390046 242.237358
185.519720 140.074428 241.161988
185.439492 141.758810 240.086618
185.359264 143.443193 239.011249
185.279036 145.127575 237.935879
185.198808 146.811957 236.860510
185.118580 148.496339 235.785140
185.038352 150.180722 234.709770
184.958123 151.865104 233.634401
184.877895 153.549486 232.559031
184.797667 155.233869 231.483662
184.717439 156.918251 230.408292
184.637211 158.602633 229.332922
184.556983 160.287015 228.257553
184.476755 161.971398 227.182183
184.396526 163.655780 226.106813
184.316298 165.340162 225.031444
184.236070 167.024544 223.956074
184.155842 168.708927 222.880705
184.075614 170.393309 221.805335
183.995386 172.077691 220.729965
183.915158 173.762074 219.654596
183.834929 175.446456 218.579226
183.754701 177.130838 217.503857
183.674473 178.815220 216.428487
183.594245 180.499603 215.353117
183.514017 182.183985 214.277748
177.533956 -283.586744 -187.510308
176.350996 -283.195864 -189.074859
175.168036 -282.804984 -190.639409
173.985076 -282.414103 -192.203960
172.802116 -282.023223 -193.768510
171.619156 -281.632343 -195.333061
170.436196 -281.241463 -196.897611
169.253236 -280.850582 -198.462162
168.070276 -280.459702 -200.026712
166.887316 -280.068822 -201.591263
165.704356 -279.677941 -203.155813
164.521396 -279.287061 -204.720364
163.338436 -278.896181 -206.284914
162.155476 -278.505301 -207.849465
160.972516 -278.114420 -209.414015
159.789556 -277.723540 -210.978566
158.606596 -277.332660 -212.543116
157.423636 -276.941780 -214.107667
156.240676 -276.550899 -215.672217
155.057716 -276.160019 -217.236768
153.874756 -275.769139 -218.801318
152.691796 -275.378258 -220.365869
151.508836 -274.987378 -221.930419
150.325876 -274.596498 -223.494970
149.142916 -274.205618 -225.059520
147.959956 -273.814737 -226.624071
146.776996 -273.423857 -228.188621
145.594036 -273.032977 -229.753172
144.411076 -272.642096 -231.317722
143.228116 -272.251216 -232.882273
142.045156 -271.860336 -234.446823
140.862196 -271.469456 -236.011374
139.679236 -271.078575 -237.575924
138.496276 -270.687695 -239.140475
137.313316 -270.296815 -240.705025
136.130356 -269.905935 -242.269576
134.947396 -269.515054 -243.834126
133.764436 -269.124174 -245.398677
132.581476 -268.733294 -246.963227
131.398516 -268.342413 -248.527778
130.215556 -267.951533 -250.092328
129.032596 -267.560653 -251.656878
127.849636 -267.169773 -253.221429
126.666676 -266.778892 -254.785979
125.483716 -266.388012 -256.350530
124.300756 -265.997132 -257.915080
123.117796 -265.606251 -259.479631
121.934836 -265.215371 -261.044181
120.751876 -264.824491 -262.608732
119.568916 -264.433611 -264.173282
118.385956 -264.042730 -265.737833
117.202996 -263.651850 -267.302383
116.020036 -263.260970 -268.866934
114.837076 -262.870090 -270.431484
113.654116 -262.479209 -271.996035
112.471156 -262.088329 -273.560585
111.288196 -261.697449 -275.125136
110.105236 -261.306568 -276.689686
108.922276 -260.915688 -278.254237
107.739316 -260.524808 -279.818787
106.556356 -260.133928 -281.383338
105.373396 -259.743047 -282.947888
104.190436 -259.352167 -284.512439
103.007476 -258.961287 -286.076989
101.824516 -258.570406 -287.641540
100.641556 -258.179526 -289.206090
99.458596 -257.788646 -290.770641
98.275636 -257.397766 -292.335191
97.092676 -257.006885 -293.899742
95.909716 -256.616005 -295.464292
-183.474109 57.896647 9.901714
-184.793500 58.443955 11.301593
-186.112891 58.991263 12.701473
-187.432281 59.538571 14.101352
-188.751672 60.085878 15.501231
-190.071063 60.633186 16.901111
-191.390453 61.180494 18.300990
-192.709844 61.727802 19.700870
-194.029235 62.275110 21.100749
-195.348625 62.822418 22.500628
-196.668016 63.369726 23.900508
-197.987407 63.917034 25.300387
-199.306797 64.464341 26.700267
-200.626188 65.011649 28.100146
-201.945579 65.558957 29.500025
-203.264969 66.106265 30.899905
-204.584360 66.653573 32.299784
-205.903751 67.200881 33.699664
-207.223141 67.748189 35.099543
-208.542532 68.295497 36.499422
-209.861923 68.842805 37.899302
-211.181313 69.390112 39.299181
-212.500704 69.937420 40.699061
-213.820095 70.484728 42.098940
-215.139485 71.032036 43.498819
-216.458876 71.579344 44.898699
-217.778267 72.126652 46.298578
-219.097657 72.673960 47.698458
-220.417048 73.221268 49.098337
-221.736439 73.768575 50.498216
-223.055829 74.315883 51.898096
-224.375220 74.863191 53.297975
-225.694611 75.410499 54.697855
-227.014001 75.957807 56.097734
-228.333392 76.505115 57.497613
-229.652783 77.052423 58.897493
-230.972173 77.599731 60.297372
-232.291564 78.147038 61.697252
-233.610955 78.694346 63.097131
-234.930345 79.241654 64.497010
-236.249736 79.788962 65.896890
-237.569127 80.336270 67.296769
-238.888517 80.883578 68.696649
-240.207908 81.430886 70.096528
-241.527299 81.978194 71.496407
-242.846689 82.525502 72.896287
-244.166080 83.072809 74.296166
-245.485471 83.620117 75.696046
-246.804861 84.167425 77.095925
-248.124252 84.714733 78.495804
-249.443643 85.262041 79.895684
-250.763033 85.809349 81.295563
-252.082424 86.356657 82.695443
-253.401815 86.903965 84.095322
-254.721205 87.451272 85.495202
-256.040596 87.998580 86.895081
-257.359987 88.545888 88.294960
-258.679377 89.093196 89.694840
-259.998768 89.640504 91.094719
-261.318159 90.187812 92.494599
-262.637549 90.735120 93.894478
-263.956940 91.282428 95.294357
-265.276331 91.829736 96.694237
-266.595721 92.377043 98.094116
-267.915112 92.924351 99.493996
-269.234503 93.471659 100.893875
-270.553893 94.018967 102.293754
-271.873284 94.566275 103.693634
-273.192675 95.113583 105.093513
-274.512065 95.660891 106.493393
-0.980906 -88.284195 225.025654
-1.389729 -86.371979 224.605778
-1.798552 -84.459764 224.185902
-2.207375 -82.547549 223.766026
-2.616198 -80.635333 223.346149
-3.025021 -78.723118 222.926273
-3.433844 -76.810902 222.506397
-3.842667 -74.898687 222.086521
-4.251490 -72.986472 221.666645
-4.660313 -71.074256 221.246769
-5.069136 -69.162041 220.826892
-5.477959 -67.249825 220.407016
-5.886782 -65.337610 219.987140
-6.295605 -63.425394 219.567264
-6.704428 -61.513179 219.147388
-7.113251 -59.600964 218.727512
-7.522074 -57.688748 218.307635
-7.930897 -55.776533 217.887759
-8.339720 -53.864317 217.467883
-8.748542 -51.952102 217.048007
-9.157365 -50.039887 216.628131
-9.566188 -48.127671 216.208255
-9.975011 -46.215456 215.788378
-10.383834 -44.303240 215.368502
-10.792657 -42.391025 214.948626
-11.201480 -40.478810 214.528750
-11.610303 -38.566594 214.108874
-12.019126 -36.654379 213.688998
-12.427949 -34.742163 213.269122
-12.836772 -32.829948 212.849245
-13.245595 -30.917732 212.429369
-13.654418 -29.005517 212.009493
-14.063241 -27.093302 211.589617
-14.472064 -25.181086 211.169741
-14.880887 -23.268871 210.749865
-15.289710 -21.356655 210.329988
-15.698533 -19.444440 209.910112
-16.107356 -17.532225 209.490236
-16.516179 -15.620009 209.070360
-16.925002 -13.707794 208.650484
-17.333825 -11.795578 208.230608
-17.742648 -9.883363 207.810731
-18.151471 -7.971147 207.390855
-18.560294 -6.058932 206.970979
-18.969117 -4.146717 206.551103
-19.377940 -2.234501 206.131227
-19.786763 -0.322286 205.711351
-20.195586 1.589930 205.291474
-20.604409 3.502145 204.871598
-21.013232 5.414360 204.451722
-21.422054 7.326576 204.031846
-21.830877 9.238791 203.611970
-22.239700 11.151007 203.192094
-22.648523 13.063222 202.772217
-23.057346 14.975437 202.352341
-23.466169 16.887653 201.932465
-23.874992 18.799868 201.512589
-24.283815 20.712084 201.092713
-24.692638 22.624299 200.672837
-25.101461 24.536515 200.252960
-25.510284 26.448730 199.833084
-25.919107 28.360945 199.413208
-26.327930 30.273161 198.993332
-26.736753 32.185376 198.573456
-27.145576 34.097592 198.153580
-27.554399 36.009807 197.733703
-27.963222 37.922022 197.313827
-28.372045 39.834238 196.893951
-28.780868 41.746453 196.474075
-29.189691 43.658669 196.054199
71.759711 -270.505258 -236.961136
69.946803 -270.134630 -237.720082
68.133895 -269.764003 -238.479028
66.320986 -269.393375 -239.237973
64.508078 -269.022747 -239.996919
62.695170 -268.652120 -240.755865
60.882261 -268.281492 -241.514811
59.069353 -267.910864 -242.273756
57.256445 -267.540237 -243.032702
55.443536 -267.169609 -243.791648
53.630628 -266.798981 -244.550593
51.817720 -266.428353 -245.309539
50.004811 -266.057726 -246.068485
48.191903 -265.687098 -246.827430
46.378995 -265.316470 -247.586376
44.566087 -264.945843 -248.345322
42.753178 -264.575215 -249.104267
40.940270 -264.204587 -249.863213
39.127362 -263.833960 -250.622159
37.314453 -263.463332 -251.381104
35.501545 -263.092704 -252.140050
33.688637 -262.722076 -252.898996
31.875728 -262.351449 -253.657941
30.062820 -261.980821 -254.416887
28.249912 -261.610193 -255.175833
26.437003 -261.239566 -255.934778
24.624095 -260.868938 -256.693724
22.811187 -260.498310 -257.452670
20.998278 -260.127683 -258.211616
19.185370 -259.757055 -258.970561
17.372462 -259.386427 -259.729507
15.559553 -259.015800 -260.488453
13.746645 -258.645172 -261.247398
11.933737 -258.274544 -262.006344
10.120829 -257.903916 -262.765290
8.307920 -257.533289 -263.524235
6.495012 -257.162661 -264.283181
4.682104 -256.792033 -265.042127
2.869195 -256.421406 -265.801072
1.056287 -256.050778 -266.560018
-0.756621 -255.680150 -267.318964
-2.569530 -255.309523 -268.077909
-4.382438 -254.938895 -268.836855
-6.195346 -254.568267 -269.595801
-8.008255 -254.197639 -270.354746
-9.821163 -253.827012 -271.113692
-11.634071 -253.456384 -271.872638
-13.446980 -253.085756 -272.631583
-15.259888 -252.715129 -273.390529
-17.072796 -252.344501 -274.149475
-18.885705 -251.973873 -274.908421
-20.698613 -251.603246 -275.667366
-22.511521 -251.232618 -276.426312
-24.324429 -250.861990 -277.185258
-26.137338 -250.491363 -277.944203
-27.950246 -250.120735 -278.703149
-29.763154 -249.750107 -279.462095
-31.576063 -249.379479 -280.221040
-33.388971 -249.008852 -280.979986
-35.201879 -248.638224 -281.738932
-37.014788 -248.267596 -282.497877
-38.827696 -247.896969 -283.256823
-40.640604 -247.526341 -284.015769
-42.453513 -247.155713 -284.774714
-44.266421 -246.785086 -285.533660
-46.079329 -246.414458 -286.292606
-47.892238 -246.043830 -287.051551
-49.705146 -245.673202 -287.810497
-51.518054 -245.302575 -288.569443
-53.330963 -244.931947 -289.328388
-193.668581 86.903656 81.397630
-192.168027 85.611717 81.116151
-190.667472 84.319778 80.834671
-189.166918 83.027839 80.553191
-187.666364 81.735900 80.271712
-186.165810 80.443961 79.990232
-184.665256 79.152021 79.708752
-183.164702 77.860082 79.427273
-181.664148 76.568143 79.145793
-180.163594 75.276204 78.864313
-178.663040 73.984265 78.582834
-177.162486 72.692326 78.301354
-175.661932 71.400387 78.019874
-174.161378 70.108448 77.738395
-172.660823 68.816509 77.456915
-171.160269 67.524570 77.175435
-169.659715 66.232631 76.893956
-168.159161 64.940691 76.612476
-166.658607 63.648752 76.330996
-165.158053 62.356813 76.049516
-163.657499 61.064874 75.768037
-162.156945 59.772935 75.486557
-160.656391 58.480996 75.205077
-159.155837 57.189057 74.923598
-157.655283 55.897118 74.642118
-156.154729 54.605179 74.360638
-154.654174 53.313240 74.079159
-153.153620 52.021300 73.797679
-151.653066 50.729361 73.516199
-150.152512 49.437422 73.234720
-148.651958 48.145483 72.953240
-147.151404 46.853544 72.671760
-145.650850 45.561605 72.390281
-144.150296 44.269666 72.108801
-142.649742 42.977727 71.827321
-141.149188 41.685788 71.545842
-139.648634 40.393849 71.264362
-138.148079 39.101909 70.982882
-136.647525 37.809970 70.701403
-135.146971 36.518031 70.419923
-133.646417 35.226092 70.138443
-132.145863 33.934153 69.856964
-130.645309 32.642214 69.575484
-129.144755 31.350275 69.294004
-127.644201 30.058336 69.012525
-126.143647 28.766397 68.731045
-124.643093 27.474458 68.449565
-123.142539 26.182518 68.168086
-121.641985 24.890579 67.886606
-120.141430 23.598640 67.605126
-118.640876 22.306701 67.323647
-117.140322 21.014762 67.042167
-115.639768 19.722823 66.760687
-114.139214 18.430884 66.479208
-112.638660 17.138945 66.197728
-111.138106 15.847006 65.916248
-109.637552 14.555067 65.634769
-108.136998 13.263128 65.353289
-106.636444 11.971188 65.071809
-105.135890 10.679249 64.790330
-103.635336 9.387310 64.508850
-102.134781 8.095371 64.227370
-100.634227 6.803432 63.945891
-99.133673 5.511493 63.664411
-97.633119 4.219554 63.382931
-96.132565 2.927615 63.101452
-94.632011 1.635676 62.819972
-93.131457 0.343737 62.538492
-91.630903 -0.948203 62.257013
-90.130349 -2.240142 61.975533
-140.657986 52.607937 162.431497
-138.737006 53.157061 162.522603
-136.816027 53.706184 162.613709
-134.895047 54.255308 162.704815
-132.974067 54.804432 162.795921
-131.053088 55.353555 162.887027
-129.132108 55.902679 162.978133
-127.211128 56.451802 163.069240
-125.290149 57.000926 163.160346
-123.369169 57.550050 163.251452
-121.448189 58.099173 163.342558
-119.527210 58.648297 163.433664
-117.606230 59.197421 163.524770
-115.685250 59.746544 163.615876
-113.764271 60.295668 163.706982
-111.843291 60.844792 163.798088
-109.922311 61.393915 163.889194
-108.001332 61.943039 163.980300
-106.080352 62.492162 164.071406
-104.159372 63.041286 164.162512
-102.238393 63.590410 164.253618
-100.317413 64.139533 164.344724
-98.396433 64.688657 164.435831
-96.475454 65.237781 164.526937
-94.554474 65.786904 164.618043
-92.633494 66.336028 164.709149
-90.712515 66.885152 164.800255
-88.791535 67.434275 164.891361
-86.870555 67.983399 164.982467
-84.949576 68.532522 165.073573
-83.028596 69.081646 165.164679
-81.107616 69.630770 165.255785
-79.186636 70.179893 165.346891
-77.265657 70.729017 165.437997
-75.344677 71.278141 165.529103
-73.423697 71.827264 165.620209
-71.502718 72.376388 165.711315
-69.581738 72.925512 165.802421
-67.660758 73.474635 165.893528
-65.739779 74.023759 165.984634
-63.818799 74.572883 166.075740
-61.897819 75.122006 166.166846
-59.976840 75.671130 166.257952
-58.055860 76.220253 166.349058
-56.134880 76.769377 166.440164
-54.213901 77.318501 166.531270
-52.292921 77.867624 166.622376
-50.371941 78.416748 166.713482
-48.450962 78.965872 166.804588
-46.529982 79.514995 166.895694
-44.609002 80.064119 166.986800
-42.688023 80.613243 167.077906
-40.767043 81.162366 167.169012
-38.846063 81.711490 167.260118
-36.925084 82.260613 167.351225
-35.004104 82.809737 167.442331
-33.083124 83.358861 167.533437
-31.162145 83.907984 167.624543
-29.241165 84.457108 167.715649
-27.320185 85.006232 167.806755
-25.399206 85.555355 167.897861
-23.478226 86.104479 167.988967
-21.557246 86.653603 168.080073
-19.636267 87.202726 168.171179
-17.715287 87.751850 168.262285
-15.794307 88.300973 168.353391
-13.873327 88.850097 168.444497
-11.952348 89.399221 168.535603
-10.031368 89.948344 168.626709
-8.110388 90.497468 168.717815
112.671772 110.580674 273.763810
111.911552 111.825878 272.395770
111.151332 113.071081 271.027730
110.391112 114.316285 269.659690
109.630892 115.561489 268.291650
108.870672 116.806692 266.923610
108.110452 118.051896 265.555570
107.350232 119.297099 264.187530
106.590011 120.542303 262.819490
105.829791 121.787506 261.451450
105.069571 123.032710 260.083410
104.309351 124.277914 258.715371
103.549131 125.523117 257.347331
102.788911 126.768321 255.979291
102.028691 128.013524 254.611251
101.268471 129.258728 253.243211
100.508250 130.503932 251.875171
99.748030 131.749135 250.507131
98.987810 132.994339 249.139091
98.227590 134.239542 247.771051
97.467370 135.484746 246.403011
96.707150 136.729950 245.034971
95.946930 137.975153 243.666931
95.186710 139.220357 242.298891
94.426489 140.465560 240.930851
93.666269 141.710764 239.562811
92.906049 142.955968 238.194771
92.145829 144.201171 236.826731
91.385609 145.446375 235.458691
90.625389 146.691578 234.090651
89.865169 147.936782 232.722611
89.104949 149.181986 231.354571
88.344728 150.427189 229.986531
87.584508 151.672393 228.618491
86.824288 152.917596 227.250451
86.064068 154.162800 225.882411
85.303848 155.408003 224.514371
84.543628 156.653207 223.146331
83.783408 157.898411 221.778291
83.023188 159.143614 220.410251
82.262967 160.388818 219.042211
81.502747 161.634021 217.674171
80.742527 162.879225 216.306131
79.982307 164.124429 214.938091
79.222087 165.369632 213.570051
78.461867 166.614836 212.202011
77.701647 167.860039 210.833971
76.941427 169.105243 209.465931
76.181206 170.350447 208.097891
75.420986 171.595650 206.729851
74.660766 172.840854 205.361811
73.900546 174.086057 203.993772
73.140326 175.331261 202.625732
72.380106 176.576465 201.257692
71.619886 177.821668 199.889652
70.859665 179.066872 198.521612
70.099445 180.312075 197.153572
69.339225 181.557279 195.785532
68.579005 182.802482 194.417492
67.818785 184.047686 193.049452
67.058565 185.292890 191.681412
66.298345 186.538093 190.313372
65.538125 187.783297 188.945332
64.777904 189.028500 187.577292
64.017684 190.273704 186.209252
63.257464 191.518908 184.841212
62.497244 192.764111 183.473172
61.737024 194.009315 182.105132
60.976804 195.254518 180.737092
60.216584 196.499722 179.369052
218.825915 96.445441 -4.855674
219.911923 94.775516 -5.034377
220.997931 93.105590 -5.213081
222.083940 91.435665 -5.391785
223.169948 89.765739 -5.570488
224.255956 88.095814 -5.749192
225.341964 86.425888 -5.927896
226.427972 84.755962 -6.106599
227.513980 83.086037 -6.285303
228.599988 81.416111 -6.464007
229.685997 79.746186 -6.642710
230.772005 78.076260 -6.821414
231.858013 76.406335 -7.000118
232.944021 74.736409 -7.178821
234.030029 73.066484 -7.357525
235.116037 71.396558 -7.536228
236.202046 69.726633 -7.714932
237.288054 68.056707 -7.893636
238.374062 66.386782 -8.072339
239.460070 64.716856 -8.251043
240.546078 63.046931 -8.429747
241.632086 61.377005 -8.608450
242.718095 59.707079 -8.787154
243.804103 58.037154 -8.965858
244.890111 56.367228 -9.144561
245.976119 54.697303 -9.323265
247.062127 53.027377 -9.501969
248.148135 51.357452 -9.680672
249.234143 49.687526 -9.859376
250.320152 48.017601 -10.038080
251.406160 46.347675 -10.216783
252.492168 44.677750 -10.395487
253.578176 43.007824 -10.574191
254.664184 41.337899 -10.752894
255.750192 39.667973 -10.931598
256.836201 37.998048 -11.110302
257.922209 36.328122 -11.289005
259.008217 34.658196 -11.467709
260.094225 32.988271 -11.646413
261.180233 31.318345 -11.825116
262.266241 29.648420 -12.003820
263.352250 27.978494 -12.182524
264.438258 26.308569 -12.361227
265.524266 24.638643 -12.539931
266.610274 22.968718 -12.718635
267.696282 21.298792 -12.897338
268.782290 19.628867 -13.076042
269.868298 17.958941 -13.254746
270.954307 16.289016 -13.433449
272.040315 14.619090 -13.612153
273.126323 12.949165 -13.790857
274.212331 11.279239 -13.969560
275.298339 9.609314 -14.148264
276.384347 7.939388 -14.326967
277.470356 6.269462 -14.505671
278.556364 4.599537 -14.684375
279.642372 2.929611 -14.863078
280.728380 1.259686 -15.041782
281.814388 -0.410240 -15.220486
282.900396 -2.080165 -15.399189
283.986405 -3.750091 -15.577893
285.072413 -5.420016 -15.756597
286.158421 -7.089942 -15.935300
287.244429 -8.759867 -16.114004
288.330437 -10.429793 -16.292708
289.416445 -12.099718 -16.471411
290.502453 -13.769644 -16.650115
291.588462 -15.439569 -16.828819
292.674470 -17.109495 -17.007522
293.760478 -18.779421 -17.186226
-106.021325 211.901579 -11.057699
-105.554337 210.661301 -9.559822
-105.087348 209.421023 -8.061946
-104.620360 208.180745 -6.564070
-104.153372 206.940467 -5.066194
-103.686383 205.700189 -3.568318
-103.219395 204.459912 -2.070442
-102.752406 203.219634 -0.572566
-102.285418 201.979356 0.925310
-101.818430 200.739078 2.423186
-101.351441 199.498800 3.921062
-100.884453 198.258522 5.418938
-100.417465 197.018244 6.916814
-99.950476 195.777967 8.414690
-99.483488 194.537689 9.912566
-99.016500 193.297411 11.410443
-98.549511 192.057133 12.908319
-98.082523 190.816855 14.406195
-97.615535 189.576577 15.904071
-97.148546 188.336299 17.401947
-96.681558 187.096022 18.899823
-96.214569 185.855744 20.397699
-95.747581 184.615466 21.895575
-95.280593 183.375188 23.393451
-94.813604 182.134910 24.891327
-94.346616 180.894632 26.389203
-93.879628 179.654354 27.887079
-93.412639 178.414077 29.384955
-92.945651 177.173799 30.882831
-92.478663 175.933521 32.380708
-92.011674 174.693243 33.878584
-91.544686 173.452965 35.376460
-91.077698 172.212687 36.874336
-90.610709 170.972410 38.372212
-90.143721 169.732132 39.870088
-89.676733 168.491854 41.367964
-89.209744 167.251576 42.865840
-88.742756 166.011298 44.363716
-88.275767 164.771020 45.861592
-87.808779 163.530742 47.359468
-87.341791 162.290465 48.857344
-86.874802 161.050187 50.355220
-86.407814 159.809909 51.853096
-85.940826 158.569631 53.350973
-85.473837 157.329353 54.848849
-85.006849 156.089075 56.346725
-84.539861 154.848797 57.844601
-84.072872 153.608520 59.342477
-83.605884 152.368242 60.840353
-83.138896 151.127964 62.338229
-82.671907 149.887686 63.836105
-82.204919 148.647408 65.333981
-81.737930 147.407130 66.831857
-81.270942 146.166852 68.329733
-80.803954 144.926575 69.827609
-80.336965 143.686297 71.325485
-79.869977 142.446019 72.823361
-79.402989 141.205741 74.321238
-78.936000 139.965463 75.819114
-78.469012 138.725185 77.316990
-78.002024 137.484908 78.814866
-77.535035 136.244630 80.312742
-77.068047 135.004352 81.810618
-76.601059 133.764074 83.308494
-76.134070 132.523796 84.806370
-75.667082 131.283518 86.304246
-75.200093 130.043240 87.802122
-74.733105 128.802963 89.299998
-74.266117 127.562685 90.797874
-73.799128 126.322407 92.295750
81.154233 86.024924 -98.999422
82.530712 85.948728 -100.448387
83.907190 85.872532 -101.897353
85.283669 85.796336 -103.346318
86.660148 85.720140 -104.795283
88.036626 85.643943 -106.244249
89.413105 85.567747 -107.693214
90.789583 85.491551 -109.142180
92.166062 85.415355 -110.591145
93.542541 85.339159 -112.040110
94.919019 85.262963 -113.489076
96.295498 85.186766 -114.938041
97.671976 85.110570 -116.387007
99.048455 85.034374 -117.835972
100.424934 84.958178 -119.284938
101.801412 84.881982 -120.733903
103.177891 84.805786 -122.182868
104.554370 84.729590 -123.631834
105.930848 84.653393 -125.080799
107.307327 84.577197 -126.529765
108.683805 84.501001 -127.978730
110.060284 84.424805 -129.427695
111.436763 84.348609 -130.876661
112.813241 84.272413 -132.325626
114.189720 84.196216 -133.774592
115.566198 84.120020 -135.223557
116.942677 84.043824 -136.672523
118.319156 83.967628 -138.121488
119.695634 83.891432 -139.570453
121.072113 83.815236 -141.019419
122.448592 83.739040 -142.468384
123.825070 83.662843 -143.917350
125.201549 83.586647 -145.366315
126.578027 83.510451 -146.815280
127.954506 83.434255 -148.264246
129.330985 83.358059 -149.713211
130.707463 83.281863 -151.162177
132.083942 83.205667 -152.611142
133.460420 83.129470 -154.060107
134.836899 83.053274 -155.509073
136.213378 82.977078 -156.958038
137.589856 82.900882 -158.407004
138.966335 82.824686 -159.855969
140.342813 82.748490 -161.304935
141.719292 82.672293 -162.753900
143.095771 82.596097 -164.202865
144.472249 82.519901 -165.651831
145.848728 82.443705 -167.100796
147.225207 82.367509 -168.549762
148.601685 82.291313 -169.998727
149.978164 82.215117 -171.447692
151.354642 82.138920 -172.896658
152.731121 82.062724 -174.345623
154.107600 81.986528 -175.794589
155.484078 81.910332 -177.243554
156.860557 81.834136 -178.692520
158.237035 81.757940 -180.141485
159.613514 81.681743 -181.590450
160.989993 81.605547 -183.039416
162.366471 81.529351 -184.488381
163.742950 81.453155 -185.937347
165.119429 81.376959 -187.386312
166.495907 81.300763 -188.835277
167.872386 81.224567 -190.284243
169.248864 81.148370 -191.733208
170.625343 81.072174 -193.182174
172.001822 80.995978 -194.631139
173.378300 80.919782 -196.080105
174.754779 80.843586 -197.529070
176.131257 80.767390 -198.978035
-178.209632 214.071211 -175.472210
-179.555297 212.591630 -175.477715
-180.900961 211.112050 -175.483221
-182.246625 209.632470 -175.488726
-183.592289 208.152889 -175.494231
-184.937953 206.673309 -175.499736
-186.283617 205.193729 -175.505241
-187.629281 203.714148 -175.510746
-188.974945 202.234568 -175.516251
-190.320609 200.754987 -175.521756
-191.666273 199.275407 -175.527262
-193.011937 197.795827 -175.532767
-194.357601 196.316246 -175.538272
-195.703265 194.836666 -175.543777
-197.048929 193.357086 -175.549282
-198.394593 191.877505 -175.554787
-199.740257 190.397925 -175.560292
-201.085921 188.918345 -175.565797
-202.431585 187.438764 -175.571303
-203.777249 185.959184 -175.576808
-205.122913 184.479603 -175.582313
-206.468577 183.000023 -175.587818
-207.814241 181.520443 -175.593323
-209.159905 180.040862 -175.598828
-210.505569 178.561282 -175.604333
-211.851233 177.081702 -175.609838
-213.196897 175.602121 -175.615344
-214.542561 174.122541 -175.620849
-215.888225 172.642961 -175.626354
-217.233889 171.163380 -175.631859
-218.579553 169.683800 -175.637364
-219.925217 168.204219 -175.642869
-221.270881 166.724639 -175.648374
-222.616545 165.245059 -175.653879
-223.962209 163.765478 -175.659385
-225.307873 162.285898 -175.664890
-226.653537 160.806318 -175.670395
-227.999201 159.326737 -175.675900
-229.344865 157.847157 -175.681405
-230.690529 156.367577 -175.686910
-232.036193 154.887996 -175.692415
-233.381857 153.408416 -175.697920
-234.727521 151.928835 -175.703426
-236.073185 150.449255 -175.708931
-237.418849 148.969675 -175.714436
-238.764513 147.490094 -175.719941
-240.110177 146.010514 -175.725446
-241.455841 144.530934 -175.730951
-242.801505 143.051353 -175.736456
-244.147169 141.571773 -175.741961
-245.492833 140.092193 -175.747467
-246.838497 138.612612 -175.752972
-248.184161 137.133032 -175.758477
-249.529825 135.653451 -175.763982
-250.875489 134.173871 -175.769487
-252.221153 132.694291 -175.774992
-253.566817 131.214710 -175.780497
-254.912481 129.735130 -175.786002
-256.258145 128.255550 -175.791508
-257.603809 126.775969 -175.797013
-258.949473 125.296389 -175.802518
-260.295137 123.816808 -175.808023
-261.640801 122.337228 -175.813528
-262.986465 120.857648 -175.819033
-264.332129 119.378067 -175.824538
-265.677793 117.898487 -175.830043
-267.023457 116.418907 -175.835549
-268.369121 114.939326 -175.841054
-269.714785 113.459746 -175.846559
-271.060449 111.980166 -175.852064
-259.253799 -152.303655 53.714284
-258.307682 -153.999897 54.191385
-257.361565 -155.696139 54.668486
-256.415448 -157.392381 55.145587
-255.469331 -159.088623 55.622688
-254.523213 -160.784865 56.099789
-253.577096 -162.481107 56.576890
-252.630979 -164.177349 57.053991
-251.684862 -165.873591 57.531092
-250.738745 -167.569833 58.008193
-249.792627 -169.266075 58.485294
-248.846510 -170.962317 58.962395
-247.900393 -172.658559 59.439496
-246.954276 -174.354801 59.916597
-246.008159 -176.051043 60.393698
-245.062042 -177.747285 60.870799
-244.115924 -179.443527 61.347900
-243.169807 -181.139769 61.825001
-242.223690 -182.836011 62.302102
-241.277573 -184.532253 62.779203
-240.331456 -186.228495 63.256304
-239.385338 -187.924737 63.733405
-238.439221 -189.620979 64.210506
-237.493104 -191.317221 64.687607
-236.546987 -193.013463 65.164708
-235.600870 -194.709705 65.641809
-234.654752 -196.405947 66.118910
-233.708635 -198.102189 66.596011
-232.762518 -199.798431 67.073112
-231.816401 -201.494673 67.550213
-230.870284 -203.190915 68.027314
-229.924166 -204.887157 68.504415
-228.978049 -206.583399 68.981516
-228.031932 -208.279641 69.458617
-227.085815 -209.975883 69.935718
-226.139698 -211.672125 70.412819
-225.193580 -213.368367 70.889920
-224.247463 -215.064609 71.367022
-223.301346 -216.760851 71.844123
-222.355229 -218.457093 72.321224
-221.409112 -220.153335 72.798325
-220.462995 -221.849577 73.275426
-219.516877 -223.545819 73.752527
-218.570760 -225.242061 74.229628
-217.624643 -226.938303 74.706729
-216.678526 -228.634545 75.183830
-215.732409 -230.330787 75.660931
-214.786291 -232.027029 76.138032
-213.840174 -233.723271 76.615133
-212.894057 -235.419513 77.092234
-211.947940 -237.115755 77.569335
-211.001823 -238.811997 78.046436
-210.055705 -240.508239 78.523537
-209.109588 -242.204481 79.000638
-208.163471 -243.900723 79.477739
-207.217354 -245.596965 79.954840
-206.271237 -247.293207 80.431941
-205.325119 -248.989449 80.909042
-204.379002 -250.685691 81.386143
-203.432885 -252.381933 81.863244
-202.486768 -254.078175 82.340345
-201.540651 -255.774417 82.817446
-200.594534 -257.470659 83.294547
-199.648416 -259.166901 83.771648
-198.702299 -260.863142 84.248749
-197.756182 -262.559384 84.725850
-196.810065 -264.255626 85.202951
-195.863948 -265.951868 85.680052
-194.917830 -267.648110 86.157153
-193.971713 -269.344352 86.634254
105.467590 -229.466975 -20.006862
107.161806 -229.492642 -21.069393
108.856023 -229.518308 -22.131923
110.550240 -229.543974 -23.194454
112.244457 -229.569640 -24.256984
113.938673 -229.595307 -25.319515
115.632890 -229.620973 -26.382045
117.327107 -229.646639 -27.444576
119.021323 -229.672306 -28.507106
120.715540 -229.697972 -29.569637
122.409757 -229.723638 -30.632167
124.103973 -229.749304 -31.694698
125.798190 -229.774971 -32.757228
127.492407 -229.800637 -33.819758
129.186624 -229.826303 -34.882289
130.880840 -229.851969 -35.944819
132.575057 -229.877636 -37.007350
134.269274 -229.903302 -38.069880
135.963490 -229.928968 -39.132411
137.657707 -229.954635 -40.194941
139.351924 -229.980301 -41.257472
141.046141 -230.005967 -42.320002
142.740357 -230.031633 -43.382533
144.434574 -230.057300 -44.445063
146.128791 -230.082966 -45.507594
147.823007 -230.108632 -46.570124
149.517224 -230.134298 -47.632655
151.211441 -230.159965 -48.695185
152.905658 -230.185631 -49.757716
154.599874 -230.211297 -50.820246
156.294091 -230.236964 -51.882776
157.988308 -230.262630 -52.945307
159.682524 -230.288296 -54.007837
161.376741 -230.313962 -55.070368
163.070958 -230.339629 -56.132898
164.765174 -230.365295 -57.195429
166.459391 -230.390961 -58.257959
168.153608 -230.416627 -59.320490
169.847825 -230.442294 -60.383020
171.542041 -230.467960 -61.445551
173.236258 -230.493626 -62.508081
174.930475 -230.519292 -63.570612
176.624691 -230.544959 -64.633142
178.318908 -230.570625 -65.695673
180.013125 -230.596291 -66.758203
181.707342 -230.621958 -67.820733
183.401558 -230.647624 -68.883264
185.095775 -230.673290 -69.945794
186.789992 -230.698956 -71.008325
188.484208 -230.724623 -72.070855
190.178425 -230.750289 -73.133386
191.872642 -230.775955 -74.195916
193.566858 -230.801621 -75.258447
195.261075 -230.827288 -76.320977
196.955292 -230.852954 -77.383508
198.649509 -230.878620 -78.446038
200.343725 -230.904287 -79.508569
202.037942 -230.929953 -80.571099
203.732159 -230.955619 -81.633630
205.426375 -230.981285 -82.696160
207.120592 -231.006952 -83.758690
208.814809 -231.032618 -84.821221
210.509026 -231.058284 -85.883751
212.203242 -231.083950 -86.946282
213.897459 -231.109617 -88.008812
215.591676 -231.135283 -89.071343
217.285892 -231.160949 -90.133873
218.980109 -231.186616 -91.196404
220.674326 -231.212282 -92.258934
222.368542 -231.237948 -93.321465
-5.967946 -25.392990 4.222013
-7.061563 -26.803906 5.123855
-8.155179 -28.214822 6.025697
-9.248796 -29.625737 6.927540
-10.342413 -31.036653 7.829382
-11.436030 -32.447569 8.731224
-12.529646 -33.858485 9.633066
-13.623263 -35.269400 10.534908
-14.716880 -36.680316 11.436750
-15.810496 -38.091232 12.338592
-16.904113 -39.502148 13.240434
-17.997730 -40.913063 14.142276
-19.091347 -42.323979 15.044118
-20.184963 -43.734895 15.945961
-21.278580 -45.145811 16.847803
-22.372197 -46.556726 17.749645
-23.465814 -47.967642 18.651487
-24.559430 -49.378558 19.553329
-25.653047 -50.789474 20.455171
-26.746664 -52.200389 21.357013
-27.840281 -53.611305 22.258855
-28.933897 -55.022221 23.160697
-30.027514 -56.433137 24.062539
-31.121131 -57.844052 24.964382
-32.214748 -59.254968 25.866224
-33.308364 -60.665884 26.768066
-34.401981 -62.076800 27.669908
-35.495598 -63.487715 28.571750
-36.589215 -64.898631 29.473592
-37.682831 -66.309547 30.375434
-38.776448 -67.720463 31.277276
-39.870065 -69.131378 32.179118
-40.963682 -70.542294 33.080960
-42.057298 -71.953210 33.982803
-43.150915 -73.364126 34.884645
-44.244532 -74.775041 35.786487
-45.338148 -76.185957 36.688329
-46.431765 -77.596873 37.590171
-47.525382 -79.007789 38.492013
-48.618999 -80.418704 39.393855
-49.712615 -81.829620 40.295697
-50.806232 -83.240536 41.197539
-51.899849 -84.651452 42.099381
-52.993466 -86.062367 43.001224
-54.087082 -87.473283 43.903066
-55.180699 -88.884199 44.804908
-56.274316 -90.295115 45.706750
-57.367933 -91.706030 46.608592
-58.461549 -93.116946 47.510434
-59.555166 -94.527862 48.412276
-60.648783 -95.938778 49.314118
-61.742400 -97.349694 50.215960
-62.836016 -98.760609 51.117802
-63.929633 -100.171525 52.019644
-65.023250 -101.582441 52.921487
-66.116867 -102.993357 53.823329
-67.210483 -104.404272 54.725171
-68.304100 -105.815188 55.627013
-69.397717 -107.226104 56.528855
-70.491334 -108.637020 57.430697
-71.584950 -110.047935 58.332539
-72.678567 -111.458851 59.234381
-73.772184 -112.869767 60.136223
-74.865800 -114.280683 61.038065
-75.959417 -115.691598 61.939908
-77.053034 -117.102514 62.841750
-78.146651 -118.513430 63.743592
-79.240267 -119.924346 64.645434
-80.333884 -121.335261 65.547276
-81.427501 -122.746177 66.449118
141.213802 -186.543996 239.588358
139.260723 -186.953768 239.455806
137.307644 -187.363540 239.323254
135.354565 -187.773312 239.190701
133.401487 -188.183084 239.058149
131.448408 -188.592856 238.925597
129.495329 -189.002628 238.793044
127.542250 -189.412400 238.660492
125.589171 -189.822171 238.527940
123.636092 -190.231943 238.395387
121.683014 -190.641715 238.262835
119.729935 -191.051487 238.130283
117.776856 -191.461259 237.997730
115.823777 -191.871031 237.865178
113.870698 -192.280803 237.732626
111.917620 -192.690575 237.600073
109.964541 -193.100347 237.467521
108.011462 -193.510118 237.334969
106.058383 -193.919890 237.202416
104.105304 -194.329662 237.069864
102.152225 -194.739434 236.937312
100.199147 -195.149206 236.804759
98.246068 -195.558978 236.672207
96.292989 -195.968750 236.539654
94.339910 -196.378522 236.407102
92.386831 -196.788294 236.274550
90.433753 -197.198065 236.141997
88.480674 -197.607837 236.009445
86.527595 -198.017609 235.876893
84.574516 -198.427381 235.744340
82.621437 -198.837153 235.611788
80.668358 -199.246925 235.479236
78.715280 -199.656697 235.346683
76.762201 -200.066469 235.214131
74.809122 -200.476241 235.081579
72.856043 -200.886012 234.949026
70.902964 -201.295784 234.816474
68.949885 -201.705556 234.683922
66.996807 -202.115328 234.551369
65.043728 -202.525100 234.418817
63.090649 -202.934872 234.286265
61.137570 -203.344644 234.153712
59.184491 -203.754416 234.021160
57.231413 -204.164188 233.888608
55.278334 -204.573959 233.756055
53.325255 -204.983731 233.623503
51.372176 -205.393503 233.490951
49.419097 -205.803275 233.358398
47.466018 -206.213047 233.225846
45.512940 -206.622819 233.093293
43.559861 -207.032591 232.960741
41.606782 -207.442363 232.828189
39.653703 -207.852135 232.695636
37.700624 -208.261906 232.563084
35.747546 -208.671678 232.430532
33.794467 -209.081450 232.297979
31.841388 -209.491222 232.165427
29.888309 -209.900994 232.032875
27.935230 -210.310766 231.900322
25.982151 -210.720538 231.767770
24.029073 -211.130310 231.635218
22.075994 -211.540082 231.502665
20.122915 -211.949853 231.370113
18.169836 -212.359625 231.237561
16.216757 -212.769397 231.105008
14.263679 -213.179169 230.972456
12.310600 -213.588941 230.839904
10.357521 -213.998713 230.707351
8.404442 -214.408485 230.574799
6.451363 -214.818257 230.442247
-114.201787 -104.954396 -258.936259
-116.177510 -105.188203 -258.731677
-118.153233 -105.422009 -258.527094
-120.128955 -105.655816 -258.322512
-122.104678 -105.889622 -258.117929
-124.080401 -106.123429 -257.913347
-126.056124 -106.357235 -257.708764
-128.031846 -106.591042 -257.504182
-130.007569 -106.824848 -257.299599
-131.983292 -107.058655 -257.095016
-133.959015 -107.292461 -256.890434
-135.934738 -107.526268 -256.685851
-137.910460 -107.760074 -256.481269
-139.886183 -107.993881 -256.276686
-141.861906 -108.227687 -256.072104
-143.837629 -108.461494 -255.867521
-145.813351 -108.695300 -255.662939
-147.789074 -108.929107 -255.458356
-149.764797 -109.162913 -255.253774
-151.740520 -109.396720 -255.049191
-153.716243 -109.630526 -254.844609
-155.691965 -109.864333 -254.640026
-157.667688 -110.098139 -254.435444
-159.643411 -110.331946 -254.230861
-161.619134 -110.565752 -254.026278
-163.594857 -110.799559 -253.821696
-165.570579 -111.033365 -253.617113
-167.546302 -111.267172 -253.412531
-169.522025 -111.500978 -253.207948
-171.497748 -111.734785 -253.003366
-173.473470 -111.968591 -252.798783
-175.449193 -112.202398 -252.594201
-177.424916 -112.436204 -252.389618
-179.400639 -112.670011 -252.185036
-181.376362 -112.903817 -251.980453
-183.352084 -113.137623 -251.775871
-185.327807 -113.371430 -251.571288
-187.303530 -113.605236 -251.366705
-189.279253 -113.839043 -251.162123
-191.254975 -114.072849 -250.957540
-193.230698 -114.306656 -250.752958
-195.206421 -114.540462 -250.548375
-197.182144 -114.774269 -250.343793
-199.157867 -115.008075 -250.139210
-201.133589 -115.241882 -249.934628
-203.109312 -115.475688 -249.730045
-205.085035 -115.709495 -249.525463
-207.060758 -115.943301 -249.320880
-209.036481 -116.177108 -249.116298
-211.012203 -116.410914 -248.911715
-212.987926 -116.644721 -248.707132
-214.963649 -116.878527 -248.502550
-216.939372 -117.112334 -248.297967
-218.915094 -117.346140 -248.093385
-220.890817 -117.579947 -247.888802
-222.866540 -117.813753 -247.684220
-224.842263 -118.047560 -247.479637
-226.817986 -118.281366 -247.275055
-228.793708 -118.515173 -247.070472
-230.769431 -118.748979 -246.865890
-232.745154 -118.982786 -246.661307
-234.720877 -119.216592 -246.456725
-236.696599 -119.450399 -246.252142
-238.672322 -119.684205 -246.047559
-240.648045 -119.918012 -245.842977
-242.623768 -120.151818 -245.638394
-244.599491 -120.385625 -245.433812
-246.575213 -120.619431 -245.229229
-248.550936 -120.853238 -245.024647
-250.526659 -121.087044 -244.820064
150.046409 -137.216191 -50.951120
151.464573 -137.836911 -52.217421
152.882736 -138.457632 -53.483722
154.300899 -139.078353 -54.750024
155.719062 -139.699074 -56.016325
157.137226 -140.319795 -57.282626
158.555389 -140.940516 -58.548927
159.973552 -141.561237 -59.815228
161.391716 -142.181958 -61.081529
162.809879 -142.802678 -62.347830
164.228042 -143.423399 -63.614131
165.646205 -144.044120 -64.880432
167.064369 -144.664841 -66.146734
168.482532 -145.285562 -67.413035
169.900695 -145.906283 -68.679336
171.318859 -146.527004 -69.945637
172.737022 -147.147724 -71.211938
174.155185 -147.768445 -72.478239
175.573348 -148.389166 -73.744540
176.991512 -149.009887 -75.010841
178.409675 -149.630608 -76.277143
179.827838 -150.251329 -77.543444
181.246002 -150.872050 -78.809745
182.664165 -151.492771 -80.076046
184.082328 -152.113491 -81.342347
185.500491 -152.734212 -82.608648
186.918655 -153.354933 -83.874949
188.336818 -153.975654 -85.141250
189.754981 -154.596375 -86.407551
191.173144 -155.217096 -87.673853
192.591308 -155.837817 -88.940154
194.009471 -156.458538 -90.206455
195.427634 -157.079258 -91.472756
196.845798 -157.699979 -92.739057
198.263961 -158.320700 -94.005358
199.682124 -158.941421 -95.271659
201.100287 -159.562142 -96.537960
202.518451 -160.182863 -97.804261
203.936614 -160.803584 -99.070563
205.354777 -161.424304 -100.336864
206.772941 -162.045025 -101.603165
208.191104 -162.665746 -102.869466
209.609267 -163.286467 -104.135767
211.027430 -163.907188 -105.402068
212.445594 -164.527909 -106.668369
213.863757 -165.148630 -107.934670
215.281920 -165.769351 -109.200971
216.700084 -166.390071 -110.467273
218.118247 -167.010792 -111.733574
219.536410 -167.631513 -112.999875
220.954573 -168.252234 -114.266176
222.372737 -168.872955 -115.532477
223.790900 -169.493676 -116.798778
225.209063 -170.114397 -118.065079
226.627227 -170.735117 -119.331380
228.045390 -171.355838 -120.597681
229.463553 -171.976559 -121.863983
230.881716 -172.597280 -123.130284
232.299880 -173.218001 -124.396585
233.718043 -173.838722 -125.662886
235.136206 -174.459443 -126.929187
236.554370 -175.080164 -128.195488
237.972533 -175.700884 -129.461789
239.390696 -176.321605 -130.728090
240.808859 -176.942326 -131.994392
242.227023 -177.563047 -133.260693
243.645186 -178.183768 -134.526994
245.063349 -178.804489 -135.793295
246.481513 -179.425210 -137.059596
247.899676 -180.045930 -138.325897
-240.293566 237.836596 81.270224
-238.304390 237.922860 81.081183
-236.315213 238.009124 80.892142
-234.326037 238.095388 80.703101
-232.336861 238.181653 80.514060
-230.347685 238.267917 80.325019
-228.358509 238.354181 80.135978
-226.369332 238.440446 79.946937
-224.380156 238.526710 79.757896
-222.390980 238.612974 79.568855
-220.401804 238.699238 79.379814
-218.412628 238.785503 79.190773
-216.423451 238.871767 79.001732
-214.434275 238.958031 78.812691
-212.445099 239.044296 78.623650
-210.455923 239.130560 78.434609
-208.466747 239.216824 78.245568
-206.477570 239.303088 78.056527
-204.488394 239.389353 77.867486
-202.499218 239.475617 77.678445
-200.510042 239.561881 77.489404
-198.520866 239.648146 77.300363
-196.531689 239.734410 77.111322
-194.542513 239.820674 76.922281
-192.553337 239.906939 76.733240
-190.564161 239.993203 76.544199
-188.574985 240.079467 76.355158
-186.585808 240.165731 76.166117
-184.596632 240.251996 75.977076
-182.607456 240.338260 75.788035
-180.618280 240.424524 75.598994
-178.629104 240.510789 75.409953
-176.639927 240.597053 75.220912
-174.650751 240.683317 75.031871
-172.661575 240.769581 74.842830
-170.672399 240.855846 74.653789
-168.683223 240.942110 74.464748
-166.694046 241.028374 74.275707
-164.704870 241.114639 74.086666
-162.715694 241.200903 73.897625
-160.726518 241.287167 73.708584
-158.737342 241.373431 73.519543
-156.748165 241.459696 73.330502
-154.758989 241.545960 73.141461
-152.769813 241.632224 72.952420
-150.780637 241.718489 72.763379
-148.791460 241.804753 72.574338
-146.802284 241.891017 72.385297
-144.813108 241.977281 72.196256
-142.823932 242.063546 72.007215
-140.834756 242.149810 71.818174
-138.845579 242.236074 71.629133
-136.856403 242.322339 71.440092
-134.867227 242.408603 71.251051
-132.878051 242.494867 71.062010
-130.888875 242.581131 70.872969
-128.899698 242.667396 70.683928
-126.910522 242.753660 70.494887
-124.921346 242.839924 70.305846
-122.932170 242.926189 70.116805
-120.942994 243.012453 69.927764
-118.953817 243.098717 69.738723
-116.964641 243.184982 69.549682
-114.975465 243.271246 69.360641
-112.986289 243.357510 69.171600
-110.997113 243.443774 68.982559
-109.007936 243.530039 68.793518
-107.018760 243.616303 68.604477
-105.029584 243.702567 68.415436
-103.040408 243.788832 68.226395
-240.550644 65.046242 0.153228
-240.770375 66.810638 1.068992
-240.990107 68.575035 1.984756
-241.209838 70.339431 2.900519
-241.429569 72.103828 3.816283
-241.649301 73.868224 4.732047
-241.869032 75.632621 5.647811
-242.088764 77.397017 6.563574
-242.308495 79.161414 7.479338
-242.528227 80.925810 8.395102
-242.747958 82.690207 9.310865
-242.967690 84.454603 10.226629
-243.187421 86.219000 11.142393
-243.407153 87.983396 12.058156
-243.626884 89.747793 12.973920
-243.846615 91.512189 13.889684
-244.066347 93.276586 14.805447
-244.286078 95.040982 15.721211
-244.505810 96.805379 16.636975
-244.725541 98.569775 17.552738
-244.945273 100.334172 18.468502
-245.165004 102.098568 19.384266
-245.384736 103.862965 20.300030
-245.604467 105.627361 21.215793
-245.824199 107.391758 22.131557
-246.043930 109.156154 23.047321
-246.263661 110.920551 23.963084
-246.483393 112.684947 24.878848
-246.703124 114.449344 25.794612
-246.922856 116.213740 26.710375
-247.142587 117.978136 27.626139
-247.362319 119.742533 28.541903
-247.582050 121.506929 29.457666
-247.801782 123.271326 30.373430
-248.021513 125.035722 31.289194
-248.241244 126.800119 32.204958
-248.460976 128.564515 33.120721
-248.680707 130.328912 34.036485
-248.900439 132.093308 34.952249
-249.120170 133.857705 35.868012
-249.339902 135.622101 36.783776
-249.559633 137.386498 37.699540
-249.779365 139.150894 38.615303
-249.999096 140.915291 39.531067
-250.218828 142.679687 40.446831
-250.438559 144.444084 41.362594
-250.658290 146.208480 42.278358
-250.878022 147.972877 43.194122
-251.097753 149.737273 44.109885
-251.317485 151.501670 45.025649
-251.537216 153.266066 45.941413
-251.756948 155.030463 46.857177
-251.976679 156.794859 47.772940
-252.196411 158.559256 48.688704
-252.416142 160.323652 49.604468
-252.635874 162.088049 50.520231
-252.855605 163.852445 51.435995
-253.075336 165.616842 52.351759
-253.295068 167.381238 53.267522
-253.514799 169.145635 54.183286
-253.734531 170.910031 55.099050
-253.954262 172.674427 56.014813
-254.173994 174.438824 56.930577
-254.393725 176.203220 57.846341
-254.613457 177.967617 58.762105
-254.833188 179.732013 59.677868
-255.052920 181.496410 60.593632
-255.272651 183.260806 61.509396
-255.492382 185.025203 62.425159
-255.712114 186.789599 63.340923
95.621499 -78.639355 173.712827
96.425350 -78.432075 171.893250
97.229201 -78.224796 170.073674
98.033052 -78.017516 168.254098
98.836904 -77.810236 166.434521
99.640755 -77.602956 164.614945
100.444606 -77.395677 162.795368
101.248458 -77.188397 160.975792
102.052309 -76.981117 159.156216
102.856160 -76.773837 157.336639
103.660011 -76.566558 155.517063
104.463863 -76.359278 153.697486
105.267714 -76.151998 151.877910
106.071565 -75.944718 150.058334
106.875416 -75.737439 148.238757
107.679268 -75.530159 146.419181
108.483119 -75.322879 144.599604
109.286970 -75.115599 142.780028
110.090822 -74.908320 140.960452
110.894673 -74.701040 139.140875
111.698524 -74.493760 137.321299
112.502375 -74.286480 135.501723
113.306227 -74.079201 133.682146
114.110078 -73.871921 131.862570
114.913929 -73.664641 130.042993
115.717781 -73.457361 128.223417
116.521632 -73.250081 126.403841
117.325483 -73.042802 124.584264
118.129334 -72.835522 122.764688
118.933186 -72.628242 120.945111
119.737037 -72.420962 119.125535
120.540888 -72.213683 117.305959
121.344739 -72.006403 115.486382
122.148591 -71.799123 113.666806
122.952442 -71.591843 111.847230
123.756293 -71.384564 110.027653
124.560145 -71.177284 108.208077
125.363996 -70.970004 106.388500
126.167847 -70.762724 104.568924
126.971698 -70.555445 102.749348
127.775550 -70.348165 100.929771
128.579401 -70.140885 99.110195
129.383252 -69.933605 97.290618
130.187103 -69.726326 95.471042
130.990955 -69.519046 93.651466
131.794806 -69.311766 91.831889
132.598657 -69.104486 90.012313
133.402509 -68.897207 88.192736
134.206360 -68.689927 86.373160
135.010211 -68.482647 84.553584
135.814062 -68.275367 82.734007
136.617914 -68.068088 80.914431
137.421765 -67.860808 79.094855
138.225616 -67.653528 77.275278
139.029467 -67.446248 75.455702
139.833319 -67.238969 73.636125
140.637170 -67.031689 71.816549
141.441021 -66.824409 69.996973
142.244873 -66.617129 68.177396
143.048724 -66.409849 66.357820
143.852575 -66.202570 64.538243
144.656426 -65.995290 62.718667
145.460278 -65.788010 60.899091
146.264129 -65.580730 59.079514
147.067980 -65.373451 57.259938
147.871832 -65.166171 55.440362
148.675683 -64.958891 53.620785
149.479534 -64.751611 51.801209
150.283385 -64.544332 49.981632
151.087237 -64.337052 48.162056
-59.944506 86.707538 -248.130169
-60.452638 86.354516 -246.228281
-60.960770 86.001494 -244.326393
-61.468902 85.648472 -242.424505
-61.977034 85.295451 -240.522617
-62.485166 84.942429 -238.620730
-62.993299 84.589407 -236.718842
-63.501431 84.236385 -234.816954
-64.009563 83.883364 -232.915066
-64.517695 83.530342 -231.013178
-65.025827 83.177320 -229.111290
-65.533959 82.824298 -227.209402
-66.042091 82.471277 -225.307514
-66.550223 82.118255 -223.405627
-67.058355 81.765233 -221.503739
-67.566487 81.412212 -219.601851
-68.074619 81.059190 -217.699963
-68.582751 80.706168 -215.798075
-69.090883 80.353146 -213.896187
-69.599015 80.000125 -211.994299
-70.107147 79.647103 -210.092411
-70.615279 79.294081 -208.190523
-71.123411 78.941059 -206.288636
-71.631543 78.588038 -204.386748
-72.139675 78.235016 -202.484860
-72.647807 77.881994 -200.582972
-73.155939 77.528972 -198.681084
-73.664071 77.175951 -196.779196
-74.172203 76.822929 -194.877308
-74.680335 76.469907 -192.975420
-75.188467 76.116885 -191.073533
-75.696599 75.763864 -189.171645
-76.204731 75.410842 -187.269757
-76.712863 75.057820 -185.367869
-77.220995 74.704798 -183.465981
-77.729127 74.351777 -181.564093
-78.237259 73.998755 -179.662205
-78.745391 73.645733 -177.760317
-79.253523 73.292712 -175.858430
-79.761655 72.939690 -173.956542
-80.269787 72.586668 -172.054654
-80.777919 72.233646 -170.152766
-81.286051 71.880625 -168.250878
-81.794183 71.527603 -166.348990
-82.302315 71.174581 -164.447102
-82.810447 70.821559 -162.545214
-83.318579 70.468538 -160.643327
-83.826711 70.115516 -158.741439
-84.334843 69.762494 -156.839551
-84.842975 69.409472 -154.937663
-85.351107 69.056451 -153.035775
-85.859239 68.703429 -151.133887
-86.367371 68.350407 -149.231999
-86.875503 67.997385 -147.330111
-87.383636 67.644364 -145.428224
-87.891768 67.291342 -143.526336
-88.399900 66.938320 -141.624448
-88.908032 66.585299 -139.722560
-89.416164 66.232277 -137.820672
-89.924296 65.879255 -135.918784
-90.432428 65.526233 -134.016896
-90.940560 65.173212 -132.115008
-91.448692 64.820190 -130.213120
-91.956824 64.467168 -128.311233
-92.464956 64.114146 -126.409345
-92.973088 63.761125 -124.507457
-93.481220 63.408103 -122.605569
-93.989352 63.055081 -120.703681
-94.497484 62.702059 -118.801793
-95.005616 62.349038 -116.899905
-40.712590 -186.213062 109.569827
-39.196166 -184.955189 109.913651
-37.679743 -183.697316 110.257476
-36.163319 -182.439443 110.601301
-34.646896 -181.181570 110.945126
-33.130473 -179.923697 111.288951
-31.614049 -178.665824 111.632776
-30.097626 -177.407951 111.976601
-28.581202 -176.150078 112.320426
-27.064779 -174.892205 112.664251
-25.548355 -173.634332 113.008076
-24.031932 -172.376459 113.351900
-22.515508 -171.118587 113.695725
-20.999085 -169.860714 114.039550
-19.482662 -168.602841 114.383375
-17.966238 -167.344968 114.727200
-16.449815 -166.087095 115.071025
-14.933391 -164.829222 115.414850
-13.416968 -163.571349 115.758675
-11.900544 -162.313476 116.102500
-10.384121 -161.055603 116.446325
-8.867697 -159.797730 116.790150
-7.351274 -158.539857 117.133974
-5.834851 -157.281984 117.477799
-4.318427 -156.024111 117.821624
-2.802004 -154.766238 118.165449
-1.285580 -153.508365 118.509274
0.230843 -152.250492 118.853099
1.747267 -150.992619 119.196924
3.263690 -149.734746 119.540749
4.780114 -148.476873 119.884574
6.296537 -147.219000 120.228399
7.812960 -145.961127 120.572223
9.329384 -144.703255 120.916048
10.845807 -143.445382 121.259873
12.362231 -142.187509 121.603698
13.878654 -140.929636 121.947523
15.395078 -139.671763 122.291348
16.911501 -138.413890 122.635173
18.427925 -137.156017 122.978998
19.944348 -135.898144 123.322823
21.460772 -134.640271 123.666648
22.977195 -133.382398 124.010472
24.493618 -132.124525 124.354297
26.010042 -130.866652 124.698122
27.526465 -129.608779 125.041947
29.042889 -128.350906 125.385772
30.559312 -127.093033 125.729597
32.075736 -125.835160 126.073422
33.592159 -124.577287 126.417247
35.108583 -123.319414 126.761072
36.625006 -122.061541 127.104897
38.141429 -120.803668 127.448721
39.657853 -119.545795 127.792546
41.174276 -118.287923 128.136371
42.690700 -117.030050 128.480196
44.207123 -115.772177 128.824021
45.723547 -114.514304 129.167846
47.239970 -113.256431 129.511671
48.756394 -111.998558 129.855496
50.272817 -110.740685 130.199321
51.789240 -109.482812 130.543146
53.305664 -108.224939 130.886970
54.822087 -106.967066 131.230795
56.338511 -105.709193 131.574620
57.854934 -104.451320 131.918445
59.371358 -103.193447 132.262270
60.887781 -101.935574 132.606095
62.404205 -100.677701 132.949920
63.920628 -99.419828 133.293745
290.640035 -299.926281 -33.347065
288.925585 -299.220894 -34.097458
287.211134 -298.515506 -34.847850
285.496684 -297.810119 -35.598243
283.782234 -297.104731 -36.348635
282.067784 -296.399344 -37.099028
280.353334 -295.693957 -37.849420
278.638883 -294.988569 -38.599813
276.924433 -294.283182 -39.350206
275.209983 -293.577794 -40.100598
273.495533 -292.872407 -40.850991
271.781082 -292.167019 -41.601383
270.066632 -291.461632 -42.351776
268.352182 -290.756244 -43.102168
266.637732 -290.050857 -43.852561
264.923282 -289.345469 -44.602953
263.208831 -288.640082 -45.353346
261.494381 -287.934694 -46.103739
259.779931 -287.229307 -46.854131
258.065481 -286.523920 -47.604524
256.351030 -285.818532 -48.354916
254.636580 -285.113145 -49.105309
252.922130 -284.407757 -49.855701
251.207680 -283.702370 -50.606094
249.493230 -282.996982 -51.356486
247.778779 -282.291595 -52.106879
246.064329 -281.586207 -52.857271
244.349879 -280.880820 -53.607664
242.635429 -280.175432 -54.358057
240.920979 -279.470045 -55.108449
239.206528 -278.764657 -55.858842
237.492078 -278.059270 -56.609234
235.777628 -277.353883 -57.359627
234.063178 -276.648495 -58.110019
232.348727 -275.943108 -58.860412
230.634277 -275.237720 -59.610804
228.919827 -274.532333 -60.361197
227.205377 -273.826945 -61.111590
225.490927 -273.121558 -61.861982
223.776476 -272.416170 -62.612375
222.062026 -271.710783 -63.362767
220.347576 -271.005395 -64.113160
218.633126 -270.300008 -64.863552
216.918675 -269.594620 -65.613945
215.204225 -268.889233 -66.364337
213.489775 -268.183846 -67.114730
211.775325 -267.478458 -67.865123
210.060875 -266.773071 -68.615515
208.346424 -266.067683 -69.365908
206.631974 -265.362296 -70.116300
204.917524 -264.656908 -70.866693
203.203074 -263.951521 -71.617085
201.488624 -263.246133 -72.367478
199.774173 -262.540746 -73.117870
198.059723 -261.835358 -73.868263
196.345273 -261.129971 -74.618655
194.630823 -260.424583 -75.369048
192.916372 -259.719196 -76.119441
191.201922 -259.013809 -76.869833
189.487472 -258.308421 -77.620226
187.773022 -257.603034 -78.370618
186.058572 -256.897646 -79.121011
184.344121 -256.192259 -79.871403
182.629671 -255.486871 -80.621796
180.915221 -254.781484 -81.372188
179.200771 -254.076096 -82.122581
177.486320 -253.370709 -82.872974
175.771870 -252.665321 -83.623366
174.057420 -251.959934 -84.373759
172.342970 -251.254546 -85.124151
42.261793 -97.152493 125.052609
42.814211 -98.140126 123.403544
43.366629 -99.127759 121.754479
43.919046 -100.115393 120.105415
44.471464 -101.103026 118.456350
45.023882 -102.090659 116.807285
45.576300 -103.078293 115.158220
46.128718 -104.065926 113.509155
46.681136 -105.053559 111.860090
47.233553 -106.041193 110.211025
47.785971 -107.028826 108.561960
48.338389 -108.016459 106.912895
48.890807 -109.004093 105.263831
49.443225 -109.991726 103.614766
49.995642 -110.979359 101.965701
50.548060 -111.966993 100.316636
51.100478 -112.954626 98.667571
51.652896 -113.942259 97.018506
52.205314 -114.929892 95.369441
52.757731 -115.917526 93.720376
53.310149 -116.905159 92.071312
53.862567 -117.892792 90.422247
54.414985 -118.880426 88.773182
54.967403 -119.868059 87.124117
55.519821 -120.855692 85.475052
56.072238 -121.843326 83.825987
56.624656 -122.830959 82.176922
57.177074 -123.818592 80.527857
57.729492 -124.806226 78.878792
58.281910 -125.793859 77.229728
58.834327 -126.781492 75.580663
59.386745 -127.769126 73.931598
59.939163 -128.756759 72.282533
60.491581 -129.744392 70.633468
61.043999 -130.732025 68.984403
61.596417 -131.719659 67.335338
62.148834 -132.707292 65.686273
62.701252 -133.694925 64.037208
63.253670 -134.682559 62.388144
63.806088 -135.670192 60.739079
64.358506 -136.657825 59.090014
64.910923 -137.645459 57.440949
65.463341 -138.633092 55.791884
66.015759 -139.620725 54.142819
66.568177 -140.608359 52.493754
67.120595 -141.595992 50.844689
67.673012 -142.583625 49.195624
68.225430 -143.571259 47.546560
68.777848 -144.558892 45.897495
69.330266 -145.546525 44.248430
69.882684 -146.534158 42.599365
70.435102 -147.521792 40.950300
70.987519 -148.509425 39.301235
71.539937 -149.497058 37.652170
72.092355 -150.484692 36.003105
72.644773 -151.472325 34.354041
73.197191 -152.459958 32.704976
73.749608 -153.447592 31.055911
74.302026 -154.435225 29.406846
74.854444 -155.422858 27.757781
75.406862 -156.410492 26.108716
75.959280 -157.398125 24.459651
76.511698 -158.385758 22.810586
77.064115 -159.373392 21.161521
77.616533 -160.361025 19.512457
78.168951 -161.348658 17.863392
78.721369 -162.336291 16.214327
79.273787 -163.323925 14.565262
79.826204 -164.311558 12.916197
80.378622 -165.299191 11.267132
-108.162501 146.058236 -40.345061
-109.989307 145.402142 -40.827056
-111.816114 144.746048 -41.309051
-113.642920 144.089953 -41.791046
-115.469726 143.433859 -42.273041
-117.296533 142.777765 -42.755036
-119.123339 142.121671 -43.237031
-120.950145 141.465577 -43.719026
-122.776951 140.809483 -44.201021
-124.603758 140.153388 -44.683016
-126.430564 139.497294 -45.165012
-128.257370 138.841200 -45.647007
-130.084177 138.185106 -46.129002
-131.910983 137.529012 -46.610997
-133.737789 136.872918 -47.092992
-135.564596 136.216824 -47.574987
-137.391402 135.560729 -48.056982
-139.218208 134.904635 -48.538977
-141.045014 134.248541 -49.020972
-142.871821 133.592447 -49.502967
-144.698627 132.936353 -49.984962
-146.525433 132.280259 -50.466957
-148.352240 131.624164 -50.948952
-150.179046 130.968070 -51.430947
-152.005852 130.311976 -51.912942
-153.832658 129.655882 -52.394937
-155.659465 128.999788 -52.876932
-157.486271 128.343694 -53.358927
-159.313077 127.687599 -53.840922
-161.139884 127.031505 -54.322917
-162.966690 126.375411 -54.804912
-164.793496 125.719317 -55.286907
-166.620303 125.063223 -55.768902
-168.447109 124.407129 -56.250897
-170.273915 123.751035 -56.732893
-172.100721 123.094940 -57.214888
-173.927528 122.438846 -57.696883
-175.754334 121.782752 -58.178878
-177.581140 121.126658 -58.660873
-179.407947 120.470564 -59.142868
-181.234753 119.814470 -59.624863
-183.061559 119.158375 -60.106858
-184.888365 118.502281 -60.588853
-186.715172 117.846187 -61.070848
-188.541978 117.190093 -61.552843
-190.368784 116.533999 -62.034838
-192.195591 115.877905 -62.516833
-194.022397 115.221810 -62.998828
-195.849203 114.565716 -63.480823
-197.676010 113.909622 -63.962818
-199.502816 113.253528 -64.444813
-201.329622 112.597434 -64.926808
-203.156428 111.941340 -65.408803
-204.983235 111.285246 -65.890798
-206.810041 110.629151 -66.372793
-208.636847 109.973057 -66.854788
-210.463654 109.316963 -67.336783
-212.290460 108.660869 -67.818778
-214.117266 108.004775 -68.300774
-215.944072 107.348681 -68.782769
-217.770879 106.692586 -69.264764
-219.597685 106.036492 -69.746759
-221.424491 105.380398 -70.228754
-223.251298 104.724304 -70.710749
-225.078104 104.068210 -71.192744
-226.904910 103.412116 -71.674739
-228.731717 102.756021 -72.156734
-230.558523 102.099927 -72.638729
-232.385329 101.443833 -73.120724
-234.212135 100.787739 -73.602719
-68.212909 299.834122 -135.900345
-69.381570 298.935548 -134.548755
-70.550231 298.036975 -133.197165
-71.718893 297.138401 -131.845575
-72.887554 296.239827 -130.493985
-74.056215 295.341253 -129.142395
-75.224877 294.442680 -127.790804
-76.393538 293.544106 -126.439214
-77.562200 292.645532 -125.087624
-78.730861 291.746959 -123.736034
-79.899522 290.848385 -122.384444
-81.068184 289.949811 -121.032854
-82.236845 289.051237 -119.681264
-83.405506 288.152664 -118.329673
-84.574168 287.254090 -116.978083
-85.742829 286.355516 -115.626493
-86.911490 285.456942 -114.274903
-88.080152 284.558369 -112.923313
-89.248813 283.659795 -111.571723
-90.417474 282.761221 -110.220133
-91.586136 281.862648 -108.868542
-92.754797 280.964074 -107.516952
-93.923458 280.065500 -106.165362
-95.092120 279.166926 -104.813772
-96.260781 278.268353 -103.462182
-97.429442 277.369779 -102.110592
-98.598104 276.471205 -100.759002
-99.766765 275.572631 -99.407411
-100.935426 274.674058 -98.055821
-102.104088 273.775484 -96.704231
-103.272749 272.876910 -95.352641
-104.441411 271.978337 -94.001051
-105.610072 271.079763 -92.649461
-106.778733 270.181189 -91.297871
-107.947395 269.282615 -89.946280
-109.116056 268.384042 -88.594690
-110.284717 267.485468 -87.243100
-111.453379 266.586894 -85.891510
-112.622040 265.688320 -84.539920
-113.790701 264.789747 -83.188330
-114.959363 263.891173 -81.836740
-116.128024 262.992599 -80.485149
-117.296685 262.094026 -79.133559
-118.465347 261.195452 -77.781969
-119.634008 260.296878 -76.430379
-120.802669 259.398304 -75.078789
-121.971331 258.499731 -73.727199
-123.139992 257.601157 -72.375609
-124.308653 256.702583 -71.024018
-125.477315 255.804009 -69.672428
-126.645976 254.905436 -68.320838
-127.814637 254.006862 -66.969248
-128.983299 253.108288 -65.617658
-130.151960 252.209715 -64.266068
-131.320622 251.311141 -62.914478
-132.489283 250.412567 -61.562887
-133.657944 249.513993 -60.211297
-134.826606 248.615420 -58.859707
-135.995267 247.716846 -57.508117
-137.163928 246.818272 -56.156527
-138.332590 245.919698 -54.804937
-139.501251 245.021125 -53.453347
-140.669912 244.122551 -52.101756
-141.838574 243.223977 -50.750166
-143.007235 242.325404 -49.398576
-144.175896 241.426830 -48.046986
-145.344558 240.528256 -46.695396
-146.513219 239.629682 -45.343806
-147.681880 238.731109 -43.992216
-148.850542 237.832535 -42.640625
-165.550971 -289.564252 241.965179
-163.715392 -289.185179 241.267358
-161.879813 -288.806106 240.569537
-160.044235 -288.427034 239.871715
-158.208656 -288.047961 239.173894
-156.373077 -287.668888 238.476072
-154.537498 -287.289816 237.778251
-152.701920 -286.910743 237.080430
-150.866341 -286.531670 236.382608
-149.030762 -286.152598 235.684787
-147.195184 -285.773525 234.986965
-145.359605 -285.394452 234.289144
-143.524026 -285.015380 233.591323
-141.688448 -284.636307 232.893501
-139.852869 -284.257234 232.195680
-138.017290 -283.878161 231.497858
-136.181711 -283.499089 230.800037
-134.346133 -283.120016 230.102215
-132.510554 -282.740943 229.404394
-130.674975 -282.361871 228.706573
-128.839397 -281.982798 228.008751
-127.003818 -281.603725 227.310930
-125.168239 -281.224653 226.613108
-123.332661 -280.845580 225.915287
-121.497082 -280.466507 225.217466
-119.661503 -280.087434 224.519644
-117.825924 -279.708362 223.821823
-115.990346 -279.329289 223.124001
-114.154767 -278.950216 222.426180
-112.319188 -278.571144 221.728358
-110.483610 -278.192071 221.030537
-108.648031 -277.812998 220.332716
-106.812452 -277.433926 219.634894
-104.976874 -277.054853 218.937073
-103.141295 -276.675780 218.239251
-101.305716 -276.296708 217.541430
-99.470137 -275.917635 216.843609
-97.634559 -275.538562 216.145787
-95.798980 -275.159489 215.447966
-93.963401 -274.780417 214.750144
-92.127823 -274.401344 214.052323
-90.292244 -274.022271 213.354502
-88.456665 -273.643199 212.656680
-86.621087 -273.264126 211.958859
-84.785508 -272.885053 211.261037
-82.949929 -272.505981 210.563216
-81.114350 -272.126908 209.865394
-79.278772 -271.747835 209.167573
-77.443193 -271.368763 208.469752
-75.607614 -270.989690 207.771930
-73.772036 -270.610617 207.074109
-71.936457 -270.231544 206.376287
-70.100878 -269.852472 205.678466
-68.265300 -269.473399 204.980645
-66.429721 -269.094326 204.282823
-64.594142 -268.715254 203.585002
-62.758563 -268.336181 202.887180
-60.922985 -267.957108 202.189359
-59.087406 -267.578036 201.491537
-57.251827 -267.198963 200.793716
-55.416249 -266.819890 200.095895
-53.580670 -266.440818 199.398073
-51.745091 -266.061745 198.700252
-49.909513 -265.682672 198.002430
-48.073934 -265.303599 197.304609
-46.238355 -264.924527 196.606788
-44.402776 -264.545454 195.908966
-42.567198 -264.166381 195.211145
-40.731619 -263.787309 194.513323
-38.896040 -263.408236 193.815502
-264.956264 72.006454 -26.657095
-263.574842 73.222280 -27.440319
-262.193419 74.438106 -28.223544
-260.811997 75.653932 -29.006768
-259.430575 76.869757 -29.789992
-258.049153 78.085583 -30.573217
-256.667731 79.301409 -31.356441
-255.286308 80.517234 -32.139666
-253.904886 81.733060 -32.922890
-252.523464 82.948886 -33.706114
-251.142042 84.164712 -34.489339
-249.760619 85.380537 -35.272563
-248.379197 86.596363 -36.055788
-246.997775 87.812189 -36.839012
-245.616353 89.028014 -37.622237
-244.234931 90.243840 -38.405461
-242.853508 91.459666 -39.188685
-241.472086 92.675492 -39.971910
-240.090664 93.891317 -40.755134
-238.709242 95.107143 -41.538359
-237.327819 96.322969 -42.321583
-235.946397 97.538794 -43.104807
-234.564975 98.754620 -43.888032
-233.183553 99.970446 -44.671256
-231.802130 101.186272 -45.454481
-230.420708 102.402097 -46.237705
-229.039286 103.617923 -47.020929
-227.657864 104.833749 -47.804154
-226.276442 106.049574 -48.587378
-224.895019 107.265400 -49.370603
-223.513597 108.481226 -50.153827
-222.132175 109.697051 -50.937051
-220.750753 110.912877 -51.720276
-219.369330 112.128703 -52.503500
-217.987908 113.344529 -53.286725
-216.606486 114.560354 -54.069949
-215.225064 115.776180 -54.853174
-213.843642 116.992006 -55.636398
-212.462219 118.207831 -56.419622
-211.080797 119.423657 -57.202847
-209.699375 120.639483 -57.986071
-208.317953 121.855309 -58.769296
-206.936530 123.071134 -59.552520
-205.555108 124.286960 -60.335744
-204.173686 125.502786 -61.118969
-202.792264 126.718611 -61.902193
-201.410842 127.934437 -62.685418
-200.029419 129.150263 -63.468642
-198.647997 130.366089 -64.251866
-197.266575 131.581914 -65.035091
-195.885153 132.797740 -65.818315
-194.503730 134.013566 -66.601540
-193.122308 135.229391 -67.384764
-191.740886 136.445217 -68.167989
-190.359464 137.661043 -68.951213
-188.978041 138.876869 -69.734437
-187.596619 140.092694 -70.517662
-186.215197 141.308520 -71.300886
-184.833775 142.524346 -72.084111
-183.452353 143.740171 -72.867335
-182.070930 144.955997 -73.650559
-180.689508 146.171823 -74.433784
-179.308086 147.387649 -75.217008
-177.926664 148.603474 -76.000233
-176.545241 149.819300 -76.783457
-175.163819 151.035126 -77.566681
-173.782397 152.250951 -78.349906
-172.400975 153.466777 -79.133130
-171.019553 154.682603 -79.916355
-169.638130 155.898428 -80.699579
28.942263 275.709159 187.068197
30.914017 275.551000 186.772948
32.885771 275.392841 186.477699
34.857525 275.234682 186.182451
36.829279 275.076524 185.887202
38.801033 274.918365 185.591953
40.772787 274.760206 185.296705
42.744541 274.602047 185.001456
44.716295 274.443889 184.706207
46.688049 274.285730 184.410958
48.659804 274.127571 184.115710
50.631558 273.969412 183.820461
52.603312 273.811253 183.525212
54.575066 273.653095 183.229964
56.546820 273.494936 182.934715
58.518574 273.336777 182.639466
60.490328 273.178618 182.344218
62.462082 273.020459 182.048969
64.433836 272.862301 181.753720
66.405590 272.704142 181.458472
68.377344 272.545983 181.163223
70.349098 272.387824 180.867974
72.320852 272.229666 180.572726
74.292606 272.071507 180.277477
76.264360 271.913348 179.982228
78.236114 271.755189 179.686980
80.207868 271.597030 179.391731
82.179622 271.438872 179.096482
84.151376 271.280713 178.801234
86.123130 271.122554 178.505985
88.094884 270.964395 178.210736
90.066638 270.806237 177.915487
92.038393 270.648078 177.620239
94.010147 270.489919 177.324990
95.981901 270.331760 177.029741
97.953655 270.173601 176.734493
99.925409 270.015443 176.439244
101.897163 269.857284 176.143995
103.868917 269.699125 175.848747
105.840671 269.540966 175.553498
107.812425 269.382808 175.258249
109.784179 269.224649 174.963001
111.755933 269.066490 174.667752
113.727687 268.908331 174.372503
115.699441 268.750172 174.077255
117.671195 268.592014 173.782006
119.642949 268.433855 173.486757
121.614703 268.275696 173.191509
123.586457 268.117537 172.896260
125.558211 267.959379 172.601011
127.529965 267.801220 172.305763
129.501719 267.643061 172.010514
131.473473 267.484902 171.715265
133.445227 267.326743 171.420016
135.416982 267.168585 171.124768
137.388736 267.010426 170.829519
139.360490 266.852267 170.534270
141.332244 266.694108 170.239022
143.303998 266.535950 169.943773
145.275752 266.377791 169.648524
147.247506 266.219632 169.353276
149.219260 266.061473 169.058027
151.191014 265.903314 168.762778
153.162768 265.745156 168.467530
155.134522 265.586997 168.172281
157.106276 265.428838 167.877032
159.078030 265.270679 167.581784
161.049784 265.112521 167.286535
163.021538 264.954362 166.991286
164.993292 264.796203 166.696038
-283.332880 -230.870160 -46.550646
-282.330135 -229.715531 -47.839575
-281.327390 -228.560902 -49.128503
-280.324646 -227.406273 -50.417431
-279.321901 -226.251645 -51.706359
-278.319156 -225.097016 -52.995287
-277.316412 -223.942387 -54.284215
-276.313667 -222.787759 -55.573143
-275.310923 -221.633130 -56.862072
-274.308178 -220.478501 -58.151000
-273.305433 -219.323873 -59.439928
-272.302689 -218.169244 -60.728856
-271.299944 -217.014615 -62.017784
-270.297199 -215.859987 -63.306712
-269.294455 -214.705358 -64.595641
-268.291710 -213.550729 -65.884569
-267.288966 -212.396100 -67.173497
-266.286221 -211.241472 -68.462425
-265.283476 -210.086843 -69.751353
-264.280732 -208.932214 -71.040281
-263.277987 -207.777586 -72.329210
-262.275242 -206.622957 -73.618138
-261.272498 -205.468328 -74.907066
-260.269753 -204.313700 -76.195994
-259.267009 -203.159071 -77.484922
-258.264264 -202.004442 -78.773850
-257.261519 -200.849814 -80.062778
-256.258775 -199.695185 -81.351707
-255.256030 -198.540556 -82.640635
-254.253285 -197.385927 -83.929563
-253.250541 -196.231299 -85.218491
-252.247796 -195.076670 -86.507419
-251.245052 -193.922041 -87.796347
-250.242307 -192.767413 -89.085276
-249.239562 -191.612784 -90.374204
-248.236818 -190.458155 -91.663132
-247.234073 -189.303527 -92.952060
-246.231328 -188.148898 -94.240988
-245.228584 -186.994269 -95.529916
-244.225839 -185.839641 -96.818845
-243.223095 -184.685012 -98.107773
-242.220350 -183.530383 -99.396701
-241.217605 -182.375754 -100.685629
-240.214861 -181.221126 -101.974557
-239.212116 -180.066497 -103.263485
-238.209371 -178.911868 -104.552414
-237.206627 -177.757240 -105.841342
-236.203882 -176.602611 -107.130270
-235.201138 -175.447982 -108.419198
-234.198393 -174.293354 -109.708126
-233.195648 -173.138725 -110.997054
-232.192904 -171.984096 -112.285982
-231.190159 -170.829467 -113.574911
-230.187414 -169.674839 -114.863839
-229.184670 -168.520210 -116.152767
-228.181925 -167.365581 -117.441695
-227.179181 -166.210953 -118.730623
-226.176436 -165.056324 -120.019551
-225.173691 -163.901695 -121.308480
-224.170947 -162.747067 -122.597408
-223.168202 -161.592438 -123.886336
-222.165457 -160.437809 -125.175264
-221.162713 -159.283181 -126.464192
-220.159968 -158.128552 -127.753120
-219.157224 -156.973923 -129.042049
-218.154479 -155.819294 -130.330977
-217.151734 -154.664666 -131.619905
-216.148990 -153.510037 -132.908833
-215.146245 -152.355408 -134.197761
-214.143500 -151.200780 -135.486689
-89.599012 -117.871559 166.525092
-89.191903 -119.829629 166.540008
-88.784794 -121.787700 166.554925
-88.377685 -123.745770 166.569841
-87.970575 -125.703841 166.584757
-87.563466 -127.661911 166.599674
-87.156357 -129.619981 166.614590
-86.749248 -131.578052 166.629506
-86.342138 -133.536122 166.644423
-85.935029 -135.494192 166.659339
-85.527920 -137.452263 166.674255
-85.120811 -139.410333 166.689172
-84.713701 -141.368403 166.704088
-84.306592 -143.326474 166.719004
-83.899483 -145.284544 166.733921
-83.492373 -147.242615 166.748837
-83.085264 -149.200685 166.763754
-82.678155 -151.158755 166.778670
-82.271046 -153.116826 166.793586
-81.863936 -155.074896 166.808503
-81.456827 -157.032966 166.823419
-81.049718 -158.991037 166.838335
-80.642609 -160.949107 166.853252
-80.235499 -162.907178 166.868168
-79.828390 -164.865248 166.883084
-79.421281 -166.823318 166.898001
-79.014172 -168.781389 166.912917
-78.607062 -170.739459 166.927833
-78.199953 -172.697529 166.942750
-77.792844 -174.655600 166.957666
-77.385735 -176.613670 166.972582
-76.978625 -178.571740 166.987499
-76.571516 -180.529811 167.002415
-76.164407 -182.487881 167.017331
-75.757298 -184.445952 167.032248
-75.350188 -186.404022 167.047164
-74.943079 -188.362092 167.062081
-74.535970 -190.320163 167.076997
-74.128861 -192.278233 167.091913
-73.721751 -194.236303 167.106830
-73.314642 -196.194374 167.121746
-72.907533 -198.152444 167.136662
-72.500424 -200.110514 167.151579
-72.093314 -202.068585 167.166495
-71.686205 -204.026655 167.181411
-71.279096 -205.984726 167.196328
-70.871987 -207.942796 167.211244
-70.464877 -209.900866 167.226160
-70.057768 -211.858937 167.241077
-69.650659 -213.817007 167.255993
-69.243550 -215.775077 167.270909
-68.836440 -217.733148 167.285826
-68.429331 -219.691218 167.300742
-68.022222 -221.649289 167.315658
-67.615113 -223.607359 167.330575
-67.208003 -225.565429 167.345491
-66.800894 -227.523500 167.360408
-66.393785 -229.481570 167.375324
-65.986676 -231.439640 167.390240
-65.579566 -233.397711 167.405157
-65.172457 -235.355781 167.420073
-64.765348 -237.313851 167.434989
-64.358239 -239.271922 167.449906
-63.951129 -241.229992 167.464822
-63.544020 -243.188063 167.479738
-63.136911 -245.146133 167.494655
-62.729802 -247.104203 167.509571
-62.322692 -249.062274 167.524487
-61.915583 -251.020344 167.539404
-61.508474 -252.978414 167.554320
-261.035487 -55.812875 -265.788152
-260.403667 -53.993283 -265.249739
-259.771847 -52.173691 -264.711326
-259.140028 -50.354099 -264.172913
-258.508208 -48.534507 -263.634500
-257.876388 -46.714914 -263.096087
-257.244569 -44.895322 -262.557674
-256.612749 -43.075730 -262.019260
-255.980929 -41.256138 -261.480847
-255.349110 -39.436546 -260.942434
-254.717290 -37.616954 -260.404021
-254.085470 -35.797362 -259.865608
-253.453651 -33.977770 -259.327195
-252.821831 -32.158178 -258.788782
-252.190011 -30.338586 -258.250368
-251.558192 -28.518994 -257.711955
-250.926372 -26.699402 -257.173542
-250.294552 -24.879810 -256.635129
-249.662733 -23.060218 -256.096716
-249.030913 -21.240626 -255.558303
-248.399094 -19.421034 -255.019890
-247.767274 -17.601442 -254.481476
-247.135454 -15.781850 -253.943063
-246.503635 -13.962258 -253.404650
-245.871815 -12.142666 -252.866237
-245.239995 -10.323073 -252.327824
-244.608176 -8.503481 -251.789411
-243.976356 -6.683889 -251.250998
-243.344536 -4.864297 -250.712584
-242.712717 -3.044705 -250.174171
-242.080897 -1.225113 -249.635758
-241.449077 0.594479 -249.097345
-240.817258 2.414071 -248.558932
-240.185438 4.233663 -248.020519
-239.553618 6.053255 -247.482106
-238.921799 7.872847 -246.943693
-238.289979 9.692439 -246.405279
-237.658160 11.512031 -245.866866
-237.026340 13.331623 -245.328453
-236.394520 15.151215 -244.790040
-235.762701 16.970807 -244.251627
-235.130881 18.790399 -243.713214
-234.499061 20.609991 -243.174801
-233.867242 22.429583 -242.636387
-233.235422 24.249175 -242.097974
-232.603602 26.068767 -241.559561
-231.971783 27.888360 -241.021148
-231.339963 29.707952 -240.482735
-230.708143 31.527544 -239.944322
-230.076324 33.347136 -239.405909
-229.444504 35.166728 -238.867495
-228.812684 36.986320 -238.329082
-228.180865 38.805912 -237.790669
-227.549045 40.625504 -237.252256
-226.917225 42.445096 -236.713843
-226.285406 44.264688 -236.175430
-225.653586 46.084280 -235.637017
-225.021767 47.903872 -235.098603
-224.389947 49.723464 -234.560190
-223.758127 51.543056 -234.021777
-223.126308 53.362648 -233.483364
-222.494488 55.182240 -232.944951
-221.862668 57.001832 -232.406538
-221.230849 58.821424 -231.868125
-220.599029 60.641016 -231.329711
-219.967209 62.460608 -230.791298
-219.335390 64.280200 -230.252885
-218.703570 66.099793 -229.714472
-218.071750 67.919385 -229.176059
-217.439931 69.738977 -228.637646
-0.701123 295.858264 -126.059607
-2.087823 295.268275 -124.744702
-3.474523 294.678286 -123.429797
-4.861223 294.088297 -122.114892
-6.247924 293.498308 -120.799987
-7.634624 292.908319 -119.485081
-9.021324 292.318330 -118.170176
-10.408024 291.728341 -116.855271
-11.794724 291.138352 -115.540366
-13.181425 290.548363 -114.225461
-14.568125 289.958374 -112.910556
-15.954825 289.368385 -111.595651
-17.341525 288.778396 -110.280745
-18.728225 288.188407 -108.965840
-20.114926 287.598418 -107.650935
-21.501626 287.008429 -106.336030
-22.888326 286.418440 -105.021125
-24.275026 285.828451 -103.706220
-25.661726 285.238462 -102.391314
-27.048427 284.648473 -101.076409
-28.435127 284.058484 -99.761504
-29.821827 283.468495 -98.446599
-31.208527 282.878507 -97.131694
-32.595227 282.288518 -95.816789
-33.981928 281.698529 -94.501884
-35.368628 281.108540 -93.186978
-36.755328 280.518551 -91.872073
-38.142028 279.928562 -90.557168
-39.528728 279.338573 -89.242263
-40.915429 278.748584 -87.927358
-42.302129 278.158595 -86.612453
-43.688829 277.568606 -85.297548
-45.075529 276.978617 -83.982642
-46.462229 276.388628 -82.667737
-47.848930 275.798639 -81.352832
-49.235630 275.208650 -80.037927
-50.622330 274.618661 -78.723022
-52.009030 274.028672 -77.408117
-53.395730 273.438683 -76.093211
-54.782431 272.848694 -74.778306
-56.169131 272.258705 -73.463401
-57.555831 271.668716 -72.148496
-58.942531 271.078727 -70.833591
-60.329231 270.488738 -69.518686
-61.715932 269.898749 -68.203781
-63.102632 269.308760 -66.888875
-64.489332 268.718771 -65.573970
-65.876032 268.128782 -64.259065
-67.262733 267.538793 -62.944160
-68.649433 266.948804 -61.629255
-70.036133 266.358815 -60.314350
-71.422833 265.768826 -58.999445
-72.809533 265.178837 -57.684539
-74.196234 264.588848 -56.369634
-75.582934 263.998859 -55.054729
-76.969634 263.408870 -53.739824
-78.356334 262.818881 -52.424919
-79.743034 262.228892 -51.110014
-81.129735 261.638903 -49.795108
-82.516435 261.048914 -48.480203
-83.903135 260.458925 -47.165298
-85.289835 259.868936 -45.850393
-86.676535 259.278948 -44.535488
-88.063236 258.688959 -43.220583
-89.449936 258.098970 -41.905678
-90.836636 257.508981 -40.590772
-92.223336 256.918992 -39.275867
-93.610036 256.329003 -37.960962
-94.996737 255.739014 -36.646057
-96.383437 255.149025 -35.331152
296.137045 207.797149 -47.456530
295.167905 209.018825 -48.708838
294.198764 210.240501 -49.961146
293.229624 211.462176 -51.213454
292.260484 212.683852 -52.465763
291.291343 213.905527 -53.718071
290.322203 215.127203 -54.970379
289.353062 216.348879 -56.222687
288.383922 217.570554 -57.474995
287.414782 218.792230 -58.727303
286.445641 220.013905 -59.979611
285.476501 221.235581 -61.231920
284.507361 222.457256 -62.484228
283.538220 223.678932 -63.736536
282.569080 224.900608 -64.988844
281.599940 226.122283 -66.241152
280.630799 227.343959 -67.493460
279.661659 228.565634 -68.745769
278.692519 229.787310 -69.998077
277.723378 231.008986 -71.250385
276.754238 232.230661 -72.502693
275.785097 233.452337 -73.755001
274.815957 234.674012 -75.007309
273.846817 235.895688 -76.259618
272.877676 237.117363 -77.511926
271.908536 238.339039 -78.764234
270.939396 239.560715 -80.016542
269.970255 240.782390 -81.268850
269.001115 242.004066 -82.521158
268.031975 243.225741 -83.773467
267.062834 244.447417 -85.025775
266.093694 245.669093 -86.278083
265.124554 246.890768 -87.530391
264.155413 248.112444 -88.782699
263.186273 249.334119 -90.035007
262.217133 250.555795 -91.287316
261.247992 251.777470 -92.539624
260.278852 252.999146 -93.791932
259.309711 254.220822 -95.044240
258.340571 255.442497 -96.296548
257.371431 256.664173 -97.548856
256.402290 257.885848 -98.801165
255.433150 259.107524 -100.053473
254.464010 260.329200 -101.305781
253.494869 261.550875 -102.558089
252.525729 262.772551 -103.810397
251.556589 263.994226 -105.062705
250.587448 265.215902 -106.315014
249.618308 266.437578 -107.567322
248.649168 267.659253 -108.819630
247.680027 268.880929 -110.071938
246.710887 270.102604 -111.324246
245.741746 271.324280 -112.576554
244.772606 272.545955 -113.828862
243.803466 273.767631 -115.081171
242.834325 274.989307 -116.333479
241.865185 276.210982 -117.585787
240.896045 277.432658 -118.838095
239.926904 278.654333 -120.090403
238.957764 279.876009 -121.342711
237.988624 281.097685 -122.595020
237.019483 282.319360 -123.847328
236.050343 283.541036 -125.099636
235.081203 284.762711 -126.351944
234.112062 285.984387 -127.604252
233.142922 287.206062 -128.856560
232.173781 288.427738 -130.108869
231.204641 289.649414 -131.361177
230.235501 290.871089 -132.613485
229.266360 292.092765 -133.865793
24.794655 -41.985292 224.417092
23.914010 -43.573979 225.254073
23.033366 -45.162667 226.091055
22.152721 -46.751354 226.928036
21.272077 -48.340041 227.765018
20.391433 -49.928729 228.601999
19.510788 -51.517416 229.438980
18.630144 -53.106104 230.275962
17.749499 -54.694791 231.112943
16.868855 -56.283478 231.949924
15.988210 -57.872166 232.786906
15.107566 -59.460853 233.623887
14.226922 -61.049540 234.460869
13.346277 -62.638228 235.297850
12.465633 -64.226915 236.134831
11.584988 -65.815602 236.971813
10.704344 -67.404290 237.808794
9.823699 -68.992977 238.645775
8.943055 -70.581665 239.482757
8.062411 -72.170352 240.319738
7.181766 -73.759039 241.156720
6.301122 -75.347727 241.993701
5.420477 -76.936414 242.830682
4.539833 -78.525101 243.667664
3.659188 -80.113789 244.504645
2.778544 -81.702476 245.341627
1.897899 -83.291164 246.178608
1.017255 -84.879851 247.015589
0.136611 -86.468538 247.852571
-0.744034 -88.057226 248.689552
-1.624678 -89.645913 249.526533
-2.505323 -91.234600 250.363515
-3.385967 -92.823288 251.200496
-4.266612 -94.411975 252.037478
-5.147256 -96.000662 252.874459
-6.027900 -97.589350 253.711440
-6.908545 -99.178037 254.548422
-7.789189 -100.766725 255.385403
-8.669834 -102.355412 256.222384
-9.550478 -103.944099 257.059366
-10.431123 -105.532787 257.896347
-11.311767 -107.121474 258.733329
-12.192412 -108.710161 259.570310
-13.073056 -110.298849 260.407291
-13.953700 -111.887536 261.244273
-14.834345 -113.476223 262.081254
-15.714989 -115.064911 262.918236
-16.595634 -116.653598 263.755217
-17.476278 -118.242286 264.592198
-18.356923 -119.830973 265.429180
-19.237567 -121.419660 266.266161
-20.118211 -123.008348 267.103142
-20.998856 -124.597035 267.940124
-21.879500 -126.185722 268.777105
-22.760145 -127.774410 269.614087
-23.640789 -129.363097 270.451068
-24.521434 -130.951784 271.288049
-25.402078 -132.540472 272.125031
-26.282722 -134.129159 272.962012
-27.163367 -135.717847 273.798993
-28.044011 -137.306534 274.635975
-28.924656 -138.895221 275.472956
-29.805300 -140.483909 276.309938
-30.685945 -142.072596 277.146919
-31.566589 -143.661283 277.983900
-32.447234 -145.249971 278.820882
-33.327878 -146.838658 279.657863
-34.208522 -148.427345 280.494845
-35.089167 -150.016033 281.331826
-35.969811 -151.604720 282.168807
-110.526534 -68.977303 105.648280
-109.689831 -67.340788 106.436789
-108.853128 -65.704273 107.225297
-108.016425 -64.067757 108.013806
-107.179721 -62.431242 108.802314
-106.343018 -60.794727 109.590823
-105.506315 -59.158212 110.379332
-104.669612 -57.521697 111.167840
-103.832909 -55.885182 111.956349
-102.996206 -54.248666 112.744858
-102.159502 -52.612151 113.533366
-101.322799 -50.975636 114.321875
-100.486096 -49.339121 115.110384
-99.649393 -47.702606 115.898892
-98.812690 -46.066090 116.687401
-97.975987 -44.429575 117.475909
-97.139283 -42.793060 118.264418
-96.302580 -41.156545 119.052927
-95.465877 -39.520030 119.841435
-94.629174 -37.883515 120.629944
-93.792471 -36.246999 121.418453
-92.955768 -34.610484 122.206961
-92.119064 -32.973969 122.995470
-91.282361 -31.337454 123.783979
-90.445658 -29.700939 124.572487
-89.608955 -28.064424 125.360996
-88.772252 -26.427908 126.149505
-87.935549 -24.791393 126.938013
-87.098845 -23.154878 127.726522
-86.262142 -21.518363 128.515030
-85.425439 -19.881848 129.303539
-84.588736 -18.245332 130.092048
-83.752033 -16.608817 130.880556
-82.915330 -14.972302 131.669065
-82.078626 -13.335787 132.457574
-81.241923 -11.699272 133.246082
-80.405220 -10.062757 134.034591
-79.568517 -8.426241 134.823100
-78.731814 -6.789726 135.611608
-77.895111 -5.153211 136.400117
-77.058407 -3.516696 137.188625
-76.221704 -1.880181 137.977134
-75.385001 -0.243665 138.765643
-74.548298 1.392850 139.554151
-73.711595 3.029365 140.342660
-72.874892 4.665880 141.131169
-72.038188 6.302395 141.919677
-71.201485 7.938910 142.708186
-70.364782 9.575426 143.496695
-69.528079 11.211941 144.285203
-68.691376 12.848456 145.073712
-67.854672 14.484971 145.862220
-67.017969 16.121486 146.650729
-66.181266 17.758002 147.439238
-65.344563 19.394517 148.227746
-64.507860 21.031032 149.016255
-63.671157 22.667547 149.804764
-62.834453 24.304062 150.593272
-61.997750 25.940577 151.381781
-61.161047 27.577093 152.170290
-60.324344 29.213608 152.958798
-59.487641 30.850123 153.747307
-58.650938 32.486638 154.535815
-57.814234 34.123153 155.324324
-56.977531 35.759668 156.112833
-56.140828 37.396184 156.901341
-55.304125 39.032699 157.689850
-54.467422 40.669214 158.478359
-53.630719 42.305729 159.266867
-52.794015 43.942244 160.055376
-262.911109 -189.950098 -12.078403
-261.762471 -191.382360 -11.285146
-260.613833 -192.814622 -10.491889
-259.465195 -194.246884 -9.698632
-258.316557 -195.679146 -8.905375
-257.167919 -197.111408 -8.112118
-256.019281 -198.543669 -7.318861
-254.870643 -199.975931 -6.525604
-253.722004 -201.408193 -5.732347
-252.573366 -202.840455 -4.939090
-251.424728 -204.272717 -4.145834
-250.276090 -205.704979 -3.352577
-249.127452 -207.137240 -2.559320
-247.978814 -208.569502 -1.766063
-246.830176 -210.001764 -0.972806
-245.681538 -211.434026 -0.179549
-244.532900 -212.866288 0.613708
-243.384262 -214.298550 1.406965
-242.235624 -215.730812 2.200222
-241.086986 -217.163073 2.993479
-239.938347 -218.595335 3.786736
-238.789709 -220.027597 4.579993
-237.641071 -221.459859 5.373250
-236.492433 -222.892121 6.166507
-235.343795 -224.324383 6.959764
-234.195157 -225.756644 7.753021
-233.046519 -227.188906 8.546278
-231.897881 -228.621168 9.339535
-230.749243 -230.053430 10.132792
-229.600605 -231.485692 10.926049
-228.451967 -232.917954 11.719306
-227.303329 -234.350215 12.512562
-226.154691 -235.782477 13.305819
-225.006052 -237.214739 14.099076
-223.857414 -238.647001 14.892333
-222.708776 -240.079263 15.685590
-221.560138 -241.511525 16.478847
-220.411500 -242.943786 17.272104
-219.262862 -244.376048 18.065361
-218.114224 -245.808310 18.858618
-216.965586 -247.240572 19.651875
-215.816948 -248.672834 20.445132
-214.668310 -250.105096 21.238389
-213.519672 -251.537357 22.031646
-212.371034 -252.969619 22.824903
-211.222396 -254.401881 23.618160
-210.073757 -255.834143 24.411417
-208.925119 -257.266405 25.204674
-207.776481 -258.698667 25.997931
-206.627843 -260.130928 26.791188
-205.479205 -261.563190 27.584445
-204.330567 -262.995452 28.377702
-203.181929 -264.427714 29.170958
-202.033291 -265.859976 29.964215
-200.884653 -267.292238 30.757472
-199.736015 -268.724499 31.550729
-198.587377 -270.156761 32.343986
-197.438739 -271.589023 33.137243
-196.290100 -273.021285 33.930500
-195.141462 -274.453547 34.723757
-193.992824 -275.885809 35.517014
-192.844186 -277.318070 36.310271
-191.695548 -278.750332 37.103528
-190.546910 -280.182594 37.896785
-189.398272 -281.614856 38.690042
-188.249634 -283.047118 39.483299
-187.100996 -284.479380 40.276556
-185.952358 -285.911642 41.069813
-184.803720 -287.343903 41.863070
-183.655082 -288.776165 42.656327
-258.265514 50.818885 15.323224
-258.438854 50.087060 13.470015
-258.612194 49.355236 11.616805
-258.785535 48.623411 9.763596
-258.958875 47.891586 7.910386
-259.132216 47.159761 6.057177
-259.305556 46.427936 4.203967
-259.478896 45.696111 2.350758
-259.652237 44.964286 0.497548
-259.825577 44.232461 -1.355661
-259.998917 43.500637 -3.208871
-260.172258 42.768812 -5.062080
-260.345598 42.036987 -6.915290
-260.518938 41.305162 -8.768499
-260.692279 40.573337 -10.621709
-260.865619 39.841512 -12.474918
-261.038959 39.109687 -14.328128
-261.212300 38.377863 -16.181337
-261.385640 37.646038 -18.034547
-261.558980 36.914213 -19.887756
-261.732321 36.182388 -21.740966
-261.905661 35.450563 -23.594175
-262.079001 34.718738 -25.447385
-262.252342 33.986913 -27.300594
-262.425682 33.255089 -29.153804
-262.599022 32.523264 -31.007013
-262.772363 31.791439 -32.860223
-262.945703 31.059614 -34.713432
-263.119043 30.327789 -36.566642
-263.292384 29.595964 -38.419852
-263.465724 28.864139 -40.273061
-263.639064 28.132315 -42.126271
-263.812405 27.400490 -43.979480
-263.985745 26.668665 -45.832690
-264.159085 25.936840 -47.685899
-264.332426 25.205015 -49.539109
-264.505766 24.473190 -51.392318
-264.679106 23.741365 -53.245528
-264.852447 23.009541 -55.098737
-265.025787 22.277716 -56.951947
-265.199127 21.545891 -58.805156
-265.372468 20.814066 -60.658366
-265.545808 20.082241 -62.511575
-265.719148 19.350416 -64.364785
-265.892489 18.618591 -66.217994
-266.065829 17.886767 -68.071204
-266.239169 17.154942 -69.924413
-266.412510 16.423117 -71.777623
-266.585850 15.691292 -73.630832
-266.759190 14.959467 -75.484042
-266.932531 14.227642 -77.337251
-267.105871 13.495817 -79.190461
-267.279211 12.763993 -81.043670
-267.452552 12.032168 -82.896880
-267.625892 11.300343 -84.750089
-267.799232 10.568518 -86.603299
-267.972573 9.836693 -88.456508
-268.145913 9.104868 -90.309718
-268.319253 8.373043 -92.162927
-268.492594 7.641218 -94.016137
-268.665934 6.909394 -95.869346
-268.839274 6.177569 -97.722556
-269.012615 5.445744 -99.575765
-269.185955 4.713919 -101.428975
-269.359295 3.982094 -103.282184
-269.532636 3.250269 -105.135394
-269.705976 2.518444 -106.988604
-269.879316 1.786620 -108.841813
-270.052657 1.054795 -110.695023
-270.225997 0.322970 -112.548232
48.424830 -64.867531 219.012487
49.323955 -64.670071 217.236935
50.223079 -64.472611 215.461383
51.122203 -64.275151 213.685830
52.021327 -64.077691 211.910278
52.920451 -63.880231 210.134726
53.819575 -63.682771 208.359174
54.718699 -63.485311 206.583622
55.617823 -63.287851 204.808070
56.516947 -63.090391 203.032517
57.416071 -62.892931 201.256965
58.315195 -62.695471 199.481413
59.214319 -62.498011 197.705861
60.113443 -62.300551 195.930309
61.012567 -62.103091 194.154757
61.911691 -61.905631 192.379204
62.810815 -61.708171 190.603652
63.709939 -61.510711 188.828100
64.609064 -61.313251 187.052548
65.508188 -61.115791 185.276996
66.407312 -60.918331 183.501444
67.306436 -60.720871 181.725892
68.205560 -60.523411 179.950339
69.104684 -60.325951 178.174787
70.003808 -60.128491 176.399235
70.902932 -59.931031 174.623683
71.802056 -59.733571 172.848131
72.701180 -59.536111 171.072579
73.600304 -59.338651 169.297026
74.499428 -59.141191 167.521474
75.398552 -58.943731 165.745922
76.297676 -58.746271 163.970370
77.196800 -58.548811 162.194818
78.095924 -58.351351 160.419266
78.995048 -58.153891 158.643713
79.894173 -57.956431 156.868161
80.793297 -57.758971 155.092609
81.692421 -57.561511 153.317057
82.591545 -57.364051 151.541505
83.490669 -57.166591 149.765953
84.389793 -56.969131 147.990400
85.288917 -56.771671 146.214848
86.188041 -56.574211 144.439296
87.087165 -56.376751 142.663744
87.986289 -56.179291 140.888192
88.885413 -55.981831 139.112640
89.784537 -55.784371 137.337087
90.683661 -55.586911 135.561535
91.582785 -55.389451 133.785983
92.481909 -55.191991 132.010431
93.381033 -54.994531 130.234879
94.280158 -54.797071 128.459327
95.179282 -54.599611 126.683775
96.078406 -54.402151 124.908222
96.977530 -54.204691 123.132670
97.876654 -54.007231 121.357118
98.775778 -53.809771 119.581566
99.674902 -53.612311 117.806014
100.574026 -53.414851 116.030462
101.473150 -53.217391 114.254909
102.372274 -53.019931 112.479357
103.271398 -52.822472 110.703805
104.170522 -52.625012 108.928253
105.069646 -52.427552 107.152701
105.968770 -52.230092 105.377149
106.867894 -52.032632 103.601596
107.767018 -51.835172 101.826044
108.666142 -51.637712 100.050492
109.565267 -51.440252 98.274940
110.464391 -51.242792 96.499388
124.162110 -96.345370 -232.866437
125.602844 -97.647350 -232.387759
127.043578 -98.949331 -231.909082
128.484312 -100.251312 -231.430404
129.925046 -101.553293 -230.951727
131.365779 -102.855273 -230.473049
132.806513 -104.157254 -229.994372
134.247247 -105.459235 -229.515694
135.687981 -106.761216 -229.037016
137.128715 -108.063196 -228.558339
138.569448 -109.365177 -228.079661
140.010182 -110.667158 -227.600984
141.450916 -111.969139 -227.122306
142.891650 -113.271119 -226.643629
144.332384 -114.573100 -226.164951
145.773117 -115.875081 -225.686273
147.213851 -117.177062 -225.207596
148.654585 -118.479042 -224.728918
150.095319 -119.781023 -224.250241
151.536053 -121.083004 -223.771563
152.976787 -122.384985 -223.292886
154.417520 -123.686965 -222.814208
155.858254 -124.988946 -222.335531
157.298988 -126.290927 -221.856853
158.739722 -127.592908 -221.378175
160.180456 -128.894888 -220.899498
161.621189 -130.196869 -220.420820
163.061923 -131.498850 -219.942143
164.502657 -132.800831 -219.463465
165.943391 -134.102811 -218.984788
167.384125 -135.404792 -218.506110
168.824859 -136.706773 -218.027432
170.265592 -138.008754 -217.548755
171.706326 -139.310734 -217.070077
173.147060 -140.612715 -216.591400
174.587794 -141.914696 -216.112722
176.028528 -143.216677 -215.634045
177.469261 -144.518657 -215.155367
178.909995 -145.820638 -214.676689
180.350729 -147.122619 -214.198012
181.791463 -148.424600 -213.719334
183.232197 -149.726580 -213.240657
184.672930 -151.028561 -212.761979
186.113664 -152.330542 -212.283302
187.554398 -153.632522 -211.804624
188.995132 -154.934503 -211.325946
190.435866 -156.236484 -210.847269
191.876600 -157.538465 -210.368591
193.317333 -158.840445 -209.889914
194.758067 -160.142426 -209.411236
196.198801 -161.444407 -208.932559
197.639535 -162.746388 -208.453881
199.080269 -164.048368 -207.975204
200.521002 -165.350349 -207.496526
201.961736 -166.652330 -207.017848
203.402470 -167.954311 -206.539171
204.843204 -169.256291 -206.060493
206.283938 -170.558272 -205.581816
207.724672 -171.860253 -205.103138
209.165405 -173.162234 -204.624461
210.606139 -174.464214 -204.145783
212.046873 -175.766195 -203.667105
213.487607 -177.068176 -203.188428
214.928341 -178.370157 -202.709750
216.369074 -179.672137 -202.231073
217.809808 -180.974118 -201.752395
219.250542 -182.276099 -201.273718
220.691276 -183.578080 -200.795040
222.132010 -184.880060 -200.316362
223.572743 -186.182041 -199.837685
73.266438 -231.790824 54.219107
75.135810 -231.448002 54.841942
77.005181 -231.105181 55.464778
78.874552 -230.762360 56.087613
80.743924 -230.419538 56.710449
82.613295 -230.076717 57.333284
84.482667 -229.733896 57.956120
86.352038 -229.391074 58.578955
88.221410 -229.048253 59.201791
90.090781 -228.705432 59.824626
91.960152 -228.362611 60.447462
93.829524 -228.019789 61.070298
95.698895 -227.676968 61.693133
97.568267 -227.334147 62.315969
99.437638 -226.991325 62.938804
101.307009 -226.648504 63.561640
103.176381 -226.305683 64.184475
105.045752 -225.962861 64.807311
106.915124 -225.620040 65.430146
108.784495 -225.277219 66.052982
110.653866 -224.934398 66.675817
112.523238 -224.591576 67.298653
114.392609 -224.248755 67.921488
116.261981 -223.905934 68.544324
118.131352 -223.563112 69.167159
120.000723 -223.220291 69.789995
121.870095 -222.877470 70.412830
123.739466 -222.534648 71.035666
125.608838 -222.191827 71.658502
127.478209 -221.849006 72.281337
129.347580 -221.506185 72.904173
131.216952 -221.163363 73.527008
133.086323 -220.820542 74.149844
134.955695 -220.477721 74.772679
136.825066 -220.134899 75.395515
138.694437 -219.792078 76.018350
140.563809 -219.449257 76.641186
142.433180 -219.106435 77.264021
144.302552 -218.763614 77.886857
146.171923 -218.420793 78.509692
148.041295 -218.077972 79.132528
149.910666 -217.735150 79.755363
151.780037 -217.392329 80.378199
153.649409 -217.049508 81.001035
155.518780 -216.706686 81.623870
157.388152 -216.363865 82.246706
159.257523 -216.021044 82.869541
161.126894 -215.678222 83.492377
162.996266 -215.335401 84.115212
164.865637 -214.992580 84.738048
166.735009 -214.649759 85.360883
168.604380 -214.306937 85.983719
170.473751 -213.964116 86.606554
172.343123 -213.621295 87.229390
174.212494 -213.278473 87.852225
176.081866 -212.935652 88.475061
177.951237 -212.592831 89.097896
179.820608 -212.250009 89.720732
181.689980 -211.907188 90.343567
183.559351 -211.564367 90.966403
185.428723 -211.221546 91.589239
187.298094 -210.878724 92.212074
189.167465 -210.535903 92.834910
191.036837 -210.193082 93.457745
192.906208 -209.850260 94.080581
194.775580 -209.507439 94.703416
196.644951 -209.164618 95.326252
198.514323 -208.821796 95.949087
200.383694 -208.478975 96.571923
202.253065 -208.136154 97.194758
-4.477415 51.771976 8.692269
-2.936320 50.698148 8.005304
-1.395226 49.624321 7.318339
0.145869 48.550493 6.631374
1.686964 47.476666 5.944409
3.228059 46.402838 5.257443
4.769154 45.329011 4.570478
6.310249 44.255183 3.883513
7.851344 43.181356 3.196548
9.392438 42.107528 2.509583
10.933533 41.033701 1.822617
12.474628 39.959873 1.135652
14.015723 38.886046 0.448687
15.556818 37.812219 -0.238278
17.097913 36.738391 -0.925243
18.639008 35.664564 -1.612209
20.180103 34.590736 -2.299174
21.721197 33.516909 -2.986139
23.262292 32.443081 -3.673104
24.803387 31.369254 -4.360069
26.344482 30.295426 -5.047035
27.885577 29.221599 -5.734000
29.426672 28.147771 -6.420965
30.967767 27.073944 -7.107930
32.508862 26.000116 -7.794895
34.049956 24.926289 -8.481860
35.591051 23.852461 -9.168826
37.132146 22.778634 -9.855791
38.673241 21.704807 -10.542756
40.214336 20.630979 -11.229721
41.755431 19.557152 -11.916686
43.296526 18.483324 -12.603652
44.837621 17.409497 -13.290617
46.378715 16.335669 -13.977582
47.919810 15.261842 -14.664547
49.460905 14.188014 -15.351512
51.002000 13.114187 -16.038478
52.543095 12.040359 -16.725443
54.084190 10.966532 -17.412408
55.625285 9.892704 -18.099373
57.166379 8.818877 -18.786338
58.707474 7.745049 -19.473304
60.248569 6.671222 -20.160269
61.789664 5.597395 -20.847234
63.330759 4.523567 -21.534199
64.871854 3.449740 -22.221164
66.412949 2.375912 -22.908129
67.954044 1.302085 -23.595095
69.495138 0.228257 -24.282060
71.036233 -0.845570 -24.969025
72.577328 -1.919398 -25.655990
74.118423 -2.993225 -26.342955
75.659518 -4.067053 -27.029921
77.200613 -5.140880 -27.716886
78.741708 -6.214708 -28.403851
80.282803 -7.288535 -29.090816
81.823897 -8.362363 -29.777781
83.364992 -9.436190 -30.464747
84.906087 -10.510017 -31.151712
86.447182 -11.583845 -31.838677
87.988277 -12.657672 -32.525642
89.529372 -13.731500 -33.212607
91.070467 -14.805327 -33.899573
92.611561 -15.879155 -34.586538
94.152656 -16.952982 -35.273503
95.693751 -18.026810 -35.960468
97.234846 -19.100637 -36.647433
98.775941 -20.174465 -37.334398
100.317036 -21.248292 -38.021364
101.858131 -22.322120 -38.708329
-41.500406 -94.670988 -3.181706
-40.872164 -92.773073 -3.238532
-40.243921 -90.875157 -3.295359
-39.615679 -88.977242 -3.352185
-38.987437 -87.079327 -3.409012
-38.359195 -85.181411 -3.465838
-37.730953 -83.283496 -3.522665
-37.102710 -81.385581 -3.579491
-36.474468 -79.487666 -3.636318
-35.846226 -77.589750 -3.693144
-35.217984 -75.691835 -3.749971
-34.589741 -73.793920 -3.806798
-33.961499 -71.896004 -3.863624
-33.333257 -69.998089 -3.920451
-32.705015 -68.100174 -3.977277
-32.076773 -66.202259 -4.034104
-31.448530 -64.304343 -4.090930
-30.820288 -62.406428 -4.147757
-30.192046 -60.508513 -4.204583
-29.563804 -58.610597 -4.261410
-28.935561 -56.712682 -4.318236
-28.307319 -54.814767 -4.375063
-27.679077 -52.916851 -4.431889
-27.050835 -51.018936 -4.488716
-26.422593 -49.121021 -4.545543
-25.794350 -47.223106 -4.602369
-25.166108 -45.325190 -4.659196
-24.537866 -43.427275 -4.716022
-23.909624 -41.529360 -4.772849
-23.281381 -39.631444 -4.829675
-22.653139 -37.733529 -4.886502
-22.024897 -35.835614 -4.943328
-21.396655 -33.937699 -5.000155
-20.768413 -32.039783 -5.056981
-20.140170 -30.141868 -5.113808
-19.511928 -28.243953 -5.170634
-18.883686 -26.346037 -5.227461
-18.255444 -24.448122 -5.284288
-17.627201 -22.550207 -5.341114
-16.998959 -20.652291 -5.397941
-16.370717 -18.754376 -5.454767
-15.742475 -16.856461 -5.511594
-15.114233 -14.958546 -5.568420
-14.485990 -13.060630 -5.625247
-13.857748 -11.162715 -5.682073
-13.229506 -9.264800 -5.738900
-12.601264 -7.366884 -5.795726
-11.973021 -5.468969 -5.852553
-11.344779 -3.571054 -5.909379
-10.716537 -1.673139 -5.966206
-10.088295 0.224777 -6.023033
-9.460053 2.122692 -6.079859
-8.831810 4.020607 -6.136686
-8.203568 5.918523 -6.193512
-7.575326 7.816438 -6.250339
-6.947084 9.714353 -6.307165
-6.318841 11.612268 -6.363992
-5.690599 13.510184 -6.420818
-5.062357 15.408099 -6.477645
-4.434115 17.306014 -6.534471
-3.805873 19.203930 -6.591298
-3.177630 21.101845 -6.648125
-2.549388 22.999760 -6.704951
-1.921146 24.897676 -6.761778
-1.292904 26.795591 -6.818604
-0.664661 28.693506 -6.875431
-0.036419 30.591421 -6.932257
0.591823 32.489337 -6.989084
1.220065 34.387252 -7.045910
1.848307 36.285167 -7.102737
-90.332282 25.183210 -139.498365
-89.439687 23.480846 -140.050841
-88.547092 21.778481 -140.603317
-87.654496 20.076117 -141.155793
-86.761901 18.373753 -141.708269
-85.869306 16.671389 -142.260745
-84.976711 14.969024 -142.813221
-84.084116 13.266660 -143.365697
-83.191520 11.564296 -143.918173
-82.298925 9.861931 -144.470649
-81.406330 8.159567 -145.023125
-80.513735 6.457203 -145.575601
-79.621140 4.754839 -146.128077
-78.728545 3.052474 -146.680553
-77.835949 1.350110 -147.233029
-76.943354 -0.352254 -147.785505
-76.050759 -2.054618 -148.337981
-75.158164 -3.756983 -148.890457
-74.265569 -5.459347 -149.442933
-73.372973 -7.161711 -149.995409
-72.480378 -8.864076 -150.547885
-71.587783 -10.566440 -151.100361
-70.695188 -12.268804 -151.652837
-69.802593 -13.971168 -152.205313
-68.909998 -15.673533 -152.757789
-68.017402 -17.375897 -153.310265
-67.124807 -19.078261 -153.862740
-66.232212 -20.780626 -154.415216
-65.339617 -22.482990 -154.967692
-64.447022 -24.185354 -155.520168
-63.554426 -25.887718 -156.072644
-62.661831 -27.590083 -156.625120
-61.769236 -29.292447 -157.177596
-60.876641 -30.994811 -157.730072
-59.984046 -32.697176 -158.282548
-59.091451 -34.399540 -158.835024
-58.198855 -36.101904 -159.387500
-57.306260 -37.804268 -159.939976
-56.413665 -39.506633 -160.492452
-55.521070 -41.208997 -161.044928
-54.628475 -42.911361 -161.597404
-53.735880 -44.613725 -162.149880
-52.843284 -46.316090 -162.702356
-51.950689 -48.018454 -163.254832
-51.058094 -49.720818 -163.807308
-50.165499 -51.423183 -164.359784
-49.272904 -53.125547 -164.912260
-48.380308 -54.827911 -165.464736
-47.487713 -56.530275 -166.017212
-46.595118 -58.232640 -166.569688
-45.702523 -59.935004 -167.122164
-44.809928 -61.637368 -167.674640
-43.917333 -63.339733 -168.227116
-43.024737 -65.042097 -168.779592
-42.132142 -66.744461 -169.332068
-41.239547 -68.446825 -169.884544
-40.346952 -70.149190 -170.437020
-39.454357 -71.851554 -170.989496
-38.561761 -73.553918 -171.541972
-37.669166 -75.256283 -172.094448
-36.776571 -76.958647 -172.646924
-35.883976 -78.661011 -173.199400
-34.991381 -80.363375 -173.751876
-34.098786 -82.065740 -174.304352
-33.206190 -83.768104 -174.856828
-32.313595 -85.470468 -175.409304
-31.421000 -87.172832 -175.961780
-30.528405 -88.875197 -176.514255
-29.635810 -90.577561 -177.066731
-28.743214 -92.279925 -177.619207
118.297399 210.062606 -164.317703
119.836411 209.978578 -165.592215
121.375423 209.894550 -166.866728
122.914435 209.810522 -168.141240
124.453447 209.726495 -169.415753
125.992458 209.642467 -170.690265
127.531470 209.558439 -171.964777
129.070482 209.474411 -173.239290
130.609494 209.390383 -174.513802
132.148506 209.306355 -175.788315
133.687518 209.222328 -177.062827
135.226529 209.138300 -178.337339
136.765541 209.054272 -179.611852
138.304553 208.970244 -180.886364
139.843565 208.886216 -182.160877
141.382577 208.802188 -183.435389
142.921589 208.718160 -184.709902
144.460600 208.634133 -185.984414
145.999612 208.550105 -187.258926
147.538624 208.466077 -188.533439
149.077636 208.382049 -189.807951
150.616648 208.298021 -191.082464
152.155660 208.213993 -192.356976
153.694671 208.129965 -193.631489
155.233683 208.045938 -194.906001
156.772695 207.961910 -196.180513
158.311707 207.877882 -197.455026
159.850719 207.793854 -198.729538
161.389730 207.709826 -200.004051
162.928742 207.625798 -201.278563
164.467754 207.541770 -202.553076
166.006766 207.457743 -203.827588
167.545778 207.373715 -205.102100
169.084790 207.289687 -206.376613
170.623801 207.205659 -207.651125
172.162813 207.121631 -208.925638
173.701825 207.037603 -210.200150
175.240837 206.953576 -211.474663
176.779849 206.869548 -212.749175
178.318861 206.785520 -214.023687
179.857872 206.701492 -215.298200
181.396884 206.617464 -216.572712
182.935896 206.533436 -217.847225
184.474908 206.449408 -219.121737
186.013920 206.365381 -220.396250
187.552931 206.281353 -221.670762
189.091943 206.197325 -222.945274
190.630955 206.113297 -224.219787
192.169967 206.029269 -225.494299
193.708979 205.945241 -226.768812
195.247991 205.861213 -228.043324
196.787002 205.777186 -229.317836
198.326014 205.693158 -230.592349
199.865026 205.609130 -231.866861
201.404038 205.525102 -233.141374
202.943050 205.441074 -234.415886
204.482062 205.357046 -235.690399
206.021073 205.273018 -236.964911
207.560085 205.188991 -238.239423
209.099097 205.104963 -239.513936
210.638109 205.020935 -240.788448
212.177121 204.936907 -242.062961
213.716133 204.852879 -243.337473
215.255144 204.768851 -244.611986
216.794156 204.684824 -245.886498
218.333168 204.600796 -247.161010
219.872180 204.516768 -248.435523
221.411192 204.432740 -249.710035
222.950203 204.348712 -250.984548
224.489215 204.264684 -252.259060
130.647666 42.112993 -20.736087
130.360103 40.272329 -20.008581
130.072540 38.431665 -19.281076
129.784976 36.591001 -18.553571
129.497413 34.750337 -17.826066
129.209849 32.909673 -17.098561
128.922286 31.069010 -16.371056
128.634722 29.228346 -15.643551
128.347159 27.387682 -14.916045
128.059595 25.547018 -14.188540
127.772032 23.706354 -13.461035
127.484468 21.865690 -12.733530
127.196905 20.025026 -12.006025
126.909341 18.184362 -11.278520
126.621778 16.343698 -10.551015
126.334214 14.503035 -9.823510
126.046651 12.662371 -9.096004
125.759087 10.821707 -8.368499
125.471524 8.981043 -7.640994
125.183960 7.140379 -6.913489
124.896397 5.299715 -6.185984
124.608834 3.459051 -5.458479
124.321270 1.618387 -4.730974
124.033707 -0.222276 -4.003468
123.746143 -2.062940 -3.275963
123.458580 -3.903604 -2.548458
123.171016 -5.744268 -1.820953
122.883453 -7.584932 -1.093448
122.595889 -9.425596 -0.365943
122.308326 -11.266260 0.361562
122.020762 -13.106924 1.089068
121.733199 -14.947587 1.816573
121.445635 -16.788251 2.544078
121.158072 -18.628915 3.271583
120.870508 -20.469579 3.999088
120.582945 -22.310243 4.726593
120.295381 -24.150907 5.454098
120.007818 -25.991571 6.181604
119.720255 -27.832235 6.909109
119.432691 -29.672899 7.636614
119.145128 -31.513562 8.364119
118.857564 -33.354226 9.091624
118.570001 -35.194890 9.819129
118.282437 -37.035554 10.546634
117.994874 -38.876218 11.274140
117.707310 -40.716882 12.001645
117.419747 -42.557546 12.729150
117.132183 -44.398210 13.456655
116.844620 -46.238873 14.184160
116.557056 -48.079537 14.911665
116.269493 -49.920201 15.639170
115.981929 -51.760865 16.366676
115.694366 -53.601529 17.094181
115.406802 -55.442193 17.821686
115.119239 -57.282857 18.549191
114.831676 -59.123521 19.276696
114.544112 -60.964184 20.004201
114.256549 -62.804848 20.731706
113.968985 -64.645512 21.459212
113.681422 -66.486176 22.186717
113.393858 -68.326840 22.914222
113.106295 -70.167504 23.641727
112.818731 -72.008168 24.369232
112.531168 -73.848832 25.096737
112.243604 -75.689496 25.824242
111.956041 -77.530159 26.551748
111.668477 -79.370823 27.279253
111.380914 -81.211487 28.006758
111.093350 -83.052151 28.734263
110.805787 -84.892815 29.461768
14.499385 -132.707336 -125.733922
15.650013 -134.331925 -125.542168
16.800640 -135.956513 -125.350415
17.951267 -137.581102 -125.158661
19.101894 -139.205690 -124.966907
20.252521 -140.830278 -124.775154
21.403148 -142.454867 -124.583400
22.553776 -144.079455 -124.391646
23.704403 -145.704044 -124.199893
24.855030 -147.328632 -124.008139
26.005657 -148.953221 -123.816386
27.156284 -150.577809 -123.624632
28.306912 -152.202398 -123.432878
29.457539 -153.826986 -123.241125
30.608166 -155.451574 -123.049371
31.758793 -157.076163 -122.857618
32.909420 -158.700751 -122.665864
34.060048 -160.325340 -122.474110
35.210675 -161.949928 -122.282357
36.361302 -163.574517 -122.090603
37.511929 -165.199105 -121.898850
38.662556 -166.823694 -121.707096
39.813183 -168.448282 -121.515342
40.963811 -170.072870 -121.323589
42.114438 -171.697459 -121.131835
43.265065 -173.322047 -120.940082
44.415692 -174.946636 -120.748328
45.566319 -176.571224 -120.556574
46.716947 -178.195813 -120.364821
47.867574 -179.820401 -120.173067
49.018201 -181.444990 -119.981314
50.168828 -183.069578 -119.789560
51.319455 -184.694167 -119.597806
52.470083 -186.318755 -119.406053
53.620710 -187.943343 -119.214299
54.771337 -189.567932 -119.022545
55.921964 -191.192520 -118.830792
57.072591 -192.817109 -118.639038
58.223218 -194.441697 -118.447285
59.373846 -196.066286 -118.255531
60.524473 -197.690874 -118.063777
61.675100 -199.315463 -117.872024
62.825727 -200.940051 -117.680270
63.976354 -202.564639 -117.488517
65.126982 -204.189228 -117.296763
66.277609 -205.813816 -117.105009
67.428236 -207.438405 -116.913256
68.578863 -209.062993 -116.721502
69.729490 -210.687582 -116.529749
70.880118 -212.312170 -116.337995
72.030745 -213.936759 -116.146241
73.181372 -215.561347 -115.954488
74.331999 -217.185936 -115.762734
75.482626 -218.810524 -115.570981
76.633253 -220.435112 -115.379227
77.783881 -222.059701 -115.187473
78.934508 -223.684289 -114.995720
80.085135 -225.308878 -114.803966
81.235762 -226.933466 -114.612213
82.386389 -228.558055 -114.420459
83.537017 -230.182643 -114.228705
84.687644 -231.807232 -114.036952
85.838271 -233.431820 -113.845198
86.988898 -235.056408 -113.653444
88.139525 -236.680997 -113.461691
89.290153 -238.305585 -113.269937
90.440780 -239.930174 -113.078184
91.591407 -241.554762 -112.886430
92.742034 -243.179351 -112.694676
93.892661 -244.803939 -112.502923
-130.714076 -174.700736 171.463260
-129.552070 -174.415606 173.065896
-128.390064 -174.130475 174.668533
-127.228059 -173.845345 176.271169
-126.066053 -173.560214 177.873805
-124.904047 -173.275084 179.476442
-123.742042 -172.989953 181.079078
-122.580036 -172.704823 182.681715
-121.418031 -172.419693 184.284351
-120.256025 -172.134562 185.886988
-119.094019 -171.849432 187.489624
-117.932014 -171.564301 189.092260
-116.770008 -171.279171 190.694897
-115.608002 -170.994041 192.297533
-114.445997 -170.708910 193.900170
-113.283991 -170.423780 195.502806
-112.121985 -170.138649 197.105443
-110.959980 -169.853519 198.708079
-109.797974 -169.568388 200.310715
-108.635968 -169.283258 201.913352
-107.473963 -168.998128 203.515988
-106.311957 -168.712997 205.118625
-105.149951 -168.427867 206.721261
-103.987946 -168.142736 208.323897
-102.825940 -167.857606 209.926534
-101.663935 -167.572475 211.529170
-100.501929 -167.287345 213.131807
-99.339923 -167.002215 214.734443
-98.177918 -166.717084 216.337080
-97.015912 -166.431954 217.939716
-95.853906 -166.146823 219.542352
-94.691901 -165.861693 221.144989
-93.529895 -165.576563 222.747625
-92.367889 -165.291432 224.350262
-91.205884 -165.006302 225.952898
-90.043878 -164.721171 227.555535
-88.881872 -164.436041 229.158171
-87.719867 -164.150910 230.760807
-86.557861 -163.865780 232.363444
-85.395855 -163.580650 233.966080
-84.233850 -163.295519 235.568717
-83.071844 -163.010389 237.171353
-81.909839 -162.725258 238.773990
-80.747833 -162.440128 240.376626
-79.585827 -162.154998 241.979262
-78.423822 -161.869867 243.581899
-77.261816 -161.584737 245.184535
-76.099810 -161.299606 246.787172
-74.937805 -161.014476 248.389808
-73.775799 -160.729345 249.992445
-72.613793 -160.444215 251.595081
-71.451788 -160.159085 253.197717
-70.289782 -159.873954 254.800354
-69.127776 -159.588824 256.402990
-67.965771 -159.303693 258.005627
-66.803765 -159.018563 259.608263
-65.641759 -158.733432 261.210900
-64.479754 -158.448302 262.813536
-63.317748 -158.163172 264.416172
-62.155743 -157.878041 266.018809
-60.993737 -157.592911 267.621445
-59.831731 -157.307780 269.224082
-58.669726 -157.022650 270.826718
-57.507720 -156.737520 272.429355
-56.345714 -156.452389 274.031991
-55.183709 -156.167259 275.634627
-54.021703 -155.882128 277.237264
-52.859697 -155.596998 278.839900
-51.697692 -155.311867 280.442537
-50.535686 -155.026737 282.045173
159.333078 -136.115881 -109.049659
161.258340 -136.618499 -108.847815
163.183602 -137.121117 -108.645972
165.108864 -137.623734 -108.444128
167.034127 -138.126352 -108.242284
168.959389 -138.628969 -108.040440
170.884651 -139.131587 -107.838596
172.809913 -139.634204 -107.636753
174.735176 -140.136822 -107.434909
176.660438 -140.639440 -107.233065
178.585700 -141.142057 -107.031221
180.510962 -141.644675 -106.829377
182.436225 -142.147292 -106.627534
184.361487 -142.649910 -106.425690
186.286749 -143.152527 -106.223846
188.212011 -143.655145 -106.022002
190.137273 -144.157763 -105.820158
192.062536 -144.660380 -105.618315
193.987798 -145.162998 -105.416471
195.913060 -145.665615 -105.214627
197.838322 -146.168233 -105.012783
199.763585 -146.670850 -104.810940
201.688847 -147.173468 -104.609096
203.614109 -147.676085 -104.407252
205.539371 -148.178703 -104.205408
207.464634 -148.681321 -104.003564
209.389896 -149.183938 -103.801721
211.315158 -149.686556 -103.599877
213.240420 -150.189173 -103.398033
215.165683 -150.691791 -103.196189
217.090945 -151.194408 -102.994345
219.016207 -151.697026 -102.792502
220.941469 -152.199644 -102.590658
222.866731 -152.702261 -102.388814
224.791994 -153.204879 -102.186970
226.717256 -153.707496 -101.985127
228.642518 -154.210114 -101.783283
230.567780 -154.712731 -101.581439
232.493043 -155.215349 -101.379595
234.418305 -155.717967 -101.177751
236.343567 -156.220584 -100.975908
238.268829 -156.723202 -100.774064
240.194092 -157.225819 -100.572220
242.119354 -157.728437 -100.370376
244.044616 -158.231054 -100.168532
245.969878 -158.733672 -99.966689
247.895140 -159.236290 -99.764845
249.820403 -159.738907 -99.563001
251.745665 -160.241525 -99.361157
253.670927 -160.744142 -99.159314
255.596189 -161.246760 -98.957470
257.521452 -161.749377 -98.755626
259.446714 -162.251995 -98.553782
261.371976 -162.754613 -98.351938
263.297238 -163.257230 -98.150095
265.222501 -163.759848 -97.948251
267.147763 -164.262465 -97.746407
269.073025 -164.765083 -97.544563
270.998287 -165.267700 -97.342719
272.923550 -165.770318 -97.140876
274.848812 -166.272935 -96.939032
276.774074 -166.775553 -96.737188
278.699336 -167.278171 -96.535344
280.624598 -167.780788 -96.333501
282.549861 -168.283406 -96.131657
284.475123 -168.786023 -95.929813
286.400385 -169.288641 -95.727969
288.325647 -169.791258 -95.526125
290.250910 -170.293876 -95.324282
292.176172 -170.796494 -95.122438
6.424868 -11.087047 -161.397427
7.813980 -9.649502 -161.459337
9.203091 -8.211957 -161.521248
10.592203 -6.774412 -161.583159
11.981314 -5.336867 -161.645069
13.370426 -3.899322 -161.706980
14.759538 -2.461776 -161.768891
16.148649 -1.024231 -161.830801
17.537761 0.413314 -161.892712
18.926872 1.850859 -161.954623
20.315984 3.288404 -162.016533
21.705096 4.725949 -162.078444
23.094207 6.163494 -162.140354
24.483319 7.601040 -162.202265
25.872430 9.038585 -162.264176
27.261542 10.476130 -162.326086
28.650653 11.913675 -162.387997
30.039765 13.351220 -162.449908
31.428877 14.788765 -162.511818
32.817988 16.226311 -162.573729
34.207100 17.663856 -162.635639
35.596211 19.101401 -162.697550
36.985323 20.538946 -162.759461
38.374435 21.976491 -162.821371
39.763546 23.414036 -162.883282
41.152658 24.851581 -162.945193
42.541769 26.289127 -163.007103
43.930881 27.726672 -163.069014
45.319993 29.164217 -163.130924
46.709104 30.601762 -163.192835
48.098216 32.039307 -163.254746
49.487327 33.476852 -163.316656
50.876439 34.914397 -163.378567
52.265551 36.351943 -163.440478
53.654662 37.789488 -163.502388
55.043774 39.227033 -163.564299
56.432885 40.664578 -163.626210
57.821997 42.102123 -163.688120
59.211109 43.539668 -163.750031
60.600220 44.977213 -163.811941
61.989332 46.414759 -163.873852
63.378443 47.852304 -163.935763
64.767555 49.289849 -163.997673
66.156667 50.727394 -164.059584
67.545778 52.164939 -164.121495
68.934890 53.602484 -164.183405
70.324001 55.040030 -164.245316
71.713113 56.477575 -164.307226
73.102224 57.915120 -164.369137
74.491336 59.352665 -164.431048
75.880448 60.790210 -164.492958
77.269559 62.227755 -164.554869
78.658671 63.665300 -164.616780
80.047782 65.102846 -164.678690
81.436894 66.540391 -164.740601
82.826006 67.977936 -164.802512
84.215117 69.415481 -164.864422
85.604229 70.853026 -164.926333
86.993340 72.290571 -164.988243
88.382452 73.728116 -165.050154
89.771564 75.165662 -165.112065
91.160675 76.603207 -165.173975
92.549787 78.040752 -165.235886
93.938898 79.478297 -165.297797
95.328010 80.915842 -165.359707
96.717122 82.353387 -165.421618
98.106233 83.790932 -165.483528
99.495345 85.228478 -165.545439
100.884456 86.666023 -165.607350
102.273568 88.103568 -165.669260
-180.815813 -84.451298 -82.669017
-179.803840 -82.761599 -82.321415
-178.791867 -81.071900 -81.973813
-177.779894 -79.382201 -81.626211
-176.767921 -77.692502 -81.278610
-175.755948 -76.002802 -80.931008
-174.743974 -74.313103 -80.583406
-173.732001 -72.623404 -80.235805
-172.720028 -70.933705 -79.888203
-171.708055 -69.244006 -79.540601
-170.696082 -67.554306 -79.192999
-169.684109 -65.864607 -78.845398
-168.672135 -64.174908 -78.497796
-167.660162 -62.485209 -78.150194
-166.648189 -60.795510 -77.802592
-165.636216 -59.105810 -77.454991
-164.624243 -57.416111 -77.107389
-163.612270 -55.726412 -76.759787
-162.600296 -54.036713 -76.412186
-161.588323 -52.347014 -76.064584
-160.576350 -50.657315 -75.716982
-159.564377 -48.967615 -75.369380
-158.552404 -47.277916 -75.021779
-157.540431 -45.588217 -74.674177
-156.528457 -43.898518 -74.326575
-155.516484 -42.208819 -73.978973
-154.504511 -40.519119 -73.631372
-153.492538 -38.829420 -73.283770
-152.480565 -37.139721 -72.936168
-151.468592 -35.450022 -72.588567
-150.456619 -33.760323 -72.240965
-149.444645 -32.070623 -71.893363
-148.432672 -30.380924 -71.545761
-147.420699 -28.691225 -71.198160
-146.408726 -27.001526 -70.850558
-145.396753 -25.311827 -70.502956
-144.384780 -23.622127 -70.155355
-143.372806 -21.932428 -69.807753
-142.360833 -20.242729 -69.460151
-141.348860 -18.553030 -69.112549
-140.336887 -16.863331 -68.764948
-139.324914 -15.173631 -68.417346
-138.312941 -13.483932 -68.069744
-137.300967 -11.794233 -67.722142
-136.288994 -10.104534 -67.374541
-135.277021 -8.414835 -67.026939
-134.265048 -6.725135 -66.679337
-133.253075 -5.035436 -66.331736
-132.241102 -3.345737 -65.984134
-131.229128 -1.656038 -65.636532
-130.217155 0.033661 -65.288930
-129.205182 1.723360 -64.941329
-128.193209 3.413060 -64.593727
-127.181236 5.102759 -64.246125
-126.169263 6.792458 -63.898524
-125.157290 8.482157 -63.550922
-124.145316 10.171856 -63.203320
-123.133343 11.861556 -62.855718
-122.121370 13.551255 -62.508117
-121.109397 15.240954 -62.160515
-120.097424 16.930653 -61.812913
-119.085451 18.620352 -61.465311
-118.073477 20.310052 -61.117710
-117.061504 21.999751 -60.770108
-116.049531 23.689450 -60.422506
-115.037558 25.379149 -60.074905
-114.025585 27.068848 -59.727303
-113.013612 28.758548 -59.379701
-112.001638 30.448247 -59.032099
-110.989665 32.137946 -58.684498
70.144834 -31.319959 -53.050013
69.832438 -32.038219 -54.890260
69.520042 -32.756479 -56.730508
69.207646 -33.474739 -58.570756
68.895250 -34.192999 -60.411003
68.582854 -34.911259 -62.251251
68.270458 -35.629519 -64.091499
67.958062 -36.347779 -65.931746
67.645666 -37.066039 -67.771994
67.333270 -37.784299 -69.612242
67.020874 -38.502559 -71.452489
66.708478 -39.220818 -73.292737
66.396082 -39.939078 -75.132985
66.083686 -40.657338 -76.973232
65.771290 -41.375598 -78.813480
65.458894 -42.093858 -80.653728
65.146498 -42.812118 -82.493975
64.834102 -43.530378 -84.334223
64.521706 -44.248638 -86.174471
64.209310 -44.966898 -88.014718
63.896914 -45.685158 -89.854966
63.584518 -46.403418 -91.695214
63.272122 -47.121677 -93.535461
62.959726 -47.839937 -95.375709
62.647330 -48.558197 -97.215957
62.334934 -49.276457 -99.056204
62.022538 -49.994717 -100.896452
61.710143 -50.712977 -102.736700
61.397747 -51.431237 -104.576947
61.085351 -52.149497 -106.417195
60.772955 -52.867757 -108.257443
60.460559 -53.586017 -110.097690
60.148163 -54.304277 -111.937938
59.835767 -55.022536 -113.778186
59.523371 -55.740796 -115.618433
59.210975 -56.459056 -117.458681
58.898579 -57.177316 -119.298929
58.586183 -57.895576 -121.139176
58.273787 -58.613836 -122.979424
57.961391 -59.332096 -124.819671
57.648995 -60.050356 -126.659919
57.336599 -60.768616 -128.500167
57.024203 -61.486876 -130.340414
56.711807 -62.205136 -132.180662
56.399411 -62.923395 -134.020910
56.087015 -63.641655 -135.861157
55.774619 -64.359915 -137.701405
55.462223 -65.078175 -139.541653
55.149827 -65.796435 -141.381900
54.837431 -66.514695 -143.222148
54.525035 -67.232955 -145.062396
54.212639 -67.951215 -146.902643
53.900243 -68.669475 -148.742891
53.587847 -69.387735 -150.583139
53.275451 -70.105995 -152.423386
52.963055 -70.824254 -154.263634
52.650659 -71.542514 -156.103882
52.338263 -72.260774 -157.944129
52.025867 -72.979034 -159.784377
51.713471 -73.697294 -161.624625
51.401075 -74.415554 -163.464872
51.088679 -75.133814 -165.305120
50.776283 -75.852074 -167.145368
50.463887 -76.570334 -168.985615
50.151491 -77.288594 -170.825863
49.839095 -78.006854 -172.666111
49.526699 -78.725113 -174.506358
49.214303 -79.443373 -176.346606
48.901907 -80.161633 -178.186854
48.589511 -80.879893 -180.027101
-283.532574 -286.061285 -117.318740
-283.024821 -284.131503 -117.453371
-282.517068 -282.201720 -117.588002
-282.009316 -280.271937 -117.722633
-281.501563 -278.342154 -117.857264
-280.993810 -276.412371 -117.991895
-280.486057 -274.482589 -118.126526
-279.978304 -272.552806 -118.261157
-279.470551 -270.623023 -118.395788
-278.962799 -268.693240 -118.530420
-278.455046 -266.763458 -118.665051
-277.947293 -264.833675 -118.799682
-277.439540 -262.903892 -118.934313
-276.931787 -260.974109 -119.068944
-276.424034 -259.044327 -119.203575
-275.916281 -257.114544 -119.338206
-275.408529 -255.184761 -119.472837
-274.900776 -253.254978 -119.607468
-274.393023 -251.325196 -119.742099
-273.885270 -249.395413 -119.876730
-273.377517 -247.465630 -120.011361
-272.869764 -245.535847 -120.145992
-272.362011 -243.606065 -120.280624
-271.854259 -241.676282 -120.415255
-271.346506 -239.746499 -120.549886
-270.838753 -237.816716 -120.684517
-270.331000 -235.886933 -120.819148
-269.823247 -233.957151 -120.953779
-269.315494 -232.027368 -121.088410
-268.807741 -230.097585 -121.223041
-268.299989 -228.167802 -121.357672
-267.792236 -226.238020 -121.492303
-267.284483 -224.308237 -121.626934
-266.776730 -222.378454 -121.761565
-266.268977 -220.448671 -121.896196
-265.761224 -218.518889 -122.030827
-265.253471 -216.589106 -122.165459
-264.745719 -214.659323 -122.300090
-264.237966 -212.729540 -122.434721
-263.730213 -210.799758 -122.569352
-263.222460 -208.869975 -122.703983
-262.714707 -206.940192 -122.838614
-262.206954 -205.010409 -122.973245
-261.699201 -203.080626 -123.107876
-261.191449 -201.150844 -123.242507
-260.683696 -199.221061 -123.377138
-260.175943 -197.291278 -123.511769
-259.668190 -195.361495 -123.646400
-259.160437 -193.431713 -123.781031
-258.652684 -191.501930 -123.915662
-258.144931 -189.572147 -124.050294
-257.637179 -187.642364 -124.184925
-257.129426 -185.712582 -124.319556
-256.621673 -183.782799 -124.454187
-256.113920 -181.853016 -124.588818
-255.606167 -179.923233 -124.723449
-255.098414 -177.993451 -124.858080
-254.590662 -176.063668 -124.992711
-254.082909 -174.133885 -125.127342
-253.575156 -172.204102 -125.261973
-253.067403 -170.274320 -125.396604
-252.559650 -168.344537 -125.531235
-252.051897 -166.414754 -125.665866
-251.544144 -164.484971 -125.800498
-251.036392 -162.555188 -125.935129
-250.528639 -160.625406 -126.069760
-250.020886 -158.695623 -126.204391
-249.513133 -156.765840 -126.339022
-249.005380 -154.836057 -126.473653
-248.497627 -152.906275 -126.608284
155.512852 -219.012194 -247.928762
154.382487 -219.880697 -246.525916
153.252121 -220.749200 -245.123070
152.121756 -221.617703 -243.720225
150.991390 -222.486206 -242.317379
149.861025 -223.354709 -240.914533
148.730659 -224.223213 -239.511687
147.600294 -225.091716 -238.108842
146.469928 -225.960219 -236.705996
145.339563 -226.828722 -235.303150
144.209197 -227.697225 -233.900304
143.078832 -228.565728 -232.497459
141.948466 -229.434231 -231.094613
140.818101 -230.302735 -229.691767
139.687735 -231.171238 -228.288922
138.557370 -232.039741 -226.886076
137.427005 -232.908244 -225.483230
136.296639 -233.776747 -224.080384
135.166274 -234.645250 -222.677539
134.035908 -235.513753 -221.274693
132.905543 -236.382257 -219.871847
131.775177 -237.250760 -218.469001
130.644812 -238.119263 -217.066156
129.514446 -238.987766 -215.663310
128.384081 -239.856269 -214.260464
127.253715 -240.724772 -212.857618
126.123350 -241.593275 -211.454773
124.992984 -242.461779 -210.051927
123.862619 -243.330282 -208.649081
122.732253 -244.198785 -207.246236
121.601888 -245.067288 -205.843390
120.471522 -245.935791 -204.440544
119.341157 -246.804294 -203.037698
118.210791 -247.672797 -201.634853
117.080426 -248.541301 -200.232007
115.950060 -249.409804 -198.829161
114.819695 -250.278307 -197.426315
113.689329 -251.146810 -196.023470
112.558964 -252.015313 -194.620624
111.428598 -252.883816 -193.217778
110.298233 -253.752319 -191.814933
109.167867 -254.620823 -190.412087
108.037502 -255.489326 -189.009241
106.907136 -256.357829 -187.606395
105.776771 -257.226332 -186.203550
104.646405 -258.094835 -184.800704
103.516040 -258.963338 -183.397858
102.385674 -259.831841 -181.995012
101.255309 -260.700345 -180.592167
100.124943 -261.568848 -179.189321
98.994578 -262.437351 -177.786475
97.864212 -263.305854 -176.383629
96.733847 -264.174357 -174.980784
95.603481 -265.042860 -173.577938
94.473116 -265.911364 -172.175092
93.342750 -266.779867 -170.772247
92.212385 -267.648370 -169.369401
91.082019 -268.516873 -167.966555
89.951654 -269.385376 -166.563709
88.821288 -270.253879 -165.160864
87.690923 -271.122382 -163.758018
86.560558 -271.990886 -162.355172
85.430192 -272.859389 -160.952326
84.299827 -273.727892 -159.549481
83.169461 -274.596395 -158.146635
82.039096 -275.464898 -156.743789
80.908730 -276.333401 -155.340943
79.778365 -277.201904 -153.938098
78.647999 -278.070408 -152.535252
77.517634 -278.938911 -151.132406
121.275676 -281.517509 131.690710
123.230744 -281.217052 131.986401
125.185812 -280.916595 132.282092
127.140881 -280.616137 132.577784
129.095949 -280.315680 132.873475
131.051017 -280.015223 133.169167
133.006086 -279.714766 133.464858
134.961154 -279.414309 133.760549
136.916222 -279.113852 134.056241
138.871291 -278.813395 134.351932
140.826359 -278.512938 134.647623
142.781427 -278.212481 134.943315
144.736496 -277.912024 135.239006
146.691564 -277.611567 135.534697
148.646632 -277.311110 135.830389
150.601701 -277.010653 136.126080
152.556769 -276.710196 136.421772
154.511837 -276.409738 136.717463
156.466906 -276.109281 137.013154
158.421974 -275.808824 137.308846
160.377042 -275.508367 137.604537
162.332111 -275.207910 137.900228
164.287179 -274.907453 138.195920
166.242247 -274.606996 138.491611
168.197316 -274.306539 138.787302
170.152384 -274.006082 139.082994
172.107452 -273.705625 139.378685
174.062521 -273.405168 139.674377
176.017589 -273.104711 139.970068
177.972657 -272.804254 140.265759
179.927726 -272.503797 140.561451
181.882794 -272.203340 140.857142
183.837862 -271.902882 141.152833
185.792931 -271.602425 141.448525
187.747999 -271.301968 141.744216
189.703067 -271.001511 142.039907
191.658135 -270.701054 142.335599
193.613204 -270.400597 142.631290
195.568272 -270.100140 142.926982
197.523340 -269.799683 143.222673
199.478409 -269.499226 143.518364
201.433477 -269.198769 143.814056
203.388545 -268.898312 144.109747
205.343614 -268.597855 144.405438
207.298682 -268.297398 144.701130
209.253750 -267.996941 144.996821
211.208819 -267.696484 145.292512
213.163887 -267.396026 145.588204
215.118955 -267.095569 145.883895
217.074024 -266.795112 146.179587
219.029092 -266.494655 146.475278
220.984160 -266.194198 146.770969
222.939229 -265.893741 147.066661
224.894297 -265.593284 147.362352
226.849365 -265.292827 147.658043
228.804434 -264.992370 147.953735
230.759502 -264.691913 148.249426
232.714570 -264.391456 148.545118
234.669639 -264.090999 148.840809
236.624707 -263.790542 149.136500
238.579775 -263.490085 149.432192
240.534844 -263.189627 149.727883
242.489912 -262.889170 150.023574
244.444980 -262.588713 150.319266
246.400049 -262.288256 150.614957
248.355117 -261.987799 150.910648
250.310185 -261.687342 151.206340
252.265254 -261.386885 151.502031
254.220322 -261.086428 151.797723
256.175390 -260.785971 152.093414
111.557175 210.340515 50.350522
111.185922 209.850724 48.447294
110.814668 209.360933 46.544067
110.443414 208.871141 44.640839
110.072160 208.381350 42.737612
109.700906 207.891559 40.834384
109.329652 207.401768 38.931157
108.958398 206.911976 37.027929
108.587145 206.422185 35.124701
108.215891 205.932394 33.221474
107.844637 205.442603 31.318246
107.473383 204.952812 29.415019
107.102129 204.463020 27.511791
106.730875 203.973229 25.608564
106.359621 203.483438 23.705336
105.988367 202.993647 21.802108
105.617114 202.503856 19.898881
105.245860 202.014064 17.995653
104.874606 201.524273 16.092426
104.503352 201.034482 14.189198
104.132098 200.544691 12.285971
103.760844 200.054900 10.382743
103.389590 199.565108 8.479516
103.018337 199.075317 6.576288
102.647083 198.585526 4.673060
102.275829 198.095735 2.769833
101.904575 197.605944 0.866605
101.533321 197.116152 -1.036622
101.162067 196.626361 -2.939850
100.790813 196.136570 -4.843077
100.419560 195.646779 -6.746305
100.048306 195.156987 -8.649532
99.677052 194.667196 -10.552760
99.305798 194.177405 -12.455988
98.934544 193.687614 -14.359215
98.563290 193.197823 -16.262443
98.192036 192.708031 -18.165670
97.820783 192.218240 -20.068898
97.449529 191.728449 -21.972125
97.078275 191.238658 -23.875353
96.707021 190.748867 -25.778580
96.335767 190.259075 -27.681808
95.964513 189.769284 -29.585036
95.593259 189.279493 -31.488263
95.222006 188.789702 -33.391491
94.850752 188.299911 -35.294718
94.479498 187.810119 -37.197946
94.108244 187.320328 -39.101173
93.736990 186.830537 -41.004401
93.365736 186.340746 -42.907629
92.994482 185.850955 -44.810856
92.623229 185.361163 -46.714084
92.251975 184.871372 -48.617311
91.880721 184.381581 -50.520539
91.509467 183.891790 -52.423766
91.138213 183.401998 -54.326994
90.766959 182.912207 -56.230221
90.395705 182.422416 -58.133449
90.024451 181.932625 -60.036677
89.653198 181.442834 -61.939904
89.281944 180.953042 -63.843132
88.910690 180.463251 -65.746359
88.539436 179.973460 -67.649587
88.168182 179.483669 -69.552814
87.796928 178.993878 -71.456042
87.425674 178.504086 -73.359269
87.054421 178.014295 -75.262497
86.683167 177.524504 -77.165725
86.311913 177.034713 -79.068952
85.940659 176.544922 -80.972180
-15.017294 10.271669 -246.639404
-15.462381 11.224871 -244.938433
-15.907468 12.178073 -243.237462
-16.352554 13.131275 -241.536491
-16.797641 14.084478 -239.835519
-17.242728 15.037680 -238.134548
-17.687814 15.990882 -236.433577
-18.132901 16.944085 -234.732606
-18.577988 17.897287 -233.031634
-19.023074 18.850489 -231.330663
-19.468161 19.803691 -229.629692
-19.913248 20.756894 -227.928720
-20.358334 21.710096 -226.227749
-20.803421 22.663298 -224.526778
-21.248508 23.616501 -222.825807
-21.693594 24.569703 -221.124835
-22.138681 25.522905 -219.423864
-22.583768 26.476107 -217.722893
-23.028854 27.429310 -216.021921
-23.473941 28.382512 -214.320950
-23.919027 29.335714 -212.619979
-24.364114 30.288917 -210.919008
-24.809201 31.242119 -209.218036
-25.254287 32.195321 -207.517065
-25.699374 33.148523 -205.816094
-26.144461 34.101726 -204.115123
-26.589547 35.054928 -202.414151
-27.034634 36.008130 -200.713180
-27.479721 36.961333 -199.012209
-27.924807 37.914535 -197.311237
-28.369894 38.867737 -195.610266
-28.814981 39.820939 -193.909295
-29.260067 40.774142 -192.208324
-29.705154 41.727344 -190.507352
-30.150241 42.680546 -188.806381
-30.595327 43.633749 -187.105410
-31.040414 44.586951 -185.404439
-31.485501 45.540153 -183.703467
-31.930587 46.493355 -182.002496
-32.375674 47.446558 -180.301525
-32.820761 48.399760 -178.600553
-33.265847 49.352962 -176.899582
-33.710934 50.306165 -175.198611
-34.156020 51.259367 -173.497640
-34.601107 52.212569 -171.796668
-35.046194 53.165771 -170.095697
-35.491280 54.118974 -168.394726
-35.936367 55.072176 -166.693755
-36.381454 56.025378 -164.992783
-36.826540 56.978581 -163.291812
-37.271627 57.931783 -161.590841
-37.716714 58.884985 -159.889869
-38.161800 59.838187 -158.188898
-38.606887 60.791390 -156.487927
-39.051974 61.744592 -154.786956
-39.497060 62.697794 -153.085984
-39.942147 63.650997 -151.385013
-40.387234 64.604199 -149.684042
-40.832320 65.557401 -147.983071
-41.277407 66.510603 -146.282099
-41.722494 67.463806 -144.581128
-42.167580 68.417008 -142.880157
-42.612667 69.370210 -141.179185
-43.057754 70.323413 -139.478214
-43.502840 71.276615 -137.777243
-43.947927 72.229817 -136.076272
-44.393013 73.183019 -134.375300
-44.838100 74.136222 -132.674329
-45.283187 75.089424 -130.973358
-45.728273 76.042626 -129.272387
132.187746 -290.347814 -182.895316
130.869204 -289.556812 -184.174285
129.550662 -288.765811 -185.453255
128.232119 -287.974810 -186.732225
126.913577 -287.183808 -188.011194
125.595035 -286.392807 -189.290164
124.276493 -285.601805 -190.569133
122.957951 -284.810804 -191.848103
121.639408 -284.019802 -193.127072
120.320866 -283.228801 -194.406042
119.002324 -282.437800 -195.685011
117.683782 -281.646798 -196.963981
116.365239 -280.855797 -198.242951
115.046697 -280.064795 -199.521920
113.728155 -279.273794 -200.800890
112.409613 -278.482792 -202.079859
111.091070 -277.691791 -203.358829
109.772528 -276.900790 -204.637798
108.453986 -276.109788 -205.916768
107.135444 -275.318787 -207.195738
105.816902 -274.527785 -208.474707
104.498359 -273.736784 -209.753677
103.179817 -272.945783 -211.032646
101.861275 -272.154781 -212.311616
100.542733 -271.363780 -213.590585
99.224190 -270.572778 -214.869555
97.905648 -269.781777 -216.148525
96.587106 -268.990775 -217.427494
95.268564 -268.199774 -218.706464
93.950022 -267.408773 -219.985433
92.631479 -266.617771 -221.264403
91.312937 -265.826770 -222.543372
89.994395 -265.035768 -223.822342
88.675853 -264.244767 -225.101311
87.357310 -263.453765 -226.380281
86.038768 -262.662764 -227.659251
84.720226 -261.871763 -228.938220
83.401684 -261.080761 -230.217190
82.083141 -260.289760 -231.496159
80.764599 -259.498758 -232.775129
79.446057 -258.707757 -234.054098
78.127515 -257.916756 -235.333068
76.808973 -257.125754 -236.612038
75.490430 -256.334753 -237.891007
74.171888 -255.543751 -239.169977
72.853346 -254.752750 -240.448946
71.534804 -253.961748 -241.727916
70.216261 -253.170747 -243.006885
68.897719 -252.379746 -244.285855
67.579177 -251.588744 -245.564824
66.260635 -250.797743 -246.843794
64.942093 -250.006741 -248.122764
63.623550 -249.215740 -249.401733
62.305008 -248.424738 -250.680703
60.986466 -247.633737 -251.959672
59.667924 -246.842736 -253.238642
58.349381 -246.051734 -254.517611
57.030839 -245.260733 -255.796581
55.712297 -244.469731 -257.075551
54.393755 -243.678730 -258.354520
53.075212 -242.887729 -259.633490
51.756670 -242.096727 -260.912459
50.438128 -241.305726 -262.191429
49.119586 -240.514724 -263.470398
47.801044 -239.723723 -264.749368
46.482501 -238.932721 -266.028338
45.163959 -238.141720 -267.307307
43.845417 -237.350719 -268.586277
42.526875 -236.559717 -269.865246
41.208332 -235.768716 -271.144216
-210.164655 -294.040998 -208.917917
-210.475457 -292.553511 -210.218219
-210.786258 -291.066024 -211.518521
-211.097059 -289.578538 -212.818824
-211.407861 -288.091051 -214.119126
-211.718662 -286.603564 -215.419428
-212.029463 -285.116077 -216.719730
-212.340265 -283.628591 -218.020032
-212.651066 -282.141104 -219.320334
-212.961867 -280.653617 -220.620636
-213.272669 -279.166130 -221.920939
-213.583470 -277.678644 -223.221241
-213.894271 -276.191157 -224.521543
-214.205073 -274.703670 -225.821845
-214.515874 -273.216183 -227.122147
-214.826675 -271.728697 -228.422449
-215.137477 -270.241210 -229.722752
-215.448278 -268.753723 -231.023054
-215.759079 -267.266236 -232.323356
-216.069881 -265.778750 -233.623658
-216.380682 -264.291263 -234.923960
-216.691483 -262.803776 -236.224262
-217.002285 -261.316289 -237.524564
-217.313086 -259.828803 -238.824867
-217.623887 -258.341316 -240.125169
-217.934689 -256.853829 -241.425471
-218.245490 -255.366342 -242.725773
-218.556292 -253.878855 -244.026075
-218.867093 -252.391369 -245.326377
-219.177894 -250.903882 -246.626680
-219.488696 -249.416395 -247.926982
-219.799497 -247.928908 -249.227284
-220.110298 -246.441422 -250.527586
-220.421100 -244.953935 -251.827888
-220.731901 -243.466448 -253.128190
-221.042702 -241.978961 -254.428492
-221.353504 -240.491475 -255.728795
-221.664305 -239.003988 -257.029097
-221.975106 -237.516501 -258.329399
-222.285908 -236.029014 -259.629701
-222.596709 -234.541528 -260.930003
-222.907510 -233.054041 -262.230305
-223.218312 -231.566554 -263.530607
-223.529113 -230.079067 -264.830910
-223.839914 -228.591581 -266.131212
-224.150716 -227.104094 -267.431514
-224.461517 -225.616607 -268.731816
-224.772318 -224.129120 -270.032118
-225.083120 -222.641634 -271.332420
-225.393921 -221.154147 -272.632723
-225.704722 -219.666660 -273.933025
-226.015524 -218.179173 -275.233327
-226.326325 -216.691687 -276.533629
-226.637126 -215.204200 -277.833931
-226.947928 -213.716713 -279.134233
-227.258729 -212.229226 -280.434535
-227.569530 -210.741740 -281.734838
-227.880332 -209.254253 -283.035140
-228.191133 -207.766766 -284.335442
-228.501935 -206.279279 -285.635744
-228.812736 -204.791793 -286.936046
-229.123537 -203.304306 -288.236348
-229.434339 -201.816819 -289.536651
-229.745140 -200.329332 -290.836953
-230.055941 -198.841846 -292.137255
-230.366743 -197.354359 -293.437557
-230.677544 -195.866872 -294.737859
-230.988345 -194.379385 -296.038161
-231.299147 -192.891899 -297.338463
-231.609948 -191.404412 -298.638766
196.186366 137.910391 -161.924345
195.373803 136.131879 -161.504067
194.561239 134.353366 -161.083790
193.748676 132.574853 -160.663512
192.936112 130.796341 -160.243235
192.123549 129.017828 -159.822957
191.310986 127.239315 -159.402680
190.498422 125.460802 -158.982402
189.685859 123.682290 -158.562125
188.873295 121.903777 -158.141847
188.060732 120.125264 -157.721569
187.248168 118.346752 -157.301292
186.435605 116.568239 -156.881014
185.623042 114.789726 -156.460737
184.810478 113.011213 -156.040459
183.997915 111.232701 -155.620182
183.185351 109.454188 -155.199904
182.372788 107.675675 -154.779627
181.560224 105.897163 -154.359349
180.747661 104.118650 -153.939072
179.935098 102.340137 -153.518794
179.122534 100.561624 -153.098517
178.309971 98.783112 -152.678239
177.497407 97.004599 -152.257962
176.684844 95.226086 -151.837684
175.872281 93.447574 -151.417407
175.059717 91.669061 -150.997129
174.247154 89.890548 -150.576852
173.434590 88.112035 -150.156574
172.622027 86.333523 -149.736296
171.809463 84.555010 -149.316019
170.996900 82.776497 -148.895741
170.184337 80.997985 -148.475464
169.371773 79.219472 -148.055186
168.559210 77.440959 -147.634909
167.746646 75.662446 -147.214631
166.934083 73.883934 -146.794354
166.121519 72.105421 -146.374076
165.308956 70.326908 -145.953799
164.496393 68.548396 -145.533521
163.683829 66.769883 -145.113244
162.871266 64.991370 -144.692966
162.058702 63.212857 -144.272689
161.246139 61.434345 -143.852411
160.433576 59.655832 -143.432134
159.621012 57.877319 -143.011856
158.808449 56.098806 -142.591578
157.995885 54.320294 -142.171301
157.183322 52.541781 -141.751023
156.370758 50.763268 -141.330746
155.558195 48.984756 -140.910468
154.745632 47.206243 -140.490191
153.933068 45.427730 -140.069913
153.120505 43.649217 -139.649636
152.307941 41.870705 -139.229358
151.495378 40.092192 -138.809081
150.682814 38.313679 -138.388803
149.870251 36.535167 -137.968526
149.057688 34.756654 -137.548248
148.245124 32.978141 -137.127971
147.432561 31.199628 -136.707693
146.619997 29.421116 -136.287416
145.807434 27.642603 -135.867138
144.994871 25.864090 -135.446860
144.182307 24.085578 -135.026583
143.369744 22.307065 -134.606305
142.557180 20.528552 -134.186028
141.744617 18.750039 -133.765750
140.932053 16.971527 -133.345473
140.119490 15.193014 -132.925195
141.320754 192.924406 281.717810
139.994705 191.455827 281.426489
138.668655 189.987247 281.135168
137.342606 188.518668 280.843847
136.016557 187.050089 280.552525
134.690508 185.581509 280.261204
133.364458 184.112930 279.969883
132.038409 182.644351 279.678561
130.712360 181.175771 279.387240
129.386311 179.707192 279.095919
128.060262 178.238612 278.804598
126.734212 176.770033 278.513276
125.408163 175.301454 278.221955
124.082114 173.832874 277.930634
122.756065 172.364295 277.639313
121.430016 170.895716 277.347991
120.103966 169.427136 277.056670
118.777917 167.958557 276.765349
117.451868 166.489977 276.474027
116.125819 165.021398 276.182706
114.799769 163.552819 275.891385
113.473720 162.084239 275.600064
112.147671 160.615660 275.308742
110.821622 159.147080 275.017421
109.495573 157.678501 274.726100
108.169523 156.209922 274.434779
106.843474 154.741342 274.143457
105.517425 153.272763 273.852136
104.191376 151.804184 273.560815
102.865327 150.335604 273.269493
101.539277 148.867025 272.978172
100.213228 147.398445 272.686851
98.887179 145.929866 272.395530
97.561130 144.461287 272.104208
96.235080 142.992707 271.812887
94.909031 141.524128 271.521566
93.582982 140.055549 271.230245
92.256933 138.586969 270.938923
90.930884 137.118390 270.647602
89.604834 135.649810 270.356281
88.278785 134.181231 270.064960
86.952736 132.712652 269.773638
85.626687 131.244072 269.482317
84.300638 129.775493 269.190996
82.974588 128.306913 268.899674
81.648539 126.838334 268.608353
80.322490 125.369755 268.317032
78.996441 123.901175 268.025711
77.670391 122.432596 267.734389
76.344342 120.964017 267.443068
75.018293 119.495437 267.151747
73.692244 118.026858 266.860426
72.366195 116.558278 266.569104
71.040145 115.089699 266.277783
69.714096 113.621120 265.986462
68.388047 112.152540 265.695140
67.061998 110.683961 265.403819
65.735949 109.215382 265.112498
64.409899 107.746802 264.821177
63.083850 106.278223 264.529855
61.757801 104.809643 264.238534
60.431752 103.341064 263.947213
59.105702 101.872485 263.655892
57.779653 100.403905 263.364570
56.453604 98.935326 263.073249
55.127555 97.466746 262.781928
53.801506 95.998167 262.490606
52.475456 94.529588 262.199285
51.149407 93.061008 261.907964
49.823358 91.592429 261.616643
-56.067274 140.168962 181.667563
-55.887578 138.220721 182.082374
-55.707881 136.272481 182.497185
-55.528185 134.324240 182.911995
-55.348488 132.376000 183.326806
-55.168792 130.427759 183.741616
-54.989095 128.479519 184.156427
-54.809398 126.531278 184.571237
-54.629702 124.583037 184.986048
-54.450005 122.634797 185.400858
-54.270309 120.686556 185.815669
-54.090612 118.738316 186.230479
-53.910915 116.790075 186.645290
-53.731219 114.841835 187.060101
-53.551522 112.893594 187.474911
-53.371826 110.945353 187.889722
-53.192129 108.997113 188.304532
-53.012433 107.048872 188.719343
-52.832736 105.100632 189.134153
-52.653039 103.152391 189.548964
-52.473343 101.204150 189.963774
-52.293646 99.255910 190.378585
-52.113950 97.307669 190.793395
-51.934253 95.359429 191.208206
-51.754557 93.411188 191.623017
-51.574860 91.462948 192.037827
-51.395163 89.514707 192.452638
-51.215467 87.566466 192.867448
-51.035770 85.618226 193.282259
-50.856074 83.669985 193.697069
-50.676377 81.721745 194.111880
-50.496681 79.773504 194.526690
-50.316984 77.825264 194.941501
-50.137287 75.877023 195.356311
-49.957591 73.928782 195.771122
-49.777894 71.980542 196.185933
-49.598198 70.032301 196.600743
-49.418501 68.084061 197.015554
-49.238805 66.135820 197.430364
-49.059108 64.187580 197.845175
-48.879411 62.239339 198.259985
-48.699715 60.291098 198.674796
-48.520018 58.342858 199.089606
-48.340322 56.394617 199.504417
-48.160625 54.446377 199.919227
-47.980928 52.498136 200.334038
-47.801232 50.549895 200.748849
-47.621535 48.601655 201.163659
-47.441839 46.653414 201.578470
-47.262142 44.705174 201.993280
-47.082446 42.756933 202.408091
-46.902749 40.808693 202.822901
-46.723052 38.860452 203.237712
-46.543356 36.912211 203.652522
-46.363659 34.963971 204.067333
-46.183963 33.015730 204.482143
-46.004266 31.067490 204.896954
-45.824570 29.119249 205.311765
-45.644873 27.171009 205.726575
-45.465176 25.222768 206.141386
-45.285480 23.274527 206.556196
-45.105783 21.326287 206.971007
-44.926087 19.378046 207.385817
-44.746390 17.429806 207.800628
-44.566694 15.481565 208.215438
-44.386997 13.533324 208.630249
-44.207300 11.585084 209.045059
-44.027604 9.636843 209.459870
-43.847907 7.688603 209.874681
-43.668211 5.740362 210.289491
115.336634 -196.657183 -152.651341
116.745677 -197.999554 -153.112466
118.154721 -199.341926 -153.573591
119.563764 -200.684297 -154.034716
120.972807 -202.026668 -154.495841
122.381851 -203.369039 -154.956966
123.790894 -204.711411 -155.418091
125.199937 -206.053782 -155.879216
126.608981 -207.396153 -156.340341
128.018024 -208.738524 -156.801466
129.427067 -210.080895 -157.262591
130.836111 -211.423267 -157.723716
132.245154 -212.765638 -158.184841
133.654198 -214.108009 -158.645966
135.063241 -215.450380 -159.107091
136.472284 -216.792752 -159.568216
137.881328 -218.135123 -160.029341
139.290371 -219.477494 -160.490466
140.699414 -220.819865 -160.951591
142.108458 -222.162237 -161.412716
143.517501 -223.504608 -161.873841
144.926545 -224.846979 -162.334966
146.335588 -226.189350 -162.796091
147.744631 -227.531722 -163.257216
149.153675 -228.874093 -163.718340
150.562718 -230.216464 -164.179465
151.971761 -231.558835 -164.640590
153.380805 -232.901206 -165.101715
154.789848 -234.243578 -165.562840
156.198892 -235.585949 -166.023965
157.607935 -236.928320 -166.485090
159.016978 -238.270691 -166.946215
160.426022 -239.613063 -167.407340
161.835065 -240.955434 -167.868465
163.244108 -242.297805 -168.329590
164.653152 -243.640176 -168.790715
166.062195 -244.982548 -169.251840
167.471239 -246.324919 -169.712965
168.880282 -247.667290 -170.174090
170.289325 -249.009661 -170.635215
171.698369 -250.352033 -171.096340
173.107412 -251.694404 -171.557465
174.516455 -253.036775 -172.018590
175.925499 -254.379146 -172.479715
177.334542 -255.721518 -172.940840
178.743585 -257.063889 -173.401965
180.152629 -258.406260 -173.863090
181.561672 -259.748631 -174.324215
182.970716 -261.091002 -174.785340
184.379759 -262.433374 -175.246465
185.788802 -263.775745 -175.707590
187.197846 -265.118116 -176.168715
188.606889 -266.460487 -176.629840
190.015932 -267.802859 -177.090965
191.424976 -269.145230 -177.552090
192.834019 -270.487601 -178.013215
194.243063 -271.829972 -178.474340
195.652106 -273.172344 -178.935465
197.061149 -274.514715 -179.396590
198.470193 -275.857086 -179.857715
199.879236 -277.199457 -180.318839
201.288279 -278.541829 -180.779964
202.697323 -279.884200 -181.241089
204.106366 -281.226571 -181.702214
205.515410 -282.568942 -182.163339
206.924453 -283.911313 -182.624464
208.333496 -285.253685 -183.085589
209.742540 -286.596056 -183.546714
211.151583 -287.938427 -184.007839
212.560626 -289.280798 -184.468964
-256.915392 -124.393372 -34.704643
-256.116633 -123.153862 -36.055791
-255.317875 -121.914353 -37.406939
-254.519116 -120.674843 -38.758087
-253.720358 -119.435333 -40.109235
-252.921600 -118.195824 -41.460383
-252.122841 -116.956314 -42.811531
-251.324083 -115.716805 -44.162679
-250.525324 -114.477295 -45.513827
-249.726566 -113.237786 -46.864975
-248.927807 -111.998276 -48.216123
-248.129049 -110.758766 -49.567271
-247.330290 -109.519257 -50.918419
-246.531532 -108.279747 -52.269567
-245.732773 -107.040238 -53.620715
-244.934015 -105.800728 -54.971863
-244.135256 -104.561219 -56.323011
-243.336498 -103.321709 -57.674159
-242.537739 -102.082199 -59.025307
-241.738981 -100.842690 -60.376455
-240.940223 -99.603180 -61.727603
-240.141464 -98.363671 -63.078751
-239.342706 -97.124161 -64.429899
-238.543947 -95.884652 -65.781047
-237.745189 -94.645142 -67.132195
-236.946430 -93.405632 -68.483343
-236.147672 -92.166123 -69.834491
-235.348913 -90.926613 -71.185639
-234.550155 -89.687104 -72.536787
-233.751396 -88.447594 -73.887935
-232.952638 -87.208085 -75.239083
-232.153879 -85.968575 -76.590231
-231.355121 -84.729065 -77.941379
-230.556362 -83.489556 -79.292527
-229.757604 -82.250046 -80.643675
-228.958846 -81.010537 -81.994823
-228.160087 -79.771027 -83.345971
-227.361329 -78.531518 -84.697119
-226.562570 -77.292008 -86.048267
-225.763812 -76.052498 -87.399415
-224.965053 -74.812989 -88.750563
-224.166295 -73.573479 -90.101711
-223.367536 -72.333970 -91.452859
-222.568778 -71.094460 -92.804007
-221.770019 -69.854951 -94.155155
-220.971261 -68.615441 -95.506303
-220.172502 -67.375931 -96.857451
-219.373744 -66.136422 -98.208599
-218.574985 -64.896912 -99.559747
-217.776227 -63.657403 -100.910895
-216.977469 -62.417893 -102.262043
-216.178710 -61.178384 -103.613191
-215.379952 -59.938874 -104.964339
-214.581193 -58.699364 -106.315487
-213.782435 -57.459855 -107.666635
-212.983676 -56.220345 -109.017783
-212.184918 -54.980836 -110.368931
-211.386159 -53.741326 -111.720079
-210.587401 -52.501817 -113.071227
-209.788642 -51.262307 -114.422375
-208.989884 -50.022797 -115.773523
-208.191125 -48.783288 -117.124671
-207.392367 -47.543778 -118.475819
-206.593608 -46.304269 -119.826967
-205.794850 -45.064759 -121.178115
-204.996092 -43.825250 -122.529263
-204.197333 -42.585740 -123.880411
-203.398575 -41.346230 -125.231559
-202.599816 -40.106721 -126.582707
-201.801058 -38.867211 -127.933855
-17.539086 -245.625764 -28.844360
-16.867254 -245.066839 -27.045403
-16.195422 -244.507913 -25.246447
-15.523590 -243.948987 -23.447491
-14.851758 -243.390062 -21.648534
-14.179926 -242.831136 -19.849578
-13.508093 -242.272210 -18.050622
-12.836261 -241.713285 -16.251666
-12.164429 -241.154359 -14.452709
-11.492597 -240.595433 -12.653753
-10.820765 -240.036508 -10.854797
-10.148933 -239.477582 -9.055840
-9.477101 -238.918656 -7.256884
-8.805268 -238.359731 -5.457928
-8.133436 -237.800805 -3.658972
-7.461604 -237.241879 -1.860015
-6.789772 -236.682954 -0.061059
-6.117940 -236.124028 1.737897
-5.446108 -235.565103 3.536853
-4.774276 -235.006177 5.335810
-4.102444 -234.447251 7.134766
-3.430611 -233.888326 8.933722
-2.758779 -233.329400 10.732679
-2.086947 -232.770474 12.531635
-1.415115 -232.211549 14.330591
-0.743283 -231.652623 16.129547
-0.071451 -231.093697 17.928504
0.600381 -230.534772 19.727460
1.272214 -229.975846 21.526416
1.944046 -229.416920 23.325373
2.615878 -228.857995 25.124329
3.287710 -228.299069 26.923285
3.959542 -227.740143 28.722241
4.631374 -227.181218 30.521198
5.303206 -226.622292 32.320154
5.975038 -226.063366 34.119110
6.646871 -225.504441 35.918067
7.318703 -224.945515 37.717023
7.990535 -224.386590 39.515979
8.662367 -223.827664 41.314935
9.334199 -223.268738 43.113892
10.006031 -222.709813 44.912848
10.677863 -222.150887 46.711804
11.349696 -221.591961 48.510761
12.021528 -221.033036 50.309717
12.693360 -220.474110 52.108673
13.365192 -219.915184 53.907629
14.037024 -219.356259 55.706586
14.708856 -218.797333 57.505542
15.380688 -218.238407 59.304498
16.052520 -217.679482 61.103454
16.724353 -217.120556 62.902411
17.396185 -216.561630 64.701367
18.068017 -216.002705 66.500323
18.739849 -215.443779 68.299280
19.411681 -214.884854 70.098236
20.083513 -214.325928 71.897192
20.755345 -213.767002 73.696148
21.427178 -213.208077 75.495105
22.099010 -212.649151 77.294061
22.770842 -212.090225 79.093017
23.442674 -211.531300 80.891974
24.114506 -210.972374 82.690930
24.786338 -210.413448 84.489886
25.458170 -209.854523 86.288842
26.130002 -209.295597 88.087799
26.801835 -208.736671 89.886755
27.473667 -208.177746 91.685711
28.145499 -207.618820 93.484668
28.817331 -207.059894 95.283624
211.559606 -66.984190 55.318944
210.638431 -68.571673 54.524379
209.717255 -70.159156 53.729814
208.796080 -71.746639 52.935249
207.874905 -73.334123 52.140684
206.953730 -74.921606 51.346119
206.032554 -76.509089 50.551554
205.111379 -78.096572 49.756989
204.190204 -79.684055 48.962424
203.269028 -81.271538 48.167859
202.347853 -82.859021 47.373294
201.426678 -84.446504 46.578729
200.505503 -86.033988 45.784164
199.584327 -87.621471 44.989599
198.663152 -89.208954 44.195034
197.741977 -90.796437 43.400469
196.820802 -92.383920 42.605905
195.899626 -93.971403 41.811340
194.978451 -95.558886 41.016775
194.057276 -97.146370 40.222210
193.136101 -98.733853 39.427645
192.214925 -100.321336 38.633080
191.293750 -101.908819 37.838515
190.372575 -103.496302 37.043950
189.451400 -105.083785 36.249385
188.530224 -106.671268 35.454820
187.609049 -108.258751 34.660255
186.687874 -109.846235 33.865690
185.766699 -111.433718 33.071125
184.845523 -113.021201 32.276560
183.924348 -114.608684 31.481995
183.003173 -116.196167 30.687430
182.081997 -117.783650 29.892865
181.160822 -119.371133 29.098301
180.239647 -120.958617 28.303736
179.318472 -122.546100 27.509171
178.397296 -124.133583 26.714606
177.476121 -125.721066 25.920041
176.554946 -127.308549 25.125476
175.633771 -128.896032 24.330911
174.712595 -130.483515 23.536346
173.791420 -132.070999 22.741781
172.870245 -133.658482 21.947216
171.949070 -135.245965 21.152651
171.027894 -136.833448 20.358086
170.106719 -138.420931 19.563521
169.185544 -140.008414 18.768956
168.264369 -141.595897 17.974391
167.343193 -143.183380 17.179826
166.422018 -144.770864 16.385262
165.500843 -146.358347 15.590697
164.579668 -147.945830 14.796132
163.658492 -149.533313 14.001567
162.737317 -151.120796 13.207002
161.816142 -152.708279 12.412437
160.894967 -154.295762 11.617872
159.973791 -155.883246 10.823307
159.052616 -157.470729 10.028742
158.131441 -159.058212 9.234177
157.210265 -160.645695 8.439612
156.289090 -162.233178 7.645047
155.367915 -163.820661 6.850482
154.446740 -165.408144 6.055917
153.525564 -166.995627 5.261352
152.604389 -168.583111 4.466787
151.683214 -170.170594 3.672223
150.762039 -171.758077 2.877658
149.840863 -173.345560 2.083093
148.919688 -174.933043 1.288528
147.998513 -176.520526 0.493963
39.324408 214.901033 197.563603
37.777993 216.133693 197.265018
36.231579 217.366352 196.966432
34.685164 218.599011 196.667846
33.138750 219.831671 196.369261
31.592336 221.064330 196.070675
30.045921 222.296989 195.772089
28.499507 223.529649 195.473504
26.953092 224.762308 195.174918
25.406678 225.994968 194.876333
23.860264 227.227627 194.577747
22.313849 228.460286 194.279161
20.767435 229.692946 193.980576
19.221020 230.925605 193.681990
17.674606 232.158264 193.383404
16.128191 233.390924 193.084819
14.581777 234.623583 192.786233
13.035363 235.856242 192.487647
11.488948 237.088902 192.189062
9.942534 238.321561 191.890476
8.396119 239.554220 191.591891
6.849705 240.786880 191.293305
5.303291 242.019539 190.994719
3.756876 243.252198 190.696134
2.210462 244.484858 190.397548
0.664047 245.717517 190.098962
-0.882367 246.950176 189.800377
-2.428782 248.182836 189.501791
-3.975196 249.415495 189.203205
-5.521610 250.648155 188.904620
-7.068025 251.880814 188.606034
-8.614439 253.113473 188.307448
-10.160854 254.346133 188.008863
-11.707268 255.578792 187.710277
-13.253682 256.811451 187.411692
-14.800097 258.044111 187.113106
-16.346511 259.276770 186.814520
-17.892926 260.509429 186.515935
-19.439340 261.742089 186.217349
-20.985754 262.974748 185.918763
-22.532169 264.207407 185.620178
-24.078583 265.440067 185.321592
-25.624998 266.672726 185.023006
-27.171412 267.905385 184.724421
-28.717827 269.138045 184.425835
-30.264241 270.370704 184.127249
-31.810655 271.603364 183.828664
-33.357070 272.836023 183.530078
-34.903484 274.068682 183.231493
-36.449899 275.301342 182.932907
-37.996313 276.534001 182.634321
-39.542727 277.766660 182.335736
-41.089142 278.999320 182.037150
-42.635556 280.231979 181.738564
-44.181971 281.464638 181.439979
-45.728385 282.697298 181.141393
-47.274800 283.929957 180.842807
-48.821214 285.162616 180.544222
-50.367628 286.395276 180.245636
-51.914043 287.627935 179.947051
-53.460457 288.860594 179.648465
-55.006872 290.093254 179.349879
-56.553286 291.325913 179.051294
-58.099700 292.558572 178.752708
-59.646115 293.791232 178.454122
-61.192529 295.023891 178.155537
-62.738944 296.256551 177.856951
-64.285358 297.489210 177.558365
-65.831773 298.721869 177.259780
-67.378187 299.954529 176.961194
163.031199 -104.791374 206.525945
161.803642 -103.370139 205.838054
160.576084 -101.948905 205.150162
159.348526 -100.527670 204.462271
158.120969 -99.106435 203.774380
156.893411 -97.685201 203.086489
155.665853 -96.263966 202.398598
154.438296 -94.842731 201.710707
153.210738 -93.421497 201.022815
151.983180 -92.000262 200.334924
150.755623 -90.579027 199.647033
149.528065 -89.157793 198.959142
148.300507 -87.736558 198.271251
147.072950 -86.315324 197.583359
145.845392 -84.894089 196.895468
144.617834 -83.472854 196.207577
143.390277 -82.051620 195.519686
142.162719 -80.630385 194.831795
140.935161 -79.209150 194.143904
139.707604 -77.787916 193.456012
138.480046 -76.366681 192.768121
137.252488 -74.945446 192.080230
136.024931 -73.524212 191.392339
134.797373 -72.102977 190.704448
133.569815 -70.681742 190.016556
132.342258 -69.260508 189.328665
131.114700 -67.839273 188.640774
129.887142 -66.418039 187.952883
128.659585 -64.996804 187.264992
127.432027 -63.575569 186.577101
126.204470 -62.154335 185.889209
124.976912 -60.733100 185.201318
123.749354 -59.311865 184.513427
122.521797 -57.890631 183.825536
121.294239 -56.469396 183.137645
120.066681 -55.048161 182.449753
118.839124 -53.626927 181.761862
117.611566 -52.205692 181.073971
116.384008 -50.784457 180.386080
115.156451 -49.363223 179.698189
113.928893 -47.941988 179.010298
112.701335 -46.520753 178.322406
111.473778 -45.099519 177.634515
110.246220 -43.678284 176.946624
109.018662 -42.257050 176.258733
107.791105 -40.835815 175.570842
106.563547 -39.414580 174.882950
105.335989 -37.993346 174.195059
104.108432 -36.572111 173.507168
102.880874 -35.150876 172.819277
101.653316 -33.729642 172.131386
100.425759 -32.308407 171.443495
99.198201 -30.887172 170.755603
97.970643 -29.465938 170.067712
96.743086 -28.044703 169.379821
95.515528 -26.623468 168.691930
94.287970 -25.202234 168.004039
93.060413 -23.780999 167.316147
91.832855 -22.359764 166.628256
90.605297 -20.938530 165.940365
89.377740 -19.517295 165.252474
88.150182 -18.096061 164.564583
86.922625 -16.674826 163.876692
85.695067 -15.253591 163.188800
84.467509 -13.832357 162.500909
83.239952 -12.411122 161.813018
82.012394 -10.989887 161.125127
80.784836 -9.568653 160.437236
79.557279 -8.147418 159.749344
78.329721 -6.726183 159.061453
192.200254 39.563111 50.981812
190.433804 39.383384 50.061295
188.667353 39.203657 49.140777
186.900903 39.023930 48.220260
185.134453 38.844204 47.299743
183.368003 38.664477 46.379226
181.601552 38.484750 45.458709
179.835102 38.305023 44.538192
178.068652 38.125296 43.617675
176.302202 37.945569 42.697157
174.535751 37.765842 41.776640
172.769301 37.586115 40.856123
171.002851 37.406388 39.935606
169.236401 37.226661 39.015089
167.469950 37.046935 38.094572
165.703500 36.867208 37.174055
163.937050 36.687481 36.253538
162.170600 36.507754 35.333020
160.404150 36.328027 34.412503
158.637699 36.148300 33.491986
156.871249 35.968573 32.571469
155.104799 35.788846 31.650952
153.338349 35.609119 30.730435
151.571898 35.429393 29.809918
149.805448 35.249666 28.889400
148.038998 35.069939 27.968883
146.272548 34.890212 27.048366
144.506097 34.710485 26.127849
142.739647 34.530758 25.207332
140.973197 34.351031 24.286815
139.206747 34.171304 23.366298
137.440296 33.991577 22.445781
135.673846 33.811850 21.525263
133.907396 33.632124 20.604746
132.140946 33.452397 19.684229
130.374495 33.272670 18.763712
128.608045 33.092943 17.843195
126.841595 32.913216 16.922678
125.075145 32.733489 16.002161
123.308694 32.553762 15.081643
121.542244 32.374035 14.161126
119.775794 32.194308 13.240609
118.009344 32.014581 12.320092
116.242894 31.834855 11.399575
114.476443 31.655128 10.479058
112.709993 31.475401 9.558541
110.943543 31.295674 8.638024
109.177093 31.115947 7.717506
107.410642 30.936220 6.796989
105.644192 30.756493 5.876472
103.877742 30.576766 4.955955
102.111292 30.397039 4.035438
100.344841 30.217313 3.114921
98.578391 30.037586 2.194404
96.811941 29.857859 1.273886
95.045491 29.678132 0.353369
93.279040 29.498405 -0.567148
91.512590 29.318678 -1.487665
89.746140 29.138951 -2.408182
87.979690 28.959224 -3.328699
86.213239 28.779497 -4.249216
84.446789 28.599770 -5.169733
82.680339 28.420044 -6.090251
80.913889 28.240317 -7.010768
79.147438 28.060590 -7.931285
77.380988 27.880863 -8.851802
75.614538 27.701136 -9.772319
73.848088 27.521409 -10.692836
72.081638 27.341682 -11.613353
70.315187 27.161955 -12.533870
-124.805853 44.150853 255.519664
-126.611112 43.297436 255.406884
-128.416371 42.444019 255.294105
-130.221629 41.590601 255.181326
-132.026888 40.737184 255.068547
-133.832147 39.883766 254.955768
-135.637406 39.030349 254.842989
-137.442665 38.176931 254.730209
-139.247924 37.323514 254.617430
-141.053183 36.470097 254.504651
-142.858442 35.616679 254.391872
-144.663700 34.763262 254.279093
-146.468959 33.909844 254.166314
-148.274218 33.056427 254.053534
-150.079477 32.203009 253.940755
-151.884736 31.349592 253.827976
-153.689995 30.496175 253.715197
-155.495254 29.642757 253.602418
-157.300512 28.789340 253.489639
-159.105771 27.935922 253.376860
-160.911030 27.082505 253.264080
-162.716289 26.229088 253.151301
-164.521548 25.375670 253.038522
-166.326807 24.522253 252.925743
-168.132066 23.668835 252.812964
-169.937324 22.815418 252.700185
-171.742583 21.962000 252.587405
-173.547842 21.108583 252.474626
-175.353101 20.255166 252.361847
-177.158360 19.401748 252.249068
-178.963619 18.548331 252.136289
-180.768878 17.694913 252.023510
-182.574136 16.841496 251.910730
-184.379395 15.988078 251.797951
-186.184654 15.134661 251.685172
-187.989913 14.281244 251.572393
-189.795172 13.427826 251.459614
-191.600431 12.574409 251.346835
-193.405690 11.720991 251.234055
-195.210949 10.867574 251.121276
-197.016207 10.014156 251.008497
-198.821466 9.160739 250.895718
-200.626725 8.307322 250.782939
-202.431984 7.453904 250.670160
-204.237243 6.600487 250.557380
-206.042502 5.747069 250.444601
-207.847761 4.893652 250.331822
-209.653019 4.040234 250.219043
-211.458278 3.186817 250.106264
-213.263537 2.333400 249.993485
-215.068796 1.479982 249.880706
-216.874055 0.626565 249.767926
-218.679314 -0.226853 249.655147
-220.484573 -1.080270 249.542368
-222.289831 -1.933687 249.429589
-224.095090 -2.787105 249.316810
-225.900349 -3.640522 249.204031
-227.705608 -4.493940 249.091251
-229.510867 -5.347357 248.978472
-231.316126 -6.200775 248.865693
-233.121385 -7.054192 248.752914
-234.926644 -7.907609 248.640135
-236.731902 -8.761027 248.527356
-238.537161 -9.614444 248.414576
-240.342420 -10.467862 248.301797
-242.147679 -11.321279 248.189018
-243.952938 -12.174697 248.076239
-245.758197 -13.028114 247.963460
-247.563456 -13.881531 247.850681
-249.368714 -14.734949 247.737901
71.326356 168.333388 -188.770563
69.917875 168.929774 -190.059168
68.509393 169.526160 -191.347774
67.100911 170.122546 -192.636379
65.692430 170.718932 -193.924984
64.283948 171.315319 -195.213589
62.875466 171.911705 -196.502194
61.466985 172.508091 -197.790799
60.058503 173.104477 -199.079404
58.650021 173.700863 -200.368009
57.241539 174.297249 -201.656614
55.833058 174.893635 -202.945219
54.424576 175.490021 -204.233824
53.016094 176.086407 -205.522429
51.607613 176.682793 -206.811034
50.199131 177.279179 -208.099639
48.790649 177.875565 -209.388245
47.382168 178.471951 -210.676850
45.973686 179.068337 -211.965455
44.565204 179.664723 -213.254060
43.156723 180.261109 -214.542665
41.748241 180.857495 -215.831270
40.339759 181.453881 -217.119875
38.931278 182.050267 -218.408480
37.522796 182.646653 -219.697085
36.114314 183.243039 -220.985690
34.705833 183.839425 -222.274295
33.297351 184.435811 -223.562900
31.888869 185.032197 -224.851505
30.480387 185.628583 -226.140111
29.071906 186.224969 -227.428716
27.663424 186.821355 -228.717321
26.254942 187.417742 -230.005926
24.846461 188.014128 -231.294531
23.437979 188.610514 -232.583136
22.029497 189.206900 -233.871741
20.621016 189.803286 -235.160346
19.212534 190.399672 -236.448951
17.804052 190.996058 -237.737556
16.395571 191.592444 -239.026161
14.987089 192.188830 -240.314766
13.578607 192.785216 -241.603371
12.170126 193.381602 -242.891977
10.761644 193.977988 -244.180582
9.353162 194.574374 -245.469187
7.944681 195.170760 -246.757792
6.536199 195.767146 -248.046397
5.127717 196.363532 -249.335002
3.719235 196.959918 -250.623607
2.310754 197.556304 -251.912212
0.902272 198.152690 -253.200817
-0.506210 198.749076 -254.489422
-1.914691 199.345462 -255.778027
-3.323173 199.941848 -257.066632
-4.731655 200.538234 -258.355237
-6.140136 201.134620 -259.643842
-7.548618 201.731006 -260.932448
-8.957100 202.327392 -262.221053
-10.365581 202.923778 -263.509658
-11.774063 203.520165 -264.798263
-13.182545 204.116551 -266.086868
-14.591026 204.712937 -267.375473
-15.999508 205.309323 -268.664078
-17.407990 205.905709 -269.952683
-18.816471 206.502095 -271.241288
-20.224953 207.098481 -272.529893
-21.633435 207.694867 -273.818498
-23.041917 208.291253 -275.107103
-24.450398 208.887639 -276.395708
-25.858880 209.484025 -277.684314
117.539070 39.172908 211.992534
118.438949 37.404739 211.739957
119.338827 35.636570 211.487380
120.238706 33.868400 211.234803
121.138585 32.100231 210.982226
122.038464 30.332061 210.729649
122.938342 28.563892 210.477072
123.838221 26.795723 210.224495
124.738100 25.027553 209.971918
125.637979 23.259384 209.719341
126.537857 21.491214 209.466764
127.437736 19.723045 209.214187
128.337615 17.954875 208.961610
129.237494 16.186706 208.709033
130.137372 14.418537 208.456456
131.037251 12.650367 208.203879
131.937130 10.882198 207.951302
132.837009 9.114028 207.698725
133.736887 7.345859 207.446148
134.636766 5.577689 207.193571
135.536645 3.809520 206.940994
136.436524 2.041351 206.688417
137.336402 0.273181 206.435840
138.236281 -1.494988 206.183263
139.136160 -3.263158 205.930687
140.036039 -5.031327 205.678110
140.935917 -6.799496 205.425533
141.835796 -8.567666 205.172956
142.735675 -10.335835 204.920379
143.635554 -12.104005 204.667802
144.535432 -13.872174 204.415225
145.435311 -15.640344 204.162648
146.335190 -17.408513 203.910071
147.235069 -19.176682 203.657494
148.134947 -20.944852 203.404917
149.034826 -22.713021 203.152340
149.934705 -24.481191 202.899763
150.834584 -26.249360 202.647186
151.734462 -28.017530 202.394609
152.634341 -29.785699 202.142032
153.534220 -31.553868 201.889455
154.434099 -33.322038 201.636878
155.333977 -35.090207 201.384301
156.233856 -36.858377 201.131724
157.133735 -38.626546 200.879147
158.033614 -40.394715 200.626570
158.933492 -42.162885 200.373993
159.833371 -43.931054 200.121416
160.733250 -45.699224 199.868839
161.633129 -47.467393 199.616262
162.533007 -49.235563 199.363685
163.432886 -51.003732 199.111108
164.332765 -52.771901 198.858531
165.232644 -54.540071 198.605954
166.132522 -56.308240 198.353377
167.032401 -58.076410 198.100800
167.932280 -59.844579 197.848223
168.832159 -61.612749 197.595646
169.732037 -63.380918 197.343069
170.631916 -65.149087 197.090492
171.531795 -66.917257 196.837915
172.431674 -68.685426 196.585338
173.331552 -70.453596 196.332762
174.231431 -72.221765 196.080185
175.131310 -73.989935 195.827608
176.031189 -75.758104 195.575031
176.931067 -77.526273 195.322454
177.830946 -79.294443 195.069877
178.730825 -81.062612 194.817300
179.630704 -82.830782 194.564723
25.761157 45.675073 89.229134
25.764594 44.891565 91.069270
25.768031 44.108056 92.909407
25.771468 43.324548 94.749544
25.774905 42.541040 96.589680
25.778342 41.757531 98.429817
25.781780 40.974023 100.269954
25.785217 40.190515 102.110090
25.788654 39.407006 103.950227
25.792091 38.623498 105.790364
25.795528 37.839990 107.630500
25.798965 37.056481 109.470637
25.802402 36.272973 111.310774
25.805840 35.489465 113.150910
25.809277 34.705956 114.991047
25.812714 33.922448 116.831183
25.816151 33.138939 118.671320
25.819588 32.355431 120.511457
25.823025 31.571923 122.351593
25.826462 30.788414 124.191730
25.829899 30.004906 126.031867
25.833337 29.221398 127.872003
25.836774 28.437889 129.712140
25.840211 27.654381 131.552277
25.843648 26.870873 133.392413
25.847085 26.087364 135.232550
25.850522 25.303856 137.072686
25.853959 24.520348 138.912823
25.857397 23.736839 140.752960
25.860834 22.953331 142.593096
25.864271 22.169823 144.433233
25.867708 21.386314 146.273370
25.871145 20.602806 148.113506
25.874582 19.819298 149.953643
25.878019 19.035789 151.793780
25.881456 18.252281 153.633916
25.884894 17.468773 155.474053
25.888331 16.685264 157.314190
25.891768 15.901756 159.154326
25.895205 15.118248 160.994463
25.898642 14.334739 162.834599
25.902079 13.551231 164.674736
25.905516 12.767722 166.514873
25.908954 11.984214 168.355009
25.912391 11.200706 170.195146
25.915828 10.417197 172.035283
25.919265 9.633689 173.875419
25.922702 8.850181 175.715556
25.926139 8.066672 177.555693
25.929576 7.283164 179.395829
25.933014 6.499656 181.235966
25.936451 5.716147 183.076103
25.939888 4.932639 184.916239
25.943325 4.149131 186.756376
25.946762 3.365622 188.596512
25.950199 2.582114 190.436649
25.953636 1.798606 192.276786
25.957073 1.015097 194.116922
25.960511 0.231589 195.957059
25.963948 -0.551919 197.797196
25.967385 -1.335428 199.637332
25.970822 -2.118936 201.477469
25.974259 -2.902444 203.317606
25.977696 -3.685953 205.157742
25.981133 -4.469461 206.997879
25.984571 -5.252969 208.838015
25.988008 -6.036478 210.678152
25.991445 -6.819986 212.518289
25.994882 -7.603495 214.358425
25.998319 -8.387003 216.198562
202.246938 -14.645793 57.405434
202.762315 -16.468847 58.046417
203.277691 -18.291902 58.687399
203.793068 -20.114957 59.328381
204.308444 -21.938012 59.969364
204.823821 -23.761067 60.610346
205.339197 -25.584121 61.251328
205.854574 -27.407176 61.892311
206.369950 -29.230231 62.533293
206.885327 -31.053286 63.174275
207.400703 -32.876341 63.815258
207.916079 -34.699395 64.456240
208.431456 -36.522450 65.097222
208.946832 -38.345505 65.738205
209.462209 -40.168560 66.379187
209.977585 -41.991615 67.020169
210.492962 -43.814669 67.661151
211.008338 -45.637724 68.302134
211.523715 -47.460779 68.943116
212.039091 -49.283834 69.584098
212.554468 -51.106889 70.225081
213.069844 -52.929943 70.866063
213.585220 -54.752998 71.507045
214.100597 -56.576053 72.148028
214.615973 -58.399108 72.789010
215.131350 -60.222162 73.429992
215.646726 -62.045217 74.070975
216.162103 -63.868272 74.711957
216.677479 -65.691327 75.352939
217.192856 -67.514382 75.993922
217.708232 -69.337436 76.634904
218.223609 -71.160491 77.275886
218.738985 -72.983546 77.916868
219.254361 -74.806601 78.557851
219.769738 -76.629656 79.198833
220.285114 -78.452710 79.839815
220.800491 -80.275765 80.480798
221.315867 -82.098820 81.121780
221.831244 -83.921875 81.762762
222.346620 -85.744930 82.403745
222.861997 -87.567984 83.044727
223.377373 -89.391039 83.685709
223.892750 -91.214094 84.326692
224.408126 -93.037149 84.967674
224.923502 -94.860204 85.608656
225.438879 -96.683258 86.249639
225.954255 -98.506313 86.890621
226.469632 -100.329368 87.531603
226.985008 -102.152423 88.172585
227.500385 -103.975478 88.813568
228.015761 -105.798532 89.454550
228.531138 -107.621587 90.095532
229.046514 -109.444642 90.736515
229.561891 -111.267697 91.377497
230.077267 -113.090752 92.018479
230.592644 -114.913806 92.659462
231.108020 -116.736861 93.300444
231.623396 -118.559916 93.941426
232.138773 -120.382971 94.582409
232.654149 -122.206025 95.223391
233.169526 -124.029080 95.864373
233.684902 -125.852135 96.505356
234.200279 -127.675190 97.146338
234.715655 -129.498245 97.787320
235.231032 -131.321299 98.428303
235.746408 -133.144354 99.069285
236.261785 -134.967409 99.710267
236.777161 -136.790464 100.351249
237.292537 -138.613519 100.992232
237.807914 -140.436573 101.633214
277.849133 -214.894301 -220.197901
276.317758 -216.112042 -219.783175
274.786383 -217.329783 -219.368449
273.255008 -218.547524 -218.953723
271.723633 -219.765266 -218.538998
270.192258 -220.983007 -218.124272
268.660883 -222.200748 -217.709546
267.129508 -223.418489 -217.294820
265.598133 -224.636230 -216.880095
264.066758 -225.853971 -216.465369
262.535383 -227.071712 -216.050643
261.004008 -228.289453 -215.635918
259.472633 -229.507194 -215.221192
257.941258 -230.724935 -214.806466
256.409883 -231.942676 -214.391740
254.878508 -233.160417 -213.977015
253.347133 -234.378158 -213.562289
251.815759 -235.595900 -213.147563
250.284384 -236.813641 -212.732837
248.753009 -238.031382 -212.318112
247.221634 -239.249123 -211.903386
245.690259 -240.466864 -211.488660
244.158884 -241.684605 -211.073935
242.627509 -242.902346 -210.659209
241.096134 -244.120087 -210.244483
239.564759 -245.337828 -209.829757
238.033384 -246.555569 -209.415032
236.502009 -247.773310 -209.000306
234.970634 -248.991051 -208.585580
233.439259 -250.208792 -208.170854
231.907884 -251.426534 -207.756129
230.376509 -252.644275 -207.341403
228.845134 -253.862016 -206.926677
227.313759 -255.079757 -206.511952
225.782384 -256.297498 -206.097226
224.251009 -257.515239 -205.682500
222.719634 -258.732980 -205.267774
221.188259 -259.950721 -204.853049
219.656885 -261.168462 -204.438323
218.125510 -262.386203 -204.023597
216.594135 -263.603944 -203.608872
215.062760 -264.821685 -203.194146
213.531385 -266.039426 -202.779420
212.000010 -267.257168 -202.364694
210.468635 -268.474909 -201.949969
208.937260 -269.692650 -201.535243
207.405885 -270.910391 -201.120517
205.874510 -272.128132 -200.705791
204.343135 -273.345873 -200.291066
202.811760 -274.563614 -199.876340
201.280385 -275.781355 -199.461614
199.749010 -276.999096 -199.046889
198.217635 -278.216837 -198.632163
196.686260 -279.434578 -198.217437
195.154885 -280.652319 -197.802711
193.623510 -281.870060 -197.387986
192.092135 -283.087802 -196.973260
190.560760 -284.305543 -196.558534
189.029385 -285.523284 -196.143808
187.498011 -286.741025 -195.729083
185.966636 -287.958766 -195.314357
184.435261 -289.176507 -194.899631
182.903886 -290.394248 -194.484906
181.372511 -291.611989 -194.070180
179.841136 -292.829730 -193.655454
178.309761 -294.047471 -193.240728
176.778386 -295.265212 -192.826003
175.247011 -296.482953 -192.411277
173.715636 -297.700694 -191.996551
172.184261 -298.918436 -191.581826
-93.455869 203.018854 -238.480860
-92.383221 201.367103 -238.132798
-91.310573 199.715353 -237.784735
-90.237925 198.063603 -237.436673
-89.165277 196.411853 -237.088610
-88.092629 194.760103 -236.740548
-87.019981 193.108352 -236.392485
-85.947333 191.456602 -236.044423
-84.874685 189.804852 -235.696360
-83.802037 188.153102 -235.348298
-82.729389 186.501351 -235.000235
-81.656741 184.849601 -234.652173
-80.584093 183.197851 -234.304110
-79.511445 181.546101 -233.956048
-78.438797 179.894351 -233.607985
-77.366149 178.242600 -233.259923
-76.293501 176.590850 -232.911860
-75.220853 174.939100 -232.563798
-74.148205 173.287350 -232.215735
-73.075557 171.635600 -231.867673
-72.002909 169.983849 -231.519610
-70.930261 168.332099 -231.171548
-69.857613 166.680349 -230.823485
-68.784965 165.028599 -230.475423
-67.712317 163.376848 -230.127360
-66.639669 161.725098 -229.779298
-65.567021 160.073348 -229.431235
-64.494373 158.421598 -229.083173
-63.421725 156.769848 -228.735110
-62.349077 155.118097 -228.387048
-61.276429 153.466347 -228.038986
-60.203781 151.814597 -227.690923
-59.131133 150.162847 -227.342861
-58.058485 148.511097 -226.994798
-56.985837 146.859346 -226.646736
-55.913189 145.207596 -226.298673
-54.840541 143.555846 -225.950611
-53.767893 141.904096 -225.602548
-52.695245 140.252345 -225.254486
-51.622597 138.600595 -224.906423
-50.549949 136.948845 -224.558361
-49.477301 135.297095 -224.210298
-48.404653 133.645345 -223.862236
-47.332005 131.993594 -223.514173
-46.259357 130.341844 -223.166111
-45.186709 128.690094 -222.818048
-44.114061 127.038344 -222.469986
-43.041413 125.386594 -222.121923
-41.968765 123.734843 -221.773861
-40.896117 122.083093 -221.425798
-39.823469 120.431343 -221.077736
-38.750821 118.779593 -220.729673
-37.678173 117.127842 -220.381611
-36.605525 115.476092 -220.033548
-35.532877 113.824342 -219.685486
-34.460229 112.172592 -219.337423
-33.387581 110.520842 -218.989361
-32.314933 108.869091 -218.641298
-31.242285 107.217341 -218.293236
-30.169637 105.565591 -217.945173
-29.096989 103.913841 -217.597111
-28.024341 102.262091 -217.249048
-26.951693 100.610340 -216.900986
-25.879045 98.958590 -216.552923
-24.806397 97.306840 -216.204861
-23.733749 95.655090 -215.856799
-22.661101 94.003339 -215.508736
-21.588453 92.351589 -215.160674
-20.515805 90.699839 -214.812611
-19.443157 89.048089 -214.464549
156.488909 -30.943115 88.359746
155.161868 -31.949508 87.252436
153.834826 -32.955901 86.145126
152.507785 -33.962294 85.037816
151.180744 -34.968687 83.930507
149.853703 -35.975080 82.823197
148.526662 -36.981473 81.715887
147.199621 -37.987866 80.608577
145.872579 -38.994259 79.501267
144.545538 -40.000652 78.393958
143.218497 -41.007045 77.286648
141.891456 -42.013438 76.179338
140.564415 -43.019831 75.072028
139.237374 -44.026224 73.964718
137.910333 -45.032617 72.857409
136.583291 -46.039010 71.750099
135.256250 -47.045403 70.642789
133.929209 -48.051796 69.535479
132.602168 -49.058189 68.428169
131.275127 -50.064581 67.320860
129.948086 -51.070974 66.213550
128.621045 -52.077367 65.106240
127.294003 -53.083760 63.998930
125.966962 -54.090153 62.891620
124.639921 -55.096546 61.784311
123.312880 -56.102939 60.677001
121.985839 -57.109332 59.569691
120.658798 -58.115725 58.462381
119.331757 -59.122118 57.355071
118.004715 -60.128511 56.247762
116.677674 -61.134904 55.140452
115.350633 -62.141297 54.033142
114.023592 -63.147690 52.925832
112.696551 -64.154083 51.818522
111.369510 -65.160476 50.711212
110.042468 -66.166869 49.603903
108.715427 -67.173262 48.496593
107.388386 -68.179655 47.389283
106.061345 -69.186048 46.281973
104.734304 -70.192441 45.174663
103.407263 -71.198834 44.067354
102.080222 -72.205227 42.960044
100.753180 -73.211620 41.852734
99.426139 -74.218012 40.745424
98.099098 -75.224405 39.638114
96.772057 -76.230798 38.530805
95.445016 -77.237191 37.423495
94.117975 -78.243584 36.316185
92.790934 -79.249977 35.208875
91.463892 -80.256370 34.101565
90.136851 -81.262763 32.994256
88.809810 -82.269156 31.886946
87.482769 -83.275549 30.779636
86.155728 -84.281942 29.672326
84.828687 -85.288335 28.565016
83.501646 -86.294728 27.457707
82.174604 -87.301121 26.350397
80.847563 -88.307514 25.243087
79.520522 -89.313907 24.135777
78.193481 -90.320300 23.028467
76.866440 -91.326693 21.921158
75.539399 -92.333086 20.813848
74.212357 -93.339479 19.706538
72.885316 -94.345872 18.599228
71.558275 -95.352265 17.491918
70.231234 -96.358658 16.384609
68.904193 -97.365051 15.277299
67.577152 -98.371443 14.169989
66.250111 -99.377836 13.062679
64.923069 -100.384229 11.955369
141.379172 -99.945467 159.632736
141.053939 -98.458629 158.335225
140.728707 -96.971790 157.037714
140.403474 -95.484952 155.740203
140.078242 -93.998113 154.442691
139.753009 -92.511275 153.145180
139.427776 -91.024437 151.847669
139.102544 -89.537598 150.550158
138.777311 -88.050760 149.252647
138.452078 -86.563921 147.955136
138.126846 -85.077083 146.657624
137.801613 -83.590244 145.360113
137.476380 -82.103406 144.062602
137.151148 -80.616567 142.765091
136.825915 -79.129729 141.467580
136.500683 -77.642891 140.170069
136.175450 -76.156052 138.872557
135.850217 -74.669214 137.575046
135.524985 -73.182375 136.277535
135.199752 -71.695537 134.980024
134.874519 -70.208698 133.682513
134.549287 -68.721860 132.385002
134.224054 -67.235022 131.087490
133.898821 -65.748183 129.789979
133.573589 -64.261345 128.492468
133.248356 -62.774506 127.194957
132.923123 -61.287668 125.897446
132.597891 -59.800829 124.599935
132.272658 -58.313991 123.302424
131.947426 -56.827153 122.004912
131.622193 -55.340314 120.707401
131.296960 -53.853476 119.409890
130.971728 -52.366637 118.112379
130.646495 -50.879799 116.814868
130.321262 -49.392960 115.517357
129.996030 -47.906122 114.219845
129.670797 -46.419284 112.922334
129.345564 -44.932445 111.624823
129.020332 -43.445607 110.327312
128.695099 -41.958768 109.029801
128.369867 -40.471930 107.732290
128.044634 -38.985091 106.434778
127.719401 -37.498253 105.137267
127.394169 -36.011415 103.839756
127.068936 -34.524576 102.542245
126.743703 -33.037738 101.244734
126.418471 -31.550899 99.947223
126.093238 -30.064061 98.649711
125.768005 -28.577222 97.352200
125.442773 -27.090384 96.054689
125.117540 -25.603546 94.757178
124.792308 -24.116707 93.459667
124.467075 -22.629869 92.162156
124.141842 -21.143030 90.864645
123.816610 -19.656192 89.567133
123.491377 -18.169353 88.269622
123.166144 -16.682515 86.972111
122.840912 -15.195677 85.674600
122.515679 -13.708838 84.377089
122.190446 -12.222000 83.079578
121.865214 -10.735161 81.782066
121.539981 -9.248323 80.484555
121.214749 -7.761484 79.187044
120.889516 -6.274646 77.889533
120.564283 -4.787808 76.592022
120.239051 -3.300969 75.294511
119.913818 -1.814131 73.996999
119.588585 -0.327292 72.699488
119.263353 1.159546 71.401977
118.938120 2.646385 70.104466
-251.649341 141.959976 -143.483173
-251.746582 140.474091 -142.147999
-251.843824 138.988205 -140.812826
-251.941065 137.502320 -139.477652
-252.038306 136.016434 -138.142478
-252.135547 134.530549 -136.807305
-252.232788 133.044663 -135.472131
-252.330029 131.558778 -134.136958
-252.427270 130.072892 -132.801784
-252.524512 128.587007 -131.466610
-252.621753 127.101122 -130.131437
-252.718994 125.615236 -128.796263
-252.816235 124.129351 -127.461089
-252.913476 122.643465 -126.125916
-253.010717 121.157580 -124.790742
-253.107959 119.671694 -123.455569
-253.205200 118.185809 -122.120395
-253.302441 116.699923 -120.785221
-253.399682 115.214038 -119.450048
-253.496923 113.728152 -118.114874
-253.594164 112.242267 -116.779701
-253.691405 110.756382 -115.444527
-253.788647 109.270496 -114.109353
-253.885888 107.784611 -112.774180
-253.983129 106.298725 -111.439006
-254.080370 104.812840 -110.103832
-254.177611 103.326954 -108.768659
-254.274852 101.841069 -107.433485
-254.372094 100.355183 -106.098312
-254.469335 98.869298 -104.763138
-254.566576 97.383412 -103.427964
-254.663817 95.897527 -102.092791
-254.761058 94.411642 -100.757617
-254.858299 92.925756 -99.422444
-254.955540 91.439871 -98.087270
-255.052782 89.953985 -96.752096
-255.150023 88.468100 -95.416923
-255.247264 86.982214 -94.081749
-255.344505 85.496329 -92.746576
-255.441746 84.010443 -91.411402
-255.538987 82.524558 -90.076228
-255.636229 81.038673 -88.741055
-255.733470 79.552787 -87.405881
-255.830711 78.066902 -86.070707
-255.927952 76.581016 -84.735534
-256.025193 75.095131 -83.400360
-256.122434 73.609245 -82.065187
-256.219676 72.123360 -80.730013
-256.316917 70.637474 -79.394839
-256.414158 69.151589 -78.059666
-256.511399 67.665703 -76.724492
-256.608640 66.179818 -75.389319
-256.705881 64.693933 -74.054145
-256.803122 63.208047 -72.718971
-256.900364 61.722162 -71.383798
-256.997605 60.236276 -70.048624
-257.094846 58.750391 -68.713450
-257.192087 57.264505 -67.378277
-257.289328 55.778620 -66.043103
-257.386569 54.292734 -64.707930
-257.483811 52.806849 -63.372756
-257.581052 51.320963 -62.037582
-257.678293 49.835078 -60.702409
-257.775534 48.349193 -59.367235
-257.872775 46.863307 -58.032062
-257.970016 45.377422 -56.696888
-258.067257 43.891536 -55.361714
-258.164499 42.405651 -54.026541
-258.261740 40.919765 -52.691367
-258.358981 39.433880 -51.356193
154.165329 -91.581583 48.156171
155.185948 -91.214350 49.836491
156.206567 -90.847117 51.516812
157.227186 -90.479884 53.197132
158.247805 -90.112651 54.877452
159.268424 -89.745417 56.557773
160.289043 -89.378184 58.238093
161.309662 -89.010951 59.918413
162.330281 -88.643718 61.598734
163.350900 -88.276485 63.279054
164.371519 -87.909252 64.959375
165.392138 -87.542019 66.639695
166.412758 -87.174785 68.320015
167.433377 -86.807552 70.000336
168.453996 -86.440319 71.680656
169.474615 -86.073086 73.360976
170.495234 -85.705853 75.041297
171.515853 -85.338620 76.721617
172.536472 -84.971387 78.401938
173.557091 -84.604153 80.082258
174.577710 -84.236920 81.762578
175.598329 -83.869687 83.442899
176.618948 -83.502454 85.123219
177.639567 -83.135221 86.803539
178.660186 -82.767988 88.483860
179.680805 -82.400755 90.164180
180.701424 -82.033521 91.844501
181.722043 -81.666288 93.524821
182.742662 -81.299055 95.205141
183.763281 -80.931822 96.885462
184.783900 -80.564589 98.565782
185.804519 -80.197356 100.246102
186.825139 -79.830123 101.926423
187.845758 -79.462889 103.606743
188.866377 -79.095656 105.287064
189.886996 -78.728423 106.967384
190.907615 -78.361190 108.647704
191.928234 -77.993957 110.328025
192.948853 -77.626724 112.008345
193.969472 -77.259491 113.688665
194.990091 -76.892257 115.368986
196.010710 -76.525024 117.049306
197.031329 -76.157791 118.729627
198.051948 -75.790558 120.409947
199.072567 -75.423325 122.090267
200.093186 -75.056092 123.770588
201.113805 -74.688858 125.450908
202.134424 -74.321625 127.131228
203.155043 -73.954392 128.811549
204.175662 -73.587159 130.491869
205.196281 -73.219926 132.172190
206.216901 -72.852693 133.852510
207.237520 -72.485460 135.532830
208.258139 -72.118226 137.213151
209.278758 -71.750993 138.893471
210.299377 -71.383760 140.573791
211.319996 -71.016527 142.254112
212.340615 -70.649294 143.934432
213.361234 -70.282061 145.614753
214.381853 -69.914828 147.295073
215.402472 -69.547594 148.975393
216.423091 -69.180361 150.655714
217.443710 -68.813128 152.336034
218.464329 -68.445895 154.016355
219.484948 -68.078662 155.696675
220.505567 -67.711429 157.376995
221.526186 -67.344196 159.057316
222.546805 -66.976962 160.737636
223.567424 -66.609729 162.417956
224.588043 -66.242496 164.098277
48.834634 158.004626 256.881219
47.169635 157.089062 257.505336
45.504636 156.173498 258.129453
43.839637 155.257935 258.753570
42.174638 154.342371 259.377687
40.509640 153.426807 260.001804
38.844641 152.511244 260.625921
37.179642 151.595680 261.250038
35.514643 150.680117 261.874155
33.849644 149.764553 262.498272
32.184645 148.848989 263.122389
30.519646 147.933426 263.746506
28.854648 147.017862 264.370623
27.189649 146.102299 264.994740
25.524650 145.186735 265.618857
23.859651 144.271171 266.242974
22.194652 143.355608 266.867091
20.529653 142.440044 267.491208
18.864654 141.524480 268.115325
17.199655 140.608917 268.739442
15.534657 139.693353 269.363560
13.869658 138.777790 269.987677
12.204659 137.862226 270.611794
10.539660 136.946662 271.235911
8.874661 136.031099 271.860028
7.209662 135.115535 272.484145
5.544663 134.199972 273.108262
3.879665 133.284408 273.732379
2.214666 132.368844 274.356496
0.549667 131.453281 274.980613
-1.115332 130.537717 275.604730
-2.780331 129.622153 276.228847
-4.445330 128.706590 276.852964
-6.110329 127.791026 277.477081
-7.775327 126.875463 278.101198
-9.440326 125.959899 278.725315
-11.105325 125.044335 279.349432
-12.770324 124.128772 279.973549
-14.435323 123.213208 280.597666
-16.100322 122.297644 281.221783
-17.765321 121.382081 281.845900
-19.430319 120.466517 282.470017
-21.095318 119.550954 283.094134
-22.760317 118.635390 283.718251
-24.425316 117.719826 284.342368
-26.090315 116.804263 284.966485
-27.755314 115.888699 285.590602
-29.420313 114.973136 286.214719
-31.085312 114.057572 286.838836
-32.750310 113.142008 287.462953
-34.415309 112.226445 288.087070
-36.080308 111.310881 288.711187
-37.745307 110.395317 289.335304
-39.410306 109.479754 289.959421
-41.075305 108.564190 290.583538
-42.740304 107.648627 291.207655
-44.405302 106.733063 291.831772
-46.070301 105.817499 292.455889
-47.735300 104.901936 293.080006
-49.400299 103.986372 293.704123
-51.065298 103.070808 294.328240
-52.730297 102.155245 294.952357
-54.395296 101.239681 295.576474
-56.060294 100.324118 296.200591
-57.725293 99.408554 296.824708
-59.390292 98.492990 297.448825
-61.055291 97.577427 298.072942
-62.720290 96.661863 298.697059
-64.385289 95.746300 299.321176
-66.050288 94.830736 299.945293
126.541094 -95.306907 147.886307
124.682017 -96.038854 147.976238
122.822940 -96.770801 148.066169
120.963864 -97.502748 148.156100
119.104787 -98.234695 148.246031
117.245711 -98.966643 148.335963
115.386634 -99.698590 148.425894
113.527557 -100.430537 148.515825
111.668481 -101.162484 148.605756
109.809404 -101.894431 148.695687
107.950328 -102.626378 148.785618
106.091251 -103.358326 148.875550
104.232175 -104.090273 148.965481
102.373098 -104.822220 149.055412
100.514021 -105.554167 149.145343
98.654945 -106.286114 149.235274
96.795868 -107.018062 149.325205
94.936792 -107.750009 149.415137
93.077715 -108.481956 149.505068
91.218639 -109.213903 149.594999
89.359562 -109.945850 149.684930
87.500485 -110.677797 149.774861
85.641409 -111.409745 149.864792
83.782332 -112.141692 149.954724
81.923256 -112.873639 150.044655
80.064179 -113.605586 150.134586
78.205103 -114.337533 150.224517
76.346026 -115.069480 150.314448
74.486949 -115.801428 150.404379
72.627873 -116.533375 150.494311
70.768796 -117.265322 150.584242
68.909720 -117.997269 150.674173
67.050643 -118.729216 150.764104
65.191566 -119.461163 150.854035
63.332490 -120.193111 150.943967
61.473413 -120.925058 151.033898
59.614337 -121.657005 151.123829
57.755260 -122.388952 151.213760
55.896184 -123.120899 151.303691
54.037107 -123.852846 151.393622
52.178030 -124.584794 151.483554
50.318954 -125.316741 151.573485
48.459877 -126.048688 151.663416
46.600801 -126.780635 151.753347
44.741724 -127.512582 151.843278
42.882648 -128.244530 151.933209
41.023571 -128.976477 152.023141
39.164494 -129.708424 152.113072
37.305418 -130.440371 152.203003
35.446341 -131.172318 152.292934
33.587265 -131.904265 152.382865
31.728188 -132.636213 152.472796
29.869112 -133.368160 152.562728
28.010035 -134.100107 152.652659
26.150958 -134.832054 152.742590
24.291882 -135.564001 152.832521
22.432805 -136.295948 152.922452
20.573729 -137.027896 153.012383
18.714652 -137.759843 153.102315
16.855575 -138.491790 153.192246
14.996499 -139.223737 153.282177
13.137422 -139.955684 153.372108
11.278346 -140.687631 153.462039
9.419269 -141.419579 153.551970
7.560193 -142.151526 153.641902
5.701116 -142.883473 153.731833
3.842039 -143.615420 153.821764
1.982963 -144.347367 153.911695
0.123886 -145.079315 154.001626
-1.735190 -145.811262 154.091557
-207.817490 248.746712 -178.333446
-205.858309 248.345753 -178.362446
-203.899128 247.944795 -178.391447
-201.939946 247.543836 -178.420447
-199.980765 247.142878 -178.449447
-198.021584 246.741920 -178.478448
-196.062403 246.340961 -178.507448
-194.103221 245.940003 -178.536448
-192.144040 245.539044 -178.565449
-190.184859 245.138086 -178.594449
-188.225677 244.737127 -178.623449
-186.266496 244.336169 -178.652450
-184.307315 243.935210 -178.681450
-182.348134 243.534252 -178.710450
-180.388952 243.133294 -178.739451
-178.429771 242.732335 -178.768451
-176.470590 242.331377 -178.797452
-174.511408 241.930418 -178.826452
-172.552227 241.529460 -178.855452
-170.593046 241.128501 -178.884453
-168.633865 240.727543 -178.913453
-166.674683 240.326585 -178.942453
-164.715502 239.925626 -178.971454
-162.756321 239.524668 -179.000454
-160.797139 239.123709 -179.029454
-158.837958 238.722751 -179.058455
-156.878777 238.321792 -179.087455
-154.919596 237.920834 -179.116455
-152.960414 237.519875 -179.145456
-151.001233 237.118917 -179.174456
-149.042052 236.717959 -179.203457
-147.082870 236.317000 -179.232457
-145.123689 235.916042 -179.261457
-143.164508 235.515083 -179.290458
-141.205327 235.114125 -179.319458
-139.246145 234.713166 -179.348458
-137.286964 234.312208 -179.377459
-135.327783 233.911250 -179.406459
-133.368601 233.510291 -179.435459
-131.409420 233.109333 -179.464460
-129.450239 232.708374 -179.493460
-127.491058 232.307416 -179.522460
-125.531876 231.906457 -179.551461
-123.572695 231.505499 -179.580461
-121.613514 231.104540 -179.609461
-119.654332 230.703582 -179.638462
-117.695151 230.302624 -179.667462
-115.735970 229.901665 -179.696463
-113.776789 229.500707 -179.725463
-111.817607 229.099748 -179.754463
-109.858426 228.698790 -179.783464
-107.899245 228.297831 -179.812464
-105.940063 227.896873 -179.841464
-103.980882 227.495915 -179.870465
-102.021701 227.094956 -179.899465
-100.062520 226.693998 -179.928465
-98.103338 226.293039 -179.957466
-96.144157 225.892081 -179.986466
-94.184976 225.491122 -180.015466
-92.225794 225.090164 -180.044467
-90.266613 224.689205 -180.073467
-88.307432 224.288247 -180.102467
-86.348251 223.887289 -180.131468
-84.389069 223.486330 -180.160468
-82.429888 223.085372 -180.189469
-80.470707 222.684413 -180.218469
-78.511525 222.283455 -180.247469
-76.552344 221.882496 -180.276470
-74.593163 221.481538 -180.305470
-72.633982 221.080580 -180.334470
-284.406179 6.985013 50.559349
-283.381003 5.616513 51.596760
-282.355826 4.248013 52.634170
-281.330650 2.879513 53.671581
-280.305474 1.511013 54.708992
-279.280297 0.142513 55.746402
-278.255121 -1.225987 56.783813
-277.229945 -2.594487 57.821224
-276.204768 -3.962988 58.858634
-275.179592 -5.331488 59.896045
-274.154415 -6.699988 60.933456
-273.129239 -8.068488 61.970866
-272.104063 -9.436988 63.008277
-271.078886 -10.805488 64.045688
-270.053710 -12.173988 65.083098
-269.028534 -13.542488 66.120509
-268.003357 -14.910988 67.157920
-266.978181 -16.279488 68.195330
-265.953005 -17.647988 69.232741
-264.927828 -19.016489 70.270152
-263.902652 -20.384989 71.307562
-262.877475 -21.753489 72.344973
-261.852299 -23.121989 73.382384
-260.827123 -24.490489 74.419794
-259.801946 -25.858989 75.457205
-258.776770 -27.227489 76.494616
-257.751594 -28.595989 77.532026
-256.726417 -29.964489 78.569437
-255.701241 -31.332989 79.606848
-254.676064 -32.701489 80.644258
-253.650888 -34.069990 81.681669
-252.625712 -35.438490 82.719080
-251.600535 -36.806990 83.756490
-250.575359 -38.175490 84.793901
-249.550183 -39.543990 85.831312
-248.525006 -40.912490 86.868723
-247.499830 -42.280990 87.906133
-246.474653 -43.649490 88.943544
-245.449477 -45.017990 89.980955
-244.424301 -46.386490 91.018365
-243.399124 -47.754991 92.055776
-242.373948 -49.123491 93.093187
-241.348772 -50.491991 94.130597
-240.323595 -51.860491 95.168008
-239.298419 -53.228991 96.205419
-238.273242 -54.597491 97.242829
-237.248066 -55.965991 98.280240
-236.222890 -57.334491 99.317651
-235.197713 -58.702991 100.355061
-234.172537 -60.071491 101.392472
-233.147361 -61.439991 102.429883
-232.122184 -62.808492 103.467293
-231.097008 -64.176992 104.504704
-230.071832 -65.545492 105.542115
-229.046655 -66.913992 106.579525
-228.021479 -68.282492 107.616936
-226.996302 -69.650992 108.654347
-225.971126 -71.019492 109.691757
-224.945950 -72.387992 110.729168
-223.920773 -73.756492 111.766579
-222.895597 -75.124992 112.803989
-221.870421 -76.493492 113.841400
-220.845244 -77.861993 114.878811
-219.820068 -79.230493 115.916221
-218.794891 -80.598993 116.953632
-217.769715 -81.967493 117.991043
-216.744539 -83.335993 119.028453
-215.719362 -84.704493 120.065864
-214.694186 -86.072993 121.103275
-213.669010 -87.441493 122.140685
-128.714518 58.069880 -23.521906
-127.648023 59.761759 -23.510232
-126.581529 61.453637 -23.498559
-125.515034 63.145516 -23.486885
-124.448539 64.837394 -23.475212
-123.382044 66.529272 -23.463538
-122.315550 68.221151 -23.451864
-121.249055 69.913029 -23.440191
-120.182560 71.604908 -23.428517
-119.116066 73.296786 -23.416844
-118.049571 74.988665 -23.405170
-116.983076 76.680543 -23.393497
-115.916581 78.372422 -23.381823
-114.850087 80.064300 -23.370149
-113.783592 81.756179 -23.358476
-112.717097 83.448057 -23.346802
-111.650602 85.139936 -23.335129
-110.584108 86.831814 -23.323455
-109.517613 88.523692 -23.311782
-108.451118 90.215571 -23.300108
-107.384624 91.907449 -23.288435
-106.318129 93.599328 -23.276761
-105.251634 95.291206 -23.265087
-104.185139 96.983085 -23.253414
-103.118645 98.674963 -23.241740
-102.052150 100.366842 -23.230067
-100.985655 102.058720 -23.218393
-99.919160 103.750599 -23.206720
-98.852666 105.442477 -23.195046
-97.786171 107.134356 -23.183373
-96.719676 108.826234 -23.171699
-95.653182 110.518112 -23.160025
-94.586687 112.209991 -23.148352
-93.520192 113.901869 -23.136678
-92.453697 115.593748 -23.125005
-91.387203 117.285626 -23.113331
-90.320708 118.977505 -23.101658
-89.254213 120.669383 -23.089984
-88.187718 122.361262 -23.078310
-87.121224 124.053140 -23.066637
-86.054729 125.745019 -23.054963
-84.988234 127.436897 -23.043290
-83.921740 129.128776 -23.031616
-82.855245 130.820654 -23.019943
-81.788750 132.512532 -23.008269
-80.722255 134.204411 -22.996596
-79.655761 135.896289 -22.984922
-78.589266 137.588168 -22.973248
-77.522771 139.280046 -22.961575
-76.456276 140.971925 -22.949901
-75.389782 142.663803 -22.938228
-74.323287 144.355682 -22.926554
-73.256792 146.047560 -22.914881
-72.190298 147.739439 -22.903207
-71.123803 149.431317 -22.891534
-70.057308 151.123195 -22.879860
-68.990813 152.815074 -22.868186
-67.924319 154.506952 -22.856513
-66.857824 156.198831 -22.844839
-65.791329 157.890709 -22.833166
-64.724834 159.582588 -22.821492
-63.658340 161.274466 -22.809819
-62.591845 162.966345 -22.798145
-61.525350 164.658223 -22.786472
-60.458856 166.350102 -22.774798
-59.392361 168.041980 -22.763124
-58.325866 169.733859 -22.751451
-57.259371 171.425737 -22.739777
-56.192877 173.117615 -22.728104
-55.126382 174.809494 -22.716430
263.034396 13.967105 128.223089
262.851104 15.895235 127.724372
262.667812 17.823365 127.225655
262.484520 19.751495 126.726939
262.301228 21.679625 126.228222
262.117936 23.607755 125.729506
261.934645 25.535885 125.230789
261.751353 27.464015 124.732072
261.568061 29.392146 124.233356
261.384769 31.320276 123.734639
261.201477 33.248406 123.235922
261.018185 35.176536 122.737206
260.834893 37.104666 122.238489
260.651601 39.032796 121.739773
260.468310 40.960926 121.241056
260.285018 42.889057 120.742339
260.101726 44.817187 120.243623
259.918434 46.745317 119.744906
259.735142 48.673447 119.246189
259.551850 50.601577 118.747473
259.368558 52.529707 118.248756
259.185266 54.457837 117.750040
259.001975 56.385968 117.251323
258.818683 58.314098 116.752606
258.635391 60.242228 116.253890
258.452099 62.170358 115.755173
258.268807 64.098488 115.256456
258.085515 66.026618 114.757740
257.902223 67.954748 114.259023
257.718931 69.882878 113.760307
257.535640 71.811009 113.261590
257.352348 73.739139 112.762873
257.169056 75.667269 112.264157
256.985764 77.595399 111.765440
256.802472 79.523529 111.266724
256.619180 81.451659 110.768007
256.435888 83.379789 110.269290
256.252596 85.307920 109.770574
256.069305 87.236050 109.271857
255.886013 89.164180 108.773140
255.702721 91.092310 108.274424
255.519429 93.020440 107.775707
255.336137 94.948570 107.276991
255.152845 96.876700 106.778274
254.969553 98.804831 106.279557
254.786261 100.732961 105.780841
254.602970 102.661091 105.282124
254.419678 104.589221 104.783407
254.236386 106.517351 104.284691
254.053094 108.445481 103.785974
253.869802 110.373611 103.287258
253.686510 112.301741 102.788541
253.503218 114.229872 102.289824
253.319926 116.158002 101.791108
253.136635 118.086132 101.292391
252.953343 120.014262 100.793674
252.770051 121.942392 100.294958
252.586759 123.870522 99.796241
252.403467 125.798652 99.297525
252.220175 127.726783 98.798808
252.036883 129.654913 98.300091
251.853591 131.583043 97.801375
251.670300 133.511173 97.302658
251.487008 135.439303 96.803942
251.303716 137.367433 96.305225
251.120424 139.295563 95.806508
250.937132 141.223694 95.307792
250.753840 143.151824 94.809075
250.570548 145.079954 94.310358
250.387256 147.008084 93.811642
65.190115 287.153412 17.975271
63.903291 285.624085 17.902866
62.616467 284.094758 17.830460
61.329644 282.565430 17.758055
60.042820 281.036103 17.685649
58.755996 279.506776 17.613244
57.469172 277.977449 17.540839
56.182348 276.448121 17.468433
54.895524 274.918794 17.396028
53.608700 273.389467 17.323622
52.321876 271.860140 17.251217
51.035052 270.330813 17.178812
49.748229 268.801485 17.106406
48.461405 267.272158 17.034001
47.174581 265.742831 16.961595
45.887757 264.213504 16.889190
44.600933 262.684176 16.816784
43.314109 261.154849 16.744379
42.027285 259.625522 16.671974
40.740461 258.096195 16.599568
39.453638 256.566868 16.527163
38.166814 255.037540 16.454757
36.879990 253.508213 16.382352
35.593166 251.978886 16.309946
34.306342 250.449559 16.237541
33.019518 248.920232 16.165136
31.732694 247.390904 16.092730
30.445870 245.861577 16.020325
29.159046 244.332250 15.947919
27.872223 242.802923 15.875514
26.585399 241.273595 15.803108
25.298575 239.744268 15.730703
24.011751 238.214941 15.658298
22.724927 236.685614 15.585892
21.438103 235.156287 15.513487
20.151279 233.626959 15.441081
18.864455 232.097632 15.368676
17.577631 230.568305 15.296271
16.290808 229.038978 15.223865
15.003984 227.509650 15.151460
13.717160 225.980323 15.079054
12.430336 224.450996 15.006649
11.143512 222.921669 14.934243
9.856688 221.392342 14.861838
8.569864 219.863014 14.789433
7.283040 218.333687 14.717027
5.996216 216.804360 14.644622
4.709393 215.275033 14.572216
3.422569 213.745706 14.499811
2.135745 212.216378 14.427405
0.848921 210.687051 14.355000
-0.437903 209.157724 14.282595
-1.724727 207.628397 14.210189
-3.011551 206.099069 14.137784
-4.298375 204.569742 14.065378
-5.585199 203.040415 13.992973
-6.872022 201.511088 13.920567
-8.158846 199.981761 13.848162
-9.445670 198.452433 13.775757
-10.732494 196.923106 13.703351
-12.019318 195.393779 13.630946
-13.306142 193.864452 13.558540
-14.592966 192.335124 13.486135
-15.879790 190.805797 13.413730
-17.166614 189.276470 13.341324
-18.453437 187.747143 13.268919
-19.740261 186.217816 13.196513
-21.027085 184.688488 13.124108
-22.313909 183.159161 13.051702
-23.600733 181.629834 12.979297
-9.611202 195.704162 -137.160073
-9.604491 196.334272 -135.261938
-9.597780 196.964381 -133.363803
-9.591068 197.594490 -131.465668
-9.584357 198.224600 -129.567533
-9.577646 198.854709 -127.669397
-9.570935 199.484819 -125.771262
-9.564224 200.114928 -123.873127
-9.557513 200.745037 -121.974992
-9.550801 201.375147 -120.076857
-9.544090 202.005256 -118.178722
-9.537379 202.635365 -116.280586
-9.530668 203.265475 -114.382451
-9.523957 203.895584 -112.484316
-9.517246 204.525694 -110.586181
-9.510535 205.155803 -108.688046
-9.503823 205.785912 -106.789911
-9.497112 206.416022 -104.891775
-9.490401 207.046131 -102.993640
-9.483690 207.676241 -101.095505
-9.476979 208.306350 -99.197370
-9.470268 208.936459 -97.299235
-9.463556 209.566569 -95.401100
-9.456845 210.196678 -93.502964
-9.450134 210.826788 -91.604829
-9.443423 211.456897 -89.706694
-9.436712 212.087006 -87.808559
-9.430001 212.717116 -85.910424
-9.423289 213.347225 -84.012289
-9.416578 213.977335 -82.114153
-9.409867 214.607444 -80.216018
-9.403156 215.237553 -78.317883
-9.396445 215.867663 -76.419748
-9.389734 216.497772 -74.521613
-9.383023 217.127882 -72.623478
-9.376311 217.757991 -70.725342
-9.369600 218.388100 -68.827207
-9.362889 219.018210 -66.929072
-9.356178 219.648319 -65.030937
-9.349467 220.278429 -63.132802
-9.342756 220.908538 -61.234667
-9.336044 221.538647 -59.336531
-9.329333 222.168757 -57.438396
-9.322622 222.798866 -55.540261
-9.315911 223.428976 -53.642126
-9.309200 224.059085 -51.743991
-9.302489 224.689194 -49.845856
-9.295777 225.319304 -47.947720
-9.289066 225.949413 -46.049585
-9.282355 226.579523 -44.151450
-9.275644 227.209632 -42.253315
-9.268933 227.839741 -40.355180
-9.262222 228.469851 -38.457045
-9.255511 229.099960 -36.558909
-9.248799 229.730070 -34.660774
-9.242088 230.360179 -32.762639
-9.235377 230.990288 -30.864504
-9.228666 231.620398 -28.966369
-9.221955 232.250507 -27.068234
-9.215244 232.880616 -25.170098
-9.208532 233.510726 -23.271963
-9.201821 234.140835 -21.373828
-9.195110 234.770945 -19.475693
-9.188399 235.401054 -17.577558
-9.181688 236.031163 -15.679423
-9.174977 236.661273 -13.781287
-9.168266 237.291382 -11.883152
-9.161554 237.921492 -9.985017
-9.154843 238.551601 -8.086882
-9.148132 239.181710 -6.188747
271.617231 -269.547847 -112.189783
271.590533 -269.074927 -114.132882
271.563835 -268.602006 -116.075981
271.537136 -268.129086 -118.019080
271.510438 -267.656166 -119.962179
271.483740 -267.183245 -121.905278
271.457042 -266.710325 -123.848377
271.430343 -266.237405 -125.791476
271.403645 -265.764484 -127.734575
271.376947 -265.291564 -129.677674
271.350249 -264.818644 -131.620773
271.323551 -264.345723 -133.563871
271.296852 -263.872803 -135.506970
271.270154 -263.399882 -137.450069
271.243456 -262.926962 -139.393168
271.216758 -262.454042 -141.336267
271.190059 -261.981121 -143.279366
271.163361 -261.508201 -145.222465
271.136663 -261.035281 -147.165564
271.109965 -260.562360 -149.108663
271.083266 -260.089440 -151.051762
271.056568 -259.616520 -152.994861
271.029870 -259.143599 -154.937960
271.003172 -258.670679 -156.881059
270.976474 -258.197759 -158.824158
270.949775 -257.724838 -160.767257
270.923077 -257.251918 -162.710356
270.896379 -256.778997 -164.653455
270.869681 -256.306077 -166.596554
270.842982 -255.833157 -168.539653
270.816284 -255.360236 -170.482752
270.789586 -254.887316 -172.425850
270.762888 -254.414396 -174.368949
270.736189 -253.941475 -176.312048
270.709491 -253.468555 -178.255147
270.682793 -252.995635 -180.198246
270.656095 -252.522714 -182.141345
270.629396 -252.049794 -184.084444
270.602698 -251.576873 -186.027543
270.576000 -251.103953 -187.970642
270.549302 -250.631033 -189.913741
270.522604 -250.158112 -191.856840
270.495905 -249.685192 -193.799939
270.469207 -249.212272 -195.743038
270.442509 -248.739351 -197.686137
270.415811 -248.266431 -199.629236
270.389112 -247.793511 -201.572335
270.362414 -247.320590 -203.515434
270.335716 -246.847670 -205.458533
270.309018 -246.374749 -207.401632
270.282319 -245.901829 -209.344731
270.255621 -245.428909 -211.287830
270.228923 -244.955988 -213.230928
270.202225 -244.483068 -215.174027
270.175527 -244.010148 -217.117126
270.148828 -243.537227 -219.060225
270.122130 -243.064307 -221.003324
270.095432 -242.591387 -222.946423
270.068734 -242.118466 -224.889522
270.042035 -241.645546 -226.832621
270.015337 -241.172626 -228.775720
269.988639 -240.699705 -230.718819
269.961941 -240.226785 -232.661918
269.935242 -239.753864 -234.605017
269.908544 -239.280944 -236.548116
269.881846 -238.808024 -238.491215
269.855148 -238.335103 -240.434314
269.828449 -237.862183 -242.377413
269.801751 -237.389263 -244.320512
269.775053 -236.916342 -246.263611
-271.271681 -215.520727 119.039911
-269.278759 -215.511383 118.872067
-267.285836 -215.502039 118.704223
-265.292913 -215.492694 118.536378
-263.299990 -215.483350 118.368534
-261.307068 -215.474005 118.200690
-259.314145 -215.464661 118.032846
-257.321222 -215.455317 117.865001
-255.328299 -215.445972 117.697157
-253.335377 -215.436628 117.529313
-251.342454 -215.427284 117.361469
-249.349531 -215.417939 117.193625
-247.356609 -215.408595 117.025780
-245.363686 -215.399251 116.857936
-243.370763 -215.389906 116.690092
-241.377840 -215.380562 116.522248
-239.384918 -215.371218 116.354404
-237.391995 -215.361873 116.186559
-235.399072 -215.352529 116.018715
-233.406149 -215.343184 115.850871
-231.413227 -215.333840 115.683027
-229.420304 -215.324496 115.515182
-227.427381 -215.315151 115.347338
-225.434459 -215.305807 115.179494
-223.441536 -215.296463 115.011650
-221.448613 -215.287118 114.843806
-219.455690 -215.277774 114.675961
-217.462768 -215.268430 114.508117
-215.469845 -215.259085 114.340273
-213.476922 -215.249741 114.172429
-211.483999 -215.240396 114.004584
-209.491077 -215.231052 113.836740
-207.498154 -215.221708 113.668896
-205.505231 -215.212363 113.501052
-203.512309 -215.203019 113.333208
-201.519386 -215.193675 113.165363
-199.526463 -215.184330 112.997519
-197.533540 -215.174986 112.829675
-195.540618 -215.165642 112.661831
-193.547695 -215.156297 112.493987
-191.554772 -215.146953 112.326142
-189.561849 -215.137609 112.158298
-187.568927 -215.128264 111.990454
-185.576004 -215.118920 111.822610
-183.583081 -215.109575 111.654765
-181.590159 -215.100231 111.486921
-179.597236 -215.090887 111.319077
-177.604313 -215.081542 111.151233
-175.611390 -215.072198 110.983389
-173.618468 -215.062854 110.815544
-171.625545 -215.053509 110.647700
-169.632622 -215.044165 110.479856
-167.639699 -215.034821 110.312012
-165.646777 -215.025476 110.144168
-163.653854 -215.016132 109.976323
-161.660931 -215.006788 109.808479
-159.668009 -214.997443 109.640635
-157.675086 -214.988099 109.472791
-155.682163 -214.978754 109.304946
-153.689240 -214.969410 109.137102
-151.696318 -214.960066 108.969258
-149.703395 -214.950721 108.801414
-147.710472 -214.941377 108.633570
-145.717549 -214.932033 108.465725
-143.724627 -214.922688 108.297881
-141.731704 -214.913344 108.130037
-139.738781 -214.904000 107.962193
-137.745858 -214.894655 107.794349
-135.752936 -214.885311 107.626504
-133.760013 -214.875966 107.458660
42.047462 -34.817822 22.923746
40.613670 -33.426517 23.015995
39.179878 -32.035212 23.108244
37.746085 -30.643907 23.200493
36.312293 -29.252602 23.292742
34.878500 -27.861297 23.384991
33.444708 -26.469992 23.477240
32.010916 -25.078687 23.569489
30.577123 -23.687382 23.661738
29.143331 -22.296077 23.753987
27.709539 -20.904772 23.846236
26.275746 -19.513467 23.938485
24.841954 -18.122162 24.030734
23.408161 -16.730857 24.122983
21.974369 -15.339552 24.215232
20.540577 -13.948248 24.307481
19.106784 -12.556943 24.399730
17.672992 -11.165638 24.491979
16.239200 -9.774333 24.584228
14.805407 -8.383028 24.676477
13.371615 -6.991723 24.768726
11.937822 -5.600418 24.860975
10.504030 -4.209113 24.953225
9.070238 -2.817808 25.045474
7.636445 -1.426503 25.137723
6.202653 -0.035198 25.229972
4.768861 1.356107 25.322221
3.335068 2.747412 25.414470
1.901276 4.138717 25.506719
0.467483 5.530022 25.598968
-0.966309 6.921327 25.691217
-2.400101 8.312632 25.783466
-3.833894 9.703937 25.875715
-5.267686 11.095242 25.967964
-6.701478 12.486547 26.060213
-8.135271 13.877852 26.152462
-9.569063 15.269157 26.244711
-11.002856 16.660462 26.336960
-12.436648 18.051767 26.429209
-13.870440 19.443072 26.521458
-15.304233 20.834377 26.613707
-16.738025 22.225682 26.705956
-18.171817 23.616987 26.798205
-19.605610 25.008292 26.890454
-21.039402 26.399597 26.982703
-22.473195 27.790902 27.074952
-23.906987 29.182207 27.167201
-25.340779 30.573512 27.259450
-26.774572 31.964817 27.351699
-28.208364 33.356122 27.443948
-29.642156 34.747427 27.536197
-31.075949 36.138732 27.628446
-32.509741 37.530037 27.720695
-33.943534 38.921342 27.812944
-35.377326 40.312647 27.905193
-36.811118 41.703952 27.997442
-38.244911 43.095257 28.089691
-39.678703 44.486562 28.181940
-41.112495 45.877867 28.274189
-42.546288 47.269172 28.366438
-43.980080 48.660477 28.458687
-45.413872 50.051782 28.550936
-46.847665 51.443087 28.643185
-48.281457 52.834392 28.735434
-49.715250 54.225696 28.827683
-51.149042 55.617001 28.919932
-52.582834 57.008306 29.012181
-54.016627 58.399611 29.104430
-55.450419 59.790916 29.196679
-56.884211 61.182221 29.288928
127.366610 72.703568 -225.919955
125.923933 71.318403 -225.921116
124.481256 69.933238 -225.922277
123.038580 68.548073 -225.923438
121.595903 67.162908 -225.924599
120.153226 65.777743 -225.925760
118.710549 64.392578 -225.926922
117.267872 63.007413 -225.928083
115.825195 61.622248 -225.929244
114.382518 60.237083 -225.930405
112.939841 58.851918 -225.931566
111.497165 57.466753 -225.932727
110.054488 56.081588 -225.933888
108.611811 54.696423 -225.935049
107.169134 53.311258 -225.936210
105.726457 51.926093 -225.937372
104.283780 50.540928 -225.938533
102.841103 49.155763 -225.939694
101.398426 47.770598 -225.940855
99.955750 46.385433 -225.942016
98.513073 45.000268 -225.943177
97.070396 43.615103 -225.944338
95.627719 42.229938 -225.945499
94.185042 40.844773 -225.946660
92.742365 39.459608 -225.947821
91.299688 38.074443 -225.948983
89.857011 36.689278 -225.950144
88.414335 35.304113 -225.951305
86.971658 33.918948 -225.952466
85.528981 32.533783 -225.953627
84.086304 31.148618 -225.954788
82.643627 29.763453 -225.955949
81.200950 28.378288 -225.957110
79.758273 26.993123 -225.958271
78.315596 25.607958 -225.959432
76.872920 24.222793 -225.960594
75.430243 22.837628 -225.961755
73.987566 21.452463 -225.962916
72.544889 20.067298 -225.964077
71.102212 18.682133 -225.965238
69.659535 17.296968 -225.966399
68.216858 15.911803 -225.967560
66.774181 14.526638 -225.968721
65.331505 13.141473 -225.969882
63.888828 11.756308 -225.971043
62.446151 10.371143 -225.972205
61.003474 8.985978 -225.973366
59.560797 7.600813 -225.974527
58.118120 6.215648 -225.975688
56.675443 4.830483 -225.976849
55.232766 3.445318 -225.978010
53.790090 2.060153 -225.979171
52.347413 0.674988 -225.980332
50.904736 -0.710177 -225.981493
49.462059 -2.095342 -225.982654
48.019382 -3.480507 -225.983816
46.576705 -4.865672 -225.984977
45.134028 -6.250837 -225.986138
43.691351 -7.636002 -225.987299
42.248675 -9.021167 -225.988460
40.805998 -10.406332 -225.989621
39.363321 -11.791497 -225.990782
37.920644 -13.176662 -225.991943
36.477967 -14.561827 -225.993104
35.035290 -15.946992 -225.994265
33.592613 -17.332157 -225.995427
32.149936 -18.717322 -225.996588
30.707260 -20.102487 -225.997749
29.264583 -21.487652 -225.998910
27.821906 -22.872817 -226.000071
-164.313715 -85.668560 -53.805643
-166.219095 -85.108911 -53.568318
-168.124474 -84.549263 -53.330993
-170.029853 -83.989614 -53.093669
-171.935233 -83.429965 -52.856344
-173.840612 -82.870317 -52.619019
-175.745991 -82.310668 -52.381695
-177.651371 -81.751019 -52.144370
-179.556750 -81.191371 -51.907045
-181.462129 -80.631722 -51.669721
-183.367509 -80.072073 -51.432396
-185.272888 -79.512425 -51.195071
-187.178267 -78.952776 -50.957747
-189.083647 -78.393127 -50.720422
-190.989026 -77.833479 -50.483098
-192.894405 -77.273830 -50.245773
-194.799785 -76.714181 -50.008448
-196.705164 -76.154533 -49.771124
-198.610543 -75.594884 -49.533799
-200.515923 -75.035236 -49.296474
-202.421302 -74.475587 -49.059150
-204.326681 -73.915938 -48.821825
-206.232061 -73.356290 -48.584500
-208.137440 -72.796641 -48.347176
-210.042819 -72.236992 -48.109851
-211.948199 -71.677344 -47.872526
-213.853578 -71.117695 -47.635202
-215.758957 -70.558046 -47.397877
-217.664337 -69.998398 -47.160552
-219.569716 -69.438749 -46.923228
-221.475095 -68.879100 -46.685903
-223.380475 -68.319452 -46.448578
-225.285854 -67.759803 -46.211254
-227.191233 -67.200154 -45.973929
-229.096613 -66.640506 -45.736604
-231.001992 -66.080857 -45.499280
-232.907371 -65.521209 -45.261955
-234.812751 -64.961560 -45.024630
-236.718130 -64.401911 -44.787306
-238.623509 -63.842263 -44.549981
-240.528889 -63.282614 -44.312656
-242.434268 -62.722965 -44.075332
-244.339647 -62.163317 -43.838007
-246.245027 -61.603668 -43.600682
-248.150406 -61.044019 -43.363358
-250.055785 -60.484371 -43.126033
-251.961165 -59.924722 -42.888708
-253.866544 -59.365073 -42.651384
-255.771923 -58.805425 -42.414059
-257.677303 -58.245776 -42.176734
-259.582682 -57.686127 -41.939410
-261.488061 -57.126479 -41.702085
-263.393441 -56.566830 -41.464760
-265.298820 -56.007181 -41.227436
-267.204199 -55.447533 -40.990111
-269.109579 -54.887884 -40.752786
-271.014958 -54.328236 -40.515462
-272.920337 -53.768587 -40.278137
-274.825717 -53.208938 -40.040812
-276.731096 -52.649290 -39.803488
-278.636475 -52.089641 -39.566163
-280.541855 -51.529992 -39.328838
-282.447234 -50.970344 -39.091514
-284.352613 -50.410695 -38.854189
-286.257993 -49.851046 -38.616864
-288.163372 -49.291398 -38.379540
-290.068751 -48.731749 -38.142215
-291.974131 -48.172100 -37.904890
-293.879510 -47.612452 -37.667566
-295.784889 -47.052803 -37.430241
-226.315100 -171.403068 192.249040
-226.091008 -169.555500 191.516732
-225.866916 -167.707932 190.784425
-225.642824 -165.860363 190.052117
-225.418732 -164.012795 189.319810
-225.194641 -162.165227 188.587502
-224.970549 -160.317658 187.855195
-224.746457 -158.470090 187.122888
-224.522365 -156.622522 186.390580
-224.298273 -154.774954 185.658273
-224.074181 -152.927385 184.925965
-223.850089 -151.079817 184.193658
-223.625997 -149.232249 183.461351
-223.401905 -147.384680 182.729043
-223.177813 -145.537112 181.996736
-222.953721 -143.689544 181.264428
-222.729629 -141.841975 180.532121
-222.505537 -139.994407 179.799813
-222.281446 -138.146839 179.067506
-222.057354 -136.299270 178.335199
-221.833262 -134.451702 177.602891
-221.609170 -132.604134 176.870584
-221.385078 -130.756566 176.138276
-221.160986 -128.908997 175.405969
-220.936894 -127.061429 174.673661
-220.712802 -125.213861 173.941354
-220.488710 -123.366292 173.209047
-220.264618 -121.518724 172.476739
-220.040526 -119.671156 171.744432
-219.816434 -117.823587 171.012124
-219.592342 -115.976019 170.279817
-219.368250 -114.128451 169.547510
-219.144159 -112.280882 168.815202
-218.920067 -110.433314 168.082895
-218.695975 -108.585746 167.350587
-218.471883 -106.738178 166.618280
-218.247791 -104.890609 165.885972
-218.023699 -103.043041 165.153665
-217.799607 -101.195473 164.421358
-217.575515 -99.347904 163.689050
-217.351423 -97.500336 162.956743
-217.127331 -95.652768 162.224435
-216.903239 -93.805199 161.492128
-216.679147 -91.957631 160.759821
-216.455055 -90.110063 160.027513
-216.230964 -88.262494 159.295206
-216.006872 -86.414926 158.562898
-215.782780 -84.567358 157.830591
-215.558688 -82.719790 157.098283
-215.334596 -80.872221 156.365976
-215.110504 -79.024653 155.633669
-214.886412 -77.177085 154.901361
-214.662320 -75.329516 154.169054
-214.438228 -73.481948 153.436746
-214.214136 -71.634380 152.704439
-213.990044 -69.786811 151.972132
-213.765952 -67.939243 151.239824
-213.541860 -66.091675 150.507517
-213.317769 -64.244106 149.775209
-213.093677 -62.396538 149.042902
-212.869585 -60.548970 148.310594
-212.645493 -58.701402 147.578287
-212.421401 -56.853833 146.845980
-212.197309 -55.006265 146.113672
-211.973217 -53.158697 145.381365
-211.749125 -51.311128 144.649057
-211.525033 -49.463560 143.916750
-211.300941 -47.615992 143.184442
-211.076849 -45.768423 142.452135
-210.852757 -43.920855 141.719828
44.932457 -25.828157 285.651176
44.042170 -24.105979 285.159757
43.151882 -22.383802 284.668337
42.261594 -20.661625 284.176917
41.371307 -18.939448 283.685498
40.481019 -17.217270 283.194078
39.590732 -15.495093 282.702658
38.700444 -13.772916 282.211239
37.810156 -12.050738 281.719819
36.919869 -10.328561 281.228399
36.029581 -8.606384 280.736980
35.139294 -6.884206 280.245560
34.249006 -5.162029 279.754140
33.358718 -3.439852 279.262721
32.468431 -1.717674 278.771301
31.578143 0.004503 278.279881
30.687856 1.726680 277.788462
29.797568 3.448858 277.297042
28.907280 5.171035 276.805622
28.016993 6.893212 276.314203
27.126705 8.615390 275.822783
26.236418 10.337567 275.331363
25.346130 12.059744 274.839944
24.455842 13.781921 274.348524
23.565555 15.504099 273.857104
22.675267 17.226276 273.365685
21.784980 18.948453 272.874265
20.894692 20.670631 272.382845
20.004405 22.392808 271.891426
19.114117 24.114985 271.400006
18.223829 25.837163 270.908586
17.333542 27.559340 270.417167
16.443254 29.281517 269.925747
15.552967 31.003695 269.434327
14.662679 32.725872 268.942908
13.772391 34.448049 268.451488
12.882104 36.170227 267.960068
11.991816 37.892404 267.468649
11.101529 39.614581 266.977229
10.211241 41.336759 266.485809
9.320953 43.058936 265.994390
8.430666 44.781113 265.502970
7.540378 46.503290 265.011550
6.650091 48.225468 264.520131
5.759803 49.947645 264.028711
4.869515 51.669822 263.537291
3.979228 53.392000 263.045872
3.088940 55.114177 262.554452
2.198653 56.836354 262.063032
1.308365 58.558532 261.571613
0.418077 60.280709 261.080193
-0.472210 62.002886 260.588773
-1.362498 63.725064 260.097354
-2.252785 65.447241 259.605934
-3.143073 67.169418 259.114514
-4.033361 68.891596 258.623095
-4.923648 70.613773 258.131675
-5.813936 72.335950 257.640255
-6.704223 74.058128 257.148836
-7.594511 75.780305 256.657416
-8.484799 77.502482 256.165996
-9.375086 79.224659 255.674577
-10.265374 80.946837 255.183157
-11.155661 82.669014 254.691737
-12.045949 84.391191 254.200318
-12.936237 86.113369 253.708898
-13.826524 87.835546 253.217478
-14.716812 89.557723 252.726059
-15.607099 91.279901 252.234639
-16.497387 93.002078 251.743219
215.105049 33.777499 -110.876512
215.080539 34.435178 -108.987900
215.056029 35.092857 -107.099287
215.031518 35.750536 -105.210674
215.007008 36.408215 -103.322062
214.982498 37.065894 -101.433449
214.957987 37.723573 -99.544836
214.933477 38.381252 -97.656224
214.908967 39.038930 -95.767611
214.884456 39.696609 -93.878998
214.859946 40.354288 -91.990386
214.835436 41.011967 -90.101773
214.810925 41.669646 -88.213160
214.786415 42.327325 -86.324548
214.761905 42.985004 -84.435935
214.737394 43.642683 -82.547323
214.712884 44.300362 -80.658710
214.688374 44.958041 -78.770097
214.663863 45.615719 -76.881485
214.639353 46.273398 -74.992872
214.614843 46.931077 -73.104259
214.590332 47.588756 -71.215647
214.565822 48.246435 -69.327034
214.541312 48.904114 -67.438421
214.516801 49.561793 -65.549809
214.492291 50.219472 -63.661196
214.467781 50.877151 -61.772583
214.443270 51.534830 -59.883971
214.418760 52.192508 -57.995358
214.394250 52.850187 -56.106746
214.369739 53.507866 -54.218133
214.345229 54.165545 -52.329520
214.320719 54.823224 -50.440908
214.296208 55.480903 -48.552295
214.271698 56.138582 -46.663682
214.247188 56.796261 -44.775070
214.222677 57.453940 -42.886457
214.198167 58.111619 -40.997844
214.173657 58.769297 -39.109232
214.149146 59.426976 -37.220619
214.124636 60.084655 -35.332007
214.100126 60.742334 -33.443394
214.075615 61.400013 -31.554781
214.051105 62.057692 -29.666169
214.026595 62.715371 -27.777556
214.002084 63.373050 -25.888943
213.977574 64.030729 -24.000331
213.953064 64.688408 -22.111718
213.928553 65.346086 -20.223105
213.904043 66.003765 -18.334493
213.879533 66.661444 -16.445880
213.855023 67.319123 -14.557267
213.830512 67.976802 -12.668655
213.806002 68.634481 -10.780042
213.781492 69.292160 -8.891430
213.756981 69.949839 -7.002817
213.732471 70.607518 -5.114204
213.707961 71.265197 -3.225592
213.683450 71.922875 -1.336979
213.658940 72.580554 0.551634
213.634430 73.238233 2.440246
213.609919 73.895912 4.328859
213.585409 74.553591 6.217472
213.560899 75.211270 8.106084
213.536388 75.868949 9.994697
213.511878 76.526628 11.883310
213.487368 77.184307 13.771922
213.462857 77.841986 15.660535
213.438347 78.499664 17.549147
213.413837 79.157343 19.437760
-228.577970 12.530686 174.829465
-228.545945 12.769513 172.844034
-228.513920 13.008339 170.858603
-228.481895 13.247166 168.873172
-228.449870 13.485992 166.887741
-228.417845 13.724819 164.902310
-228.385820 13.963645 162.916879
-228.353795 14.202471 160.931448
-228.321770 14.441298 158.946017
-228.289745 14.680124 156.960586
-228.257720 14.918951 154.975155
-228.225695 15.157777 152.989724
-228.193670 15.396603 151.004293
-228.161645 15.635430 149.018862
-228.129620 15.874256 147.033431
-228.097594 16.113083 145.048000
-228.065569 16.351909 143.062569
-228.033544 16.590736 141.077138
-228.001519 16.829562 139.091707
-227.969494 17.068388 137.106276
-227.937469 17.307215 135.120845
-227.905444 17.546041 133.135414
-227.873419 17.784868 131.149983
-227.841394 18.023694 129.164552
-227.809369 18.262521 127.179121
-227.777344 18.501347 125.193690
-227.745319 18.740173 123.208259
-227.713294 18.979000 121.222828
-227.681269 19.217826 119.237397
-227.649244 19.456653 117.251966
-227.617219 19.695479 115.266535
-227.585194 19.934305 113.281104
-227.553169 20.173132 111.295673
-227.521144 20.411958 109.310242
-227.489119 20.650785 107.324811
-227.457094 20.889611 105.339380
-227.425069 21.128438 103.353948
-227.393043 21.367264 101.368517
-227.361018 21.606090 99.383086
-227.328993 21.844917 97.397655
-227.296968 22.083743 95.412224
-227.264943 22.322570 93.426793
-227.232918 22.561396 91.441362
-227.200893 22.800222 89.455931
-227.168868 23.039049 87.470500
-227.136843 23.277875 85.485069
-227.104818 23.516702 83.499638
-227.072793 23.755528 81.514207
-227.040768 23.994355 79.528776
-227.008743 24.233181 77.543345
-226.976718 24.472007 75.557914
-226.944693 24.710834 73.572483
-226.912668 24.949660 71.587052
-226.880643 25.188487 69.601621
-226.848618 25.427313 67.616190
-226.816593 25.666140 65.630759
-226.784568 25.904966 63.645328
-226.752543 26.143792 61.659897
-226.720518 26.382619 59.674466
-226.688492 26.621445 57.689035
-226.656467 26.860272 55.703604
-226.624442 27.099098 53.718173
-226.592417 27.337924 51.732742
-226.560392 27.576751 49.747311
-226.528367 27.815577 47.761880
-226.496342 28.054404 45.776449
-226.464317 28.293230 43.791018
-226.432292 28.532057 41.805587
-226.400267 28.770883 39.820156
-226.368242 29.009709 37.834725
118.756907 -63.046848 249.806597
118.346375 -61.165453 250.346800
117.935842 -59.284059 250.887004
117.525310 -57.402665 251.427207
117.114778 -55.521271 251.967410
116.704246 -53.639877 252.507614
116.293713 -51.758483 253.047817
115.883181 -49.877089 253.588021
115.472649 -47.995695 254.128224
115.062117 -46.114301 254.668428
114.651584 -44.232907 255.208631
114.241052 -42.351513 255.748835
113.830520 -40.470119 256.289038
113.419988 -38.588725 256.829242
113.009455 -36.707331 257.369445
112.598923 -34.825937 257.909649
112.188391 -32.944543 258.449852
111.777859 -31.063149 258.990056
111.367326 -29.181755 259.530259
110.956794 -27.300361 260.070462
110.546262 -25.418967 260.610666
110.135730 -23.537573 261.150869
109.725197 -21.656179 261.691073
109.314665 -19.774785 262.231276
108.904133 -17.893391 262.771480
108.493601 -16.011997 263.311683
108.083068 -14.130603 263.851887
107.672536 -12.249209 264.392090
107.262004 -10.367815 264.932294
106.851472 -8.486421 265.472497
106.440939 -6.605027 266.012701
106.030407 -4.723633 266.552904
105.619875 -2.842239 267.093108
105.209343 -0.960845 267.633311
104.798810 0.920549 268.173514
104.388278 2.801943 268.713718
103.977746 4.683337 269.253921
103.567214 6.564731 269.794125
103.156681 8.446125 270.334328
102.746149 10.327519 270.874532
102.335617 12.208914 271.414735
101.925084 14.090308 271.954939
101.514552 15.971702 272.495142
101.104020 17.853096 273.035346
100.693488 19.734490 273.575549
100.282955 21.615884 274.115753
99.872423 23.497278 274.655956
99.461891 25.378672 275.196160
99.051359 27.260066 275.736363
98.640826 29.141460 276.276566
98.230294 31.022854 276.816770
97.819762 32.904248 277.356973
97.409230 34.785642 277.897177
96.998697 36.667036 278.437380
96.588165 38.548430 278.977584
96.177633 40.429824 279.517787
95.767101 42.311218 280.057991
95.356568 44.192612 280.598194
94.946036 46.074006 281.138398
94.535504 47.955400 281.678601
94.124972 49.836794 282.218805
93.714439 51.718188 282.759008
93.303907 53.599582 283.299212
92.893375 55.480976 283.839415
92.482843 57.362370 284.379618
92.072310 59.243764 284.919822
91.661778 61.125158 285.460025
91.251246 63.006552 286.000229
90.840714 64.887946 286.540432
90.430181 66.769340 287.080636
-147.866578 139.264055 -238.814422
-147.625999 141.247097 -238.912724
-147.385420 143.230140 -239.011026
-147.144842 145.213183 -239.109328
-146.904263 147.196226 -239.207629
-146.663684 149.179269 -239.305931
-146.423106 151.162311 -239.404233
-146.182527 153.145354 -239.502535
-145.941948 155.128397 -239.600836
-145.701369 157.111440 -239.699138
-145.460791 159.094482 -239.797440
-145.220212 161.077525 -239.895742
-144.979633 163.060568 -239.994044
-144.739054 165.043611 -240.092345
-144.498476 167.026654 -240.190647
-144.257897 169.009696 -240.288949
-144.017318 170.992739 -240.387251
-143.776740 172.975782 -240.485552
-143.536161 174.958825 -240.583854
-143.295582 176.941867 -240.682156
-143.055003 178.924910 -240.780458
-142.814425 180.907953 -240.878759
-142.573846 182.890996 -240.977061
-142.333267 184.874039 -241.075363
-142.092688 186.857081 -241.173665
-141.852110 188.840124 -241.271966
-141.611531 190.823167 -241.370268
-141.370952 192.806210 -241.468570
-141.130374 194.789252 -241.566872
-140.889795 196.772295 -241.665174
-140.649216 198.755338 -241.763475
-140.408637 200.738381 -241.861777
-140.168059 202.721423 -241.960079
-139.927480 204.704466 -242.058381
-139.686901 206.687509 -242.156682
-139.446322 208.670552 -242.254984
-139.205744 210.653595 -242.353286
-138.965165 212.636637 -242.451588
-138.724586 214.619680 -242.549889
-138.484008 216.602723 -242.648191
-138.243429 218.585766 -242.746493
-138.002850 220.568808 -242.844795
-137.762271 222.551851 -242.943096
-137.521693 224.534894 -243.041398
-137.281114 226.517937 -243.139700
-137.040535 228.500980 -243.238002
-136.799956 230.484022 -243.336303
-136.559378 232.467065 -243.434605
-136.318799 234.450108 -243.532907
-136.078220 236.433151 -243.631209
-135.837642 238.416193 -243.729511
-135.597063 240.399236 -243.827812
-135.356484 242.382279 -243.926114
-135.115905 244.365322 -244.024416
-134.875327 246.348364 -244.122718
-134.634748 248.331407 -244.221019
-134.394169 250.314450 -244.319321
-134.153590 252.297493 -244.417623
-133.913012 254.280536 -244.515925
-133.672433 256.263578 -244.614226
-133.431854 258.246621 -244.712528
-133.191276 260.229664 -244.810830
-132.950697 262.212707 -244.909132
-132.710118 264.195749 -245.007433
-132.469539 266.178792 -245.105735
-132.228961 268.161835 -245.204037
-131.988382 270.144878 -245.302339
-131.747803 272.127921 -245.400641
-131.507224 274.110963 -245.498942
-131.266646 276.094006 -245.597244
132.753611 -111.312113 -188.507371
132.178168 -113.075021 -189.256385
131.602725 -114.837929 -190.005398
131.027282 -116.600837 -190.754412
130.451839 -118.363744 -191.503426
129.876396 -120.126652 -192.252439
129.300954 -121.889560 -193.001453
128.725511 -123.652468 -193.750466
128.150068 -125.415376 -194.499480
127.574625 -127.178284 -195.248494
126.999182 -128.941192 -195.997507
126.423739 -130.704100 -196.746521
125.848297 -132.467007 -197.495534
125.272854 -134.229915 -198.244548
124.697411 -135.992823 -198.993562
124.121968 -137.755731 -199.742575
123.546525 -139.518639 -200.491589
122.971083 -141.281547 -201.240603
122.395640 -143.044455 -201.989616
121.820197 -144.807363 -202.738630
121.244754 -146.570270 -203.487643
120.669311 -148.333178 -204.236657
120.093868 -150.096086 -204.985671
119.518426 -151.858994 -205.734684
118.942983 -153.621902 -206.483698
118.367540 -155.384810 -207.232711
117.792097 -157.147718 -207.981725
117.216654 -158.910626 -208.730739
116.641212 -160.673533 -209.479752
116.065769 -162.436441 -210.228766
115.490326 -164.199349 -210.977779
114.914883 -165.962257 -211.726793
114.339440 -167.725165 -212.475807
113.763997 -169.488073 -213.224820
113.188555 -171.250981 -213.973834
112.613112 -173.013889 -214.722848
112.037669 -174.776796 -215.471861
111.462226 -176.539704 -216.220875
110.886783 -178.302612 -216.969888
110.311340 -180.065520 -217.718902
109.735898 -181.828428 -218.467916
109.160455 -183.591336 -219.216929
108.585012 -185.354244 -219.965943
108.009569 -187.117152 -220.714956
107.434126 -188.880059 -221.463970
106.858684 -190.642967 -222.212984
106.283241 -192.405875 -222.961997
105.707798 -194.168783 -223.711011
105.132355 -195.931691 -224.460024
104.556912 -197.694599 -225.209038
103.981469 -199.457507 -225.958052
103.406027 -201.220414 -226.707065
102.830584 -202.983322 -227.456079
102.255141 -204.746230 -228.205093
101.679698 -206.509138 -228.954106
101.104255 -208.272046 -229.703120
100.528813 -210.034954 -230.452133
99.953370 -211.797862 -231.201147
99.377927 -213.560770 -231.950161
98.802484 -215.323677 -232.699174
98.227041 -217.086585 -233.448188
97.651598 -218.849493 -234.197201
97.076156 -220.612401 -234.946215
96.500713 -222.375309 -235.695229
95.925270 -224.138217 -236.444242
95.349827 -225.901125 -237.193256
94.774384 -227.664033 -237.942269
94.198941 -229.426940 -238.691283
93.623499 -231.189848 -239.440297
93.048056 -232.952756 -240.189310
173.676587 86.085112 87.233659
173.509998 84.104630 87.010192
173.343408 82.124148 86.786725
173.176819 80.143665 86.563259
173.010230 78.163183 86.339792
172.843641 76.182700 86.116325
172.677052 74.202218 85.892858
172.510462 72.221735 85.669391
172.343873 70.241253 85.445925
172.177284 68.260771 85.222458
172.010695 66.280288 84.998991
171.844106 64.299806 84.775524
171.677517 62.319323 84.552058
171.510927 60.338841 84.328591
171.344338 58.358358 84.105124
171.177749 56.377876 83.881657
171.011160 54.397394 83.658190
170.844571 52.416911 83.434724
170.677981 50.436429 83.211257
170.511392 48.455946 82.987790
170.344803 46.475464 82.764323
170.178214 44.494981 82.540856
170.011625 42.514499 82.317390
169.845035 40.534017 82.093923
169.678446 38.553534 81.870456
169.511857 36.573052 81.646989
169.345268 34.592569 81.423522
169.178679 32.612087 81.200056
169.012089 30.631604 80.976589
168.845500 28.651122 80.753122
168.678911 26.670640 80.529655
168.512322 24.690157 80.306189
168.345733 22.709675 80.082722
168.179143 20.729192 79.859255
168.012554 18.748710 79.635788
167.845965 16.768228 79.412321
167.679376 14.787745 79.188855
167.512787 12.807263 78.965388
167.346198 10.826780 78.741921
167.179608 8.846298 78.518454
167.013019 6.865815 78.294987
166.846430 4.885333 78.071521
166.679841 2.904851 77.848054
166.513252 0.924368 77.624587
166.346662 -1.056114 77.401120
166.180073 -3.036597 77.177654
166.013484 -5.017079 76.954187
165.846895 -6.997562 76.730720
165.680306 -8.978044 76.507253
165.513716 -10.958526 76.283786
165.347127 -12.939009 76.060320
165.180538 -14.919491 75.836853
165.013949 -16.899974 75.613386
164.847360 -18.880456 75.389919
164.680770 -20.860939 75.166452
164.514181 -22.841421 74.942986
164.347592 -24.821903 74.719519
164.181003 -26.802386 74.496052
164.014414 -28.782868 74.272585
163.847824 -30.763351 74.049118
163.681235 -32.743833 73.825652
163.514646 -34.724316 73.602185
163.348057 -36.704798 73.378718
163.181468 -38.685280 73.155251
163.014879 -40.665763 72.931785
162.848289 -42.646245 72.708318
162.681700 -44.626728 72.484851
162.515111 -46.607210 72.261384
162.348522 -48.587693 72.037917
162.181933 -50.568175 71.814451
284.596716 -35.133996 37.173335
283.402863 -33.600881 36.699758
282.209011 -32.067766 36.226182
281.015158 -30.534651 35.752605
279.821306 -29.001536 35.279028
278.627453 -27.468421 34.805452
277.433601 -25.935306 34.331875
276.239748 -24.402192 33.858298
275.045895 -22.869077 33.384722
273.852043 -21.335962 32.911145
272.658190 -19.802847 32.437569
271.464338 -18.269732 31.963992
270.270485 -16.736617 31.490415
269.076632 -15.203502 31.016839
267.882780 -13.670388 30.543262
266.688927 -12.137273 30.069685
265.495075 -10.604158 29.596109
264.301222 -9.071043 29.122532
263.107370 -7.537928 28.648955
261.913517 -6.004813 28.175379
260.719664 -4.471698 27.701802
259.525812 -2.938583 27.228226
258.331959 -1.405469 26.754649
257.138107 0.127646 26.281072
255.944254 1.660761 25.807496
254.750402 3.193876 25.333919
253.556549 4.726991 24.860342
252.362696 6.260106 24.386766
251.168844 7.793221 23.913189
249.974991 9.326335 23.439612
248.781139 10.859450 22.966036
247.587286 12.392565 22.492459
246.393434 13.925680 22.018883
245.199581 15.458795 21.545306
244.005728 16.991910 21.071729
242.811876 18.525025 20.598153
241.618023 20.058140 20.124576
240.424171 21.591254 19.650999
239.230318 23.124369 19.177423
238.036466 24.657484 18.703846
236.842613 26.190599 18.230269
235.648760 27.723714 17.756693
234.454908 29.256829 17.283116
233.261055 30.789944 16.809540
232.067203 32.323058 16.335963
230.873350 33.856173 15.862386
229.679497 35.389288 15.388810
228.485645 36.922403 14.915233
227.291792 38.455518 14.441656
226.097940 39.988633 13.968080
224.904087 41.521748 13.494503
223.710235 43.054863 13.020926
222.516382 44.587977 12.547350
221.322529 46.121092 12.073773
220.128677 47.654207 11.600197
218.934824 49.187322 11.126620
217.740972 50.720437 10.653043
216.547119 52.253552 10.179467
215.353267 53.786667 9.705890
214.159414 55.319782 9.232313
212.965561 56.852896 8.758737
211.771709 58.386011 8.285160
210.577856 59.919126 7.811583
209.384004 61.452241 7.338007
208.190151 62.985356 6.864430
206.996299 64.518471 6.390854
205.802446 66.051586 5.917277
204.608593 67.584700 5.443700
203.414741 69.117815 4.970124
202.220888 70.650930 4.496547
-154.188532 -174.761005 250.049887
-154.916854 -174.505382 248.204838
-155.645175 -174.249759 246.359790
-156.373497 -173.994137 244.514741
-157.101818 -173.738514 242.669692
-157.830140 -173.482891 240.824644
-158.558462 -173.227269 238.979595
-159.286783 -172.971646 237.134546
-160.015105 -172.716023 235.289498
-160.743427 -172.460400 233.444449
-161.471748 -172.204778 231.599400
-162.200070 -171.949155 229.754352
-162.928392 -171.693532 227.909303
-163.656713 -171.437910 226.064254
-164.385035 -171.182287 224.219206
-165.113357 -170.926664 222.374157
-165.841678 -170.671042 220.529108
-166.570000 -170.415419 218.684060
-167.298322 -170.159796 216.839011
-168.026643 -169.904173 214.993962
-168.754965 -169.648551 213.148914
-169.483287 -169.392928 211.303865
-170.211608 -169.137305 209.458816
-170.939930 -168.881683 207.613768
-171.668252 -168.626060 205.768719
-172.396573 -168.370437 203.923670
-173.124895 -168.114815 202.078622
-173.853217 -167.859192 200.233573
-174.581538 -167.603569 198.388524
-175.309860 -167.347946 196.543476
-176.038182 -167.092324 194.698427
-176.766503 -166.836701 192.853378
-177.494825 -166.581078 191.008330
-178.223147 -166.325456 189.163281
-178.951468 -166.069833 187.318232
-179.679790 -165.814210 185.473184
-180.408112 -165.558588 183.628135
-181.136433 -165.302965 181.783086
-181.864755 -165.047342 179.938038
-182.593077 -164.791720 178.092989
-183.321398 -164.536097 176.247940
-184.049720 -164.280474 174.402892
-184.778041 -164.024851 172.557843
-185.506363 -163.769229 170.712794
-186.234685 -163.513606 168.867746
-186.963006 -163.257983 167.022697
-187.691328 -163.002361 165.177648
-188.419650 -162.746738 163.332599
-189.147971 -162.491115 161.487551
-189.876293 -162.235493 159.642502
-190.604615 -161.979870 157.797453
-191.332936 -161.724247 155.952405
-192.061258 -161.468624 154.107356
-192.789580 -161.213002 152.262307
-193.517901 -160.957379 150.417259
-194.246223 -160.701756 148.572210
-194.974545 -160.446134 146.727161
-195.702866 -160.190511 144.882113
-196.431188 -159.934888 143.037064
-197.159510 -159.679266 141.192015
-197.887831 -159.423643 139.346967
-198.616153 -159.168020 137.501918
-199.344475 -158.912397 135.656869
-200.072796 -158.656775 133.811821
-200.801118 -158.401152 131.966772
-201.529440 -158.145529 130.121723
-202.257761 -157.889907 128.276675
-202.986083 -157.634284 126.431626
-203.714405 -157.378661 124.586577
-204.442726 -157.123039 122.741529
-169.915246 -31.204711 -39.278638
-168.348777 -29.968288 -39.410687
-166.782309 -28.731866 -39.542737
-165.215841 -27.495443 -39.674787
-163.649373 -26.259021 -39.806837
-162.082905 -25.022598 -39.938887
-160.516437 -23.786175 -40.070937
-158.949969 -22.549753 -40.202987
-157.383501 -21.313330 -40.335037
-155.817033 -20.076908 -40.467086
-154.250565 -18.840485 -40.599136
-152.684097 -17.604063 -40.731186
-151.117629 -16.367640 -40.863236
-149.551161 -15.131218 -40.995286
-147.984693 -13.894795 -41.127336
-146.418224 -12.658373 -41.259386
-144.851756 -11.421950 -41.391436
-143.285288 -10.185528 -41.523486
-141.718820 -8.949105 -41.655535
-140.152352 -7.712683 -41.787585
-138.585884 -6.476260 -41.919635
-137.019416 -5.239838 -42.051685
-135.452948 -4.003415 -42.183735
-133.886480 -2.766993 -42.315785
-132.320012 -1.530570 -42.447835
-130.753544 -0.294148 -42.579885
-129.187076 0.942275 -42.711934
-127.620608 2.178697 -42.843984
-126.054140 3.415120 -42.976034
-124.487671 4.651542 -43.108084
-122.921203 5.887965 -43.240134
-121.354735 7.124387 -43.372184
-119.788267 8.360810 -43.504234
-118.221799 9.597232 -43.636284
-116.655331 10.833655 -43.768333
-115.088863 12.070077 -43.900383
-113.522395 13.306500 -44.032433
-111.955927 14.542922 -44.164483
-110.389459 15.779345 -44.296533
-108.822991 17.015767 -44.428583
-107.256523 18.252190 -44.560633
-105.690055 19.488612 -44.692683
-104.123586 20.725035 -44.824732
-102.557118 21.961457 -44.956782
-100.990650 23.197880 -45.088832
-99.424182 24.434302 -45.220882
-97.857714 25.670725 -45.352932
-96.291246 26.907147 -45.484982
-94.724778 28.143570 -45.617032
-93.158310 29.379992 -45.749082
-91.591842 30.616415 -45.881131
-90.025374 31.852837 -46.013181
-88.458906 33.089260 -46.145231
-86.892438 34.325682 -46.277281
-85.325970 35.562105 -46.409331
-83.759502 36.798527 -46.541381
-82.193033 38.034950 -46.673431
-80.626565 39.271372 -46.805481
-79.060097 40.507795 -46.937530
-77.493629 41.744217 -47.069580
-75.927161 42.980640 -47.201630
-74.360693 44.217062 -47.333680
-72.794225 45.453485 -47.465730
-71.227757 46.689907 -47.597780
-69.661289 47.926330 -47.729830
-68.094821 49.162752 -47.861880
-66.528353 50.399175 -47.993929
-64.961885 51.635597 -48.125979
-63.395417 52.872020 -48.258029
-61.828949 54.108442 -48.390079
-221.940654 90.376104 -12.486486
-221.328008 90.656146 -14.369633
-220.715362 90.936188 -16.252779
-220.102716 91.216230 -18.135926
-219.490071 91.496272 -20.019073
-218.877425 91.776314 -21.902220
-218.264779 92.056355 -23.785366
-217.652133 92.336397 -25.668513
-217.039487 92.616439 -27.551660
-216.426842 92.896481 -29.434807
-215.814196 93.176523 -31.317953
-215.201550 93.456565 -33.201100
-214.588904 93.736607 -35.084247
-213.976259 94.016649 -36.967394
-213.363613 94.296691 -38.850540
-212.750967 94.576732 -40.733687
-212.138321 94.856774 -42.616834
-211.525676 95.136816 -44.499981
-210.913030 95.416858 -46.383127
-210.300384 95.696900 -48.266274
-209.687738 95.976942 -50.149421
-209.075093 96.256984 -52.032568
-208.462447 96.537026 -53.915714
-207.849801 96.817068 -55.798861
-207.237155 97.097109 -57.682008
-206.624509 97.377151 -59.565155
-206.011864 97.657193 -61.448301
-205.399218 97.937235 -63.331448
-204.786572 98.217277 -65.214595
-204.173926 98.497319 -67.097742
-203.561281 98.777361 -68.980888
-202.948635 99.057403 -70.864035
-202.335989 99.337445 -72.747182
-201.723343 99.617487 -74.630329
-201.110698 99.897528 -76.513476
-200.498052 100.177570 -78.396622
-199.885406 100.457612 -80.279769
-199.272760 100.737654 -82.162916
-198.660115 101.017696 -84.046063
-198.047469 101.297738 -85.929209
-197.434823 101.577780 -87.812356
-196.822177 101.857822 -89.695503
-196.209531 102.137864 -91.578650
-195.596886 102.417905 -93.461796
-194.984240 102.697947 -95.344943
-194.371594 102.977989 -97.228090
-193.758948 103.258031 -99.111237
-193.146303 103.538073 -100.994383
-192.533657 103.818115 -102.877530
-191.921011 104.098157 -104.760677
-191.308365 104.378199 -106.643824
-190.695720 104.658241 -108.526970
-190.083074 104.938282 -110.410117
-189.470428 105.218324 -112.293264
-188.857782 105.498366 -114.176411
-188.245137 105.778408 -116.059557
-187.632491 106.058450 -117.942704
-187.019845 106.338492 -119.825851
-186.407199 106.618534 -121.708998
-185.794554 106.898576 -123.592144
-185.181908 107.178618 -125.475291
-184.569262 107.458660 -127.358438
-183.956616 107.738701 -129.241585
-183.343970 108.018743 -131.124731
-182.731325 108.298785 -133.007878
-182.118679 108.578827 -134.891025
-181.506033 108.858869 -136.774172
-180.893387 109.138911 -138.657318
-180.280742 109.418953 -140.540465
-179.668096 109.698995 -142.423612
44.240008 122.749681 73.924451
42.852798 123.506054 72.698257
41.465589 124.262427 71.472064
40.078379 125.018800 70.245871
38.691170 125.775173 69.019678
37.303961 126.531547 67.793485
35.916751 127.287920 66.567292
34.529542 128.044293 65.341099
33.142332 128.800666 64.114905
31.755123 129.557039 62.888712
30.367913 130.313412 61.662519
28.980704 131.069785 60.436326
27.593495 131.826159 59.210133
26.206285 132.582532 57.983940
24.819076 133.338905 56.757746
23.431866 134.095278 55.531553
22.044657 134.851651 54.305360
20.657447 135.608024 53.079167
19.270238 136.364398 51.852974
17.883029 137.120771 50.626781
16.495819 137.877144 49.400587
15.108610 138.633517 48.174394
13.721400 139.389890 46.948201
12.334191 140.146263 45.722008
10.946981 140.902636 44.495815
9.559772 141.659010 43.269622
8.172563 142.415383 42.043429
6.785353 143.171756 40.817235
5.398144 143.928129 39.591042
4.010934 144.684502 38.364849
2.623725 145.440875 37.138656
1.236515 146.197248 35.912463
-0.150694 146.953622 34.686270
-1.537903 147.709995 33.460076
-2.925113 148.466368 32.233883
-4.312322 149.222741 31.007690
-5.699532 149.979114 29.781497
-7.086741 150.735487 28.555304
-8.473951 151.491861 27.329111
-9.861160 152.248234 26.102917
-11.248369 153.004607 24.876724
-12.635579 153.760980 23.650531
-14.022788 154.517353 22.424338
-15.409998 155.273726 21.198145
-16.797207 156.030099 19.971952
-18.184417 156.786473 18.745758
-19.571626 157.542846 17.519565
-20.958835 158.299219 16.293372
-22.346045 159.055592 15.067179
-23.733254 159.811965 13.840986
-25.120464 160.568338 12.614793
-26.507673 161.324711 11.388600
-27.894883 162.081085 10.162406
-29.282092 162.837458 8.936213
-30.669301 163.593831 7.710020
-32.056511 164.350204 6.483827
-33.443720 165.106577 5.257634
-34.830930 165.862950 4.031441
-36.218139 166.619324 2.805247
-37.605349 167.375697 1.579054
-38.992558 168.132070 0.352861
-40.379767 168.888443 -0.873332
-41.766977 169.644816 -2.099525
-43.154186 170.401189 -3.325718
-44.541396 171.157562 -4.551912
-45.928605 171.913936 -5.778105
-47.315815 172.670309 -7.004298
-48.703024 173.426682 -8.230491
-50.090233 174.183055 -9.456684
-51.477443 174.939428 -10.682877
39.262571 -12.562478 -89.142312
40.950580 -11.543798 -88.806285
42.638589 -10.525117 -88.470257
44.326599 -9.506436 -88.134230
46.014608 -8.487755 -87.798203
47.702617 -7.469075 -87.462176
49.390626 -6.450394 -87.126148
51.078636 -5.431713 -86.790121
52.766645 -4.413033 -86.454094
54.454654 -3.394352 -86.118067
56.142663 -2.375671 -85.782039
57.830673 -1.356991 -85.446012
59.518682 -0.338310 -85.109985
61.206691 0.680371 -84.773958
62.894701 1.699052 -84.437930
64.582710 2.717732 -84.101903
66.270719 3.736413 -83.765876
67.958728 4.755094 -83.429849
69.646738 5.773774 -83.093821
71.334747 6.792455 -82.757794
73.022756 7.811136 -82.421767
74.710766 8.829816 -82.085740
76.398775 9.848497 -81.749712
78.086784 10.867178 -81.413685
79.774793 11.885859 -81.077658
81.462803 12.904539 -80.741631
83.150812 13.923220 -80.405603
84.838821 14.941901 -80.069576
86.526830 15.960581 -79.733549
88.214840 16.979262 -79.397522
89.902849 17.997943 -79.061494
91.590858 19.016623 -78.725467
93.278868 20.035304 -78.389440
94.966877 21.053985 -78.053413
96.654886 22.072666 -77.717385
98.342895 23.091346 -77.381358
100.030905 24.110027 -77.045331
101.718914 25.128708 -76.709304
103.406923 26.147388 -76.373276
105.094932 27.166069 -76.037249
106.782942 28.184750 -75.701222
108.470951 29.203430 -75.365195
110.158960 30.222111 -75.029167
111.846970 31.240792 -74.693140
113.534979 32.259473 -74.357113
115.222988 33.278153 -74.021086
116.910997 34.296834 -73.685058
118.599007 35.315515 -73.349031
120.287016 36.334195 -73.013004
121.975025 37.352876 -72.676977
123.663035 38.371557 -72.340949
125.351044 39.390238 -72.004922
127.039053 40.408918 -71.668895
128.727062 41.427599 -71.332868
130.415072 42.446280 -70.996840
132.103081 43.464960 -70.660813
133.791090 44.483641 -70.324786
135.479099 45.502322 -69.988759
137.167109 46.521002 -69.652731
138.855118 47.539683 -69.316704
140.543127 48.558364 -68.980677
142.231137 49.577045 -68.644650
143.919146 50.595725 -68.308622
145.607155 51.614406 -67.972595
147.295164 52.633087 -67.636568
148.983174 53.651767 -67.300541
150.671183 54.670448 -66.964513
152.359192 55.689129 -66.628486
154.047201 56.707809 -66.292459
155.735211 57.726490 -65.956432
-174.182292 -153.976565 166.878300
-174.666093 -152.037345 166.951539
-175.149894 -150.098126 167.024778
-175.633695 -148.158906 167.098017
-176.117496 -146.219687 167.171256
-176.601298 -144.280467 167.244495
-177.085099 -142.341247 167.317734
-177.568900 -140.402028 167.390973
-178.052701 -138.462808 167.464212
-178.536502 -136.523589 167.537451
-179.020303 -134.584369 167.610690
-179.504104 -132.645150 167.683929
-179.987906 -130.705930 167.757168
-180.471707 -128.766711 167.830408
-180.955508 -126.827491 167.903647
-181.439309 -124.888271 167.976886
-181.923110 -122.949052 168.050125
-182.406911 -121.009832 168.123364
-182.890712 -119.070613 168.196603
-183.374514 -117.131393 168.269842
-183.858315 -115.192174 168.343081
-184.342116 -113.252954 168.416320
-184.825917 -111.313734 168.489559
-185.309718 -109.374515 168.562798
-185.793519 -107.435295 168.636037
-186.277320 -105.496076 168.709276
-186.761121 -103.556856 168.782515
-187.244923 -101.617637 168.855754
-187.728724 -99.678417 168.928993
-188.212525 -97.739198 169.002232
-188.696326 -95.799978 169.075471
-189.180127 -93.860758 169.148710
-189.663928 -91.921539 169.221949
-190.147729 -89.982319 169.295188
-190.631531 -88.043100 169.368427
-191.115332 -86.103880 169.441667
-191.599133 -84.164661 169.514906
-192.082934 -82.225441 169.588145
-192.566735 -80.286222 169.661384
-193.050536 -78.347002 169.734623
-193.534337 -76.407782 169.807862
-194.018139 -74.468563 169.881101
-194.501940 -72.529343 169.954340
-194.985741 -70.590124 170.027579
-195.469542 -68.650904 170.100818
-195.953343 -66.711685 170.174057
-196.437144 -64.772465 170.247296
-196.920945 -62.833245 170.320535
-197.404746 -60.894026 170.393774
-197.888548 -58.954806 170.467013
-198.372349 -57.015587 170.540252
-198.856150 -55.076367 170.613491
-199.339951 -53.137148 170.686730
-199.823752 -51.197928 170.759969
-200.307553 -49.258709 170.833208
-200.791354 -47.319489 170.906447
-201.275156 -45.380269 170.979687
-201.758957 -43.441050 171.052926
-202.242758 -41.501830 171.126165
-202.726559 -39.562611 171.199404
-203.210360 -37.623391 171.272643
-203.694161 -35.684172 171.345882
-204.177962 -33.744952 171.419121
-204.661764 -31.805733 171.492360
-205.145565 -29.866513 171.565599
-205.629366 -27.927293 171.638838
-206.113167 -25.988074 171.712077
-206.596968 -24.048854 171.785316
-207.080769 -22.109635 171.858555
-207.564570 -20.170415 171.931794
-28.701340 -77.395727 -75.650754
-27.277072 -76.085615 -75.145712
-25.852804 -74.775504 -74.640669
-24.428536 -73.465392 -74.135627
-23.004268 -72.155280 -73.630584
-21.580000 -70.845169 -73.125542
-20.155732 -69.535057 -72.620499
-18.731464 -68.224945 -72.115457
-17.307196 -66.914833 -71.610414
-15.882928 -65.604722 -71.105372
-14.458660 -64.294610 -70.600329
-13.034392 -62.984498 -70.095287
-11.610124 -61.674386 -69.590244
-10.185856 -60.364275 -69.085202
-8.761589 -59.054163 -68.580159
-7.337321 -57.744051 -68.075116
-5.913053 -56.433939 -67.570074
-4.488785 -55.123828 -67.065031
-3.064517 -53.813716 -66.559989
-1.640249 -52.503604 -66.054946
-0.215981 -51.193493 -65.549904
1.208287 -49.883381 -65.044861
2.632555 -48.573269 -64.539819
4.056823 -47.263157 -64.034776
5.481091 -45.953046 -63.529734
6.905359 -44.642934 -63.024691
8.329627 -43.332822 -62.519649
9.753895 -42.022710 -62.014606
11.178163 -40.712599 -61.509564
12.602431 -39.402487 -61.004521
14.026699 -38.092375 -60.499479
15.450967 -36.782264 -59.994436
16.875235 -35.472152 -59.489394
18.299503 -34.162040 -58.984351
19.723771 -32.851928 -58.479309
21.148039 -31.541817 -57.974266
22.572307 -30.231705 -57.469224
23.996575 -28.921593 -56.964181
25.420843 -27.611481 -56.459139
26.845111 -26.301370 -55.954096
28.269379 -24.991258 -55.449054
29.693647 -23.681146 -54.944011
31.117915 -22.371035 -54.438969
32.542183 -21.060923 -53.933926
33.966451 -19.750811 -53.428884
35.390719 -18.440699 -52.923841
36.814987 -17.130588 -52.418799
38.239255 -15.820476 -51.913756
39.663523 -14.510364 -51.408714
41.087791 -13.200252 -50.903671
42.512059 -11.890141 -50.398629
43.936327 -10.580029 -49.893586
45.360595 -9.269917 -49.388543
46.784863 -7.959806 -48.883501
48.209131 -6.649694 -48.378458
49.633399 -5.339582 -47.873416
51.057667 -4.029470 -47.368373
52.481935 -2.719359 -46.863331
53.906203 -1.409247 -46.358288
55.330471 -0.099135 -45.853246
56.754739 1.210977 -45.348203
58.179007 2.521088 -44.843161
59.603275 3.831200 -44.338118
61.027543 5.141312 -43.833076
62.451811 6.451424 -43.328033
63.876079 7.761535 -42.822991
65.300347 9.071647 -42.317948
66.724615 10.381759 -41.812906
68.148883 11.691870 -41.307863
69.573151 13.001982 -40.802821
71.483635 -75.018081 7.173584
69.490356 -75.173624 7.225045
67.497078 -75.329167 7.276507
65.503800 -75.484710 7.327969
63.510522 -75.640253 7.379430
61.517243 -75.795796 7.430892
59.523965 -75.951339 7.482353
57.530687 -76.106882 7.533815
55.537409 -76.262425 7.585276
53.544131 -76.417968 7.636738
51.550852 -76.573511 7.688199
49.557574 -76.729054 7.739661
47.564296 -76.884597 7.791122
45.571018 -77.040140 7.842584
43.577739 -77.195683 7.894045
41.584461 -77.351226 7.945507
39.591183 -77.506769 7.996968
37.597905 -77.662312 8.048430
35.604627 -77.817855 8.099891
33.611348 -77.973398 8.151353
31.618070 -78.128941 8.202814
29.624792 -78.284484 8.254276
27.631514 -78.440027 8.305738
25.638235 -78.595570 8.357199
23.644957 -78.751113 8.408661
21.651679 -78.906656 8.460122
19.658401 -79.062199 8.511584
17.665123 -79.217743 8.563045
15.671844 -79.373286 8.614507
13.678566 -79.528829 8.665968
11.685288 -79.684372 8.717430
9.692010 -79.839915 8.768891
7.698731 -79.995458 8.820353
5.705453 -80.151001 8.871814
3.712175 -80.306544 8.923276
1.718897 -80.462087 8.974737
-0.274381 -80.617630 9.026199
-2.267660 -80.773173 9.077660
-4.260938 -80.928716 9.129122
-6.254216 -81.084259 9.180584
-8.247494 -81.239802 9.232045
-10.240773 -81.395345 9.283507
-12.234051 -81.550888 9.334968
-14.227329 -81.706431 9.386430
-16.220607 -81.861974 9.437891
-18.213886 -82.017517 9.489353
-20.207164 -82.173060 9.540814
-22.200442 -82.328603 9.592276
-24.193720 -82.484146 9.643737
-26.186998 -82.639689 9.695199
-28.180277 -82.795232 9.746660
-30.173555 -82.950775 9.798122
-32.166833 -83.106318 9.849583
-34.160111 -83.261861 9.901045
-36.153390 -83.417404 9.952506
-38.146668 -83.572947 10.003968
-40.139946 -83.728490 10.055429
-42.133224 -83.884033 10.106891
-44.126502 -84.039576 10.158353
-46.119781 -84.195119 10.209814
-48.113059 -84.350662 10.261276
-50.106337 -84.506205 10.312737
-52.099615 -84.661748 10.364199
-54.092894 -84.817291 10.415660
-56.086172 -84.972834 10.467122
-58.079450 -85.128377 10.518583
-60.072728 -85.283920 10.570045
-62.066006 -85.439463 10.621506
-64.059285 -85.595006 10.672968
-66.052563 -85.750550 10.724429
135.712796 -187.715411 197.298257
133.932654 -188.441706 196.747267
132.152511 -189.168000 196.196277
130.372369 -189.894295 195.645287
128.592227 -190.620589 195.094297
126.812085 -191.346884 194.543307
125.031943 -192.073179 193.992316
123.251801 -192.799473 193.441326
121.471659 -193.525768 192.890336
119.691516 -194.252062 192.339346
117.911374 -194.978357 191.788356
116.131232 -195.704651 191.237366
114.351090 -196.430946 190.686376
112.570948 -197.157241 190.135385
110.790806 -197.883535 189.584395
109.010664 -198.609830 189.033405
107.230521 -199.336124 188.482415
105.450379 -200.062419 187.931425
103.670237 -200.788713 187.380435
101.890095 -201.515008 186.829445
100.109953 -202.241302 186.278454
98.329811 -202.967597 185.727464
96.549668 -203.693892 185.176474
94.769526 -204.420186 184.625484
92.989384 -205.146481 184.074494
91.209242 -205.872775 183.523504
89.429100 -206.599070 182.972513
87.648958 -207.325364 182.421523
85.868816 -208.051659 181.870533
84.088673 -208.777953 181.319543
82.308531 -209.504248 180.768553
80.528389 -210.230543 180.217563
78.748247 -210.956837 179.666573
76.968105 -211.683132 179.115582
75.187963 -212.409426 178.564592
73.407821 -213.135721 178.013602
71.627678 -213.862015 177.462612
69.847536 -214.588310 176.911622
68.067394 -215.314605 176.360632
66.287252 -216.040899 175.809642
64.507110 -216.767194 175.258651
62.726968 -217.493488 174.707661
60.946825 -218.219783 174.156671
59.166683 -218.946077 173.605681
57.386541 -219.672372 173.054691
55.606399 -220.398666 172.503701
53.826257 -221.124961 171.952711
52.046115 -221.851256 171.401720
50.265973 -222.577550 170.850730
48.485830 -223.303845 170.299740
46.705688 -224.030139 169.748750
44.925546 -224.756434 169.197760
43.145404 -225.482728 168.646770
41.365262 -226.209023 168.095780
39.585120 -226.935317 167.544789
37.804978 -227.661612 166.993799
36.024835 -228.387907 166.442809
34.244693 -229.114201 165.891819
32.464551 -229.840496 165.340829
30.684409 -230.566790 164.789839
28.904267 -231.293085 164.238849
27.124125 -232.019379 163.687858
25.343983 -232.745674 163.136868
23.563840 -233.471969 162.585878
21.783698 -234.198263 162.034888
20.003556 -234.924558 161.483898
18.223414 -235.650852 160.932908
16.443272 -236.377147 160.381917
14.663130 -237.103441 159.830927
12.882987 -237.829736 159.279937
-80.505727 67.655569 136.203932
-79.461841 66.522422 134.928675
-78.417955 65.389275 133.653418
-77.374069 64.256129 132.378162
-76.330183 63.122982 131.102905
-75.286297 61.989835 129.827648
-74.242411 60.856688 128.552391
-73.198524 59.723542 127.277134
-72.154638 58.590395 126.001877
-71.110752 57.457248 124.726620
-70.066866 56.324102 123.451363
-69.022980 55.190955 122.176106
-67.979094 54.057808 120.900849
-66.935208 52.924661 119.625592
-65.891322 51.791515 118.350335
-64.847436 50.658368 117.075078
-63.803550 49.525221 115.799821
-62.759664 48.392075 114.524564
-61.715778 47.258928 113.249307
-60.671891 46.125781 111.974050
-59.628005 44.992634 110.698793
-58.584119 43.859488 109.423536
-57.540233 42.726341 108.148279
-56.496347 41.593194 106.873022
-55.452461 40.460048 105.597765
-54.408575 39.326901 104.322508
-53.364689 38.193754 103.047251
-52.320803 37.060607 101.771994
-51.276917 35.927461 100.496737
-50.233031 34.794314 99.221480
-49.189144 33.661167 97.946223
-48.145258 32.528021 96.670966
-47.101372 31.394874 95.395709
-46.057486 30.261727 94.120452
-45.013600 29.128580 92.845195
-43.969714 27.995434 91.569938
-42.925828 26.862287 90.294681
-41.881942 25.729140 89.019424
-40.838056 24.595994 87.744167
-39.794170 23.462847 86.468910
-38.750284 22.329700 85.193653
-37.706397 21.196553 83.918396
-36.662511 20.063407 82.643139
-35.618625 18.930260 81.367882
-34.574739 17.797113 80.092626
-33.530853 16.663966 78.817369
-32.486967 15.530820 77.542112
-31.443081 14.397673 76.266855
-30.399195 13.264526 74.991598
-29.355309 12.131380 73.716341
-28.311423 10.998233 72.441084
-27.267537 9.865086 71.165827
-26.223651 8.731939 69.890570
-25.179764 7.598793 68.615313
-24.135878 6.465646 67.340056
-23.091992 5.332499 66.064799
-22.048106 4.199353 64.789542
-21.004220 3.066206 63.514285
-19.960334 1.933059 62.239028
-18.916448 0.799912 60.963771
-17.872562 -0.333234 59.688514
-16.828676 -1.466381 58.413257
-15.784790 -2.599528 57.138000
-14.740904 -3.732674 55.862743
-13.697017 -4.865821 54.587486
-12.653131 -5.998968 53.312229
-11.609245 -7.132115 52.036972
-10.565359 -8.265261 50.761715
-9.521473 -9.398408 49.486458
-8.477587 -10.531555 48.211201
-174.342032 -201.701373 173.656344
-173.523955 -200.331068 172.450933
-172.705878 -198.960763 171.245523
-171.887802 -197.590458 170.040113
-171.069725 -196.220152 168.834702
-170.251649 -194.849847 167.629292
-169.433572 -193.479542 166.423882
-168.615495 -192.109237 165.218471
-167.797419 -190.738931 164.013061
-166.979342 -189.368626 162.807651
-166.161266 -187.998321 161.602240
-165.343189 -186.628015 160.396830
-164.525112 -185.257710 159.191420
-163.707036 -183.887405 157.986009
-162.888959 -182.517100 156.780599
-162.070882 -181.146794 155.575189
-161.252806 -179.776489 154.369778
-160.434729 -178.406184 153.164368
-159.616653 -177.035879 151.958958
-158.798576 -175.665573 150.753547
-157.980499 -174.295268 149.548137
-157.162423 -172.924963 148.342727
-156.344346 -171.554657 147.137316
-155.526269 -170.184352 145.931906
-154.708193 -168.814047 144.726496
-153.890116 -167.443742 143.521085
-153.072040 -166.073436 142.315675
-152.253963 -164.703131 141.110265
-151.435886 -163.332826 139.904854
-150.617810 -161.962521 138.699444
-149.799733 -160.592215 137.494033
-148.981657 -159.221910 136.288623
-148.163580 -157.851605 135.083213
-147.345503 -156.481299 133.877802
-146.527427 -155.110994 132.672392
-145.709350 -153.740689 131.466982
-144.891273 -152.370384 130.261571
-144.073197 -151.000078 129.056161
-143.255120 -149.629773 127.850751
-142.437044 -148.259468 126.645340
-141.618967 -146.889162 125.439930
-140.800890 -145.518857 124.234520
-139.982814 -144.148552 123.029109
-139.164737 -142.778247 121.823699
-138.346660 -141.407941 120.618289
-137.528584 -140.037636 119.412878
-136.710507 -138.667331 118.207468
-135.892431 -137.297026 117.002058
-135.074354 -135.926720 115.796647
-134.256277 -134.556415 114.591237
-133.438201 -133.186110 113.385827
-132.620124 -131.815804 112.180416
-131.802048 -130.445499 110.975006
-130.983971 -129.075194 109.769596
-130.165894 -127.704889 108.564185
-129.347818 -126.334583 107.358775
-128.529741 -124.964278 106.153364
-127.711664 -123.593973 104.947954
-126.893588 -122.223668 103.742544
-126.075511 -120.853362 102.537133
-125.257435 -119.483057 101.331723
-124.439358 -118.112752 100.126313
-123.621281 -116.742446 98.920902
-122.803205 -115.372141 97.715492
-121.985128 -114.001836 96.510082
-121.167051 -112.631531 95.304671
-120.348975 -111.261225 94.099261
-119.530898 -109.890920 92.893851
-118.712822 -108.520615 91.688440
-117.894745 -107.150310 90.483030
4.785558 -128.187425 15.338846
5.490347 -129.201743 13.765813
6.195135 -130.216061 12.192781
6.899923 -131.230380 10.619748
7.604712 -132.244698 9.046715
8.309500 -133.259016 7.473682
9.014288 -134.273334 5.900650
9.719076 -135.287653 4.327617
10.423865 -136.301971 2.754584
11.128653 -137.316289 1.181552
11.833441 -138.330607 -0.391481
12.538229 -139.344926 -1.964514
13.243018 -140.359244 -3.537547
13.947806 -141.373562 -5.110579
14.652594 -142.387880 -6.683612
15.357383 -143.402199 -8.256645
16.062171 -144.416517 -9.829678
16.766959 -145.430835 -11.402710
17.471747 -146.445153 -12.975743
18.176536 -147.459472 -14.548776
18.881324 -148.473790 -16.121809
19.586112 -149.488108 -17.694841
20.290901 -150.502426 -19.267874
20.995689 -151.516745 -20.840907
21.700477 -152.531063 -22.413939
22.405265 -153.545381 -23.986972
23.110054 -154.559699 -25.560005
23.814842 -155.574018 -27.133038
24.519630 -156.588336 -28.706070
25.224418 -157.602654 -30.279103
25.929207 -158.616972 -31.852136
26.633995 -159.631291 -33.425169
27.338783 -160.645609 -34.998201
28.043572 -161.659927 -36.571234
28.748360 -162.674245 -38.144267
29.453148 -163.688564 -39.717299
30.157936 -164.702882 -41.290332
30.862725 -165.717200 -42.863365
31.567513 -166.731518 -44.436398
32.272301 -167.745837 -46.009430
32.977090 -168.760155 -47.582463
33.681878 -169.774473 -49.155496
34.386666 -170.788791 -50.728529
35.091454 -171.803110 -52.301561
35.796243 -172.817428 -53.874594
36.501031 -173.831746 -55.447627
37.205819 -174.846064 -57.020660
37.910607 -175.860383 -58.593692
38.615396 -176.874701 -60.166725
39.320184 -177.889019 -61.739758
40.024972 -178.903337 -63.312790
40.729761 -179.917656 -64.885823
41.434549 -180.931974 -66.458856
42.139337 -181.946292 -68.031889
42.844125 -182.960610 -69.604921
43.548914 -183.974929 -71.177954
44.253702 -184.989247 -72.750987
44.958490 -186.003565 -74.324020
45.663278 -187.017883 -75.897052
46.368067 -188.032202 -77.470085
47.072855 -189.046520 -79.043118
47.777643 -190.060838 -80.616151
48.482432 -191.075156 -82.189183
49.187220 -192.089475 -83.762216
49.892008 -193.103793 -85.335249
50.596796 -194.118111 -86.908281
51.301585 -195.132429 -88.481314
52.006373 -196.146748 -90.054347
52.711161 -197.161066 -91.627380
53.415950 -198.175384 -93.200412
90.380012 -118.155412 -13.440496
88.425510 -117.977054 -13.825350
86.471009 -117.798695 -14.210203
84.516507 -117.620336 -14.595057
82.562006 -117.441978 -14.979911
80.607504 -117.263619 -15.364764
78.653003 -117.085260 -15.749618
76.698502 -116.906902 -16.134472
74.744000 -116.728543 -16.519326
72.789499 -116.550184 -16.904179
70.834997 -116.371826 -17.289033
68.880496 -116.193467 -17.673887
66.925995 -116.015108 -18.058741
64.971493 -115.836750 -18.443594
63.016992 -115.658391 -18.828448
61.062490 -115.480032 -19.213302
59.107989 -115.301674 -19.598156
57.153487 -115.123315 -19.983009
55.198986 -114.944956 -20.367863
53.244485 -114.766598 -20.752717
51.289983 -114.588239 -21.137571
49.335482 -114.409880 -21.522424
47.380980 -114.231522 -21.907278
45.426479 -114.053163 -22.292132
43.471978 -113.874804 -22.676986
41.517476 -113.696446 -23.061839
39.562975 -113.518087 -23.446693
37.608473 -113.339728 -23.831547
35.653972 -113.161370 -24.216401
33.699470 -112.983011 -24.601254
31.744969 -112.804652 -24.986108
29.790468 -112.626294 -25.370962
27.835966 -112.447935 -25.755816
25.881465 -112.269576 -26.140669
23.926963 -112.091218 -26.525523
21.972462 -111.912859 -26.910377
20.017961 -111.734500 -27.295230
18.063459 -111.556142 -27.680084
16.108958 -111.377783 -28.064938
14.154456 -111.199424 -28.449792
12.199955 -111.021066 -28.834645
10.245453 -110.842707 -29.219499
8.290952 -110.664348 -29.604353
6.336451 -110.485990 -29.989207
4.381949 -110.307631 -30.374060
2.427448 -110.129272 -30.758914
0.472946 -109.950914 -31.143768
-1.481555 -109.772555 -31.528622
-3.436056 -109.594196 -31.913475
-5.390558 -109.415838 -32.298329
-7.345059 -109.237479 -32.683183
-9.299561 -109.059121 -33.068037
-11.254062 -108.880762 -33.452890
-13.208564 -108.702403 -33.837744
-15.163065 -108.524045 -34.222598
-17.117566 -108.345686 -34.607452
-19.072068 -108.167327 -34.992305
-21.026569 -107.988969 -35.377159
-22.981071 -107.810610 -35.762013
-24.935572 -107.632251 -36.146867
-26.890073 -107.453893 -36.531720
-28.844575 -107.275534 -36.916574
-30.799076 -107.097175 -37.301428
-32.753578 -106.918817 -37.686282
-34.708079 -106.740458 -38.071135
-36.662581 -106.562099 -38.455989
-38.617082 -106.383741 -38.840843
-40.571583 -106.205382 -39.225696
-42.526085 -106.027023 -39.610550
-44.480586 -105.848665 -39.995404
232.853410 258.183028 -46.832028
233.576638 256.628174 -45.802771
234.299866 255.073320 -44.773513
235.023093 253.518466 -43.744256
235.746321 251.963612 -42.714998
236.469548 250.408758 -41.685741
237.192776 248.853904 -40.656483
237.916004 247.299050 -39.627226
238.639231 245.744195 -38.597969
239.362459 244.189341 -37.568711
240.085686 242.634487 -36.539454
240.808914 241.079633 -35.510196
241.532142 239.524779 -34.480939
242.255369 237.969925 -33.451682
242.978597 236.415071 -32.422424
243.701825 234.860217 -31.393167
244.425052 233.305363 -30.363909
245.148280 231.750509 -29.334652
245.871507 230.195655 -28.305394
246.594735 228.640801 -27.276137
247.317963 227.085947 -26.246880
248.041190 225.531093 -25.217622
248.764418 223.976239 -24.188365
249.487645 222.421385 -23.159107
250.210873 220.866531 -22.129850
250.934101 219.311677 -21.100593
251.657328 217.756823 -20.071335
252.380556 216.201969 -19.042078
253.103783 214.647115 -18.012820
253.827011 213.092261 -16.983563
254.550239 211.537407 -15.954306
255.273466 209.982553 -14.925048
255.996694 208.427699 -13.895791
256.719921 206.872845 -12.866533
257.443149 205.317991 -11.837276
258.166377 203.763137 -10.808018
258.889604 202.208283 -9.778761
259.612832 200.653429 -8.749504
260.336059 199.098575 -7.720246
261.059287 197.543721 -6.690989
261.782515 195.988867 -5.661731
262.505742 194.434013 -4.632474
263.228970 192.879159 -3.603217
263.952197 191.324305 -2.573959
264.675425 189.769451 -1.544702
265.398653 188.214597 -0.515444
266.121880 186.659743 0.513813
266.845108 185.104889 1.543071
267.568335 183.550035 2.572328
268.291563 181.995181 3.601585
269.014791 180.440327 4.630843
269.738018 178.885473 5.660100
270.461246 177.330619 6.689358
271.184474 175.775765 7.718615
271.907701 174.220911 8.747872
272.630929 172.666057 9.777130
273.354156 171.111203 10.806387
274.077384 169.556349 11.835645
274.800612 168.001495 12.864902
275.523839 166.446641 13.894160
276.247067 164.891787 14.923417
276.970294 163.336933 15.952674
277.693522 161.782079 16.981932
278.416750 160.227225 18.011189
279.139977 158.672371 19.040447
279.863205 157.117517 20.069704
280.586432 155.562663 21.098961
281.309660 154.007809 22.128219
282.032888 152.452955 23.157476
282.756115 150.898101 24.186734
-106.548073 -191.589898 234.536306
-107.348760 -189.792377 234.178790
-108.149447 -187.994855 233.821273
-108.950133 -186.197334 233.463757
-109.750820 -184.399813 233.106241
-110.551507 -182.602291 232.748725
-111.352193 -180.804770 232.391208
-112.152880 -179.007249 232.033692
-112.953567 -177.209727 231.676176
-113.754253 -175.412206 231.318660
-114.554940 -173.614685 230.961143
-115.355627 -171.817163 230.603627
-116.156313 -170.019642 230.246111
-116.957000 -168.222121 229.888595
-117.757687 -166.424599 229.531078
-118.558373 -164.627078 229.173562
-119.359060 -162.829557 228.816046
-120.159747 -161.032035 228.458530
-120.960433 -159.234514 228.101013
-121.761120 -157.436993 227.743497
-122.561807 -155.639471 227.385981
-123.362493 -153.841950 227.028464
-124.163180 -152.044428 226.670948
-124.963866 -150.246907 226.313432
-125.764553 -148.449386 225.955916
-126.565240 -146.651864 225.598399
-127.365926 -144.854343 225.240883
-128.166613 -143.056822 224.883367
-128.967300 -141.259300 224.525851
-129.767986 -139.461779 224.168334
-130.568673 -137.664258 223.810818
-131.369360 -135.866736 223.453302
-132.170046 -134.069215 223.095786
-132.970733 -132.271694 222.738269
-133.771420 -130.474172 222.380753
-134.572106 -128.676651 222.023237
-135.372793 -126.879130 221.665721
-136.173480 -125.081608 221.308204
-136.974166 -123.284087 220.950688
-137.774853 -121.486565 220.593172
-138.575540 -119.689044 220.235656
-139.376226 -117.891523 219.878139
-140.176913 -116.094001 219.520623
-140.977600 -114.296480 219.163107
-141.778286 -112.498959 218.805591
-142.578973 -110.701437 218.448074
-143.379660 -108.903916 218.090558
-144.180346 -107.106395 217.733042
-144.981033 -105.308873 217.375526
-145.781720 -103.511352 217.018009
-146.582406 -101.713831 216.660493
-147.383093 -99.916309 216.302977
-148.183779 -98.118788 215.945461
-148.984466 -96.321267 215.587944
-149.785153 -94.523745 215.230428
-150.585839 -92.726224 214.872912
-151.386526 -90.928703 214.515396
-152.187213 -89.131181 214.157879
-152.987899 -87.333660 213.800363
-153.788586 -85.536138 213.442847
-154.589273 -83.738617 213.085331
-155.389959 -81.941096 212.727814
-156.190646 -80.143574 212.370298
-156.991333 -78.346053 212.012782
-157.792019 -76.548532 211.655266
-158.592706 -74.751010 211.297749
-159.393393 -72.953489 210.940233
-160.194079 -71.155968 210.582717
-160.994766 -69.358446 210.225201
-161.795453 -67.560925 209.867684
21.563614 -39.074844 132.804058
22.568900 -37.518682 133.557557
23.574186 -35.962520 134.311056
24.579472 -34.406359 135.064555
25.584758 -32.850197 135.818054
26.590044 -31.294035 136.571554
27.595330 -29.737874 137.325053
28.600615 -28.181712 138.078552
29.605901 -26.625550 138.832051
30.611187 -25.069389 139.585550
31.616473 -23.513227 140.339049
32.621759 -21.957065 141.092549
33.627045 -20.400904 141.846048
34.632331 -18.844742 142.599547
35.637617 -17.288580 143.353046
36.642903 -15.732418 144.106545
37.648189 -14.176257 144.860044
38.653475 -12.620095 145.613544
39.658761 -11.063933 146.367043
40.664047 -9.507772 147.120542
41.669333 -7.951610 147.874041
42.674618 -6.395448 148.627540
43.679904 -4.839287 149.381039
44.685190 -3.283125 150.134539
45.690476 -1.726963 150.888038
46.695762 -0.170802 151.641537
47.701048 1.385360 152.395036
48.706334 2.941522 153.148535
49.711620 4.497684 153.902034
50.716906 6.053845 154.655534
51.722192 7.610007 155.409033
52.727478 9.166169 156.162532
53.732764 10.722330 156.916031
54.738050 12.278492 157.669530
55.743336 13.834654 158.423029
56.748621 15.390815 159.176529
57.753907 16.946977 159.930028
58.759193 18.503139 160.683527
59.764479 20.059300 161.437026
60.769765 21.615462 162.190525
61.775051 23.171624 162.944024
62.780337 24.727786 163.697524
63.785623 26.283947 164.451023
64.790909 27.840109 165.204522
65.796195 29.396271 165.958021
66.801481 30.952432 166.711520
67.806767 32.508594 167.465019
68.812053 34.064756 168.218519
69.817339 35.620917 168.972018
70.822624 37.177079 169.725517
71.827910 38.733241 170.479016
72.833196 40.289402 171.232515
73.838482 41.845564 171.986014
74.843768 43.401726 172.739514
75.849054 44.957888 173.493013
76.854340 46.514049 174.246512
77.859626 48.070211 175.000011
78.864912 49.626373 175.753510
79.870198 51.182534 176.507009
80.875484 52.738696 177.260509
81.880770 54.294858 178.014008
82.886056 55.851019 178.767507
83.891342 57.407181 179.521006
84.896627 58.963343 180.274505
85.901913 60.519504 181.028004
86.907199 62.075666 181.781504
87.912485 63.631828 182.535003
88.917771 65.187989 183.288502
89.923057 66.744151 184.042001
90.928343 68.300313 184.795500
48.830009 -46.309785 67.996270
47.538397 -47.756809 67.508561
46.246785 -49.203833 67.020853
44.955173 -50.650857 66.533144
43.663561 -52.097880 66.045435
42.371949 -53.544904 65.557726
41.080337 -54.991928 65.070017
39.788724 -56.438952 64.582308
38.497112 -57.885976 64.094599
37.205500 -59.333000 63.606890
35.913888 -60.780024 63.119182
34.622276 -62.227048 62.631473
33.330664 -63.674072 62.143764
32.039052 -65.121096 61.656055
30.747440 -66.568120 61.168346
29.455828 -68.015144 60.680637
28.164216 -69.462167 60.192928
26.872603 -70.909191 59.705219
25.580991 -72.356215 59.217510
24.289379 -73.803239 58.729802
22.997767 -75.250263 58.242093
21.706155 -76.697287 57.754384
20.414543 -78.144311 57.266675
19.122931 -79.591335 56.778966
17.831319 -81.038359 56.291257
16.539707 -82.485383 55.803548
15.248095 -83.932407 55.315839
13.956482 -85.379431 54.828131
12.664870 -86.826455 54.340422
11.373258 -88.273478 53.852713
10.081646 -89.720502 53.365004
8.790034 -91.167526 52.877295
7.498422 -92.614550 52.389586
6.206810 -94.061574 51.901877
4.915198 -95.508598 51.414168
3.623586 -96.955622 50.926459
2.331973 -98.402646 50.438751
1.040361 -99.849670 49.951042
-0.251251 -101.296694 49.463333
-1.542863 -102.743718 48.975624
-2.834475 -104.190742 48.487915
-4.126087 -105.637765 48.000206
-5.417699 -107.084789 47.512497
-6.709311 -108.531813 47.024788
-8.000923 -109.978837 46.537079
-9.292535 -111.425861 46.049371
-10.584148 -112.872885 45.561662
-11.875760 -114.319909 45.073953
-13.167372 -115.766933 44.586244
-14.458984 -117.213957 44.098535
-15.750596 -118.660981 43.610826
-17.042208 -120.108005 43.123117
-18.333820 -121.555029 42.635408
-19.625432 -123.002052 42.147700
-20.917044 -124.449076 41.659991
-22.208657 -125.896100 41.172282
-23.500269 -127.343124 40.684573
-24.791881 -128.790148 40.196864
-26.083493 -130.237172 39.709155
-27.375105 -131.684196 39.221446
-28.666717 -133.131220 38.733737
-29.958329 -134.578244 38.246028
-31.249941 -136.025268 37.758320
-32.541553 -137.472292 37.270611
-33.833165 -138.919316 36.782902
-35.124778 -140.366339 36.295193
-36.416390 -141.813363 35.807484
-37.708002 -143.260387 35.319775
-38.999614 -144.707411 34.832066
-40.291226 -146.154435 34.344357
126.922158 126.776761 180.350790
128.526190 125.719331 179.794982
130.130221 124.661900 179.239173
131.734253 123.604470 178.683365
133.338285 122.547040 178.127557
134.942317 121.489610 177.571748
136.546349 120.432179 177.015940
138.150381 119.374749 176.460131
139.754413 118.317319 175.904323
141.358445 117.259889 175.348515
142.962477 116.202459 174.792706
144.566509 115.145028 174.236898
146.170541 114.087598 173.681090
147.774572 113.030168 173.125281
149.378604 111.972738 172.569473
150.982636 110.915307 172.013664
152.586668 109.857877 171.457856
154.190700 108.800447 170.902048
155.794732 107.743017 170.346239
157.398764 106.685587 169.790431
159.002796 105.628156 169.234622
160.606828 104.570726 168.678814
162.210860 103.513296 168.123006
163.814892 102.455866 167.567197
165.418923 101.398435 167.011389
167.022955 100.341005 166.455581
168.626987 99.283575 165.899772
170.231019 98.226145 165.343964
171.835051 97.168715 164.788155
173.439083 96.111284 164.232347
175.043115 95.053854 163.676539
176.647147 93.996424 163.120730
178.251179 92.938994 162.564922
179.855211 91.881563 162.009113
181.459243 90.824133 161.453305
183.063274 89.766703 160.897497
184.667306 88.709273 160.341688
186.271338 87.651843 159.785880
187.875370 86.594412 159.230072
189.479402 85.536982 158.674263
191.083434 84.479552 158.118455
192.687466 83.422122 157.562646
194.291498 82.364691 157.006838
195.895530 81.307261 156.451030
197.499562 80.249831 155.895221
199.103594 79.192401 155.339413
200.707625 78.134971 154.783604
202.311657 77.077540 154.227796
203.915689 76.020110 153.671988
205.519721 74.962680 153.116179
207.123753 73.905250 152.560371
208.727785 72.847819 152.004563
210.331817 71.790389 151.448754
211.935849 70.732959 150.892946
213.539881 69.675529 150.337137
215.143913 68.618099 149.781329
216.747945 67.560668 149.225521
218.351976 66.503238 148.669712
219.956008 65.445808 148.113904
221.560040 64.388378 147.558095
223.164072 63.330947 147.002287
224.768104 62.273517 146.446479
226.372136 61.216087 145.890670
227.976168 60.158657 145.334862
229.580200 59.101227 144.779054
231.184232 58.043796 144.223245
232.788264 56.986366 143.667437
234.392296 55.928936 143.111628
235.996327 54.871506 142.555820
237.600359 53.814075 142.000012
-16.522699 157.987841 -270.617230
-14.528341 158.137792 -270.610151
-12.533983 158.287743 -270.603073
-10.539625 158.437693 -270.595995
-8.545266 158.587644 -270.588917
-6.550908 158.737595 -270.581839
-4.556550 158.887545 -270.574760
-2.562192 159.037496 -270.567682
-0.567833 159.187446 -270.560604
1.426525 159.337397 -270.553526
3.420883 159.487348 -270.546448
5.415241 159.637298 -270.539370
7.409599 159.787249 -270.532291
9.403958 159.937200 -270.525213
11.398316 160.087150 -270.518135
13.392674 160.237101 -270.511057
15.387032 160.387051 -270.503979
17.381390 160.537002 -270.496901
19.375749 160.686953 -270.489822
21.370107 160.836903 -270.482744
23.364465 160.986854 -270.475666
25.358823 161.136805 -270.468588
27.353182 161.286755 -270.461510
29.347540 161.436706 -270.454432
31.341898 161.586657 -270.447353
33.336256 161.736607 -270.440275
35.330614 161.886558 -270.433197
37.324973 162.036508 -270.426119
39.319331 162.186459 -270.419041
41.313689 162.336410 -270.411963
43.308047 162.486360 -270.404884
45.302406 162.636311 -270.397806
47.296764 162.786262 -270.390728
49.291122 162.936212 -270.383650
51.285480 163.086163 -270.376572
53.279838 163.236114 -270.369493
55.274197 163.386064 -270.362415
57.268555 163.536015 -270.355337
59.262913 163.685965 -270.348259
61.257271 163.835916 -270.341181
63.251630 163.985867 -270.334103
65.245988 164.135817 -270.327024
67.240346 164.285768 -270.319946
69.234704 164.435719 -270.312868
71.229062 164.585669 -270.305790
73.223421 164.735620 -270.298712
75.217779 164.885570 -270.291634
77.212137 165.035521 -270.284555
79.206495 165.185472 -270.277477
81.200854 165.335422 -270.270399
83.195212 165.485373 -270.263321
85.189570 165.635324 -270.256243
87.183928 165.785274 -270.249165
89.178286 165.935225 -270.242086
91.172645 166.085176 -270.235008
93.167003 166.235126 -270.227930
95.161361 166.385077 -270.220852
97.155719 166.535027 -270.213774
99.150077 166.684978 -270.206696
101.144436 166.834929 -270.199617
103.138794 166.984879 -270.192539
105.133152 167.134830 -270.185461
107.127510 167.284781 -270.178383
109.121869 167.434731 -270.171305
111.116227 167.584682 -270.164226
113.110585 167.734632 -270.157148
115.104943 167.884583 -270.150070
117.099301 168.034534 -270.142992
119.093660 168.184484 -270.135914
121.088018 168.334435 -270.128836
-154.986510 26.165548 -178.149372
-156.058847 27.849649 -178.031490
-157.131185 29.533750 -177.913607
-158.203523 31.217851 -177.795725
-159.275861 32.901951 -177.677843
-160.348199 34.586052 -177.559961
-161.420536 36.270153 -177.442079
-162.492874 37.954254 -177.324197
-163.565212 39.638355 -177.206315
-164.637550 41.322455 -177.088432
-165.709888 43.006556 -176.970550
-166.782226 44.690657 -176.852668
-167.854563 46.374758 -176.734786
-168.926901 48.058858 -176.616904
-169.999239 49.742959 -176.499022
-171.071577 51.427060 -176.381139
-172.143915 53.111161 -176.263257
-173.216253 54.795261 -176.145375
-174.288590 56.479362 -176.027493
-175.360928 58.163463 -175.909611
-176.433266 59.847564 -175.791729
-177.505604 61.531664 -175.673847
-178.577942 63.215765 -175.555964
-179.650280 64.899866 -175.438082
-180.722617 66.583967 -175.320200
-181.794955 68.268068 -175.202318
-182.867293 69.952168 -175.084436
-183.939631 71.636269 -174.966554
-185.011969 73.320370 -174.848671
-186.084306 75.004471 -174.730789
-187.156644 76.688571 -174.612907
-188.228982 78.372672 -174.495025
-189.301320 80.056773 -174.377143
-190.373658 81.740874 -174.259261
-191.445996 83.424974 -174.141378
-192.518333 85.109075 -174.023496
-193.590671 86.793176 -173.905614
-194.663009 88.477277 -173.787732
-195.735347 90.161378 -173.669850
-196.807685 91.845478 -173.551968
-197.880023 93.529579 -173.434086
-198.952360 95.213680 -173.316203
-200.024698 96.897781 -173.198321
-201.097036 98.581881 -173.080439
-202.169374 100.265982 -172.962557
-203.241712 101.950083 -172.844675
-204.314049 103.634184 -172.726793
-205.386387 105.318284 -172.608910
-206.458725 107.002385 -172.491028
-207.531063 108.686486 -172.373146
-208.603401 110.370587 -172.255264
-209.675739 112.054687 -172.137382
-210.748076 113.738788 -172.019500
-211.820414 115.422889 -171.901618
-212.892752 117.106990 -171.783735
-213.965090 118.791091 -171.665853
-215.037428 120.475191 -171.547971
-216.109766 122.159292 -171.430089
-217.182103 123.843393 -171.312207
-218.254441 125.527494 -171.194325
-219.326779 127.211594 -171.076442
-220.399117 128.895695 -170.958560
-221.471455 130.579796 -170.840678
-222.543792 132.263897 -170.722796
-223.616130 133.947997 -170.604914
-224.688468 135.632098 -170.487032
-225.760806 137.316199 -170.369150
-226.833144 139.000300 -170.251267
-227.905482 140.684400 -170.133385
-228.977819 142.368501 -170.015503
134.979476 234.497758 14.111304
136.036781 234.063180 15.752415
137.094087 233.628602 17.393526
138.151393 233.194025 19.034638
139.208699 232.759447 20.675749
140.266005 232.324869 22.316860
141.323311 231.890291 23.957972
142.380617 231.455714 25.599083
143.437923 231.021136 27.240194
144.495229 230.586558 28.881305
145.552535 230.151980 30.522417
146.609841 229.717402 32.163528
147.667147 229.282825 33.804639
148.724453 228.848247 35.445751
149.781759 228.413669 37.086862
150.839065 227.979091 38.727973
151.896371 227.544514 40.369084
152.953677 227.109936 42.010196
154.010983 226.675358 43.651307
155.068289 226.240780 45.292418
156.125595 225.806203 46.933530
157.182901 225.371625 48.574641
158.240207 224.937047 50.215752
159.297513 224.502469 51.856863
160.354819 224.067892 53.497975
161.412125 223.633314 55.139086
162.469431 223.198736 56.780197
163.526737 222.764158 58.421309
164.584043 222.329580 60.062420
165.641349 221.895003 61.703531
166.698655 221.460425 63.344642
167.755961 221.025847 64.985754
168.813266 220.591269 66.626865
169.870572 220.156692 68.267976
170.927878 219.722114 69.909088
171.985184 219.287536 71.550199
173.042490 218.852958 73.191310
174.099796 218.418381 74.832422
175.157102 217.983803 76.473533
176.214408 217.549225 78.114644
177.271714 217.114647 79.755755
178.329020 216.680070 81.396867
179.386326 216.245492 83.037978
180.443632 215.810914 84.679089
181.500938 215.376336 86.320201
182.558244 214.941758 87.961312
183.615550 214.507181 89.602423
184.672856 214.072603 91.243534
185.730162 213.638025 92.884646
186.787468 213.203447 94.525757
187.844774 212.768870 96.166868
188.902080 212.334292 97.807980
189.959386 211.899714 99.449091
191.016692 211.465136 101.090202
192.073998 211.030559 102.731313
193.131304 210.595981 104.372425
194.188610 210.161403 106.013536
195.245916 209.726825 107.654647
196.303222 209.292248 109.295759
197.360528 208.857670 110.936870
198.417834 208.423092 112.577981
199.475140 207.988514 114.219092
200.532445 207.553936 115.860204
201.589751 207.119359 117.501315
202.647057 206.684781 119.142426
203.704363 206.250203 120.783538
204.761669 205.815625 122.424649
205.818975 205.381048 124.065760
206.876281 204.946470 125.706871
207.933587 204.511892 127.347983
-60.980831 87.274174 60.080721
-62.172265 85.768353 60.640174
-63.363699 84.262531 61.199626
-64.555133 82.756710 61.759079
-65.746567 81.250889 62.318532
-66.938001 79.745068 62.877985
-68.129435 78.239246 63.437438
-69.320869 76.733425 63.996891
-70.512303 75.227604 64.556344
-71.703737 73.721782 65.115797
-72.895171 72.215961 65.675249
-74.086605 70.710140 66.234702
-75.278038 69.204319 66.794155
-76.469472 67.698497 67.353608
-77.660906 66.192676 67.913061
-78.852340 64.686855 68.472514
-80.043774 63.181034 69.031967
-81.235208 61.675212 69.591420
-82.426642 60.169391 70.150872
-83.618076 58.663570 70.710325
-84.809510 57.157748 71.269778
-86.000944 55.651927 71.829231
-87.192378 54.146106 72.388684
-88.383812 52.640285 72.948137
-89.575246 51.134463 73.507590
-90.766679 49.628642 74.067042
-91.958113 48.122821 74.626495
-93.149547 46.617000 75.185948
-94.340981 45.111178 75.745401
-95.532415 43.605357 76.304854
-96.723849 42.099536 76.864307
-97.915283 40.593714 77.423760
-99.106717 39.087893 77.983213
-100.298151 37.582072 78.542665
-101.489585 36.076251 79.102118
-102.681019 34.570429 79.661571
-103.872453 33.064608 80.221024
-105.063887 31.558787 80.780477
-106.255320 30.052966 81.339930
-107.446754 28.547144 81.899383
-108.638188 27.041323 82.458836
-109.829622 25.535502 83.018288
-111.021056 24.029680 83.577741
-112.212490 22.523859 84.137194
-113.403924 21.018038 84.696647
-114.595358 19.512217 85.256100
-115.786792 18.006395 85.815553
-116.978226 16.500574 86.375006
-118.169660 14.994753 86.934458
-119.361094 13.488932 87.493911
-120.552527 11.983110 88.053364
-121.743961 10.477289 88.612817
-122.935395 8.971468 89.172270
-124.126829 7.465647 89.731723
-125.318263 5.959825 90.291176
-126.509697 4.454004 90.850629
-127.701131 2.948183 91.410081
-128.892565 1.442361 91.969534
-130.083999 -0.063460 92.528987
-131.275433 -1.569281 93.088440
-132.466867 -3.075102 93.647893
-133.658301 -4.580924 94.207346
-134.849735 -6.086745 94.766799
-136.041168 -7.592566 95.326251
-137.232602 -9.098387 95.885704
-138.424036 -10.604209 96.445157
-139.615470 -12.110030 97.004610
-140.806904 -13.615851 97.564063
-141.998338 -15.121673 98.123516
-143.189772 -16.627494 98.682969
-198.965046 90.543350 -132.194379
-198.665094 92.460025 -131.708183
-198.365142 94.376700 -131.221987
-198.065189 96.293374 -130.735790
-197.765237 98.210049 -130.249594
-197.465285 100.126724 -129.763398
-197.165333 102.043398 -129.277201
-196.865380 103.960073 -128.791005
-196.565428 105.876748 -128.304809
-196.265476 107.793422 -127.818612
-195.965524 109.710097 -127.332416
-195.665572 111.626772 -126.846220
-195.365619 113.543446 -126.360024
-195.065667 115.460121 -125.873827
-194.765715 117.376796 -125.387631
-194.465763 119.293470 -124.901435
-194.165811 121.210145 -124.415238
-193.865858 123.126820 -123.929042
-193.565906 125.043494 -123.442846
-193.265954 126.960169 -122.956649
-192.966002 128.876844 -122.470453
-192.666049 130.793518 -121.984257
-192.366097 132.710193 -121.498060
-192.066145 134.626868 -121.011864
-191.766193 136.543543 -120.525668
-191.466241 138.460217 -120.039471
-191.166288 140.376892 -119.553275
-190.866336 142.293567 -119.067079
-190.566384 144.210241 -118.580882
-190.266432 146.126916 -118.094686
-189.966479 148.043591 -117.608490
-189.666527 149.960265 -117.122294
-189.366575 151.876940 -116.636097
-189.066623 153.793615 -116.149901
-188.766671 155.710289 -115.663705
-188.466718 157.626964 -115.177508
-188.166766 159.543639 -114.691312
-187.866814 161.460313 -114.205116
-187.566862 163.376988 -113.718919
-187.266910 165.293663 -113.232723
-186.966957 167.210337 -112.746527
-186.667005 169.127012 -112.260330
-186.367053 171.043687 -111.774134
-186.067101 172.960361 -111.287938
-185.767148 174.877036 -110.801741
-185.467196 176.793711 -110.315545
-185.167244 178.710385 -109.829349
-184.867292 180.627060 -109.343152
-184.567340 182.543735 -108.856956
-184.267387 184.460409 -108.370760
-183.967435 186.377084 -107.884564
-183.667483 188.293759 -107.398367
-183.367531 190.210433 -106.912171
-183.067578 192.127108 -106.425975
-182.767626 194.043783 -105.939778
-182.467674 195.960457 -105.453582
-182.167722 197.877132 -104.967386
-181.867770 199.793807 -104.481189
-181.567817 201.710481 -103.994993
-181.267865 203.627156 -103.508797
-180.967913 205.543831 -103.022600
-180.667961 207.460505 -102.536404
-180.368009 209.377180 -102.050208
-180.068056 211.293855 -101.564011
-179.768104 213.210530 -101.077815
-179.468152 215.127204 -100.591619
-179.168200 217.043879 -100.105422
-178.868247 218.960554 -99.619226
-178.568295 220.877228 -99.133030
-178.268343 222.793903 -98.646834
