9.799013 -325.945045 219.065028
11.749443 -325.507256 219.000486
13.699872 -325.069467 218.935943
15.650301 -324.631678 218.871401
17.600731 -324.193889 218.806859
19.551160 -323.756100 218.742317
21.501590 -323.318311 218.677775
23.452019 -322.880523 218.613232
25.402449 -322.442734 218.548690
27.352878 -322.004945 218.484148
29.303308 -321.567156 218.419606
31.253737 -321.129367 218.355064
33.204167 -320.691578 218.290522
35.154596 -320.253789 218.225979
37.105026 -319.816000 218.161437
39.055455 -319.378211 218.096895
41.005885 -318.940422 218.032353
42.956314 -318.502633 217.967811
44.906744 -318.064844 217.903268
46.857173 -317.627055 217.838726
48.807603 -317.189266 217.774184
50.758032 -316.751477 217.709642
52.708461 -316.313688 217.645100
54.658891 -315.875899 217.580557
56.609320 -315.438110 217.516015
58.559750 -315.000321 217.451473
60.510179 -314.562532 217.386931
62.460609 -314.124743 217.322389
64.411038 -313.686954 217.257846
66.361468 -313.249166 217.193304
68.311897 -312.811377 217.128762
70.262327 -312.373588 217.064220
72.212756 -311.935799 216.999678
74.163186 -311.498010 216.935135
76.113615 -311.060221 216.870593
78.064045 -310.622432 216.806051
80.014474 -310.184643 216.741509
81.964904 -309.746854 216.676967
83.915333 -309.309065 216.612424
85.865763 -308.871276 216.547882
87.816192 -308.433487 216.483340
89.766622 -307.995698 216.418798
91.717051 -307.557909 216.354256
93.667480 -307.120120 216.289713
95.617910 -306.682331 216.225171
97.568339 -306.244542 216.160629
99.518769 -305.806753 216.096087
101.469198 -305.368964 216.031545
103.419628 -304.931175 215.967003
105.370057 -304.493386 215.902460
107.320487 -304.055597 215.837918
109.270916 -303.617809 215.773376
111.221346 -303.180020 215.708834
113.171775 -302.742231 215.644292
115.122205 -302.304442 215.579749
117.072634 -301.866653 215.515207
119.023064 -301.428864 215.450665
120.973493 -300.991075 215.386123
122.923923 -300.553286 215.321581
124.874352 -300.115497 215.257038
126.824782 -299.677708 215.192496
128.775211 -299.239919 215.127954
130.725640 -298.802130 215.063412
132.676070 -298.364341 214.998870
134.626499 -297.926552 214.934327
136.576929 -297.488763 214.869785
138.527358 -297.050974 214.805243
140.477788 -296.613185 214.740701
142.428217 -296.175396 214.676159
144.378647 -295.737607 214.611616
-347.851505 -61.164746 -73.826592
-346.799696 -62.052233 -75.277820
-345.747887 -62.939721 -76.729049
-344.696078 -63.827208 -78.180277
-343.644269 -64.714696 -79.631505
-342.592460 -65.602184 -81.082733
-341.540651 -66.489671 -82.533962
-340.488842 -67.377159 -83.985190
-339.437033 -68.264646 -85.436418
-338.385224 -69.152134 -86.887647
-337.333415 -70.039622 -88.338875
-336.281606 -70.927109 -89.790103
-335.229797 -71.814597 -91.241331
-334.177988 -72.702085 -92.692560
-333.126179 -73.589572 -94.143788
-332.074370 -74.477060 -95.595016
-331.022561 -75.364547 -97.046245
-329.970752 -76.252035 -98.497473
-328.918943 -77.139523 -99.948701
-327.867134 -78.027010 -101.399929
-326.815325 -78.914498 -102.851158
-325.763516 -79.801985 -104.302386
-324.711707 -80.689473 -105.753614
-323.659898 -81.576961 -107.204843
-322.608089 -82.464448 -108.656071
-321.556280 -83.351936 -110.107299
-320.504471 -84.239423 -111.558527
-319.452661 -85.126911 -113.009756
-318.400852 -86.014399 -114.460984
-317.349043 -86.901886 -115.912212
-316.297234 -87.789374 -117.363441
-315.245425 -88.676862 -118.814669
-314.193616 -89.564349 -120.265897
-313.141807 -90.451837 -121.717125
-312.089998 -91.339324 -123.168354
-311.038189 -92.226812 -124.619582
-309.986380 -93.114300 -126.070810
-308.934571 -94.001787 -127.522039
-307.882762 -94.889275 -128.973267
-306.830953 -95.776762 -130.424495
-305.779144 -96.664250 -131.875723
-304.727335 -97.551738 -133.326952
-303.675526 -98.439225 -134.778180
-302.623717 -99.326713 -136.229408
-301.571908 -100.214200 -137.680636
-300.520099 -101.101688 -139.131865
-299.468290 -101.989176 -140.583093
-298.416481 -102.876663 -142.034321
-297.364672 -103.764151 -143.485550
-296.312863 -104.651639 -144.936778
-295.261054 -105.539126 -146.388006
-294.209245 -106.426614 -147.839234
-293.157436 -107.314101 -149.290463
-292.105627 -108.201589 -150.741691
-291.053818 -109.089077 -152.192919
-290.002009 -109.976564 -153.644148
-288.950200 -110.864052 -155.095376
-287.898391 -111.751539 -156.546604
-286.846582 -112.639027 -157.997832
-285.794773 -113.526515 -159.449061
-284.742964 -114.414002 -160.900289
-283.691155 -115.301490 -162.351517
-282.639346 -116.188977 -163.802746
-281.587537 -117.076465 -165.253974
-280.535728 -117.963953 -166.705202
-279.483919 -118.851440 -168.156430
-278.432110 -119.738928 -169.607659
-277.380301 -120.626416 -171.058887
-276.328492 -121.513903 -172.510115
-275.276683 -122.401391 -173.961344
327.918744 72.067296 -169.909564
327.978947 72.072568 -167.910477
328.039151 72.077840 -165.911391
328.099355 72.083112 -163.912304
328.159559 72.088385 -161.913217
328.219762 72.093657 -159.914130
328.279966 72.098929 -157.915044
328.340170 72.104201 -155.915957
328.400373 72.109473 -153.916870
328.460577 72.114745 -151.917784
328.520781 72.120017 -149.918697
328.580985 72.125289 -147.919610
328.641188 72.130561 -145.920523
328.701392 72.135833 -143.921437
328.761596 72.141105 -141.922350
328.821800 72.146377 -139.923263
328.882003 72.151649 -137.924177
328.942207 72.156921 -135.925090
329.002411 72.162193 -133.926003
329.062614 72.167465 -131.926916
329.122818 72.172737 -129.927830
329.183022 72.178009 -127.928743
329.243226 72.183282 -125.929656
329.303429 72.188554 -123.930569
329.363633 72.193826 -121.931483
329.423837 72.199098 -119.932396
329.484041 72.204370 -117.933309
329.544244 72.209642 -115.934223
329.604448 72.214914 -113.935136
329.664652 72.220186 -111.936049
329.724855 72.225458 -109.936962
329.785059 72.230730 -107.937876
329.845263 72.236002 -105.938789
329.905467 72.241274 -103.939702
329.965670 72.246546 -101.940616
330.025874 72.251818 -99.941529
330.086078 72.257090 -97.942442
330.146282 72.262362 -95.943355
330.206485 72.267634 -93.944269
330.266689 72.272906 -91.945182
330.326893 72.278178 -89.946095
330.387096 72.283451 -87.947009
330.447300 72.288723 -85.947922
330.507504 72.293995 -83.948835
330.567708 72.299267 -81.949748
330.627911 72.304539 -79.950662
330.688115 72.309811 -77.951575
330.748319 72.315083 -75.952488
330.808523 72.320355 -73.953401
330.868726 72.325627 -71.954315
330.928930 72.330899 -69.955228
330.989134 72.336171 -67.956141
331.049337 72.341443 -65.957055
331.109541 72.346715 -63.957968
331.169745 72.351987 -61.958881
331.229949 72.357259 -59.959794
331.290152 72.362531 -57.960708
331.350356 72.367803 -55.961621
331.410560 72.373075 -53.962534
331.470764 72.378348 -51.963448
331.530967 72.383620 -49.964361
331.591171 72.388892 -47.965274
331.651375 72.394164 -45.966187
331.711578 72.399436 -43.967101
331.771782 72.404708 -41.968014
331.831986 72.409980 -39.968927
331.892190 72.415252 -37.969841
331.952393 72.420524 -35.970754
332.012597 72.425796 -33.971667
332.072801 72.431068 -31.972580
-161.320930 29.242074 255.763044
-161.615080 27.444925 254.936163
-161.909230 25.647776 254.109283
-162.203380 23.850627 253.282402
-162.497529 22.053478 252.455522
-162.791679 20.256329 251.628642
-163.085829 18.459180 250.801761
-163.379979 16.662031 249.974881
-163.674128 14.864881 249.148000
-163.968278 13.067732 248.321120
-164.262428 11.270583 247.494239
-164.556578 9.473434 246.667359
-164.850728 7.676285 245.840478
-165.144877 5.879136 245.013598
-165.439027 4.081987 244.186717
-165.733177 2.284838 243.359837
-166.027327 0.487689 242.532957
-166.321477 -1.309460 241.706076
-166.615626 -3.106609 240.879196
-166.909776 -4.903758 240.052315
-167.203926 -6.700907 239.225435
-167.498076 -8.498056 238.398554
-167.792225 -10.295205 237.571674
-168.086375 -12.092354 236.744793
-168.380525 -13.889503 235.917913
-168.674675 -15.686652 235.091032
-168.968825 -17.483801 234.264152
-169.262974 -19.280950 233.437272
-169.557124 -21.078099 232.610391
-169.851274 -22.875248 231.783511
-170.145424 -24.672397 230.956630
-170.439573 -26.469546 230.129750
-170.733723 -28.266695 229.302869
-171.027873 -30.063844 228.475989
-171.322023 -31.860993 227.649108
-171.616173 -33.658142 226.822228
-171.910322 -35.455291 225.995347
-172.204472 -37.252440 225.168467
-172.498622 -39.049589 224.341586
-172.792772 -40.846738 223.514706
-173.086921 -42.643887 222.687826
-173.381071 -44.441036 221.860945
-173.675221 -46.238185 221.034065
-173.969371 -48.035334 220.207184
-174.263521 -49.832483 219.380304
-174.557670 -51.629632 218.553423
-174.851820 -53.426781 217.726543
-175.145970 -55.223930 216.899662
-175.440120 -57.021079 216.072782
-175.734269 -58.818229 215.245901
-176.028419 -60.615378 214.419021
-176.322569 -62.412527 213.592141
-176.616719 -64.209676 212.765260
-176.910869 -66.006825 211.938380
-177.205018 -67.803974 211.111499
-177.499168 -69.601123 210.284619
-177.793318 -71.398272 209.457738
-178.087468 -73.195421 208.630858
-178.381617 -74.992570 207.803977
-178.675767 -76.789719 206.977097
-178.969917 -78.586868 206.150216
-179.264067 -80.384017 205.323336
-179.558217 -82.181166 204.496456
-179.852366 -83.978315 203.669575
-180.146516 -85.775464 202.842695
-180.440666 -87.572613 202.015814
-180.734816 -89.369762 201.188934
-181.028965 -91.166911 200.362053
-181.323115 -92.964060 199.535173
-181.617265 -94.761209 198.708292
59.509075 -77.682857 -25.945756
60.054016 -79.605570 -26.024573
60.598956 -81.528284 -26.103390
61.143897 -83.450998 -26.182207
61.688837 -85.373711 -26.261024
62.233778 -87.296425 -26.339841
62.778718 -89.219139 -26.418658
63.323659 -91.141852 -26.497475
63.868599 -93.064566 -26.576292
64.413539 -94.987280 -26.655109
64.958480 -96.909993 -26.733926
65.503420 -98.832707 -26.812743
66.048361 -100.755420 -26.891559
66.593301 -102.678134 -26.970376
67.138242 -104.600848 -27.049193
67.683182 -106.523561 -27.128010
68.228123 -108.446275 -27.206827
68.773063 -110.368989 -27.285644
69.318003 -112.291702 -27.364461
69.862944 -114.214416 -27.443278
70.407884 -116.137130 -27.522095
70.952825 -118.059843 -27.600912
71.497765 -119.982557 -27.679729
72.042706 -121.905271 -27.758546
72.587646 -123.827984 -27.837363
73.132587 -125.750698 -27.916179
73.677527 -127.673412 -27.994996
74.222467 -129.596125 -28.073813
74.767408 -131.518839 -28.152630
75.312348 -133.441553 -28.231447
75.857289 -135.364266 -28.310264
76.402229 -137.286980 -28.389081
76.947170 -139.209694 -28.467898
77.492110 -141.132407 -28.546715
78.037051 -143.055121 -28.625532
78.581991 -144.977835 -28.704349
79.126931 -146.900548 -28.783166
79.671872 -148.823262 -28.861983
80.216812 -150.745976 -28.940799
80.761753 -152.668689 -29.019616
81.306693 -154.591403 -29.098433
81.851634 -156.514117 -29.177250
82.396574 -158.436830 -29.256067
82.941515 -160.359544 -29.334884
83.486455 -162.282257 -29.413701
84.031395 -164.204971 -29.492518
84.576336 -166.127685 -29.571335
85.121276 -168.050398 -29.650152
85.666217 -169.973112 -29.728969
86.211157 -171.895826 -29.807786
86.756098 -173.818539 -29.886603
87.301038 -175.741253 -29.965419
87.845979 -177.663967 -30.044236
88.390919 -179.586680 -30.123053
88.935859 -181.509394 -30.201870
89.480800 -183.432108 -30.280687
90.025740 -185.354821 -30.359504
90.570681 -187.277535 -30.438321
91.115621 -189.200249 -30.517138
91.660562 -191.122962 -30.595955
92.205502 -193.045676 -30.674772
92.750443 -194.968390 -30.753589
93.295383 -196.891103 -30.832406
93.840323 -198.813817 -30.911223
94.385264 -200.736531 -30.990039
94.930204 -202.659244 -31.068856
95.475145 -204.581958 -31.147673
96.020085 -206.504672 -31.226490
96.565026 -208.427385 -31.305307
97.109966 -210.350099 -31.384124
367.115817 293.599187 271.145364
365.821057 295.120399 271.047846
364.526297 296.641612 270.950329
363.231536 298.162824 270.852811
361.936776 299.684036 270.755294
360.642016 301.205248 270.657776
359.347256 302.726460 270.560259
358.052496 304.247672 270.462742
356.757736 305.768885 270.365224
355.462975 307.290097 270.267707
354.168215 308.811309 270.170189
352.873455 310.332521 270.072672
351.578695 311.853733 269.975154
350.283935 313.374945 269.877637
348.989175 314.896158 269.780119
347.694414 316.417370 269.682602
346.399654 317.938582 269.585084
345.104894 319.459794 269.487567
343.810134 320.981006 269.390050
342.515374 322.502218 269.292532
341.220613 324.023430 269.195015
339.925853 325.544643 269.097497
338.631093 327.065855 268.999980
337.336333 328.587067 268.902462
336.041573 330.108279 268.804945
334.746813 331.629491 268.707427
333.452052 333.150703 268.609910
332.157292 334.671916 268.512392
330.862532 336.193128 268.414875
329.567772 337.714340 268.317358
328.273012 339.235552 268.219840
326.978252 340.756764 268.122323
325.683491 342.277976 268.024805
324.388731 343.799189 267.927288
323.093971 345.320401 267.829770
321.799211 346.841613 267.732253
320.504451 348.362825 267.634735
319.209691 349.884037 267.537218
317.914930 351.405249 267.439700
316.620170 352.926462 267.342183
315.325410 354.447674 267.244666
314.030650 355.968886 267.147148
312.735890 357.490098 267.049631
311.441130 359.011310 266.952113
310.146369 360.532522 266.854596
308.851609 362.053735 266.757078
307.556849 363.574947 266.659561
306.262089 365.096159 266.562043
304.967329 366.617371 266.464526
303.672569 368.138583 266.367009
302.377808 369.659795 266.269491
301.083048 371.181008 266.171974
299.788288 372.702220 266.074456
298.493528 374.223432 265.976939
297.198768 375.744644 265.879421
295.904007 377.265856 265.781904
294.609247 378.787068 265.684386
293.314487 380.308281 265.586869
292.019727 381.829493 265.489351
290.724967 383.350705 265.391834
289.430207 384.871917 265.294317
288.135446 386.393129 265.196799
286.840686 387.914341 265.099282
285.545926 389.435553 265.001764
284.251166 390.956766 264.904247
282.956406 392.477978 264.806729
281.661646 393.999190 264.709212
280.366885 395.520402 264.611694
279.072125 397.041614 264.514177
277.777365 398.562826 264.416659
27.271728 -378.358009 -48.125204
28.279529 -376.630697 -48.098176
29.287331 -374.903386 -48.071147
30.295132 -373.176074 -48.044119
31.302933 -371.448762 -48.017091
32.310734 -369.721450 -47.990062
33.318536 -367.994138 -47.963034
34.326337 -366.266826 -47.936006
35.334138 -364.539515 -47.908977
36.341939 -362.812203 -47.881949
37.349740 -361.084891 -47.854921
38.357542 -359.357579 -47.827892
39.365343 -357.630267 -47.800864
40.373144 -355.902955 -47.773836
41.380945 -354.175644 -47.746808
42.388747 -352.448332 -47.719779
43.396548 -350.721020 -47.692751
44.404349 -348.993708 -47.665723
45.412150 -347.266396 -47.638694
46.419951 -345.539084 -47.611666
47.427753 -343.811773 -47.584638
48.435554 -342.084461 -47.557609
49.443355 -340.357149 -47.530581
50.451156 -338.629837 -47.503553
51.458958 -336.902525 -47.476524
52.466759 -335.175213 -47.449496
53.474560 -333.447902 -47.422468
54.482361 -331.720590 -47.395439
55.490163 -329.993278 -47.368411
56.497964 -328.265966 -47.341383
57.505765 -326.538654 -47.314355
58.513566 -324.811343 -47.287326
59.521367 -323.084031 -47.260298
60.529169 -321.356719 -47.233270
61.536970 -319.629407 -47.206241
62.544771 -317.902095 -47.179213
63.552572 -316.174783 -47.152185
64.560374 -314.447472 -47.125156
65.568175 -312.720160 -47.098128
66.575976 -310.992848 -47.071100
67.583777 -309.265536 -47.044071
68.591579 -307.538224 -47.017043
69.599380 -305.810912 -46.990015
70.607181 -304.083601 -46.962986
71.614982 -302.356289 -46.935958
72.622783 -300.628977 -46.908930
73.630585 -298.901665 -46.881901
74.638386 -297.174353 -46.854873
75.646187 -295.447041 -46.827845
76.653988 -293.719730 -46.800817
77.661790 -291.992418 -46.773788
78.669591 -290.265106 -46.746760
79.677392 -288.537794 -46.719732
80.685193 -286.810482 -46.692703
81.692995 -285.083170 -46.665675
82.700796 -283.355859 -46.638647
83.708597 -281.628547 -46.611618
84.716398 -279.901235 -46.584590
85.724199 -278.173923 -46.557562
86.732001 -276.446611 -46.530533
87.739802 -274.719299 -46.503505
88.747603 -272.991988 -46.476477
89.755404 -271.264676 -46.449448
90.763206 -269.537364 -46.422420
91.771007 -267.810052 -46.395392
92.778808 -266.082740 -46.368364
93.786609 -264.355429 -46.341335
94.794410 -262.628117 -46.314307
95.802212 -260.900805 -46.287279
96.810013 -259.173493 -46.260250
-227.429314 -323.859600 -98.926953
-227.475096 -322.758141 -100.595693
-227.520878 -321.656682 -102.264433
-227.566660 -320.555223 -103.933172
-227.612442 -319.453764 -105.601912
-227.658223 -318.352306 -107.270652
-227.704005 -317.250847 -108.939392
-227.749787 -316.149388 -110.608131
-227.795569 -315.047929 -112.276871
-227.841351 -313.946470 -113.945611
-227.887132 -312.845011 -115.614351
-227.932914 -311.743552 -117.283090
-227.978696 -310.642093 -118.951830
-228.024478 -309.540634 -120.620570
-228.070260 -308.439176 -122.289310
-228.116041 -307.337717 -123.958049
-228.161823 -306.236258 -125.626789
-228.207605 -305.134799 -127.295529
-228.253387 -304.033340 -128.964269
-228.299169 -302.931881 -130.633008
-228.344951 -301.830422 -132.301748
-228.390732 -300.728963 -133.970488
-228.436514 -299.627505 -135.639228
-228.482296 -298.526046 -137.307967
-228.528078 -297.424587 -138.976707
-228.573860 -296.323128 -140.645447
-228.619641 -295.221669 -142.314187
-228.665423 -294.120210 -143.982926
-228.711205 -293.018751 -145.651666
-228.756987 -291.917292 -147.320406
-228.802769 -290.815833 -148.989146
-228.848550 -289.714375 -150.657885
-228.894332 -288.612916 -152.326625
-228.940114 -287.511457 -153.995365
-228.985896 -286.409998 -155.664105
-229.031678 -285.308539 -157.332844
-229.077460 -284.207080 -159.001584
-229.123241 -283.105621 -160.670324
-229.169023 -282.004162 -162.339063
-229.214805 -280.902703 -164.007803
-229.260587 -279.801245 -165.676543
-229.306369 -278.699786 -167.345283
-229.352150 -277.598327 -169.014022
-229.397932 -276.496868 -170.682762
-229.443714 -275.395409 -172.351502
-229.489496 -274.293950 -174.020242
-229.535278 -273.192491 -175.688981
-229.581060 -272.091032 -177.357721
-229.626841 -270.989574 -179.026461
-229.672623 -269.888115 -180.695201
-229.718405 -268.786656 -182.363940
-229.764187 -267.685197 -184.032680
-229.809969 -266.583738 -185.701420
-229.855750 -265.482279 -187.370160
-229.901532 -264.380820 -189.038899
-229.947314 -263.279361 -190.707639
-229.993096 -262.177902 -192.376379
-230.038878 -261.076444 -194.045119
-230.084659 -259.974985 -195.713858
-230.130441 -258.873526 -197.382598
-230.176223 -257.772067 -199.051338
-230.222005 -256.670608 -200.720078
-230.267787 -255.569149 -202.388817
-230.313569 -254.467690 -204.057557
-230.359350 -253.366231 -205.726297
-230.405132 -252.264772 -207.395037
-230.450914 -251.163314 -209.063776
-230.496696 -250.061855 -210.732516
-230.542478 -248.960396 -212.401256
-230.588259 -247.858937 -214.069996
210.090493 253.164820 -297.201241
208.940908 251.532666 -297.080714
207.791324 249.900511 -296.960188
206.641739 248.268356 -296.839662
205.492155 246.636202 -296.719135
204.342570 245.004047 -296.598609
203.192986 243.371892 -296.478083
202.043401 241.739738 -296.357556
200.893817 240.107583 -296.237030
199.744232 238.475428 -296.116504
198.594647 236.843274 -295.995977
197.445063 235.211119 -295.875451
196.295478 233.578964 -295.754925
195.145894 231.946810 -295.634398
193.996309 230.314655 -295.513872
192.846725 228.682500 -295.393346
191.697140 227.050346 -295.272819
190.547556 225.418191 -295.152293
189.397971 223.786037 -295.031767
188.248387 222.153882 -294.911240
187.098802 220.521727 -294.790714
185.949218 218.889573 -294.670187
184.799633 217.257418 -294.549661
183.650049 215.625263 -294.429135
182.500464 213.993109 -294.308608
181.350879 212.360954 -294.188082
180.201295 210.728799 -294.067556
179.051710 209.096645 -293.947029
177.902126 207.464490 -293.826503
176.752541 205.832335 -293.705977
175.602957 204.200181 -293.585450
174.453372 202.568026 -293.464924
173.303788 200.935871 -293.344398
172.154203 199.303717 -293.223871
171.004619 197.671562 -293.103345
169.855034 196.039407 -292.982819
168.705450 194.407253 -292.862292
167.555865 192.775098 -292.741766
166.406281 191.142944 -292.621240
165.256696 189.510789 -292.500713
164.107111 187.878634 -292.380187
162.957527 186.246480 -292.259661
161.807942 184.614325 -292.139134
160.658358 182.982170 -292.018608
159.508773 181.350016 -291.898081
158.359189 179.717861 -291.777555
157.209604 178.085706 -291.657029
156.060020 176.453552 -291.536502
154.910435 174.821397 -291.415976
153.760851 173.189242 -291.295450
152.611266 171.557088 -291.174923
151.461682 169.924933 -291.054397
150.312097 168.292778 -290.933871
149.162512 166.660624 -290.813344
148.012928 165.028469 -290.692818
146.863343 163.396314 -290.572292
145.713759 161.764160 -290.451765
144.564174 160.132005 -290.331239
143.414590 158.499851 -290.210713
142.265005 156.867696 -290.090186
141.115421 155.235541 -289.969660
139.965836 153.603387 -289.849134
138.816252 151.971232 -289.728607
137.666667 150.339077 -289.608081
136.517083 148.706923 -289.487554
135.367498 147.074768 -289.367028
134.217914 145.442613 -289.246502
133.068329 143.810459 -289.125975
131.918744 142.178304 -289.005449
130.769160 140.546149 -288.884923
173.930783 -177.877035 -309.349873
174.601507 -179.748851 -309.565352
175.272231 -181.620668 -309.780831
175.942954 -183.492485 -309.996310
176.613678 -185.364302 -310.211789
177.284402 -187.236119 -310.427268
177.955126 -189.107936 -310.642747
178.625850 -190.979753 -310.858226
179.296573 -192.851570 -311.073705
179.967297 -194.723386 -311.289184
180.638021 -196.595203 -311.504663
181.308745 -198.467020 -311.720142
181.979469 -200.338837 -311.935621
182.650192 -202.210654 -312.151100
183.320916 -204.082471 -312.366579
183.991640 -205.954288 -312.582058
184.662364 -207.826105 -312.797537
185.333087 -209.697921 -313.013016
186.003811 -211.569738 -313.228495
186.674535 -213.441555 -313.443974
187.345259 -215.313372 -313.659453
188.015983 -217.185189 -313.874932
188.686706 -219.057006 -314.090411
189.357430 -220.928823 -314.305890
190.028154 -222.800640 -314.521369
190.698878 -224.672456 -314.736848
191.369601 -226.544273 -314.952327
192.040325 -228.416090 -315.167806
192.711049 -230.287907 -315.383285
193.381773 -232.159724 -315.598764
194.052497 -234.031541 -315.814243
194.723220 -235.903358 -316.029722
195.393944 -237.775175 -316.245201
196.064668 -239.646991 -316.460680
196.735392 -241.518808 -316.676159
197.406116 -243.390625 -316.891638
198.076839 -245.262442 -317.107117
198.747563 -247.134259 -317.322596
199.418287 -249.006076 -317.538075
200.089011 -250.877893 -317.753554
200.759734 -252.749710 -317.969033
201.430458 -254.621526 -318.184512
202.101182 -256.493343 -318.399991
202.771906 -258.365160 -318.615470
203.442630 -260.236977 -318.830949
204.113353 -262.108794 -319.046428
204.784077 -263.980611 -319.261907
205.454801 -265.852428 -319.477386
206.125525 -267.724245 -319.692865
206.796249 -269.596061 -319.908344
207.466972 -271.467878 -320.123823
208.137696 -273.339695 -320.339302
208.808420 -275.211512 -320.554781
209.479144 -277.083329 -320.770260
210.149867 -278.955146 -320.985739
210.820591 -280.826963 -321.201218
211.491315 -282.698780 -321.416697
212.162039 -284.570596 -321.632176
212.832763 -286.442413 -321.847655
213.503486 -288.314230 -322.063134
214.174210 -290.186047 -322.278613
214.844934 -292.057864 -322.494092
215.515658 -293.929681 -322.709571
216.186382 -295.801498 -322.925050
216.857105 -297.673314 -323.140529
217.527829 -299.545131 -323.356008
218.198553 -301.416948 -323.571487
218.869277 -303.288765 -323.786966
219.540000 -305.160582 -324.002445
220.210724 -307.032399 -324.217924
80.425511 -226.628328 -162.031687
82.200237 -225.788276 -161.651345
83.974963 -224.948224 -161.271002
85.749689 -224.108172 -160.890659
87.524415 -223.268120 -160.510317
89.299140 -222.428068 -160.129974
91.073866 -221.588016 -159.749631
92.848592 -220.747964 -159.369289
94.623318 -219.907912 -158.988946
96.398044 -219.067860 -158.608603
98.172770 -218.227807 -158.228261
99.947496 -217.387755 -157.847918
101.722222 -216.547703 -157.467575
103.496948 -215.707651 -157.087233
105.271674 -214.867599 -156.706890
107.046399 -214.027547 -156.326547
108.821125 -213.187495 -155.946205
110.595851 -212.347443 -155.565862
112.370577 -211.507391 -155.185519
114.145303 -210.667339 -154.805177
115.920029 -209.827287 -154.424834
117.694755 -208.987235 -154.044491
119.469481 -208.147183 -153.664149
121.244207 -207.307131 -153.283806
123.018933 -206.467079 -152.903463
124.793658 -205.627027 -152.523121
126.568384 -204.786975 -152.142778
128.343110 -203.946923 -151.762436
130.117836 -203.106871 -151.382093
131.892562 -202.266819 -151.001750
133.667288 -201.426766 -150.621408
135.442014 -200.586714 -150.241065
137.216740 -199.746662 -149.860722
138.991466 -198.906610 -149.480380
140.766192 -198.066558 -149.100037
142.540917 -197.226506 -148.719694
144.315643 -196.386454 -148.339352
146.090369 -195.546402 -147.959009
147.865095 -194.706350 -147.578666
149.639821 -193.866298 -147.198324
151.414547 -193.026246 -146.817981
153.189273 -192.186194 -146.437638
154.963999 -191.346142 -146.057296
156.738725 -190.506090 -145.676953
158.513450 -189.666038 -145.296610
160.288176 -188.825986 -144.916268
162.062902 -187.985934 -144.535925
163.837628 -187.145882 -144.155582
165.612354 -186.305830 -143.775240
167.387080 -185.465777 -143.394897
169.161806 -184.625725 -143.014554
170.936532 -183.785673 -142.634212
172.711258 -182.945621 -142.253869
174.485984 -182.105569 -141.873526
176.260709 -181.265517 -141.493184
178.035435 -180.425465 -141.112841
179.810161 -179.585413 -140.732498
181.584887 -178.745361 -140.352156
183.359613 -177.905309 -139.971813
185.134339 -177.065257 -139.591470
186.909065 -176.225205 -139.211128
188.683791 -175.385153 -138.830785
190.458517 -174.545101 -138.450442
192.233243 -173.705049 -138.070100
194.007968 -172.864997 -137.689757
195.782694 -172.024945 -137.309415
197.557420 -171.184893 -136.929072
199.332146 -170.344841 -136.548729
201.106872 -169.504789 -136.168387
202.881598 -168.664736 -135.788044
24.565264 236.212044 6.106686
23.868368 237.580930 4.825871
23.171472 238.949816 3.545056
22.474576 240.318702 2.264241
21.777680 241.687588 0.983426
21.080784 243.056474 -0.297390
20.383888 244.425360 -1.578205
19.686993 245.794246 -2.859020
18.990097 247.163132 -4.139835
18.293201 248.532018 -5.420650
17.596305 249.900904 -6.701465
16.899409 251.269790 -7.982280
16.202513 252.638676 -9.263095
15.505617 254.007562 -10.543910
14.808721 255.376448 -11.824725
14.111825 256.745334 -13.105540
13.414929 258.114220 -14.386355
12.718033 259.483106 -15.667171
12.021137 260.851992 -16.947986
11.324241 262.220878 -18.228801
10.627346 263.589764 -19.509616
9.930450 264.958649 -20.790431
9.233554 266.327535 -22.071246
8.536658 267.696421 -23.352061
7.839762 269.065307 -24.632876
7.142866 270.434193 -25.913691
6.445970 271.803079 -27.194506
5.749074 273.171965 -28.475321
5.052178 274.540851 -29.756136
4.355282 275.909737 -31.036952
3.658386 277.278623 -32.317767
2.961490 278.647509 -33.598582
2.264595 280.016395 -34.879397
1.567699 281.385281 -36.160212
0.870803 282.754167 -37.441027
0.173907 284.123053 -38.721842
-0.522989 285.491939 -40.002657
-1.219885 286.860825 -41.283472
-1.916781 288.229711 -42.564287
-2.613677 289.598597 -43.845102
-3.310573 290.967483 -45.125917
-4.007469 292.336369 -46.406733
-4.704365 293.705255 -47.687548
-5.401261 295.074141 -48.968363
-6.098157 296.443027 -50.249178
-6.795052 297.811913 -51.529993
-7.491948 299.180799 -52.810808
-8.188844 300.549685 -54.091623
-8.885740 301.918571 -55.372438
-9.582636 303.287457 -56.653253
-10.279532 304.656343 -57.934068
-10.976428 306.025229 -59.214883
-11.673324 307.394115 -60.495698
-12.370220 308.763001 -61.776514
-13.067116 310.131887 -63.057329
-13.764012 311.500772 -64.338144
-14.460908 312.869658 -65.618959
-15.157804 314.238544 -66.899774
-15.854699 315.607430 -68.180589
-16.551595 316.976316 -69.461404
-17.248491 318.345202 -70.742219
-17.945387 319.714088 -72.023034
-18.642283 321.082974 -73.303849
-19.339179 322.451860 -74.584664
-20.036075 323.820746 -75.865479
-20.732971 325.189632 -77.146295
-21.429867 326.558518 -78.427110
-22.126763 327.927404 -79.707925
-22.823659 329.296290 -80.988740
-23.520555 330.665176 -82.269555
48.095725 -214.457196 -260.354721
49.521445 -215.418626 -261.375982
50.947165 -216.380057 -262.397243
52.372885 -217.341487 -263.418504
53.798605 -218.302918 -264.439765
55.224325 -219.264349 -265.461026
56.650045 -220.225779 -266.482286
58.075765 -221.187210 -267.503547
59.501485 -222.148640 -268.524808
60.927205 -223.110071 -269.546069
62.352925 -224.071501 -270.567330
63.778645 -225.032932 -271.588591
65.204365 -225.994363 -272.609852
66.630085 -226.955793 -273.631112
68.055805 -227.917224 -274.652373
69.481525 -228.878654 -275.673634
70.907245 -229.840085 -276.694895
72.332965 -230.801516 -277.716156
73.758685 -231.762946 -278.737417
75.184405 -232.724377 -279.758678
76.610125 -233.685807 -280.779938
78.035845 -234.647238 -281.801199
79.461565 -235.608669 -282.822460
80.887285 -236.570099 -283.843721
82.313005 -237.531530 -284.864982
83.738725 -238.492960 -285.886243
85.164445 -239.454391 -286.907504
86.590165 -240.415822 -287.928764
88.015885 -241.377252 -288.950025
89.441605 -242.338683 -289.971286
90.867325 -243.300113 -290.992547
92.293045 -244.261544 -292.013808
93.718765 -245.222974 -293.035069
95.144485 -246.184405 -294.056330
96.570205 -247.145836 -295.077590
97.995925 -248.107266 -296.098851
99.421645 -249.068697 -297.120112
100.847365 -250.030127 -298.141373
102.273085 -250.991558 -299.162634
103.698804 -251.952989 -300.183895
105.124524 -252.914419 -301.205156
106.550244 -253.875850 -302.226416
107.975964 -254.837280 -303.247677
109.401684 -255.798711 -304.268938
110.827404 -256.760142 -305.290199
112.253124 -257.721572 -306.311460
113.678844 -258.683003 -307.332721
115.104564 -259.644433 -308.353982
116.530284 -260.605864 -309.375242
117.956004 -261.567294 -310.396503
119.381724 -262.528725 -311.417764
120.807444 -263.490156 -312.439025
122.233164 -264.451586 -313.460286
123.658884 -265.413017 -314.481547
125.084604 -266.374447 -315.502808
126.510324 -267.335878 -316.524068
127.936044 -268.297309 -317.545329
129.361764 -269.258739 -318.566590
130.787484 -270.220170 -319.587851
132.213204 -271.181600 -320.609112
133.638924 -272.143031 -321.630373
135.064644 -273.104462 -322.651634
136.490364 -274.065892 -323.672894
137.916084 -275.027323 -324.694155
139.341804 -275.988753 -325.715416
140.767524 -276.950184 -326.736677
142.193244 -277.911614 -327.757938
143.618964 -278.873045 -328.779199
145.044684 -279.834476 -329.800460
146.470404 -280.795906 -330.821720
-354.654381 220.417134 115.410554
-354.335698 218.677179 114.477281
-354.017014 216.937225 113.544009
-353.698331 215.197270 112.610736
-353.379647 213.457315 111.677463
-353.060963 211.717360 110.744190
-352.742280 209.977405 109.810918
-352.423596 208.237451 108.877645
-352.104913 206.497496 107.944372
-351.786229 204.757541 107.011099
-351.467546 203.017586 106.077827
-351.148862 201.277631 105.144554
-350.830179 199.537676 104.211281
-350.511495 197.797722 103.278008
-350.192811 196.057767 102.344735
-349.874128 194.317812 101.411463
-349.555444 192.577857 100.478190
-349.236761 190.837902 99.544917
-348.918077 189.097948 98.611644
-348.599394 187.357993 97.678372
-348.280710 185.618038 96.745099
-347.962027 183.878083 95.811826
-347.643343 182.138128 94.878553
-347.324660 180.398173 93.945281
-347.005976 178.658219 93.012008
-346.687292 176.918264 92.078735
-346.368609 175.178309 91.145462
-346.049925 173.438354 90.212190
-345.731242 171.698399 89.278917
-345.412558 169.958445 88.345644
-345.093875 168.218490 87.412371
-344.775191 166.478535 86.479099
-344.456508 164.738580 85.545826
-344.137824 162.998625 84.612553
-343.819140 161.258671 83.679280
-343.500457 159.518716 82.746008
-343.181773 157.778761 81.812735
-342.863090 156.038806 80.879462
-342.544406 154.298851 79.946189
-342.225723 152.558896 79.012917
-341.907039 150.818942 78.079644
-341.588356 149.078987 77.146371
-341.269672 147.339032 76.213098
-340.950989 145.599077 75.279826
-340.632305 143.859122 74.346553
-340.313621 142.119168 73.413280
-339.994938 140.379213 72.480007
-339.676254 138.639258 71.546735
-339.357571 136.899303 70.613462
-339.038887 135.159348 69.680189
-338.720204 133.419393 68.746916
-338.401520 131.679439 67.813644
-338.082837 129.939484 66.880371
-337.764153 128.199529 65.947098
-337.445469 126.459574 65.013825
-337.126786 124.719619 64.080553
-336.808102 122.979665 63.147280
-336.489419 121.239710 62.214007
-336.170735 119.499755 61.280734
-335.852052 117.759800 60.347461
-335.533368 116.019845 59.414189
-335.214685 114.279891 58.480916
-334.896001 112.539936 57.547643
-334.577318 110.799981 56.614370
-334.258634 109.060026 55.681098
-333.939950 107.320071 54.747825
-333.621267 105.580116 53.814552
-333.302583 103.840162 52.881279
-332.983900 102.100207 51.948007
-332.665216 100.360252 51.014734
175.594835 -353.907627 340.618400
175.048189 -352.513349 339.292817
174.501543 -351.119072 337.967235
173.954898 -349.724795 336.641652
173.408252 -348.330517 335.316070
172.861606 -346.936240 333.990487
172.314960 -345.541963 332.664905
171.768314 -344.147685 331.339322
171.221668 -342.753408 330.013740
170.675022 -341.359130 328.688157
170.128376 -339.964853 327.362575
169.581730 -338.570576 326.036992
169.035084 -337.176298 324.711410
168.488438 -335.782021 323.385828
167.941792 -334.387744 322.060245
167.395147 -332.993466 320.734663
166.848501 -331.599189 319.409080
166.301855 -330.204912 318.083498
165.755209 -328.810634 316.757915
165.208563 -327.416357 315.432333
164.661917 -326.022080 314.106750
164.115271 -324.627802 312.781168
163.568625 -323.233525 311.455585
163.021979 -321.839248 310.130003
162.475333 -320.444970 308.804420
161.928687 -319.050693 307.478838
161.382042 -317.656416 306.153255
160.835396 -316.262138 304.827673
160.288750 -314.867861 303.502090
159.742104 -313.473584 302.176508
159.195458 -312.079306 300.850925
158.648812 -310.685029 299.525343
158.102166 -309.290752 298.199760
157.555520 -307.896474 296.874178
157.008874 -306.502197 295.548595
156.462228 -305.107920 294.223013
155.915582 -303.713642 292.897430
155.368937 -302.319365 291.571848
154.822291 -300.925088 290.246265
154.275645 -299.530810 288.920683
153.728999 -298.136533 287.595100
153.182353 -296.742256 286.269518
152.635707 -295.347978 284.943935
152.089061 -293.953701 283.618353
151.542415 -292.559424 282.292770
150.995769 -291.165146 280.967188
150.449123 -289.770869 279.641605
149.902477 -288.376592 278.316023
149.355832 -286.982314 276.990440
148.809186 -285.588037 275.664858
148.262540 -284.193760 274.339275
147.715894 -282.799482 273.013693
147.169248 -281.405205 271.688110
146.622602 -280.010927 270.362528
146.075956 -278.616650 269.036945
145.529310 -277.222373 267.711363
144.982664 -275.828095 266.385780
144.436018 -274.433818 265.060198
143.889372 -273.039541 263.734615
143.342726 -271.645263 262.409033
142.796081 -270.250986 261.083450
142.249435 -268.856709 259.757868
141.702789 -267.462431 258.432285
141.156143 -266.068154 257.106703
140.609497 -264.673877 255.781120
140.062851 -263.279599 254.455538
139.516205 -261.885322 253.129955
138.969559 -260.491045 251.804373
138.422913 -259.096767 250.478790
137.876267 -257.702490 249.153208
102.998585 207.121340 19.792700
102.671099 208.097196 21.507476
102.343613 209.073052 23.222253
102.016127 210.048908 24.937029
101.688641 211.024764 26.651805
101.361155 212.000620 28.366582
101.033669 212.976476 30.081358
100.706184 213.952332 31.796134
100.378698 214.928188 33.510911
100.051212 215.904044 35.225687
99.723726 216.879900 36.940464
99.396240 217.855756 38.655240
99.068754 218.831612 40.370016
98.741268 219.807468 42.084793
98.413782 220.783324 43.799569
98.086296 221.759180 45.514345
97.758810 222.735036 47.229122
97.431324 223.710892 48.943898
97.103838 224.686748 50.658674
96.776352 225.662604 52.373451
96.448866 226.638460 54.088227
96.121381 227.614317 55.803004
95.793895 228.590173 57.517780
95.466409 229.566029 59.232556
95.138923 230.541885 60.947333
94.811437 231.517741 62.662109
94.483951 232.493597 64.376885
94.156465 233.469453 66.091662
93.828979 234.445309 67.806438
93.501493 235.421165 69.521214
93.174007 236.397021 71.235991
92.846521 237.372877 72.950767
92.519035 238.348733 74.665544
92.191549 239.324589 76.380320
91.864064 240.300445 78.095096
91.536578 241.276301 79.809873
91.209092 242.252157 81.524649
90.881606 243.228013 83.239425
90.554120 244.203869 84.954202
90.226634 245.179725 86.668978
89.899148 246.155581 88.383754
89.571662 247.131437 90.098531
89.244176 248.107293 91.813307
88.916690 249.083149 93.528083
88.589204 250.059005 95.242860
88.261718 251.034861 96.957636
87.934232 252.010717 98.672413
87.606746 252.986573 100.387189
87.279261 253.962429 102.101965
86.951775 254.938285 103.816742
86.624289 255.914141 105.531518
86.296803 256.889998 107.246294
85.969317 257.865854 108.961071
85.641831 258.841710 110.675847
85.314345 259.817566 112.390623
84.986859 260.793422 114.105400
84.659373 261.769278 115.820176
84.331887 262.745134 117.534953
84.004401 263.720990 119.249729
83.676915 264.696846 120.964505
83.349429 265.672702 122.679282
83.021944 266.648558 124.394058
82.694458 267.624414 126.108834
82.366972 268.600270 127.823611
82.039486 269.576126 129.538387
81.712000 270.551982 131.253163
81.384514 271.527838 132.967940
81.057028 272.503694 134.682716
80.729542 273.479550 136.397493
80.402056 274.455406 138.112269
-130.883778 215.931479 -177.580954
-130.923789 217.637802 -178.623481
-130.963801 219.344124 -179.666008
-131.003812 221.050447 -180.708535
-131.043823 222.756770 -181.751061
-131.083834 224.463092 -182.793588
-131.123846 226.169415 -183.836115
-131.163857 227.875738 -184.878642
-131.203868 229.582060 -185.921168
-131.243880 231.288383 -186.963695
-131.283891 232.994706 -188.006222
-131.323902 234.701028 -189.048749
-131.363913 236.407351 -190.091275
-131.403925 238.113674 -191.133802
-131.443936 239.819996 -192.176329
-131.483947 241.526319 -193.218856
-131.523959 243.232642 -194.261382
-131.563970 244.938964 -195.303909
-131.603981 246.645287 -196.346436
-131.643992 248.351610 -197.388963
-131.684004 250.057932 -198.431489
-131.724015 251.764255 -199.474016
-131.764026 253.470578 -200.516543
-131.804037 255.176900 -201.559070
-131.844049 256.883223 -202.601596
-131.884060 258.589546 -203.644123
-131.924071 260.295868 -204.686650
-131.964083 262.002191 -205.729177
-132.004094 263.708514 -206.771704
-132.044105 265.414836 -207.814230
-132.084116 267.121159 -208.856757
-132.124128 268.827482 -209.899284
-132.164139 270.533804 -210.941811
-132.204150 272.240127 -211.984337
-132.244162 273.946450 -213.026864
-132.284173 275.652772 -214.069391
-132.324184 277.359095 -215.111918
-132.364195 279.065418 -216.154444
-132.404207 280.771740 -217.196971
-132.444218 282.478063 -218.239498
-132.484229 284.184386 -219.282025
-132.524240 285.890708 -220.324551
-132.564252 287.597031 -221.367078
-132.604263 289.303354 -222.409605
-132.644274 291.009676 -223.452132
-132.684286 292.715999 -224.494658
-132.724297 294.422322 -225.537185
-132.764308 296.128644 -226.579712
-132.804319 297.834967 -227.622239
-132.844331 299.541290 -228.664765
-132.884342 301.247613 -229.707292
-132.924353 302.953935 -230.749819
-132.964365 304.660258 -231.792346
-133.004376 306.366581 -232.834872
-133.044387 308.072903 -233.877399
-133.084398 309.779226 -234.919926
-133.124410 311.485549 -235.962453
-133.164421 313.191871 -237.004979
-133.204432 314.898194 -238.047506
-133.244444 316.604517 -239.090033
-133.284455 318.310839 -240.132560
-133.324466 320.017162 -241.175086
-133.364477 321.723485 -242.217613
-133.404489 323.429807 -243.260140
-133.444500 325.136130 -244.302667
-133.484511 326.842453 -245.345194
-133.524522 328.548775 -246.387720
-133.564534 330.255098 -247.430247
-133.604545 331.961421 -248.472774
-133.644556 333.667743 -249.515301
-251.598268 -91.610811 -29.593204
-251.458611 -91.704437 -31.586124
-251.318955 -91.798063 -33.579044
-251.179299 -91.891689 -35.571964
-251.039642 -91.985316 -37.564884
-250.899986 -92.078942 -39.557804
-250.760329 -92.172568 -41.550724
-250.620673 -92.266194 -43.543644
-250.481017 -92.359820 -45.536564
-250.341360 -92.453446 -47.529484
-250.201704 -92.547072 -49.522404
-250.062048 -92.640698 -51.515324
-249.922391 -92.734324 -53.508244
-249.782735 -92.827950 -55.501164
-249.643078 -92.921576 -57.494084
-249.503422 -93.015202 -59.487004
-249.363766 -93.108828 -61.479924
-249.224109 -93.202454 -63.472845
-249.084453 -93.296080 -65.465765
-248.944797 -93.389706 -67.458685
-248.805140 -93.483332 -69.451605
-248.665484 -93.576958 -71.444525
-248.525827 -93.670584 -73.437445
-248.386171 -93.764210 -75.430365
-248.246515 -93.857836 -77.423285
-248.106858 -93.951462 -79.416205
-247.967202 -94.045088 -81.409125
-247.827545 -94.138714 -83.402045
-247.687889 -94.232340 -85.394965
-247.548233 -94.325967 -87.387885
-247.408576 -94.419593 -89.380805
-247.268920 -94.513219 -91.373725
-247.129264 -94.606845 -93.366645
-246.989607 -94.700471 -95.359565
-246.849951 -94.794097 -97.352485
-246.710294 -94.887723 -99.345405
-246.570638 -94.981349 -101.338325
-246.430982 -95.074975 -103.331245
-246.291325 -95.168601 -105.324165
-246.151669 -95.262227 -107.317085
-246.012013 -95.355853 -109.310005
-245.872356 -95.449479 -111.302925
-245.732700 -95.543105 -113.295845
-245.593043 -95.636731 -115.288765
-245.453387 -95.730357 -117.281685
-245.313731 -95.823983 -119.274605
-245.174074 -95.917609 -121.267525
-245.034418 -96.011235 -123.260446
-244.894762 -96.104861 -125.253366
-244.755105 -96.198487 -127.246286
-244.615449 -96.292113 -129.239206
-244.475792 -96.385739 -131.232126
-244.336136 -96.479365 -133.225046
-244.196480 -96.572991 -135.217966
-244.056823 -96.666618 -137.210886
-243.917167 -96.760244 -139.203806
-243.777510 -96.853870 -141.196726
-243.637854 -96.947496 -143.189646
-243.498198 -97.041122 -145.182566
-243.358541 -97.134748 -147.175486
-243.218885 -97.228374 -149.168406
-243.079229 -97.322000 -151.161326
-242.939572 -97.415626 -153.154246
-242.799916 -97.509252 -155.147166
-242.660259 -97.602878 -157.140086
-242.520603 -97.696504 -159.133006
-242.380947 -97.790130 -161.125926
-242.241290 -97.883756 -163.118846
-242.101634 -97.977382 -165.111766
-241.961978 -98.071008 -167.104686
-347.287151 -112.619826 -156.310344
-347.091759 -112.601655 -154.319994
-346.896367 -112.583484 -152.329644
-346.700975 -112.565313 -150.339295
-346.505583 -112.547142 -148.348945
-346.310192 -112.528971 -146.358595
-346.114800 -112.510801 -144.368246
-345.919408 -112.492630 -142.377896
-345.724016 -112.474459 -140.387546
-345.528624 -112.456288 -138.397196
-345.333232 -112.438117 -136.406847
-345.137840 -112.419946 -134.416497
-344.942449 -112.401775 -132.426147
-344.747057 -112.383604 -130.435798
-344.551665 -112.365433 -128.445448
-344.356273 -112.347262 -126.455098
-344.160881 -112.329092 -124.464749
-343.965489 -112.310921 -122.474399
-343.770097 -112.292750 -120.484049
-343.574706 -112.274579 -118.493700
-343.379314 -112.256408 -116.503350
-343.183922 -112.238237 -114.513000
-342.988530 -112.220066 -112.522651
-342.793138 -112.201895 -110.532301
-342.597746 -112.183724 -108.541951
-342.402354 -112.165553 -106.551602
-342.206962 -112.147383 -104.561252
-342.011571 -112.129212 -102.570902
-341.816179 -112.111041 -100.580553
-341.620787 -112.092870 -98.590203
-341.425395 -112.074699 -96.599853
-341.230003 -112.056528 -94.609504
-341.034611 -112.038357 -92.619154
-340.839219 -112.020186 -90.628804
-340.643828 -112.002015 -88.638455
-340.448436 -111.983844 -86.648105
-340.253044 -111.965674 -84.657755
-340.057652 -111.947503 -82.667406
-339.862260 -111.929332 -80.677056
-339.666868 -111.911161 -78.686706
-339.471476 -111.892990 -76.696356
-339.276085 -111.874819 -74.706007
-339.080693 -111.856648 -72.715657
-338.885301 -111.838477 -70.725307
-338.689909 -111.820306 -68.734958
-338.494517 -111.802135 -66.744608
-338.299125 -111.783965 -64.754258
-338.103733 -111.765794 -62.763909
-337.908342 -111.747623 -60.773559
-337.712950 -111.729452 -58.783209
-337.517558 -111.711281 -56.792860
-337.322166 -111.693110 -54.802510
-337.126774 -111.674939 -52.812160
-336.931382 -111.656768 -50.821811
-336.735990 -111.638597 -48.831461
-336.540599 -111.620426 -46.841111
-336.345207 -111.602256 -44.850762
-336.149815 -111.584085 -42.860412
-335.954423 -111.565914 -40.870062
-335.759031 -111.547743 -38.879713
-335.563639 -111.529572 -36.889363
-335.368247 -111.511401 -34.899013
-335.172856 -111.493230 -32.908664
-334.977464 -111.475059 -30.918314
-334.782072 -111.456888 -28.927964
-334.586680 -111.438717 -26.937615
-334.391288 -111.420547 -24.947265
-334.195896 -111.402376 -22.956915
-334.000504 -111.384205 -20.966566
-333.805113 -111.366034 -18.976216
91.051826 -303.293776 231.951451
91.061407 -303.790490 233.888765
91.070988 -304.287203 235.826079
91.080570 -304.783916 237.763392
91.090151 -305.280629 239.700706
91.099732 -305.777342 241.638020
91.109314 -306.274055 243.575333
91.118895 -306.770768 245.512647
91.128476 -307.267482 247.449961
91.138058 -307.764195 249.387274
91.147639 -308.260908 251.324588
91.157220 -308.757621 253.261902
91.166802 -309.254334 255.199215
91.176383 -309.751047 257.136529
91.185964 -310.247760 259.073843
91.195545 -310.744474 261.011156
91.205127 -311.241187 262.948470
91.214708 -311.737900 264.885784
91.224289 -312.234613 266.823097
91.233871 -312.731326 268.760411
91.243452 -313.228039 270.697725
91.253033 -313.724753 272.635038
91.262615 -314.221466 274.572352
91.272196 -314.718179 276.509666
91.281777 -315.214892 278.446979
91.291359 -315.711605 280.384293
91.300940 -316.208318 282.321607
91.310521 -316.705031 284.258920
91.320102 -317.201745 286.196234
91.329684 -317.698458 288.133548
91.339265 -318.195171 290.070861
91.348846 -318.691884 292.008175
91.358428 -319.188597 293.945489
91.368009 -319.685310 295.882802
91.377590 -320.182023 297.820116
91.387172 -320.678737 299.757430
91.396753 -321.175450 301.694743
91.406334 -321.672163 303.632057
91.415916 -322.168876 305.569371
91.425497 -322.665589 307.506684
91.435078 -323.162302 309.443998
91.444660 -323.659016 311.381312
91.454241 -324.155729 313.318625
91.463822 -324.652442 315.255939
91.473403 -325.149155 317.193253
91.482985 -325.645868 319.130566
91.492566 -326.142581 321.067880
91.502147 -326.639294 323.005194
91.511729 -327.136008 324.942507
91.521310 -327.632721 326.879821
91.530891 -328.129434 328.817135
91.540473 -328.626147 330.754448
91.550054 -329.122860 332.691762
91.559635 -329.619573 334.629076
91.569217 -330.116287 336.566389
91.578798 -330.613000 338.503703
91.588379 -331.109713 340.441017
91.597960 -331.606426 342.378330
91.607542 -332.103139 344.315644
91.617123 -332.599852 346.252958
91.626704 -333.096565 348.190271
91.636286 -333.593279 350.127585
91.645867 -334.089992 352.064899
91.655448 -334.586705 354.002212
91.665030 -335.083418 355.939526
91.674611 -335.580131 357.876840
91.684192 -336.076844 359.814153
91.693774 -336.573557 361.751467
91.703355 -337.070271 363.688781
91.712936 -337.566984 365.626094
230.696577 -197.904420 -260.313399
232.169701 -199.197249 -260.711520
233.642825 -200.490078 -261.109642
235.115948 -201.782906 -261.507764
236.589072 -203.075735 -261.905885
238.062196 -204.368563 -262.304007
239.535319 -205.661392 -262.702129
241.008443 -206.954221 -263.100250
242.481567 -208.247049 -263.498372
243.954690 -209.539878 -263.896494
245.427814 -210.832706 -264.294616
246.900938 -212.125535 -264.692737
248.374061 -213.418364 -265.090859
249.847185 -214.711192 -265.488981
251.320309 -216.004021 -265.887102
252.793432 -217.296849 -266.285224
254.266556 -218.589678 -266.683346
255.739680 -219.882507 -267.081467
257.212803 -221.175335 -267.479589
258.685927 -222.468164 -267.877711
260.159051 -223.760993 -268.275832
261.632174 -225.053821 -268.673954
263.105298 -226.346650 -269.072076
264.578421 -227.639478 -269.470197
266.051545 -228.932307 -269.868319
267.524669 -230.225136 -270.266441
268.997792 -231.517964 -270.664563
270.470916 -232.810793 -271.062684
271.944040 -234.103621 -271.460806
273.417163 -235.396450 -271.858928
274.890287 -236.689279 -272.257049
276.363411 -237.982107 -272.655171
277.836534 -239.274936 -273.053293
279.309658 -240.567764 -273.451414
280.782782 -241.860593 -273.849536
282.255905 -243.153422 -274.247658
283.729029 -244.446250 -274.645779
285.202153 -245.739079 -275.043901
286.675276 -247.031907 -275.442023
288.148400 -248.324736 -275.840145
289.621524 -249.617565 -276.238266
291.094647 -250.910393 -276.636388
292.567771 -252.203222 -277.034510
294.040895 -253.496050 -277.432631
295.514018 -254.788879 -277.830753
296.987142 -256.081708 -278.228875
298.460266 -257.374536 -278.626996
299.933389 -258.667365 -279.025118
301.406513 -259.960194 -279.423240
302.879637 -261.253022 -279.821361
304.352760 -262.545851 -280.219483
305.825884 -263.838679 -280.617605
307.299008 -265.131508 -281.015726
308.772131 -266.424337 -281.413848
310.245255 -267.717165 -281.811970
311.718379 -269.009994 -282.210092
313.191502 -270.302822 -282.608213
314.664626 -271.595651 -283.006335
316.137750 -272.888480 -283.404457
317.610873 -274.181308 -283.802578
319.083997 -275.474137 -284.200700
320.557121 -276.766965 -284.598822
322.030244 -278.059794 -284.996943
323.503368 -279.352623 -285.395065
324.976491 -280.645451 -285.793187
326.449615 -281.938280 -286.191308
327.922739 -283.231108 -286.589430
329.395862 -284.523937 -286.987552
330.868986 -285.816766 -287.385673
332.342110 -287.109594 -287.783795
-106.167921 -217.565598 -251.059379
-106.664675 -216.426293 -252.626294
-107.161428 -215.286989 -254.193209
-107.658182 -214.147685 -255.760124
-108.154936 -213.008381 -257.327038
-108.651689 -211.869077 -258.893953
-109.148443 -210.729773 -260.460868
-109.645197 -209.590469 -262.027783
-110.141950 -208.451165 -263.594698
-110.638704 -207.311861 -265.161612
-111.135458 -206.172557 -266.728527
-111.632211 -205.033252 -268.295442
-112.128965 -203.893948 -269.862357
-112.625719 -202.754644 -271.429272
-113.122472 -201.615340 -272.996186
-113.619226 -200.476036 -274.563101
-114.115980 -199.336732 -276.130016
-114.612733 -198.197428 -277.696931
-115.109487 -197.058124 -279.263846
-115.606241 -195.918820 -280.830760
-116.102994 -194.779516 -282.397675
-116.599748 -193.640211 -283.964590
-117.096501 -192.500907 -285.531505
-117.593255 -191.361603 -287.098420
-118.090009 -190.222299 -288.665334
-118.586762 -189.082995 -290.232249
-119.083516 -187.943691 -291.799164
-119.580270 -186.804387 -293.366079
-120.077023 -185.665083 -294.932993
-120.573777 -184.525779 -296.499908
-121.070531 -183.386474 -298.066823
-121.567284 -182.247170 -299.633738
-122.064038 -181.107866 -301.200653
-122.560792 -179.968562 -302.767567
-123.057545 -178.829258 -304.334482
-123.554299 -177.689954 -305.901397
-124.051053 -176.550650 -307.468312
-124.547806 -175.411346 -309.035227
-125.044560 -174.272042 -310.602141
-125.541314 -173.132738 -312.169056
-126.038067 -171.993433 -313.735971
-126.534821 -170.854129 -315.302886
-127.031575 -169.714825 -316.869801
-127.528328 -168.575521 -318.436715
-128.025082 -167.436217 -320.003630
-128.521835 -166.296913 -321.570545
-129.018589 -165.157609 -323.137460
-129.515343 -164.018305 -324.704375
-130.012096 -162.879001 -326.271289
-130.508850 -161.739697 -327.838204
-131.005604 -160.600392 -329.405119
-131.502357 -159.461088 -330.972034
-131.999111 -158.321784 -332.538949
-132.495865 -157.182480 -334.105863
-132.992618 -156.043176 -335.672778
-133.489372 -154.903872 -337.239693
-133.986126 -153.764568 -338.806608
-134.482879 -152.625264 -340.373523
-134.979633 -151.485960 -341.940437
-135.476387 -150.346656 -343.507352
-135.973140 -149.207351 -345.074267
-136.469894 -148.068047 -346.641182
-136.966648 -146.928743 -348.208096
-137.463401 -145.789439 -349.775011
-137.960155 -144.650135 -351.341926
-138.456909 -143.510831 -352.908841
-138.953662 -142.371527 -354.475756
-139.450416 -141.232223 -356.042670
-139.947170 -140.092919 -357.609585
-140.443923 -138.953614 -359.176500
-306.112165 203.355219 172.058631
-305.816333 201.779217 170.863347
-305.520500 200.203216 169.668063
-305.224667 198.627215 168.472780
-304.928835 197.051214 167.277496
-304.633002 195.475213 166.082212
-304.337170 193.899211 164.886928
-304.041337 192.323210 163.691644
-303.745504 190.747209 162.496361
-303.449672 189.171208 161.301077
-303.153839 187.595207 160.105793
-302.858006 186.019205 158.910509
-302.562174 184.443204 157.715226
-302.266341 182.867203 156.519942
-301.970509 181.291202 155.324658
-301.674676 179.715201 154.129374
-301.378843 178.139199 152.934091
-301.083011 176.563198 151.738807
-300.787178 174.987197 150.543523
-300.491345 173.411196 149.348239
-300.195513 171.835195 148.152956
-299.899680 170.259193 146.957672
-299.603848 168.683192 145.762388
-299.308015 167.107191 144.567104
-299.012182 165.531190 143.371821
-298.716350 163.955189 142.176537
-298.420517 162.379187 140.981253
-298.124684 160.803186 139.785969
-297.828852 159.227185 138.590685
-297.533019 157.651184 137.395402
-297.237187 156.075183 136.200118
-296.941354 154.499181 135.004834
-296.645521 152.923180 133.809550
-296.349689 151.347179 132.614267
-296.053856 149.771178 131.418983
-295.758023 148.195177 130.223699
-295.462191 146.619175 129.028415
-295.166358 145.043174 127.833132
-294.870526 143.467173 126.637848
-294.574693 141.891172 125.442564
-294.278860 140.315171 124.247280
-293.983028 138.739169 123.051997
-293.687195 137.163168 121.856713
-293.391362 135.587167 120.661429
-293.095530 134.011166 119.466145
-292.799697 132.435165 118.270862
-292.503865 130.859163 117.075578
-292.208032 129.283162 115.880294
-291.912199 127.707161 114.685010
-291.616367 126.131160 113.489726
-291.320534 124.555159 112.294443
-291.024701 122.979157 111.099159
-290.728869 121.403156 109.903875
-290.433036 119.827155 108.708591
-290.137203 118.251154 107.513308
-289.841371 116.675153 106.318024
-289.545538 115.099151 105.122740
-289.249706 113.523150 103.927456
-288.953873 111.947149 102.732173
-288.658040 110.371148 101.536889
-288.362208 108.795147 100.341605
-288.066375 107.219145 99.146321
-287.770542 105.643144 97.951038
-287.474710 104.067143 96.755754
-287.178877 102.491142 95.560470
-286.883045 100.915141 94.365186
-286.587212 99.339139 93.169903
-286.291379 97.763138 91.974619
-285.995547 96.187137 90.779335
-285.699714 94.611136 89.584051
-127.435235 63.507787 -306.715225
-126.575370 65.307128 -306.866899
-125.715506 67.106469 -307.018573
-124.855641 68.905810 -307.170247
-123.995777 70.705150 -307.321921
-123.135912 72.504491 -307.473596
-122.276047 74.303832 -307.625270
-121.416183 76.103173 -307.776944
-120.556318 77.902514 -307.928618
-119.696454 79.701855 -308.080293
-118.836589 81.501196 -308.231967
-117.976724 83.300537 -308.383641
-117.116860 85.099878 -308.535315
-116.256995 86.899219 -308.686990
-115.397130 88.698560 -308.838664
-114.537266 90.497901 -308.990338
-113.677401 92.297242 -309.142012
-112.817537 94.096583 -309.293686
-111.957672 95.895924 -309.445361
-111.097807 97.695264 -309.597035
-110.237943 99.494605 -309.748709
-109.378078 101.293946 -309.900383
-108.518214 103.093287 -310.052058
-107.658349 104.892628 -310.203732
-106.798484 106.691969 -310.355406
-105.938620 108.491310 -310.507080
-105.078755 110.290651 -310.658754
-104.218891 112.089992 -310.810429
-103.359026 113.889333 -310.962103
-102.499161 115.688674 -311.113777
-101.639297 117.488015 -311.265451
-100.779432 119.287356 -311.417126
-99.919568 121.086697 -311.568800
-99.059703 122.886037 -311.720474
-98.199838 124.685378 -311.872148
-97.339974 126.484719 -312.023822
-96.480109 128.284060 -312.175497
-95.620245 130.083401 -312.327171
-94.760380 131.882742 -312.478845
-93.900515 133.682083 -312.630519
-93.040651 135.481424 -312.782194
-92.180786 137.280765 -312.933868
-91.320921 139.080106 -313.085542
-90.461057 140.879447 -313.237216
-89.601192 142.678788 -313.388890
-88.741328 144.478129 -313.540565
-87.881463 146.277470 -313.692239
-87.021598 148.076811 -313.843913
-86.161734 149.876151 -313.995587
-85.301869 151.675492 -314.147262
-84.442005 153.474833 -314.298936
-83.582140 155.274174 -314.450610
-82.722275 157.073515 -314.602284
-81.862411 158.872856 -314.753958
-81.002546 160.672197 -314.905633
-80.142682 162.471538 -315.057307
-79.282817 164.270879 -315.208981
-78.422952 166.070220 -315.360655
-77.563088 167.869561 -315.512330
-76.703223 169.668902 -315.664004
-75.843359 171.468243 -315.815678
-74.983494 173.267584 -315.967352
-74.123629 175.066924 -316.119026
-73.263765 176.866265 -316.270701
-72.403900 178.665606 -316.422375
-71.544036 180.464947 -316.574049
-70.684171 182.264288 -316.725723
-69.824306 184.063629 -316.877398
-68.964442 185.862970 -317.029072
-68.104577 187.662311 -317.180746
-20.458301 104.724007 -220.596356
-20.536603 103.049481 -219.505563
-20.614906 101.374954 -218.414769
-20.693208 99.700428 -217.323976
-20.771510 98.025902 -216.233182
-20.849813 96.351376 -215.142389
-20.928115 94.676849 -214.051595
-21.006418 93.002323 -212.960802
-21.084720 91.327797 -211.870009
-21.163023 89.653270 -210.779215
-21.241325 87.978744 -209.688422
-21.319627 86.304218 -208.597628
-21.397930 84.629691 -207.506835
-21.476232 82.955165 -206.416041
-21.554535 81.280639 -205.325248
-21.632837 79.606113 -204.234454
-21.711140 77.931586 -203.143661
-21.789442 76.257060 -202.052867
-21.867744 74.582534 -200.962074
-21.946047 72.908007 -199.871280
-22.024349 71.233481 -198.780487
-22.102652 69.558955 -197.689693
-22.180954 67.884428 -196.598900
-22.259257 66.209902 -195.508106
-22.337559 64.535376 -194.417313
-22.415861 62.860850 -193.326520
-22.494164 61.186323 -192.235726
-22.572466 59.511797 -191.144933
-22.650769 57.837271 -190.054139
-22.729071 56.162744 -188.963346
-22.807374 54.488218 -187.872552
-22.885676 52.813692 -186.781759
-22.963978 51.139165 -185.690965
-23.042281 49.464639 -184.600172
-23.120583 47.790113 -183.509378
-23.198886 46.115587 -182.418585
-23.277188 44.441060 -181.327791
-23.355491 42.766534 -180.236998
-23.433793 41.092008 -179.146204
-23.512095 39.417481 -178.055411
-23.590398 37.742955 -176.964617
-23.668700 36.068429 -175.873824
-23.747003 34.393902 -174.783030
-23.825305 32.719376 -173.692237
-23.903608 31.044850 -172.601444
-23.981910 29.370324 -171.510650
-24.060213 27.695797 -170.419857
-24.138515 26.021271 -169.329063
-24.216817 24.346745 -168.238270
-24.295120 22.672218 -167.147476
-24.373422 20.997692 -166.056683
-24.451725 19.323166 -164.965889
-24.530027 17.648639 -163.875096
-24.608330 15.974113 -162.784302
-24.686632 14.299587 -161.693509
-24.764934 12.625061 -160.602715
-24.843237 10.950534 -159.511922
-24.921539 9.276008 -158.421128
-24.999842 7.601482 -157.330335
-25.078144 5.926955 -156.239541
-25.156447 4.252429 -155.148748
-25.234749 2.577903 -154.057955
-25.313051 0.903376 -152.967161
-25.391354 -0.771150 -151.876368
-25.469656 -2.445676 -150.785574
-25.547959 -4.120202 -149.694781
-25.626261 -5.794729 -148.603987
-25.704564 -7.469255 -147.513194
-25.782866 -9.143781 -146.422400
-25.861168 -10.818308 -145.331607
-376.642351 -160.932029 -141.029346
-375.075054 -162.174432 -141.033635
-373.507758 -163.416834 -141.037924
-371.940461 -164.659236 -141.042213
-370.373165 -165.901638 -141.046503
-368.805868 -167.144040 -141.050792
-367.238571 -168.386442 -141.055081
-365.671275 -169.628844 -141.059370
-364.103978 -170.871246 -141.063659
-362.536682 -172.113648 -141.067948
-360.969385 -173.356050 -141.072237
-359.402088 -174.598452 -141.076526
-357.834792 -175.840855 -141.080815
-356.267495 -177.083257 -141.085104
-354.700199 -178.325659 -141.089393
-353.132902 -179.568061 -141.093682
-351.565605 -180.810463 -141.097971
-349.998309 -182.052865 -141.102260
-348.431012 -183.295267 -141.106550
-346.863716 -184.537669 -141.110839
-345.296419 -185.780071 -141.115128
-343.729122 -187.022473 -141.119417
-342.161826 -188.264875 -141.123706
-340.594529 -189.507278 -141.127995
-339.027233 -190.749680 -141.132284
-337.459936 -191.992082 -141.136573
-335.892639 -193.234484 -141.140862
-334.325343 -194.476886 -141.145151
-332.758046 -195.719288 -141.149440
-331.190750 -196.961690 -141.153729
-329.623453 -198.204092 -141.158018
-328.056156 -199.446494 -141.162307
-326.488860 -200.688896 -141.166596
-324.921563 -201.931298 -141.170886
-323.354266 -203.173701 -141.175175
-321.786970 -204.416103 -141.179464
-320.219673 -205.658505 -141.183753
-318.652377 -206.900907 -141.188042
-317.085080 -208.143309 -141.192331
-315.517783 -209.385711 -141.196620
-313.950487 -210.628113 -141.200909
-312.383190 -211.870515 -141.205198
-310.815894 -213.112917 -141.209487
-309.248597 -214.355319 -141.213776
-307.681300 -215.597721 -141.218065
-306.114004 -216.840124 -141.222354
-304.546707 -218.082526 -141.226643
-302.979411 -219.324928 -141.230933
-301.412114 -220.567330 -141.235222
-299.844817 -221.809732 -141.239511
-298.277521 -223.052134 -141.243800
-296.710224 -224.294536 -141.248089
-295.142928 -225.536938 -141.252378
-293.575631 -226.779340 -141.256667
-292.008334 -228.021742 -141.260956
-290.441038 -229.264144 -141.265245
-288.873741 -230.506547 -141.269534
-287.306445 -231.748949 -141.273823
-285.739148 -232.991351 -141.278112
-284.171851 -234.233753 -141.282401
-282.604555 -235.476155 -141.286690
-281.037258 -236.718557 -141.290980
-279.469962 -237.960959 -141.295269
-277.902665 -239.203361 -141.299558
-276.335368 -240.445763 -141.303847
-274.768072 -241.688165 -141.308136
-273.200775 -242.930567 -141.312425
-271.633479 -244.172970 -141.316714
-270.066182 -245.415372 -141.321003
-268.498885 -246.657774 -141.325292
241.449792 77.987243 164.167187
240.467879 77.735101 165.891215
239.485967 77.482959 167.615243
238.504054 77.230817 169.339271
237.522142 76.978676 171.063299
236.540229 76.726534 172.787327
235.558316 76.474392 174.511355
234.576404 76.222250 176.235383
233.594491 75.970109 177.959410
232.612579 75.717967 179.683438
231.630666 75.465825 181.407466
230.648754 75.213683 183.131494
229.666841 74.961541 184.855522
228.684928 74.709400 186.579550
227.703016 74.457258 188.303578
226.721103 74.205116 190.027606
225.739191 73.952974 191.751634
224.757278 73.700833 193.475662
223.775366 73.448691 195.199689
222.793453 73.196549 196.923717
221.811540 72.944407 198.647745
220.829628 72.692265 200.371773
219.847715 72.440124 202.095801
218.865803 72.187982 203.819829
217.883890 71.935840 205.543857
216.901977 71.683698 207.267885
215.920065 71.431557 208.991913
214.938152 71.179415 210.715941
213.956240 70.927273 212.439968
212.974327 70.675131 214.163996
211.992415 70.422989 215.888024
211.010502 70.170848 217.612052
210.028589 69.918706 219.336080
209.046677 69.666564 221.060108
208.064764 69.414422 222.784136
207.082852 69.162281 224.508164
206.100939 68.910139 226.232192
205.119026 68.657997 227.956220
204.137114 68.405855 229.680248
203.155201 68.153713 231.404275
202.173289 67.901572 233.128303
201.191376 67.649430 234.852331
200.209464 67.397288 236.576359
199.227551 67.145146 238.300387
198.245638 66.893005 240.024415
197.263726 66.640863 241.748443
196.281813 66.388721 243.472471
195.299901 66.136579 245.196499
194.317988 65.884438 246.920527
193.336075 65.632296 248.644554
192.354163 65.380154 250.368582
191.372250 65.128012 252.092610
190.390338 64.875870 253.816638
189.408425 64.623729 255.540666
188.426513 64.371587 257.264694
187.444600 64.119445 258.988722
186.462687 63.867303 260.712750
185.480775 63.615162 262.436778
184.498862 63.363020 264.160806
183.516950 63.110878 265.884833
182.535037 62.858736 267.608861
181.553125 62.606594 269.332889
180.571212 62.354453 271.056917
179.589299 62.102311 272.780945
178.607387 61.850169 274.504973
177.625474 61.598027 276.229001
176.643562 61.345886 277.953029
175.661649 61.093744 279.677057
174.679736 60.841602 281.401085
173.697824 60.589460 283.125112
108.984694 -312.264089 -316.903074
108.181762 -310.437035 -316.772026
107.378830 -308.609981 -316.640979
106.575898 -306.782927 -316.509931
105.772966 -304.955873 -316.378883
104.970034 -303.128819 -316.247835
104.167102 -301.301765 -316.116787
103.364170 -299.474711 -315.985740
102.561238 -297.647657 -315.854692
101.758306 -295.820603 -315.723644
100.955373 -293.993548 -315.592596
100.152441 -292.166494 -315.461549
99.349509 -290.339440 -315.330501
98.546577 -288.512386 -315.199453
97.743645 -286.685332 -315.068405
96.940713 -284.858278 -314.937357
96.137781 -283.031224 -314.806310
95.334849 -281.204170 -314.675262
94.531917 -279.377116 -314.544214
93.728985 -277.550062 -314.413166
92.926053 -275.723008 -314.282119
92.123120 -273.895954 -314.151071
91.320188 -272.068900 -314.020023
90.517256 -270.241846 -313.888975
89.714324 -268.414792 -313.757927
88.911392 -266.587738 -313.626880
88.108460 -264.760684 -313.495832
87.305528 -262.933629 -313.364784
86.502596 -261.106575 -313.233736
85.699664 -259.279521 -313.102689
84.896732 -257.452467 -312.971641
84.093800 -255.625413 -312.840593
83.290867 -253.798359 -312.709545
82.487935 -251.971305 -312.578497
81.685003 -250.144251 -312.447450
80.882071 -248.317197 -312.316402
80.079139 -246.490143 -312.185354
79.276207 -244.663089 -312.054306
78.473275 -242.836035 -311.923259
77.670343 -241.008981 -311.792211
76.867411 -239.181927 -311.661163
76.064479 -237.354873 -311.530115
75.261547 -235.527819 -311.399067
74.458614 -233.700765 -311.268020
73.655682 -231.873710 -311.136972
72.852750 -230.046656 -311.005924
72.049818 -228.219602 -310.874876
71.246886 -226.392548 -310.743829
70.443954 -224.565494 -310.612781
69.641022 -222.738440 -310.481733
68.838090 -220.911386 -310.350685
68.035158 -219.084332 -310.219638
67.232226 -217.257278 -310.088590
66.429294 -215.430224 -309.957542
65.626361 -213.603170 -309.826494
64.823429 -211.776116 -309.695446
64.020497 -209.949062 -309.564399
63.217565 -208.122008 -309.433351
62.414633 -206.294954 -309.302303
61.611701 -204.467900 -309.171255
60.808769 -202.640845 -309.040208
60.005837 -200.813791 -308.909160
59.202905 -198.986737 -308.778112
58.399973 -197.159683 -308.647064
57.597041 -195.332629 -308.516016
56.794108 -193.505575 -308.384969
55.991176 -191.678521 -308.253921
55.188244 -189.851467 -308.122873
54.385312 -188.024413 -307.991825
53.582380 -186.197359 -307.860778
-214.810129 60.476435 -48.405657
-214.122551 59.135177 -47.091023
-213.434974 57.793918 -45.776388
-212.747397 56.452660 -44.461754
-212.059819 55.111402 -43.147120
-211.372242 53.770143 -41.832485
-210.684665 52.428885 -40.517851
-209.997087 51.087627 -39.203217
-209.309510 49.746368 -37.888582
-208.621932 48.405110 -36.573948
-207.934355 47.063852 -35.259314
-207.246778 45.722594 -33.944679
-206.559200 44.381335 -32.630045
-205.871623 43.040077 -31.315411
-205.184046 41.698819 -30.000776
-204.496468 40.357560 -28.686142
-203.808891 39.016302 -27.371507
-203.121313 37.675044 -26.056873
-202.433736 36.333785 -24.742239
-201.746159 34.992527 -23.427604
-201.058581 33.651269 -22.112970
-200.371004 32.310010 -20.798336
-199.683426 30.968752 -19.483701
-198.995849 29.627494 -18.169067
-198.308272 28.286235 -16.854433
-197.620694 26.944977 -15.539798
-196.933117 25.603719 -14.225164
-196.245540 24.262460 -12.910530
-195.557962 22.921202 -11.595895
-194.870385 21.579944 -10.281261
-194.182807 20.238686 -8.966627
-193.495230 18.897427 -7.651992
-192.807653 17.556169 -6.337358
-192.120075 16.214911 -5.022723
-191.432498 14.873652 -3.708089
-190.744921 13.532394 -2.393455
-190.057343 12.191136 -1.078820
-189.369766 10.849877 0.235814
-188.682188 9.508619 1.550448
-187.994611 8.167361 2.865083
-187.307034 6.826102 4.179717
-186.619456 5.484844 5.494351
-185.931879 4.143586 6.808986
-185.244301 2.802327 8.123620
-184.556724 1.461069 9.438254
-183.869147 0.119811 10.752889
-183.181569 -1.221447 12.067523
-182.493992 -2.562706 13.382157
-181.806415 -3.903964 14.696792
-181.118837 -5.245222 16.011426
-180.431260 -6.586481 17.326060
-179.743682 -7.927739 18.640695
-179.056105 -9.268997 19.955329
-178.368528 -10.610256 21.269964
-177.680950 -11.951514 22.584598
-176.993373 -13.292772 23.899232
-176.305795 -14.634031 25.213867
-175.618218 -15.975289 26.528501
-174.930641 -17.316547 27.843135
-174.243063 -18.657806 29.157770
-173.555486 -19.999064 30.472404
-172.867909 -21.340322 31.787038
-172.180331 -22.681581 33.101673
-171.492754 -24.022839 34.416307
-170.805176 -25.364097 35.730941
-170.117599 -26.705355 37.045576
-169.430022 -28.046614 38.360210
-168.742444 -29.387872 39.674844
-168.054867 -30.729130 40.989479
-167.367290 -32.070389 42.304113
-384.079021 39.247782 -354.418817
-382.228213 38.629440 -354.857182
-380.377405 38.011098 -355.295547
-378.526597 37.392756 -355.733911
-376.675790 36.774415 -356.172276
-374.824982 36.156073 -356.610641
-372.974174 35.537731 -357.049006
-371.123366 34.919389 -357.487370
-369.272558 34.301047 -357.925735
-367.421750 33.682706 -358.364100
-365.570942 33.064364 -358.802465
-363.720134 32.446022 -359.240830
-361.869327 31.827680 -359.679194
-360.018519 31.209338 -360.117559
-358.167711 30.590997 -360.555924
-356.316903 29.972655 -360.994289
-354.466095 29.354313 -361.432653
-352.615287 28.735971 -361.871018
-350.764479 28.117630 -362.309383
-348.913672 27.499288 -362.747748
-347.062864 26.880946 -363.186113
-345.212056 26.262604 -363.624477
-343.361248 25.644262 -364.062842
-341.510440 25.025921 -364.501207
-339.659632 24.407579 -364.939572
-337.808824 23.789237 -365.377936
-335.958016 23.170895 -365.816301
-334.107209 22.552554 -366.254666
-332.256401 21.934212 -366.693031
-330.405593 21.315870 -367.131396
-328.554785 20.697528 -367.569760
-326.703977 20.079186 -368.008125
-324.853169 19.460845 -368.446490
-323.002361 18.842503 -368.884855
-321.151554 18.224161 -369.323219
-319.300746 17.605819 -369.761584
-317.449938 16.987478 -370.199949
-315.599130 16.369136 -370.638314
-313.748322 15.750794 -371.076679
-311.897514 15.132452 -371.515043
-310.046706 14.514110 -371.953408
-308.195898 13.895769 -372.391773
-306.345091 13.277427 -372.830138
-304.494283 12.659085 -373.268503
-302.643475 12.040743 -373.706867
-300.792667 11.422402 -374.145232
-298.941859 10.804060 -374.583597
-297.091051 10.185718 -375.021962
-295.240243 9.567376 -375.460326
-293.389436 8.949034 -375.898691
-291.538628 8.330693 -376.337056
-289.687820 7.712351 -376.775421
-287.837012 7.094009 -377.213786
-285.986204 6.475667 -377.652150
-284.135396 5.857325 -378.090515
-282.284588 5.238984 -378.528880
-280.433780 4.620642 -378.967245
-278.582973 4.002300 -379.405609
-276.732165 3.383958 -379.843974
-274.881357 2.765617 -380.282339
-273.030549 2.147275 -380.720704
-271.179741 1.528933 -381.159069
-269.328933 0.910591 -381.597433
-267.478125 0.292249 -382.035798
-265.627318 -0.326092 -382.474163
-263.776510 -0.944434 -382.912528
-261.925702 -1.562776 -383.350892
-260.074894 -2.181118 -383.789257
-258.224086 -2.799459 -384.227622
-256.373278 -3.417801 -384.665987
7.089746 63.763154 -271.672807
8.965619 63.169926 -271.313390
10.841491 62.576697 -270.953972
12.717364 61.983469 -270.594555
14.593237 61.390240 -270.235137
16.469110 60.797012 -269.875720
18.344983 60.203783 -269.516303
20.220856 59.610555 -269.156885
22.096729 59.017326 -268.797468
23.972602 58.424098 -268.438051
25.848475 57.830869 -268.078633
27.724347 57.237641 -267.719216
29.600220 56.644412 -267.359799
31.476093 56.051184 -267.000381
33.351966 55.457955 -266.640964
35.227839 54.864727 -266.281546
37.103712 54.271498 -265.922129
38.979585 53.678270 -265.562712
40.855458 53.085042 -265.203294
42.731331 52.491813 -264.843877
44.607204 51.898585 -264.484460
46.483076 51.305356 -264.125042
48.358949 50.712128 -263.765625
50.234822 50.118899 -263.406207
52.110695 49.525671 -263.046790
53.986568 48.932442 -262.687373
55.862441 48.339214 -262.327955
57.738314 47.745985 -261.968538
59.614187 47.152757 -261.609121
61.490060 46.559528 -261.249703
63.365933 45.966300 -260.890286
65.241805 45.373071 -260.530869
67.117678 44.779843 -260.171451
68.993551 44.186614 -259.812034
70.869424 43.593386 -259.452616
72.745297 43.000157 -259.093199
74.621170 42.406929 -258.733782
76.497043 41.813700 -258.374364
78.372916 41.220472 -258.014947
80.248789 40.627243 -257.655530
82.124661 40.034015 -257.296112
84.000534 39.440786 -256.936695
85.876407 38.847558 -256.577278
87.752280 38.254329 -256.217860
89.628153 37.661101 -255.858443
91.504026 37.067872 -255.499025
93.379899 36.474644 -255.139608
95.255772 35.881415 -254.780191
97.131645 35.288187 -254.420773
99.007518 34.694958 -254.061356
100.883390 34.101730 -253.701939
102.759263 33.508501 -253.342521
104.635136 32.915273 -252.983104
106.511009 32.322044 -252.623686
108.386882 31.728816 -252.264269
110.262755 31.135588 -251.904852
112.138628 30.542359 -251.545434
114.014501 29.949131 -251.186017
115.890374 29.355902 -250.826600
117.766246 28.762674 -250.467182
119.642119 28.169445 -250.107765
121.517992 27.576217 -249.748348
123.393865 26.982988 -249.388930
125.269738 26.389760 -249.029513
127.145611 25.796531 -248.670095
129.021484 25.203303 -248.310678
130.897357 24.610074 -247.951261
132.773230 24.016846 -247.591843
134.649103 23.423617 -247.232426
136.524975 22.830389 -246.873009
-173.337236 -11.001228 -220.718091
-173.428593 -10.628815 -218.755195
-173.519949 -10.256402 -216.792298
-173.611306 -9.883989 -214.829402
-173.702662 -9.511576 -212.866505
-173.794019 -9.139164 -210.903609
-173.885375 -8.766751 -208.940712
-173.976732 -8.394338 -206.977816
-174.068088 -8.021925 -205.014919
-174.159445 -7.649513 -203.052023
-174.250801 -7.277100 -201.089126
-174.342158 -6.904687 -199.126230
-174.433514 -6.532274 -197.163333
-174.524870 -6.159861 -195.200437
-174.616227 -5.787449 -193.237540
-174.707583 -5.415036 -191.274644
-174.798940 -5.042623 -189.311747
-174.890296 -4.670210 -187.348851
-174.981653 -4.297798 -185.385954
-175.073009 -3.925385 -183.423058
-175.164366 -3.552972 -181.460161
-175.255722 -3.180559 -179.497265
-175.347079 -2.808146 -177.534368
-175.438435 -2.435734 -175.571472
-175.529792 -2.063321 -173.608575
-175.621148 -1.690908 -171.645679
-175.712505 -1.318495 -169.682782
-175.803861 -0.946082 -167.719886
-175.895218 -0.573670 -165.756989
-175.986574 -0.201257 -163.794092
-176.077930 0.171156 -161.831196
-176.169287 0.543569 -159.868299
-176.260643 0.915981 -157.905403
-176.352000 1.288394 -155.942506
-176.443356 1.660807 -153.979610
-176.534713 2.033220 -152.016713
-176.626069 2.405633 -150.053817
-176.717426 2.778045 -148.090920
-176.808782 3.150458 -146.128024
-176.900139 3.522871 -144.165127
-176.991495 3.895284 -142.202231
-177.082852 4.267696 -140.239334
-177.174208 4.640109 -138.276438
-177.265565 5.012522 -136.313541
-177.356921 5.384935 -134.350645
-177.448278 5.757348 -132.387748
-177.539634 6.129760 -130.424852
-177.630990 6.502173 -128.461955
-177.722347 6.874586 -126.499059
-177.813703 7.246999 -124.536162
-177.905060 7.619412 -122.573266
-177.996416 7.991824 -120.610369
-178.087773 8.364237 -118.647473
-178.179129 8.736650 -116.684576
-178.270486 9.109063 -114.721680
-178.361842 9.481475 -112.758783
-178.453199 9.853888 -110.795887
-178.544555 10.226301 -108.832990
-178.635912 10.598714 -106.870094
-178.727268 10.971127 -104.907197
-178.818625 11.343539 -102.944301
-178.909981 11.715952 -100.981404
-179.001338 12.088365 -99.018508
-179.092694 12.460778 -97.055611
-179.184050 12.833190 -95.092715
-179.275407 13.205603 -93.129818
-179.366763 13.578016 -91.166922
-179.458120 13.950429 -89.204025
-179.549476 14.322842 -87.241129
-179.640833 14.695254 -85.278232
-229.584553 153.328379 -345.329006
-230.566668 155.062405 -345.159879
-231.548783 156.796431 -344.990752
-232.530898 158.530457 -344.821624
-233.513013 160.264483 -344.652497
-234.495128 161.998509 -344.483369
-235.477243 163.732535 -344.314242
-236.459358 165.466561 -344.145115
-237.441472 167.200587 -343.975987
-238.423587 168.934613 -343.806860
-239.405702 170.668639 -343.637732
-240.387817 172.402665 -343.468605
-241.369932 174.136691 -343.299478
-242.352047 175.870717 -343.130350
-243.334162 177.604743 -342.961223
-244.316277 179.338769 -342.792095
-245.298392 181.072796 -342.622968
-246.280507 182.806822 -342.453841
-247.262622 184.540848 -342.284713
-248.244737 186.274874 -342.115586
-249.226852 188.008900 -341.946458
-250.208966 189.742926 -341.777331
-251.191081 191.476952 -341.608204
-252.173196 193.210978 -341.439076
-253.155311 194.945004 -341.269949
-254.137426 196.679030 -341.100821
-255.119541 198.413056 -340.931694
-256.101656 200.147082 -340.762567
-257.083771 201.881108 -340.593439
-258.065886 203.615134 -340.424312
-259.048001 205.349160 -340.255185
-260.030116 207.083186 -340.086057
-261.012231 208.817212 -339.916930
-261.994346 210.551238 -339.747802
-262.976460 212.285264 -339.578675
-263.958575 214.019290 -339.409548
-264.940690 215.753316 -339.240420
-265.922805 217.487342 -339.071293
-266.904920 219.221368 -338.902165
-267.887035 220.955394 -338.733038
-268.869150 222.689420 -338.563911
-269.851265 224.423446 -338.394783
-270.833380 226.157472 -338.225656
-271.815495 227.891498 -338.056528
-272.797610 229.625524 -337.887401
-273.779725 231.359550 -337.718274
-274.761840 233.093576 -337.549146
-275.743954 234.827602 -337.380019
-276.726069 236.561628 -337.210891
-277.708184 238.295654 -337.041764
-278.690299 240.029680 -336.872637
-279.672414 241.763706 -336.703509
-280.654529 243.497732 -336.534382
-281.636644 245.231758 -336.365254
-282.618759 246.965784 -336.196127
-283.600874 248.699810 -336.027000
-284.582989 250.433836 -335.857872
-285.565104 252.167862 -335.688745
-286.547219 253.901888 -335.519617
-287.529333 255.635914 -335.350490
-288.511448 257.369940 -335.181363
-289.493563 259.103966 -335.012235
-290.475678 260.837992 -334.843108
-291.457793 262.572018 -334.673981
-292.439908 264.306044 -334.504853
-293.422023 266.040070 -334.335726
-294.404138 267.774096 -334.166598
-295.386253 269.508122 -333.997471
-296.368368 271.242148 -333.828344
-297.350483 272.976174 -333.659216
-227.307750 -86.771646 374.564354
-229.114357 -85.998631 374.192036
-230.920963 -85.225616 373.819717
-232.727569 -84.452600 373.447399
-234.534175 -83.679585 373.075080
-236.340782 -82.906569 372.702762
-238.147388 -82.133554 372.330443
-239.953994 -81.360539 371.958124
-241.760600 -80.587523 371.585806
-243.567207 -79.814508 371.213487
-245.373813 -79.041492 370.841169
-247.180419 -78.268477 370.468850
-248.987025 -77.495462 370.096532
-250.793632 -76.722446 369.724213
-252.600238 -75.949431 369.351895
-254.406844 -75.176415 368.979576
-256.213450 -74.403400 368.607258
-258.020056 -73.630385 368.234939
-259.826663 -72.857369 367.862620
-261.633269 -72.084354 367.490302
-263.439875 -71.311339 367.117983
-265.246481 -70.538323 366.745665
-267.053088 -69.765308 366.373346
-268.859694 -68.992292 366.001028
-270.666300 -68.219277 365.628709
-272.472906 -67.446262 365.256391
-274.279513 -66.673246 364.884072
-276.086119 -65.900231 364.511754
-277.892725 -65.127215 364.139435
-279.699331 -64.354200 363.767116
-281.505938 -63.581185 363.394798
-283.312544 -62.808169 363.022479
-285.119150 -62.035154 362.650161
-286.925756 -61.262138 362.277842
-288.732363 -60.489123 361.905524
-290.538969 -59.716108 361.533205
-292.345575 -58.943092 361.160887
-294.152181 -58.170077 360.788568
-295.958788 -57.397062 360.416250
-297.765394 -56.624046 360.043931
-299.572000 -55.851031 359.671612
-301.378606 -55.078015 359.299294
-303.185212 -54.305000 358.926975
-304.991819 -53.531985 358.554657
-306.798425 -52.758969 358.182338
-308.605031 -51.985954 357.810020
-310.411637 -51.212938 357.437701
-312.218244 -50.439923 357.065383
-314.024850 -49.666908 356.693064
-315.831456 -48.893892 356.320746
-317.638062 -48.120877 355.948427
-319.444669 -47.347861 355.576108
-321.251275 -46.574846 355.203790
-323.057881 -45.801831 354.831471
-324.864487 -45.028815 354.459153
-326.671094 -44.255800 354.086834
-328.477700 -43.482785 353.714516
-330.284306 -42.709769 353.342197
-332.090912 -41.936754 352.969879
-333.897519 -41.163738 352.597560
-335.704125 -40.390723 352.225242
-337.510731 -39.617708 351.852923
-339.317337 -38.844692 351.480604
-341.123944 -38.071677 351.108286
-342.930550 -37.298661 350.735967
-344.737156 -36.525646 350.363649
-346.543762 -35.752631 349.991330
-348.350369 -34.979615 349.619012
-350.156975 -34.206600 349.246693
-351.963581 -33.433584 348.874375
156.588636 -306.698351 -238.807326
155.470887 -306.189324 -237.228868
154.353139 -305.680297 -235.650410
153.235390 -305.171270 -234.071952
152.117642 -304.662243 -232.493494
150.999893 -304.153216 -230.915035
149.882145 -303.644189 -229.336577
148.764396 -303.135162 -227.758119
147.646648 -302.626136 -226.179661
146.528899 -302.117109 -224.601203
145.411151 -301.608082 -223.022745
144.293402 -301.099055 -221.444287
143.175654 -300.590028 -219.865829
142.057905 -300.081001 -218.287371
140.940157 -299.571974 -216.708913
139.822408 -299.062947 -215.130455
138.704660 -298.553920 -213.551997
137.586912 -298.044893 -211.973539
136.469163 -297.535866 -210.395081
135.351415 -297.026839 -208.816622
134.233666 -296.517812 -207.238164
133.115918 -296.008785 -205.659706
131.998169 -295.499758 -204.081248
130.880421 -294.990732 -202.502790
129.762672 -294.481705 -200.924332
128.644924 -293.972678 -199.345874
127.527175 -293.463651 -197.767416
126.409427 -292.954624 -196.188958
125.291678 -292.445597 -194.610500
124.173930 -291.936570 -193.032042
123.056181 -291.427543 -191.453584
121.938433 -290.918516 -189.875126
120.820684 -290.409489 -188.296667
119.702936 -289.900462 -186.718209
118.585187 -289.391435 -185.139751
117.467439 -288.882408 -183.561293
116.349690 -288.373381 -181.982835
115.231942 -287.864354 -180.404377
114.114193 -287.355328 -178.825919
112.996445 -286.846301 -177.247461
111.878696 -286.337274 -175.669003
110.760948 -285.828247 -174.090545
109.643199 -285.319220 -172.512087
108.525451 -284.810193 -170.933629
107.407702 -284.301166 -169.355171
106.289954 -283.792139 -167.776712
105.172205 -283.283112 -166.198254
104.054457 -282.774085 -164.619796
102.936708 -282.265058 -163.041338
101.818960 -281.756031 -161.462880
100.701211 -281.247004 -159.884422
99.583463 -280.737977 -158.305964
98.465714 -280.228951 -156.727506
97.347966 -279.719924 -155.149048
96.230217 -279.210897 -153.570590
95.112469 -278.701870 -151.992132
93.994720 -278.192843 -150.413674
92.876972 -277.683816 -148.835216
91.759223 -277.174789 -147.256757
90.641475 -276.665762 -145.678299
89.523726 -276.156735 -144.099841
88.405978 -275.647708 -142.521383
87.288230 -275.138681 -140.942925
86.170481 -274.629654 -139.364467
85.052733 -274.120627 -137.786009
83.934984 -273.611600 -136.207551
82.817236 -273.102573 -134.629093
81.699487 -272.593547 -133.050635
80.581739 -272.084520 -131.472177
79.463990 -271.575493 -129.893719
-217.768518 178.424927 -166.444665
-217.847231 176.437963 -166.658627
-217.925945 174.451000 -166.872589
-218.004658 172.464036 -167.086552
-218.083372 170.477073 -167.300514
-218.162085 168.490109 -167.514477
-218.240799 166.503145 -167.728439
-218.319513 164.516182 -167.942402
-218.398226 162.529218 -168.156364
-218.476940 160.542255 -168.370327
-218.555653 158.555291 -168.584289
-218.634367 156.568328 -168.798252
-218.713080 154.581364 -169.012214
-218.791794 152.594400 -169.226176
-218.870508 150.607437 -169.440139
-218.949221 148.620473 -169.654101
-219.027935 146.633510 -169.868064
-219.106648 144.646546 -170.082026
-219.185362 142.659583 -170.295989
-219.264075 140.672619 -170.509951
-219.342789 138.685655 -170.723914
-219.421502 136.698692 -170.937876
-219.500216 134.711728 -171.151838
-219.578930 132.724765 -171.365801
-219.657643 130.737801 -171.579763
-219.736357 128.750837 -171.793726
-219.815070 126.763874 -172.007688
-219.893784 124.776910 -172.221651
-219.972497 122.789947 -172.435613
-220.051211 120.802983 -172.649576
-220.129925 118.816020 -172.863538
-220.208638 116.829056 -173.077501
-220.287352 114.842092 -173.291463
-220.366065 112.855129 -173.505425
-220.444779 110.868165 -173.719388
-220.523492 108.881202 -173.933350
-220.602206 106.894238 -174.147313
-220.680919 104.907275 -174.361275
-220.759633 102.920311 -174.575238
-220.838347 100.933347 -174.789200
-220.917060 98.946384 -175.003163
-220.995774 96.959420 -175.217125
-221.074487 94.972457 -175.431087
-221.153201 92.985493 -175.645050
-221.231914 90.998530 -175.859012
-221.310628 89.011566 -176.072975
-221.389341 87.024602 -176.286937
-221.468055 85.037639 -176.500900
-221.546769 83.050675 -176.714862
-221.625482 81.063712 -176.928825
-221.704196 79.076748 -177.142787
-221.782909 77.089785 -177.356750
-221.861623 75.102821 -177.570712
-221.940336 73.115857 -177.784674
-222.019050 71.128894 -177.998637
-222.097764 69.141930 -178.212599
-222.176477 67.154967 -178.426562
-222.255191 65.168003 -178.640524
-222.333904 63.181040 -178.854487
-222.412618 61.194076 -179.068449
-222.491331 59.207112 -179.282412
-222.570045 57.220149 -179.496374
-222.648758 55.233185 -179.710336
-222.727472 53.246222 -179.924299
-222.806186 51.259258 -180.138261
-222.884899 49.272295 -180.352224
-222.963613 47.285331 -180.566186
-223.042326 45.298367 -180.780149
-223.121040 43.311404 -180.994111
-223.199753 41.324440 -181.208074
4.670417 373.532054 -366.886014
5.005590 372.661140 -365.117068
5.340762 371.790226 -363.348122
5.675935 370.919313 -361.579177
6.011108 370.048399 -359.810231
6.346280 369.177485 -358.041286
6.681453 368.306571 -356.272340
7.016625 367.435658 -354.503394
7.351798 366.564744 -352.734449
7.686970 365.693830 -350.965503
8.022143 364.822917 -349.196557
8.357315 363.952003 -347.427612
8.692488 363.081089 -345.658666
9.027661 362.210175 -343.889720
9.362833 361.339262 -342.120775
9.698006 360.468348 -340.351829
10.033178 359.597434 -338.582884
10.368351 358.726521 -336.813938
10.703523 357.855607 -335.044992
11.038696 356.984693 -333.276047
11.373869 356.113779 -331.507101
11.709041 355.242866 -329.738155
12.044214 354.371952 -327.969210
12.379386 353.501038 -326.200264
12.714559 352.630125 -324.431318
13.049731 351.759211 -322.662373
13.384904 350.888297 -320.893427
13.720076 350.017383 -319.124482
14.055249 349.146470 -317.355536
14.390422 348.275556 -315.586590
14.725594 347.404642 -313.817645
15.060767 346.533729 -312.048699
15.395939 345.662815 -310.279753
15.731112 344.791901 -308.510808
16.066284 343.920987 -306.741862
16.401457 343.050074 -304.972916
16.736630 342.179160 -303.203971
17.071802 341.308246 -301.435025
17.406975 340.437333 -299.666080
17.742147 339.566419 -297.897134
18.077320 338.695505 -296.128188
18.412492 337.824592 -294.359243
18.747665 336.953678 -292.590297
19.082837 336.082764 -290.821351
19.418010 335.211850 -289.052406
19.753183 334.340937 -287.283460
20.088355 333.470023 -285.514514
20.423528 332.599109 -283.745569
20.758700 331.728196 -281.976623
21.093873 330.857282 -280.207678
21.429045 329.986368 -278.438732
21.764218 329.115454 -276.669786
22.099391 328.244541 -274.900841
22.434563 327.373627 -273.131895
22.769736 326.502713 -271.362949
23.104908 325.631800 -269.594004
23.440081 324.760886 -267.825058
23.775253 323.889972 -266.056112
24.110426 323.019058 -264.287167
24.445599 322.148145 -262.518221
24.780771 321.277231 -260.749276
25.115944 320.406317 -258.980330
25.451116 319.535404 -257.211384
25.786289 318.664490 -255.442439
26.121461 317.793576 -253.673493
26.456634 316.922662 -251.904547
26.791806 316.051749 -250.135602
27.126979 315.180835 -248.366656
27.462152 314.309921 -246.597711
27.797324 313.439008 -244.828765
-255.119218 -377.475990 266.777449
-255.520915 -375.829505 265.715505
-255.922612 -374.183020 264.653560
-256.324308 -372.536534 263.591616
-256.726005 -370.890049 262.529672
-257.127701 -369.243563 261.467728
-257.529398 -367.597078 260.405783
-257.931095 -365.950592 259.343839
-258.332791 -364.304107 258.281895
-258.734488 -362.657622 257.219951
-259.136184 -361.011136 256.158007
-259.537881 -359.364651 255.096062
-259.939578 -357.718165 254.034118
-260.341274 -356.071680 252.972174
-260.742971 -354.425194 251.910230
-261.144667 -352.778709 250.848285
-261.546364 -351.132223 249.786341
-261.948061 -349.485738 248.724397
-262.349757 -347.839253 247.662453
-262.751454 -346.192767 246.600508
-263.153150 -344.546282 245.538564
-263.554847 -342.899796 244.476620
-263.956544 -341.253311 243.414676
-264.358240 -339.606825 242.352732
-264.759937 -337.960340 241.290787
-265.161633 -336.313855 240.228843
-265.563330 -334.667369 239.166899
-265.965027 -333.020884 238.104955
-266.366723 -331.374398 237.043010
-266.768420 -329.727913 235.981066
-267.170116 -328.081427 234.919122
-267.571813 -326.434942 233.857178
-267.973510 -324.788457 232.795233
-268.375206 -323.141971 231.733289
-268.776903 -321.495486 230.671345
-269.178599 -319.849000 229.609401
-269.580296 -318.202515 228.547456
-269.981993 -316.556029 227.485512
-270.383689 -314.909544 226.423568
-270.785386 -313.263058 225.361624
-271.187082 -311.616573 224.299680
-271.588779 -309.970088 223.237735
-271.990476 -308.323602 222.175791
-272.392172 -306.677117 221.113847
-272.793869 -305.030631 220.051903
-273.195565 -303.384146 218.989958
-273.597262 -301.737660 217.928014
-273.998959 -300.091175 216.866070
-274.400655 -298.444690 215.804126
-274.802352 -296.798204 214.742181
-275.204048 -295.151719 213.680237
-275.605745 -293.505233 212.618293
-276.007442 -291.858748 211.556349
-276.409138 -290.212262 210.494405
-276.810835 -288.565777 209.432460
-277.212531 -286.919292 208.370516
-277.614228 -285.272806 207.308572
-278.015925 -283.626321 206.246628
-278.417621 -281.979835 205.184683
-278.819318 -280.333350 204.122739
-279.221014 -278.686864 203.060795
-279.622711 -277.040379 201.998851
-280.024408 -275.393893 200.936906
-280.426104 -273.747408 199.874962
-280.827801 -272.100923 198.813018
-281.229497 -270.454437 197.751074
-281.631194 -268.807952 196.689129
-282.032890 -267.161466 195.627185
-282.434587 -265.514981 194.565241
-282.836284 -263.868495 193.503297
185.514466 107.361426 46.578350
186.025674 108.665420 48.006028
186.536882 109.969415 49.433706
187.048090 111.273410 50.861384
187.559298 112.577404 52.289061
188.070506 113.881399 53.716739
188.581714 115.185394 55.144417
189.092923 116.489388 56.572095
189.604131 117.793383 57.999773
190.115339 119.097378 59.427451
190.626547 120.401372 60.855129
191.137755 121.705367 62.282807
191.648963 123.009362 63.710484
192.160172 124.313356 65.138162
192.671380 125.617351 66.565840
193.182588 126.921346 67.993518
193.693796 128.225340 69.421196
194.205004 129.529335 70.848874
194.716212 130.833330 72.276552
195.227421 132.137324 73.704229
195.738629 133.441319 75.131907
196.249837 134.745314 76.559585
196.761045 136.049308 77.987263
197.272253 137.353303 79.414941
197.783461 138.657298 80.842619
198.294670 139.961292 82.270297
198.805878 141.265287 83.697975
199.317086 142.569282 85.125652
199.828294 143.873276 86.553330
200.339502 145.177271 87.981008
200.850710 146.481266 89.408686
201.361918 147.785261 90.836364
201.873127 149.089255 92.264042
202.384335 150.393250 93.691720
202.895543 151.697245 95.119398
203.406751 153.001239 96.547075
203.917959 154.305234 97.974753
204.429167 155.609229 99.402431
204.940376 156.913223 100.830109
205.451584 158.217218 102.257787
205.962792 159.521213 103.685465
206.474000 160.825207 105.113143
206.985208 162.129202 106.540820
207.496416 163.433197 107.968498
208.007625 164.737191 109.396176
208.518833 166.041186 110.823854
209.030041 167.345181 112.251532
209.541249 168.649175 113.679210
210.052457 169.953170 115.106888
210.563665 171.257165 116.534566
211.074874 172.561159 117.962243
211.586082 173.865154 119.389921
212.097290 175.169149 120.817599
212.608498 176.473143 122.245277
213.119706 177.777138 123.672955
213.630914 179.081133 125.100633
214.142122 180.385127 126.528311
214.653331 181.689122 127.955989
215.164539 182.993117 129.383666
215.675747 184.297111 130.811344
216.186955 185.601106 132.239022
216.698163 186.905101 133.666700
217.209371 188.209095 135.094378
217.720580 189.513090 136.522056
218.231788 190.817085 137.949734
218.742996 192.121080 139.377412
219.254204 193.425074 140.805089
219.765412 194.729069 142.232767
220.276620 196.033064 143.660445
220.787829 197.337058 145.088123
-141.535584 -175.658058 222.055357
-140.459982 -175.948411 223.716313
-139.384380 -176.238763 225.377269
-138.308777 -176.529115 227.038225
-137.233175 -176.819468 228.699181
-136.157572 -177.109820 230.360137
-135.081970 -177.400172 232.021093
-134.006368 -177.690525 233.682049
-132.930765 -177.980877 235.343005
-131.855163 -178.271229 237.003962
-130.779561 -178.561582 238.664918
-129.703958 -178.851934 240.325874
-128.628356 -179.142286 241.986830
-127.552753 -179.432639 243.647786
-126.477151 -179.722991 245.308742
-125.401549 -180.013343 246.969698
-124.325946 -180.303696 248.630654
-123.250344 -180.594048 250.291610
-122.174742 -180.884401 251.952566
-121.099139 -181.174753 253.613522
-120.023537 -181.465105 255.274478
-118.947934 -181.755458 256.935434
-117.872332 -182.045810 258.596390
-116.796730 -182.336162 260.257346
-115.721127 -182.626515 261.918302
-114.645525 -182.916867 263.579259
-113.569922 -183.207219 265.240215
-112.494320 -183.497572 266.901171
-111.418718 -183.787924 268.562127
-110.343115 -184.078276 270.223083
-109.267513 -184.368629 271.884039
-108.191911 -184.658981 273.544995
-107.116308 -184.949333 275.205951
-106.040706 -185.239686 276.866907
-104.965103 -185.530038 278.527863
-103.889501 -185.820390 280.188819
-102.813899 -186.110743 281.849775
-101.738296 -186.401095 283.510731
-100.662694 -186.691447 285.171687
-99.587092 -186.981800 286.832643
-98.511489 -187.272152 288.493599
-97.435887 -187.562504 290.154556
-96.360284 -187.852857 291.815512
-95.284682 -188.143209 293.476468
-94.209080 -188.433561 295.137424
-93.133477 -188.723914 296.798380
-92.057875 -189.014266 298.459336
-90.982273 -189.304618 300.120292
-89.906670 -189.594971 301.781248
-88.831068 -189.885323 303.442204
-87.755465 -190.175675 305.103160
-86.679863 -190.466028 306.764116
-85.604261 -190.756380 308.425072
-84.528658 -191.046732 310.086028
-83.453056 -191.337085 311.746984
-82.377454 -191.627437 313.407940
-81.301851 -191.917790 315.068896
-80.226249 -192.208142 316.729853
-79.150646 -192.498494 318.390809
-78.075044 -192.788847 320.051765
-76.999442 -193.079199 321.712721
-75.923839 -193.369551 323.373677
-74.848237 -193.659904 325.034633
-73.772634 -193.950256 326.695589
-72.697032 -194.240608 328.356545
-71.621430 -194.530961 330.017501
-70.545827 -194.821313 331.678457
-69.470225 -195.111665 333.339413
-68.394623 -195.402018 335.000369
-67.319020 -195.692370 336.661325
-181.414415 187.920544 -190.540626
-182.657373 186.354161 -190.579344
-183.900331 184.787778 -190.618062
-185.143289 183.221395 -190.656779
-186.386247 181.655011 -190.695497
-187.629205 180.088628 -190.734215
-188.872163 178.522245 -190.772932
-190.115121 176.955862 -190.811650
-191.358079 175.389479 -190.850367
-192.601037 173.823095 -190.889085
-193.843996 172.256712 -190.927803
-195.086954 170.690329 -190.966520
-196.329912 169.123946 -191.005238
-197.572870 167.557563 -191.043956
-198.815828 165.991179 -191.082673
-200.058786 164.424796 -191.121391
-201.301744 162.858413 -191.160108
-202.544702 161.292030 -191.198826
-203.787660 159.725647 -191.237544
-205.030618 158.159263 -191.276261
-206.273576 156.592880 -191.314979
-207.516534 155.026497 -191.353697
-208.759492 153.460114 -191.392414
-210.002450 151.893731 -191.431132
-211.245408 150.327348 -191.469849
-212.488366 148.760964 -191.508567
-213.731324 147.194581 -191.547285
-214.974282 145.628198 -191.586002
-216.217240 144.061815 -191.624720
-217.460198 142.495432 -191.663438
-218.703156 140.929048 -191.702155
-219.946114 139.362665 -191.740873
-221.189072 137.796282 -191.779590
-222.432030 136.229899 -191.818308
-223.674988 134.663516 -191.857026
-224.917946 133.097132 -191.895743
-226.160904 131.530749 -191.934461
-227.403862 129.964366 -191.973179
-228.646820 128.397983 -192.011896
-229.889778 126.831600 -192.050614
-231.132736 125.265216 -192.089331
-232.375694 123.698833 -192.128049
-233.618652 122.132450 -192.166767
-234.861610 120.566067 -192.205484
-236.104568 118.999684 -192.244202
-237.347526 117.433300 -192.282920
-238.590484 115.866917 -192.321637
-239.833442 114.300534 -192.360355
-241.076400 112.734151 -192.399072
-242.319358 111.167768 -192.437790
-243.562316 109.601384 -192.476508
-244.805274 108.035001 -192.515225
-246.048232 106.468618 -192.553943
-247.291190 104.902235 -192.592661
-248.534148 103.335852 -192.631378
-249.777106 101.769468 -192.670096
-251.020064 100.203085 -192.708814
-252.263022 98.636702 -192.747531
-253.505980 97.070319 -192.786249
-254.748938 95.503936 -192.824966
-255.991896 93.937553 -192.863684
-257.234854 92.371169 -192.902402
-258.477812 90.804786 -192.941119
-259.720770 89.238403 -192.979837
-260.963728 87.672020 -193.018555
-262.206686 86.105637 -193.057272
-263.449644 84.539253 -193.095990
-264.692602 82.972870 -193.134707
-265.935561 81.406487 -193.173425
-267.178519 79.840104 -193.212143
228.817792 -101.702940 306.301842
227.138994 -102.243168 307.245130
225.460197 -102.783397 308.188418
223.781399 -103.323625 309.131706
222.102601 -103.863853 310.074994
220.423804 -104.404081 311.018282
218.745006 -104.944309 311.961570
217.066209 -105.484537 312.904858
215.387411 -106.024765 313.848146
213.708614 -106.564993 314.791434
212.029816 -107.105221 315.734722
210.351018 -107.645450 316.678010
208.672221 -108.185678 317.621298
206.993423 -108.725906 318.564586
205.314626 -109.266134 319.507874
203.635828 -109.806362 320.451162
201.957031 -110.346590 321.394450
200.278233 -110.886818 322.337738
198.599435 -111.427046 323.281026
196.920638 -111.967274 324.224314
195.241840 -112.507503 325.167602
193.563043 -113.047731 326.110890
191.884245 -113.587959 327.054178
190.205447 -114.128187 327.997466
188.526650 -114.668415 328.940754
186.847852 -115.208643 329.884042
185.169055 -115.748871 330.827330
183.490257 -116.289099 331.770618
181.811460 -116.829328 332.713906
180.132662 -117.369556 333.657194
178.453864 -117.909784 334.600482
176.775067 -118.450012 335.543770
175.096269 -118.990240 336.487058
173.417472 -119.530468 337.430346
171.738674 -120.070696 338.373634
170.059876 -120.610924 339.316923
168.381079 -121.151152 340.260211
166.702281 -121.691381 341.203499
165.023484 -122.231609 342.146787
163.344686 -122.771837 343.090075
161.665889 -123.312065 344.033363
159.987091 -123.852293 344.976651
158.308293 -124.392521 345.919939
156.629496 -124.932749 346.863227
154.950698 -125.472977 347.806515
153.271901 -126.013205 348.749803
151.593103 -126.553434 349.693091
149.914306 -127.093662 350.636379
148.235508 -127.633890 351.579667
146.556710 -128.174118 352.522955
144.877913 -128.714346 353.466243
143.199115 -129.254574 354.409531
141.520318 -129.794802 355.352819
139.841520 -130.335030 356.296107
138.162722 -130.875258 357.239395
136.483925 -131.415487 358.182683
134.805127 -131.955715 359.125971
133.126330 -132.495943 360.069259
131.447532 -133.036171 361.012547
129.768735 -133.576399 361.955835
128.089937 -134.116627 362.899123
126.411139 -134.656855 363.842411
124.732342 -135.197083 364.785699
123.053544 -135.737312 365.728987
121.374747 -136.277540 366.672275
119.695949 -136.817768 367.615563
118.017152 -137.357996 368.558851
116.338354 -137.898224 369.502139
114.659556 -138.438452 370.445427
112.980759 -138.978680 371.388715
293.037946 -227.721578 -176.142332
294.267667 -226.316510 -176.858968
295.497388 -224.911441 -177.575605
296.727110 -223.506373 -178.292241
297.956831 -222.101304 -179.008878
299.186552 -220.696236 -179.725514
300.416274 -219.291167 -180.442151
301.645995 -217.886099 -181.158787
302.875716 -216.481030 -181.875424
304.105438 -215.075961 -182.592060
305.335159 -213.670893 -183.308697
306.564880 -212.265824 -184.025333
307.794602 -210.860756 -184.741970
309.024323 -209.455687 -185.458606
310.254044 -208.050619 -186.175243
311.483765 -206.645550 -186.891879
312.713487 -205.240482 -187.608516
313.943208 -203.835413 -188.325152
315.172929 -202.430345 -189.041789
316.402651 -201.025276 -189.758425
317.632372 -199.620208 -190.475062
318.862093 -198.215139 -191.191699
320.091815 -196.810070 -191.908335
321.321536 -195.405002 -192.624972
322.551257 -193.999933 -193.341608
323.780979 -192.594865 -194.058245
325.010700 -191.189796 -194.774881
326.240421 -189.784728 -195.491518
327.470143 -188.379659 -196.208154
328.699864 -186.974591 -196.924791
329.929585 -185.569522 -197.641427
331.159307 -184.164454 -198.358064
332.389028 -182.759385 -199.074700
333.618749 -181.354317 -199.791337
334.848470 -179.949248 -200.507973
336.078192 -178.544180 -201.224610
337.307913 -177.139111 -201.941246
338.537634 -175.734042 -202.657883
339.767356 -174.328974 -203.374519
340.997077 -172.923905 -204.091156
342.226798 -171.518837 -204.807792
343.456520 -170.113768 -205.524429
344.686241 -168.708700 -206.241065
345.915962 -167.303631 -206.957702
347.145684 -165.898563 -207.674338
348.375405 -164.493494 -208.390975
349.605126 -163.088426 -209.107611
350.834848 -161.683357 -209.824248
352.064569 -160.278289 -210.540884
353.294290 -158.873220 -211.257521
354.524011 -157.468151 -211.974158
355.753733 -156.063083 -212.690794
356.983454 -154.658014 -213.407431
358.213175 -153.252946 -214.124067
359.442897 -151.847877 -214.840704
360.672618 -150.442809 -215.557340
361.902339 -149.037740 -216.273977
363.132061 -147.632672 -216.990613
364.361782 -146.227603 -217.707250
365.591503 -144.822535 -218.423886
366.821225 -143.417466 -219.140523
368.050946 -142.012398 -219.857159
369.280667 -140.607329 -220.573796
370.510389 -139.202261 -221.290432
371.740110 -137.797192 -222.007069
372.969831 -136.392123 -222.723705
374.199553 -134.987055 -223.440342
375.429274 -133.581986 -224.156978
376.658995 -132.176918 -224.873615
377.888716 -130.771849 -225.590251
265.629318 32.781042 145.693635
265.259713 30.817998 145.594378
264.890109 28.854955 145.495120
264.520504 26.891911 145.395862
264.150900 24.928867 145.296604
263.781295 22.965824 145.197347
263.411691 21.002780 145.098089
263.042086 19.039736 144.998831
262.672482 17.076693 144.899573
262.302877 15.113649 144.800316
261.933273 13.150605 144.701058
261.563669 11.187562 144.601800
261.194064 9.224518 144.502542
260.824460 7.261474 144.403285
260.454855 5.298431 144.304027
260.085251 3.335387 144.204769
259.715646 1.372343 144.105511
259.346042 -0.590700 144.006254
258.976437 -2.553744 143.906996
258.606833 -4.516788 143.807738
258.237228 -6.479831 143.708480
257.867624 -8.442875 143.609223
257.498019 -10.405919 143.509965
257.128415 -12.368962 143.410707
256.758811 -14.332006 143.311449
256.389206 -16.295050 143.212192
256.019602 -18.258093 143.112934
255.649997 -20.221137 143.013676
255.280393 -22.184181 142.914418
254.910788 -24.147224 142.815161
254.541184 -26.110268 142.715903
254.171579 -28.073312 142.616645
253.801975 -30.036355 142.517387
253.432370 -31.999399 142.418130
253.062766 -33.962443 142.318872
252.693161 -35.925486 142.219614
252.323557 -37.888530 142.120356
251.953953 -39.851574 142.021099
251.584348 -41.814617 141.921841
251.214744 -43.777661 141.822583
250.845139 -45.740705 141.723325
250.475535 -47.703748 141.624068
250.105930 -49.666792 141.524810
249.736326 -51.629836 141.425552
249.366721 -53.592879 141.326294
248.997117 -55.555923 141.227037
248.627512 -57.518967 141.127779
248.257908 -59.482010 141.028521
247.888303 -61.445054 140.929263
247.518699 -63.408098 140.830006
247.149095 -65.371141 140.730748
246.779490 -67.334185 140.631490
246.409886 -69.297229 140.532232
246.040281 -71.260272 140.432974
245.670677 -73.223316 140.333717
245.301072 -75.186360 140.234459
244.931468 -77.149404 140.135201
244.561863 -79.112447 140.035943
244.192259 -81.075491 139.936686
243.822654 -83.038535 139.837428
243.453050 -85.001578 139.738170
243.083445 -86.964622 139.638912
242.713841 -88.927666 139.539655
242.344237 -90.890709 139.440397
241.974632 -92.853753 139.341139
241.605028 -94.816797 139.241881
241.235423 -96.779840 139.142624
240.865819 -98.742884 139.043366
240.496214 -100.705928 138.944108
240.126610 -102.668971 138.844850
-14.283968 -217.121314 246.266615
-13.052664 -215.583955 245.919608
-11.821359 -214.046595 245.572601
-10.590054 -212.509235 245.225593
-9.358750 -210.971875 244.878586
-8.127445 -209.434516 244.531579
-6.896141 -207.897156 244.184572
-5.664836 -206.359796 243.837565
-4.433531 -204.822436 243.490558
-3.202227 -203.285077 243.143551
-1.970922 -201.747717 242.796544
-0.739618 -200.210357 242.449537
0.491687 -198.672997 242.102530
1.722992 -197.135638 241.755522
2.954296 -195.598278 241.408515
4.185601 -194.060918 241.061508
5.416905 -192.523558 240.714501
6.648210 -190.986198 240.367494
7.879515 -189.448839 240.020487
9.110819 -187.911479 239.673480
10.342124 -186.374119 239.326473
11.573429 -184.836759 238.979466
12.804733 -183.299400 238.632459
14.036038 -181.762040 238.285452
15.267342 -180.224680 237.938444
16.498647 -178.687320 237.591437
17.729952 -177.149961 237.244430
18.961256 -175.612601 236.897423
20.192561 -174.075241 236.550416
21.423865 -172.537881 236.203409
22.655170 -171.000522 235.856402
23.886475 -169.463162 235.509395
25.117779 -167.925802 235.162388
26.349084 -166.388442 234.815381
27.580389 -164.851083 234.468374
28.811693 -163.313723 234.121366
30.042998 -161.776363 233.774359
31.274302 -160.239003 233.427352
32.505607 -158.701644 233.080345
33.736912 -157.164284 232.733338
34.968216 -155.626924 232.386331
36.199521 -154.089564 232.039324
37.430825 -152.552205 231.692317
38.662130 -151.014845 231.345310
39.893435 -149.477485 230.998303
41.124739 -147.940125 230.651295
42.356044 -146.402765 230.304288
43.587348 -144.865406 229.957281
44.818653 -143.328046 229.610274
46.049958 -141.790686 229.263267
47.281262 -140.253326 228.916260
48.512567 -138.715967 228.569253
49.743872 -137.178607 228.222246
50.975176 -135.641247 227.875239
52.206481 -134.103887 227.528232
53.437785 -132.566528 227.181225
54.669090 -131.029168 226.834217
55.900395 -129.491808 226.487210
57.131699 -127.954448 226.140203
58.363004 -126.417089 225.793196
59.594308 -124.879729 225.446189
60.825613 -123.342369 225.099182
62.056918 -121.805009 224.752175
63.288222 -120.267650 224.405168
64.519527 -118.730290 224.058161
65.750832 -117.192930 223.711154
66.982136 -115.655570 223.364147
68.213441 -114.118211 223.017139
69.444745 -112.580851 222.670132
70.676050 -111.043491 222.323125
62.187726 -158.330524 265.164777
62.232968 -160.153644 265.985865
62.278211 -161.976764 266.806953
62.323453 -163.799885 267.628040
62.368696 -165.623005 268.449128
62.413938 -167.446126 269.270216
62.459181 -169.269246 270.091303
62.504423 -171.092367 270.912391
62.549666 -172.915487 271.733479
62.594908 -174.738608 272.554566
62.640151 -176.561728 273.375654
62.685393 -178.384848 274.196742
62.730636 -180.207969 275.017829
62.775878 -182.031089 275.838917
62.821121 -183.854210 276.660005
62.866363 -185.677330 277.481092
62.911605 -187.500451 278.302180
62.956848 -189.323571 279.123268
63.002090 -191.146692 279.944355
63.047333 -192.969812 280.765443
63.092575 -194.792932 281.586531
63.137818 -196.616053 282.407618
63.183060 -198.439173 283.228706
63.228303 -200.262294 284.049794
63.273545 -202.085414 284.870881
63.318788 -203.908535 285.691969
63.364030 -205.731655 286.513057
63.409273 -207.554776 287.334144
63.454515 -209.377896 288.155232
63.499758 -211.201016 288.976320
63.545000 -213.024137 289.797408
63.590243 -214.847257 290.618495
63.635485 -216.670378 291.439583
63.680728 -218.493498 292.260671
63.725970 -220.316619 293.081758
63.771213 -222.139739 293.902846
63.816455 -223.962860 294.723934
63.861697 -225.785980 295.545021
63.906940 -227.609100 296.366109
63.952182 -229.432221 297.187197
63.997425 -231.255341 298.008284
64.042667 -233.078462 298.829372
64.087910 -234.901582 299.650460
64.133152 -236.724703 300.471547
64.178395 -238.547823 301.292635
64.223637 -240.370943 302.113723
64.268880 -242.194064 302.934810
64.314122 -244.017184 303.755898
64.359365 -245.840305 304.576986
64.404607 -247.663425 305.398073
64.449850 -249.486546 306.219161
64.495092 -251.309666 307.040249
64.540335 -253.132787 307.861336
64.585577 -254.955907 308.682424
64.630820 -256.779027 309.503512
64.676062 -258.602148 310.324599
64.721305 -260.425268 311.145687
64.766547 -262.248389 311.966775
64.811790 -264.071509 312.787862
64.857032 -265.894630 313.608950
64.902274 -267.717750 314.430038
64.947517 -269.540871 315.251125
64.992759 -271.363991 316.072213
65.038002 -273.187111 316.893301
65.083244 -275.010232 317.714388
65.128487 -276.833352 318.535476
65.173729 -278.656473 319.356564
65.218972 -280.479593 320.177651
65.264214 -282.302714 320.998739
65.309457 -284.125834 321.819827
312.852439 174.223333 3.836695
313.606837 172.616485 4.758066
314.361234 171.009637 5.679437
315.115632 169.402789 6.600808
315.870030 167.795941 7.522178
316.624428 166.189094 8.443549
317.378825 164.582246 9.364920
318.133223 162.975398 10.286291
318.887621 161.368550 11.207662
319.642019 159.761702 12.129032
320.396416 158.154854 13.050403
321.150814 156.548007 13.971774
321.905212 154.941159 14.893145
322.659610 153.334311 15.814516
323.414008 151.727463 16.735886
324.168405 150.120615 17.657257
324.922803 148.513768 18.578628
325.677201 146.906920 19.499999
326.431599 145.300072 20.421370
327.185996 143.693224 21.342740
327.940394 142.086376 22.264111
328.694792 140.479529 23.185482
329.449190 138.872681 24.106853
330.203587 137.265833 25.028224
330.957985 135.658985 25.949594
331.712383 134.052137 26.870965
332.466781 132.445290 27.792336
333.221178 130.838442 28.713707
333.975576 129.231594 29.635078
334.729974 127.624746 30.556448
335.484372 126.017898 31.477819
336.238769 124.411051 32.399190
336.993167 122.804203 33.320561
337.747565 121.197355 34.241932
338.501963 119.590507 35.163302
339.256361 117.983659 36.084673
340.010758 116.376812 37.006044
340.765156 114.769964 37.927415
341.519554 113.163116 38.848786
342.273952 111.556268 39.770156
343.028349 109.949420 40.691527
343.782747 108.342573 41.612898
344.537145 106.735725 42.534269
345.291543 105.128877 43.455640
346.045940 103.522029 44.377011
346.800338 101.915181 45.298381
347.554736 100.308334 46.219752
348.309134 98.701486 47.141123
349.063531 97.094638 48.062494
349.817929 95.487790 48.983865
350.572327 93.880942 49.905235
351.326725 92.274095 50.826606
352.081122 90.667247 51.747977
352.835520 89.060399 52.669348
353.589918 87.453551 53.590719
354.344316 85.846703 54.512089
355.098714 84.239856 55.433460
355.853111 82.633008 56.354831
356.607509 81.026160 57.276202
357.361907 79.419312 58.197573
358.116305 77.812464 59.118943
358.870702 76.205617 60.040314
359.625100 74.598769 60.961685
360.379498 72.991921 61.883056
361.133896 71.385073 62.804427
361.888293 69.778225 63.725797
362.642691 68.171378 64.647168
363.397089 66.564530 65.568539
364.151487 64.957682 66.489910
364.905884 63.350834 67.411281
-240.345563 363.495610 162.195481
-238.858997 364.024647 163.424400
-237.372432 364.553683 164.653320
-235.885866 365.082719 165.882239
-234.399300 365.611756 167.111158
-232.912734 366.140792 168.340078
-231.426169 366.669829 169.568997
-229.939603 367.198865 170.797917
-228.453037 367.727901 172.026836
-226.966472 368.256938 173.255755
-225.479906 368.785974 174.484675
-223.993340 369.315011 175.713594
-222.506774 369.844047 176.942514
-221.020209 370.373083 178.171433
-219.533643 370.902120 179.400352
-218.047077 371.431156 180.629272
-216.560512 371.960192 181.858191
-215.073946 372.489229 183.087111
-213.587380 373.018265 184.316030
-212.100814 373.547302 185.544949
-210.614249 374.076338 186.773869
-209.127683 374.605374 188.002788
-207.641117 375.134411 189.231708
-206.154552 375.663447 190.460627
-204.667986 376.192484 191.689546
-203.181420 376.721520 192.918466
-201.694854 377.250556 194.147385
-200.208289 377.779593 195.376305
-198.721723 378.308629 196.605224
-197.235157 378.837665 197.834143
-195.748592 379.366702 199.063063
-194.262026 379.895738 200.291982
-192.775460 380.424775 201.520902
-191.288895 380.953811 202.749821
-189.802329 381.482847 203.978740
-188.315763 382.011884 205.207660
-186.829197 382.540920 206.436579
-185.342632 383.069957 207.665499
-183.856066 383.598993 208.894418
-182.369500 384.128029 210.123337
-180.882935 384.657066 211.352257
-179.396369 385.186102 212.581176
-177.909803 385.715139 213.810096
-176.423237 386.244175 215.039015
-174.936672 386.773211 216.267934
-173.450106 387.302248 217.496854
-171.963540 387.831284 218.725773
-170.476975 388.360320 219.954693
-168.990409 388.889357 221.183612
-167.503843 389.418393 222.412531
-166.017277 389.947430 223.641451
-164.530712 390.476466 224.870370
-163.044146 391.005502 226.099290
-161.557580 391.534539 227.328209
-160.071015 392.063575 228.557128
-158.584449 392.592612 229.786048
-157.097883 393.121648 231.014967
-155.611318 393.650684 232.243887
-154.124752 394.179721 233.472806
-152.638186 394.708757 234.701725
-151.151620 395.237793 235.930645
-149.665055 395.766830 237.159564
-148.178489 396.295866 238.388484
-146.691923 396.824903 239.617403
-145.205358 397.353939 240.846322
-143.718792 397.882975 242.075242
-142.232226 398.412012 243.304161
-140.745660 398.941048 244.533081
-139.259095 399.470085 245.762000
-137.772529 399.999121 246.990919
-183.132040 25.983258 75.854958
-182.681265 26.302829 73.932804
-182.230489 26.622400 72.010650
-181.779714 26.941971 70.088496
-181.328938 27.261542 68.166342
-180.878162 27.581113 66.244188
-180.427387 27.900684 64.322034
-179.976611 28.220255 62.399880
-179.525836 28.539826 60.477726
-179.075060 28.859397 58.555572
-178.624285 29.178968 56.633419
-178.173509 29.498538 54.711265
-177.722734 29.818109 52.789111
-177.271958 30.137680 50.866957
-176.821183 30.457251 48.944803
-176.370407 30.776822 47.022649
-175.919631 31.096393 45.100495
-175.468856 31.415964 43.178341
-175.018080 31.735535 41.256187
-174.567305 32.055106 39.334033
-174.116529 32.374677 37.411879
-173.665754 32.694248 35.489725
-173.214978 33.013819 33.567571
-172.764203 33.333390 31.645417
-172.313427 33.652960 29.723263
-171.862652 33.972531 27.801109
-171.411876 34.292102 25.878955
-170.961100 34.611673 23.956801
-170.510325 34.931244 22.034647
-170.059549 35.250815 20.112493
-169.608774 35.570386 18.190339
-169.157998 35.889957 16.268185
-168.707223 36.209528 14.346031
-168.256447 36.529099 12.423878
-167.805672 36.848670 10.501724
-167.354896 37.168241 8.579570
-166.904121 37.487812 6.657416
-166.453345 37.807383 4.735262
-166.002569 38.126953 2.813108
-165.551794 38.446524 0.890954
-165.101018 38.766095 -1.031200
-164.650243 39.085666 -2.953354
-164.199467 39.405237 -4.875508
-163.748692 39.724808 -6.797662
-163.297916 40.044379 -8.719816
-162.847141 40.363950 -10.641970
-162.396365 40.683521 -12.564124
-161.945590 41.003092 -14.486278
-161.494814 41.322663 -16.408432
-161.044039 41.642234 -18.330586
-160.593263 41.961805 -20.252740
-160.142487 42.281375 -22.174894
-159.691712 42.600946 -24.097048
-159.240936 42.920517 -26.019202
-158.790161 43.240088 -27.941356
-158.339385 43.559659 -29.863510
-157.888610 43.879230 -31.785663
-157.437834 44.198801 -33.707817
-156.987059 44.518372 -35.629971
-156.536283 44.837943 -37.552125
-156.085508 45.157514 -39.474279
-155.634732 45.477085 -41.396433
-155.183956 45.796656 -43.318587
-154.733181 46.116227 -45.240741
-154.282405 46.435797 -47.162895
-153.831630 46.755368 -49.085049
-153.380854 47.074939 -51.007203
-152.930079 47.394510 -52.929357
-152.479303 47.714081 -54.851511
-152.028528 48.033652 -56.773665
97.467980 65.874714 -198.871072
99.270102 65.009407 -198.811100
101.072225 64.144099 -198.751128
102.874348 63.278791 -198.691155
104.676470 62.413484 -198.631183
106.478593 61.548176 -198.571210
108.280716 60.682869 -198.511238
110.082838 59.817561 -198.451266
111.884961 58.952253 -198.391293
113.687084 58.086946 -198.331321
115.489206 57.221638 -198.271349
117.291329 56.356331 -198.211376
119.093452 55.491023 -198.151404
120.895574 54.625716 -198.091431
122.697697 53.760408 -198.031459
124.499820 52.895100 -197.971487
126.301942 52.029793 -197.911514
128.104065 51.164485 -197.851542
129.906188 50.299178 -197.791569
131.708310 49.433870 -197.731597
133.510433 48.568562 -197.671625
135.312556 47.703255 -197.611652
137.114678 46.837947 -197.551680
138.916801 45.972640 -197.491708
140.718924 45.107332 -197.431735
142.521046 44.242024 -197.371763
144.323169 43.376717 -197.311790
146.125292 42.511409 -197.251818
147.927414 41.646102 -197.191846
149.729537 40.780794 -197.131873
151.531660 39.915486 -197.071901
153.333782 39.050179 -197.011929
155.135905 38.184871 -196.951956
156.938028 37.319564 -196.891984
158.740150 36.454256 -196.832011
160.542273 35.588948 -196.772039
162.344396 34.723641 -196.712067
164.146518 33.858333 -196.652094
165.948641 32.993026 -196.592122
167.750763 32.127718 -196.532150
169.552886 31.262411 -196.472177
171.355009 30.397103 -196.412205
173.157131 29.531795 -196.352232
174.959254 28.666488 -196.292260
176.761377 27.801180 -196.232288
178.563499 26.935873 -196.172315
180.365622 26.070565 -196.112343
182.167745 25.205257 -196.052371
183.969867 24.339950 -195.992398
185.771990 23.474642 -195.932426
187.574113 22.609335 -195.872453
189.376235 21.744027 -195.812481
191.178358 20.878719 -195.752509
192.980481 20.013412 -195.692536
194.782603 19.148104 -195.632564
196.584726 18.282797 -195.572591
198.386849 17.417489 -195.512619
200.188971 16.552181 -195.452647
201.991094 15.686874 -195.392674
203.793217 14.821566 -195.332702
205.595339 13.956259 -195.272730
207.397462 13.090951 -195.212757
209.199585 12.225643 -195.152785
211.001707 11.360336 -195.092812
212.803830 10.495028 -195.032840
214.605953 9.629721 -194.972868
216.408075 8.764413 -194.912895
218.210198 7.899105 -194.852923
220.012321 7.033798 -194.792951
221.814443 6.168490 -194.732978
65.567058 364.890195 -184.468546
64.481122 363.394578 -185.232663
63.395185 361.898962 -185.996780
62.309249 360.403346 -186.760896
61.223313 358.907730 -187.525013
60.137376 357.412113 -188.289129
59.051440 355.916497 -189.053246
57.965503 354.420881 -189.817362
56.879567 352.925265 -190.581479
55.793631 351.429648 -191.345595
54.707694 349.934032 -192.109712
53.621758 348.438416 -192.873828
52.535821 346.942799 -193.637945
51.449885 345.447183 -194.402062
50.363949 343.951567 -195.166178
49.278012 342.455951 -195.930295
48.192076 340.960334 -196.694411
47.106139 339.464718 -197.458528
46.020203 337.969102 -198.222644
44.934267 336.473486 -198.986761
43.848330 334.977869 -199.750877
42.762394 333.482253 -200.514994
41.676457 331.986637 -201.279110
40.590521 330.491020 -202.043227
39.504585 328.995404 -202.807344
38.418648 327.499788 -203.571460
37.332712 326.004172 -204.335577
36.246775 324.508555 -205.099693
35.160839 323.012939 -205.863810
34.074903 321.517323 -206.627926
32.988966 320.021707 -207.392043
31.903030 318.526090 -208.156159
30.817093 317.030474 -208.920276
29.731157 315.534858 -209.684393
28.645221 314.039242 -210.448509
27.559284 312.543625 -211.212626
26.473348 311.048009 -211.976742
25.387411 309.552393 -212.740859
24.301475 308.056776 -213.504975
23.215539 306.561160 -214.269092
22.129602 305.065544 -215.033208
21.043666 303.569928 -215.797325
19.957729 302.074311 -216.561441
18.871793 300.578695 -217.325558
17.785857 299.083079 -218.089675
16.699920 297.587463 -218.853791
15.613984 296.091846 -219.617908
14.528047 294.596230 -220.382024
13.442111 293.100614 -221.146141
12.356175 291.604997 -221.910257
11.270238 290.109381 -222.674374
10.184302 288.613765 -223.438490
9.098365 287.118149 -224.202607
8.012429 285.622532 -224.966723
6.926493 284.126916 -225.730840
5.840556 282.631300 -226.494957
4.754620 281.135684 -227.259073
3.668683 279.640067 -228.023190
2.582747 278.144451 -228.787306
1.496811 276.648835 -229.551423
0.410874 275.153218 -230.315539
-0.675062 273.657602 -231.079656
-1.760999 272.161986 -231.843772
-2.846935 270.666370 -232.607889
-3.932871 269.170753 -233.372006
-5.018808 267.675137 -234.136122
-6.104744 266.179521 -234.900239
-7.190681 264.683905 -235.664355
-8.276617 263.188288 -236.428472
-9.362553 261.692672 -237.192588
277.396702 293.213557 -303.565224
275.621923 292.396427 -303.138073
273.847144 291.579297 -302.710923
272.072365 290.762166 -302.283772
270.297586 289.945036 -301.856621
268.522807 289.127906 -301.429470
266.748028 288.310775 -301.002319
264.973250 287.493645 -300.575168
263.198471 286.676515 -300.148017
261.423692 285.859384 -299.720866
259.648913 285.042254 -299.293715
257.874134 284.225123 -298.866564
256.099355 283.407993 -298.439414
254.324576 282.590863 -298.012263
252.549797 281.773732 -297.585112
250.775019 280.956602 -297.157961
249.000240 280.139472 -296.730810
247.225461 279.322341 -296.303659
245.450682 278.505211 -295.876508
243.675903 277.688081 -295.449357
241.901124 276.870950 -295.022206
240.126345 276.053820 -294.595056
238.351566 275.236690 -294.167905
236.576787 274.419559 -293.740754
234.802009 273.602429 -293.313603
233.027230 272.785299 -292.886452
231.252451 271.968168 -292.459301
229.477672 271.151038 -292.032150
227.702893 270.333907 -291.604999
225.928114 269.516777 -291.177848
224.153335 268.699647 -290.750697
222.378556 267.882516 -290.323547
220.603777 267.065386 -289.896396
218.828999 266.248256 -289.469245
217.054220 265.431125 -289.042094
215.279441 264.613995 -288.614943
213.504662 263.796865 -288.187792
211.729883 262.979734 -287.760641
209.955104 262.162604 -287.333490
208.180325 261.345474 -286.906339
206.405546 260.528343 -286.479188
204.630767 259.711213 -286.052038
202.855989 258.894082 -285.624887
201.081210 258.076952 -285.197736
199.306431 257.259822 -284.770585
197.531652 256.442691 -284.343434
195.756873 255.625561 -283.916283
193.982094 254.808431 -283.489132
192.207315 253.991300 -283.061981
190.432536 253.174170 -282.634830
188.657758 252.357040 -282.207679
186.882979 251.539909 -281.780529
185.108200 250.722779 -281.353378
183.333421 249.905649 -280.926227
181.558642 249.088518 -280.499076
179.783863 248.271388 -280.071925
178.009084 247.454257 -279.644774
176.234305 246.637127 -279.217623
174.459526 245.819997 -278.790472
172.684748 245.002866 -278.363321
170.909969 244.185736 -277.936171
169.135190 243.368606 -277.509020
167.360411 242.551475 -277.081869
165.585632 241.734345 -276.654718
163.810853 240.917215 -276.227567
162.036074 240.100084 -275.800416
160.261295 239.282954 -275.373265
158.486516 238.465824 -274.946114
156.711738 237.648693 -274.518963
154.936959 236.831563 -274.091812
265.556441 263.135373 -351.008891
264.814899 261.376197 -350.412724
264.073356 259.617021 -349.816557
263.331814 257.857845 -349.220390
262.590271 256.098669 -348.624223
261.848729 254.339494 -348.028056
261.107186 252.580318 -347.431889
260.365644 250.821142 -346.835722
259.624101 249.061966 -346.239555
258.882559 247.302790 -345.643388
258.141017 245.543614 -345.047221
257.399474 243.784438 -344.451054
256.657932 242.025263 -343.854887
255.916389 240.266087 -343.258720
255.174847 238.506911 -342.662553
254.433304 236.747735 -342.066386
253.691762 234.988559 -341.470219
252.950219 233.229383 -340.874051
252.208677 231.470208 -340.277884
251.467135 229.711032 -339.681717
250.725592 227.951856 -339.085550
249.984050 226.192680 -338.489383
249.242507 224.433504 -337.893216
248.500965 222.674328 -337.297049
247.759422 220.915153 -336.700882
247.017880 219.155977 -336.104715
246.276337 217.396801 -335.508548
245.534795 215.637625 -334.912381
244.793253 213.878449 -334.316214
244.051710 212.119273 -333.720047
243.310168 210.360097 -333.123880
242.568625 208.600922 -332.527713
241.827083 206.841746 -331.931546
241.085540 205.082570 -331.335379
240.343998 203.323394 -330.739212
239.602455 201.564218 -330.143045
238.860913 199.805042 -329.546878
238.119371 198.045867 -328.950711
237.377828 196.286691 -328.354543
236.636286 194.527515 -327.758376
235.894743 192.768339 -327.162209
235.153201 191.009163 -326.566042
234.411658 189.249987 -325.969875
233.670116 187.490811 -325.373708
232.928573 185.731636 -324.777541
232.187031 183.972460 -324.181374
231.445489 182.213284 -323.585207
230.703946 180.454108 -322.989040
229.962404 178.694932 -322.392873
229.220861 176.935756 -321.796706
228.479319 175.176581 -321.200539
227.737776 173.417405 -320.604372
226.996234 171.658229 -320.008205
226.254691 169.899053 -319.412038
225.513149 168.139877 -318.815871
224.771607 166.380701 -318.219704
224.030064 164.621525 -317.623537
223.288522 162.862350 -317.027370
222.546979 161.103174 -316.431203
221.805437 159.343998 -315.835035
221.063894 157.584822 -315.238868
220.322352 155.825646 -314.642701
219.580809 154.066470 -314.046534
218.839267 152.307295 -313.450367
218.097725 150.548119 -312.854200
217.356182 148.788943 -312.258033
216.614640 147.029767 -311.661866
215.873097 145.270591 -311.065699
215.131555 143.511415 -310.469532
214.390012 141.752239 -309.873365
-230.637568 166.868738 155.082333
-230.302975 168.080868 153.527088
-229.968381 169.292999 151.971844
-229.633788 170.505130 150.416599
-229.299194 171.717260 148.861354
-228.964601 172.929391 147.306109
-228.630008 174.141522 145.750864
-228.295414 175.353652 144.195619
-227.960821 176.565783 142.640375
-227.626227 177.777914 141.085130
-227.291634 178.990044 139.529885
-226.957040 180.202175 137.974640
-226.622447 181.414306 136.419395
-226.287854 182.626436 134.864150
-225.953260 183.838567 133.308906
-225.618667 185.050698 131.753661
-225.284073 186.262828 130.198416
-224.949480 187.474959 128.643171
-224.614887 188.687090 127.087926
-224.280293 189.899220 125.532681
-223.945700 191.111351 123.977437
-223.611106 192.323482 122.422192
-223.276513 193.535612 120.866947
-222.941920 194.747743 119.311702
-222.607326 195.959874 117.756457
-222.272733 197.172004 116.201212
-221.938139 198.384135 114.645968
-221.603546 199.596266 113.090723
-221.268953 200.808396 111.535478
-220.934359 202.020527 109.980233
-220.599766 203.232658 108.424988
-220.265172 204.444788 106.869743
-219.930579 205.656919 105.314499
-219.595986 206.869050 103.759254
-219.261392 208.081180 102.204009
-218.926799 209.293311 100.648764
-218.592205 210.505442 99.093519
-218.257612 211.717573 97.538274
-217.923019 212.929703 95.983030
-217.588425 214.141834 94.427785
-217.253832 215.353965 92.872540
-216.919238 216.566095 91.317295
-216.584645 217.778226 89.762050
-216.250051 218.990357 88.206805
-215.915458 220.202487 86.651561
-215.580865 221.414618 85.096316
-215.246271 222.626749 83.541071
-214.911678 223.838879 81.985826
-214.577084 225.051010 80.430581
-214.242491 226.263141 78.875336
-213.907898 227.475271 77.320092
-213.573304 228.687402 75.764847
-213.238711 229.899533 74.209602
-212.904117 231.111663 72.654357
-212.569524 232.323794 71.099112
-212.234931 233.535925 69.543867
-211.900337 234.748055 67.988623
-211.565744 235.960186 66.433378
-211.231150 237.172317 64.878133
-210.896557 238.384447 63.322888
-210.561964 239.596578 61.767643
-210.227370 240.808709 60.212399
-209.892777 242.020839 58.657154
-209.558183 243.232970 57.101909
-209.223590 244.445101 55.546664
-208.888997 245.657231 53.991419
-208.554403 246.869362 52.436174
-208.219810 248.081493 50.880930
-207.885216 249.293623 49.325685
-207.550623 250.505754 47.770440
179.834170 -71.949622 -315.124546
177.929387 -72.289146 -315.631028
176.024603 -72.628670 -316.137511
174.119820 -72.968194 -316.643993
172.215037 -73.307718 -317.150476
170.310254 -73.647242 -317.656959
168.405471 -73.986766 -318.163441
166.500688 -74.326290 -318.669924
164.595904 -74.665813 -319.176406
162.691121 -75.005337 -319.682889
160.786338 -75.344861 -320.189371
158.881555 -75.684385 -320.695854
156.976772 -76.023909 -321.202336
155.071989 -76.363433 -321.708819
153.167205 -76.702957 -322.215302
151.262422 -77.042481 -322.721784
149.357639 -77.382005 -323.228267
147.452856 -77.721529 -323.734749
145.548073 -78.061053 -324.241232
143.643290 -78.400577 -324.747714
141.738506 -78.740101 -325.254197
139.833723 -79.079625 -325.760679
137.928940 -79.419149 -326.267162
136.024157 -79.758673 -326.773645
134.119374 -80.098197 -327.280127
132.214591 -80.437721 -327.786610
130.309807 -80.777245 -328.293092
128.405024 -81.116769 -328.799575
126.500241 -81.456292 -329.306057
124.595458 -81.795816 -329.812540
122.690675 -82.135340 -330.319022
120.785892 -82.474864 -330.825505
118.881108 -82.814388 -331.331988
116.976325 -83.153912 -331.838470
115.071542 -83.493436 -332.344953
113.166759 -83.832960 -332.851435
111.261976 -84.172484 -333.357918
109.357193 -84.512008 -333.864400
107.452409 -84.851532 -334.370883
105.547626 -85.191056 -334.877365
103.642843 -85.530580 -335.383848
101.738060 -85.870104 -335.890331
99.833277 -86.209628 -336.396813
97.928494 -86.549152 -336.903296
96.023710 -86.888676 -337.409778
94.118927 -87.228200 -337.916261
92.214144 -87.567724 -338.422743
90.309361 -87.907248 -338.929226
88.404578 -88.246772 -339.435708
86.499795 -88.586295 -339.942191
84.595011 -88.925819 -340.448674
82.690228 -89.265343 -340.955156
80.785445 -89.604867 -341.461639
78.880662 -89.944391 -341.968121
76.975879 -90.283915 -342.474604
75.071096 -90.623439 -342.981086
73.166312 -90.962963 -343.487569
71.261529 -91.302487 -343.994051
69.356746 -91.642011 -344.500534
67.451963 -91.981535 -345.007016
65.547180 -92.321059 -345.513499
63.642397 -92.660583 -346.019982
61.737613 -93.000107 -346.526464
59.832830 -93.339631 -347.032947
57.928047 -93.679155 -347.539429
56.023264 -94.018679 -348.045912
54.118481 -94.358203 -348.552394
52.213698 -94.697727 -349.058877
50.308914 -95.037251 -349.565359
48.404131 -95.376774 -350.071842
-224.205286 339.286729 -330.914532
-225.997689 340.163299 -330.776993
-227.790093 341.039869 -330.639455
-229.582496 341.916438 -330.501917
-231.374899 342.793008 -330.364379
-233.167302 343.669577 -330.226841
-234.959705 344.546147 -330.089303
-236.752108 345.422716 -329.951765
-238.544512 346.299286 -329.814227
-240.336915 347.175855 -329.676689
-242.129318 348.052425 -329.539151
-243.921721 348.928994 -329.401613
-245.714124 349.805564 -329.264074
-247.506527 350.682134 -329.126536
-249.298931 351.558703 -328.988998
-251.091334 352.435273 -328.851460
-252.883737 353.311842 -328.713922
-254.676140 354.188412 -328.576384
-256.468543 355.064981 -328.438846
-258.260946 355.941551 -328.301308
-260.053350 356.818120 -328.163770
-261.845753 357.694690 -328.026232
-263.638156 358.571259 -327.888694
-265.430559 359.447829 -327.751155
-267.222962 360.324398 -327.613617
-269.015365 361.200968 -327.476079
-270.807769 362.077538 -327.338541
-272.600172 362.954107 -327.201003
-274.392575 363.830677 -327.063465
-276.184978 364.707246 -326.925927
-277.977381 365.583816 -326.788389
-279.769784 366.460385 -326.650851
-281.562188 367.336955 -326.513313
-283.354591 368.213524 -326.375775
-285.146994 369.090094 -326.238236
-286.939397 369.966663 -326.100698
-288.731800 370.843233 -325.963160
-290.524203 371.719803 -325.825622
-292.316607 372.596372 -325.688084
-294.109010 373.472942 -325.550546
-295.901413 374.349511 -325.413008
-297.693816 375.226081 -325.275470
-299.486219 376.102650 -325.137932
-301.278622 376.979220 -325.000394
-303.071026 377.855789 -324.862856
-304.863429 378.732359 -324.725317
-306.655832 379.608928 -324.587779
-308.448235 380.485498 -324.450241
-310.240638 381.362067 -324.312703
-312.033041 382.238637 -324.175165
-313.825445 383.115207 -324.037627
-315.617848 383.991776 -323.900089
-317.410251 384.868346 -323.762551
-319.202654 385.744915 -323.625013
-320.995057 386.621485 -323.487475
-322.787460 387.498054 -323.349937
-324.579864 388.374624 -323.212398
-326.372267 389.251193 -323.074860
-328.164670 390.127763 -322.937322
-329.957073 391.004332 -322.799784
-331.749476 391.880902 -322.662246
-333.541879 392.757472 -322.524708
-335.334283 393.634041 -322.387170
-337.126686 394.510611 -322.249632
-338.919089 395.387180 -322.112094
-340.711492 396.263750 -321.974556
-342.503895 397.140319 -321.837018
-344.296298 398.016889 -321.699479
-346.088702 398.893458 -321.561941
-347.881105 399.770028 -321.424403
-271.037798 147.677929 343.842073
-270.111952 149.372305 344.363513
-269.186106 151.066681 344.884952
-268.260260 152.761057 345.406391
-267.334414 154.455433 345.927831
-266.408569 156.149809 346.449270
-265.482723 157.844185 346.970710
-264.556877 159.538561 347.492149
-263.631031 161.232938 348.013588
-262.705185 162.927314 348.535028
-261.779339 164.621690 349.056467
-260.853493 166.316066 349.577906
-259.927647 168.010442 350.099346
-259.001801 169.704818 350.620785
-258.075956 171.399194 351.142224
-257.150110 173.093570 351.663664
-256.224264 174.787946 352.185103
-255.298418 176.482323 352.706543
-254.372572 178.176699 353.227982
-253.446726 179.871075 353.749421
-252.520880 181.565451 354.270861
-251.595034 183.259827 354.792300
-250.669189 184.954203 355.313739
-249.743343 186.648579 355.835179
-248.817497 188.342955 356.356618
-247.891651 190.037331 356.878058
-246.965805 191.731707 357.399497
-246.039959 193.426084 357.920936
-245.114113 195.120460 358.442376
-244.188267 196.814836 358.963815
-243.262422 198.509212 359.485254
-242.336576 200.203588 360.006694
-241.410730 201.897964 360.528133
-240.484884 203.592340 361.049572
-239.559038 205.286716 361.571012
-238.633192 206.981092 362.092451
-237.707346 208.675469 362.613891
-236.781500 210.369845 363.135330
-235.855654 212.064221 363.656769
-234.929809 213.758597 364.178209
-234.003963 215.452973 364.699648
-233.078117 217.147349 365.221087
-232.152271 218.841725 365.742527
-231.226425 220.536101 366.263966
-230.300579 222.230477 366.785405
-229.374733 223.924854 367.306845
-228.448887 225.619230 367.828284
-227.523042 227.313606 368.349724
-226.597196 229.007982 368.871163
-225.671350 230.702358 369.392602
-224.745504 232.396734 369.914042
-223.819658 234.091110 370.435481
-222.893812 235.785486 370.956920
-221.967966 237.479862 371.478360
-221.042120 239.174239 371.999799
-220.116275 240.868615 372.521239
-219.190429 242.562991 373.042678
-218.264583 244.257367 373.564117
-217.338737 245.951743 374.085557
-216.412891 247.646119 374.606996
-215.487045 249.340495 375.128435
-214.561199 251.034871 375.649875
-213.635353 252.729247 376.171314
-212.709507 254.423623 376.692753
-211.783662 256.118000 377.214193
-210.857816 257.812376 377.735632
-209.931970 259.506752 378.257072
-209.006124 261.201128 378.778511
-208.080278 262.895504 379.299950
-207.154432 264.589880 379.821390
259.201929 168.708477 -369.630657
258.885769 169.161867 -367.708554
258.569610 169.615256 -365.786450
258.253450 170.068646 -363.864347
257.937291 170.522035 -361.942244
257.621132 170.975425 -360.020140
257.304972 171.428814 -358.098037
256.988813 171.882204 -356.175934
256.672653 172.335593 -354.253830
256.356494 172.788982 -352.331727
256.040334 173.242372 -350.409624
255.724175 173.695761 -348.487520
255.408015 174.149151 -346.565417
255.091856 174.602540 -344.643314
254.775697 175.055930 -342.721210
254.459537 175.509319 -340.799107
254.143378 175.962709 -338.877004
253.827218 176.416098 -336.954900
253.511059 176.869488 -335.032797
253.194899 177.322877 -333.110694
252.878740 177.776267 -331.188590
252.562580 178.229656 -329.266487
252.246421 178.683045 -327.344384
251.930262 179.136435 -325.422280
251.614102 179.589824 -323.500177
251.297943 180.043214 -321.578074
250.981783 180.496603 -319.655970
250.665624 180.949993 -317.733867
250.349464 181.403382 -315.811764
250.033305 181.856772 -313.889660
249.717145 182.310161 -311.967557
249.400986 182.763551 -310.045454
249.084827 183.216940 -308.123350
248.768667 183.670330 -306.201247
248.452508 184.123719 -304.279144
248.136348 184.577108 -302.357041
247.820189 185.030498 -300.434937
247.504029 185.483887 -298.512834
247.187870 185.937277 -296.590731
246.871710 186.390666 -294.668627
246.555551 186.844056 -292.746524
246.239392 187.297445 -290.824421
245.923232 187.750835 -288.902317
245.607073 188.204224 -286.980214
245.290913 188.657614 -285.058111
244.974754 189.111003 -283.136007
244.658594 189.564393 -281.213904
244.342435 190.017782 -279.291801
244.026275 190.471171 -277.369697
243.710116 190.924561 -275.447594
243.393957 191.377950 -273.525491
243.077797 191.831340 -271.603387
242.761638 192.284729 -269.681284
242.445478 192.738119 -267.759181
242.129319 193.191508 -265.837077
241.813159 193.644898 -263.914974
241.497000 194.098287 -261.992871
241.180840 194.551677 -260.070767
240.864681 195.005066 -258.148664
240.548521 195.458456 -256.226561
240.232362 195.911845 -254.304457
239.916203 196.365234 -252.382354
239.600043 196.818624 -250.460251
239.283884 197.272013 -248.538147
238.967724 197.725403 -246.616044
238.651565 198.178792 -244.693941
238.335405 198.632182 -242.771837
238.019246 199.085571 -240.849734
237.703086 199.538961 -238.927631
237.386927 199.992350 -237.005527
238.775313 61.149879 -144.919538
238.365246 60.555389 -146.784592
237.955178 59.960900 -148.649646
237.545110 59.366410 -150.514701
237.135042 58.771921 -152.379755
236.724974 58.177432 -154.244809
236.314907 57.582942 -156.109863
235.904839 56.988453 -157.974917
235.494771 56.393963 -159.839971
235.084703 55.799474 -161.705025
234.674635 55.204984 -163.570079
234.264567 54.610495 -165.435133
233.854500 54.016006 -167.300187
233.444432 53.421516 -169.165241
233.034364 52.827027 -171.030295
232.624296 52.232537 -172.895350
232.214228 51.638048 -174.760404
231.804161 51.043559 -176.625458
231.394093 50.449069 -178.490512
230.984025 49.854580 -180.355566
230.573957 49.260090 -182.220620
230.163889 48.665601 -184.085674
229.753822 48.071111 -185.950728
229.343754 47.476622 -187.815782
228.933686 46.882133 -189.680836
228.523618 46.287643 -191.545890
228.113550 45.693154 -193.410944
227.703482 45.098664 -195.275998
227.293415 44.504175 -197.141053
226.883347 43.909686 -199.006107
226.473279 43.315196 -200.871161
226.063211 42.720707 -202.736215
225.653143 42.126217 -204.601269
225.243076 41.531728 -206.466323
224.833008 40.937239 -208.331377
224.422940 40.342749 -210.196431
224.012872 39.748260 -212.061485
223.602804 39.153770 -213.926539
223.192736 38.559281 -215.791593
222.782669 37.964791 -217.656647
222.372601 37.370302 -219.521702
221.962533 36.775813 -221.386756
221.552465 36.181323 -223.251810
221.142397 35.586834 -225.116864
220.732330 34.992344 -226.981918
220.322262 34.397855 -228.846972
219.912194 33.803366 -230.712026
219.502126 33.208876 -232.577080
219.092058 32.614387 -234.442134
218.681991 32.019897 -236.307188
218.271923 31.425408 -238.172242
217.861855 30.830919 -240.037296
217.451787 30.236429 -241.902351
217.041719 29.641940 -243.767405
216.631651 29.047450 -245.632459
216.221584 28.452961 -247.497513
215.811516 27.858471 -249.362567
215.401448 27.263982 -251.227621
214.991380 26.669493 -253.092675
214.581312 26.075003 -254.957729
214.171245 25.480514 -256.822783
213.761177 24.886024 -258.687837
213.351109 24.291535 -260.552891
212.941041 23.697046 -262.417945
212.530973 23.102556 -264.282999
212.120905 22.508067 -266.148054
211.710838 21.913577 -268.013108
211.300770 21.319088 -269.878162
210.890702 20.724598 -271.743216
210.480634 20.130109 -273.608270
175.563493 373.320126 26.856832
174.859575 372.784808 25.062972
174.155658 372.249491 23.269111
173.451741 371.714173 21.475251
172.747823 371.178856 19.681390
172.043906 370.643538 17.887530
171.339989 370.108221 16.093669
170.636071 369.572903 14.299808
169.932154 369.037586 12.505948
169.228237 368.502268 10.712087
168.524319 367.966951 8.918227
167.820402 367.431633 7.124366
167.116485 366.896316 5.330506
166.412568 366.360998 3.536645
165.708650 365.825681 1.742785
165.004733 365.290363 -0.051076
164.300816 364.755046 -1.844936
163.596898 364.219728 -3.638797
162.892981 363.684411 -5.432657
162.189064 363.149094 -7.226518
161.485146 362.613776 -9.020378
160.781229 362.078459 -10.814239
160.077312 361.543141 -12.608100
159.373394 361.007824 -14.401960
158.669477 360.472506 -16.195821
157.965560 359.937189 -17.989681
157.261642 359.401871 -19.783542
156.557725 358.866554 -21.577402
155.853808 358.331236 -23.371263
155.149890 357.795919 -25.165123
154.445973 357.260601 -26.958984
153.742056 356.725284 -28.752844
153.038138 356.189966 -30.546705
152.334221 355.654649 -32.340565
151.630304 355.119331 -34.134426
150.926386 354.584014 -35.928286
150.222469 354.048697 -37.722147
149.518552 353.513379 -39.516008
148.814635 352.978062 -41.309868
148.110717 352.442744 -43.103729
147.406800 351.907427 -44.897589
146.702883 351.372109 -46.691450
145.998965 350.836792 -48.485310
145.295048 350.301474 -50.279171
144.591131 349.766157 -52.073031
143.887213 349.230839 -53.866892
143.183296 348.695522 -55.660752
142.479379 348.160204 -57.454613
141.775461 347.624887 -59.248473
141.071544 347.089569 -61.042334
140.367627 346.554252 -62.836194
139.663709 346.018934 -64.630055
138.959792 345.483617 -66.423916
138.255875 344.948300 -68.217776
137.551957 344.412982 -70.011637
136.848040 343.877665 -71.805497
136.144123 343.342347 -73.599358
135.440205 342.807030 -75.393218
134.736288 342.271712 -77.187079
134.032371 341.736395 -78.980939
133.328454 341.201077 -80.774800
132.624536 340.665760 -82.568660
131.920619 340.130442 -84.362521
131.216702 339.595125 -86.156381
130.512784 339.059807 -87.950242
129.808867 338.524490 -89.744102
129.104950 337.989172 -91.537963
128.401032 337.453855 -93.331824
127.697115 336.918537 -95.125684
126.993198 336.383220 -96.919545
-109.027371 241.365871 336.177267
-110.136336 239.714014 336.381143
-111.245301 238.062157 336.585018
-112.354265 236.410300 336.788894
-113.463230 234.758443 336.992770
-114.572195 233.106586 337.196646
-115.681159 231.454729 337.400522
-116.790124 229.802872 337.604398
-117.899089 228.151014 337.808274
-119.008053 226.499157 338.012149
-120.117018 224.847300 338.216025
-121.225983 223.195443 338.419901
-122.334948 221.543586 338.623777
-123.443912 219.891729 338.827653
-124.552877 218.239872 339.031529
-125.661842 216.588015 339.235404
-126.770806 214.936157 339.439280
-127.879771 213.284300 339.643156
-128.988736 211.632443 339.847032
-130.097700 209.980586 340.050908
-131.206665 208.328729 340.254784
-132.315630 206.676872 340.458660
-133.424594 205.025015 340.662535
-134.533559 203.373158 340.866411
-135.642524 201.721300 341.070287
-136.751489 200.069443 341.274163
-137.860453 198.417586 341.478039
-138.969418 196.765729 341.681915
-140.078383 195.113872 341.885790
-141.187347 193.462015 342.089666
-142.296312 191.810158 342.293542
-143.405277 190.158301 342.497418
-144.514241 188.506443 342.701294
-145.623206 186.854586 342.905170
-146.732171 185.202729 343.109046
-147.841135 183.550872 343.312921
-148.950100 181.899015 343.516797
-150.059065 180.247158 343.720673
-151.168029 178.595301 343.924549
-152.276994 176.943444 344.128425
-153.385959 175.291586 344.332301
-154.494924 173.639729 344.536176
-155.603888 171.987872 344.740052
-156.712853 170.336015 344.943928
-157.821818 168.684158 345.147804
-158.930782 167.032301 345.351680
-160.039747 165.380444 345.555556
-161.148712 163.728587 345.759432
-162.257676 162.076729 345.963307
-163.366641 160.424872 346.167183
-164.475606 158.773015 346.371059
-165.584570 157.121158 346.574935
-166.693535 155.469301 346.778811
-167.802500 153.817444 346.982687
-168.911464 152.165587 347.186562
-170.020429 150.513730 347.390438
-171.129394 148.861873 347.594314
-172.238359 147.210015 347.798190
-173.347323 145.558158 348.002066
-174.456288 143.906301 348.205942
-175.565253 142.254444 348.409818
-176.674217 140.602587 348.613693
-177.783182 138.950730 348.817569
-178.892147 137.298873 349.021445
-180.001111 135.647016 349.225321
-181.110076 133.995158 349.429197
-182.219041 132.343301 349.633073
-183.328005 130.691444 349.836948
-184.436970 129.039587 350.040824
-185.545935 127.387730 350.244700
111.929535 -190.524389 339.892838
113.811135 -189.897213 340.150195
115.692735 -189.270038 340.407551
117.574335 -188.642862 340.664908
119.455935 -188.015687 340.922265
121.337535 -187.388511 341.179621
123.219135 -186.761336 341.436978
125.100735 -186.134160 341.694335
126.982335 -185.506985 341.951691
128.863935 -184.879809 342.209048
130.745535 -184.252634 342.466405
132.627134 -183.625458 342.723761
134.508734 -182.998283 342.981118
136.390334 -182.371107 343.238475
138.271934 -181.743932 343.495831
140.153534 -181.116756 343.753188
142.035134 -180.489581 344.010545
143.916734 -179.862405 344.267901
145.798334 -179.235230 344.525258
147.679934 -178.608054 344.782615
149.561534 -177.980879 345.039971
151.443134 -177.353703 345.297328
153.324734 -176.726528 345.554685
155.206334 -176.099352 345.812041
157.087934 -175.472177 346.069398
158.969534 -174.845001 346.326755
160.851134 -174.217825 346.584111
162.732734 -173.590650 346.841468
164.614334 -172.963474 347.098825
166.495934 -172.336299 347.356181
168.377534 -171.709123 347.613538
170.259134 -171.081948 347.870895
172.140734 -170.454772 348.128251
174.022334 -169.827597 348.385608
175.903934 -169.200421 348.642965
177.785534 -168.573246 348.900321
179.667134 -167.946070 349.157678
181.548734 -167.318895 349.415035
183.430334 -166.691719 349.672391
185.311933 -166.064544 349.929748
187.193533 -165.437368 350.187105
189.075133 -164.810193 350.444461
190.956733 -164.183017 350.701818
192.838333 -163.555842 350.959174
194.719933 -162.928666 351.216531
196.601533 -162.301491 351.473888
198.483133 -161.674315 351.731244
200.364733 -161.047140 351.988601
202.246333 -160.419964 352.245958
204.127933 -159.792789 352.503314
206.009533 -159.165613 352.760671
207.891133 -158.538438 353.018028
209.772733 -157.911262 353.275384
211.654333 -157.284087 353.532741
213.535933 -156.656911 353.790098
215.417533 -156.029736 354.047454
217.299133 -155.402560 354.304811
219.180733 -154.775385 354.562168
221.062333 -154.148209 354.819524
222.943933 -153.521034 355.076881
224.825533 -152.893858 355.334238
226.707133 -152.266683 355.591594
228.588733 -151.639507 355.848951
230.470333 -151.012332 356.106308
232.351933 -150.385156 356.363664
234.233533 -149.757981 356.621021
236.115133 -149.130805 356.878378
237.996733 -148.503630 357.135734
239.878332 -147.876454 357.393091
241.759932 -147.249279 357.650448
112.585729 -15.263713 -134.267253
114.575824 -15.438611 -134.361768
116.565919 -15.613509 -134.456283
118.556014 -15.788406 -134.550798
120.546109 -15.963304 -134.645312
122.536204 -16.138201 -134.739827
124.526299 -16.313099 -134.834342
126.516394 -16.487996 -134.928856
128.506489 -16.662894 -135.023371
130.496584 -16.837791 -135.117886
132.486679 -17.012689 -135.212400
134.476774 -17.187587 -135.306915
136.466868 -17.362484 -135.401430
138.456963 -17.537382 -135.495944
140.447058 -17.712279 -135.590459
142.437153 -17.887177 -135.684974
144.427248 -18.062074 -135.779488
146.417343 -18.236972 -135.874003
148.407438 -18.411869 -135.968518
150.397533 -18.586767 -136.063032
152.387628 -18.761665 -136.157547
154.377723 -18.936562 -136.252062
156.367818 -19.111460 -136.346576
158.357913 -19.286357 -136.441091
160.348008 -19.461255 -136.535606
162.338103 -19.636152 -136.630120
164.328197 -19.811050 -136.724635
166.318292 -19.985947 -136.819150
168.308387 -20.160845 -136.913664
170.298482 -20.335742 -137.008179
172.288577 -20.510640 -137.102694
174.278672 -20.685538 -137.197208
176.268767 -20.860435 -137.291723
178.258862 -21.035333 -137.386238
180.248957 -21.210230 -137.480752
182.239052 -21.385128 -137.575267
184.229147 -21.560025 -137.669782
186.219242 -21.734923 -137.764296
188.209337 -21.909820 -137.858811
190.199432 -22.084718 -137.953326
192.189526 -22.259616 -138.047841
194.179621 -22.434513 -138.142355
196.169716 -22.609411 -138.236870
198.159811 -22.784308 -138.331385
200.149906 -22.959206 -138.425899
202.140001 -23.134103 -138.520414
204.130096 -23.309001 -138.614929
206.120191 -23.483898 -138.709443
208.110286 -23.658796 -138.803958
210.100381 -23.833694 -138.898473
212.090476 -24.008591 -138.992987
214.080571 -24.183489 -139.087502
216.070666 -24.358386 -139.182017
218.060761 -24.533284 -139.276531
220.050855 -24.708181 -139.371046
222.040950 -24.883079 -139.465561
224.031045 -25.057976 -139.560075
226.021140 -25.232874 -139.654590
228.011235 -25.407771 -139.749105
230.001330 -25.582669 -139.843619
231.991425 -25.757567 -139.938134
233.981520 -25.932464 -140.032649
235.971615 -26.107362 -140.127163
237.961710 -26.282259 -140.221678
239.951805 -26.457157 -140.316193
241.941900 -26.632054 -140.410707
243.931995 -26.806952 -140.505222
245.922090 -26.981849 -140.599737
247.912184 -27.156747 -140.694251
249.902279 -27.331645 -140.788766
-15.689015 -203.098397 146.173330
-17.544118 -203.798254 146.435614
-19.399221 -204.498111 146.697899
-21.254324 -205.197967 146.960184
-23.109427 -205.897824 147.222468
-24.964530 -206.597681 147.484753
-26.819634 -207.297537 147.747038
-28.674737 -207.997394 148.009322
-30.529840 -208.697250 148.271607
-32.384943 -209.397107 148.533892
-34.240046 -210.096964 148.796177
-36.095149 -210.796820 149.058461
-37.950252 -211.496677 149.320746
-39.805355 -212.196533 149.583031
-41.660458 -212.896390 149.845315
-43.515561 -213.596247 150.107600
-45.370664 -214.296103 150.369885
-47.225767 -214.995960 150.632169
-49.080871 -215.695816 150.894454
-50.935974 -216.395673 151.156739
-52.791077 -217.095530 151.419024
-54.646180 -217.795386 151.681308
-56.501283 -218.495243 151.943593
-58.356386 -219.195100 152.205878
-60.211489 -219.894956 152.468162
-62.066592 -220.594813 152.730447
-63.921695 -221.294669 152.992732
-65.776798 -221.994526 153.255016
-67.631901 -222.694383 153.517301
-69.487004 -223.394239 153.779586
-71.342108 -224.094096 154.041871
-73.197211 -224.793952 154.304155
-75.052314 -225.493809 154.566440
-76.907417 -226.193666 154.828725
-78.762520 -226.893522 155.091009
-80.617623 -227.593379 155.353294
-82.472726 -228.293236 155.615579
-84.327829 -228.993092 155.877863
-86.182932 -229.692949 156.140148
-88.038035 -230.392805 156.402433
-89.893138 -231.092662 156.664718
-91.748242 -231.792519 156.927002
-93.603345 -232.492375 157.189287
-95.458448 -233.192232 157.451572
-97.313551 -233.892088 157.713856
-99.168654 -234.591945 157.976141
-101.023757 -235.291802 158.238426
-102.878860 -235.991658 158.500710
-104.733963 -236.691515 158.762995
-106.589066 -237.391372 159.025280
-108.444169 -238.091228 159.287565
-110.299272 -238.791085 159.549849
-112.154375 -239.490941 159.812134
-114.009479 -240.190798 160.074419
-115.864582 -240.890655 160.336703
-117.719685 -241.590511 160.598988
-119.574788 -242.290368 160.861273
-121.429891 -242.990224 161.123557
-123.284994 -243.690081 161.385842
-125.140097 -244.389938 161.648127
-126.995200 -245.089794 161.910412
-128.850303 -245.789651 162.172696
-130.705406 -246.489507 162.434981
-132.560509 -247.189364 162.697266
-134.415612 -247.889221 162.959550
-136.270716 -248.589077 163.221835
-138.125819 -249.288934 163.484120
-139.980922 -249.988791 163.746404
-141.836025 -250.688647 164.008689
-143.691128 -251.388504 164.270974
-88.656770 -99.264949 -151.636862
-90.159909 -99.456059 -150.331469
-91.663048 -99.647170 -149.026077
-93.166187 -99.838280 -147.720684
-94.669326 -100.029391 -146.415291
-96.172465 -100.220501 -145.109899
-97.675604 -100.411612 -143.804506
-99.178743 -100.602723 -142.499113
-100.681882 -100.793833 -141.193720
-102.185021 -100.984944 -139.888328
-103.688160 -101.176054 -138.582935
-105.191299 -101.367165 -137.277542
-106.694438 -101.558276 -135.972150
-108.197577 -101.749386 -134.666757
-109.700716 -101.940497 -133.361364
-111.203855 -102.131607 -132.055972
-112.706994 -102.322718 -130.750579
-114.210133 -102.513828 -129.445186
-115.713271 -102.704939 -128.139794
-117.216410 -102.896050 -126.834401
-118.719549 -103.087160 -125.529008
-120.222688 -103.278271 -124.223616
-121.725827 -103.469381 -122.918223
-123.228966 -103.660492 -121.612830
-124.732105 -103.851602 -120.307438
-126.235244 -104.042713 -119.002045
-127.738383 -104.233824 -117.696652
-129.241522 -104.424934 -116.391260
-130.744661 -104.616045 -115.085867
-132.247800 -104.807155 -113.780474
-133.750939 -104.998266 -112.475082
-135.254078 -105.189376 -111.169689
-136.757217 -105.380487 -109.864296
-138.260356 -105.571598 -108.558903
-139.763495 -105.762708 -107.253511
-141.266634 -105.953819 -105.948118
-142.769773 -106.144929 -104.642725
-144.272911 -106.336040 -103.337333
-145.776050 -106.527151 -102.031940
-147.279189 -106.718261 -100.726547
-148.782328 -106.909372 -99.421155
-150.285467 -107.100482 -98.115762
-151.788606 -107.291593 -96.810369
-153.291745 -107.482703 -95.504977
-154.794884 -107.673814 -94.199584
-156.298023 -107.864925 -92.894191
-157.801162 -108.056035 -91.588799
-159.304301 -108.247146 -90.283406
-160.807440 -108.438256 -88.978013
-162.310579 -108.629367 -87.672621
-163.813718 -108.820477 -86.367228
-165.316857 -109.011588 -85.061835
-166.819996 -109.202699 -83.756443
-168.323135 -109.393809 -82.451050
-169.826274 -109.584920 -81.145657
-171.329413 -109.776030 -79.840264
-172.832551 -109.967141 -78.534872
-174.335690 -110.158251 -77.229479
-175.838829 -110.349362 -75.924086
-177.341968 -110.540473 -74.618694
-178.845107 -110.731583 -73.313301
-180.348246 -110.922694 -72.007908
-181.851385 -111.113804 -70.702516
-183.354524 -111.304915 -69.397123
-184.857663 -111.496026 -68.091730
-186.360802 -111.687136 -66.786338
-187.863941 -111.878247 -65.480945
-189.367080 -112.069357 -64.175552
-190.870219 -112.260468 -62.870160
-192.373358 -112.451578 -61.564767
173.163424 -239.118052 -156.061886
171.255345 -239.467054 -156.549155
169.347266 -239.816057 -157.036424
167.439187 -240.165059 -157.523692
165.531107 -240.514062 -158.010961
163.623028 -240.863065 -158.498229
161.714949 -241.212067 -158.985498
159.806870 -241.561070 -159.472767
157.898790 -241.910072 -159.960035
155.990711 -242.259075 -160.447304
154.082632 -242.608077 -160.934573
152.174552 -242.957080 -161.421841
150.266473 -243.306083 -161.909110
148.358394 -243.655085 -162.396378
146.450315 -244.004088 -162.883647
144.542235 -244.353090 -163.370916
142.634156 -244.702093 -163.858184
140.726077 -245.051095 -164.345453
138.817998 -245.400098 -164.832721
136.909918 -245.749100 -165.319990
135.001839 -246.098103 -165.807259
133.093760 -246.447106 -166.294527
131.185680 -246.796108 -166.781796
129.277601 -247.145111 -167.269065
127.369522 -247.494113 -167.756333
125.461443 -247.843116 -168.243602
123.553363 -248.192118 -168.730870
121.645284 -248.541121 -169.218139
119.737205 -248.890124 -169.705408
117.829126 -249.239126 -170.192676
115.921046 -249.588129 -170.679945
114.012967 -249.937131 -171.167213
112.104888 -250.286134 -171.654482
110.196808 -250.635136 -172.141751
108.288729 -250.984139 -172.629019
106.380650 -251.333141 -173.116288
104.472571 -251.682144 -173.603557
102.564491 -252.031147 -174.090825
100.656412 -252.380149 -174.578094
98.748333 -252.729152 -175.065362
96.840254 -253.078154 -175.552631
94.932174 -253.427157 -176.039900
93.024095 -253.776159 -176.527168
91.116016 -254.125162 -177.014437
89.207936 -254.474165 -177.501705
87.299857 -254.823167 -177.988974
85.391778 -255.172170 -178.476243
83.483699 -255.521172 -178.963511
81.575619 -255.870175 -179.450780
79.667540 -256.219177 -179.938049
77.759461 -256.568180 -180.425317
75.851382 -256.917182 -180.912586
73.943302 -257.266185 -181.399854
72.035223 -257.615188 -181.887123
70.127144 -257.964190 -182.374392
68.219064 -258.313193 -182.861660
66.310985 -258.662195 -183.348929
64.402906 -259.011198 -183.836197
62.494827 -259.360200 -184.323466
60.586747 -259.709203 -184.810735
58.678668 -260.058206 -185.298003
56.770589 -260.407208 -185.785272
54.862510 -260.756211 -186.272541
52.954430 -261.105213 -186.759809
51.046351 -261.454216 -187.247078
49.138272 -261.803218 -187.734346
47.230193 -262.152221 -188.221615
45.322113 -262.501223 -188.708884
43.414034 -262.850226 -189.196152
41.505955 -263.199229 -189.683421
-240.307482 226.098097 -299.723907
-238.672348 225.098551 -300.295962
-237.037215 224.099006 -300.868018
-235.402082 223.099460 -301.440074
-233.766948 222.099915 -302.012130
-232.131815 221.100369 -302.584186
-230.496682 220.100824 -303.156242
-228.861549 219.101278 -303.728298
-227.226415 218.101733 -304.300354
-225.591282 217.102187 -304.872409
-223.956149 216.102642 -305.444465
-222.321016 215.103096 -306.016521
-220.685882 214.103551 -306.588577
-219.050749 213.104005 -307.160633
-217.415616 212.104460 -307.732689
-215.780482 211.104914 -308.304745
-214.145349 210.105369 -308.876801
-212.510216 209.105823 -309.448856
-210.875083 208.106278 -310.020912
-209.239949 207.106732 -310.592968
-207.604816 206.107186 -311.165024
-205.969683 205.107641 -311.737080
-204.334550 204.108095 -312.309136
-202.699416 203.108550 -312.881192
-201.064283 202.109004 -313.453248
-199.429150 201.109459 -314.025303
-197.794016 200.109913 -314.597359
-196.158883 199.110368 -315.169415
-194.523750 198.110822 -315.741471
-192.888617 197.111277 -316.313527
-191.253483 196.111731 -316.885583
-189.618350 195.112186 -317.457639
-187.983217 194.112640 -318.029695
-186.348083 193.113095 -318.601750
-184.712950 192.113549 -319.173806
-183.077817 191.114004 -319.745862
-181.442684 190.114458 -320.317918
-179.807550 189.114913 -320.889974
-178.172417 188.115367 -321.462030
-176.537284 187.115822 -322.034086
-174.902151 186.116276 -322.606142
-173.267017 185.116731 -323.178197
-171.631884 184.117185 -323.750253
-169.996751 183.117640 -324.322309
-168.361617 182.118094 -324.894365
-166.726484 181.118549 -325.466421
-165.091351 180.119003 -326.038477
-163.456218 179.119457 -326.610533
-161.821084 178.119912 -327.182589
-160.185951 177.120366 -327.754644
-158.550818 176.120821 -328.326700
-156.915685 175.121275 -328.898756
-155.280551 174.121730 -329.470812
-153.645418 173.122184 -330.042868
-152.010285 172.122639 -330.614924
-150.375151 171.123093 -331.186980
-148.740018 170.123548 -331.759036
-147.104885 169.124002 -332.331092
-145.469752 168.124457 -332.903147
-143.834618 167.124911 -333.475203
-142.199485 166.125366 -334.047259
-140.564352 165.125820 -334.619315
-138.929218 164.126275 -335.191371
-137.294085 163.126729 -335.763427
-135.658952 162.127184 -336.335483
-134.023819 161.127638 -336.907539
-132.388685 160.128093 -337.479594
-130.753552 159.128547 -338.051650
-129.118419 158.129002 -338.623706
-127.483286 157.129456 -339.195762
252.753938 274.571801 -239.307854
254.454729 275.516341 -239.771701
256.155520 276.460881 -240.235549
257.856311 277.405421 -240.699396
259.557102 278.349961 -241.163243
261.257893 279.294501 -241.627090
262.958684 280.239040 -242.090937
264.659475 281.183580 -242.554785
266.360266 282.128120 -243.018632
268.061058 283.072660 -243.482479
269.761849 284.017200 -243.946326
271.462640 284.961740 -244.410173
273.163431 285.906280 -244.874021
274.864222 286.850819 -245.337868
276.565013 287.795359 -245.801715
278.265804 288.739899 -246.265562
279.966595 289.684439 -246.729409
281.667386 290.628979 -247.193257
283.368177 291.573519 -247.657104
285.068968 292.518059 -248.120951
286.769759 293.462598 -248.584798
288.470550 294.407138 -249.048645
290.171341 295.351678 -249.512493
291.872132 296.296218 -249.976340
293.572923 297.240758 -250.440187
295.273715 298.185298 -250.904034
296.974506 299.129838 -251.367881
298.675297 300.074377 -251.831729
300.376088 301.018917 -252.295576
302.076879 301.963457 -252.759423
303.777670 302.907997 -253.223270
305.478461 303.852537 -253.687117
307.179252 304.797077 -254.150965
308.880043 305.741617 -254.614812
310.580834 306.686156 -255.078659
312.281625 307.630696 -255.542506
313.982416 308.575236 -256.006353
315.683207 309.519776 -256.470201
317.383998 310.464316 -256.934048
319.084789 311.408856 -257.397895
320.785580 312.353396 -257.861742
322.486372 313.297935 -258.325589
324.187163 314.242475 -258.789437
325.887954 315.187015 -259.253284
327.588745 316.131555 -259.717131
329.289536 317.076095 -260.180978
330.990327 318.020635 -260.644825
332.691118 318.965174 -261.108673
334.391909 319.909714 -261.572520
336.092700 320.854254 -262.036367
337.793491 321.798794 -262.500214
339.494282 322.743334 -262.964061
341.195073 323.687874 -263.427909
342.895864 324.632414 -263.891756
344.596655 325.576953 -264.355603
346.297446 326.521493 -264.819450
347.998237 327.466033 -265.283297
349.699029 328.410573 -265.747145
351.399820 329.355113 -266.210992
353.100611 330.299653 -266.674839
354.801402 331.244193 -267.138686
356.502193 332.188732 -267.602533
358.202984 333.133272 -268.066381
359.903775 334.077812 -268.530228
361.604566 335.022352 -268.994075
363.305357 335.966892 -269.457922
365.006148 336.911432 -269.921769
366.706939 337.855972 -270.385617
368.407730 338.800511 -270.849464
370.108521 339.745051 -271.313311
187.597166 -195.893847 1.828702
187.764133 -197.886575 1.862740
187.931100 -199.879302 1.896778
188.098067 -201.872030 1.930816
188.265034 -203.864757 1.964854
188.432002 -205.857485 1.998892
188.598969 -207.850213 2.032930
188.765936 -209.842940 2.066968
188.932903 -211.835668 2.101006
189.099870 -213.828396 2.135044
189.266837 -215.821123 2.169082
189.433805 -217.813851 2.203120
189.600772 -219.806578 2.237158
189.767739 -221.799306 2.271196
189.934706 -223.792034 2.305234
190.101673 -225.784761 2.339272
190.268640 -227.777489 2.373310
190.435607 -229.770217 2.407348
190.602575 -231.762944 2.441386
190.769542 -233.755672 2.475424
190.936509 -235.748399 2.509462
191.103476 -237.741127 2.543500
191.270443 -239.733855 2.577538
191.437410 -241.726582 2.611576
191.604378 -243.719310 2.645614
191.771345 -245.712038 2.679652
191.938312 -247.704765 2.713690
192.105279 -249.697493 2.747728
192.272246 -251.690220 2.781766
192.439213 -253.682948 2.815804
192.606181 -255.675676 2.849842
192.773148 -257.668403 2.883880
192.940115 -259.661131 2.917918
193.107082 -261.653859 2.951956
193.274049 -263.646586 2.985994
193.441016 -265.639314 3.020032
193.607984 -267.632041 3.054070
193.774951 -269.624769 3.088108
193.941918 -271.617497 3.122146
194.108885 -273.610224 3.156184
194.275852 -275.602952 3.190222
194.442819 -277.595680 3.224260
194.609787 -279.588407 3.258298
194.776754 -281.581135 3.292336
194.943721 -283.573862 3.326374
195.110688 -285.566590 3.360412
195.277655 -287.559318 3.394450
195.444622 -289.552045 3.428488
195.611589 -291.544773 3.462526
195.778557 -293.537501 3.496564
195.945524 -295.530228 3.530602
196.112491 -297.522956 3.564640
196.279458 -299.515683 3.598678
196.446425 -301.508411 3.632716
196.613392 -303.501139 3.666754
196.780360 -305.493866 3.700792
196.947327 -307.486594 3.734830
197.114294 -309.479322 3.768869
197.281261 -311.472049 3.802907
197.448228 -313.464777 3.836945
197.615195 -315.457504 3.870983
197.782163 -317.450232 3.905021
197.949130 -319.442960 3.939059
198.116097 -321.435687 3.973097
198.283064 -323.428415 4.007135
198.450031 -325.421142 4.041173
198.616998 -327.413870 4.075211
198.783966 -329.406598 4.109249
198.950933 -331.399325 4.143287
199.117900 -333.392053 4.177325
-385.539548 138.684090 -4.081909
-383.641343 139.131635 -3.638604
-381.743137 139.579179 -3.195298
-379.844932 140.026724 -2.751993
-377.946726 140.474268 -2.308688
-376.048521 140.921813 -1.865383
-374.150315 141.369358 -1.422078
-372.252109 141.816902 -0.978773
-370.353904 142.264447 -0.535468
-368.455698 142.711992 -0.092163
-366.557493 143.159536 0.351142
-364.659287 143.607081 0.794447
-362.761082 144.054626 1.237753
-360.862876 144.502170 1.681058
-358.964670 144.949715 2.124363
-357.066465 145.397259 2.567668
-355.168259 145.844804 3.010973
-353.270054 146.292349 3.454278
-351.371848 146.739893 3.897583
-349.473643 147.187438 4.340888
-347.575437 147.634983 4.784193
-345.677231 148.082527 5.227498
-343.779026 148.530072 5.670804
-341.880820 148.977616 6.114109
-339.982615 149.425161 6.557414
-338.084409 149.872706 7.000719
-336.186204 150.320250 7.444024
-334.287998 150.767795 7.887329
-332.389792 151.215340 8.330634
-330.491587 151.662884 8.773939
-328.593381 152.110429 9.217244
-326.695176 152.557974 9.660549
-324.796970 153.005518 10.103855
-322.898765 153.453063 10.547160
-321.000559 153.900607 10.990465
-319.102353 154.348152 11.433770
-317.204148 154.795697 11.877075
-315.305942 155.243241 12.320380
-313.407737 155.690786 12.763685
-311.509531 156.138331 13.206990
-309.611326 156.585875 13.650295
-307.713120 157.033420 14.093600
-305.814914 157.480965 14.536906
-303.916709 157.928509 14.980211
-302.018503 158.376054 15.423516
-300.120298 158.823598 15.866821
-298.222092 159.271143 16.310126
-296.323887 159.718688 16.753431
-294.425681 160.166232 17.196736
-292.527475 160.613777 17.640041
-290.629270 161.061322 18.083346
-288.731064 161.508866 18.526651
-286.832859 161.956411 18.969956
-284.934653 162.403955 19.413262
-283.036448 162.851500 19.856567
-281.138242 163.299045 20.299872
-279.240036 163.746589 20.743177
-277.341831 164.194134 21.186482
-275.443625 164.641679 21.629787
-273.545420 165.089223 22.073092
-271.647214 165.536768 22.516397
-269.749009 165.984313 22.959702
-267.850803 166.431857 23.403007
-265.952597 166.879402 23.846313
-264.054392 167.326946 24.289618
-262.156186 167.774491 24.732923
-260.257981 168.222036 25.176228
-258.359775 168.669580 25.619533
-256.461570 169.117125 26.062838
-254.563364 169.564670 26.506143
186.998431 -399.883190 2.016083
187.001131 -398.584656 0.494964
187.003831 -397.286122 -1.026155
187.006531 -395.987588 -2.547274
187.009231 -394.689055 -4.068393
187.011932 -393.390521 -5.589512
187.014632 -392.091987 -7.110631
187.017332 -390.793454 -8.631750
187.020032 -389.494920 -10.152869
187.022732 -388.196386 -11.673988
187.025432 -386.897852 -13.195107
187.028132 -385.599319 -14.716226
187.030832 -384.300785 -16.237345
187.033532 -383.002251 -17.758464
187.036233 -381.703718 -19.279582
187.038933 -380.405184 -20.800701
187.041633 -379.106650 -22.321820
187.044333 -377.808116 -23.842939
187.047033 -376.509583 -25.364058
187.049733 -375.211049 -26.885177
187.052433 -373.912515 -28.406296
187.055133 -372.613982 -29.927415
187.057833 -371.315448 -31.448534
187.060533 -370.016914 -32.969653
187.063234 -368.718380 -34.490772
187.065934 -367.419847 -36.011891
187.068634 -366.121313 -37.533010
187.071334 -364.822779 -39.054129
187.074034 -363.524246 -40.575248
187.076734 -362.225712 -42.096367
187.079434 -360.927178 -43.617486
187.082134 -359.628644 -45.138605
187.084834 -358.330111 -46.659724
187.087535 -357.031577 -48.180843
187.090235 -355.733043 -49.701962
187.092935 -354.434510 -51.223081
187.095635 -353.135976 -52.744200
187.098335 -351.837442 -54.265319
187.101035 -350.538908 -55.786438
187.103735 -349.240375 -57.307557
187.106435 -347.941841 -58.828676
187.109135 -346.643307 -60.349795
187.111836 -345.344774 -61.870914
187.114536 -344.046240 -63.392032
187.117236 -342.747706 -64.913151
187.119936 -341.449172 -66.434270
187.122636 -340.150639 -67.955389
187.125336 -338.852105 -69.476508
187.128036 -337.553571 -70.997627
187.130736 -336.255038 -72.518746
187.133436 -334.956504 -74.039865
187.136136 -333.657970 -75.560984
187.138837 -332.359436 -77.082103
187.141537 -331.060903 -78.603222
187.144237 -329.762369 -80.124341
187.146937 -328.463835 -81.645460
187.149637 -327.165302 -83.166579
187.152337 -325.866768 -84.687698
187.155037 -324.568234 -86.208817
187.157737 -323.269700 -87.729936
187.160437 -321.971167 -89.251055
187.163138 -320.672633 -90.772174
187.165838 -319.374099 -92.293293
187.168538 -318.075566 -93.814412
187.171238 -316.777032 -95.335531
187.173938 -315.478498 -96.856650
187.176638 -314.179964 -98.377769
187.179338 -312.881431 -99.898888
187.182038 -311.582897 -101.420007
187.184738 -310.284363 -102.941126
64.870311 -147.618363 -248.054322
64.923064 -148.914764 -246.532297
64.975817 -150.211166 -245.010272
65.028569 -151.507568 -243.488247
65.081322 -152.803970 -241.966222
65.134075 -154.100371 -240.444198
65.186827 -155.396773 -238.922173
65.239580 -156.693175 -237.400148
65.292333 -157.989576 -235.878123
65.345085 -159.285978 -234.356098
65.397838 -160.582380 -232.834073
65.450591 -161.878782 -231.312048
65.503343 -163.175183 -229.790023
65.556096 -164.471585 -228.267998
65.608849 -165.767987 -226.745974
65.661601 -167.064388 -225.223949
65.714354 -168.360790 -223.701924
65.767107 -169.657192 -222.179899
65.819859 -170.953594 -220.657874
65.872612 -172.249995 -219.135849
65.925365 -173.546397 -217.613824
65.978117 -174.842799 -216.091799
66.030870 -176.139200 -214.569774
66.083623 -177.435602 -213.047750
66.136375 -178.732004 -211.525725
66.189128 -180.028405 -210.003700
66.241881 -181.324807 -208.481675
66.294633 -182.621209 -206.959650
66.347386 -183.917611 -205.437625
66.400139 -185.214012 -203.915600
66.452891 -186.510414 -202.393575
66.505644 -187.806816 -200.871551
66.558396 -189.103217 -199.349526
66.611149 -190.399619 -197.827501
66.663902 -191.696021 -196.305476
66.716654 -192.992423 -194.783451
66.769407 -194.288824 -193.261426
66.822160 -195.585226 -191.739401
66.874912 -196.881628 -190.217376
66.927665 -198.178029 -188.695351
66.980418 -199.474431 -187.173327
67.033170 -200.770833 -185.651302
67.085923 -202.067235 -184.129277
67.138676 -203.363636 -182.607252
67.191428 -204.660038 -181.085227
67.244181 -205.956440 -179.563202
67.296934 -207.252841 -178.041177
67.349686 -208.549243 -176.519152
67.402439 -209.845645 -174.997127
67.455192 -211.142047 -173.475103
67.507944 -212.438448 -171.953078
67.560697 -213.734850 -170.431053
67.613450 -215.031252 -168.909028
67.666202 -216.327653 -167.387003
67.718955 -217.624055 -165.864978
67.771708 -218.920457 -164.342953
67.824460 -220.216859 -162.820928
67.877213 -221.513260 -161.298903
67.929966 -222.809662 -159.776879
67.982718 -224.106064 -158.254854
68.035471 -225.402465 -156.732829
68.088224 -226.698867 -155.210804
68.140976 -227.995269 -153.688779
68.193729 -229.291671 -152.166754
68.246482 -230.588072 -150.644729
68.299234 -231.884474 -149.122704
68.351987 -233.180876 -147.600680
68.404740 -234.477277 -146.078655
68.457492 -235.773679 -144.556630
68.510245 -237.070081 -143.034605
137.517656 247.146728 290.605352
137.003846 249.076547 290.496738
136.490036 251.006366 290.388123
135.976226 252.936185 290.279508
135.462416 254.866005 290.170894
134.948606 256.795824 290.062279
134.434796 258.725643 289.953664
133.920986 260.655462 289.845049
133.407176 262.585282 289.736435
132.893366 264.515101 289.627820
132.379556 266.444920 289.519205
131.865746 268.374739 289.410591
131.351936 270.304558 289.301976
130.838126 272.234378 289.193361
130.324316 274.164197 289.084747
129.810506 276.094016 288.976132
129.296697 278.023835 288.867517
128.782887 279.953654 288.758903
128.269077 281.883474 288.650288
127.755267 283.813293 288.541673
127.241457 285.743112 288.433059
126.727647 287.672931 288.324444
126.213837 289.602750 288.215829
125.700027 291.532570 288.107214
125.186217 293.462389 287.998600
124.672407 295.392208 287.889985
124.158597 297.322027 287.781370
123.644787 299.251847 287.672756
123.130977 301.181666 287.564141
122.617167 303.111485 287.455526
122.103357 305.041304 287.346912
121.589547 306.971123 287.238297
121.075737 308.900943 287.129682
120.561927 310.830762 287.021068
120.048117 312.760581 286.912453
119.534308 314.690400 286.803838
119.020498 316.620219 286.695224
118.506688 318.550039 286.586609
117.992878 320.479858 286.477994
117.479068 322.409677 286.369379
116.965258 324.339496 286.260765
116.451448 326.269315 286.152150
115.937638 328.199135 286.043535
115.423828 330.128954 285.934921
114.910018 332.058773 285.826306
114.396208 333.988592 285.717691
113.882398 335.918412 285.609077
113.368588 337.848231 285.500462
112.854778 339.778050 285.391847
112.340968 341.707869 285.283233
111.827158 343.637688 285.174618
111.313348 345.567508 285.066003
110.799538 347.497327 284.957388
110.285728 349.427146 284.848774
109.771919 351.356965 284.740159
109.258109 353.286784 284.631544
108.744299 355.216604 284.522930
108.230489 357.146423 284.414315
107.716679 359.076242 284.305700
107.202869 361.006061 284.197086
106.689059 362.935880 284.088471
106.175249 364.865700 283.979856
105.661439 366.795519 283.871242
105.147629 368.725338 283.762627
104.633819 370.655157 283.654012
104.120009 372.584977 283.545398
103.606199 374.514796 283.436783
103.092389 376.444615 283.328168
102.578579 378.374434 283.219553
102.064769 380.304253 283.110939
-69.302623 -349.281864 -26.977324
-69.647466 -348.588419 -28.821292
-69.992310 -347.894975 -30.665260
-70.337153 -347.201530 -32.509228
-70.681996 -346.508086 -34.353196
-71.026839 -345.814641 -36.197164
-71.371683 -345.121197 -38.041132
-71.716526 -344.427752 -39.885100
-72.061369 -343.734308 -41.729068
-72.406212 -343.040863 -43.573036
-72.751056 -342.347419 -45.417004
-73.095899 -341.653974 -47.260972
-73.440742 -340.960530 -49.104940
-73.785585 -340.267085 -50.948908
-74.130429 -339.573641 -52.792876
-74.475272 -338.880196 -54.636844
-74.820115 -338.186752 -56.480812
-75.164958 -337.493307 -58.324780
-75.509802 -336.799863 -60.168748
-75.854645 -336.106419 -62.012716
-76.199488 -335.412974 -63.856684
-76.544331 -334.719530 -65.700652
-76.889175 -334.026085 -67.544619
-77.234018 -333.332641 -69.388587
-77.578861 -332.639196 -71.232555
-77.923704 -331.945752 -73.076523
-78.268548 -331.252307 -74.920491
-78.613391 -330.558863 -76.764459
-78.958234 -329.865418 -78.608427
-79.303077 -329.171974 -80.452395
-79.647921 -328.478529 -82.296363
-79.992764 -327.785085 -84.140331
-80.337607 -327.091640 -85.984299
-80.682451 -326.398196 -87.828267
-81.027294 -325.704751 -89.672235
-81.372137 -325.011307 -91.516203
-81.716980 -324.317862 -93.360171
-82.061824 -323.624418 -95.204139
-82.406667 -322.930973 -97.048107
-82.751510 -322.237529 -98.892075
-83.096353 -321.544084 -100.736043
-83.441197 -320.850640 -102.580011
-83.786040 -320.157195 -104.423979
-84.130883 -319.463751 -106.267947
-84.475726 -318.770307 -108.111915
-84.820570 -318.076862 -109.955883
-85.165413 -317.383418 -111.799851
-85.510256 -316.689973 -113.643819
-85.855099 -315.996529 -115.487787
-86.199943 -315.303084 -117.331755
-86.544786 -314.609640 -119.175723
-86.889629 -313.916195 -121.019691
-87.234472 -313.222751 -122.863659
-87.579316 -312.529306 -124.707627
-87.924159 -311.835862 -126.551595
-88.269002 -311.142417 -128.395563
-88.613845 -310.448973 -130.239531
-88.958689 -309.755528 -132.083499
-89.303532 -309.062084 -133.927466
-89.648375 -308.368639 -135.771434
-89.993218 -307.675195 -137.615402
-90.338062 -306.981750 -139.459370
-90.682905 -306.288306 -141.303338
-91.027748 -305.594861 -143.147306
-91.372592 -304.901417 -144.991274
-91.717435 -304.207972 -146.835242
-92.062278 -303.514528 -148.679210
-92.407121 -302.821084 -150.523178
-92.751965 -302.127639 -152.367146
-93.096808 -301.434195 -154.211114
45.299887 259.756307 -179.922768
45.211961 258.867860 -181.712441
45.124035 257.979412 -183.502114
45.036109 257.090964 -185.291787
44.948183 256.202517 -187.081460
44.860258 255.314069 -188.871133
44.772332 254.425621 -190.660806
44.684406 253.537174 -192.450479
44.596480 252.648726 -194.240152
44.508554 251.760278 -196.029825
44.420628 250.871830 -197.819498
44.332702 249.983383 -199.609171
44.244776 249.094935 -201.398845
44.156850 248.206487 -203.188518
44.068924 247.318040 -204.978191
43.980998 246.429592 -206.767864
43.893072 245.541144 -208.557537
43.805146 244.652697 -210.347210
43.717220 243.764249 -212.136883
43.629295 242.875801 -213.926556
43.541369 241.987354 -215.716229
43.453443 241.098906 -217.505902
43.365517 240.210458 -219.295575
43.277591 239.322010 -221.085248
43.189665 238.433563 -222.874921
43.101739 237.545115 -224.664595
43.013813 236.656667 -226.454268
42.925887 235.768220 -228.243941
42.837961 234.879772 -230.033614
42.750035 233.991324 -231.823287
42.662109 233.102877 -233.612960
42.574183 232.214429 -235.402633
42.486257 231.325981 -237.192306
42.398332 230.437533 -238.981979
42.310406 229.549086 -240.771652
42.222480 228.660638 -242.561325
42.134554 227.772190 -244.350998
42.046628 226.883743 -246.140671
41.958702 225.995295 -247.930345
41.870776 225.106847 -249.720018
41.782850 224.218400 -251.509691
41.694924 223.329952 -253.299364
41.606998 222.441504 -255.089037
41.519072 221.553056 -256.878710
41.431146 220.664609 -258.668383
41.343220 219.776161 -260.458056
41.255294 218.887713 -262.247729
41.167369 217.999266 -264.037402
41.079443 217.110818 -265.827075
40.991517 216.222370 -267.616748
40.903591 215.333923 -269.406421
40.815665 214.445475 -271.196095
40.727739 213.557027 -272.985768
40.639813 212.668579 -274.775441
40.551887 211.780132 -276.565114
40.463961 210.891684 -278.354787
40.376035 210.003236 -280.144460
40.288109 209.114789 -281.934133
40.200183 208.226341 -283.723806
40.112257 207.337893 -285.513479
40.024331 206.449446 -287.303152
39.936405 205.560998 -289.092825
39.848480 204.672550 -290.882498
39.760554 203.784102 -292.672171
39.672628 202.895655 -294.461845
39.584702 202.007207 -296.251518
39.496776 201.118759 -298.041191
39.408850 200.230312 -299.830864
39.320924 199.341864 -301.620537
39.232998 198.453416 -303.410210
-200.047977 -96.465952 -131.097587
-200.536857 -95.364838 -129.501170
-201.025736 -94.263725 -127.904753
-201.514615 -93.162611 -126.308337
-202.003494 -92.061498 -124.711920
-202.492373 -90.960385 -123.115503
-202.981252 -89.859271 -121.519087
-203.470132 -88.758158 -119.922670
-203.959011 -87.657044 -118.326253
-204.447890 -86.555931 -116.729836
-204.936769 -85.454817 -115.133420
-205.425648 -84.353704 -113.537003
-205.914527 -83.252590 -111.940586
-206.403407 -82.151477 -110.344169
-206.892286 -81.050364 -108.747753
-207.381165 -79.949250 -107.151336
-207.870044 -78.848137 -105.554919
-208.358923 -77.747023 -103.958503
-208.847802 -76.645910 -102.362086
-209.336682 -75.544796 -100.765669
-209.825561 -74.443683 -99.169252
-210.314440 -73.342570 -97.572836
-210.803319 -72.241456 -95.976419
-211.292198 -71.140343 -94.380002
-211.781077 -70.039229 -92.783585
-212.269957 -68.938116 -91.187169
-212.758836 -67.837002 -89.590752
-213.247715 -66.735889 -87.994335
-213.736594 -65.634775 -86.397919
-214.225473 -64.533662 -84.801502
-214.714352 -63.432549 -83.205085
-215.203232 -62.331435 -81.608668
-215.692111 -61.230322 -80.012252
-216.180990 -60.129208 -78.415835
-216.669869 -59.028095 -76.819418
-217.158748 -57.926981 -75.223002
-217.647628 -56.825868 -73.626585
-218.136507 -55.724755 -72.030168
-218.625386 -54.623641 -70.433751
-219.114265 -53.522528 -68.837335
-219.603144 -52.421414 -67.240918
-220.092023 -51.320301 -65.644501
-220.580903 -50.219187 -64.048084
-221.069782 -49.118074 -62.451668
-221.558661 -48.016961 -60.855251
-222.047540 -46.915847 -59.258834
-222.536419 -45.814734 -57.662418
-223.025298 -44.713620 -56.066001
-223.514178 -43.612507 -54.469584
-224.003057 -42.511393 -52.873167
-224.491936 -41.410280 -51.276751
-224.980815 -40.309166 -49.680334
-225.469694 -39.208053 -48.083917
-225.958573 -38.106940 -46.487500
-226.447453 -37.005826 -44.891084
-226.936332 -35.904713 -43.294667
-227.425211 -34.803599 -41.698250
-227.914090 -33.702486 -40.101834
-228.402969 -32.601372 -38.505417
-228.891848 -31.500259 -36.909000
-229.380728 -30.399146 -35.312583
-229.869607 -29.298032 -33.716167
-230.358486 -28.196919 -32.119750
-230.847365 -27.095805 -30.523333
-231.336244 -25.994692 -28.926916
-231.825123 -24.893578 -27.330500
-232.314003 -23.792465 -25.734083
-232.802882 -22.691352 -24.137666
-233.291761 -21.590238 -22.541250
-233.780640 -20.489125 -20.944833
397.251671 137.254912 -319.770635
395.625760 138.385477 -319.490930
393.999848 139.516041 -319.211224
392.373936 140.646605 -318.931519
390.748024 141.777170 -318.651813
389.122113 142.907734 -318.372108
387.496201 144.038299 -318.092402
385.870289 145.168863 -317.812697
384.244378 146.299427 -317.532991
382.618466 147.429992 -317.253285
380.992554 148.560556 -316.973580
379.366642 149.691121 -316.693874
377.740731 150.821685 -316.414169
376.114819 151.952249 -316.134463
374.488907 153.082814 -315.854758
372.862995 154.213378 -315.575052
371.237084 155.343943 -315.295347
369.611172 156.474507 -315.015641
367.985260 157.605071 -314.735936
366.359349 158.735636 -314.456230
364.733437 159.866200 -314.176525
363.107525 160.996765 -313.896819
361.481613 162.127329 -313.617114
359.855702 163.257893 -313.337408
358.229790 164.388458 -313.057703
356.603878 165.519022 -312.777997
354.977966 166.649587 -312.498292
353.352055 167.780151 -312.218586
351.726143 168.910716 -311.938881
350.100231 170.041280 -311.659175
348.474319 171.171844 -311.379470
346.848408 172.302409 -311.099764
345.222496 173.432973 -310.820059
343.596584 174.563538 -310.540353
341.970673 175.694102 -310.260648
340.344761 176.824666 -309.980942
338.718849 177.955231 -309.701237
337.092937 179.085795 -309.421531
335.467026 180.216360 -309.141826
333.841114 181.346924 -308.862120
332.215202 182.477488 -308.582415
330.589290 183.608053 -308.302709
328.963379 184.738617 -308.023004
327.337467 185.869182 -307.743298
325.711555 186.999746 -307.463593
324.085644 188.130310 -307.183887
322.459732 189.260875 -306.904182
320.833820 190.391439 -306.624476
319.207908 191.522004 -306.344771
317.581997 192.652568 -306.065065
315.956085 193.783132 -305.785360
314.330173 194.913697 -305.505654
312.704261 196.044261 -305.225949
311.078350 197.174826 -304.946243
309.452438 198.305390 -304.666538
307.826526 199.435954 -304.386832
306.200615 200.566519 -304.107127
304.574703 201.697083 -303.827421
302.948791 202.827648 -303.547716
301.322879 203.958212 -303.268010
299.696968 205.088777 -302.988305
298.071056 206.219341 -302.708599
296.445144 207.349905 -302.428894
294.819232 208.480470 -302.149188
293.193321 209.611034 -301.869483
291.567409 210.741599 -301.589777
289.941497 211.872163 -301.310072
288.315586 213.002727 -301.030366
286.689674 214.133292 -300.750660
285.063762 215.263856 -300.470955
53.477282 -310.337168 201.254652
52.591906 -309.457739 202.817570
51.706530 -308.578310 204.380489
50.821153 -307.698881 205.943407
49.935777 -306.819452 207.506326
49.050401 -305.940023 209.069244
48.165025 -305.060594 210.632162
47.279649 -304.181165 212.195081
46.394273 -303.301736 213.757999
45.508897 -302.422308 215.320918
44.623521 -301.542879 216.883836
43.738145 -300.663450 218.446754
42.852768 -299.784021 220.009673
41.967392 -298.904592 221.572591
41.082016 -298.025163 223.135510
40.196640 -297.145734 224.698428
39.311264 -296.266305 226.261346
38.425888 -295.386876 227.824265
37.540512 -294.507447 229.387183
36.655136 -293.628018 230.950102
35.769760 -292.748589 232.513020
34.884384 -291.869161 234.075938
33.999007 -290.989732 235.638857
33.113631 -290.110303 237.201775
32.228255 -289.230874 238.764694
31.342879 -288.351445 240.327612
30.457503 -287.472016 241.890530
29.572127 -286.592587 243.453449
28.686751 -285.713158 245.016367
27.801375 -284.833729 246.579286
26.915999 -283.954300 248.142204
26.030623 -283.074871 249.705122
25.145246 -282.195442 251.268041
24.259870 -281.316014 252.830959
23.374494 -280.436585 254.393878
22.489118 -279.557156 255.956796
21.603742 -278.677727 257.519714
20.718366 -277.798298 259.082633
19.832990 -276.918869 260.645551
18.947614 -276.039440 262.208470
18.062238 -275.160011 263.771388
17.176862 -274.280582 265.334306
16.291485 -273.401153 266.897225
15.406109 -272.521724 268.460143
14.520733 -271.642295 270.023062
13.635357 -270.762867 271.585980
12.749981 -269.883438 273.148898
11.864605 -269.004009 274.711817
10.979229 -268.124580 276.274735
10.093853 -267.245151 277.837654
9.208477 -266.365722 279.400572
8.323100 -265.486293 280.963491
7.437724 -264.606864 282.526409
6.552348 -263.727435 284.089327
5.666972 -262.848006 285.652246
4.781596 -261.968577 287.215164
3.896220 -261.089148 288.778083
3.010844 -260.209720 290.341001
2.125468 -259.330291 291.903919
1.240092 -258.450862 293.466838
0.354716 -257.571433 295.029756
-0.530661 -256.692004 296.592675
-1.416037 -255.812575 298.155593
-2.301413 -254.933146 299.718511
-3.186789 -254.053717 301.281430
-4.072165 -253.174288 302.844348
-4.957541 -252.294859 304.407267
-5.842917 -251.415430 305.970185
-6.728293 -250.536001 307.533103
-7.613669 -249.656573 309.096022
-241.650442 4.157275 98.094738
-241.971400 2.375984 97.243862
-242.292358 0.594694 96.392986
-242.613316 -1.186597 95.542110
-242.934273 -2.967887 94.691234
-243.255231 -4.749178 93.840357
-243.576189 -6.530468 92.989481
-243.897147 -8.311759 92.138605
-244.218104 -10.093050 91.287729
-244.539062 -11.874340 90.436853
-244.860020 -13.655631 89.585977
-245.180978 -15.436921 88.735101
-245.501935 -17.218212 87.884225
-245.822893 -18.999502 87.033349
-246.143851 -20.780793 86.182473
-246.464809 -22.562084 85.331597
-246.785767 -24.343374 84.480721
-247.106724 -26.124665 83.629845
-247.427682 -27.905955 82.778969
-247.748640 -29.687246 81.928093
-248.069598 -31.468536 81.077217
-248.390555 -33.249827 80.226341
-248.711513 -35.031118 79.375465
-249.032471 -36.812408 78.524589
-249.353429 -38.593699 77.673713
-249.674386 -40.374989 76.822837
-249.995344 -42.156280 75.971961
-250.316302 -43.937570 75.121085
-250.637260 -45.718861 74.270209
-250.958218 -47.500152 73.419333
-251.279175 -49.281442 72.568457
-251.600133 -51.062733 71.717581
-251.921091 -52.844023 70.866705
-252.242049 -54.625314 70.015829
-252.563006 -56.406604 69.164953
-252.883964 -58.187895 68.314077
-253.204922 -59.969186 67.463200
-253.525880 -61.750476 66.612324
-253.846837 -63.531767 65.761448
-254.167795 -65.313057 64.910572
-254.488753 -67.094348 64.059696
-254.809711 -68.875638 63.208820
-255.130669 -70.656929 62.357944
-255.451626 -72.438220 61.507068
-255.772584 -74.219510 60.656192
-256.093542 -76.000801 59.805316
-256.414500 -77.782091 58.954440
-256.735457 -79.563382 58.103564
-257.056415 -81.344672 57.252688
-257.377373 -83.125963 56.401812
-257.698331 -84.907253 55.550936
-258.019288 -86.688544 54.700060
-258.340246 -88.469835 53.849184
-258.661204 -90.251125 52.998308
-258.982162 -92.032416 52.147432
-259.303120 -93.813706 51.296556
-259.624077 -95.594997 50.445680
-259.945035 -97.376287 49.594804
-260.265993 -99.157578 48.743928
-260.586951 -100.938869 47.893052
-260.907908 -102.720159 47.042176
-261.228866 -104.501450 46.191300
-261.549824 -106.282740 45.340424
-261.870782 -108.064031 44.489548
-262.191739 -109.845321 43.638672
-262.512697 -111.626612 42.787796
-262.833655 -113.407903 41.936920
-263.154613 -115.189193 41.086043
-263.475571 -116.970484 40.235167
-263.796528 -118.751774 39.384291
90.185276 102.055291 -63.423120
90.224221 100.056003 -63.459559
90.263165 98.056714 -63.495997
90.302109 96.057425 -63.532436
90.341053 94.058136 -63.568874
90.379997 92.058848 -63.605312
90.418942 90.059559 -63.641751
90.457886 88.060270 -63.678189
90.496830 86.060981 -63.714628
90.535774 84.061693 -63.751066
90.574719 82.062404 -63.787505
90.613663 80.063115 -63.823943
90.652607 78.063826 -63.860381
90.691551 76.064537 -63.896820
90.730496 74.065249 -63.933258
90.769440 72.065960 -63.969697
90.808384 70.066671 -64.006135
90.847328 68.067382 -64.042574
90.886273 66.068094 -64.079012
90.925217 64.068805 -64.115450
90.964161 62.069516 -64.151889
91.003105 60.070227 -64.188327
91.042050 58.070938 -64.224766
91.080994 56.071650 -64.261204
91.119938 54.072361 -64.297643
91.158882 52.073072 -64.334081
91.197826 50.073783 -64.370519
91.236771 48.074495 -64.406958
91.275715 46.075206 -64.443396
91.314659 44.075917 -64.479835
91.353603 42.076628 -64.516273
91.392548 40.077340 -64.552712
91.431492 38.078051 -64.589150
91.470436 36.078762 -64.625588
91.509380 34.079473 -64.662027
91.548325 32.080184 -64.698465
91.587269 30.080896 -64.734904
91.626213 28.081607 -64.771342
91.665157 26.082318 -64.807781
91.704102 24.083029 -64.844219
91.743046 22.083741 -64.880657
91.781990 20.084452 -64.917096
91.820934 18.085163 -64.953534
91.859879 16.085874 -64.989973
91.898823 14.086586 -65.026411
91.937767 12.087297 -65.062850
91.976711 10.088008 -65.099288
92.015655 8.088719 -65.135726
92.054600 6.089430 -65.172165
92.093544 4.090142 -65.208603
92.132488 2.090853 -65.245042
92.171432 0.091564 -65.281480
92.210377 -1.907725 -65.317919
92.249321 -3.907013 -65.354357
92.288265 -5.906302 -65.390795
92.327209 -7.905591 -65.427234
92.366154 -9.904880 -65.463672
92.405098 -11.904168 -65.500111
92.444042 -13.903457 -65.536549
92.482986 -15.902746 -65.572987
92.521931 -17.902035 -65.609426
92.560875 -19.901324 -65.645864
92.599819 -21.900612 -65.682303
92.638763 -23.899901 -65.718741
92.677708 -25.899190 -65.755180
92.716652 -27.898479 -65.791618
92.755596 -29.897767 -65.828056
92.794540 -31.897056 -65.864495
92.833484 -33.896345 -65.900933
92.872429 -35.895634 -65.937372
356.834623 -249.112029 -312.428682
355.062586 -250.022523 -312.252936
353.290550 -250.933018 -312.077191
351.518513 -251.843512 -311.901445
349.746477 -252.754007 -311.725699
347.974440 -253.664501 -311.549953
346.202404 -254.574995 -311.374207
344.430367 -255.485490 -311.198461
342.658331 -256.395984 -311.022715
340.886294 -257.306479 -310.846969
339.114258 -258.216973 -310.671223
337.342221 -259.127467 -310.495477
335.570185 -260.037962 -310.319731
333.798148 -260.948456 -310.143985
332.026112 -261.858951 -309.968239
330.254075 -262.769445 -309.792493
328.482039 -263.679939 -309.616747
326.710002 -264.590434 -309.441001
324.937966 -265.500928 -309.265255
323.165929 -266.411423 -309.089509
321.393893 -267.321917 -308.913763
319.621856 -268.232411 -308.738017
317.849820 -269.142906 -308.562271
316.077783 -270.053400 -308.386525
314.305747 -270.963894 -308.210779
312.533710 -271.874389 -308.035033
310.761674 -272.784883 -307.859287
308.989637 -273.695378 -307.683541
307.217601 -274.605872 -307.507795
305.445565 -275.516366 -307.332049
303.673528 -276.426861 -307.156303
301.901492 -277.337355 -306.980557
300.129455 -278.247850 -306.804811
298.357419 -279.158344 -306.629065
296.585382 -280.068838 -306.453319
294.813346 -280.979333 -306.277573
293.041309 -281.889827 -306.101827
291.269273 -282.800322 -305.926081
289.497236 -283.710816 -305.750335
287.725200 -284.621310 -305.574589
285.953163 -285.531805 -305.398843
284.181127 -286.442299 -305.223097
282.409090 -287.352794 -305.047351
280.637054 -288.263288 -304.871605
278.865017 -289.173782 -304.695860
277.092981 -290.084277 -304.520114
275.320944 -290.994771 -304.344368
273.548908 -291.905265 -304.168622
271.776871 -292.815760 -303.992876
270.004835 -293.726254 -303.817130
268.232798 -294.636749 -303.641384
266.460762 -295.547243 -303.465638
264.688725 -296.457737 -303.289892
262.916689 -297.368232 -303.114146
261.144652 -298.278726 -302.938400
259.372616 -299.189221 -302.762654
257.600579 -300.099715 -302.586908
255.828543 -301.010209 -302.411162
254.056506 -301.920704 -302.235416
252.284470 -302.831198 -302.059670
250.512433 -303.741693 -301.883924
248.740397 -304.652187 -301.708178
246.968360 -305.562681 -301.532432
245.196324 -306.473176 -301.356686
243.424287 -307.383670 -301.180940
241.652251 -308.294165 -301.005194
239.880214 -309.204659 -300.829448
238.108178 -310.115153 -300.653702
236.336141 -311.025648 -300.477956
234.564105 -311.936142 -300.302210
147.678945 -220.268454 -274.094309
146.048071 -219.915597 -272.991703
144.417197 -219.562739 -271.889096
142.786322 -219.209882 -270.786490
141.155448 -218.857025 -269.683883
139.524574 -218.504168 -268.581276
137.893700 -218.151310 -267.478670
136.262826 -217.798453 -266.376063
134.631952 -217.445596 -265.273457
133.001077 -217.092738 -264.170850
131.370203 -216.739881 -263.068244
129.739329 -216.387024 -261.965637
128.108455 -216.034166 -260.863031
126.477581 -215.681309 -259.760424
124.846707 -215.328452 -258.657818
123.215832 -214.975594 -257.555211
121.584958 -214.622737 -256.452605
119.954084 -214.269880 -255.349998
118.323210 -213.917023 -254.247392
116.692336 -213.564165 -253.144785
115.061462 -213.211308 -252.042179
113.430587 -212.858451 -250.939572
111.799713 -212.505593 -249.836966
110.168839 -212.152736 -248.734359
108.537965 -211.799879 -247.631752
106.907091 -211.447021 -246.529146
105.276216 -211.094164 -245.426539
103.645342 -210.741307 -244.323933
102.014468 -210.388450 -243.221326
100.383594 -210.035592 -242.118720
98.752720 -209.682735 -241.016113
97.121846 -209.329878 -239.913507
95.490971 -208.977020 -238.810900
93.860097 -208.624163 -237.708294
92.229223 -208.271306 -236.605687
90.598349 -207.918448 -235.503081
88.967475 -207.565591 -234.400474
87.336601 -207.212734 -233.297868
85.705726 -206.859876 -232.195261
84.074852 -206.507019 -231.092655
82.443978 -206.154162 -229.990048
80.813104 -205.801305 -228.887442
79.182230 -205.448447 -227.784835
77.551356 -205.095590 -226.682228
75.920481 -204.742733 -225.579622
74.289607 -204.389875 -224.477015
72.658733 -204.037018 -223.374409
71.027859 -203.684161 -222.271802
69.396985 -203.331303 -221.169196
67.766111 -202.978446 -220.066589
66.135236 -202.625589 -218.963983
64.504362 -202.272732 -217.861376
62.873488 -201.919874 -216.758770
61.242614 -201.567017 -215.656163
59.611740 -201.214160 -214.553557
57.980865 -200.861302 -213.450950
56.349991 -200.508445 -212.348344
54.719117 -200.155588 -211.245737
53.088243 -199.802730 -210.143131
51.457369 -199.449873 -209.040524
49.826495 -199.097016 -207.937918
48.195620 -198.744158 -206.835311
46.564746 -198.391301 -205.732704
44.933872 -198.038444 -204.630098
43.302998 -197.685587 -203.527491
41.672124 -197.332729 -202.424885
40.041250 -196.979872 -201.322278
38.410375 -196.627015 -200.219672
36.779501 -196.274157 -199.117065
35.148627 -195.921300 -198.014459
-76.141696 299.760694 -243.816268
-74.984017 301.159099 -244.655460
-73.826338 302.557504 -245.494653
-72.668659 303.955908 -246.333845
-71.510980 305.354313 -247.173037
-70.353301 306.752718 -248.012229
-69.195622 308.151123 -248.851422
-68.037943 309.549527 -249.690614
-66.880264 310.947932 -250.529806
-65.722585 312.346337 -251.368998
-64.564906 313.744742 -252.208190
-63.407227 315.143146 -253.047383
-62.249548 316.541551 -253.886575
-61.091869 317.939956 -254.725767
-59.934190 319.338360 -255.564959
-58.776511 320.736765 -256.404152
-57.618832 322.135170 -257.243344
-56.461153 323.533575 -258.082536
-55.303474 324.931979 -258.921728
-54.145795 326.330384 -259.760921
-52.988116 327.728789 -260.600113
-51.830437 329.127193 -261.439305
-50.672758 330.525598 -262.278497
-49.515079 331.924003 -263.117689
-48.357400 333.322408 -263.956882
-47.199721 334.720812 -264.796074
-46.042042 336.119217 -265.635266
-44.884363 337.517622 -266.474458
-43.726684 338.916027 -267.313651
-42.569005 340.314431 -268.152843
-41.411326 341.712836 -268.992035
-40.253647 343.111241 -269.831227
-39.095968 344.509645 -270.670420
-37.938289 345.908050 -271.509612
-36.780610 347.306455 -272.348804
-35.622931 348.704860 -273.187996
-34.465252 350.103264 -274.027188
-33.307573 351.501669 -274.866381
-32.149894 352.900074 -275.705573
-30.992215 354.298478 -276.544765
-29.834536 355.696883 -277.383957
-28.676857 357.095288 -278.223150
-27.519178 358.493693 -279.062342
-26.361499 359.892097 -279.901534
-25.203820 361.290502 -280.740726
-24.046141 362.688907 -281.579919
-22.888462 364.087312 -282.419111
-21.730783 365.485716 -283.258303
-20.573104 366.884121 -284.097495
-19.415425 368.282526 -284.936687
-18.257746 369.680930 -285.775880
-17.100067 371.079335 -286.615072
-15.942388 372.477740 -287.454264
-14.784709 373.876145 -288.293456
-13.627030 375.274549 -289.132649
-12.469351 376.672954 -289.971841
-11.311672 378.071359 -290.811033
-10.153993 379.469763 -291.650225
-8.996315 380.868168 -292.489418
-7.838636 382.266573 -293.328610
-6.680957 383.664978 -294.167802
-5.523278 385.063382 -295.006994
-4.365599 386.461787 -295.846186
-3.207920 387.860192 -296.685379
-2.050241 389.258597 -297.524571
-0.892562 390.657001 -298.363763
0.265117 392.055406 -299.202955
1.422796 393.453811 -300.042148
2.580475 394.852215 -300.881340
3.738154 396.250620 -301.720532
57.721384 75.853448 -253.086603
56.098457 77.021989 -253.111512
54.475529 78.190529 -253.136421
52.852602 79.359069 -253.161329
51.229675 80.527610 -253.186238
49.606748 81.696150 -253.211147
47.983820 82.864691 -253.236055
46.360893 84.033231 -253.260964
44.737966 85.201771 -253.285873
43.115039 86.370312 -253.310782
41.492111 87.538852 -253.335690
39.869184 88.707393 -253.360599
38.246257 89.875933 -253.385508
36.623330 91.044474 -253.410416
35.000402 92.213014 -253.435325
33.377475 93.381554 -253.460234
31.754548 94.550095 -253.485143
30.131621 95.718635 -253.510051
28.508693 96.887176 -253.534960
26.885766 98.055716 -253.559869
25.262839 99.224256 -253.584777
23.639912 100.392797 -253.609686
22.016984 101.561337 -253.634595
20.394057 102.729878 -253.659504
18.771130 103.898418 -253.684412
17.148203 105.066958 -253.709321
15.525275 106.235499 -253.734230
13.902348 107.404039 -253.759138
12.279421 108.572580 -253.784047
10.656494 109.741120 -253.808956
9.033566 110.909661 -253.833865
7.410639 112.078201 -253.858773
5.787712 113.246741 -253.883682
4.164785 114.415282 -253.908591
2.541857 115.583822 -253.933499
0.918930 116.752363 -253.958408
-0.703997 117.920903 -253.983317
-2.326924 119.089443 -254.008226
-3.949852 120.257984 -254.033134
-5.572779 121.426524 -254.058043
-7.195706 122.595065 -254.082952
-8.818633 123.763605 -254.107860
-10.441561 124.932146 -254.132769
-12.064488 126.100686 -254.157678
-13.687415 127.269226 -254.182586
-15.310342 128.437767 -254.207495
-16.933270 129.606307 -254.232404
-18.556197 130.774848 -254.257313
-20.179124 131.943388 -254.282221
-21.802051 133.111928 -254.307130
-23.424979 134.280469 -254.332039
-25.047906 135.449009 -254.356947
-26.670833 136.617550 -254.381856
-28.293760 137.786090 -254.406765
-29.916688 138.954630 -254.431674
-31.539615 140.123171 -254.456582
-33.162542 141.291711 -254.481491
-34.785469 142.460252 -254.506400
-36.408397 143.628792 -254.531308
-38.031324 144.797333 -254.556217
-39.654251 145.965873 -254.581126
-41.277178 147.134413 -254.606035
-42.900106 148.302954 -254.630943
-44.523033 149.471494 -254.655852
-46.145960 150.640035 -254.680761
-47.768887 151.808575 -254.705669
-49.391815 152.977115 -254.730578
-51.014742 154.145656 -254.755487
-52.637669 155.314196 -254.780396
-54.260596 156.482737 -254.805304
108.812061 115.870175 210.893385
110.138035 116.746759 212.107217
111.464010 117.623343 213.321050
112.789985 118.499928 214.534883
114.115960 119.376512 215.748716
115.441935 120.253097 216.962549
116.767910 121.129681 218.176382
118.093885 122.006266 219.390215
119.419860 122.882850 220.604048
120.745834 123.759435 221.817881
122.071809 124.636019 223.031714
123.397784 125.512604 224.245546
124.723759 126.389188 225.459379
126.049734 127.265773 226.673212
127.375709 128.142357 227.887045
128.701684 129.018942 229.100878
130.027658 129.895526 230.314711
131.353633 130.772111 231.528544
132.679608 131.648695 232.742377
134.005583 132.525280 233.956210
135.331558 133.401864 235.170043
136.657533 134.278448 236.383875
137.983508 135.155033 237.597708
139.309483 136.031617 238.811541
140.635457 136.908202 240.025374
141.961432 137.784786 241.239207
143.287407 138.661371 242.453040
144.613382 139.537955 243.666873
145.939357 140.414540 244.880706
147.265332 141.291124 246.094539
148.591307 142.167709 247.308371
149.917282 143.044293 248.522204
151.243256 143.920878 249.736037
152.569231 144.797462 250.949870
153.895206 145.674047 252.163703
155.221181 146.550631 253.377536
156.547156 147.427216 254.591369
157.873131 148.303800 255.805202
159.199106 149.180384 257.019035
160.525081 150.056969 258.232868
161.851055 150.933553 259.446700
163.177030 151.810138 260.660533
164.503005 152.686722 261.874366
165.828980 153.563307 263.088199
167.154955 154.439891 264.302032
168.480930 155.316476 265.515865
169.806905 156.193060 266.729698
171.132880 157.069645 267.943531
172.458854 157.946229 269.157364
173.784829 158.822814 270.371196
175.110804 159.699398 271.585029
176.436779 160.575983 272.798862
177.762754 161.452567 274.012695
179.088729 162.329152 275.226528
180.414704 163.205736 276.440361
181.740679 164.082321 277.654194
183.066653 164.958905 278.868027
184.392628 165.835489 280.081860
185.718603 166.712074 281.295693
187.044578 167.588658 282.509525
188.370553 168.465243 283.723358
189.696528 169.341827 284.937191
191.022503 170.218412 286.151024
192.348478 171.094996 287.364857
193.674452 171.971581 288.578690
195.000427 172.848165 289.792523
196.326402 173.724750 291.006356
197.652377 174.601334 292.220189
198.978352 175.477919 293.434022
200.304327 176.354503 294.647854
-294.724994 -141.122612 235.544448
-294.248996 -142.156457 237.189011
-293.772998 -143.190303 238.833575
-293.296999 -144.224149 240.478138
-292.821001 -145.257995 242.122701
-292.345002 -146.291840 243.767265
-291.869004 -147.325686 245.411828
-291.393006 -148.359532 247.056391
-290.917007 -149.393378 248.700955
-290.441009 -150.427223 250.345518
-289.965010 -151.461069 251.990081
-289.489012 -152.494915 253.634645
-289.013014 -153.528761 255.279208
-288.537015 -154.562606 256.923771
-288.061017 -155.596452 258.568335
-287.585019 -156.630298 260.212898
-287.109020 -157.664144 261.857461
-286.633022 -158.697989 263.502024
-286.157023 -159.731835 265.146588
-285.681025 -160.765681 266.791151
-285.205027 -161.799527 268.435714
-284.729028 -162.833372 270.080278
-284.253030 -163.867218 271.724841
-283.777031 -164.901064 273.369404
-283.301033 -165.934910 275.013968
-282.825035 -166.968755 276.658531
-282.349036 -168.002601 278.303094
-281.873038 -169.036447 279.947658
-281.397039 -170.070293 281.592221
-280.921041 -171.104138 283.236784
-280.445043 -172.137984 284.881348
-279.969044 -173.171830 286.525911
-279.493046 -174.205676 288.170474
-279.017047 -175.239521 289.815038
-278.541049 -176.273367 291.459601
-278.065051 -177.307213 293.104164
-277.589052 -178.341058 294.748728
-277.113054 -179.374904 296.393291
-276.637056 -180.408750 298.037854
-276.161057 -181.442596 299.682417
-275.685059 -182.476441 301.326981
-275.209060 -183.510287 302.971544
-274.733062 -184.544133 304.616107
-274.257064 -185.577979 306.260671
-273.781065 -186.611824 307.905234
-273.305067 -187.645670 309.549797
-272.829068 -188.679516 311.194361
-272.353070 -189.713362 312.838924
-271.877072 -190.747207 314.483487
-271.401073 -191.781053 316.128051
-270.925075 -192.814899 317.772614
-270.449076 -193.848745 319.417177
-269.973078 -194.882590 321.061741
-269.497080 -195.916436 322.706304
-269.021081 -196.950282 324.350867
-268.545083 -197.984128 325.995431
-268.069084 -199.017973 327.639994
-267.593086 -200.051819 329.284557
-267.117088 -201.085665 330.929121
-266.641089 -202.119511 332.573684
-266.165091 -203.153356 334.218247
-265.689093 -204.187202 335.862810
-265.213094 -205.221048 337.507374
-264.737096 -206.254894 339.151937
-264.261097 -207.288739 340.796500
-263.785099 -208.322585 342.441064
-263.309101 -209.356431 344.085627
-262.833102 -210.390277 345.730190
-262.357104 -211.424122 347.374754
-261.881105 -212.457968 349.019317
-131.280395 -85.340613 39.552262
-129.983420 -85.287313 38.030744
-128.686445 -85.234013 36.509227
-127.389470 -85.180713 34.987710
-126.092494 -85.127413 33.466193
-124.795519 -85.074113 31.944676
-123.498544 -85.020813 30.423158
-122.201569 -84.967513 28.901641
-120.904594 -84.914213 27.380124
-119.607619 -84.860912 25.858607
-118.310644 -84.807612 24.337090
-117.013668 -84.754312 22.815573
-115.716693 -84.701012 21.294055
-114.419718 -84.647712 19.772538
-113.122743 -84.594412 18.251021
-111.825768 -84.541112 16.729504
-110.528793 -84.487812 15.207987
-109.231818 -84.434512 13.686469
-107.934842 -84.381212 12.164952
-106.637867 -84.327912 10.643435
-105.340892 -84.274612 9.121918
-104.043917 -84.221312 7.600401
-102.746942 -84.168012 6.078883
-101.449967 -84.114712 4.557366
-100.152991 -84.061412 3.035849
-98.856016 -84.008111 1.514332
-97.559041 -83.954811 -0.007185
-96.262066 -83.901511 -1.528703
-94.965091 -83.848211 -3.050220
-93.668116 -83.794911 -4.571737
-92.371141 -83.741611 -6.093254
-91.074165 -83.688311 -7.614771
-89.777190 -83.635011 -9.136289
-88.480215 -83.581711 -10.657806
-87.183240 -83.528411 -12.179323
-85.886265 -83.475111 -13.700840
-84.589290 -83.421811 -15.222357
-83.292315 -83.368511 -16.743874
-81.995339 -83.315211 -18.265392
-80.698364 -83.261911 -19.786909
-79.401389 -83.208611 -21.308426
-78.104414 -83.155310 -22.829943
-76.807439 -83.102010 -24.351460
-75.510464 -83.048710 -25.872978
-74.213489 -82.995410 -27.394495
-72.916513 -82.942110 -28.916012
-71.619538 -82.888810 -30.437529
-70.322563 -82.835510 -31.959046
-69.025588 -82.782210 -33.480564
-67.728613 -82.728910 -35.002081
-66.431638 -82.675610 -36.523598
-65.134662 -82.622310 -38.045115
-63.837687 -82.569010 -39.566632
-62.540712 -82.515710 -41.088150
-61.243737 -82.462410 -42.609667
-59.946762 -82.409110 -44.131184
-58.649787 -82.355810 -45.652701
-57.352812 -82.302509 -47.174218
-56.055836 -82.249209 -48.695736
-54.758861 -82.195909 -50.217253
-53.461886 -82.142609 -51.738770
-52.164911 -82.089309 -53.260287
-50.867936 -82.036009 -54.781804
-49.570961 -81.982709 -56.303321
-48.273986 -81.929409 -57.824839
-46.977010 -81.876109 -59.346356
-45.680035 -81.822809 -60.867873
-44.383060 -81.769509 -62.389390
-43.086085 -81.716209 -63.910907
-41.789110 -81.662909 -65.432425
-238.205912 49.238657 -134.097974
-239.621632 50.642453 -134.256384
-241.037353 52.046248 -134.414795
-242.453074 53.450043 -134.573205
-243.868794 54.853838 -134.731616
-245.284515 56.257634 -134.890026
-246.700236 57.661429 -135.048437
-248.115957 59.065224 -135.206847
-249.531677 60.469019 -135.365257
-250.947398 61.872815 -135.523668
-252.363119 63.276610 -135.682078
-253.778839 64.680405 -135.840489
-255.194560 66.084200 -135.998899
-256.610281 67.487995 -136.157310
-258.026001 68.891791 -136.315720
-259.441722 70.295586 -136.474131
-260.857443 71.699381 -136.632541
-262.273163 73.103176 -136.790952
-263.688884 74.506972 -136.949362
-265.104605 75.910767 -137.107773
-266.520326 77.314562 -137.266183
-267.936046 78.718357 -137.424593
-269.351767 80.122153 -137.583004
-270.767488 81.525948 -137.741414
-272.183208 82.929743 -137.899825
-273.598929 84.333538 -138.058235
-275.014650 85.737334 -138.216646
-276.430370 87.141129 -138.375056
-277.846091 88.544924 -138.533467
-279.261812 89.948719 -138.691877
-280.677532 91.352514 -138.850288
-282.093253 92.756310 -139.008698
-283.508974 94.160105 -139.167109
-284.924694 95.563900 -139.325519
-286.340415 96.967695 -139.483929
-287.756136 98.371491 -139.642340
-289.171857 99.775286 -139.800750
-290.587577 101.179081 -139.959161
-292.003298 102.582876 -140.117571
-293.419019 103.986672 -140.275982
-294.834739 105.390467 -140.434392
-296.250460 106.794262 -140.592803
-297.666181 108.198057 -140.751213
-299.081901 109.601852 -140.909624
-300.497622 111.005648 -141.068034
-301.913343 112.409443 -141.226444
-303.329063 113.813238 -141.384855
-304.744784 115.217033 -141.543265
-306.160505 116.620829 -141.701676
-307.576225 118.024624 -141.860086
-308.991946 119.428419 -142.018497
-310.407667 120.832214 -142.176907
-311.823388 122.236010 -142.335318
-313.239108 123.639805 -142.493728
-314.654829 125.043600 -142.652139
-316.070550 126.447395 -142.810549
-317.486270 127.851191 -142.968960
-318.901991 129.254986 -143.127370
-320.317712 130.658781 -143.285780
-321.733432 132.062576 -143.444191
-323.149153 133.466371 -143.602601
-324.564874 134.870167 -143.761012
-325.980594 136.273962 -143.919422
-327.396315 137.677757 -144.077833
-328.812036 139.081552 -144.236243
-330.227756 140.485348 -144.394654
-331.643477 141.889143 -144.553064
-333.059198 143.292938 -144.711475
-334.474919 144.696733 -144.869885
-335.890639 146.100529 -145.028295
-127.167383 249.053158 399.821502
-125.593430 247.823036 399.724180
-124.019476 246.592915 399.626858
-122.445523 245.362793 399.529536
-120.871570 244.132672 399.432214
-119.297616 242.902550 399.334892
-117.723663 241.672428 399.237570
-116.149709 240.442307 399.140248
-114.575756 239.212185 399.042926
-113.001803 237.982064 398.945604
-111.427849 236.751942 398.848282
-109.853896 235.521820 398.750960
-108.279942 234.291699 398.653638
-106.705989 233.061577 398.556316
-105.132036 231.831456 398.458994
-103.558082 230.601334 398.361672
-101.984129 229.371212 398.264350
-100.410175 228.141091 398.167028
-98.836222 226.910969 398.069706
-97.262269 225.680848 397.972383
-95.688315 224.450726 397.875061
-94.114362 223.220605 397.777739
-92.540408 221.990483 397.680417
-90.966455 220.760361 397.583095
-89.392502 219.530240 397.485773
-87.818548 218.300118 397.388451
-86.244595 217.069997 397.291129
-84.670641 215.839875 397.193807
-83.096688 214.609753 397.096485
-81.522735 213.379632 396.999163
-79.948781 212.149510 396.901841
-78.374828 210.919389 396.804519
-76.800874 209.689267 396.707197
-75.226921 208.459146 396.609875
-73.652968 207.229024 396.512553
-72.079014 205.998902 396.415231
-70.505061 204.768781 396.317909
-68.931107 203.538659 396.220587
-67.357154 202.308538 396.123265
-65.783201 201.078416 396.025943
-64.209247 199.848294 395.928621
-62.635294 198.618173 395.831299
-61.061340 197.388051 395.733977
-59.487387 196.157930 395.636655
-57.913434 194.927808 395.539333
-56.339480 193.697686 395.442011
-54.765527 192.467565 395.344689
-53.191573 191.237443 395.247367
-51.617620 190.007322 395.150045
-50.043667 188.777200 395.052723
-48.469713 187.547079 394.955401
-46.895760 186.316957 394.858079
-45.321806 185.086835 394.760756
-43.747853 183.856714 394.663434
-42.173900 182.626592 394.566112
-40.599946 181.396471 394.468790
-39.025993 180.166349 394.371468
-37.452039 178.936227 394.274146
-35.878086 177.706106 394.176824
-34.304133 176.475984 394.079502
-32.730179 175.245863 393.982180
-31.156226 174.015741 393.884858
-29.582272 172.785620 393.787536
-28.008319 171.555498 393.690214
-26.434366 170.325376 393.592892
-24.860412 169.095255 393.495570
-23.286459 167.865133 393.398248
-21.712505 166.635012 393.300926
-20.138552 165.404890 393.203604
-18.564599 164.174768 393.106282
298.070102 -96.326971 -226.376170
296.747925 -94.852370 -226.097962
295.425748 -93.377769 -225.819754
294.103571 -91.903168 -225.541546
292.781394 -90.428567 -225.263338
291.459216 -88.953966 -224.985130
290.137039 -87.479365 -224.706923
288.814862 -86.004764 -224.428715
287.492685 -84.530163 -224.150507
286.170508 -83.055562 -223.872299
284.848330 -81.580962 -223.594091
283.526153 -80.106361 -223.315883
282.203976 -78.631760 -223.037675
280.881799 -77.157159 -222.759467
279.559622 -75.682558 -222.481259
278.237445 -74.207957 -222.203052
276.915267 -72.733356 -221.924844
275.593090 -71.258755 -221.646636
274.270913 -69.784154 -221.368428
272.948736 -68.309553 -221.090220
271.626559 -66.834952 -220.812012
270.304381 -65.360351 -220.533804
268.982204 -63.885751 -220.255596
267.660027 -62.411150 -219.977389
266.337850 -60.936549 -219.699181
265.015673 -59.461948 -219.420973
263.693495 -57.987347 -219.142765
262.371318 -56.512746 -218.864557
261.049141 -55.038145 -218.586349
259.726964 -53.563544 -218.308141
258.404787 -52.088943 -218.029933
257.082610 -50.614342 -217.751725
255.760432 -49.139741 -217.473518
254.438255 -47.665140 -217.195310
253.116078 -46.190540 -216.917102
251.793901 -44.715939 -216.638894
250.471724 -43.241338 -216.360686
249.149546 -41.766737 -216.082478
247.827369 -40.292136 -215.804270
246.505192 -38.817535 -215.526062
245.183015 -37.342934 -215.247854
243.860838 -35.868333 -214.969647
242.538660 -34.393732 -214.691439
241.216483 -32.919131 -214.413231
239.894306 -31.444530 -214.135023
238.572129 -29.969930 -213.856815
237.249952 -28.495329 -213.578607
235.927775 -27.020728 -213.300399
234.605597 -25.546127 -213.022191
233.283420 -24.071526 -212.743984
231.961243 -22.596925 -212.465776
230.639066 -21.122324 -212.187568
229.316889 -19.647723 -211.909360
227.994711 -18.173122 -211.631152
226.672534 -16.698521 -211.352944
225.350357 -15.223920 -211.074736
224.028180 -13.749319 -210.796528
222.706003 -12.274719 -210.518320
221.383825 -10.800118 -210.240113
220.061648 -9.325517 -209.961905
218.739471 -7.850916 -209.683697
217.417294 -6.376315 -209.405489
216.095117 -4.901714 -209.127281
214.772940 -3.427113 -208.849073
213.450762 -1.952512 -208.570865
212.128585 -0.477911 -208.292657
210.806408 0.996690 -208.014449
209.484231 2.471291 -207.736242
208.162054 3.945892 -207.458034
206.839876 5.420492 -207.179826
275.695715 -185.605922 352.510281
274.162827 -184.521229 353.198538
272.629940 -183.436536 353.886795
271.097053 -182.351843 354.575052
269.564165 -181.267150 355.263308
268.031278 -180.182457 355.951565
266.498390 -179.097764 356.639822
264.965503 -178.013071 357.328079
263.432616 -176.928378 358.016336
261.899728 -175.843685 358.704592
260.366841 -174.758992 359.392849
258.833953 -173.674299 360.081106
257.301066 -172.589606 360.769363
255.768179 -171.504913 361.457620
254.235291 -170.420220 362.145876
252.702404 -169.335527 362.834133
251.169517 -168.250834 363.522390
249.636629 -167.166141 364.210647
248.103742 -166.081448 364.898904
246.570854 -164.996755 365.587160
245.037967 -163.912062 366.275417
243.505080 -162.827369 366.963674
241.972192 -161.742676 367.651931
240.439305 -160.657983 368.340188
238.906418 -159.573290 369.028444
237.373530 -158.488597 369.716701
235.840643 -157.403904 370.404958
234.307755 -156.319211 371.093215
232.774868 -155.234518 371.781471
231.241981 -154.149825 372.469728
229.709093 -153.065132 373.157985
228.176206 -151.980439 373.846242
226.643318 -150.895746 374.534499
225.110431 -149.811053 375.222755
223.577544 -148.726360 375.911012
222.044656 -147.641667 376.599269
220.511769 -146.556974 377.287526
218.978882 -145.472281 377.975783
217.445994 -144.387588 378.664039
215.913107 -143.302895 379.352296
214.380219 -142.218202 380.040553
212.847332 -141.133509 380.728810
211.314445 -140.048816 381.417067
209.781557 -138.964123 382.105323
208.248670 -137.879430 382.793580
206.715783 -136.794737 383.481837
205.182895 -135.710044 384.170094
203.650008 -134.625351 384.858351
202.117120 -133.540658 385.546607
200.584233 -132.455966 386.234864
199.051346 -131.371273 386.923121
197.518458 -130.286580 387.611378
195.985571 -129.201887 388.299634
194.452684 -128.117194 388.987891
192.919796 -127.032501 389.676148
191.386909 -125.947808 390.364405
189.854021 -124.863115 391.052662
188.321134 -123.778422 391.740918
186.788247 -122.693729 392.429175
185.255359 -121.609036 393.117432
183.722472 -120.524343 393.805689
182.189584 -119.439650 394.493946
180.656697 -118.354957 395.182202
179.123810 -117.270264 395.870459
177.590922 -116.185571 396.558716
176.058035 -115.100878 397.246973
174.525148 -114.016185 397.935230
172.992260 -112.931492 398.623486
171.459373 -111.846799 399.311743
169.926485 -110.762106 400.000000
-223.030602 -187.252336 33.807746
-222.076140 -188.913211 33.232857
-221.121678 -190.574085 32.657968
-220.167215 -192.234960 32.083079
-219.212753 -193.895834 31.508190
-218.258291 -195.556709 30.933300
-217.303829 -197.217584 30.358411
-216.349366 -198.878458 29.783522
-215.394904 -200.539333 29.208633
-214.440442 -202.200207 28.633744
-213.485980 -203.861082 28.058855
-212.531517 -205.521956 27.483965
-211.577055 -207.182831 26.909076
-210.622593 -208.843705 26.334187
-209.668131 -210.504580 25.759298
-208.713668 -212.165454 25.184409
-207.759206 -213.826329 24.609520
-206.804744 -215.487204 24.034630
-205.850282 -217.148078 23.459741
-204.895819 -218.808953 22.884852
-203.941357 -220.469827 22.309963
-202.986895 -222.130702 21.735074
-202.032433 -223.791576 21.160185
-201.077970 -225.452451 20.585295
-200.123508 -227.113325 20.010406
-199.169046 -228.774200 19.435517
-198.214583 -230.435074 18.860628
-197.260121 -232.095949 18.285739
-196.305659 -233.756824 17.710850
-195.351197 -235.417698 17.135960
-194.396734 -237.078573 16.561071
-193.442272 -238.739447 15.986182
-192.487810 -240.400322 15.411293
-191.533348 -242.061196 14.836404
-190.578885 -243.722071 14.261515
-189.624423 -245.382945 13.686626
-188.669961 -247.043820 13.111736
-187.715499 -248.704694 12.536847
-186.761036 -250.365569 11.961958
-185.806574 -252.026443 11.387069
-184.852112 -253.687318 10.812180
-183.897650 -255.348193 10.237291
-182.943187 -257.009067 9.662401
-181.988725 -258.669942 9.087512
-181.034263 -260.330816 8.512623
-180.079801 -261.991691 7.937734
-179.125338 -263.652565 7.362845
-178.170876 -265.313440 6.787956
-177.216414 -266.974314 6.213066
-176.261952 -268.635189 5.638177
-175.307489 -270.296063 5.063288
-174.353027 -271.956938 4.488399
-173.398565 -273.617813 3.913510
-172.444102 -275.278687 3.338621
-171.489640 -276.939562 2.763731
-170.535178 -278.600436 2.188842
-169.580716 -280.261311 1.613953
-168.626253 -281.922185 1.039064
-167.671791 -283.583060 0.464175
-166.717329 -285.243934 -0.110714
-165.762867 -286.904809 -0.685604
-164.808404 -288.565683 -1.260493
-163.853942 -290.226558 -1.835382
-162.899480 -291.887433 -2.410271
-161.945018 -293.548307 -2.985160
-160.990555 -295.209182 -3.560049
-160.036093 -296.870056 -4.134938
-159.081631 -298.530931 -4.709828
-158.127169 -300.191805 -5.284717
-157.172706 -301.852680 -5.859606
370.722780 -112.129898 151.837063
368.966163 -113.083993 151.773830
367.209545 -114.038088 151.710597
365.452928 -114.992182 151.647364
363.696311 -115.946277 151.584130
361.939693 -116.900372 151.520897
360.183076 -117.854466 151.457664
358.426458 -118.808561 151.394431
356.669841 -119.762656 151.331198
354.913223 -120.716750 151.267965
353.156606 -121.670845 151.204731
351.399988 -122.624940 151.141498
349.643371 -123.579034 151.078265
347.886753 -124.533129 151.015032
346.130136 -125.487224 150.951799
344.373518 -126.441318 150.888565
342.616901 -127.395413 150.825332
340.860283 -128.349508 150.762099
339.103666 -129.303602 150.698866
337.347049 -130.257697 150.635633
335.590431 -131.211792 150.572400
333.833814 -132.165886 150.509166
332.077196 -133.119981 150.445933
330.320579 -134.074076 150.382700
328.563961 -135.028170 150.319467
326.807344 -135.982265 150.256234
325.050726 -136.936360 150.193000
323.294109 -137.890454 150.129767
321.537491 -138.844549 150.066534
319.780874 -139.798644 150.003301
318.024256 -140.752738 149.940068
316.267639 -141.706833 149.876835
314.511021 -142.660928 149.813601
312.754404 -143.615022 149.750368
310.997787 -144.569117 149.687135
309.241169 -145.523212 149.623902
307.484552 -146.477306 149.560669
305.727934 -147.431401 149.497435
303.971317 -148.385496 149.434202
302.214699 -149.339591 149.370969
300.458082 -150.293685 149.307736
298.701464 -151.247780 149.244503
296.944847 -152.201875 149.181270
295.188229 -153.155969 149.118036
293.431612 -154.110064 149.054803
291.674994 -155.064159 148.991570
289.918377 -156.018253 148.928337
288.161759 -156.972348 148.865104
286.405142 -157.926443 148.801870
284.648525 -158.880537 148.738637
282.891907 -159.834632 148.675404
281.135290 -160.788727 148.612171
279.378672 -161.742821 148.548938
277.622055 -162.696916 148.485705
275.865437 -163.651011 148.422471
274.108820 -164.605105 148.359238
272.352202 -165.559200 148.296005
270.595585 -166.513295 148.232772
268.838967 -167.467389 148.169539
267.082350 -168.421484 148.106305
265.325732 -169.375579 148.043072
263.569115 -170.329673 147.979839
261.812497 -171.283768 147.916606
260.055880 -172.237863 147.853373
258.299262 -173.191957 147.790139
256.542645 -174.146052 147.726906
254.786028 -175.100147 147.663673
253.029410 -176.054241 147.600440
251.272793 -177.008336 147.537207
249.516175 -177.962431 147.473974
-145.456706 19.482751 242.402922
-145.091970 17.742824 243.319230
-144.727234 16.002897 244.235538
-144.362499 14.262969 245.151846
-143.997763 12.523042 246.068155
-143.633027 10.783115 246.984463
-143.268291 9.043187 247.900771
-142.903556 7.303260 248.817079
-142.538820 5.563332 249.733387
-142.174084 3.823405 250.649695
-141.809349 2.083478 251.566003
-141.444613 0.343550 252.482311
-141.079877 -1.396377 253.398620
-140.715141 -3.136304 254.314928
-140.350406 -4.876232 255.231236
-139.985670 -6.616159 256.147544
-139.620934 -8.356087 257.063852
-139.256198 -10.096014 257.980160
-138.891463 -11.835941 258.896468
-138.526727 -13.575869 259.812776
-138.161991 -15.315796 260.729085
-137.797256 -17.055723 261.645393
-137.432520 -18.795651 262.561701
-137.067784 -20.535578 263.478009
-136.703048 -22.275506 264.394317
-136.338313 -24.015433 265.310625
-135.973577 -25.755360 266.226933
-135.608841 -27.495288 267.143241
-135.244106 -29.235215 268.059549
-134.879370 -30.975143 268.975858
-134.514634 -32.715070 269.892166
-134.149898 -34.454997 270.808474
-133.785163 -36.194925 271.724782
-133.420427 -37.934852 272.641090
-133.055691 -39.674779 273.557398
-132.690956 -41.414707 274.473706
-132.326220 -43.154634 275.390014
-131.961484 -44.894562 276.306323
-131.596748 -46.634489 277.222631
-131.232013 -48.374416 278.138939
-130.867277 -50.114344 279.055247
-130.502541 -51.854271 279.971555
-130.137806 -53.594198 280.887863
-129.773070 -55.334126 281.804171
-129.408334 -57.074053 282.720479
-129.043598 -58.813981 283.636788
-128.678863 -60.553908 284.553096
-128.314127 -62.293835 285.469404
-127.949391 -64.033763 286.385712
-127.584656 -65.773690 287.302020
-127.219920 -67.513617 288.218328
-126.855184 -69.253545 289.134636
-126.490448 -70.993472 290.050944
-126.125713 -72.733400 290.967253
-125.760977 -74.473327 291.883561
-125.396241 -76.213254 292.799869
-125.031506 -77.953182 293.716177
-124.666770 -79.693109 294.632485
-124.302034 -81.433036 295.548793
-123.937298 -83.172964 296.465101
-123.572563 -84.912891 297.381409
-123.207827 -86.652819 298.297717
-122.843091 -88.392746 299.214026
-122.478355 -90.132673 300.130334
-122.113620 -91.872601 301.046642
-121.748884 -93.612528 301.962950
-121.384148 -95.352456 302.879258
-121.019413 -97.092383 303.795566
-120.654677 -98.832310 304.711874
-120.289941 -100.572238 305.628182
295.104015 -324.358740 -197.156975
296.623145 -324.514757 -198.448449
298.142274 -324.670775 -199.739923
299.661403 -324.826792 -201.031397
301.180533 -324.982809 -202.322870
302.699662 -325.138827 -203.614344
304.218792 -325.294844 -204.905818
305.737921 -325.450861 -206.197292
307.257050 -325.606879 -207.488766
308.776180 -325.762896 -208.780239
310.295309 -325.918914 -210.071713
311.814438 -326.074931 -211.363187
313.333568 -326.230948 -212.654661
314.852697 -326.386966 -213.946134
316.371826 -326.542983 -215.237608
317.890956 -326.699000 -216.529082
319.410085 -326.855018 -217.820556
320.929215 -327.011035 -219.112030
322.448344 -327.167053 -220.403503
323.967473 -327.323070 -221.694977
325.486603 -327.479087 -222.986451
327.005732 -327.635105 -224.277925
328.524861 -327.791122 -225.569399
330.043991 -327.947139 -226.860872
331.563120 -328.103157 -228.152346
333.082250 -328.259174 -229.443820
334.601379 -328.415191 -230.735294
336.120508 -328.571209 -232.026767
337.639638 -328.727226 -233.318241
339.158767 -328.883244 -234.609715
340.677896 -329.039261 -235.901189
342.197026 -329.195278 -237.192663
343.716155 -329.351296 -238.484136
345.235285 -329.507313 -239.775610
346.754414 -329.663330 -241.067084
348.273543 -329.819348 -242.358558
349.792673 -329.975365 -243.650031
351.311802 -330.131383 -244.941505
352.830931 -330.287400 -246.232979
354.350061 -330.443417 -247.524453
355.869190 -330.599435 -248.815927
357.388320 -330.755452 -250.107400
358.907449 -330.911469 -251.398874
360.426578 -331.067487 -252.690348
361.945708 -331.223504 -253.981822
363.464837 -331.379521 -255.273296
364.983966 -331.535539 -256.564769
366.503096 -331.691556 -257.856243
368.022225 -331.847574 -259.147717
369.541355 -332.003591 -260.439191
371.060484 -332.159608 -261.730664
372.579613 -332.315626 -263.022138
374.098743 -332.471643 -264.313612
375.617872 -332.627660 -265.605086
377.137001 -332.783678 -266.896560
378.656131 -332.939695 -268.188033
380.175260 -333.095713 -269.479507
381.694389 -333.251730 -270.770981
383.213519 -333.407747 -272.062455
384.732648 -333.563765 -273.353928
386.251778 -333.719782 -274.645402
387.770907 -333.875799 -275.936876
389.290036 -334.031817 -277.228350
390.809166 -334.187834 -278.519824
392.328295 -334.343851 -279.811297
393.847424 -334.499869 -281.102771
395.366554 -334.655886 -282.394245
396.885683 -334.811904 -283.685719
398.404813 -334.967921 -284.977193
399.923942 -335.123938 -286.268666
77.291054 80.500500 205.678992
75.419377 81.115851 206.022749
73.547701 81.731203 206.366505
71.676024 82.346555 206.710261
69.804347 82.961907 207.054017
67.932670 83.577259 207.397773
66.060994 84.192610 207.741529
64.189317 84.807962 208.085285
62.317640 85.423314 208.429041
60.445963 86.038666 208.772797
58.574287 86.654018 209.116554
56.702610 87.269369 209.460310
54.830933 87.884721 209.804066
52.959256 88.500073 210.147822
51.087579 89.115425 210.491578
49.215903 89.730777 210.835334
47.344226 90.346128 211.179090
45.472549 90.961480 211.522846
43.600872 91.576832 211.866603
41.729196 92.192184 212.210359
39.857519 92.807536 212.554115
37.985842 93.422887 212.897871
36.114165 94.038239 213.241627
34.242489 94.653591 213.585383
32.370812 95.268943 213.929139
30.499135 95.884294 214.272895
28.627458 96.499646 214.616651
26.755782 97.114998 214.960408
24.884105 97.730350 215.304164
23.012428 98.345702 215.647920
21.140751 98.961053 215.991676
19.269075 99.576405 216.335432
17.397398 100.191757 216.679188
15.525721 100.807109 217.022944
13.654044 101.422461 217.366700
11.782367 102.037812 217.710457
9.910691 102.653164 218.054213
8.039014 103.268516 218.397969
6.167337 103.883868 218.741725
4.295660 104.499220 219.085481
2.423984 105.114571 219.429237
0.552307 105.729923 219.772993
-1.319370 106.345275 220.116749
-3.191047 106.960627 220.460506
-5.062723 107.575979 220.804262
-6.934400 108.191330 221.148018
-8.806077 108.806682 221.491774
-10.677754 109.422034 221.835530
-12.549430 110.037386 222.179286
-14.421107 110.652738 222.523042
-16.292784 111.268089 222.866798
-18.164461 111.883441 223.210554
-20.036137 112.498793 223.554311
-21.907814 113.114145 223.898067
-23.779491 113.729496 224.241823
-25.651168 114.344848 224.585579
-27.522845 114.960200 224.929335
-29.394521 115.575552 225.273091
-31.266198 116.190904 225.616847
-33.137875 116.806255 225.960603
-35.009552 117.421607 226.304360
-36.881228 118.036959 226.648116
-38.752905 118.652311 226.991872
-40.624582 119.267663 227.335628
-42.496259 119.883014 227.679384
-44.367935 120.498366 228.023140
-46.239612 121.113718 228.366896
-48.111289 121.729070 228.710652
-49.982966 122.344422 229.054408
-51.854642 122.959773 229.398165
-168.313626 -85.666615 103.654612
-169.222799 -83.886042 103.600150
-170.131971 -82.105470 103.545687
-171.041143 -80.324897 103.491224
-171.950316 -78.544324 103.436761
-172.859488 -76.763751 103.382298
-173.768660 -74.983178 103.327835
-174.677833 -73.202606 103.273372
-175.587005 -71.422033 103.218909
-176.496177 -69.641460 103.164446
-177.405350 -67.860887 103.109983
-178.314522 -66.080314 103.055520
-179.223694 -64.299742 103.001057
-180.132867 -62.519169 102.946594
-181.042039 -60.738596 102.892131
-181.951211 -58.958023 102.837668
-182.860383 -57.177450 102.783205
-183.769556 -55.396878 102.728742
-184.678728 -53.616305 102.674279
-185.587900 -51.835732 102.619816
-186.497073 -50.055159 102.565353
-187.406245 -48.274586 102.510890
-188.315417 -46.494014 102.456427
-189.224590 -44.713441 102.401964
-190.133762 -42.932868 102.347501
-191.042934 -41.152295 102.293038
-191.952107 -39.371722 102.238575
-192.861279 -37.591150 102.184112
-193.770451 -35.810577 102.129650
-194.679624 -34.030004 102.075187
-195.588796 -32.249431 102.020724
-196.497968 -30.468858 101.966261
-197.407140 -28.688286 101.911798
-198.316313 -26.907713 101.857335
-199.225485 -25.127140 101.802872
-200.134657 -23.346567 101.748409
-201.043830 -21.565994 101.693946
-201.953002 -19.785422 101.639483
-202.862174 -18.004849 101.585020
-203.771347 -16.224276 101.530557
-204.680519 -14.443703 101.476094
-205.589691 -12.663131 101.421631
-206.498864 -10.882558 101.367168
-207.408036 -9.101985 101.312705
-208.317208 -7.321412 101.258242
-209.226381 -5.540839 101.203779
-210.135553 -3.760267 101.149316
-211.044725 -1.979694 101.094853
-211.953897 -0.199121 101.040390
-212.863070 1.581452 100.985927
-213.772242 3.362025 100.931464
-214.681414 5.142597 100.877001
-215.590587 6.923170 100.822538
-216.499759 8.703743 100.768075
-217.408931 10.484316 100.713612
-218.318104 12.264889 100.659150
-219.227276 14.045461 100.604687
-220.136448 15.826034 100.550224
-221.045621 17.606607 100.495761
-221.954793 19.387180 100.441298
-222.863965 21.167753 100.386835
-223.773138 22.948325 100.332372
-224.682310 24.728898 100.277909
-225.591482 26.509471 100.223446
-226.500655 28.290044 100.168983
-227.409827 30.070617 100.114520
-228.318999 31.851189 100.060057
-229.228171 33.631762 100.005594
-230.137344 35.412335 99.951131
-231.046516 37.192908 99.896668
254.803503 -326.946596 133.112742
254.350040 -326.950421 131.164831
253.896578 -326.954246 129.216920
253.443115 -326.958072 127.269009
252.989652 -326.961897 125.321098
252.536189 -326.965722 123.373187
252.082727 -326.969547 121.425276
251.629264 -326.973372 119.477365
251.175801 -326.977197 117.529454
250.722339 -326.981022 115.581544
250.268876 -326.984847 113.633633
249.815413 -326.988672 111.685722
249.361950 -326.992497 109.737811
248.908488 -326.996322 107.789900
248.455025 -327.000147 105.841989
248.001562 -327.003972 103.894078
247.548100 -327.007797 101.946167
247.094637 -327.011623 99.998256
246.641174 -327.015448 98.050345
246.187711 -327.019273 96.102434
245.734249 -327.023098 94.154524
245.280786 -327.026923 92.206613
244.827323 -327.030748 90.258702
244.373861 -327.034573 88.310791
243.920398 -327.038398 86.362880
243.466935 -327.042223 84.414969
243.013472 -327.046048 82.467058
242.560010 -327.049873 80.519147
242.106547 -327.053698 78.571236
241.653084 -327.057523 76.623325
241.199622 -327.061349 74.675414
240.746159 -327.065174 72.727503
240.292696 -327.068999 70.779593
239.839233 -327.072824 68.831682
239.385771 -327.076649 66.883771
238.932308 -327.080474 64.935860
238.478845 -327.084299 62.987949
238.025383 -327.088124 61.040038
237.571920 -327.091949 59.092127
237.118457 -327.095774 57.144216
236.664994 -327.099599 55.196305
236.211532 -327.103424 53.248394
235.758069 -327.107249 51.300483
235.304606 -327.111075 49.352572
234.851144 -327.114900 47.404662
234.397681 -327.118725 45.456751
233.944218 -327.122550 43.508840
233.490755 -327.126375 41.560929
233.037293 -327.130200 39.613018
232.583830 -327.134025 37.665107
232.130367 -327.137850 35.717196
231.676905 -327.141675 33.769285
231.223442 -327.145500 31.821374
230.769979 -327.149325 29.873463
230.316516 -327.153150 27.925552
229.863054 -327.156975 25.977641
229.409591 -327.160800 24.029731
228.956128 -327.164626 22.081820
228.502666 -327.168451 20.133909
228.049203 -327.172276 18.185998
227.595740 -327.176101 16.238087
227.142277 -327.179926 14.290176
226.688815 -327.183751 12.342265
226.235352 -327.187576 10.394354
225.781889 -327.191401 8.446443
225.328426 -327.195226 6.498532
224.874964 -327.199051 4.550621
224.421501 -327.202876 2.602710
223.968038 -327.206701 0.654800
223.514576 -327.210526 -1.293111
-153.451412 103.237937 -262.449994
-151.965564 102.067848 -263.100493
-150.479717 100.897759 -263.750993
-148.993870 99.727670 -264.401492
-147.508022 98.557582 -265.051992
-146.022175 97.387493 -265.702491
-144.536327 96.217404 -266.352991
-143.050480 95.047315 -267.003490
-141.564633 93.877226 -267.653990
-140.078785 92.707137 -268.304489
-138.592938 91.537048 -268.954989
-137.107091 90.366959 -269.605488
-135.621243 89.196870 -270.255988
-134.135396 88.026781 -270.906487
-132.649549 86.856692 -271.556986
-131.163701 85.686603 -272.207486
-129.677854 84.516514 -272.857985
-128.192007 83.346426 -273.508485
-126.706159 82.176337 -274.158984
-125.220312 81.006248 -274.809484
-123.734464 79.836159 -275.459983
-122.248617 78.666070 -276.110483
-120.762770 77.495981 -276.760982
-119.276922 76.325892 -277.411482
-117.791075 75.155803 -278.061981
-116.305228 73.985714 -278.712480
-114.819380 72.815625 -279.362980
-113.333533 71.645536 -280.013479
-111.847686 70.475447 -280.663979
-110.361838 69.305359 -281.314478
-108.875991 68.135270 -281.964978
-107.390144 66.965181 -282.615477
-105.904296 65.795092 -283.265977
-104.418449 64.625003 -283.916476
-102.932601 63.454914 -284.566976
-101.446754 62.284825 -285.217475
-99.960907 61.114736 -285.867975
-98.475059 59.944647 -286.518474
-96.989212 58.774558 -287.168973
-95.503365 57.604469 -287.819473
-94.017517 56.434380 -288.469972
-92.531670 55.264291 -289.120472
-91.045823 54.094203 -289.770971
-89.559975 52.924114 -290.421471
-88.074128 51.754025 -291.071970
-86.588280 50.583936 -291.722470
-85.102433 49.413847 -292.372969
-83.616586 48.243758 -293.023469
-82.130738 47.073669 -293.673968
-80.644891 45.903580 -294.324467
-79.159044 44.733491 -294.974967
-77.673196 43.563402 -295.625466
-76.187349 42.393313 -296.275966
-74.701502 41.223224 -296.926465
-73.215654 40.053136 -297.576965
-71.729807 38.883047 -298.227464
-70.243960 37.712958 -298.877964
-68.758112 36.542869 -299.528463
-67.272265 35.372780 -300.178963
-65.786417 34.202691 -300.829462
-64.300570 33.032602 -301.479962
-62.814723 31.862513 -302.130461
-61.328875 30.692424 -302.780960
-59.843028 29.522335 -303.431460
-58.357181 28.352246 -304.081959
-56.871333 27.182157 -304.732459
-55.385486 26.012068 -305.382958
-53.899639 24.841980 -306.033458
-52.413791 23.671891 -306.683957
-50.927944 22.501802 -307.334457
-66.321699 114.685514 31.844663
-66.669671 116.636341 31.574130
-67.017643 118.587169 31.303597
-67.365616 120.537996 31.033065
-67.713588 122.488823 30.762532
-68.061560 124.439651 30.491999
-68.409532 126.390478 30.221467
-68.757504 128.341305 29.950934
-69.105477 130.292133 29.680401
-69.453449 132.242960 29.409869
-69.801421 134.193787 29.139336
-70.149393 136.144615 28.868803
-70.497365 138.095442 28.598271
-70.845338 140.046270 28.327738
-71.193310 141.997097 28.057205
-71.541282 143.947924 27.786673
-71.889254 145.898752 27.516140
-72.237226 147.849579 27.245607
-72.585199 149.800406 26.975075
-72.933171 151.751234 26.704542
-73.281143 153.702061 26.434009
-73.629115 155.652889 26.163477
-73.977087 157.603716 25.892944
-74.325060 159.554543 25.622411
-74.673032 161.505371 25.351879
-75.021004 163.456198 25.081346
-75.368976 165.407025 24.810813
-75.716948 167.357853 24.540281
-76.064921 169.308680 24.269748
-76.412893 171.259508 23.999215
-76.760865 173.210335 23.728683
-77.108837 175.161162 23.458150
-77.456809 177.111990 23.187617
-77.804782 179.062817 22.917085
-78.152754 181.013644 22.646552
-78.500726 182.964472 22.376019
-78.848698 184.915299 22.105487
-79.196670 186.866126 21.834954
-79.544643 188.816954 21.564421
-79.892615 190.767781 21.293889
-80.240587 192.718609 21.023356
-80.588559 194.669436 20.752823
-80.936531 196.620263 20.482291
-81.284504 198.571091 20.211758
-81.632476 200.521918 19.941225
-81.980448 202.472745 19.670693
-82.328420 204.423573 19.400160
-82.676392 206.374400 19.129627
-83.024365 208.325228 18.859095
-83.372337 210.276055 18.588562
-83.720309 212.226882 18.318029
-84.068281 214.177710 18.047497
-84.416253 216.128537 17.776964
-84.764226 218.079364 17.506431
-85.112198 220.030192 17.235899
-85.460170 221.981019 16.965366
-85.808142 223.931846 16.694833
-86.156114 225.882674 16.424301
-86.504087 227.833501 16.153768
-86.852059 229.784329 15.883235
-87.200031 231.735156 15.612703
-87.548003 233.685983 15.342170
-87.895975 235.636811 15.071637
-88.243948 237.587638 14.801105
-88.591920 239.538465 14.530572
-88.939892 241.489293 14.260039
-89.287864 243.440120 13.989507
-89.635836 245.390948 13.718974
-89.983809 247.341775 13.448441
-90.331781 249.292602 13.177909
-69.610258 4.305506 -354.383729
-69.543437 3.331306 -352.638315
-69.476616 2.357106 -350.892901
-69.409795 1.382906 -349.147487
-69.342974 0.408705 -347.402073
-69.276153 -0.565495 -345.656660
-69.209331 -1.539695 -343.911246
-69.142510 -2.513895 -342.165832
-69.075689 -3.488095 -340.420418
-69.008868 -4.462295 -338.675005
-68.942047 -5.436495 -336.929591
-68.875225 -6.410695 -335.184177
-68.808404 -7.384895 -333.438763
-68.741583 -8.359095 -331.693350
-68.674762 -9.333295 -329.947936
-68.607941 -10.307495 -328.202522
-68.541119 -11.281695 -326.457108
-68.474298 -12.255895 -324.711694
-68.407477 -13.230095 -322.966281
-68.340656 -14.204295 -321.220867
-68.273835 -15.178495 -319.475453
-68.207013 -16.152695 -317.730039
-68.140192 -17.126895 -315.984626
-68.073371 -18.101095 -314.239212
-68.006550 -19.075295 -312.493798
-67.939729 -20.049495 -310.748384
-67.872907 -21.023695 -309.002971
-67.806086 -21.997895 -307.257557
-67.739265 -22.972095 -305.512143
-67.672444 -23.946295 -303.766729
-67.605623 -24.920495 -302.021315
-67.538802 -25.894695 -300.275902
-67.471980 -26.868895 -298.530488
-67.405159 -27.843095 -296.785074
-67.338338 -28.817295 -295.039660
-67.271517 -29.791495 -293.294247
-67.204696 -30.765695 -291.548833
-67.137874 -31.739895 -289.803419
-67.071053 -32.714095 -288.058005
-67.004232 -33.688295 -286.312591
-66.937411 -34.662495 -284.567178
-66.870590 -35.636696 -282.821764
-66.803768 -36.610896 -281.076350
-66.736947 -37.585096 -279.330936
-66.670126 -38.559296 -277.585523
-66.603305 -39.533496 -275.840109
-66.536484 -40.507696 -274.094695
-66.469662 -41.481896 -272.349281
-66.402841 -42.456096 -270.603868
-66.336020 -43.430296 -268.858454
-66.269199 -44.404496 -267.113040
-66.202378 -45.378696 -265.367626
-66.135556 -46.352896 -263.622212
-66.068735 -47.327096 -261.876799
-66.001914 -48.301296 -260.131385
-65.935093 -49.275496 -258.385971
-65.868272 -50.249696 -256.640557
-65.801451 -51.223896 -254.895144
-65.734629 -52.198096 -253.149730
-65.667808 -53.172296 -251.404316
-65.600987 -54.146496 -249.658902
-65.534166 -55.120696 -247.913488
-65.467345 -56.094896 -246.168075
-65.400523 -57.069096 -244.422661
-65.333702 -58.043296 -242.677247
-65.266881 -59.017496 -240.931833
-65.200060 -59.991696 -239.186420
-65.133239 -60.965896 -237.441006
-65.066417 -61.940096 -235.695592
-64.999596 -62.914296 -233.950178
151.438118 77.235100 -176.634424
149.587629 77.420913 -177.370061
147.737139 77.606726 -178.105699
145.886650 77.792538 -178.841336
144.036160 77.978351 -179.576973
142.185671 78.164164 -180.312610
140.335181 78.349976 -181.048247
138.484691 78.535789 -181.783885
136.634202 78.721602 -182.519522
134.783712 78.907415 -183.255159
132.933223 79.093227 -183.990796
131.082733 79.279040 -184.726434
129.232244 79.464853 -185.462071
127.381754 79.650665 -186.197708
125.531265 79.836478 -186.933345
123.680775 80.022291 -187.668983
121.830286 80.208103 -188.404620
119.979796 80.393916 -189.140257
118.129307 80.579729 -189.875894
116.278817 80.765541 -190.611531
114.428328 80.951354 -191.347169
112.577838 81.137167 -192.082806
110.727348 81.322980 -192.818443
108.876859 81.508792 -193.554080
107.026369 81.694605 -194.289718
105.175880 81.880418 -195.025355
103.325390 82.066230 -195.760992
101.474901 82.252043 -196.496629
99.624411 82.437856 -197.232267
97.773922 82.623668 -197.967904
95.923432 82.809481 -198.703541
94.072943 82.995294 -199.439178
92.222453 83.181106 -200.174815
90.371964 83.366919 -200.910453
88.521474 83.552732 -201.646090
86.670985 83.738545 -202.381727
84.820495 83.924357 -203.117364
82.970005 84.110170 -203.853002
81.119516 84.295983 -204.588639
79.269026 84.481795 -205.324276
77.418537 84.667608 -206.059913
75.568047 84.853421 -206.795550
73.717558 85.039233 -207.531188
71.867068 85.225046 -208.266825
70.016579 85.410859 -209.002462
68.166089 85.596671 -209.738099
66.315600 85.782484 -210.473737
64.465110 85.968297 -211.209374
62.614621 86.154110 -211.945011
60.764131 86.339922 -212.680648
58.913642 86.525735 -213.416286
57.063152 86.711548 -214.151923
55.212662 86.897360 -214.887560
53.362173 87.083173 -215.623197
51.511683 87.268986 -216.358834
49.661194 87.454798 -217.094472
47.810704 87.640611 -217.830109
45.960215 87.826424 -218.565746
44.109725 88.012236 -219.301383
42.259236 88.198049 -220.037021
40.408746 88.383862 -220.772658
38.558257 88.569675 -221.508295
36.707767 88.755487 -222.243932
34.857278 88.941300 -222.979570
33.006788 89.127113 -223.715207
31.156299 89.312925 -224.450844
29.305809 89.498738 -225.186481
27.455319 89.684551 -225.922118
25.604830 89.870363 -226.657756
23.754340 90.056176 -227.393393
216.756061 247.950616 -192.442369
214.867065 247.914804 -193.098426
212.978068 247.878993 -193.754482
211.089072 247.843181 -194.410538
209.200075 247.807369 -195.066595
207.311079 247.771558 -195.722651
205.422082 247.735746 -196.378707
203.533086 247.699934 -197.034764
201.644090 247.664123 -197.690820
199.755093 247.628311 -198.346877
197.866097 247.592499 -199.002933
195.977100 247.556688 -199.658989
194.088104 247.520876 -200.315046
192.199107 247.485064 -200.971102
190.310111 247.449253 -201.627158
188.421114 247.413441 -202.283215
186.532118 247.377629 -202.939271
184.643122 247.341818 -203.595328
182.754125 247.306006 -204.251384
180.865129 247.270194 -204.907440
178.976132 247.234383 -205.563497
177.087136 247.198571 -206.219553
175.198139 247.162759 -206.875609
173.309143 247.126948 -207.531666
171.420146 247.091136 -208.187722
169.531150 247.055325 -208.843779
167.642154 247.019513 -209.499835
165.753157 246.983701 -210.155891
163.864161 246.947890 -210.811948
161.975164 246.912078 -211.468004
160.086168 246.876266 -212.124060
158.197171 246.840455 -212.780117
156.308175 246.804643 -213.436173
154.419179 246.768831 -214.092230
152.530182 246.733020 -214.748286
150.641186 246.697208 -215.404342
148.752189 246.661396 -216.060399
146.863193 246.625585 -216.716455
144.974196 246.589773 -217.372512
143.085200 246.553961 -218.028568
141.196203 246.518150 -218.684624
139.307207 246.482338 -219.340681
137.418211 246.446526 -219.996737
135.529214 246.410715 -220.652793
133.640218 246.374903 -221.308850
131.751221 246.339091 -221.964906
129.862225 246.303280 -222.620963
127.973228 246.267468 -223.277019
126.084232 246.231656 -223.933075
124.195235 246.195845 -224.589132
122.306239 246.160033 -225.245188
120.417243 246.124222 -225.901244
118.528246 246.088410 -226.557301
116.639250 246.052598 -227.213357
114.750253 246.016787 -227.869414
112.861257 245.980975 -228.525470
110.972260 245.945163 -229.181526
109.083264 245.909352 -229.837583
107.194267 245.873540 -230.493639
105.305271 245.837728 -231.149695
103.416275 245.801917 -231.805752
101.527278 245.766105 -232.461808
99.638282 245.730293 -233.117865
97.749285 245.694482 -233.773921
95.860289 245.658670 -234.429977
93.971292 245.622858 -235.086034
92.082296 245.587047 -235.742090
90.193300 245.551235 -236.398146
88.304303 245.515423 -237.054203
86.415307 245.479612 -237.710259
286.004106 10.012581 150.036371
285.043789 10.259311 148.299444
284.083472 10.506041 146.562516
283.123155 10.752771 144.825589
282.162838 10.999501 143.088662
281.202521 11.246232 141.351735
280.242204 11.492962 139.614808
279.281888 11.739692 137.877881
278.321571 11.986422 136.140954
277.361254 12.233152 134.404027
276.400937 12.479883 132.667100
275.440620 12.726613 130.930173
274.480303 12.973343 129.193246
273.519986 13.220073 127.456319
272.559669 13.466803 125.719391
271.599352 13.713534 123.982464
270.639036 13.960264 122.245537
269.678719 14.206994 120.508610
268.718402 14.453724 118.771683
267.758085 14.700454 117.034756
266.797768 14.947185 115.297829
265.837451 15.193915 113.560902
264.877134 15.440645 111.823975
263.916817 15.687375 110.087048
262.956500 15.934105 108.350121
261.996184 16.180836 106.613194
261.035867 16.427566 104.876267
260.075550 16.674296 103.139339
259.115233 16.921026 101.402412
258.154916 17.167756 99.665485
257.194599 17.414487 97.928558
256.234282 17.661217 96.191631
255.273965 17.907947 94.454704
254.313649 18.154677 92.717777
253.353332 18.401407 90.980850
252.393015 18.648138 89.243923
251.432698 18.894868 87.506996
250.472381 19.141598 85.770069
249.512064 19.388328 84.033142
248.551747 19.635058 82.296214
247.591430 19.881789 80.559287
246.631113 20.128519 78.822360
245.670797 20.375249 77.085433
244.710480 20.621979 75.348506
243.750163 20.868709 73.611579
242.789846 21.115440 71.874652
241.829529 21.362170 70.137725
240.869212 21.608900 68.400798
239.908895 21.855630 66.663871
238.948578 22.102360 64.926944
237.988261 22.349091 63.190017
237.027945 22.595821 61.453089
236.067628 22.842551 59.716162
235.107311 23.089281 57.979235
234.146994 23.336011 56.242308
233.186677 23.582742 54.505381
232.226360 23.829472 52.768454
231.266043 24.076202 51.031527
230.305726 24.322932 49.294600
229.345409 24.569662 47.557673
228.385093 24.816393 45.820746
227.424776 25.063123 44.083819
226.464459 25.309853 42.346892
225.504142 25.556583 40.609965
224.543825 25.803313 38.873037
223.583508 26.050044 37.136110
222.623191 26.296774 35.399183
221.662874 26.543504 33.662256
220.702557 26.790234 31.925329
219.742241 27.036964 30.188402
275.854337 299.735713 315.733939
277.324921 301.084037 315.594637
278.795505 302.432361 315.455335
280.266089 303.780685 315.316033
281.736673 305.129009 315.176731
283.207257 306.477333 315.037429
284.677841 307.825657 314.898127
286.148425 309.173981 314.758826
287.619009 310.522305 314.619524
289.089593 311.870629 314.480222
290.560177 313.218953 314.340920
292.030761 314.567277 314.201618
293.501345 315.915601 314.062316
294.971929 317.263925 313.923014
296.442513 318.612249 313.783713
297.913097 319.960573 313.644411
299.383681 321.308897 313.505109
300.854265 322.657221 313.365807
302.324849 324.005545 313.226505
303.795433 325.353869 313.087203
305.266018 326.702193 312.947901
306.736602 328.050517 312.808600
308.207186 329.398841 312.669298
309.677770 330.747165 312.529996
311.148354 332.095489 312.390694
312.618938 333.443813 312.251392
314.089522 334.792137 312.112090
315.560106 336.140461 311.972789
317.030690 337.488785 311.833487
318.501274 338.837109 311.694185
319.971858 340.185433 311.554883
321.442442 341.533757 311.415581
322.913026 342.882081 311.276279
324.383610 344.230405 311.136977
325.854194 345.578729 310.997676
327.324778 346.927053 310.858374
328.795362 348.275377 310.719072
330.265946 349.623701 310.579770
331.736530 350.972025 310.440468
333.207114 352.320349 310.301166
334.677698 353.668672 310.161864
336.148282 355.016996 310.022563
337.618867 356.365320 309.883261
339.089451 357.713644 309.743959
340.560035 359.061968 309.604657
342.030619 360.410292 309.465355
343.501203 361.758616 309.326053
344.971787 363.106940 309.186751
346.442371 364.455264 309.047450
347.912955 365.803588 308.908148
349.383539 367.151912 308.768846
350.854123 368.500236 308.629544
352.324707 369.848560 308.490242
353.795291 371.196884 308.350940
355.265875 372.545208 308.211638
356.736459 373.893532 308.072337
358.207043 375.241856 307.933035
359.677627 376.590180 307.793733
361.148211 377.938504 307.654431
362.618795 379.286828 307.515129
364.089379 380.635152 307.375827
365.559963 381.983476 307.236526
367.030547 383.331800 307.097224
368.501131 384.680124 306.957922
369.971716 386.028448 306.818620
371.442300 387.376772 306.679318
372.912884 388.725096 306.540016
374.383468 390.073420 306.400714
375.854052 391.421744 306.261413
377.324636 392.770068 306.122111
82.683493 102.456437 -352.305308
82.713572 104.003605 -351.038278
82.743650 105.550773 -349.771248
82.773729 107.097942 -348.504218
82.803807 108.645110 -347.237188
82.833886 110.192278 -345.970158
82.863964 111.739447 -344.703127
82.894043 113.286615 -343.436097
82.924121 114.833783 -342.169067
82.954200 116.380952 -340.902037
82.984278 117.928120 -339.635007
83.014357 119.475288 -338.367976
83.044435 121.022457 -337.100946
83.074514 122.569625 -335.833916
83.104592 124.116793 -334.566886
83.134671 125.663962 -333.299856
83.164749 127.211130 -332.032826
83.194828 128.758298 -330.765795
83.224907 130.305466 -329.498765
83.254985 131.852635 -328.231735
83.285064 133.399803 -326.964705
83.315142 134.946971 -325.697675
83.345221 136.494140 -324.430644
83.375299 138.041308 -323.163614
83.405378 139.588476 -321.896584
83.435456 141.135645 -320.629554
83.465535 142.682813 -319.362524
83.495613 144.229981 -318.095494
83.525692 145.777150 -316.828463
83.555770 147.324318 -315.561433
83.585849 148.871486 -314.294403
83.615927 150.418655 -313.027373
83.646006 151.965823 -311.760343
83.676084 153.512991 -310.493312
83.706163 155.060160 -309.226282
83.736241 156.607328 -307.959252
83.766320 158.154496 -306.692222
83.796398 159.701665 -305.425192
83.826477 161.248833 -304.158162
83.856555 162.796001 -302.891131
83.886634 164.343169 -301.624101
83.916713 165.890338 -300.357071
83.946791 167.437506 -299.090041
83.976870 168.984674 -297.823011
84.006948 170.531843 -296.555980
84.037027 172.079011 -295.288950
84.067105 173.626179 -294.021920
84.097184 175.173348 -292.754890
84.127262 176.720516 -291.487860
84.157341 178.267684 -290.220829
84.187419 179.814853 -288.953799
84.217498 181.362021 -287.686769
84.247576 182.909189 -286.419739
84.277655 184.456358 -285.152709
84.307733 186.003526 -283.885679
84.337812 187.550694 -282.618648
84.367890 189.097863 -281.351618
84.397969 190.645031 -280.084588
84.428047 192.192199 -278.817558
84.458126 193.739367 -277.550528
84.488204 195.286536 -276.283497
84.518283 196.833704 -275.016467
84.548361 198.380872 -273.749437
84.578440 199.928041 -272.482407
84.608519 201.475209 -271.215377
84.638597 203.022377 -269.948347
84.668676 204.569546 -268.681316
84.698754 206.116714 -267.414286
84.728833 207.663882 -266.147256
84.758911 209.211051 -264.880226
-161.202156 106.952432 164.103163
-162.820639 105.804122 164.351960
-164.439121 104.655813 164.600758
-166.057603 103.507503 164.849555
-167.676085 102.359193 165.098352
-169.294567 101.210883 165.347150
-170.913049 100.062573 165.595947
-172.531532 98.914264 165.844745
-174.150014 97.765954 166.093542
-175.768496 96.617644 166.342339
-177.386978 95.469334 166.591137
-179.005460 94.321025 166.839934
-180.623942 93.172715 167.088732
-182.242425 92.024405 167.337529
-183.860907 90.876095 167.586326
-185.479389 89.727786 167.835124
-187.097871 88.579476 168.083921
-188.716353 87.431166 168.332718
-190.334835 86.282856 168.581516
-191.953318 85.134546 168.830313
-193.571800 83.986237 169.079111
-195.190282 82.837927 169.327908
-196.808764 81.689617 169.576705
-198.427246 80.541307 169.825503
-200.045728 79.392998 170.074300
-201.664211 78.244688 170.323098
-203.282693 77.096378 170.571895
-204.901175 75.948068 170.820692
-206.519657 74.799758 171.069490
-208.138139 73.651449 171.318287
-209.756621 72.503139 171.567085
-211.375104 71.354829 171.815882
-212.993586 70.206519 172.064679
-214.612068 69.058210 172.313477
-216.230550 67.909900 172.562274
-217.849032 66.761590 172.811071
-219.467514 65.613280 173.059869
-221.085997 64.464971 173.308666
-222.704479 63.316661 173.557464
-224.322961 62.168351 173.806261
-225.941443 61.020041 174.055058
-227.559925 59.871731 174.303856
-229.178407 58.723422 174.552653
-230.796890 57.575112 174.801451
-232.415372 56.426802 175.050248
-234.033854 55.278492 175.299045
-235.652336 54.130183 175.547843
-237.270818 52.981873 175.796640
-238.889300 51.833563 176.045438
-240.507783 50.685253 176.294235
-242.126265 49.536944 176.543032
-243.744747 48.388634 176.791830
-245.363229 47.240324 177.040627
-246.981711 46.092014 177.289424
-248.600193 44.943704 177.538222
-250.218676 43.795395 177.787019
-251.837158 42.647085 178.035817
-253.455640 41.498775 178.284614
-255.074122 40.350465 178.533411
-256.692604 39.202156 178.782209
-258.311086 38.053846 179.031006
-259.929569 36.905536 179.279804
-261.548051 35.757226 179.528601
-263.166533 34.608916 179.777398
-264.785015 33.460607 180.026196
-266.403497 32.312297 180.274993
-268.021979 31.163987 180.523791
-269.640462 30.015677 180.772588
-271.258944 28.867368 181.021385
-272.877426 27.719058 181.270183
-344.095443 136.136390 114.768692
-343.199716 134.386830 115.138442
-342.303990 132.637270 115.508193
-341.408264 130.887711 115.877944
-340.512537 129.138151 116.247695
-339.616811 127.388592 116.617445
-338.721085 125.639032 116.987196
-337.825358 123.889472 117.356947
-336.929632 122.139913 117.726697
-336.033906 120.390353 118.096448
-335.138179 118.640794 118.466199
-334.242453 116.891234 118.835950
-333.346727 115.141674 119.205700
-332.451001 113.392115 119.575451
-331.555274 111.642555 119.945202
-330.659548 109.892996 120.314952
-329.763822 108.143436 120.684703
-328.868095 106.393876 121.054454
-327.972369 104.644317 121.424205
-327.076643 102.894757 121.793955
-326.180916 101.145198 122.163706
-325.285190 99.395638 122.533457
-324.389464 97.646078 122.903207
-323.493737 95.896519 123.272958
-322.598011 94.146959 123.642709
-321.702285 92.397400 124.012460
-320.806559 90.647840 124.382210
-319.910832 88.898280 124.751961
-319.015106 87.148721 125.121712
-318.119380 85.399161 125.491463
-317.223653 83.649602 125.861213
-316.327927 81.900042 126.230964
-315.432201 80.150483 126.600715
-314.536474 78.400923 126.970465
-313.640748 76.651363 127.340216
-312.745022 74.901804 127.709967
-311.849295 73.152244 128.079718
-310.953569 71.402685 128.449468
-310.057843 69.653125 128.819219
-309.162116 67.903565 129.188970
-308.266390 66.154006 129.558720
-307.370664 64.404446 129.928471
-306.474938 62.654887 130.298222
-305.579211 60.905327 130.667973
-304.683485 59.155767 131.037723
-303.787759 57.406208 131.407474
-302.892032 55.656648 131.777225
-301.996306 53.907089 132.146975
-301.100580 52.157529 132.516726
-300.204853 50.407969 132.886477
-299.309127 48.658410 133.256228
-298.413401 46.908850 133.625978
-297.517674 45.159291 133.995729
-296.621948 43.409731 134.365480
-295.726222 41.660171 134.735230
-294.830496 39.910612 135.104981
-293.934769 38.161052 135.474732
-293.039043 36.411493 135.844483
-292.143317 34.661933 136.214233
-291.247590 32.912373 136.583984
-290.351864 31.162814 136.953735
-289.456138 29.413254 137.323485
-288.560411 27.663695 137.693236
-287.664685 25.914135 138.062987
-286.768959 24.164575 138.432738
-285.873232 22.415016 138.802488
-284.977506 20.665456 139.172239
-284.081780 18.915897 139.541990
-283.186053 17.166337 139.911740
-282.290327 15.416777 140.281491
-281.023509 362.224313 30.829767
-279.685637 361.281957 31.979577
-278.347764 360.339601 33.129387
-277.009892 359.397246 34.279197
-275.672019 358.454890 35.429007
-274.334147 357.512534 36.578817
-272.996274 356.570179 37.728627
-271.658402 355.627823 38.878437
-270.320529 354.685467 40.028246
-268.982656 353.743112 41.178056
-267.644784 352.800756 42.327866
-266.306911 351.858400 43.477676
-264.969039 350.916045 44.627486
-263.631166 349.973689 45.777296
-262.293294 349.031333 46.927106
-260.955421 348.088978 48.076916
-259.617549 347.146622 49.226726
-258.279676 346.204266 50.376536
-256.941804 345.261911 51.526346
-255.603931 344.319555 52.676156
-254.266059 343.377199 53.825966
-252.928186 342.434844 54.975775
-251.590313 341.492488 56.125585
-250.252441 340.550132 57.275395
-248.914568 339.607777 58.425205
-247.576696 338.665421 59.575015
-246.238823 337.723065 60.724825
-244.900951 336.780710 61.874635
-243.563078 335.838354 63.024445
-242.225206 334.895998 64.174255
-240.887333 333.953643 65.324065
-239.549461 333.011287 66.473875
-238.211588 332.068931 67.623685
-236.873716 331.126576 68.773495
-235.535843 330.184220 69.923304
-234.197970 329.241864 71.073114
-232.860098 328.299509 72.222924
-231.522225 327.357153 73.372734
-230.184353 326.414797 74.522544
-228.846480 325.472442 75.672354
-227.508608 324.530086 76.822164
-226.170735 323.587730 77.971974
-224.832863 322.645375 79.121784
-223.494990 321.703019 80.271594
-222.157118 320.760663 81.421404
-220.819245 319.818308 82.571214
-219.481373 318.875952 83.721024
-218.143500 317.933596 84.870834
-216.805627 316.991241 86.020643
-215.467755 316.048885 87.170453
-214.129882 315.106529 88.320263
-212.792010 314.164174 89.470073
-211.454137 313.221818 90.619883
-210.116265 312.279462 91.769693
-208.778392 311.337107 92.919503
-207.440520 310.394751 94.069313
-206.102647 309.452395 95.219123
-204.764775 308.510040 96.368933
-203.426902 307.567684 97.518743
-202.089030 306.625328 98.668553
-200.751157 305.682973 99.818363
-199.413284 304.740617 100.968172
-198.075412 303.798261 102.117982
-196.737539 302.855906 103.267792
-195.399667 301.913550 104.417602
-194.061794 300.971194 105.567412
-192.723922 300.028839 106.717222
-191.386049 299.086483 107.867032
-190.048177 298.144127 109.016842
-188.710304 297.201772 110.166652
-258.220169 90.011136 -349.573816
-257.812459 90.343605 -347.644247
-257.404749 90.676074 -345.714677
-256.997040 91.008543 -343.785108
-256.589330 91.341011 -341.855539
-256.181621 91.673480 -339.925970
-255.773911 92.005949 -337.996401
-255.366201 92.338418 -336.066831
-254.958492 92.670886 -334.137262
-254.550782 93.003355 -332.207693
-254.143073 93.335824 -330.278124
-253.735363 93.668293 -328.348554
-253.327653 94.000761 -326.418985
-252.919944 94.333230 -324.489416
-252.512234 94.665699 -322.559847
-252.104525 94.998168 -320.630278
-251.696815 95.330637 -318.700708
-251.289105 95.663105 -316.771139
-250.881396 95.995574 -314.841570
-250.473686 96.328043 -312.912001
-250.065977 96.660512 -310.982431
-249.658267 96.992980 -309.052862
-249.250557 97.325449 -307.123293
-248.842848 97.657918 -305.193724
-248.435138 97.990387 -303.264154
-248.027429 98.322855 -301.334585
-247.619719 98.655324 -299.405016
-247.212009 98.987793 -297.475447
-246.804300 99.320262 -295.545878
-246.396590 99.652731 -293.616308
-245.988881 99.985199 -291.686739
-245.581171 100.317668 -289.757170
-245.173461 100.650137 -287.827601
-244.765752 100.982606 -285.898031
-244.358042 101.315074 -283.968462
-243.950333 101.647543 -282.038893
-243.542623 101.980012 -280.109324
-243.134913 102.312481 -278.179755
-242.727204 102.644949 -276.250185
-242.319494 102.977418 -274.320616
-241.911785 103.309887 -272.391047
-241.504075 103.642356 -270.461478
-241.096365 103.974825 -268.531908
-240.688656 104.307293 -266.602339
-240.280946 104.639762 -264.672770
-239.873237 104.972231 -262.743201
-239.465527 105.304700 -260.813632
-239.057817 105.637168 -258.884062
-238.650108 105.969637 -256.954493
-238.242398 106.302106 -255.024924
-237.834689 106.634575 -253.095355
-237.426979 106.967043 -251.165785
-237.019269 107.299512 -249.236216
-236.611560 107.631981 -247.306647
-236.203850 107.964450 -245.377078
-235.796140 108.296919 -243.447508
-235.388431 108.629387 -241.517939
-234.980721 108.961856 -239.588370
-234.573012 109.294325 -237.658801
-234.165302 109.626794 -235.729232
-233.757592 109.959262 -233.799662
-233.349883 110.291731 -231.870093
-232.942173 110.624200 -229.940524
-232.534464 110.956669 -228.010955
-232.126754 111.289138 -226.081385
-231.719044 111.621606 -224.151816
-231.311335 111.954075 -222.222247
-230.903625 112.286544 -220.292678
-230.495916 112.619013 -218.363109
-230.088206 112.951481 -216.433539
-28.583316 -252.096338 241.975255
-29.261906 -252.238716 240.099290
-29.940496 -252.381093 238.223325
-30.619086 -252.523471 236.347360
-31.297676 -252.665848 234.471395
-31.976265 -252.808226 232.595431
-32.654855 -252.950604 230.719466
-33.333445 -253.092981 228.843501
-34.012035 -253.235359 226.967536
-34.690625 -253.377736 225.091571
-35.369215 -253.520114 223.215606
-36.047805 -253.662492 221.339641
-36.726395 -253.804869 219.463676
-37.404985 -253.947247 217.587711
-38.083575 -254.089624 215.711746
-38.762165 -254.232002 213.835781
-39.440754 -254.374380 211.959817
-40.119344 -254.516757 210.083852
-40.797934 -254.659135 208.207887
-41.476524 -254.801512 206.331922
-42.155114 -254.943890 204.455957
-42.833704 -255.086268 202.579992
-43.512294 -255.228645 200.704027
-44.190884 -255.371023 198.828062
-44.869474 -255.513400 196.952097
-45.548064 -255.655778 195.076132
-46.226654 -255.798156 193.200167
-46.905243 -255.940533 191.324203
-47.583833 -256.082911 189.448238
-48.262423 -256.225288 187.572273
-48.941013 -256.367666 185.696308
-49.619603 -256.510044 183.820343
-50.298193 -256.652421 181.944378
-50.976783 -256.794799 180.068413
-51.655373 -256.937176 178.192448
-52.333963 -257.079554 176.316483
-53.012553 -257.221932 174.440518
-53.691143 -257.364309 172.564553
-54.369732 -257.506687 170.688588
-55.048322 -257.649064 168.812624
-55.726912 -257.791442 166.936659
-56.405502 -257.933820 165.060694
-57.084092 -258.076197 163.184729
-57.762682 -258.218575 161.308764
-58.441272 -258.360952 159.432799
-59.119862 -258.503330 157.556834
-59.798452 -258.645708 155.680869
-60.477042 -258.788085 153.804904
-61.155632 -258.930463 151.928939
-61.834221 -259.072840 150.052974
-62.512811 -259.215218 148.177010
-63.191401 -259.357596 146.301045
-63.869991 -259.499973 144.425080
-64.548581 -259.642351 142.549115
-65.227171 -259.784729 140.673150
-65.905761 -259.927106 138.797185
-66.584351 -260.069484 136.921220
-67.262941 -260.211861 135.045255
-67.941531 -260.354239 133.169290
-68.620121 -260.496617 131.293325
-69.298710 -260.638994 129.417360
-69.977300 -260.781372 127.541395
-70.655890 -260.923749 125.665431
-71.334480 -261.066127 123.789466
-72.013070 -261.208505 121.913501
-72.691660 -261.350882 120.037536
-73.370250 -261.493260 118.161571
-74.048840 -261.635637 116.285606
-74.727430 -261.778015 114.409641
-75.406020 -261.920393 112.533676
223.768518 355.827173 41.194345
221.948116 355.001288 41.130716
220.127713 354.175403 41.067088
218.307310 353.349518 41.003459
216.486908 352.523634 40.939830
214.666505 351.697749 40.876201
212.846102 350.871864 40.812572
211.025700 350.045980 40.748943
209.205297 349.220095 40.685315
207.384894 348.394210 40.621686
205.564492 347.568326 40.558057
203.744089 346.742441 40.494428
201.923686 345.916556 40.430799
200.103284 345.090672 40.367171
198.282881 344.264787 40.303542
196.462478 343.438902 40.239913
194.642076 342.613018 40.176284
192.821673 341.787133 40.112655
191.001270 340.961248 40.049026
189.180868 340.135364 39.985398
187.360465 339.309479 39.921769
185.540062 338.483594 39.858140
183.719660 337.657710 39.794511
181.899257 336.831825 39.730882
180.078854 336.005940 39.667253
178.258452 335.180056 39.603625
176.438049 334.354171 39.539996
174.617646 333.528286 39.476367
172.797244 332.702402 39.412738
170.976841 331.876517 39.349109
169.156438 331.050632 39.285481
167.336036 330.224748 39.221852
165.515633 329.398863 39.158223
163.695230 328.572978 39.094594
161.874828 327.747094 39.030965
160.054425 326.921209 38.967336
158.234022 326.095324 38.903708
156.413620 325.269440 38.840079
154.593217 324.443555 38.776450
152.772814 323.617670 38.712821
150.952412 322.791786 38.649192
149.132009 321.965901 38.585563
147.311606 321.140016 38.521935
145.491204 320.314131 38.458306
143.670801 319.488247 38.394677
141.850398 318.662362 38.331048
140.029996 317.836477 38.267419
138.209593 317.010593 38.203791
136.389190 316.184708 38.140162
134.568788 315.358823 38.076533
132.748385 314.532939 38.012904
130.927982 313.707054 37.949275
129.107580 312.881169 37.885646
127.287177 312.055285 37.822018
125.466774 311.229400 37.758389
123.646372 310.403515 37.694760
121.825969 309.577631 37.631131
120.005566 308.751746 37.567502
118.185164 307.925861 37.503873
116.364761 307.099977 37.440245
114.544358 306.274092 37.376616
112.723956 305.448207 37.312987
110.903553 304.622323 37.249358
109.083150 303.796438 37.185729
107.262748 302.970553 37.122101
105.442345 302.144669 37.058472
103.621942 301.318784 36.994843
101.801540 300.492899 36.931214
99.981137 299.667015 36.867585
98.160734 298.841130 36.803956
-130.755214 24.016190 256.254209
-131.668529 25.731604 255.781759
-132.581844 27.447019 255.309308
-133.495159 29.162433 254.836858
-134.408474 30.877848 254.364407
-135.321788 32.593262 253.891957
-136.235103 34.308676 253.419506
-137.148418 36.024091 252.947056
-138.061733 37.739505 252.474605
-138.975048 39.454920 252.002155
-139.888362 41.170334 251.529704
-140.801677 42.885748 251.057254
-141.714992 44.601163 250.584803
-142.628307 46.316577 250.112353
-143.541622 48.031992 249.639903
-144.454937 49.747406 249.167452
-145.368251 51.462820 248.695002
-146.281566 53.178235 248.222551
-147.194881 54.893649 247.750101
-148.108196 56.609064 247.277650
-149.021511 58.324478 246.805200
-149.934826 60.039892 246.332749
-150.848140 61.755307 245.860299
-151.761455 63.470721 245.387848
-152.674770 65.186136 244.915398
-153.588085 66.901550 244.442947
-154.501400 68.616964 243.970497
-155.414715 70.332379 243.498046
-156.328029 72.047793 243.025596
-157.241344 73.763208 242.553145
-158.154659 75.478622 242.080695
-159.067974 77.194036 241.608244
-159.981289 78.909451 241.135794
-160.894603 80.624865 240.663343
-161.807918 82.340280 240.190893
-162.721233 84.055694 239.718442
-163.634548 85.771108 239.245992
-164.547863 87.486523 238.773541
-165.461178 89.201937 238.301091
-166.374492 90.917352 237.828640
-167.287807 92.632766 237.356190
-168.201122 94.348180 236.883739
-169.114437 96.063595 236.411289
-170.027752 97.779009 235.938838
-170.941067 99.494424 235.466388
-171.854381 101.209838 234.993937
-172.767696 102.925252 234.521487
-173.681011 104.640667 234.049037
-174.594326 106.356081 233.576586
-175.507641 108.071496 233.104136
-176.420956 109.786910 232.631685
-177.334270 111.502324 232.159235
-178.247585 113.217739 231.686784
-179.160900 114.933153 231.214334
-180.074215 116.648568 230.741883
-180.987530 118.363982 230.269433
-181.900844 120.079396 229.796982
-182.814159 121.794811 229.324532
-183.727474 123.510225 228.852081
-184.640789 125.225640 228.379631
-185.554104 126.941054 227.907180
-186.467419 128.656468 227.434730
-187.380733 130.371883 226.962279
-188.294048 132.087297 226.489829
-189.207363 133.802712 226.017378
-190.120678 135.518126 225.544928
-191.033993 137.233540 225.072477
-191.947308 138.948955 224.600027
-192.860622 140.664369 224.127576
-193.773937 142.379784 223.655126
256.862209 188.691364 245.978859
258.537126 187.613414 245.798100
260.212044 186.535463 245.617341
261.886961 185.457513 245.436582
263.561879 184.379562 245.255823
265.236796 183.301612 245.075064
266.911714 182.223661 244.894306
268.586632 181.145711 244.713547
270.261549 180.067760 244.532788
271.936467 178.989810 244.352029
273.611384 177.911859 244.171270
275.286302 176.833909 243.990511
276.961220 175.755958 243.809752
278.636137 174.678008 243.628993
280.311055 173.600057 243.448234
281.985972 172.522107 243.267475
283.660890 171.444156 243.086716
285.335807 170.366206 242.905958
287.010725 169.288255 242.725199
288.685643 168.210304 242.544440
290.360560 167.132354 242.363681
292.035478 166.054403 242.182922
293.710395 164.976453 242.002163
295.385313 163.898502 241.821404
297.060231 162.820552 241.640645
298.735148 161.742601 241.459886
300.410066 160.664651 241.279127
302.084983 159.586700 241.098369
303.759901 158.508750 240.917610
305.434818 157.430799 240.736851
307.109736 156.352849 240.556092
308.784654 155.274898 240.375333
310.459571 154.196948 240.194574
312.134489 153.118997 240.013815
313.809406 152.041047 239.833056
315.484324 150.963096 239.652297
317.159241 149.885146 239.471538
318.834159 148.807195 239.290780
320.509077 147.729245 239.110021
322.183994 146.651294 238.929262
323.858912 145.573344 238.748503
325.533829 144.495393 238.567744
327.208747 143.417443 238.386985
328.883665 142.339492 238.206226
330.558582 141.261542 238.025467
332.233500 140.183591 237.844708
333.908417 139.105641 237.663949
335.583335 138.027690 237.483191
337.258252 136.949740 237.302432
338.933170 135.871789 237.121673
340.608088 134.793838 236.940914
342.283005 133.715888 236.760155
343.957923 132.637937 236.579396
345.632840 131.559987 236.398637
347.307758 130.482036 236.217878
348.982676 129.404086 236.037119
350.657593 128.326135 235.856360
352.332511 127.248185 235.675601
354.007428 126.170234 235.494843
355.682346 125.092284 235.314084
357.357263 124.014333 235.133325
359.032181 122.936383 234.952566
360.707099 121.858432 234.771807
362.382016 120.780482 234.591048
364.056934 119.702531 234.410289
365.731851 118.624581 234.229530
367.406769 117.546630 234.048771
369.081686 116.468680 233.868012
370.756604 115.390729 233.687254
372.431522 114.312779 233.506495
53.878379 -263.051989 256.952999
55.273147 -261.684323 257.382079
56.667915 -260.316656 257.811159
58.062683 -258.948989 258.240240
59.457452 -257.581322 258.669320
60.852220 -256.213655 259.098400
62.246988 -254.845989 259.527480
63.641756 -253.478322 259.956560
65.036524 -252.110655 260.385640
66.431292 -250.742988 260.814720
67.826060 -249.375321 261.243800
69.220828 -248.007655 261.672880
70.615596 -246.639988 262.101960
72.010364 -245.272321 262.531040
73.405132 -243.904654 262.960120
74.799900 -242.536987 263.389200
76.194668 -241.169321 263.818280
77.589436 -239.801654 264.247360
78.984204 -238.433987 264.676440
80.378972 -237.066320 265.105520
81.773740 -235.698653 265.534600
83.168508 -234.330987 265.963680
84.563276 -232.963320 266.392760
85.958044 -231.595653 266.821840
87.352812 -230.227986 267.250920
88.747580 -228.860320 267.680000
90.142348 -227.492653 268.109080
91.537116 -226.124986 268.538160
92.931884 -224.757319 268.967240
94.326652 -223.389652 269.396320
95.721420 -222.021986 269.825400
97.116189 -220.654319 270.254480
98.510957 -219.286652 270.683560
99.905725 -217.918985 271.112640
101.300493 -216.551318 271.541720
102.695261 -215.183652 271.970800
104.090029 -213.815985 272.399880
105.484797 -212.448318 272.828960
106.879565 -211.080651 273.258040
108.274333 -209.712984 273.687120
109.669101 -208.345318 274.116200
111.063869 -206.977651 274.545280
112.458637 -205.609984 274.974360
113.853405 -204.242317 275.403440
115.248173 -202.874650 275.832520
116.642941 -201.506984 276.261600
118.037709 -200.139317 276.690680
119.432477 -198.771650 277.119760
120.827245 -197.403983 277.548840
122.222013 -196.036316 277.977920
123.616781 -194.668650 278.407000
125.011549 -193.300983 278.836080
126.406317 -191.933316 279.265160
127.801085 -190.565649 279.694240
129.195853 -189.197982 280.123320
130.590621 -187.830316 280.552400
131.985389 -186.462649 280.981481
133.380157 -185.094982 281.410561
134.774926 -183.727315 281.839641
136.169694 -182.359649 282.268721
137.564462 -180.991982 282.697801
138.959230 -179.624315 283.126881
140.353998 -178.256648 283.555961
141.748766 -176.888981 283.985041
143.143534 -175.521315 284.414121
144.538302 -174.153648 284.843201
145.933070 -172.785981 285.272281
147.327838 -171.418314 285.701361
148.722606 -170.050647 286.130441
150.117374 -168.682981 286.559521
-89.750061 270.605156 140.323527
-88.845777 272.388682 140.287375
-87.941492 274.172207 140.251223
-87.037208 275.955732 140.215071
-86.132923 277.739258 140.178918
-85.228639 279.522783 140.142766
-84.324354 281.306308 140.106614
-83.420069 283.089833 140.070462
-82.515785 284.873359 140.034310
-81.611500 286.656884 139.998158
-80.707216 288.440409 139.962006
-79.802931 290.223935 139.925853
-78.898647 292.007460 139.889701
-77.994362 293.790985 139.853549
-77.090078 295.574511 139.817397
-76.185793 297.358036 139.781245
-75.281509 299.141561 139.745093
-74.377224 300.925086 139.708941
-73.472939 302.708612 139.672789
-72.568655 304.492137 139.636636
-71.664370 306.275662 139.600484
-70.760086 308.059188 139.564332
-69.855801 309.842713 139.528180
-68.951517 311.626238 139.492028
-68.047232 313.409764 139.455876
-67.142948 315.193289 139.419724
-66.238663 316.976814 139.383571
-65.334379 318.760339 139.347419
-64.430094 320.543865 139.311267
-63.525809 322.327390 139.275115
-62.621525 324.110915 139.238963
-61.717240 325.894441 139.202811
-60.812956 327.677966 139.166659
-59.908671 329.461491 139.130507
-59.004387 331.245017 139.094354
-58.100102 333.028542 139.058202
-57.195818 334.812067 139.022050
-56.291533 336.595592 138.985898
-55.387249 338.379118 138.949746
-54.482964 340.162643 138.913594
-53.578679 341.946168 138.877442
-52.674395 343.729694 138.841290
-51.770110 345.513219 138.805137
-50.865826 347.296744 138.768985
-49.961541 349.080269 138.732833
-49.057257 350.863795 138.696681
-48.152972 352.647320 138.660529
-47.248688 354.430845 138.624377
-46.344403 356.214371 138.588225
-45.440119 357.997896 138.552072
-44.535834 359.781421 138.515920
-43.631549 361.564947 138.479768
-42.727265 363.348472 138.443616
-41.822980 365.131997 138.407464
-40.918696 366.915522 138.371312
-40.014411 368.699048 138.335160
-39.110127 370.482573 138.299008
-38.205842 372.266098 138.262855
-37.301558 374.049624 138.226703
-36.397273 375.833149 138.190551
-35.492989 377.616674 138.154399
-34.588704 379.400200 138.118247
-33.684420 381.183725 138.082095
-32.780135 382.967250 138.045943
-31.875850 384.750775 138.009790
-30.971566 386.534301 137.973638
-30.067281 388.317826 137.937486
-29.162997 390.101351 137.901334
-28.258712 391.884877 137.865182
-27.354428 393.668402 137.829030
-72.141701 -87.709371 193.561866
-71.684139 -89.621834 193.197007
-71.226578 -91.534297 192.832148
-70.769016 -93.446760 192.467289
-70.311455 -95.359223 192.102430
-69.853893 -97.271686 191.737572
-69.396332 -99.184150 191.372713
-68.938770 -101.096613 191.007854
-68.481208 -103.009076 190.642995
-68.023647 -104.921539 190.278136
-67.566085 -106.834002 189.913277
-67.108524 -108.746466 189.548418
-66.650962 -110.658929 189.183559
-66.193401 -112.571392 188.818701
-65.735839 -114.483855 188.453842
-65.278278 -116.396318 188.088983
-64.820716 -118.308782 187.724124
-64.363155 -120.221245 187.359265
-63.905593 -122.133708 186.994406
-63.448031 -124.046171 186.629547
-62.990470 -125.958634 186.264688
-62.532908 -127.871097 185.899830
-62.075347 -129.783561 185.534971
-61.617785 -131.696024 185.170112
-61.160224 -133.608487 184.805253
-60.702662 -135.520950 184.440394
-60.245101 -137.433413 184.075535
-59.787539 -139.345877 183.710676
-59.329978 -141.258340 183.345818
-58.872416 -143.170803 182.980959
-58.414855 -145.083266 182.616100
-57.957293 -146.995729 182.251241
-57.499731 -148.908192 181.886382
-57.042170 -150.820656 181.521523
-56.584608 -152.733119 181.156664
-56.127047 -154.645582 180.791805
-55.669485 -156.558045 180.426947
-55.211924 -158.470508 180.062088
-54.754362 -160.382972 179.697229
-54.296801 -162.295435 179.332370
-53.839239 -164.207898 178.967511
-53.381678 -166.120361 178.602652
-52.924116 -168.032824 178.237793
-52.466554 -169.945288 177.872934
-52.008993 -171.857751 177.508076
-51.551431 -173.770214 177.143217
-51.093870 -175.682677 176.778358
-50.636308 -177.595140 176.413499
-50.178747 -179.507603 176.048640
-49.721185 -181.420067 175.683781
-49.263624 -183.332530 175.318922
-48.806062 -185.244993 174.954064
-48.348501 -187.157456 174.589205
-47.890939 -189.069919 174.224346
-47.433377 -190.982383 173.859487
-46.975816 -192.894846 173.494628
-46.518254 -194.807309 173.129769
-46.060693 -196.719772 172.764910
-45.603131 -198.632235 172.400051
-45.145570 -200.544699 172.035193
-44.688008 -202.457162 171.670334
-44.230447 -204.369625 171.305475
-43.772885 -206.282088 170.940616
-43.315324 -208.194551 170.575757
-42.857762 -210.107014 170.210898
-42.400201 -212.019478 169.846039
-41.942639 -213.931941 169.481180
-41.485077 -215.844404 169.116322
-41.027516 -217.756867 168.751463
-40.569954 -219.669330 168.386604
-270.055850 -279.110420 -36.901747
-268.877260 -280.303548 -35.812081
-267.698671 -281.496676 -34.722415
-266.520081 -282.689804 -33.632750
-265.341491 -283.882933 -32.543084
-264.162902 -285.076061 -31.453418
-262.984312 -286.269189 -30.363752
-261.805722 -287.462317 -29.274087
-260.627133 -288.655446 -28.184421
-259.448543 -289.848574 -27.094755
-258.269953 -291.041702 -26.005089
-257.091364 -292.234830 -24.915424
-255.912774 -293.427959 -23.825758
-254.734185 -294.621087 -22.736092
-253.555595 -295.814215 -21.646426
-252.377005 -297.007343 -20.556761
-251.198416 -298.200472 -19.467095
-250.019826 -299.393600 -18.377429
-248.841236 -300.586728 -17.287763
-247.662647 -301.779856 -16.198098
-246.484057 -302.972985 -15.108432
-245.305467 -304.166113 -14.018766
-244.126878 -305.359241 -12.929100
-242.948288 -306.552369 -11.839435
-241.769698 -307.745498 -10.749769
-240.591109 -308.938626 -9.660103
-239.412519 -310.131754 -8.570438
-238.233929 -311.324882 -7.480772
-237.055340 -312.518011 -6.391106
-235.876750 -313.711139 -5.301440
-234.698161 -314.904267 -4.211775
-233.519571 -316.097395 -3.122109
-232.340981 -317.290524 -2.032443
-231.162392 -318.483652 -0.942777
-229.983802 -319.676780 0.146888
-228.805212 -320.869908 1.236554
-227.626623 -322.063036 2.326220
-226.448033 -323.256165 3.415886
-225.269443 -324.449293 4.505551
-224.090854 -325.642421 5.595217
-222.912264 -326.835549 6.684883
-221.733674 -328.028678 7.774549
-220.555085 -329.221806 8.864214
-219.376495 -330.414934 9.953880
-218.197906 -331.608062 11.043546
-217.019316 -332.801191 12.133212
-215.840726 -333.994319 13.222877
-214.662137 -335.187447 14.312543
-213.483547 -336.380575 15.402209
-212.304957 -337.573704 16.491875
-211.126368 -338.766832 17.581540
-209.947778 -339.959960 18.671206
-208.769188 -341.153088 19.760872
-207.590599 -342.346217 20.850538
-206.412009 -343.539345 21.940203
-205.233419 -344.732473 23.029869
-204.054830 -345.925601 24.119535
-202.876240 -347.118730 25.209200
-201.697650 -348.311858 26.298866
-200.519061 -349.504986 27.388532
-199.340471 -350.698114 28.478198
-198.161882 -351.891243 29.567863
-196.983292 -353.084371 30.657529
-195.804702 -354.277499 31.747195
-194.626113 -355.470627 32.836861
-193.447523 -356.663756 33.926526
-192.268933 -357.856884 35.016192
-191.090344 -359.050012 36.105858
-189.911754 -360.243140 37.195524
-188.733164 -361.436269 38.285189
-338.718886 -198.554844 58.259054
-338.534314 -196.573945 58.054184
-338.349741 -194.593046 57.849314
-338.165168 -192.612147 57.644444
-337.980596 -190.631248 57.439574
-337.796023 -188.650349 57.234704
-337.611450 -186.669450 57.029834
-337.426877 -184.688551 56.824963
-337.242305 -182.707652 56.620093
-337.057732 -180.726753 56.415223
-336.873159 -178.745853 56.210353
-336.688587 -176.764954 56.005483
-336.504014 -174.784055 55.800613
-336.319441 -172.803156 55.595743
-336.134868 -170.822257 55.390873
-335.950296 -168.841358 55.186003
-335.765723 -166.860459 54.981132
-335.581150 -164.879560 54.776262
-335.396578 -162.898661 54.571392
-335.212005 -160.917762 54.366522
-335.027432 -158.936863 54.161652
-334.842859 -156.955964 53.956782
-334.658287 -154.975065 53.751912
-334.473714 -152.994165 53.547042
-334.289141 -151.013266 53.342171
-334.104569 -149.032367 53.137301
-333.919996 -147.051468 52.932431
-333.735423 -145.070569 52.727561
-333.550850 -143.089670 52.522691
-333.366278 -141.108771 52.317821
-333.181705 -139.127872 52.112951
-332.997132 -137.146973 51.908081
-332.812560 -135.166074 51.703210
-332.627987 -133.185175 51.498340
-332.443414 -131.204276 51.293470
-332.258842 -129.223377 51.088600
-332.074269 -127.242477 50.883730
-331.889696 -125.261578 50.678860
-331.705123 -123.280679 50.473990
-331.520551 -121.299780 50.269120
-331.335978 -119.318881 50.064249
-331.151405 -117.337982 49.859379
-330.966833 -115.357083 49.654509
-330.782260 -113.376184 49.449639
-330.597687 -111.395285 49.244769
-330.413114 -109.414386 49.039899
-330.228542 -107.433487 48.835029
-330.043969 -105.452588 48.630159
-329.859396 -103.471689 48.425288
-329.674824 -101.490789 48.220418
-329.490251 -99.509890 48.015548
-329.305678 -97.528991 47.810678
-329.121105 -95.548092 47.605808
-328.936533 -93.567193 47.400938
-328.751960 -91.586294 47.196068
-328.567387 -89.605395 46.991198
-328.382815 -87.624496 46.786327
-328.198242 -85.643597 46.581457
-328.013669 -83.662698 46.376587
-327.829096 -81.681799 46.171717
-327.644524 -79.700900 45.966847
-327.459951 -77.720001 45.761977
-327.275378 -75.739102 45.557107
-327.090806 -73.758202 45.352237
-326.906233 -71.777303 45.147366
-326.721660 -69.796404 44.942496
-326.537087 -67.815505 44.737626
-326.352515 -65.834606 44.532756
-326.167942 -63.853707 44.327886
-325.983369 -61.872808 44.123016
13.432470 -90.932966 206.177289
13.237479 -92.908967 206.416862
13.042487 -94.884969 206.656436
12.847495 -96.860971 206.896009
12.652503 -98.836972 207.135582
12.457512 -100.812974 207.375156
12.262520 -102.788976 207.614729
12.067528 -104.764978 207.854303
11.872537 -106.740979 208.093876
11.677545 -108.716981 208.333450
11.482553 -110.692983 208.573023
11.287561 -112.668985 208.812596
11.092570 -114.644986 209.052170
10.897578 -116.620988 209.291743
10.702586 -118.596990 209.531317
10.507594 -120.572991 209.770890
10.312603 -122.548993 210.010464
10.117611 -124.524995 210.250037
9.922619 -126.500997 210.489610
9.727628 -128.476998 210.729184
9.532636 -130.453000 210.968757
9.337644 -132.429002 211.208331
9.142652 -134.405003 211.447904
8.947661 -136.381005 211.687478
8.752669 -138.357007 211.927051
8.557677 -140.333009 212.166625
8.362685 -142.309010 212.406198
8.167694 -144.285012 212.645771
7.972702 -146.261014 212.885345
7.777710 -148.237015 213.124918
7.582719 -150.213017 213.364492
7.387727 -152.189019 213.604065
7.192735 -154.165021 213.843639
6.997743 -156.141022 214.083212
6.802752 -158.117024 214.322785
6.607760 -160.093026 214.562359
6.412768 -162.069027 214.801932
6.217776 -164.045029 215.041506
6.022785 -166.021031 215.281079
5.827793 -167.997033 215.520653
5.632801 -169.973034 215.760226
5.437810 -171.949036 215.999799
5.242818 -173.925038 216.239373
5.047826 -175.901040 216.478946
4.852834 -177.877041 216.718520
4.657843 -179.853043 216.958093
4.462851 -181.829045 217.197667
4.267859 -183.805046 217.437240
4.072867 -185.781048 217.676813
3.877876 -187.757050 217.916387
3.682884 -189.733052 218.155960
3.487892 -191.709053 218.395534
3.292901 -193.685055 218.635107
3.097909 -195.661057 218.874681
2.902917 -197.637058 219.114254
2.707925 -199.613060 219.353827
2.512934 -201.589062 219.593401
2.317942 -203.565064 219.832974
2.122950 -205.541065 220.072548
1.927958 -207.517067 220.312121
1.732967 -209.493069 220.551695
1.537975 -211.469070 220.791268
1.342983 -213.445072 221.030841
1.147992 -215.421074 221.270415
0.953000 -217.397076 221.509988
0.758008 -219.373077 221.749562
0.563016 -221.349079 221.989135
0.368025 -223.325081 222.228709
0.173033 -225.301083 222.468282
-0.021959 -227.277084 222.707856
192.869317 202.961791 168.797819
194.144064 204.498816 168.685686
195.418812 206.035841 168.573553
196.693559 207.572865 168.461420
197.968306 209.109890 168.349287
199.243054 210.646915 168.237154
200.517801 212.183940 168.125020
201.792548 213.720965 168.012887
203.067296 215.257990 167.900754
204.342043 216.795014 167.788621
205.616791 218.332039 167.676488
206.891538 219.869064 167.564355
208.166285 221.406089 167.452222
209.441033 222.943114 167.340089
210.715780 224.480138 167.227956
211.990527 226.017163 167.115823
213.265275 227.554188 167.003690
214.540022 229.091213 166.891556
215.814770 230.628238 166.779423
217.089517 232.165263 166.667290
218.364264 233.702287 166.555157
219.639012 235.239312 166.443024
220.913759 236.776337 166.330891
222.188506 238.313362 166.218758
223.463254 239.850387 166.106625
224.738001 241.387411 165.994492
226.012749 242.924436 165.882359
227.287496 244.461461 165.770225
228.562243 245.998486 165.658092
229.836991 247.535511 165.545959
231.111738 249.072536 165.433826
232.386486 250.609560 165.321693
233.661233 252.146585 165.209560
234.935980 253.683610 165.097427
236.210728 255.220635 164.985294
237.485475 256.757660 164.873161
238.760222 258.294684 164.761028
240.034970 259.831709 164.648895
241.309717 261.368734 164.536761
242.584465 262.905759 164.424628
243.859212 264.442784 164.312495
245.133959 265.979808 164.200362
246.408707 267.516833 164.088229
247.683454 269.053858 163.976096
248.958201 270.590883 163.863963
250.232949 272.127908 163.751830
251.507696 273.664933 163.639697
252.782444 275.201957 163.527564
254.057191 276.738982 163.415430
255.331938 278.276007 163.303297
256.606686 279.813032 163.191164
257.881433 281.350057 163.079031
259.156180 282.887081 162.966898
260.430928 284.424106 162.854765
261.705675 285.961131 162.742632
262.980423 287.498156 162.630499
264.255170 289.035181 162.518366
265.529917 290.572206 162.406233
266.804665 292.109230 162.294100
268.079412 293.646255 162.181966
269.354160 295.183280 162.069833
270.628907 296.720305 161.957700
271.903654 298.257330 161.845567
273.178402 299.794354 161.733434
274.453149 301.331379 161.621301
275.727896 302.868404 161.509168
277.002644 304.405429 161.397035
278.277391 305.942454 161.284902
279.552139 307.479479 161.172769
280.826886 309.016503 161.060635
-112.116162 255.439237 312.606596
-111.156806 254.083016 311.492909
-110.197449 252.726795 310.379222
-109.238093 251.370573 309.265535
-108.278737 250.014352 308.151847
-107.319380 248.658131 307.038160
-106.360024 247.301909 305.924473
-105.400668 245.945688 304.810786
-104.441311 244.589467 303.697099
-103.481955 243.233246 302.583411
-102.522599 241.877024 301.469724
-101.563242 240.520803 300.356037
-100.603886 239.164582 299.242350
-99.644529 237.808361 298.128662
-98.685173 236.452139 297.014975
-97.725817 235.095918 295.901288
-96.766460 233.739697 294.787601
-95.807104 232.383475 293.673914
-94.847748 231.027254 292.560226
-93.888391 229.671033 291.446539
-92.929035 228.314812 290.332852
-91.969679 226.958590 289.219165
-91.010322 225.602369 288.105477
-90.050966 224.246148 286.991790
-89.091610 222.889927 285.878103
-88.132253 221.533705 284.764416
-87.172897 220.177484 283.650728
-86.213540 218.821263 282.537041
-85.254184 217.465041 281.423354
-84.294828 216.108820 280.309667
-83.335471 214.752599 279.195980
-82.376115 213.396378 278.082292
-81.416759 212.040156 276.968605
-80.457402 210.683935 275.854918
-79.498046 209.327714 274.741231
-78.538690 207.971493 273.627543
-77.579333 206.615271 272.513856
-76.619977 205.259050 271.400169
-75.660620 203.902829 270.286482
-74.701264 202.546607 269.172795
-73.741908 201.190386 268.059107
-72.782551 199.834165 266.945420
-71.823195 198.477944 265.831733
-70.863839 197.121722 264.718046
-69.904482 195.765501 263.604358
-68.945126 194.409280 262.490671
-67.985770 193.053059 261.376984
-67.026413 191.696837 260.263297
-66.067057 190.340616 259.149610
-65.107701 188.984395 258.035922
-64.148344 187.628173 256.922235
-63.188988 186.271952 255.808548
-62.229631 184.915731 254.694861
-61.270275 183.559510 253.581173
-60.310919 182.203288 252.467486
-59.351562 180.847067 251.353799
-58.392206 179.490846 250.240112
-57.432850 178.134625 249.126425
-56.473493 176.778403 248.012737
-55.514137 175.422182 246.899050
-54.554781 174.065961 245.785363
-53.595424 172.709739 244.671676
-52.636068 171.353518 243.557988
-51.676711 169.997297 242.444301
-50.717355 168.641076 241.330614
-49.757999 167.284854 240.216927
-48.798642 165.928633 239.103240
-47.839286 164.572412 237.989552
-46.879930 163.216191 236.875865
-45.920573 161.859969 235.762178
97.104855 23.379637 176.240713
97.514692 21.547092 176.929054
97.924528 19.714547 177.617395
98.334364 17.882002 178.305735
98.744201 16.049457 178.994076
99.154037 14.216912 179.682417
99.563873 12.384367 180.370758
99.973709 10.551822 181.059099
100.383546 8.719277 181.747440
100.793382 6.886732 182.435781
101.203218 5.054188 183.124122
101.613055 3.221643 183.812463
102.022891 1.389098 184.500804
102.432727 -0.443447 185.189145
102.842564 -2.275992 185.877486
103.252400 -4.108537 186.565826
103.662236 -5.941082 187.254167
104.072073 -7.773627 187.942508
104.481909 -9.606172 188.630849
104.891745 -11.438717 189.319190
105.301581 -13.271262 190.007531
105.711418 -15.103807 190.695872
106.121254 -16.936352 191.384213
106.531090 -18.768897 192.072554
106.940927 -20.601442 192.760895
107.350763 -22.433987 193.449236
107.760599 -24.266532 194.137576
108.170436 -26.099077 194.825917
108.580272 -27.931622 195.514258
108.990108 -29.764167 196.202599
109.399944 -31.596712 196.890940
109.809781 -33.429256 197.579281
110.219617 -35.261801 198.267622
110.629453 -37.094346 198.955963
111.039290 -38.926891 199.644304
111.449126 -40.759436 200.332645
111.858962 -42.591981 201.020986
112.268799 -44.424526 201.709326
112.678635 -46.257071 202.397667
113.088471 -48.089616 203.086008
113.498307 -49.922161 203.774349
113.908144 -51.754706 204.462690
114.317980 -53.587251 205.151031
114.727816 -55.419796 205.839372
115.137653 -57.252341 206.527713
115.547489 -59.084886 207.216054
115.957325 -60.917431 207.904395
116.367162 -62.749976 208.592736
116.776998 -64.582521 209.281076
117.186834 -66.415066 209.969417
117.596671 -68.247611 210.657758
118.006507 -70.080155 211.346099
118.416343 -71.912700 212.034440
118.826179 -73.745245 212.722781
119.236016 -75.577790 213.411122
119.645852 -77.410335 214.099463
120.055688 -79.242880 214.787804
120.465525 -81.075425 215.476145
120.875361 -82.907970 216.164486
121.285197 -84.740515 216.852826
121.695034 -86.573060 217.541167
122.104870 -88.405605 218.229508
122.514706 -90.238150 218.917849
122.924542 -92.070695 219.606190
123.334379 -93.903240 220.294531
123.744215 -95.735785 220.982872
124.154051 -97.568330 221.671213
124.563888 -99.400875 222.359554
124.973724 -101.233420 223.047895
125.383560 -103.065965 223.736236
344.193853 168.074271 9.116772
343.564189 169.959403 9.339936
342.934526 171.844535 9.563101
342.304863 173.729667 9.786265
341.675200 175.614799 10.009430
341.045537 177.499930 10.232594
340.415874 179.385062 10.455759
339.786211 181.270194 10.678923
339.156548 183.155326 10.902088
338.526884 185.040458 11.125252
337.897221 186.925589 11.348417
337.267558 188.810721 11.571582
336.637895 190.695853 11.794746
336.008232 192.580985 12.017911
335.378569 194.466117 12.241075
334.748906 196.351248 12.464240
334.119242 198.236380 12.687404
333.489579 200.121512 12.910569
332.859916 202.006644 13.133733
332.230253 203.891776 13.356898
331.600590 205.776907 13.580063
330.970927 207.662039 13.803227
330.341264 209.547171 14.026392
329.711601 211.432303 14.249556
329.081937 213.317435 14.472721
328.452274 215.202566 14.695885
327.822611 217.087698 14.919050
327.192948 218.972830 15.142214
326.563285 220.857962 15.365379
325.933622 222.743094 15.588544
325.303959 224.628226 15.811708
324.674295 226.513357 16.034873
324.044632 228.398489 16.258037
323.414969 230.283621 16.481202
322.785306 232.168753 16.704366
322.155643 234.053885 16.927531
321.525980 235.939016 17.150695
320.896317 237.824148 17.373860
320.266653 239.709280 17.597025
319.636990 241.594412 17.820189
319.007327 243.479544 18.043354
318.377664 245.364675 18.266518
317.748001 247.249807 18.489683
317.118338 249.134939 18.712847
316.488675 251.020071 18.936012
315.859012 252.905203 19.159176
315.229348 254.790334 19.382341
314.599685 256.675466 19.605506
313.970022 258.560598 19.828670
313.340359 260.445730 20.051835
312.710696 262.330862 20.274999
312.081033 264.215993 20.498164
311.451370 266.101125 20.721328
310.821706 267.986257 20.944493
310.192043 269.871389 21.167657
309.562380 271.756521 21.390822
308.932717 273.641652 21.613986
308.303054 275.526784 21.837151
307.673391 277.411916 22.060316
307.043728 279.297048 22.283480
306.414064 281.182180 22.506645
305.784401 283.067311 22.729809
305.154738 284.952443 22.952974
304.525075 286.837575 23.176138
303.895412 288.722707 23.399303
303.265749 290.607839 23.622467
302.636086 292.492970 23.845632
302.006423 294.378102 24.068797
301.376759 296.263234 24.291961
300.747096 298.148366 24.515126
315.582242 228.583450 -19.937497
316.288832 229.817729 -21.343656
316.995421 231.052009 -22.749816
317.702011 232.286289 -24.155975
318.408600 233.520568 -25.562135
319.115190 234.754848 -26.968295
319.821779 235.989128 -28.374454
320.528369 237.223407 -29.780614
321.234959 238.457687 -31.186773
321.941548 239.691967 -32.592933
322.648138 240.926247 -33.999093
323.354727 242.160526 -35.405252
324.061317 243.394806 -36.811412
324.767906 244.629086 -38.217571
325.474496 245.863365 -39.623731
326.181086 247.097645 -41.029891
326.887675 248.331925 -42.436050
327.594265 249.566204 -43.842210
328.300854 250.800484 -45.248369
329.007444 252.034764 -46.654529
329.714033 253.269044 -48.060689
330.420623 254.503323 -49.466848
331.127213 255.737603 -50.873008
331.833802 256.971883 -52.279167
332.540392 258.206162 -53.685327
333.246981 259.440442 -55.091486
333.953571 260.674722 -56.497646
334.660160 261.909002 -57.903806
335.366750 263.143281 -59.309965
336.073339 264.377561 -60.716125
336.779929 265.611841 -62.122284
337.486519 266.846120 -63.528444
338.193108 268.080400 -64.934604
338.899698 269.314680 -66.340763
339.606287 270.548959 -67.746923
340.312877 271.783239 -69.153082
341.019466 273.017519 -70.559242
341.726056 274.251799 -71.965402
342.432646 275.486078 -73.371561
343.139235 276.720358 -74.777721
343.845825 277.954638 -76.183880
344.552414 279.188917 -77.590040
345.259004 280.423197 -78.996200
345.965593 281.657477 -80.402359
346.672183 282.891756 -81.808519
347.378773 284.126036 -83.214678
348.085362 285.360316 -84.620838
348.791952 286.594596 -86.026998
349.498541 287.828875 -87.433157
350.205131 289.063155 -88.839317
350.911720 290.297435 -90.245476
351.618310 291.531714 -91.651636
352.324899 292.765994 -93.057796
353.031489 294.000274 -94.463955
353.738079 295.234553 -95.870115
354.444668 296.468833 -97.276274
355.151258 297.703113 -98.682434
355.857847 298.937393 -100.088593
356.564437 300.171672 -101.494753
357.271026 301.405952 -102.900913
357.977616 302.640232 -104.307072
358.684206 303.874511 -105.713232
359.390795 305.108791 -107.119391
360.097385 306.343071 -108.525551
360.803974 307.577350 -109.931711
361.510564 308.811630 -111.337870
362.217153 310.045910 -112.744030
362.923743 311.280190 -114.150189
363.630333 312.514469 -115.556349
364.336922 313.748749 -116.962509
-177.676346 253.152708 -37.775367
-175.920243 252.223064 -37.547637
-174.164139 251.293419 -37.319907
-172.408036 250.363774 -37.092176
-170.651932 249.434129 -36.864446
-168.895829 248.504485 -36.636716
-167.139725 247.574840 -36.408985
-165.383622 246.645195 -36.181255
-163.627518 245.715551 -35.953524
-161.871415 244.785906 -35.725794
-160.115311 243.856261 -35.498064
-158.359208 242.926617 -35.270333
-156.603104 241.996972 -35.042603
-154.847001 241.067327 -34.814873
-153.090897 240.137682 -34.587142
-151.334793 239.208038 -34.359412
-149.578690 238.278393 -34.131681
-147.822586 237.348748 -33.903951
-146.066483 236.419104 -33.676221
-144.310379 235.489459 -33.448490
-142.554276 234.559814 -33.220760
-140.798172 233.630169 -32.993030
-139.042069 232.700525 -32.765299
-137.285965 231.770880 -32.537569
-135.529862 230.841235 -32.309838
-133.773758 229.911591 -32.082108
-132.017655 228.981946 -31.854378
-130.261551 228.052301 -31.626647
-128.505448 227.122656 -31.398917
-126.749344 226.193012 -31.171187
-124.993241 225.263367 -30.943456
-123.237137 224.333722 -30.715726
-121.481034 223.404078 -30.487995
-119.724930 222.474433 -30.260265
-117.968827 221.544788 -30.032535
-116.212723 220.615143 -29.804804
-114.456619 219.685499 -29.577074
-112.700516 218.755854 -29.349343
-110.944412 217.826209 -29.121613
-109.188309 216.896565 -28.893883
-107.432205 215.966920 -28.666152
-105.676102 215.037275 -28.438422
-103.919998 214.107631 -28.210692
-102.163895 213.177986 -27.982961
-100.407791 212.248341 -27.755231
-98.651688 211.318696 -27.527500
-96.895584 210.389052 -27.299770
-95.139481 209.459407 -27.072040
-93.383377 208.529762 -26.844309
-91.627274 207.600118 -26.616579
-89.871170 206.670473 -26.388849
-88.115067 205.740828 -26.161118
-86.358963 204.811183 -25.933388
-84.602860 203.881539 -25.705657
-82.846756 202.951894 -25.477927
-81.090653 202.022249 -25.250197
-79.334549 201.092605 -25.022466
-77.578445 200.162960 -24.794736
-75.822342 199.233315 -24.567006
-74.066238 198.303670 -24.339275
-72.310135 197.374026 -24.111545
-70.554031 196.444381 -23.883814
-68.797928 195.514736 -23.656084
-67.041824 194.585092 -23.428354
-65.285721 193.655447 -23.200623
-63.529617 192.725802 -22.972893
-61.773514 191.796157 -22.745163
-60.017410 190.866513 -22.517432
-58.261307 189.936868 -22.289702
-56.505203 189.007223 -22.061971
112.447858 193.893266 -138.166328
112.248082 195.881885 -138.092291
112.048307 197.870505 -138.018254
111.848532 199.859125 -137.944217
111.648757 201.847745 -137.870180
111.448981 203.836364 -137.796143
111.249206 205.824984 -137.722106
111.049431 207.813604 -137.648069
110.849656 209.802224 -137.574032
110.649881 211.790843 -137.499995
110.450105 213.779463 -137.425958
110.250330 215.768083 -137.351921
110.050555 217.756702 -137.277884
109.850780 219.745322 -137.203848
109.651005 221.733942 -137.129811
109.451229 223.722562 -137.055774
109.251454 225.711181 -136.981737
109.051679 227.699801 -136.907700
108.851904 229.688421 -136.833663
108.652128 231.677040 -136.759626
108.452353 233.665660 -136.685589
108.252578 235.654280 -136.611552
108.052803 237.642900 -136.537515
107.853028 239.631519 -136.463478
107.653252 241.620139 -136.389441
107.453477 243.608759 -136.315404
107.253702 245.597378 -136.241368
107.053927 247.585998 -136.167331
106.854152 249.574618 -136.093294
106.654376 251.563238 -136.019257
106.454601 253.551857 -135.945220
106.254826 255.540477 -135.871183
106.055051 257.529097 -135.797146
105.855275 259.517717 -135.723109
105.655500 261.506336 -135.649072
105.455725 263.494956 -135.575035
105.255950 265.483576 -135.500998
105.056175 267.472195 -135.426961
104.856399 269.460815 -135.352924
104.656624 271.449435 -135.278888
104.456849 273.438055 -135.204851
104.257074 275.426674 -135.130814
104.057298 277.415294 -135.056777
103.857523 279.403914 -134.982740
103.657748 281.392533 -134.908703
103.457973 283.381153 -134.834666
103.258198 285.369773 -134.760629
103.058422 287.358393 -134.686592
102.858647 289.347012 -134.612555
102.658872 291.335632 -134.538518
102.459097 293.324252 -134.464481
102.259322 295.312872 -134.390444
102.059546 297.301491 -134.316408
101.859771 299.290111 -134.242371
101.659996 301.278731 -134.168334
101.460221 303.267350 -134.094297
101.260445 305.255970 -134.020260
101.060670 307.244590 -133.946223
100.860895 309.233210 -133.872186
100.661120 311.221829 -133.798149
100.461345 313.210449 -133.724112
100.261569 315.199069 -133.650075
100.061794 317.187688 -133.576038
99.862019 319.176308 -133.502001
99.662244 321.164928 -133.427964
99.462469 323.153548 -133.353927
99.262693 325.142167 -133.279891
99.062918 327.130787 -133.205854
98.863143 329.119407 -133.131817
98.663368 331.108027 -133.057780
85.250860 -340.619743 -233.606423
84.679120 -338.703972 -233.660602
84.107381 -336.788201 -233.714782
83.535641 -334.872430 -233.768961
82.963902 -332.956659 -233.823141
82.392162 -331.040888 -233.877321
81.820423 -329.125117 -233.931500
81.248683 -327.209346 -233.985680
80.676944 -325.293575 -234.039859
80.105205 -323.377804 -234.094039
79.533465 -321.462032 -234.148218
78.961726 -319.546261 -234.202398
78.389986 -317.630490 -234.256578
77.818247 -315.714719 -234.310757
77.246507 -313.798948 -234.364937
76.674768 -311.883177 -234.419116
76.103028 -309.967406 -234.473296
75.531289 -308.051635 -234.527475
74.959549 -306.135864 -234.581655
74.387810 -304.220093 -234.635835
73.816070 -302.304322 -234.690014
73.244331 -300.388551 -234.744194
72.672591 -298.472780 -234.798373
72.100852 -296.557009 -234.852553
71.529113 -294.641238 -234.906732
70.957373 -292.725467 -234.960912
70.385634 -290.809696 -235.015091
69.813894 -288.893925 -235.069271
69.242155 -286.978154 -235.123451
68.670415 -285.062383 -235.177630
68.098676 -283.146612 -235.231810
67.526936 -281.230841 -235.285989
66.955197 -279.315070 -235.340169
66.383457 -277.399299 -235.394348
65.811718 -275.483528 -235.448528
65.239978 -273.567757 -235.502708
64.668239 -271.651986 -235.556887
64.096499 -269.736215 -235.611067
63.524760 -267.820444 -235.665246
62.953020 -265.904673 -235.719426
62.381281 -263.988902 -235.773605
61.809542 -262.073131 -235.827785
61.237802 -260.157360 -235.881965
60.666063 -258.241589 -235.936144
60.094323 -256.325818 -235.990324
59.522584 -254.410047 -236.044503
58.950844 -252.494276 -236.098683
58.379105 -250.578505 -236.152862
57.807365 -248.662734 -236.207042
57.235626 -246.746963 -236.261221
56.663886 -244.831192 -236.315401
56.092147 -242.915421 -236.369581
55.520407 -240.999650 -236.423760
54.948668 -239.083879 -236.477940
54.376928 -237.168108 -236.532119
53.805189 -235.252337 -236.586299
53.233450 -233.336566 -236.640478
52.661710 -231.420795 -236.694658
52.089971 -229.505024 -236.748838
51.518231 -227.589253 -236.803017
50.946492 -225.673482 -236.857197
50.374752 -223.757711 -236.911376
49.803013 -221.841940 -236.965556
49.231273 -219.926169 -237.019735
48.659534 -218.010398 -237.073915
48.087794 -216.094627 -237.128095
47.516055 -214.178856 -237.182274
46.944315 -212.263085 -237.236454
46.372576 -210.347314 -237.290633
45.800836 -208.431543 -237.344813
-199.530105 -333.059650 2.487772
-197.951950 -333.050667 3.716327
-196.373795 -333.041685 4.944881
-194.795640 -333.032702 6.173436
-193.217485 -333.023720 7.401990
-191.639330 -333.014737 8.630545
-190.061175 -333.005755 9.859099
-188.483020 -332.996772 11.087654
-186.904865 -332.987789 12.316208
-185.326710 -332.978807 13.544763
-183.748555 -332.969824 14.773317
-182.170400 -332.960842 16.001872
-180.592245 -332.951859 17.230426
-179.014090 -332.942877 18.458981
-177.435935 -332.933894 19.687535
-175.857780 -332.924912 20.916090
-174.279625 -332.915929 22.144644
-172.701470 -332.906947 23.373199
-171.123315 -332.897964 24.601753
-169.545160 -332.888982 25.830308
-167.967005 -332.879999 27.058862
-166.388850 -332.871017 28.287417
-164.810695 -332.862034 29.515971
-163.232540 -332.853051 30.744526
-161.654385 -332.844069 31.973080
-160.076230 -332.835086 33.201635
-158.498075 -332.826104 34.430189
-156.919920 -332.817121 35.658744
-155.341765 -332.808139 36.887298
-153.763610 -332.799156 38.115853
-152.185455 -332.790174 39.344407
-150.607300 -332.781191 40.572961
-149.029145 -332.772209 41.801516
-147.450990 -332.763226 43.030070
-145.872835 -332.754244 44.258625
-144.294680 -332.745261 45.487179
-142.716525 -332.736278 46.715734
-141.138370 -332.727296 47.944288
-139.560215 -332.718313 49.172843
-137.982060 -332.709331 50.401397
-136.403905 -332.700348 51.629952
-134.825750 -332.691366 52.858506
-133.247595 -332.682383 54.087061
-131.669440 -332.673401 55.315615
-130.091285 -332.664418 56.544170
-128.513130 -332.655436 57.772724
-126.934975 -332.646453 59.001279
-125.356820 -332.637471 60.229833
-123.778665 -332.628488 61.458388
-122.200510 -332.619505 62.686942
-120.622356 -332.610523 63.915497
-119.044201 -332.601540 65.144051
-117.466046 -332.592558 66.372606
-115.887891 -332.583575 67.601160
-114.309736 -332.574593 68.829715
-112.731581 -332.565610 70.058269
-111.153426 -332.556628 71.286824
-109.575271 -332.547645 72.515378
-107.997116 -332.538663 73.743933
-106.418961 -332.529680 74.972487
-104.840806 -332.520698 76.201042
-103.262651 -332.511715 77.429596
-101.684496 -332.502733 78.658151
-100.106341 -332.493750 79.886705
-98.528186 -332.484767 81.115259
-96.950031 -332.475785 82.343814
-95.371876 -332.466802 83.572368
-93.793721 -332.457820 84.800923
-92.215566 -332.448837 86.029477
-90.637411 -332.439855 87.258032
33.601187 -348.928917 -159.535476
35.173575 -348.423282 -158.407678
36.745963 -347.917647 -157.279880
38.318351 -347.412012 -156.152081
39.890739 -346.906377 -155.024283
41.463127 -346.400742 -153.896485
43.035515 -345.895107 -152.768686
44.607903 -345.389472 -151.640888
46.180291 -344.883837 -150.513090
47.752679 -344.378202 -149.385291
49.325067 -343.872567 -148.257493
50.897455 -343.366932 -147.129695
52.469843 -342.861297 -146.001896
54.042231 -342.355662 -144.874098
55.614619 -341.850027 -143.746299
57.187007 -341.344391 -142.618501
58.759395 -340.838756 -141.490703
60.331783 -340.333121 -140.362904
61.904171 -339.827486 -139.235106
63.476559 -339.321851 -138.107308
65.048947 -338.816216 -136.979509
66.621335 -338.310581 -135.851711
68.193723 -337.804946 -134.723913
69.766111 -337.299311 -133.596114
71.338499 -336.793676 -132.468316
72.910887 -336.288041 -131.340517
74.483275 -335.782406 -130.212719
76.055663 -335.276771 -129.084921
77.628051 -334.771136 -127.957122
79.200439 -334.265500 -126.829324
80.772827 -333.759865 -125.701526
82.345215 -333.254230 -124.573727
83.917603 -332.748595 -123.445929
85.489991 -332.242960 -122.318131
87.062379 -331.737325 -121.190332
88.634767 -331.231690 -120.062534
90.207155 -330.726055 -118.934735
91.779543 -330.220420 -117.806937
93.351931 -329.714785 -116.679139
94.924319 -329.209150 -115.551340
96.496707 -328.703515 -114.423542
98.069095 -328.197880 -113.295744
99.641483 -327.692245 -112.167945
101.213871 -327.186609 -111.040147
102.786259 -326.680974 -109.912349
104.358647 -326.175339 -108.784550
105.931035 -325.669704 -107.656752
107.503423 -325.164069 -106.528953
109.075811 -324.658434 -105.401155
110.648199 -324.152799 -104.273357
112.220587 -323.647164 -103.145558
113.792975 -323.141529 -102.017760
115.365363 -322.635894 -100.889962
116.937751 -322.130259 -99.762163
118.510139 -321.624624 -98.634365
120.082527 -321.118989 -97.506567
121.654915 -320.613354 -96.378768
123.227303 -320.107718 -95.250970
124.799691 -319.602083 -94.123171
126.372079 -319.096448 -92.995373
127.944467 -318.590813 -91.867575
129.516855 -318.085178 -90.739776
131.089243 -317.579543 -89.611978
132.661631 -317.073908 -88.484180
134.234019 -316.568273 -87.356381
135.806407 -316.062638 -86.228583
137.378795 -315.557003 -85.100785
138.951183 -315.051368 -83.972986
140.523571 -314.545733 -82.845188
142.095959 -314.040098 -81.717389
26.138653 -54.918900 -196.226623
25.446930 -53.837722 -194.692813
24.755208 -52.756543 -193.159003
24.063485 -51.675365 -191.625193
23.371762 -50.594186 -190.091383
22.680039 -49.513008 -188.557573
21.988317 -48.431829 -187.023763
21.296594 -47.350651 -185.489953
20.604871 -46.269473 -183.956144
19.913149 -45.188294 -182.422334
19.221426 -44.107116 -180.888524
18.529703 -43.025937 -179.354714
17.837981 -41.944759 -177.820904
17.146258 -40.863580 -176.287094
16.454535 -39.782402 -174.753284
15.762812 -38.701223 -173.219474
15.071090 -37.620045 -171.685664
14.379367 -36.538866 -170.151854
13.687644 -35.457688 -168.618044
12.995922 -34.376509 -167.084235
12.304199 -33.295331 -165.550425
11.612476 -32.214153 -164.016615
10.920753 -31.132974 -162.482805
10.229031 -30.051796 -160.948995
9.537308 -28.970617 -159.415185
8.845585 -27.889439 -157.881375
8.153863 -26.808260 -156.347565
7.462140 -25.727082 -154.813755
6.770417 -24.645903 -153.279945
6.078694 -23.564725 -151.746135
5.386972 -22.483546 -150.212326
4.695249 -21.402368 -148.678516
4.003526 -20.321190 -147.144706
3.311804 -19.240011 -145.610896
2.620081 -18.158833 -144.077086
1.928358 -17.077654 -142.543276
1.236636 -15.996476 -141.009466
0.544913 -14.915297 -139.475656
-0.146810 -13.834119 -137.941846
-0.838533 -12.752940 -136.408036
-1.530255 -11.671762 -134.874226
-2.221978 -10.590583 -133.340417
-2.913701 -9.509405 -131.806607
-3.605423 -8.428226 -130.272797
-4.297146 -7.347048 -128.738987
-4.988869 -6.265870 -127.205177
-5.680592 -5.184691 -125.671367
-6.372314 -4.103513 -124.137557
-7.064037 -3.022334 -122.603747
-7.755760 -1.941156 -121.069937
-8.447482 -0.859977 -119.536127
-9.139205 0.221201 -118.002317
-9.830928 1.302380 -116.468508
-10.522651 2.383558 -114.934698
-11.214373 3.464737 -113.400888
-11.906096 4.545915 -111.867078
-12.597819 5.627094 -110.333268
-13.289541 6.708272 -108.799458
-13.981264 7.789450 -107.265648
-14.672987 8.870629 -105.731838
-15.364709 9.951807 -104.198028
-16.056432 11.032986 -102.664218
-16.748155 12.114164 -101.130408
-17.439878 13.195343 -99.596599
-18.131600 14.276521 -98.062789
-18.823323 15.357700 -96.528979
-19.515046 16.438878 -94.995169
-20.206768 17.520057 -93.461359
-20.898491 18.601235 -91.927549
-21.590214 19.682413 -90.393739
-306.100984 225.443265 102.441796
-306.553263 223.953787 103.697543
-307.005541 222.464310 104.953291
-307.457819 220.974833 106.209038
-307.910098 219.485355 107.464785
-308.362376 217.995878 108.720533
-308.814655 216.506401 109.976280
-309.266933 215.016923 111.232028
-309.719211 213.527446 112.487775
-310.171490 212.037969 113.743522
-310.623768 210.548491 114.999270
-311.076046 209.059014 116.255017
-311.528325 207.569536 117.510764
-311.980603 206.080059 118.766512
-312.432882 204.590582 120.022259
-312.885160 203.101104 121.278006
-313.337438 201.611627 122.533754
-313.789717 200.122150 123.789501
-314.241995 198.632672 125.045249
-314.694274 197.143195 126.300996
-315.146552 195.653718 127.556743
-315.598830 194.164240 128.812491
-316.051109 192.674763 130.068238
-316.503387 191.185285 131.323985
-316.955665 189.695808 132.579733
-317.407944 188.206331 133.835480
-317.860222 186.716853 135.091228
-318.312501 185.227376 136.346975
-318.764779 183.737899 137.602722
-319.217057 182.248421 138.858470
-319.669336 180.758944 140.114217
-320.121614 179.269467 141.369964
-320.573892 177.779989 142.625712
-321.026171 176.290512 143.881459
-321.478449 174.801035 145.137207
-321.930728 173.311557 146.392954
-322.383006 171.822080 147.648701
-322.835284 170.332602 148.904449
-323.287563 168.843125 150.160196
-323.739841 167.353648 151.415943
-324.192120 165.864170 152.671691
-324.644398 164.374693 153.927438
-325.096676 162.885216 155.183185
-325.548955 161.395738 156.438933
-326.001233 159.906261 157.694680
-326.453511 158.416784 158.950428
-326.905790 156.927306 160.206175
-327.358068 155.437829 161.461922
-327.810347 153.948351 162.717670
-328.262625 152.458874 163.973417
-328.714903 150.969397 165.229164
-329.167182 149.479919 166.484912
-329.619460 147.990442 167.740659
-330.071738 146.500965 168.996407
-330.524017 145.011487 170.252154
-330.976295 143.522010 171.507901
-331.428574 142.032533 172.763649
-331.880852 140.543055 174.019396
-332.333130 139.053578 175.275143
-332.785409 137.564100 176.530891
-333.237687 136.074623 177.786638
-333.689966 134.585146 179.042385
-334.142244 133.095668 180.298133
-334.594522 131.606191 181.553880
-335.046801 130.116714 182.809628
-335.499079 128.627236 184.065375
-335.951357 127.137759 185.321122
-336.403636 125.648282 186.576870
-336.855914 124.158804 187.832617
-337.308193 122.669327 189.088364
-293.171568 373.753849 139.734940
-291.803417 373.709207 138.276801
-290.435266 373.664566 136.818662
-289.067115 373.619924 135.360523
-287.698964 373.575282 133.902383
-286.330813 373.530641 132.444244
-284.962662 373.485999 130.986105
-283.594511 373.441357 129.527966
-282.226360 373.396715 128.069826
-280.858209 373.352074 126.611687
-279.490058 373.307432 125.153548
-278.121907 373.262790 123.695409
-276.753756 373.218148 122.237270
-275.385605 373.173507 120.779130
-274.017455 373.128865 119.320991
-272.649304 373.084223 117.862852
-271.281153 373.039582 116.404713
-269.913002 372.994940 114.946573
-268.544851 372.950298 113.488434
-267.176700 372.905656 112.030295
-265.808549 372.861015 110.572156
-264.440398 372.816373 109.114016
-263.072247 372.771731 107.655877
-261.704096 372.727089 106.197738
-260.335945 372.682448 104.739599
-258.967794 372.637806 103.281459
-257.599643 372.593164 101.823320
-256.231492 372.548523 100.365181
-254.863341 372.503881 98.907042
-253.495190 372.459239 97.448902
-252.127039 372.414597 95.990763
-250.758888 372.369956 94.532624
-249.390737 372.325314 93.074485
-248.022586 372.280672 91.616346
-246.654435 372.236030 90.158206
-245.286284 372.191389 88.700067
-243.918133 372.146747 87.241928
-242.549982 372.102105 85.783789
-241.181831 372.057463 84.325649
-239.813680 372.012822 82.867510
-238.445529 371.968180 81.409371
-237.077378 371.923538 79.951232
-235.709227 371.878897 78.493092
-234.341076 371.834255 77.034953
-232.972925 371.789613 75.576814
-231.604774 371.744971 74.118675
-230.236623 371.700330 72.660535
-228.868472 371.655688 71.202396
-227.500321 371.611046 69.744257
-226.132170 371.566404 68.286118
-224.764020 371.521763 66.827979
-223.395869 371.477121 65.369839
-222.027718 371.432479 63.911700
-220.659567 371.387838 62.453561
-219.291416 371.343196 60.995422
-217.923265 371.298554 59.537282
-216.555114 371.253912 58.079143
-215.186963 371.209271 56.621004
-213.818812 371.164629 55.162865
-212.450661 371.119987 53.704725
-211.082510 371.075345 52.246586
-209.714359 371.030704 50.788447
-208.346208 370.986062 49.330308
-206.978057 370.941420 47.872168
-205.609906 370.896779 46.414029
-204.241755 370.852137 44.955890
-202.873604 370.807495 43.497751
-201.505453 370.762853 42.039612
-200.137302 370.718212 40.581472
-198.769151 370.673570 39.123333
-378.917979 -54.344865 79.327460
-378.225511 -52.657004 78.507939
-377.533042 -50.969144 77.688418
-376.840573 -49.281284 76.868897
-376.148104 -47.593424 76.049376
-375.455635 -45.905563 75.229855
-374.763166 -44.217703 74.410334
-374.070697 -42.529843 73.590813
-373.378229 -40.841983 72.771292
-372.685760 -39.154122 71.951771
-371.993291 -37.466262 71.132250
-371.300822 -35.778402 70.312729
-370.608353 -34.090541 69.493208
-369.915884 -32.402681 68.673687
-369.223416 -30.714821 67.854166
-368.530947 -29.026961 67.034645
-367.838478 -27.339100 66.215124
-367.146009 -25.651240 65.395604
-366.453540 -23.963380 64.576083
-365.761071 -22.275520 63.756562
-365.068602 -20.587659 62.937041
-364.376134 -18.899799 62.117520
-363.683665 -17.211939 61.297999
-362.991196 -15.524079 60.478478
-362.298727 -13.836218 59.658957
-361.606258 -12.148358 58.839436
-360.913789 -10.460498 58.019915
-360.221320 -8.772637 57.200394
-359.528852 -7.084777 56.380873
-358.836383 -5.396917 55.561352
-358.143914 -3.709057 54.741831
-357.451445 -2.021196 53.922310
-356.758976 -0.333336 53.102789
-356.066507 1.354524 52.283268
-355.374038 3.042384 51.463747
-354.681570 4.730245 50.644226
-353.989101 6.418105 49.824705
-353.296632 8.105965 49.005184
-352.604163 9.793826 48.185663
-351.911694 11.481686 47.366142
-351.219225 13.169546 46.546621
-350.526757 14.857406 45.727101
-349.834288 16.545267 44.907580
-349.141819 18.233127 44.088059
-348.449350 19.920987 43.268538
-347.756881 21.608847 42.449017
-347.064412 23.296708 41.629496
-346.371943 24.984568 40.809975
-345.679475 26.672428 39.990454
-344.987006 28.360289 39.170933
-344.294537 30.048149 38.351412
-343.602068 31.736009 37.531891
-342.909599 33.423869 36.712370
-342.217130 35.111730 35.892849
-341.524661 36.799590 35.073328
-340.832193 38.487450 34.253807
-340.139724 40.175310 33.434286
-339.447255 41.863171 32.614765
-338.754786 43.551031 31.795244
-338.062317 45.238891 30.975723
-337.369848 46.926751 30.156202
-336.677380 48.614612 29.336681
-335.984911 50.302472 28.517160
-335.292442 51.990332 27.697639
-334.599973 53.678193 26.878119
-333.907504 55.366053 26.058598
-333.215035 57.053913 25.239077
-332.522566 58.741773 24.419556
-331.830098 60.429634 23.600035
-331.137629 62.117494 22.780514
-138.722582 -13.940093 222.505184
-140.614087 -14.494839 222.166857
-142.505592 -15.049585 221.828530
-144.397097 -15.604332 221.490203
-146.288602 -16.159078 221.151876
-148.180108 -16.713824 220.813549
-150.071613 -17.268570 220.475222
-151.963118 -17.823316 220.136895
-153.854623 -18.378063 219.798568
-155.746128 -18.932809 219.460241
-157.637633 -19.487555 219.121914
-159.529138 -20.042301 218.783587
-161.420643 -20.597047 218.445260
-163.312148 -21.151794 218.106933
-165.203653 -21.706540 217.768606
-167.095158 -22.261286 217.430279
-168.986664 -22.816032 217.091952
-170.878169 -23.370778 216.753625
-172.769674 -23.925525 216.415298
-174.661179 -24.480271 216.076971
-176.552684 -25.035017 215.738644
-178.444189 -25.589763 215.400317
-180.335694 -26.144509 215.061991
-182.227199 -26.699256 214.723664
-184.118704 -27.254002 214.385337
-186.010209 -27.808748 214.047010
-187.901714 -28.363494 213.708683
-189.793220 -28.918240 213.370356
-191.684725 -29.472987 213.032029
-193.576230 -30.027733 212.693702
-195.467735 -30.582479 212.355375
-197.359240 -31.137225 212.017048
-199.250745 -31.691971 211.678721
-201.142250 -32.246718 211.340394
-203.033755 -32.801464 211.002067
-204.925260 -33.356210 210.663740
-206.816765 -33.910956 210.325413
-208.708270 -34.465703 209.987086
-210.599776 -35.020449 209.648759
-212.491281 -35.575195 209.310432
-214.382786 -36.129941 208.972105
-216.274291 -36.684687 208.633778
-218.165796 -37.239434 208.295451
-220.057301 -37.794180 207.957124
-221.948806 -38.348926 207.618797
-223.840311 -38.903672 207.280470
-225.731816 -39.458418 206.942143
-227.623321 -40.013165 206.603816
-229.514826 -40.567911 206.265489
-231.406332 -41.122657 205.927163
-233.297837 -41.677403 205.588836
-235.189342 -42.232149 205.250509
-237.080847 -42.786896 204.912182
-238.972352 -43.341642 204.573855
-240.863857 -43.896388 204.235528
-242.755362 -44.451134 203.897201
-244.646867 -45.005880 203.558874
-246.538372 -45.560627 203.220547
-248.429877 -46.115373 202.882220
-250.321383 -46.670119 202.543893
-252.212888 -47.224865 202.205566
-254.104393 -47.779611 201.867239
-255.995898 -48.334358 201.528912
-257.887403 -48.889104 201.190585
-259.778908 -49.443850 200.852258
-261.670413 -49.998596 200.513931
-263.561918 -50.553342 200.175604
-265.453423 -51.108089 199.837277
-267.344928 -51.662835 199.498950
-269.236433 -52.217581 199.160623
84.869735 95.934231 217.532569
83.847322 94.547486 218.548252
82.824910 93.160742 219.563935
81.802497 91.773997 220.579618
80.780084 90.387252 221.595301
79.757672 89.000508 222.610984
78.735259 87.613763 223.626666
77.712846 86.227019 224.642349
76.690433 84.840274 225.658032
75.668021 83.453529 226.673715
74.645608 82.066785 227.689398
73.623195 80.680040 228.705081
72.600783 79.293296 229.720764
71.578370 77.906551 230.736447
70.555957 76.519807 231.752130
69.533545 75.133062 232.767812
68.511132 73.746317 233.783495
67.488719 72.359573 234.799178
66.466306 70.972828 235.814861
65.443894 69.586084 236.830544
64.421481 68.199339 237.846227
63.399068 66.812594 238.861910
62.376656 65.425850 239.877593
61.354243 64.039105 240.893275
60.331830 62.652361 241.908958
59.309418 61.265616 242.924641
58.287005 59.878871 243.940324
57.264592 58.492127 244.956007
56.242180 57.105382 245.971690
55.219767 55.718638 246.987373
54.197354 54.331893 248.003056
53.174941 52.945148 249.018739
52.152529 51.558404 250.034421
51.130116 50.171659 251.050104
50.107703 48.784915 252.065787
49.085291 47.398170 253.081470
48.062878 46.011426 254.097153
47.040465 44.624681 255.112836
46.018053 43.237936 256.128519
44.995640 41.851192 257.144202
43.973227 40.464447 258.159884
42.950814 39.077703 259.175567
41.928402 37.690958 260.191250
40.905989 36.304213 261.206933
39.883576 34.917469 262.222616
38.861164 33.530724 263.238299
37.838751 32.143980 264.253982
36.816338 30.757235 265.269665
35.793926 29.370490 266.285348
34.771513 27.983746 267.301030
33.749100 26.597001 268.316713
32.726687 25.210257 269.332396
31.704275 23.823512 270.348079
30.681862 22.436767 271.363762
29.659449 21.050023 272.379445
28.637037 19.663278 273.395128
27.614624 18.276534 274.410811
26.592211 16.889789 275.426493
25.569799 15.503045 276.442176
24.547386 14.116300 277.457859
23.524973 12.729555 278.473542
22.502561 11.342811 279.489225
21.480148 9.956066 280.504908
20.457735 8.569322 281.520591
19.435322 7.182577 282.536274
18.412910 5.795832 283.551957
17.390497 4.409088 284.567639
16.368084 3.022343 285.583322
15.345672 1.635599 286.599005
14.323259 0.248854 287.614688
-399.981786 158.739754 266.477095
-398.527101 158.646521 265.107717
-397.072415 158.553288 263.738338
-395.617730 158.460055 262.368959
-394.163044 158.366822 260.999581
-392.708359 158.273589 259.630202
-391.253673 158.180357 258.260824
-389.798988 158.087124 256.891445
-388.344302 157.993891 255.522066
-386.889617 157.900658 254.152688
-385.434931 157.807425 252.783309
-383.980246 157.714192 251.413930
-382.525560 157.620960 250.044552
-381.070875 157.527727 248.675173
-379.616189 157.434494 247.305795
-378.161504 157.341261 245.936416
-376.706818 157.248028 244.567037
-375.252133 157.154795 243.197659
-373.797448 157.061562 241.828280
-372.342762 156.968330 240.458902
-370.888077 156.875097 239.089523
-369.433391 156.781864 237.720144
-367.978706 156.688631 236.350766
-366.524020 156.595398 234.981387
-365.069335 156.502165 233.612009
-363.614649 156.408933 232.242630
-362.159964 156.315700 230.873251
-360.705278 156.222467 229.503873
-359.250593 156.129234 228.134494
-357.795907 156.036001 226.765115
-356.341222 155.942768 225.395737
-354.886536 155.849535 224.026358
-353.431851 155.756303 222.656980
-351.977165 155.663070 221.287601
-350.522480 155.569837 219.918222
-349.067794 155.476604 218.548844
-347.613109 155.383371 217.179465
-346.158423 155.290138 215.810087
-344.703738 155.196905 214.440708
-343.249052 155.103673 213.071329
-341.794367 155.010440 211.701951
-340.339681 154.917207 210.332572
-338.884996 154.823974 208.963193
-337.430310 154.730741 207.593815
-335.975625 154.637508 206.224436
-334.520940 154.544276 204.855058
-333.066254 154.451043 203.485679
-331.611569 154.357810 202.116300
-330.156883 154.264577 200.746922
-328.702198 154.171344 199.377543
-327.247512 154.078111 198.008165
-325.792827 153.984878 196.638786
-324.338141 153.891646 195.269407
-322.883456 153.798413 193.900029
-321.428770 153.705180 192.530650
-319.974085 153.611947 191.161271
-318.519399 153.518714 189.791893
-317.064714 153.425481 188.422514
-315.610028 153.332249 187.053136
-314.155343 153.239016 185.683757
-312.700657 153.145783 184.314378
-311.245972 153.052550 182.945000
-309.791286 152.959317 181.575621
-308.336601 152.866084 180.206243
-306.881915 152.772851 178.836864
-305.427230 152.679619 177.467485
-303.972544 152.586386 176.098107
-302.517859 152.493153 174.728728
-301.063173 152.399920 173.359350
-299.608488 152.306687 171.989971
-39.675838 181.742732 239.806802
-37.706896 181.901635 240.119882
-35.737955 182.060538 240.432962
-33.769013 182.219440 240.746041
-31.800072 182.378343 241.059121
-29.831130 182.537246 241.372201
-27.862189 182.696149 241.685281
-25.893247 182.855052 241.998361
-23.924305 183.013955 242.311441
-21.955364 183.172857 242.624521
-19.986422 183.331760 242.937601
-18.017481 183.490663 243.250681
-16.048539 183.649566 243.563760
-14.079598 183.808469 243.876840
-12.110656 183.967372 244.189920
-10.141715 184.126274 244.503000
-8.172773 184.285177 244.816080
-6.203831 184.444080 245.129160
-4.234890 184.602983 245.442240
-2.265948 184.761886 245.755320
-0.297007 184.920789 246.068400
1.671935 185.079691 246.381480
3.640876 185.238594 246.694559
5.609818 185.397497 247.007639
7.578759 185.556400 247.320719
9.547701 185.715303 247.633799
11.516643 185.874206 247.946879
13.485584 186.033108 248.259959
15.454526 186.192011 248.573039
17.423467 186.350914 248.886119
19.392409 186.509817 249.199199
21.361350 186.668720 249.512279
23.330292 186.827623 249.825358
25.299234 186.986526 250.138438
27.268175 187.145428 250.451518
29.237117 187.304331 250.764598
31.206058 187.463234 251.077678
33.175000 187.622137 251.390758
35.143941 187.781040 251.703838
37.112883 187.939943 252.016918
39.081824 188.098845 252.329998
41.050766 188.257748 252.643078
43.019708 188.416651 252.956157
44.988649 188.575554 253.269237
46.957591 188.734457 253.582317
48.926532 188.893360 253.895397
50.895474 189.052262 254.208477
52.864415 189.211165 254.521557
54.833357 189.370068 254.834637
56.802298 189.528971 255.147717
58.771240 189.687874 255.460797
60.740182 189.846777 255.773876
62.709123 190.005679 256.086956
64.678065 190.164582 256.400036
66.647006 190.323485 256.713116
68.615948 190.482388 257.026196
70.584889 190.641291 257.339276
72.553831 190.800194 257.652356
74.522773 190.959096 257.965436
76.491714 191.117999 258.278516
78.460656 191.276902 258.591596
80.429597 191.435805 258.904675
82.398539 191.594708 259.217755
84.367480 191.753611 259.530835
86.336422 191.912513 259.843915
88.305363 192.071416 260.156995
90.274305 192.230319 260.470075
92.243247 192.389222 260.783155
94.212188 192.548125 261.096235
96.181130 192.707028 261.409315
-34.911035 342.429454 359.066051
-35.080866 342.187895 357.087970
-35.250698 341.946337 355.109888
-35.420530 341.704778 353.131807
-35.590361 341.463219 351.153725
-35.760193 341.221660 349.175644
-35.930025 340.980101 347.197562
-36.099857 340.738543 345.219481
-36.269688 340.496984 343.241399
-36.439520 340.255425 341.263318
-36.609352 340.013866 339.285236
-36.779183 339.772308 337.307155
-36.949015 339.530749 335.329073
-37.118847 339.289190 333.350991
-37.288679 339.047631 331.372910
-37.458510 338.806072 329.394828
-37.628342 338.564514 327.416747
-37.798174 338.322955 325.438665
-37.968005 338.081396 323.460584
-38.137837 337.839837 321.482502
-38.307669 337.598279 319.504421
-38.477500 337.356720 317.526339
-38.647332 337.115161 315.548258
-38.817164 336.873602 313.570176
-38.986996 336.632043 311.592095
-39.156827 336.390485 309.614013
-39.326659 336.148926 307.635932
-39.496491 335.907367 305.657850
-39.666322 335.665808 303.679769
-39.836154 335.424250 301.701687
-40.005986 335.182691 299.723605
-40.175818 334.941132 297.745524
-40.345649 334.699573 295.767442
-40.515481 334.458014 293.789361
-40.685313 334.216456 291.811279
-40.855144 333.974897 289.833198
-41.024976 333.733338 287.855116
-41.194808 333.491779 285.877035
-41.364640 333.250221 283.898953
-41.534471 333.008662 281.920872
-41.704303 332.767103 279.942790
-41.874135 332.525544 277.964709
-42.043966 332.283985 275.986627
-42.213798 332.042427 274.008546
-42.383630 331.800868 272.030464
-42.553462 331.559309 270.052382
-42.723293 331.317750 268.074301
-42.893125 331.076191 266.096219
-43.062957 330.834633 264.118138
-43.232788 330.593074 262.140056
-43.402620 330.351515 260.161975
-43.572452 330.109956 258.183893
-43.742283 329.868398 256.205812
-43.912115 329.626839 254.227730
-44.081947 329.385280 252.249649
-44.251779 329.143721 250.271567
-44.421610 328.902162 248.293486
-44.591442 328.660604 246.315404
-44.761274 328.419045 244.337323
-44.931105 328.177486 242.359241
-45.100937 327.935927 240.381159
-45.270769 327.694369 238.403078
-45.440601 327.452810 236.424996
-45.610432 327.211251 234.446915
-45.780264 326.969692 232.468833
-45.950096 326.728133 230.490752
-46.119927 326.486575 228.512670
-46.289759 326.245016 226.534589
-46.459591 326.003457 224.556507
-46.629423 325.761898 222.578426
-394.667872 -399.997028 57.462999
-393.864117 -398.183131 57.210496
-393.060362 -396.369235 56.957993
-392.256607 -394.555339 56.705490
-391.452851 -392.741442 56.452987
-390.649096 -390.927546 56.200484
-389.845341 -389.113650 55.947981
-389.041586 -387.299753 55.695478
-388.237831 -385.485857 55.442975
-387.434076 -383.671961 55.190472
-386.630321 -381.858064 54.937969
-385.826566 -380.044168 54.685466
-385.022810 -378.230272 54.432963
-384.219055 -376.416375 54.180460
-383.415300 -374.602479 53.927957
-382.611545 -372.788583 53.675454
-381.807790 -370.974686 53.422951
-381.004035 -369.160790 53.170448
-380.200280 -367.346894 52.917945
-379.396524 -365.532997 52.665443
-378.592769 -363.719101 52.412940
-377.789014 -361.905205 52.160437
-376.985259 -360.091308 51.907934
-376.181504 -358.277412 51.655431
-375.377749 -356.463516 51.402928
-374.573994 -354.649619 51.150425
-373.770239 -352.835723 50.897922
-372.966483 -351.021827 50.645419
-372.162728 -349.207930 50.392916
-371.358973 -347.394034 50.140413
-370.555218 -345.580137 49.887910
-369.751463 -343.766241 49.635407
-368.947708 -341.952345 49.382904
-368.143953 -340.138448 49.130401
-367.340197 -338.324552 48.877898
-366.536442 -336.510656 48.625395
-365.732687 -334.696759 48.372892
-364.928932 -332.882863 48.120389
-364.125177 -331.068967 47.867886
-363.321422 -329.255070 47.615383
-362.517667 -327.441174 47.362880
-361.713912 -325.627278 47.110378
-360.910156 -323.813381 46.857875
-360.106401 -321.999485 46.605372
-359.302646 -320.185589 46.352869
-358.498891 -318.371692 46.100366
-357.695136 -316.557796 45.847863
-356.891381 -314.743900 45.595360
-356.087626 -312.930003 45.342857
-355.283870 -311.116107 45.090354
-354.480115 -309.302211 44.837851
-353.676360 -307.488314 44.585348
-352.872605 -305.674418 44.332845
-352.068850 -303.860522 44.080342
-351.265095 -302.046625 43.827839
-350.461340 -300.232729 43.575336
-349.657585 -298.418833 43.322833
-348.853829 -296.604936 43.070330
-348.050074 -294.791040 42.817827
-347.246319 -292.977144 42.565324
-346.442564 -291.163247 42.312821
-345.638809 -289.349351 42.060318
-344.835054 -287.535454 41.807816
-344.031299 -285.721558 41.555313
-343.227543 -283.907662 41.302810
-342.423788 -282.093765 41.050307
-341.620033 -280.279869 40.797804
-340.816278 -278.465973 40.545301
-340.012523 -276.652076 40.292798
-339.208768 -274.838180 40.040295
50.476218 -146.749934 348.673508
51.939797 -148.002720 348.136420
53.403376 -149.255506 347.599333
54.866955 -150.508293 347.062246
56.330534 -151.761079 346.525159
57.794113 -153.013865 345.988071
59.257693 -154.266652 345.450984
60.721272 -155.519438 344.913897
62.184851 -156.772225 344.376809
63.648430 -158.025011 343.839722
65.112009 -159.277797 343.302635
66.575588 -160.530584 342.765548
68.039167 -161.783370 342.228460
69.502746 -163.036156 341.691373
70.966325 -164.288943 341.154286
72.429904 -165.541729 340.617199
73.893483 -166.794516 340.080111
75.357062 -168.047302 339.543024
76.820641 -169.300088 339.005937
78.284220 -170.552875 338.468849
79.747799 -171.805661 337.931762
81.211378 -173.058447 337.394675
82.674957 -174.311234 336.857588
84.138536 -175.564020 336.320500
85.602115 -176.816806 335.783413
87.065694 -178.069593 335.246326
88.529273 -179.322379 334.709238
89.992852 -180.575166 334.172151
91.456431 -181.827952 333.635064
92.920010 -183.080738 333.097977
94.383589 -184.333525 332.560889
95.847168 -185.586311 332.023802
97.310747 -186.839097 331.486715
98.774326 -188.091884 330.949628
100.237905 -189.344670 330.412540
101.701484 -190.597456 329.875453
103.165063 -191.850243 329.338366
104.628642 -193.103029 328.801278
106.092221 -194.355816 328.264191
107.555800 -195.608602 327.727104
109.019380 -196.861388 327.190017
110.482959 -198.114175 326.652929
111.946538 -199.366961 326.115842
113.410117 -200.619747 325.578755
114.873696 -201.872534 325.041668
116.337275 -203.125320 324.504580
117.800854 -204.378107 323.967493
119.264433 -205.630893 323.430406
120.728012 -206.883679 322.893318
122.191591 -208.136466 322.356231
123.655170 -209.389252 321.819144
125.118749 -210.642038 321.282057
126.582328 -211.894825 320.744969
128.045907 -213.147611 320.207882
129.509486 -214.400397 319.670795
130.973065 -215.653184 319.133708
132.436644 -216.905970 318.596620
133.900223 -218.158757 318.059533
135.363802 -219.411543 317.522446
136.827381 -220.664329 316.985358
138.290960 -221.917116 316.448271
139.754539 -223.169902 315.911184
141.218118 -224.422688 315.374097
142.681697 -225.675475 314.837009
144.145276 -226.928261 314.299922
145.608855 -228.181048 313.762835
147.072434 -229.433834 313.225747
148.536013 -230.686620 312.688660
149.999592 -231.939407 312.151573
151.463171 -233.192193 311.614486
-208.667680 302.268286 -130.417394
-207.878336 300.447837 -130.166594
-207.088991 298.627388 -129.915794
-206.299647 296.806939 -129.664994
-205.510302 294.986490 -129.414193
-204.720958 293.166041 -129.163393
-203.931613 291.345592 -128.912593
-203.142269 289.525143 -128.661793
-202.352924 287.704694 -128.410993
-201.563580 285.884245 -128.160193
-200.774236 284.063796 -127.909393
-199.984891 282.243346 -127.658593
-199.195547 280.422897 -127.407793
-198.406202 278.602448 -127.156993
-197.616858 276.781999 -126.906193
-196.827513 274.961550 -126.655393
-196.038169 273.141101 -126.404593
-195.248825 271.320652 -126.153793
-194.459480 269.500203 -125.902992
-193.670136 267.679754 -125.652192
-192.880791 265.859305 -125.401392
-192.091447 264.038856 -125.150592
-191.302102 262.218407 -124.899792
-190.512758 260.397958 -124.648992
-189.723413 258.577509 -124.398192
-188.934069 256.757060 -124.147392
-188.144725 254.936611 -123.896592
-187.355380 253.116162 -123.645792
-186.566036 251.295713 -123.394992
-185.776691 249.475264 -123.144192
-184.987347 247.654815 -122.893392
-184.198002 245.834366 -122.642592
-183.408658 244.013917 -122.391791
-182.619314 242.193468 -122.140991
-181.829969 240.373019 -121.890191
-181.040625 238.552570 -121.639391
-180.251280 236.732121 -121.388591
-179.461936 234.911672 -121.137791
-178.672591 233.091223 -120.886991
-177.883247 231.270774 -120.636191
-177.093902 229.450325 -120.385391
-176.304558 227.629875 -120.134591
-175.515214 225.809426 -119.883791
-174.725869 223.988977 -119.632991
-173.936525 222.168528 -119.382191
-173.147180 220.348079 -119.131390
-172.357836 218.527630 -118.880590
-171.568491 216.707181 -118.629790
-170.779147 214.886732 -118.378990
-169.989803 213.066283 -118.128190
-169.200458 211.245834 -117.877390
-168.411114 209.425385 -117.626590
-167.621769 207.604936 -117.375790
-166.832425 205.784487 -117.124990
-166.043080 203.964038 -116.874190
-165.253736 202.143589 -116.623390
-164.464391 200.323140 -116.372590
-163.675047 198.502691 -116.121790
-162.885703 196.682242 -115.870990
-162.096358 194.861793 -115.620189
-161.307014 193.041344 -115.369389
-160.517669 191.220895 -115.118589
-159.728325 189.400446 -114.867789
-158.938980 187.579997 -114.616989
-158.149636 185.759548 -114.366189
-157.360292 183.939099 -114.115389
-156.570947 182.118650 -113.864589
-155.781603 180.298201 -113.613789
-154.992258 178.477752 -113.362989
-154.202914 176.657303 -113.112189
184.766561 205.234187 -256.268578
186.438069 204.323957 -255.654133
188.109577 203.413727 -255.039688
189.781085 202.503496 -254.425244
191.452593 201.593266 -253.810799
193.124101 200.683036 -253.196354
194.795609 199.772806 -252.581909
196.467117 198.862576 -251.967465
198.138624 197.952346 -251.353020
199.810132 197.042116 -250.738575
201.481640 196.131886 -250.124131
203.153148 195.221655 -249.509686
204.824656 194.311425 -248.895241
206.496164 193.401195 -248.280796
208.167672 192.490965 -247.666352
209.839180 191.580735 -247.051907
211.510688 190.670505 -246.437462
213.182196 189.760275 -245.823018
214.853704 188.850045 -245.208573
216.525212 187.939814 -244.594128
218.196720 187.029584 -243.979684
219.868228 186.119354 -243.365239
221.539736 185.209124 -242.750794
223.211244 184.298894 -242.136349
224.882752 183.388664 -241.521905
226.554260 182.478434 -240.907460
228.225768 181.568204 -240.293015
229.897275 180.657973 -239.678571
231.568783 179.747743 -239.064126
233.240291 178.837513 -238.449681
234.911799 177.927283 -237.835236
236.583307 177.017053 -237.220792
238.254815 176.106823 -236.606347
239.926323 175.196593 -235.991902
241.597831 174.286363 -235.377458
243.269339 173.376132 -234.763013
244.940847 172.465902 -234.148568
246.612355 171.555672 -233.534123
248.283863 170.645442 -232.919679
249.955371 169.735212 -232.305234
251.626879 168.824982 -231.690789
253.298387 167.914752 -231.076345
254.969895 167.004522 -230.461900
256.641403 166.094291 -229.847455
258.312911 165.184061 -229.233010
259.984419 164.273831 -228.618566
261.655926 163.363601 -228.004121
263.327434 162.453371 -227.389676
264.998942 161.543141 -226.775232
266.670450 160.632911 -226.160787
268.341958 159.722681 -225.546342
270.013466 158.812450 -224.931897
271.684974 157.902220 -224.317453
273.356482 156.991990 -223.703008
275.027990 156.081760 -223.088563
276.699498 155.171530 -222.474119
278.371006 154.261300 -221.859674
280.042514 153.351070 -221.245229
281.714022 152.440840 -220.630784
283.385530 151.530609 -220.016340
285.057038 150.620379 -219.401895
286.728546 149.710149 -218.787450
288.400054 148.799919 -218.173006
290.071562 147.889689 -217.558561
291.743070 146.979459 -216.944116
293.414577 146.069229 -216.329671
295.086085 145.158999 -215.715227
296.757593 144.248768 -215.100782
298.429101 143.338538 -214.486337
300.100609 142.428308 -213.871893
252.097048 -133.430539 307.145354
252.020713 -135.428696 307.106044
251.944377 -137.426852 307.066735
251.868041 -139.425008 307.027425
251.791706 -141.423164 306.988116
251.715370 -143.421320 306.948806
251.639034 -145.419476 306.909497
251.562699 -147.417632 306.870187
251.486363 -149.415788 306.830878
251.410027 -151.413944 306.791568
251.333692 -153.412100 306.752259
251.257356 -155.410256 306.712949
251.181020 -157.408412 306.673640
251.104685 -159.406568 306.634330
251.028349 -161.404724 306.595021
250.952013 -163.402880 306.555711
250.875677 -165.401036 306.516402
250.799342 -167.399192 306.477092
250.723006 -169.397348 306.437783
250.646670 -171.395505 306.398473
250.570335 -173.393661 306.359164
250.493999 -175.391817 306.319854
250.417663 -177.389973 306.280545
250.341328 -179.388129 306.241235
250.264992 -181.386285 306.201926
250.188656 -183.384441 306.162616
250.112321 -185.382597 306.123307
250.035985 -187.380753 306.083997
249.959649 -189.378909 306.044688
249.883314 -191.377065 306.005378
249.806978 -193.375221 305.966069
249.730642 -195.373377 305.926759
249.654307 -197.371533 305.887450
249.577971 -199.369689 305.848141
249.501635 -201.367845 305.808831
249.425300 -203.366001 305.769522
249.348964 -205.364157 305.730212
249.272628 -207.362314 305.690903
249.196292 -209.360470 305.651593
249.119957 -211.358626 305.612284
249.043621 -213.356782 305.572974
248.967285 -215.354938 305.533665
248.890950 -217.353094 305.494355
248.814614 -219.351250 305.455046
248.738278 -221.349406 305.415736
248.661943 -223.347562 305.376427
248.585607 -225.345718 305.337117
248.509271 -227.343874 305.297808
248.432936 -229.342030 305.258498
248.356600 -231.340186 305.219189
248.280264 -233.338342 305.179879
248.203929 -235.336498 305.140570
248.127593 -237.334654 305.101260
248.051257 -239.332810 305.061951
247.974922 -241.330967 305.022641
247.898586 -243.329123 304.983332
247.822250 -245.327279 304.944022
247.745914 -247.325435 304.904713
247.669579 -249.323591 304.865403
247.593243 -251.321747 304.826094
247.516907 -253.319903 304.786784
247.440572 -255.318059 304.747475
247.364236 -257.316215 304.708165
247.287900 -259.314371 304.668856
247.211565 -261.312527 304.629546
247.135229 -263.310683 304.590237
247.058893 -265.308839 304.550927
246.982558 -267.306995 304.511618
246.906222 -269.305151 304.472308
246.829886 -271.303307 304.432999
234.008699 25.033186 139.273597
232.637691 26.486827 139.358826
231.266683 27.940468 139.444055
229.895675 29.394109 139.529284
228.524667 30.847751 139.614513
227.153659 32.301392 139.699742
225.782651 33.755033 139.784971
224.411643 35.208674 139.870200
223.040635 36.662316 139.955429
221.669627 38.115957 140.040658
220.298618 39.569598 140.125886
218.927610 41.023239 140.211115
217.556602 42.476881 140.296344
216.185594 43.930522 140.381573
214.814586 45.384163 140.466802
213.443578 46.837804 140.552031
212.072570 48.291446 140.637260
210.701562 49.745087 140.722489
209.330554 51.198728 140.807718
207.959546 52.652370 140.892947
206.588538 54.106011 140.978175
205.217530 55.559652 141.063404
203.846522 57.013293 141.148633
202.475514 58.466935 141.233862
201.104505 59.920576 141.319091
199.733497 61.374217 141.404320
198.362489 62.827858 141.489549
196.991481 64.281500 141.574778
195.620473 65.735141 141.660007
194.249465 67.188782 141.745235
192.878457 68.642423 141.830464
191.507449 70.096065 141.915693
190.136441 71.549706 142.000922
188.765433 73.003347 142.086151
187.394425 74.456988 142.171380
186.023417 75.910630 142.256609
184.652409 77.364271 142.341838
183.281401 78.817912 142.427067
181.910392 80.271553 142.512296
180.539384 81.725195 142.597524
179.168376 83.178836 142.682753
177.797368 84.632477 142.767982
176.426360 86.086118 142.853211
175.055352 87.539760 142.938440
173.684344 88.993401 143.023669
172.313336 90.447042 143.108898
170.942328 91.900683 143.194127
169.571320 93.354325 143.279356
168.200312 94.807966 143.364585
166.829304 96.261607 143.449813
165.458296 97.715248 143.535042
164.087288 99.168890 143.620271
162.716279 100.622531 143.705500
161.345271 102.076172 143.790729
159.974263 103.529813 143.875958
158.603255 104.983455 143.961187
157.232247 106.437096 144.046416
155.861239 107.890737 144.131645
154.490231 109.344379 144.216873
153.119223 110.798020 144.302102
151.748215 112.251661 144.387331
150.377207 113.705302 144.472560
149.006199 115.158944 144.557789
147.635191 116.612585 144.643018
146.264183 118.066226 144.728247
144.893175 119.519867 144.813476
143.522166 120.973509 144.898705
142.151158 122.427150 144.983934
140.780150 123.880791 145.069162
139.409142 125.334432 145.154391
156.481665 64.213301 246.870668
157.626375 65.853294 246.878455
158.771085 67.493288 246.886242
159.915795 69.133281 246.894028
161.060505 70.773275 246.901815
162.205215 72.413268 246.909602
163.349925 74.053261 246.917388
164.494635 75.693255 246.925175
165.639345 77.333248 246.932962
166.784055 78.973242 246.940748
167.928766 80.613235 246.948535
169.073476 82.253228 246.956322
170.218186 83.893222 246.964108
171.362896 85.533215 246.971895
172.507606 87.173208 246.979682
173.652316 88.813202 246.987468
174.797026 90.453195 246.995255
175.941736 92.093189 247.003042
177.086446 93.733182 247.010828
178.231156 95.373175 247.018615
179.375866 97.013169 247.026402
180.520576 98.653162 247.034188
181.665286 100.293156 247.041975
182.809996 101.933149 247.049762
183.954706 103.573142 247.057548
185.099416 105.213136 247.065335
186.244126 106.853129 247.073122
187.388836 108.493122 247.080908
188.533546 110.133116 247.088695
189.678256 111.773109 247.096482
190.822966 113.413103 247.104268
191.967676 115.053096 247.112055
193.112386 116.693089 247.119842
194.257096 118.333083 247.127628
195.401806 119.973076 247.135415
196.546516 121.613070 247.143202
197.691226 123.253063 247.150989
198.835936 124.893056 247.158775
199.980647 126.533050 247.166562
201.125357 128.173043 247.174349
202.270067 129.813036 247.182135
203.414777 131.453030 247.189922
204.559487 133.093023 247.197709
205.704197 134.733017 247.205495
206.848907 136.373010 247.213282
207.993617 138.013003 247.221069
209.138327 139.652997 247.228855
210.283037 141.292990 247.236642
211.427747 142.932984 247.244429
212.572457 144.572977 247.252215
213.717167 146.212970 247.260002
214.861877 147.852964 247.267789
216.006587 149.492957 247.275575
217.151297 151.132950 247.283362
218.296007 152.772944 247.291149
219.440717 154.412937 247.298935
220.585427 156.052931 247.306722
221.730137 157.692924 247.314509
222.874847 159.332917 247.322295
224.019557 160.972911 247.330082
225.164267 162.612904 247.337869
226.308977 164.252898 247.345655
227.453687 165.892891 247.353442
228.598397 167.532884 247.361229
229.743107 169.172878 247.369015
230.887817 170.812871 247.376802
232.032528 172.452864 247.384589
233.177238 174.092858 247.392375
234.321948 175.732851 247.400162
235.466658 177.372845 247.407949
92.321009 330.024058 -31.214872
94.184367 330.066285 -30.489534
96.047724 330.108512 -29.764196
97.911082 330.150738 -29.038859
99.774440 330.192965 -28.313521
101.637798 330.235192 -27.588183
103.501155 330.277418 -26.862846
105.364513 330.319645 -26.137508
107.227871 330.361871 -25.412170
109.091229 330.404098 -24.686832
110.954586 330.446325 -23.961495
112.817944 330.488551 -23.236157
114.681302 330.530778 -22.510819
116.544660 330.573004 -21.785482
118.408017 330.615231 -21.060144
120.271375 330.657458 -20.334806
122.134733 330.699684 -19.609468
123.998091 330.741911 -18.884131
125.861449 330.784138 -18.158793
127.724806 330.826364 -17.433455
129.588164 330.868591 -16.708118
131.451522 330.910817 -15.982780
133.314880 330.953044 -15.257442
135.178237 330.995271 -14.532105
137.041595 331.037497 -13.806767
138.904953 331.079724 -13.081429
140.768311 331.121950 -12.356091
142.631668 331.164177 -11.630754
144.495026 331.206404 -10.905416
146.358384 331.248630 -10.180078
148.221742 331.290857 -9.454741
150.085099 331.333084 -8.729403
151.948457 331.375310 -8.004065
153.811815 331.417537 -7.278728
155.675173 331.459763 -6.553390
157.538530 331.501990 -5.828052
159.401888 331.544217 -5.102714
161.265246 331.586443 -4.377377
163.128604 331.628670 -3.652039
164.991961 331.670896 -2.926701
166.855319 331.713123 -2.201364
168.718677 331.755350 -1.476026
170.582035 331.797576 -0.750688
172.445392 331.839803 -0.025351
174.308750 331.882030 0.699987
176.172108 331.924256 1.425325
178.035466 331.966483 2.150663
179.898823 332.008709 2.876000
181.762181 332.050936 3.601338
183.625539 332.093163 4.326676
185.488897 332.135389 5.052013
187.352255 332.177616 5.777351
189.215612 332.219842 6.502689
191.078970 332.262069 7.228027
192.942328 332.304296 7.953364
194.805686 332.346522 8.678702
196.669043 332.388749 9.404040
198.532401 332.430976 10.129377
200.395759 332.473202 10.854715
202.259117 332.515429 11.580053
204.122474 332.557655 12.305390
205.985832 332.599882 13.030728
207.849190 332.642109 13.756066
209.712548 332.684335 14.481404
211.575905 332.726562 15.206741
213.439263 332.768788 15.932079
215.302621 332.811015 16.657417
217.165979 332.853242 17.382754
219.029336 332.895468 18.108092
220.892694 332.937695 18.833430
220.656992 186.933566 336.524605
221.868307 188.329017 335.759469
223.079622 189.724468 334.994334
224.290937 191.119918 334.229198
225.502252 192.515369 333.464063
226.713568 193.910820 332.698927
227.924883 195.306271 331.933792
229.136198 196.701722 331.168656
230.347513 198.097173 330.403520
231.558828 199.492624 329.638385
232.770143 200.888075 328.873249
233.981458 202.283526 328.108114
235.192773 203.678977 327.342978
236.404089 205.074428 326.577843
237.615404 206.469879 325.812707
238.826719 207.865330 325.047572
240.038034 209.260781 324.282436
241.249349 210.656231 323.517301
242.460664 212.051682 322.752165
243.671979 213.447133 321.987030
244.883294 214.842584 321.221894
246.094610 216.238035 320.456759
247.305925 217.633486 319.691623
248.517240 219.028937 318.926488
249.728555 220.424388 318.161352
250.939870 221.819839 317.396216
252.151185 223.215290 316.631081
253.362500 224.610741 315.865945
254.573815 226.006192 315.100810
255.785131 227.401643 314.335674
256.996446 228.797094 313.570539
258.207761 230.192544 312.805403
259.419076 231.587995 312.040268
260.630391 232.983446 311.275132
261.841706 234.378897 310.509997
263.053021 235.774348 309.744861
264.264336 237.169799 308.979726
265.475652 238.565250 308.214590
266.686967 239.960701 307.449455
267.898282 241.356152 306.684319
269.109597 242.751603 305.919184
270.320912 244.147054 305.154048
271.532227 245.542505 304.388912
272.743542 246.937956 303.623777
273.954857 248.333407 302.858641
275.166173 249.728857 302.093506
276.377488 251.124308 301.328370
277.588803 252.519759 300.563235
278.800118 253.915210 299.798099
280.011433 255.310661 299.032964
281.222748 256.706112 298.267828
282.434063 258.101563 297.502693
283.645378 259.497014 296.737557
284.856694 260.892465 295.972422
286.068009 262.287916 295.207286
287.279324 263.683367 294.442151
288.490639 265.078818 293.677015
289.701954 266.474269 292.911880
290.913269 267.869719 292.146744
292.124584 269.265170 291.381608
293.335899 270.660621 290.616473
294.547215 272.056072 289.851337
295.758530 273.451523 289.086202
296.969845 274.846974 288.321066
298.181160 276.242425 287.555931
299.392475 277.637876 286.790795
300.603790 279.033327 286.025660
301.815105 280.428778 285.260524
303.026420 281.824229 284.495389
304.237736 283.219680 283.730253
10.517847 104.282002 78.636624
10.696715 104.629727 76.675223
10.875582 104.977452 74.713822
11.054450 105.325177 72.752421
11.233317 105.672903 70.791020
11.412184 106.020628 68.829620
11.591052 106.368353 66.868219
11.769919 106.716078 64.906818
11.948787 107.063803 62.945417
12.127654 107.411528 60.984016
12.306522 107.759254 59.022615
12.485389 108.106979 57.061214
12.664257 108.454704 55.099813
12.843124 108.802429 53.138412
13.021992 109.150154 51.177011
13.200859 109.497879 49.215610
13.379726 109.845605 47.254209
13.558594 110.193330 45.292808
13.737461 110.541055 43.331407
13.916329 110.888780 41.370006
14.095196 111.236505 39.408605
14.274064 111.584230 37.447205
14.452931 111.931956 35.485804
14.631799 112.279681 33.524403
14.810666 112.627406 31.563002
14.989534 112.975131 29.601601
15.168401 113.322856 27.640200
15.347268 113.670581 25.678799
15.526136 114.018307 23.717398
15.705003 114.366032 21.755997
15.883871 114.713757 19.794596
16.062738 115.061482 17.833195
16.241606 115.409207 15.871794
16.420473 115.756933 13.910393
16.599341 116.104658 11.948992
16.778208 116.452383 9.987591
16.957075 116.800108 8.026190
17.135943 117.147833 6.064790
17.314810 117.495558 4.103389
17.493678 117.843284 2.141988
17.672545 118.191009 0.180587
17.851413 118.538734 -1.780814
18.030280 118.886459 -3.742215
18.209148 119.234184 -5.703616
18.388015 119.581909 -7.665017
18.566883 119.929635 -9.626418
18.745750 120.277360 -11.587819
18.924617 120.625085 -13.549220
19.103485 120.972810 -15.510621
19.282352 121.320535 -17.472022
19.461220 121.668260 -19.433423
19.640087 122.015986 -21.394824
19.818955 122.363711 -23.356225
19.997822 122.711436 -25.317626
20.176690 123.059161 -27.279026
20.355557 123.406886 -29.240427
20.534424 123.754611 -31.201828
20.713292 124.102337 -33.163229
20.892159 124.450062 -35.124630
21.071027 124.797787 -37.086031
21.249894 125.145512 -39.047432
21.428762 125.493237 -41.008833
21.607629 125.840962 -42.970234
21.786497 126.188688 -44.931635
21.965364 126.536413 -46.893036
22.144232 126.884138 -48.854437
22.323099 127.231863 -50.815838
22.501966 127.579588 -52.777239
22.680834 127.927314 -54.738640
22.859701 128.275039 -56.700041
-316.815913 -105.253480 -70.648590
-314.853846 -105.484726 -70.337438
-312.891778 -105.715972 -70.026285
-310.929710 -105.947219 -69.715132
-308.967643 -106.178465 -69.403980
-307.005575 -106.409711 -69.092827
-305.043508 -106.640957 -68.781675
-303.081440 -106.872203 -68.470522
-301.119372 -107.103450 -68.159370
-299.157305 -107.334696 -67.848217
-297.195237 -107.565942 -67.537065
-295.233170 -107.797188 -67.225912
-293.271102 -108.028434 -66.914760
-291.309034 -108.259681 -66.603607
-289.346967 -108.490927 -66.292454
-287.384899 -108.722173 -65.981302
-285.422832 -108.953419 -65.670149
-283.460764 -109.184665 -65.358997
-281.498696 -109.415912 -65.047844
-279.536629 -109.647158 -64.736692
-277.574561 -109.878404 -64.425539
-275.612494 -110.109650 -64.114387
-273.650426 -110.340896 -63.803234
-271.688358 -110.572143 -63.492082
-269.726291 -110.803389 -63.180929
-267.764223 -111.034635 -62.869776
-265.802156 -111.265881 -62.558624
-263.840088 -111.497127 -62.247471
-261.878020 -111.728374 -61.936319
-259.915953 -111.959620 -61.625166
-257.953885 -112.190866 -61.314014
-255.991817 -112.422112 -61.002861
-254.029750 -112.653358 -60.691709
-252.067682 -112.884604 -60.380556
-250.105615 -113.115851 -60.069404
-248.143547 -113.347097 -59.758251
-246.181479 -113.578343 -59.447098
-244.219412 -113.809589 -59.135946
-242.257344 -114.040835 -58.824793
-240.295277 -114.272082 -58.513641
-238.333209 -114.503328 -58.202488
-236.371141 -114.734574 -57.891336
-234.409074 -114.965820 -57.580183
-232.447006 -115.197066 -57.269031
-230.484939 -115.428313 -56.957878
-228.522871 -115.659559 -56.646726
-226.560803 -115.890805 -56.335573
-224.598736 -116.122051 -56.024420
-222.636668 -116.353297 -55.713268
-220.674601 -116.584544 -55.402115
-218.712533 -116.815790 -55.090963
-216.750465 -117.047036 -54.779810
-214.788398 -117.278282 -54.468658
-212.826330 -117.509528 -54.157505
-210.864263 -117.740775 -53.846353
-208.902195 -117.972021 -53.535200
-206.940127 -118.203267 -53.224048
-204.978060 -118.434513 -52.912895
-203.015992 -118.665759 -52.601742
-201.053925 -118.897006 -52.290590
-199.091857 -119.128252 -51.979437
-197.129789 -119.359498 -51.668285
-195.167722 -119.590744 -51.357132
-193.205654 -119.821990 -51.045980
-191.243586 -120.053237 -50.734827
-189.281519 -120.284483 -50.423675
-187.319451 -120.515729 -50.112522
-185.357384 -120.746975 -49.801370
-183.395316 -120.978221 -49.490217
-181.433248 -121.209467 -49.179064
-54.758904 -30.874878 108.383839
-53.056632 -31.235138 107.397694
-51.354360 -31.595397 106.411549
-49.652088 -31.955657 105.425404
-47.949815 -32.315917 104.439259
-46.247543 -32.676177 103.453114
-44.545271 -33.036437 102.466969
-42.842998 -33.396696 101.480824
-41.140726 -33.756956 100.494679
-39.438454 -34.117216 99.508534
-37.736181 -34.477476 98.522389
-36.033909 -34.837736 97.536244
-34.331637 -35.197995 96.550099
-32.629365 -35.558255 95.563954
-30.927092 -35.918515 94.577809
-29.224820 -36.278775 93.591665
-27.522548 -36.639035 92.605520
-25.820275 -36.999295 91.619375
-24.118003 -37.359554 90.633230
-22.415731 -37.719814 89.647085
-20.713458 -38.080074 88.660940
-19.011186 -38.440334 87.674795
-17.308914 -38.800594 86.688650
-15.606641 -39.160853 85.702505
-13.904369 -39.521113 84.716360
-12.202097 -39.881373 83.730215
-10.499825 -40.241633 82.744070
-8.797552 -40.601893 81.757925
-7.095280 -40.962152 80.771780
-5.393008 -41.322412 79.785635
-3.690735 -41.682672 78.799490
-1.988463 -42.042932 77.813345
-0.286191 -42.403192 76.827200
1.416082 -42.763452 75.841055
3.118354 -43.123711 74.854910
4.820626 -43.483971 73.868765
6.522898 -43.844231 72.882620
8.225171 -44.204491 71.896476
9.927443 -44.564751 70.910331
11.629715 -44.925010 69.924186
13.331988 -45.285270 68.938041
15.034260 -45.645530 67.951896
16.736532 -46.005790 66.965751
18.438805 -46.366050 65.979606
20.141077 -46.726309 64.993461
21.843349 -47.086569 64.007316
23.545621 -47.446829 63.021171
25.247894 -47.807089 62.035026
26.950166 -48.167349 61.048881
28.652438 -48.527609 60.062736
30.354711 -48.887868 59.076591
32.056983 -49.248128 58.090446
33.759255 -49.608388 57.104301
35.461528 -49.968648 56.118156
37.163800 -50.328908 55.132011
38.866072 -50.689167 54.145866
40.568345 -51.049427 53.159721
42.270617 -51.409687 52.173576
43.972889 -51.769947 51.187431
45.675161 -52.130207 50.201287
47.377434 -52.490466 49.215142
49.079706 -52.850726 48.228997
50.781978 -53.210986 47.242852
52.484251 -53.571246 46.256707
54.186523 -53.931506 45.270562
55.888795 -54.291765 44.284417
57.591068 -54.652025 43.298272
59.293340 -55.012285 42.312127
60.995612 -55.372545 41.325982
62.697884 -55.732805 40.339837
337.036182 16.009830 234.175035
336.788496 17.944444 233.732406
336.540810 19.879058 233.289776
336.293124 21.813672 232.847147
336.045438 23.748286 232.404518
335.797752 25.682900 231.961889
335.550066 27.617514 231.519260
335.302380 29.552128 231.076631
335.054694 31.486742 230.634001
334.807008 33.421356 230.191372
334.559322 35.355969 229.748743
334.311636 37.290583 229.306114
334.063950 39.225197 228.863485
333.816264 41.159811 228.420856
333.568578 43.094425 227.978226
333.320892 45.029039 227.535597
333.073206 46.963653 227.092968
332.825520 48.898267 226.650339
332.577834 50.832881 226.207710
332.330148 52.767495 225.765080
332.082462 54.702109 225.322451
331.834776 56.636723 224.879822
331.587090 58.571337 224.437193
331.339404 60.505951 223.994564
331.091718 62.440564 223.551935
330.844032 64.375178 223.109305
330.596346 66.309792 222.666676
330.348660 68.244406 222.224047
330.100974 70.179020 221.781418
329.853288 72.113634 221.338789
329.605602 74.048248 220.896160
329.357916 75.982862 220.453530
329.110230 77.917476 220.010901
328.862544 79.852090 219.568272
328.614858 81.786704 219.125643
328.367172 83.721318 218.683014
328.119486 85.655932 218.240385
327.871800 87.590546 217.797755
327.624114 89.525159 217.355126
327.376428 91.459773 216.912497
327.128742 93.394387 216.469868
326.881056 95.329001 216.027239
326.633370 97.263615 215.584610
326.385684 99.198229 215.141980
326.137998 101.132843 214.699351
325.890312 103.067457 214.256722
325.642626 105.002071 213.814093
325.394940 106.936685 213.371464
325.147254 108.871299 212.928835
324.899568 110.805913 212.486205
324.651882 112.740527 212.043576
324.404196 114.675141 211.600947
324.156509 116.609754 211.158318
323.908823 118.544368 210.715689
323.661137 120.478982 210.273059
323.413451 122.413596 209.830430
323.165765 124.348210 209.387801
322.918079 126.282824 208.945172
322.670393 128.217438 208.502543
322.422707 130.152052 208.059914
322.175021 132.086666 207.617284
321.927335 134.021280 207.174655
321.679649 135.955894 206.732026
321.431963 137.890508 206.289397
321.184277 139.825122 205.846768
320.936591 141.759736 205.404139
320.688905 143.694350 204.961509
320.441219 145.628963 204.518880
320.193533 147.563577 204.076251
319.945847 149.498191 203.633622
-92.390512 72.092324 147.195007
-93.676862 73.558916 146.754086
-94.963213 75.025507 146.313165
-96.249563 76.492099 145.872245
-97.535914 77.958691 145.431324
-98.822264 79.425283 144.990403
-100.108614 80.891874 144.549482
-101.394965 82.358466 144.108561
-102.681315 83.825058 143.667640
-103.967665 85.291650 143.226719
-105.254016 86.758241 142.785798
-106.540366 88.224833 142.344877
-107.826717 89.691425 141.903956
-109.113067 91.158017 141.463035
-110.399417 92.624609 141.022114
-111.685768 94.091200 140.581193
-112.972118 95.557792 140.140272
-114.258468 97.024384 139.699351
-115.544819 98.490976 139.258430
-116.831169 99.957567 138.817509
-118.117520 101.424159 138.376588
-119.403870 102.890751 137.935667
-120.690220 104.357343 137.494746
-121.976571 105.823934 137.053826
-123.262921 107.290526 136.612905
-124.549272 108.757118 136.171984
-125.835622 110.223710 135.731063
-127.121972 111.690302 135.290142
-128.408323 113.156893 134.849221
-129.694673 114.623485 134.408300
-130.981023 116.090077 133.967379
-132.267374 117.556669 133.526458
-133.553724 119.023260 133.085537
-134.840075 120.489852 132.644616
-136.126425 121.956444 132.203695
-137.412775 123.423036 131.762774
-138.699126 124.889628 131.321853
-139.985476 126.356219 130.880932
-141.271826 127.822811 130.440011
-142.558177 129.289403 129.999090
-143.844527 130.755995 129.558169
-145.130878 132.222586 129.117248
-146.417228 133.689178 128.676328
-147.703578 135.155770 128.235407
-148.989929 136.622362 127.794486
-150.276279 138.088953 127.353565
-151.562629 139.555545 126.912644
-152.848980 141.022137 126.471723
-154.135330 142.488729 126.030802
-155.421681 143.955321 125.589881
-156.708031 145.421912 125.148960
-157.994381 146.888504 124.708039
-159.280732 148.355096 124.267118
-160.567082 149.821688 123.826197
-161.853432 151.288279 123.385276
-163.139783 152.754871 122.944355
-164.426133 154.221463 122.503434
-165.712484 155.688055 122.062513
-166.998834 157.154646 121.621592
-168.285184 158.621238 121.180671
-169.571535 160.087830 120.739750
-170.857885 161.554422 120.298829
-172.144235 163.021014 119.857909
-173.430586 164.487605 119.416988
-174.716936 165.954197 118.976067
-176.003287 167.420789 118.535146
-177.289637 168.887381 118.094225
-178.575987 170.353972 117.653304
-179.862338 171.820564 117.212383
-181.148688 173.287156 116.771462
222.080641 311.564694 15.512339
221.713741 309.619941 15.223688
221.346840 307.675188 14.935038
220.979939 305.730434 14.646387
220.613038 303.785681 14.357737
220.246138 301.840928 14.069086
219.879237 299.896175 13.780436
219.512336 297.951422 13.491785
219.145435 296.006669 13.203135
218.778535 294.061916 12.914484
218.411634 292.117163 12.625834
218.044733 290.172410 12.337183
217.677832 288.227656 12.048532
217.310931 286.282903 11.759882
216.944031 284.338150 11.471231
216.577130 282.393397 11.182581
216.210229 280.448644 10.893930
215.843328 278.503891 10.605280
215.476428 276.559138 10.316629
215.109527 274.614385 10.027979
214.742626 272.669631 9.739328
214.375725 270.724878 9.450677
214.008825 268.780125 9.162027
213.641924 266.835372 8.873376
213.275023 264.890619 8.584726
212.908122 262.945866 8.296075
212.541222 261.001113 8.007425
212.174321 259.056360 7.718774
211.807420 257.111607 7.430124
211.440519 255.166853 7.141473
211.073618 253.222100 6.852822
210.706718 251.277347 6.564172
210.339817 249.332594 6.275521
209.972916 247.387841 5.986871
209.606015 245.443088 5.698220
209.239115 243.498335 5.409570
208.872214 241.553582 5.120919
208.505313 239.608828 4.832269
208.138412 237.664075 4.543618
207.771512 235.719322 4.254968
207.404611 233.774569 3.966317
207.037710 231.829816 3.677666
206.670809 229.885063 3.389016
206.303908 227.940310 3.100365
205.937008 225.995557 2.811715
205.570107 224.050804 2.523064
205.203206 222.106050 2.234414
204.836305 220.161297 1.945763
204.469405 218.216544 1.657113
204.102504 216.271791 1.368462
203.735603 214.327038 1.079811
203.368702 212.382285 0.791161
203.001802 210.437532 0.502510
202.634901 208.492779 0.213860
202.268000 206.548025 -0.074791
201.901099 204.603272 -0.363441
201.534199 202.658519 -0.652092
201.167298 200.713766 -0.940742
200.800397 198.769013 -1.229393
200.433496 196.824260 -1.518043
200.066595 194.879507 -1.806694
199.699695 192.934754 -2.095345
199.332794 190.990001 -2.383995
198.965893 189.045247 -2.672646
198.598992 187.100494 -2.961296
198.232092 185.155741 -3.249947
197.865191 183.210988 -3.538597
197.498290 181.266235 -3.827248
197.131389 179.321482 -4.115898
196.764489 177.376729 -4.404549
-317.293235 281.616611 -113.875108
-316.321368 279.869761 -113.811947
-315.349502 278.122910 -113.748786
-314.377635 276.376060 -113.685625
-313.405769 274.629209 -113.622464
-312.433902 272.882359 -113.559304
-311.462036 271.135509 -113.496143
-310.490169 269.388658 -113.432982
-309.518303 267.641808 -113.369821
-308.546436 265.894958 -113.306660
-307.574570 264.148107 -113.243500
-306.602703 262.401257 -113.180339
-305.630837 260.654406 -113.117178
-304.658970 258.907556 -113.054017
-303.687104 257.160706 -112.990856
-302.715237 255.413855 -112.927695
-301.743371 253.667005 -112.864535
-300.771504 251.920155 -112.801374
-299.799638 250.173304 -112.738213
-298.827771 248.426454 -112.675052
-297.855905 246.679603 -112.611891
-296.884038 244.932753 -112.548731
-295.912172 243.185903 -112.485570
-294.940305 241.439052 -112.422409
-293.968439 239.692202 -112.359248
-292.996572 237.945352 -112.296087
-292.024706 236.198501 -112.232926
-291.052839 234.451651 -112.169766
-290.080973 232.704800 -112.106605
-289.109106 230.957950 -112.043444
-288.137240 229.211100 -111.980283
-287.165373 227.464249 -111.917122
-286.193507 225.717399 -111.853961
-285.221641 223.970549 -111.790801
-284.249774 222.223698 -111.727640
-283.277908 220.476848 -111.664479
-282.306041 218.729997 -111.601318
-281.334175 216.983147 -111.538157
-280.362308 215.236297 -111.474997
-279.390442 213.489446 -111.411836
-278.418575 211.742596 -111.348675
-277.446709 209.995746 -111.285514
-276.474842 208.248895 -111.222353
-275.502976 206.502045 -111.159192
-274.531109 204.755194 -111.096032
-273.559243 203.008344 -111.032871
-272.587376 201.261494 -110.969710
-271.615510 199.514643 -110.906549
-270.643643 197.767793 -110.843388
-269.671777 196.020943 -110.780228
-268.699910 194.274092 -110.717067
-267.728044 192.527242 -110.653906
-266.756177 190.780391 -110.590745
-265.784311 189.033541 -110.527584
-264.812444 187.286691 -110.464423
-263.840578 185.539840 -110.401263
-262.868711 183.792990 -110.338102
-261.896845 182.046140 -110.274941
-260.924978 180.299289 -110.211780
-259.953112 178.552439 -110.148619
-258.981245 176.805588 -110.085458
-258.009379 175.058738 -110.022298
-257.037512 173.311888 -109.959137
-256.065646 171.565037 -109.895976
-255.093779 169.818187 -109.832815
-254.121913 168.071337 -109.769654
-253.150046 166.324486 -109.706494
-252.178180 164.577636 -109.643333
-251.206313 162.830785 -109.580172
-250.234447 161.083935 -109.517011
126.706637 216.380293 -30.736441
126.293063 215.837329 -28.856508
125.879488 215.294366 -26.976575
125.465914 214.751402 -25.096643
125.052340 214.208439 -23.216710
124.638766 213.665475 -21.336777
124.225192 213.122512 -19.456844
123.811618 212.579548 -17.576912
123.398043 212.036584 -15.696979
122.984469 211.493621 -13.817046
122.570895 210.950657 -11.937114
122.157321 210.407694 -10.057181
121.743747 209.864730 -8.177248
121.330173 209.321766 -6.297316
120.916598 208.778803 -4.417383
120.503024 208.235839 -2.537450
120.089450 207.692876 -0.657517
119.675876 207.149912 1.222415
119.262302 206.606949 3.102348
118.848728 206.063985 4.982281
118.435153 205.521021 6.862213
118.021579 204.978058 8.742146
117.608005 204.435094 10.622079
117.194431 203.892131 12.502011
116.780857 203.349167 14.381944
116.367283 202.806204 16.261877
115.953708 202.263240 18.141810
115.540134 201.720276 20.021742
115.126560 201.177313 21.901675
114.712986 200.634349 23.781608
114.299412 200.091386 25.661540
113.885838 199.548422 27.541473
113.472263 199.005458 29.421406
113.058689 198.462495 31.301338
112.645115 197.919531 33.181271
112.231541 197.376568 35.061204
111.817967 196.833604 36.941137
111.404393 196.290641 38.821069
110.990818 195.747677 40.701002
110.577244 195.204713 42.580935
110.163670 194.661750 44.460867
109.750096 194.118786 46.340800
109.336522 193.575823 48.220733
108.922948 193.032859 50.100665
108.509373 192.489895 51.980598
108.095799 191.946932 53.860531
107.682225 191.403968 55.740464
107.268651 190.861005 57.620396
106.855077 190.318041 59.500329
106.441503 189.775078 61.380262
106.027928 189.232114 63.260194
105.614354 188.689150 65.140127
105.200780 188.146187 67.020060
104.787206 187.603223 68.899992
104.373632 187.060260 70.779925
103.960058 186.517296 72.659858
103.546483 185.974333 74.539791
103.132909 185.431369 76.419723
102.719335 184.888405 78.299656
102.305761 184.345442 80.179589
101.892187 183.802478 82.059521
101.478613 183.259515 83.939454
101.065038 182.716551 85.819387
100.651464 182.173587 87.699319
100.237890 181.630624 89.579252
99.824316 181.087660 91.459185
99.410742 180.544697 93.339118
98.997168 180.001733 95.219050
98.583593 179.458770 97.098983
98.170019 178.915806 98.978916
37.413117 -325.327838 -154.165902
37.775006 -323.466436 -153.530117
38.136895 -321.605035 -152.894333
38.498784 -319.743634 -152.258549
38.860673 -317.882233 -151.622764
39.222562 -316.020832 -150.986980
39.584451 -314.159430 -150.351195
39.946340 -312.298029 -149.715411
40.308229 -310.436628 -149.079627
40.670118 -308.575227 -148.443842
41.032007 -306.713825 -147.808058
41.393896 -304.852424 -147.172273
41.755785 -302.991023 -146.536489
42.117674 -301.129622 -145.900704
42.479563 -299.268221 -145.264920
42.841452 -297.406819 -144.629136
43.203341 -295.545418 -143.993351
43.565231 -293.684017 -143.357567
43.927120 -291.822616 -142.721782
44.289009 -289.961215 -142.085998
44.650898 -288.099813 -141.450213
45.012787 -286.238412 -140.814429
45.374676 -284.377011 -140.178645
45.736565 -282.515610 -139.542860
46.098454 -280.654208 -138.907076
46.460343 -278.792807 -138.271291
46.822232 -276.931406 -137.635507
47.184121 -275.070005 -136.999722
47.546010 -273.208604 -136.363938
47.907899 -271.347202 -135.728154
48.269788 -269.485801 -135.092369
48.631677 -267.624400 -134.456585
48.993566 -265.762999 -133.820800
49.355455 -263.901598 -133.185016
49.717344 -262.040196 -132.549232
50.079234 -260.178795 -131.913447
50.441123 -258.317394 -131.277663
50.803012 -256.455993 -130.641878
51.164901 -254.594592 -130.006094
51.526790 -252.733190 -129.370309
51.888679 -250.871789 -128.734525
52.250568 -249.010388 -128.098741
52.612457 -247.148987 -127.462956
52.974346 -245.287585 -126.827172
53.336235 -243.426184 -126.191387
53.698124 -241.564783 -125.555603
54.060013 -239.703382 -124.919818
54.421902 -237.841981 -124.284034
54.783791 -235.980579 -123.648250
55.145680 -234.119178 -123.012465
55.507569 -232.257777 -122.376681
55.869458 -230.396376 -121.740896
56.231347 -228.534975 -121.105112
56.593237 -226.673573 -120.469327
56.955126 -224.812172 -119.833543
57.317015 -222.950771 -119.197759
57.678904 -221.089370 -118.561974
58.040793 -219.227968 -117.926190
58.402682 -217.366567 -117.290405
58.764571 -215.505166 -116.654621
59.126460 -213.643765 -116.018837
59.488349 -211.782364 -115.383052
59.850238 -209.920962 -114.747268
60.212127 -208.059561 -114.111483
60.574016 -206.198160 -113.475699
60.935905 -204.336759 -112.839914
61.297794 -202.475358 -112.204130
61.659683 -200.613956 -111.568346
62.021572 -198.752555 -110.932561
62.383461 -196.891154 -110.296777
-48.738101 -365.575725 -339.846447
-46.774107 -365.256767 -339.643983
-44.810112 -364.937809 -339.441518
-42.846118 -364.618851 -339.239053
-40.882124 -364.299893 -339.036589
-38.918129 -363.980935 -338.834124
-36.954135 -363.661977 -338.631659
-34.990140 -363.343019 -338.429195
-33.026146 -363.024061 -338.226730
-31.062152 -362.705103 -338.024265
-29.098157 -362.386146 -337.821801
-27.134163 -362.067188 -337.619336
-25.170169 -361.748230 -337.416872
-23.206174 -361.429272 -337.214407
-21.242180 -361.110314 -337.011942
-19.278185 -360.791356 -336.809478
-17.314191 -360.472398 -336.607013
-15.350197 -360.153440 -336.404548
-13.386202 -359.834482 -336.202084
-11.422208 -359.515524 -335.999619
-9.458214 -359.196566 -335.797154
-7.494219 -358.877608 -335.594690
-5.530225 -358.558650 -335.392225
-3.566230 -358.239692 -335.189760
-1.602236 -357.920735 -334.987296
0.361758 -357.601777 -334.784831
2.325753 -357.282819 -334.582367
4.289747 -356.963861 -334.379902
6.253741 -356.644903 -334.177437
8.217736 -356.325945 -333.974973
10.181730 -356.006987 -333.772508
12.145725 -355.688029 -333.570043
14.109719 -355.369071 -333.367579
16.073713 -355.050113 -333.165114
18.037708 -354.731155 -332.962649
20.001702 -354.412197 -332.760185
21.965696 -354.093239 -332.557720
23.929691 -353.774281 -332.355256
25.893685 -353.455324 -332.152791
27.857680 -353.136366 -331.950326
29.821674 -352.817408 -331.747862
31.785668 -352.498450 -331.545397
33.749663 -352.179492 -331.342932
35.713657 -351.860534 -331.140468
37.677652 -351.541576 -330.938003
39.641646 -351.222618 -330.735538
41.605640 -350.903660 -330.533074
43.569635 -350.584702 -330.330609
45.533629 -350.265744 -330.128144
47.497623 -349.946786 -329.925680
49.461618 -349.627828 -329.723215
51.425612 -349.308871 -329.520751
53.389607 -348.989913 -329.318286
55.353601 -348.670955 -329.115821
57.317595 -348.351997 -328.913357
59.281590 -348.033039 -328.710892
61.245584 -347.714081 -328.508427
63.209578 -347.395123 -328.305963
65.173573 -347.076165 -328.103498
67.137567 -346.757207 -327.901033
69.101562 -346.438249 -327.698569
71.065556 -346.119291 -327.496104
73.029550 -345.800333 -327.293640
74.993545 -345.481375 -327.091175
76.957539 -345.162417 -326.888710
78.921533 -344.843460 -326.686246
80.885528 -344.524502 -326.483781
82.849522 -344.205544 -326.281316
84.813517 -343.886586 -326.078852
86.777511 -343.567628 -325.876387
-66.266900 7.008999 -184.845164
-64.543694 7.849523 -185.414444
-62.820487 8.690046 -185.983724
-61.097281 9.530569 -186.553004
-59.374074 10.371092 -187.122285
-57.650867 11.211616 -187.691565
-55.927661 12.052139 -188.260845
-54.204454 12.892662 -188.830125
-52.481248 13.733185 -189.399406
-50.758041 14.573709 -189.968686
-49.034835 15.414232 -190.537966
-47.311628 16.254755 -191.107246
-45.588422 17.095278 -191.676526
-43.865215 17.935801 -192.245807
-42.142009 18.776325 -192.815087
-40.418802 19.616848 -193.384367
-38.695596 20.457371 -193.953647
-36.972389 21.297894 -194.522928
-35.249183 22.138418 -195.092208
-33.525976 22.978941 -195.661488
-31.802770 23.819464 -196.230768
-30.079563 24.659987 -196.800049
-28.356357 25.500511 -197.369329
-26.633150 26.341034 -197.938609
-24.909944 27.181557 -198.507889
-23.186737 28.022080 -199.077169
-21.463531 28.862604 -199.646450
-19.740324 29.703127 -200.215730
-18.017118 30.543650 -200.785010
-16.293911 31.384173 -201.354290
-14.570704 32.224697 -201.923571
-12.847498 33.065220 -202.492851
-11.124291 33.905743 -203.062131
-9.401085 34.746266 -203.631411
-7.677878 35.586789 -204.200691
-5.954672 36.427313 -204.769972
-4.231465 37.267836 -205.339252
-2.508259 38.108359 -205.908532
-0.785052 38.948882 -206.477812
0.938154 39.789406 -207.047093
2.661361 40.629929 -207.616373
4.384567 41.470452 -208.185653
6.107774 42.310975 -208.754933
7.830980 43.151499 -209.324213
9.554187 43.992022 -209.893494
11.277393 44.832545 -210.462774
13.000600 45.673068 -211.032054
14.723806 46.513592 -211.601334
16.447013 47.354115 -212.170615
18.170219 48.194638 -212.739895
19.893426 49.035161 -213.309175
21.616632 49.875684 -213.878455
23.339839 50.716208 -214.447736
25.063046 51.556731 -215.017016
26.786252 52.397254 -215.586296
28.509459 53.237777 -216.155576
30.232665 54.078301 -216.724856
31.955872 54.918824 -217.294137
33.679078 55.759347 -217.863417
35.402285 56.599870 -218.432697
37.125491 57.440394 -219.001977
38.848698 58.280917 -219.571258
40.571904 59.121440 -220.140538
42.295111 59.961963 -220.709818
44.018317 60.802487 -221.279098
45.741524 61.643010 -221.848378
47.464730 62.483533 -222.417659
49.187937 63.324056 -222.986939
50.911143 64.164580 -223.556219
52.634350 65.005103 -224.125499
14.185615 311.745075 -367.178789
15.583712 310.799464 -366.105874
16.981809 309.853854 -365.032960
18.379907 308.908243 -363.960046
19.778004 307.962633 -362.887132
21.176101 307.017022 -361.814218
22.574199 306.071412 -360.741304
23.972296 305.125802 -359.668390
25.370393 304.180191 -358.595476
26.768491 303.234581 -357.522562
28.166588 302.288970 -356.449648
29.564685 301.343360 -355.376734
30.962783 300.397749 -354.303820
32.360880 299.452139 -353.230905
33.758977 298.506528 -352.157991
35.157075 297.560918 -351.085077
36.555172 296.615307 -350.012163
37.953270 295.669697 -348.939249
39.351367 294.724086 -347.866335
40.749464 293.778476 -346.793421
42.147562 292.832865 -345.720507
43.545659 291.887255 -344.647593
44.943756 290.941644 -343.574679
46.341854 289.996034 -342.501765
47.739951 289.050423 -341.428851
49.138048 288.104813 -340.355937
50.536146 287.159203 -339.283022
51.934243 286.213592 -338.210108
53.332340 285.267982 -337.137194
54.730438 284.322371 -336.064280
56.128535 283.376761 -334.991366
57.526632 282.431150 -333.918452
58.924730 281.485540 -332.845538
60.322827 280.539929 -331.772624
61.720925 279.594319 -330.699710
63.119022 278.648708 -329.626796
64.517119 277.703098 -328.553882
65.915217 276.757487 -327.480968
67.313314 275.811877 -326.408054
68.711411 274.866266 -325.335139
70.109509 273.920656 -324.262225
71.507606 272.975045 -323.189311
72.905703 272.029435 -322.116397
74.303801 271.083824 -321.043483
75.701898 270.138214 -319.970569
77.099995 269.192604 -318.897655
78.498093 268.246993 -317.824741
79.896190 267.301383 -316.751827
81.294288 266.355772 -315.678913
82.692385 265.410162 -314.605999
84.090482 264.464551 -313.533085
85.488580 263.518941 -312.460170
86.886677 262.573330 -311.387256
88.284774 261.627720 -310.314342
89.682872 260.682109 -309.241428
91.080969 259.736499 -308.168514
92.479066 258.790888 -307.095600
93.877164 257.845278 -306.022686
95.275261 256.899667 -304.949772
96.673358 255.954057 -303.876858
98.071456 255.008446 -302.803944
99.469553 254.062836 -301.731030
100.867650 253.117225 -300.658116
102.265748 252.171615 -299.585202
103.663845 251.226005 -298.512287
105.061943 250.280394 -297.439373
106.460040 249.334784 -296.366459
107.858137 248.389173 -295.293545
109.256235 247.443563 -294.220631
110.654332 246.497952 -293.147717
-283.863716 0.563777 280.022215
-284.975056 -0.149234 278.520037
-286.086396 -0.862245 277.017859
-287.197736 -1.575256 275.515681
-288.309076 -2.288268 274.013503
-289.420416 -3.001279 272.511325
-290.531757 -3.714290 271.009147
-291.643097 -4.427301 269.506969
-292.754437 -5.140312 268.004792
-293.865777 -5.853324 266.502614
-294.977117 -6.566335 265.000436
-296.088457 -7.279346 263.498258
-297.199797 -7.992357 261.996080
-298.311137 -8.705368 260.493902
-299.422477 -9.418380 258.991724
-300.533817 -10.131391 257.489546
-301.645157 -10.844402 255.987368
-302.756497 -11.557413 254.485191
-303.867837 -12.270424 252.983013
-304.979177 -12.983435 251.480835
-306.090517 -13.696447 249.978657
-307.201857 -14.409458 248.476479
-308.313197 -15.122469 246.974301
-309.424537 -15.835480 245.472123
-310.535877 -16.548491 243.969945
-311.647217 -17.261503 242.467767
-312.758557 -17.974514 240.965590
-313.869897 -18.687525 239.463412
-314.981237 -19.400536 237.961234
-316.092577 -20.113547 236.459056
-317.203917 -20.826558 234.956878
-318.315257 -21.539570 233.454700
-319.426597 -22.252581 231.952522
-320.537937 -22.965592 230.450344
-321.649277 -23.678603 228.948166
-322.760617 -24.391614 227.445988
-323.871957 -25.104626 225.943811
-324.983297 -25.817637 224.441633
-326.094637 -26.530648 222.939455
-327.205977 -27.243659 221.437277
-328.317317 -27.956670 219.935099
-329.428657 -28.669682 218.432921
-330.539997 -29.382693 216.930743
-331.651337 -30.095704 215.428565
-332.762677 -30.808715 213.926387
-333.874017 -31.521726 212.424210
-334.985357 -32.234737 210.922032
-336.096697 -32.947749 209.419854
-337.208037 -33.660760 207.917676
-338.319377 -34.373771 206.415498
-339.430717 -35.086782 204.913320
-340.542057 -35.799793 203.411142
-341.653397 -36.512805 201.908964
-342.764737 -37.225816 200.406786
-343.876077 -37.938827 198.904609
-344.987417 -38.651838 197.402431
-346.098757 -39.364849 195.900253
-347.210097 -40.077860 194.398075
-348.321437 -40.790872 192.895897
-349.432777 -41.503883 191.393719
-350.544117 -42.216894 189.891541
-351.655457 -42.929905 188.389363
-352.766797 -43.642916 186.887185
-353.878137 -44.355928 185.385008
-354.989477 -45.068939 183.882830
-356.100817 -45.781950 182.380652
-357.212157 -46.494961 180.878474
-358.323497 -47.207972 179.376296
-359.434837 -47.920984 177.874118
-360.546177 -48.633995 176.371940
-148.543679 -117.945732 -393.977574
-148.840521 -116.558497 -392.567799
-149.137362 -115.171262 -391.158025
-149.434204 -113.784027 -389.748250
-149.731046 -112.396792 -388.338476
-150.027887 -111.009557 -386.928701
-150.324729 -109.622322 -385.518927
-150.621571 -108.235088 -384.109152
-150.918412 -106.847853 -382.699378
-151.215254 -105.460618 -381.289603
-151.512096 -104.073383 -379.879829
-151.808937 -102.686148 -378.470054
-152.105779 -101.298913 -377.060280
-152.402621 -99.911678 -375.650505
-152.699462 -98.524443 -374.240731
-152.996304 -97.137208 -372.830956
-153.293146 -95.749973 -371.421182
-153.589987 -94.362738 -370.011407
-153.886829 -92.975503 -368.601633
-154.183671 -91.588268 -367.191858
-154.480512 -90.201033 -365.782084
-154.777354 -88.813798 -364.372309
-155.074196 -87.426563 -362.962535
-155.371037 -86.039328 -361.552760
-155.667879 -84.652093 -360.142986
-155.964721 -83.264858 -358.733211
-156.261562 -81.877623 -357.323437
-156.558404 -80.490388 -355.913662
-156.855246 -79.103153 -354.503888
-157.152087 -77.715918 -353.094113
-157.448929 -76.328683 -351.684339
-157.745771 -74.941448 -350.274564
-158.042612 -73.554213 -348.864790
-158.339454 -72.166978 -347.455015
-158.636296 -70.779743 -346.045241
-158.933137 -69.392509 -344.635466
-159.229979 -68.005274 -343.225692
-159.526821 -66.618039 -341.815917
-159.823662 -65.230804 -340.406142
-160.120504 -63.843569 -338.996368
-160.417346 -62.456334 -337.586593
-160.714187 -61.069099 -336.176819
-161.011029 -59.681864 -334.767044
-161.307871 -58.294629 -333.357270
-161.604712 -56.907394 -331.947495
-161.901554 -55.520159 -330.537721
-162.198396 -54.132924 -329.127946
-162.495237 -52.745689 -327.718172
-162.792079 -51.358454 -326.308397
-163.088921 -49.971219 -324.898623
-163.385762 -48.583984 -323.488848
-163.682604 -47.196749 -322.079074
-163.979446 -45.809514 -320.669299
-164.276287 -44.422279 -319.259525
-164.573129 -43.035044 -317.849750
-164.869971 -41.647809 -316.439976
-165.166813 -40.260574 -315.030201
-165.463654 -38.873339 -313.620427
-165.760496 -37.486104 -312.210652
-166.057338 -36.098869 -310.800878
-166.354179 -34.711634 -309.391103
-166.651021 -33.324399 -307.981329
-166.947863 -31.937165 -306.571554
-167.244704 -30.549930 -305.161780
-167.541546 -29.162695 -303.752005
-167.838388 -27.775460 -302.342231
-168.135229 -26.388225 -300.932456
-168.432071 -25.000990 -299.522682
-168.728913 -23.613755 -298.112907
-169.025754 -22.226520 -296.703133
-207.533525 -136.144691 12.560993
-208.872499 -136.485870 11.115052
-210.211473 -136.827049 9.669111
-211.550447 -137.168228 8.223170
-212.889421 -137.509407 6.777228
-214.228395 -137.850586 5.331287
-215.567369 -138.191765 3.885346
-216.906343 -138.532943 2.439405
-218.245317 -138.874122 0.993464
-219.584291 -139.215301 -0.452477
-220.923265 -139.556480 -1.898418
-222.262239 -139.897659 -3.344359
-223.601214 -140.238838 -4.790300
-224.940188 -140.580017 -6.236241
-226.279162 -140.921196 -7.682182
-227.618136 -141.262375 -9.128123
-228.957110 -141.603554 -10.574064
-230.296084 -141.944732 -12.020005
-231.635058 -142.285911 -13.465946
-232.974032 -142.627090 -14.911887
-234.313006 -142.968269 -16.357828
-235.651980 -143.309448 -17.803769
-236.990954 -143.650627 -19.249710
-238.329928 -143.991806 -20.695651
-239.668902 -144.332985 -22.141592
-241.007876 -144.674164 -23.587533
-242.346850 -145.015343 -25.033474
-243.685825 -145.356521 -26.479415
-245.024799 -145.697700 -27.925356
-246.363773 -146.038879 -29.371297
-247.702747 -146.380058 -30.817238
-249.041721 -146.721237 -32.263179
-250.380695 -147.062416 -33.709120
-251.719669 -147.403595 -35.155061
-253.058643 -147.744774 -36.601002
-254.397617 -148.085953 -38.046943
-255.736591 -148.427132 -39.492884
-257.075565 -148.768310 -40.938825
-258.414539 -149.109489 -42.384766
-259.753513 -149.450668 -43.830707
-261.092487 -149.791847 -45.276648
-262.431461 -150.133026 -46.722589
-263.770435 -150.474205 -48.168530
-265.109410 -150.815384 -49.614471
-266.448384 -151.156563 -51.060412
-267.787358 -151.497742 -52.506353
-269.126332 -151.838921 -53.952294
-270.465306 -152.180099 -55.398235
-271.804280 -152.521278 -56.844176
-273.143254 -152.862457 -58.290117
-274.482228 -153.203636 -59.736058
-275.821202 -153.544815 -61.181999
-277.160176 -153.885994 -62.627940
-278.499150 -154.227173 -64.073881
-279.838124 -154.568352 -65.519822
-281.177098 -154.909531 -66.965763
-282.516072 -155.250710 -68.411704
-283.855046 -155.591888 -69.857645
-285.194021 -155.933067 -71.303586
-286.532995 -156.274246 -72.749527
-287.871969 -156.615425 -74.195468
-289.210943 -156.956604 -75.641409
-290.549917 -157.297783 -77.087350
-291.888891 -157.638962 -78.533291
-293.227865 -157.980141 -79.979232
-294.566839 -158.321320 -81.425173
-295.905813 -158.662499 -82.871114
-297.244787 -159.003677 -84.317055
-298.583761 -159.344856 -85.762996
-299.922735 -159.686035 -87.208937
92.965265 -392.759900 -243.966167
94.458812 -391.429772 -243.974912
95.952360 -390.099644 -243.983657
97.445907 -388.769517 -243.992402
98.939455 -387.439389 -244.001147
100.433002 -386.109262 -244.009893
101.926550 -384.779134 -244.018638
103.420097 -383.449006 -244.027383
104.913645 -382.118879 -244.036128
106.407192 -380.788751 -244.044873
107.900740 -379.458624 -244.053618
109.394287 -378.128496 -244.062364
110.887835 -376.798368 -244.071109
112.381382 -375.468241 -244.079854
113.874930 -374.138113 -244.088599
115.368477 -372.807986 -244.097344
116.862025 -371.477858 -244.106090
118.355572 -370.147730 -244.114835
119.849120 -368.817603 -244.123580
121.342667 -367.487475 -244.132325
122.836215 -366.157348 -244.141070
124.329762 -364.827220 -244.149815
125.823310 -363.497092 -244.158561
127.316857 -362.166965 -244.167306
128.810405 -360.836837 -244.176051
130.303952 -359.506710 -244.184796
131.797500 -358.176582 -244.193541
133.291047 -356.846454 -244.202286
134.784595 -355.516327 -244.211032
136.278142 -354.186199 -244.219777
137.771689 -352.856072 -244.228522
139.265237 -351.525944 -244.237267
140.758784 -350.195816 -244.246012
142.252332 -348.865689 -244.254758
143.745879 -347.535561 -244.263503
145.239427 -346.205434 -244.272248
146.732974 -344.875306 -244.280993
148.226522 -343.545178 -244.289738
149.720069 -342.215051 -244.298483
151.213617 -340.884923 -244.307229
152.707164 -339.554796 -244.315974
154.200712 -338.224668 -244.324719
155.694259 -336.894540 -244.333464
157.187807 -335.564413 -244.342209
158.681354 -334.234285 -244.350955
160.174902 -332.904158 -244.359700
161.668449 -331.574030 -244.368445
163.161997 -330.243902 -244.377190
164.655544 -328.913775 -244.385935
166.149092 -327.583647 -244.394680
167.642639 -326.253519 -244.403426
169.136187 -324.923392 -244.412171
170.629734 -323.593264 -244.420916
172.123282 -322.263137 -244.429661
173.616829 -320.933009 -244.438406
175.110377 -319.602881 -244.447151
176.603924 -318.272754 -244.455897
178.097472 -316.942626 -244.464642
179.591019 -315.612499 -244.473387
181.084567 -314.282371 -244.482132
182.578114 -312.952243 -244.490877
184.071661 -311.622116 -244.499623
185.565209 -310.291988 -244.508368
187.058756 -308.961861 -244.517113
188.552304 -307.631733 -244.525858
190.045851 -306.301605 -244.534603
191.539399 -304.971478 -244.543348
193.032946 -303.641350 -244.552094
194.526494 -302.311223 -244.560839
196.020041 -300.981095 -244.569584
8.454893 291.881187 309.503070
10.343217 291.641173 310.116769
12.231541 291.401159 310.730467
14.119865 291.161144 311.344166
16.008189 290.921130 311.957865
17.896513 290.681115 312.571564
19.784837 290.441101 313.185262
21.673160 290.201087 313.798961
23.561484 289.961072 314.412660
25.449808 289.721058 315.026359
27.338132 289.481044 315.640057
29.226456 289.241029 316.253756
31.114780 289.001015 316.867455
33.003103 288.761000 317.481154
34.891427 288.520986 318.094852
36.779751 288.280972 318.708551
38.668075 288.040957 319.322250
40.556399 287.800943 319.935949
42.444723 287.560928 320.549647
44.333046 287.320914 321.163346
46.221370 287.080900 321.777045
48.109694 286.840885 322.390744
49.998018 286.600871 323.004442
51.886342 286.360856 323.618141
53.774666 286.120842 324.231840
55.662990 285.880828 324.845539
57.551313 285.640813 325.459237
59.439637 285.400799 326.072936
61.327961 285.160784 326.686635
63.216285 284.920770 327.300334
65.104609 284.680756 327.914032
66.992933 284.440741 328.527731
68.881256 284.200727 329.141430
70.769580 283.960712 329.755129
72.657904 283.720698 330.368827
74.546228 283.480684 330.982526
76.434552 283.240669 331.596225
78.322876 283.000655 332.209924
80.211199 282.760640 332.823622
82.099523 282.520626 333.437321
83.987847 282.280612 334.051020
85.876171 282.040597 334.664719
87.764495 281.800583 335.278417
89.652819 281.560568 335.892116
91.541143 281.320554 336.505815
93.429466 281.080540 337.119514
95.317790 280.840525 337.733212
97.206114 280.600511 338.346911
99.094438 280.360496 338.960610
100.982762 280.120482 339.574309
102.871086 279.880468 340.188007
104.759409 279.640453 340.801706
106.647733 279.400439 341.415405
108.536057 279.160424 342.029104
110.424381 278.920410 342.642802
112.312705 278.680396 343.256501
114.201029 278.440381 343.870200
116.089352 278.200367 344.483899
117.977676 277.960352 345.097597
119.866000 277.720338 345.711296
121.754324 277.480324 346.324995
123.642648 277.240309 346.938694
125.530972 277.000295 347.552392
127.419296 276.760281 348.166091
129.307619 276.520266 348.779790
131.195943 276.280252 349.393489
133.084267 276.040237 350.007187
134.972591 275.800223 350.620886
136.860915 275.560209 351.234585
138.749239 275.320194 351.848284
2.348773 -143.922315 290.548604
0.607829 -143.056882 290.079413
-1.133115 -142.191449 289.610223
-2.874059 -141.326016 289.141033
-4.615004 -140.460583 288.671842
-6.355948 -139.595151 288.202652
-8.096892 -138.729718 287.733461
-9.837836 -137.864285 287.264271
-11.578780 -136.998852 286.795080
-13.319724 -136.133419 286.325890
-15.060668 -135.267987 285.856699
-16.801612 -134.402554 285.387509
-18.542556 -133.537121 284.918318
-20.283500 -132.671688 284.449128
-22.024445 -131.806255 283.979937
-23.765389 -130.940823 283.510747
-25.506333 -130.075390 283.041557
-27.247277 -129.209957 282.572366
-28.988221 -128.344524 282.103176
-30.729165 -127.479091 281.633985
-32.470109 -126.613659 281.164795
-34.211053 -125.748226 280.695604
-35.951997 -124.882793 280.226414
-37.692941 -124.017360 279.757223
-39.433886 -123.151927 279.288033
-41.174830 -122.286495 278.818842
-42.915774 -121.421062 278.349652
-44.656718 -120.555629 277.880461
-46.397662 -119.690196 277.411271
-48.138606 -118.824763 276.942081
-49.879550 -117.959331 276.472890
-51.620494 -117.093898 276.003700
-53.361438 -116.228465 275.534509
-55.102382 -115.363032 275.065319
-56.843327 -114.497599 274.596128
-58.584271 -113.632166 274.126938
-60.325215 -112.766734 273.657747
-62.066159 -111.901301 273.188557
-63.807103 -111.035868 272.719366
-65.548047 -110.170435 272.250176
-67.288991 -109.305002 271.780985
-69.029935 -108.439570 271.311795
-70.770879 -107.574137 270.842604
-72.511823 -106.708704 270.373414
-74.252768 -105.843271 269.904224
-75.993712 -104.977838 269.435033
-77.734656 -104.112406 268.965843
-79.475600 -103.246973 268.496652
-81.216544 -102.381540 268.027462
-82.957488 -101.516107 267.558271
-84.698432 -100.650674 267.089081
-86.439376 -99.785242 266.619890
-88.180320 -98.919809 266.150700
-89.921265 -98.054376 265.681509
-91.662209 -97.188943 265.212319
-93.403153 -96.323510 264.743128
-95.144097 -95.458078 264.273938
-96.885041 -94.592645 263.804748
-98.625985 -93.727212 263.335557
-100.366929 -92.861779 262.866367
-102.107873 -91.996346 262.397176
-103.848817 -91.130914 261.927986
-105.589761 -90.265481 261.458795
-107.330706 -89.400048 260.989605
-109.071650 -88.534615 260.520414
-110.812594 -87.669182 260.051224
-112.553538 -86.803750 259.582033
-114.294482 -85.938317 259.112843
-116.035426 -85.072884 258.643652
-117.776370 -84.207451 258.174462
-239.834747 -245.281266 -83.850022
-238.602793 -244.091170 -82.817570
-237.370838 -242.901074 -81.785117
-236.138883 -241.710978 -80.752665
-234.906928 -240.520881 -79.720212
-233.674973 -239.330785 -78.687760
-232.443018 -238.140689 -77.655307
-231.211064 -236.950593 -76.622854
-229.979109 -235.760497 -75.590402
-228.747154 -234.570400 -74.557949
-227.515199 -233.380304 -73.525497
-226.283244 -232.190208 -72.493044
-225.051289 -231.000112 -71.460592
-223.819335 -229.810015 -70.428139
-222.587380 -228.619919 -69.395687
-221.355425 -227.429823 -68.363234
-220.123470 -226.239727 -67.330781
-218.891515 -225.049631 -66.298329
-217.659560 -223.859534 -65.265876
-216.427606 -222.669438 -64.233424
-215.195651 -221.479342 -63.200971
-213.963696 -220.289246 -62.168519
-212.731741 -219.099149 -61.136066
-211.499786 -217.909053 -60.103614
-210.267831 -216.718957 -59.071161
-209.035877 -215.528861 -58.038708
-207.803922 -214.338765 -57.006256
-206.571967 -213.148668 -55.973803
-205.340012 -211.958572 -54.941351
-204.108057 -210.768476 -53.908898
-202.876102 -209.578380 -52.876446
-201.644148 -208.388283 -51.843993
-200.412193 -207.198187 -50.811541
-199.180238 -206.008091 -49.779088
-197.948283 -204.817995 -48.746636
-196.716328 -203.627899 -47.714183
-195.484373 -202.437802 -46.681730
-194.252419 -201.247706 -45.649278
-193.020464 -200.057610 -44.616825
-191.788509 -198.867514 -43.584373
-190.556554 -197.677418 -42.551920
-189.324599 -196.487321 -41.519468
-188.092644 -195.297225 -40.487015
-186.860690 -194.107129 -39.454563
-185.628735 -192.917033 -38.422110
-184.396780 -191.726936 -37.389657
-183.164825 -190.536840 -36.357205
-181.932870 -189.346744 -35.324752
-180.700915 -188.156648 -34.292300
-179.468961 -186.966552 -33.259847
-178.237006 -185.776455 -32.227395
-177.005051 -184.586359 -31.194942
-175.773096 -183.396263 -30.162490
-174.541141 -182.206167 -29.130037
-173.309186 -181.016070 -28.097584
-172.077232 -179.825974 -27.065132
-170.845277 -178.635878 -26.032679
-169.613322 -177.445782 -25.000227
-168.381367 -176.255686 -23.967774
-167.149412 -175.065589 -22.935322
-165.917457 -173.875493 -21.902869
-164.685503 -172.685397 -20.870417
-163.453548 -171.495301 -19.837964
-162.221593 -170.305204 -18.805511
-160.989638 -169.115108 -17.773059
-159.757683 -167.925012 -16.740606
-158.525728 -166.734916 -15.708154
-157.293774 -165.544820 -14.675701
-156.061819 -164.354723 -13.643249
-154.829864 -163.164627 -12.610796
386.286689 252.321460 218.070676
385.599295 251.396481 216.436080
384.911901 250.471502 214.801484
384.224507 249.546524 213.166888
383.537113 248.621545 211.532292
382.849719 247.696567 209.897696
382.162325 246.771588 208.263100
381.474931 245.846609 206.628504
380.787537 244.921631 204.993908
380.100143 243.996652 203.359312
379.412749 243.071673 201.724716
378.725355 242.146695 200.090120
378.037960 241.221716 198.455524
377.350566 240.296738 196.820928
376.663172 239.371759 195.186332
375.975778 238.446780 193.551736
375.288384 237.521802 191.917140
374.600990 236.596823 190.282545
373.913596 235.671845 188.647949
373.226202 234.746866 187.013353
372.538808 233.821887 185.378757
371.851414 232.896909 183.744161
371.164020 231.971930 182.109565
370.476626 231.046952 180.474969
369.789232 230.121973 178.840373
369.101837 229.196994 177.205777
368.414443 228.272016 175.571181
367.727049 227.347037 173.936585
367.039655 226.422058 172.301989
366.352261 225.497080 170.667393
365.664867 224.572101 169.032797
364.977473 223.647123 167.398201
364.290079 222.722144 165.763605
363.602685 221.797165 164.129009
362.915291 220.872187 162.494413
362.227897 219.947208 160.859817
361.540503 219.022230 159.225221
360.853109 218.097251 157.590625
360.165714 217.172272 155.956029
359.478320 216.247294 154.321433
358.790926 215.322315 152.686837
358.103532 214.397337 151.052241
357.416138 213.472358 149.417646
356.728744 212.547379 147.783050
356.041350 211.622401 146.148454
355.353956 210.697422 144.513858
354.666562 209.772443 142.879262
353.979168 208.847465 141.244666
353.291774 207.922486 139.610070
352.604380 206.997508 137.975474
351.916986 206.072529 136.340878
351.229591 205.147550 134.706282
350.542197 204.222572 133.071686
349.854803 203.297593 131.437090
349.167409 202.372615 129.802494
348.480015 201.447636 128.167898
347.792621 200.522657 126.533302
347.105227 199.597679 124.898706
346.417833 198.672700 123.264110
345.730439 197.747722 121.629514
345.043045 196.822743 119.994918
344.355651 195.897764 118.360322
343.668257 194.972786 116.725726
342.980863 194.047807 115.091130
342.293468 193.122829 113.456534
341.606074 192.197850 111.821938
340.918680 191.272871 110.187342
340.231286 190.347893 108.552747
339.543892 189.422914 106.918151
338.856498 188.497935 105.283555
-98.910471 -301.540739 -220.909906
-96.976924 -301.029471 -220.911272
-95.043378 -300.518202 -220.912637
-93.109831 -300.006934 -220.914003
-91.176284 -299.495665 -220.915369
-89.242738 -298.984397 -220.916734
-87.309191 -298.473128 -220.918100
-85.375644 -297.961860 -220.919466
-83.442098 -297.450591 -220.920831
-81.508551 -296.939323 -220.922197
-79.575004 -296.428054 -220.923563
-77.641458 -295.916786 -220.924928
-75.707911 -295.405517 -220.926294
-73.774364 -294.894249 -220.927659
-71.840818 -294.382980 -220.929025
-69.907271 -293.871712 -220.930391
-67.973725 -293.360443 -220.931756
-66.040178 -292.849175 -220.933122
-64.106631 -292.337906 -220.934488
-62.173085 -291.826638 -220.935853
-60.239538 -291.315369 -220.937219
-58.305991 -290.804101 -220.938585
-56.372445 -290.292832 -220.939950
-54.438898 -289.781564 -220.941316
-52.505351 -289.270295 -220.942682
-50.571805 -288.759027 -220.944047
-48.638258 -288.247758 -220.945413
-46.704711 -287.736490 -220.946779
-44.771165 -287.225221 -220.948144
-42.837618 -286.713952 -220.949510
-40.904071 -286.202684 -220.950875
-38.970525 -285.691415 -220.952241
-37.036978 -285.180147 -220.953607
-35.103431 -284.668878 -220.954972
-33.169885 -284.157610 -220.956338
-31.236338 -283.646341 -220.957704
-29.302792 -283.135073 -220.959069
-27.369245 -282.623804 -220.960435
-25.435698 -282.112536 -220.961801
-23.502152 -281.601267 -220.963166
-21.568605 -281.089999 -220.964532
-19.635058 -280.578730 -220.965898
-17.701512 -280.067462 -220.967263
-15.767965 -279.556193 -220.968629
-13.834418 -279.044925 -220.969995
-11.900872 -278.533656 -220.971360
-9.967325 -278.022388 -220.972726
-8.033778 -277.511119 -220.974092
-6.100232 -276.999851 -220.975457
-4.166685 -276.488582 -220.976823
-2.233138 -275.977314 -220.978188
-0.299592 -275.466045 -220.979554
1.633955 -274.954777 -220.980920
3.567502 -274.443508 -220.982285
5.501048 -273.932240 -220.983651
7.434595 -273.420971 -220.985017
9.368141 -272.909703 -220.986382
11.301688 -272.398434 -220.987748
13.235235 -271.887166 -220.989114
15.168781 -271.375897 -220.990479
17.102328 -270.864629 -220.991845
19.035875 -270.353360 -220.993211
20.969421 -269.842092 -220.994576
22.902968 -269.330823 -220.995942
24.836515 -268.819555 -220.997308
26.770061 -268.308286 -220.998673
28.703608 -267.797018 -221.000039
30.637155 -267.285749 -221.001405
32.570701 -266.774481 -221.002770
34.504248 -266.263212 -221.004136
-236.746172 -41.721741 61.797673
-235.863894 -41.868906 60.008839
-234.981616 -42.016071 58.220005
-234.099338 -42.163236 56.431170
-233.217060 -42.310401 54.642336
-232.334782 -42.457566 52.853502
-231.452504 -42.604731 51.064668
-230.570226 -42.751895 49.275833
-229.687948 -42.899060 47.486999
-228.805670 -43.046225 45.698165
-227.923392 -43.193390 43.909330
-227.041114 -43.340555 42.120496
-226.158836 -43.487720 40.331662
-225.276558 -43.634885 38.542828
-224.394280 -43.782050 36.753993
-223.512002 -43.929214 34.965159
-222.629724 -44.076379 33.176325
-221.747446 -44.223544 31.387490
-220.865168 -44.370709 29.598656
-219.982890 -44.517874 27.809822
-219.100612 -44.665039 26.020988
-218.218334 -44.812204 24.232153
-217.336056 -44.959368 22.443319
-216.453778 -45.106533 20.654485
-215.571500 -45.253698 18.865651
-214.689222 -45.400863 17.076816
-213.806945 -45.548028 15.287982
-212.924667 -45.695193 13.499148
-212.042389 -45.842358 11.710313
-211.160111 -45.989523 9.921479
-210.277833 -46.136687 8.132645
-209.395555 -46.283852 6.343811
-208.513277 -46.431017 4.554976
-207.630999 -46.578182 2.766142
-206.748721 -46.725347 0.977308
-205.866443 -46.872512 -0.811527
-204.984165 -47.019677 -2.600361
-204.101887 -47.166841 -4.389195
-203.219609 -47.314006 -6.178029
-202.337331 -47.461171 -7.966864
-201.455053 -47.608336 -9.755698
-200.572775 -47.755501 -11.544532
-199.690497 -47.902666 -13.333367
-198.808219 -48.049831 -15.122201
-197.925941 -48.196996 -16.911035
-197.043663 -48.344160 -18.699869
-196.161385 -48.491325 -20.488704
-195.279107 -48.638490 -22.277538
-194.396829 -48.785655 -24.066372
-193.514551 -48.932820 -25.855206
-192.632273 -49.079985 -27.644041
-191.749995 -49.227150 -29.432875
-190.867717 -49.374314 -31.221709
-189.985439 -49.521479 -33.010544
-189.103161 -49.668644 -34.799378
-188.220883 -49.815809 -36.588212
-187.338605 -49.962974 -38.377046
-186.456327 -50.110139 -40.165881
-185.574049 -50.257304 -41.954715
-184.691771 -50.404469 -43.743549
-183.809493 -50.551633 -45.532384
-182.927215 -50.698798 -47.321218
-182.044938 -50.845963 -49.110052
-181.162660 -50.993128 -50.898886
-180.280382 -51.140293 -52.687721
-179.398104 -51.287458 -54.476555
-178.515826 -51.434623 -56.265389
-177.633548 -51.581788 -58.054223
-176.751270 -51.728952 -59.843058
-175.868992 -51.876117 -61.631892
243.853468 -238.238490 263.249428
244.183832 -239.927778 264.267842
244.514196 -241.617066 265.286256
244.844560 -243.306353 266.304669
245.174924 -244.995641 267.323083
245.505288 -246.684929 268.341497
245.835653 -248.374217 269.359910
246.166017 -250.063504 270.378324
246.496381 -251.752792 271.396738
246.826745 -253.442080 272.415152
247.157109 -255.131368 273.433565
247.487473 -256.820655 274.451979
247.817837 -258.509943 275.470393
248.148201 -260.199231 276.488806
248.478565 -261.888519 277.507220
248.808929 -263.577806 278.525634
249.139293 -265.267094 279.544048
249.469658 -266.956382 280.562461
249.800022 -268.645670 281.580875
250.130386 -270.334957 282.599289
250.460750 -272.024245 283.617702
250.791114 -273.713533 284.636116
251.121478 -275.402821 285.654530
251.451842 -277.092108 286.672944
251.782206 -278.781396 287.691357
252.112570 -280.470684 288.709771
252.442934 -282.159972 289.728185
252.773299 -283.849259 290.746598
253.103663 -285.538547 291.765012
253.434027 -287.227835 292.783426
253.764391 -288.917123 293.801839
254.094755 -290.606410 294.820253
254.425119 -292.295698 295.838667
254.755483 -293.984986 296.857081
255.085847 -295.674274 297.875494
255.416211 -297.363561 298.893908
255.746575 -299.052849 299.912322
256.076939 -300.742137 300.930735
256.407304 -302.431425 301.949149
256.737668 -304.120712 302.967563
257.068032 -305.810000 303.985977
257.398396 -307.499288 305.004390
257.728760 -309.188576 306.022804
258.059124 -310.877863 307.041218
258.389488 -312.567151 308.059631
258.719852 -314.256439 309.078045
259.050216 -315.945727 310.096459
259.380580 -317.635014 311.114872
259.710944 -319.324302 312.133286
260.041309 -321.013590 313.151700
260.371673 -322.702878 314.170114
260.702037 -324.392165 315.188527
261.032401 -326.081453 316.206941
261.362765 -327.770741 317.225355
261.693129 -329.460028 318.243768
262.023493 -331.149316 319.262182
262.353857 -332.838604 320.280596
262.684221 -334.527892 321.299010
263.014585 -336.217179 322.317423
263.344949 -337.906467 323.335837
263.675314 -339.595755 324.354251
264.005678 -341.285043 325.372664
264.336042 -342.974330 326.391078
264.666406 -344.663618 327.409492
264.996770 -346.352906 328.427906
265.327134 -348.042194 329.446319
265.657498 -349.731481 330.464733
265.987862 -351.420769 331.483147
266.318226 -353.110057 332.501560
266.648590 -354.799345 333.519974
-124.386378 290.058428 308.141725
-126.219320 290.490565 307.468240
-128.052262 290.922703 306.794756
-129.885204 291.354840 306.121272
-131.718146 291.786977 305.447787
-133.551087 292.219115 304.774303
-135.384029 292.651252 304.100818
-137.216971 293.083389 303.427334
-139.049913 293.515526 302.753850
-140.882855 293.947664 302.080365
-142.715797 294.379801 301.406881
-144.548739 294.811938 300.733397
-146.381681 295.244076 300.059912
-148.214623 295.676213 299.386428
-150.047565 296.108350 298.712943
-151.880507 296.540487 298.039459
-153.713449 296.972625 297.365975
-155.546391 297.404762 296.692490
-157.379333 297.836899 296.019006
-159.212275 298.269037 295.345522
-161.045217 298.701174 294.672037
-162.878159 299.133311 293.998553
-164.711100 299.565449 293.325068
-166.544042 299.997586 292.651584
-168.376984 300.429723 291.978100
-170.209926 300.861860 291.304615
-172.042868 301.293998 290.631131
-173.875810 301.726135 289.957647
-175.708752 302.158272 289.284162
-177.541694 302.590410 288.610678
-179.374636 303.022547 287.937193
-181.207578 303.454684 287.263709
-183.040520 303.886821 286.590225
-184.873462 304.318959 285.916740
-186.706404 304.751096 285.243256
-188.539346 305.183233 284.569772
-190.372288 305.615371 283.896287
-192.205230 306.047508 283.222803
-194.038172 306.479645 282.549318
-195.871113 306.911782 281.875834
-197.704055 307.343920 281.202350
-199.536997 307.776057 280.528865
-201.369939 308.208194 279.855381
-203.202881 308.640332 279.181897
-205.035823 309.072469 278.508412
-206.868765 309.504606 277.834928
-208.701707 309.936743 277.161443
-210.534649 310.368881 276.487959
-212.367591 310.801018 275.814475
-214.200533 311.233155 275.140990
-216.033475 311.665293 274.467506
-217.866417 312.097430 273.794022
-219.699359 312.529567 273.120537
-221.532301 312.961704 272.447053
-223.365243 313.393842 271.773568
-225.198185 313.825979 271.100084
-227.031126 314.258116 270.426600
-228.864068 314.690254 269.753115
-230.697010 315.122391 269.079631
-232.529952 315.554528 268.406147
-234.362894 315.986665 267.732662
-236.195836 316.418803 267.059178
-238.028778 316.850940 266.385693
-239.861720 317.283077 265.712209
-241.694662 317.715215 265.038725
-243.527604 318.147352 264.365240
-245.360546 318.579489 263.691756
-247.193488 319.011626 263.018272
-249.026430 319.443764 262.344787
-250.859372 319.875901 261.671303
-308.676680 199.518345 263.316496
-308.959515 200.889705 264.744564
-309.242349 202.261064 266.172631
-309.525184 203.632424 267.600699
-309.808019 205.003784 269.028767
-310.090853 206.375144 270.456834
-310.373688 207.746503 271.884902
-310.656523 209.117863 273.312969
-310.939357 210.489223 274.741037
-311.222192 211.860583 276.169105
-311.505027 213.231942 277.597172
-311.787861 214.603302 279.025240
-312.070696 215.974662 280.453307
-312.353531 217.346021 281.881375
-312.636365 218.717381 283.309442
-312.919200 220.088741 284.737510
-313.202035 221.460101 286.165578
-313.484869 222.831460 287.593645
-313.767704 224.202820 289.021713
-314.050539 225.574180 290.449780
-314.333373 226.945540 291.877848
-314.616208 228.316899 293.305916
-314.899043 229.688259 294.733983
-315.181877 231.059619 296.162051
-315.464712 232.430979 297.590118
-315.747547 233.802338 299.018186
-316.030381 235.173698 300.446254
-316.313216 236.545058 301.874321
-316.596051 237.916417 303.302389
-316.878885 239.287777 304.730456
-317.161720 240.659137 306.158524
-317.444555 242.030497 307.586591
-317.727389 243.401856 309.014659
-318.010224 244.773216 310.442727
-318.293059 246.144576 311.870794
-318.575893 247.515936 313.298862
-318.858728 248.887295 314.726929
-319.141563 250.258655 316.154997
-319.424397 251.630015 317.583065
-319.707232 253.001375 319.011132
-319.990067 254.372734 320.439200
-320.272901 255.744094 321.867267
-320.555736 257.115454 323.295335
-320.838571 258.486813 324.723403
-321.121406 259.858173 326.151470
-321.404240 261.229533 327.579538
-321.687075 262.600893 329.007605
-321.969910 263.972252 330.435673
-322.252744 265.343612 331.863740
-322.535579 266.714972 333.291808
-322.818414 268.086332 334.719876
-323.101248 269.457691 336.147943
-323.384083 270.829051 337.576011
-323.666918 272.200411 339.004078
-323.949752 273.571771 340.432146
-324.232587 274.943130 341.860214
-324.515422 276.314490 343.288281
-324.798256 277.685850 344.716349
-325.081091 279.057209 346.144416
-325.363926 280.428569 347.572484
-325.646760 281.799929 349.000551
-325.929595 283.171289 350.428619
-326.212430 284.542648 351.856687
-326.495264 285.914008 353.284754
-326.778099 287.285368 354.712822
-327.060934 288.656728 356.140889
-327.343768 290.028087 357.568957
-327.626603 291.399447 358.997025
-327.909438 292.770807 360.425092
-328.192272 294.142167 361.853160
131.007168 92.775475 -140.803981
132.403872 91.379565 -140.486719
133.800577 89.983656 -140.169458
135.197281 88.587747 -139.852196
136.593985 87.191837 -139.534935
137.990689 85.795928 -139.217673
139.387393 84.400018 -138.900412
140.784097 83.004109 -138.583150
142.180801 81.608200 -138.265889
143.577505 80.212290 -137.948627
144.974209 78.816381 -137.631365
146.370913 77.420472 -137.314104
147.767617 76.024562 -136.996842
149.164321 74.628653 -136.679581
150.561025 73.232744 -136.362319
151.957729 71.836834 -136.045058
153.354433 70.440925 -135.727796
154.751137 69.045016 -135.410535
156.147841 67.649106 -135.093273
157.544545 66.253197 -134.776011
158.941249 64.857288 -134.458750
160.337953 63.461378 -134.141488
161.734658 62.065469 -133.824227
163.131362 60.669560 -133.506965
164.528066 59.273650 -133.189704
165.924770 57.877741 -132.872442
167.321474 56.481832 -132.555181
168.718178 55.085922 -132.237919
170.114882 53.690013 -131.920657
171.511586 52.294104 -131.603396
172.908290 50.898194 -131.286134
174.304994 49.502285 -130.968873
175.701698 48.106376 -130.651611
177.098402 46.710466 -130.334350
178.495106 45.314557 -130.017088
179.891810 43.918647 -129.699827
181.288514 42.522738 -129.382565
182.685218 41.126829 -129.065303
184.081922 39.730919 -128.748042
185.478626 38.335010 -128.430780
186.875330 36.939101 -128.113519
188.272035 35.543191 -127.796257
189.668739 34.147282 -127.478996
191.065443 32.751373 -127.161734
192.462147 31.355463 -126.844473
193.858851 29.959554 -126.527211
195.255555 28.563645 -126.209949
196.652259 27.167735 -125.892688
198.048963 25.771826 -125.575426
199.445667 24.375917 -125.258165
200.842371 22.980007 -124.940903
202.239075 21.584098 -124.623642
203.635779 20.188189 -124.306380
205.032483 18.792279 -123.989119
206.429187 17.396370 -123.671857
207.825891 16.000461 -123.354595
209.222595 14.604551 -123.037334
210.619299 13.208642 -122.720072
212.016003 11.812733 -122.402811
213.412707 10.416823 -122.085549
214.809411 9.020914 -121.768288
216.206116 7.625005 -121.451026
217.602820 6.229095 -121.133765
218.999524 4.833186 -120.816503
220.396228 3.437276 -120.499241
221.792932 2.041367 -120.181980
223.189636 0.645458 -119.864718
224.586340 -0.750452 -119.547457
225.983044 -2.146361 -119.230195
227.379748 -3.542270 -118.912934
70.991032 -283.005219 369.170236
69.724638 -284.232433 368.226736
68.458244 -285.459646 367.283235
67.191850 -286.686859 366.339734
65.925456 -287.914072 365.396233
64.659062 -289.141286 364.452733
63.392667 -290.368499 363.509232
62.126273 -291.595712 362.565731
60.859879 -292.822925 361.622231
59.593485 -294.050139 360.678730
58.327091 -295.277352 359.735229
57.060697 -296.504565 358.791729
55.794303 -297.731779 357.848228
54.527909 -298.958992 356.904727
53.261514 -300.186205 355.961227
51.995120 -301.413418 355.017726
50.728726 -302.640632 354.074225
49.462332 -303.867845 353.130725
48.195938 -305.095058 352.187224
46.929544 -306.322271 351.243723
45.663150 -307.549485 350.300223
44.396756 -308.776698 349.356722
43.130362 -310.003911 348.413221
41.863967 -311.231124 347.469721
40.597573 -312.458338 346.526220
39.331179 -313.685551 345.582719
38.064785 -314.912764 344.639219
36.798391 -316.139977 343.695718
35.531997 -317.367191 342.752217
34.265603 -318.594404 341.808716
32.999209 -319.821617 340.865216
31.732814 -321.048831 339.921715
30.466420 -322.276044 338.978214
29.200026 -323.503257 338.034714
27.933632 -324.730470 337.091213
26.667238 -325.957684 336.147712
25.400844 -327.184897 335.204212
24.134450 -328.412110 334.260711
22.868056 -329.639323 333.317210
21.601661 -330.866537 332.373710
20.335267 -332.093750 331.430209
19.068873 -333.320963 330.486708
17.802479 -334.548176 329.543208
16.536085 -335.775390 328.599707
15.269691 -337.002603 327.656206
14.003297 -338.229816 326.712706
12.736903 -339.457029 325.769205
11.470508 -340.684243 324.825704
10.204114 -341.911456 323.882204
8.937720 -343.138669 322.938703
7.671326 -344.365882 321.995202
6.404932 -345.593096 321.051702
5.138538 -346.820309 320.108201
3.872144 -348.047522 319.164700
2.605750 -349.274736 318.221199
1.339355 -350.501949 317.277699
0.072961 -351.729162 316.334198
-1.193433 -352.956375 315.390697
-2.459827 -354.183589 314.447197
-3.726221 -355.410802 313.503696
-4.992615 -356.638015 312.560195
-6.259009 -357.865228 311.616695
-7.525403 -359.092442 310.673194
-8.791798 -360.319655 309.729693
-10.058192 -361.546868 308.786193
-11.324586 -362.774081 307.842692
-12.590980 -364.001295 306.899191
-13.857374 -365.228508 305.955691
-15.123768 -366.455721 305.012190
-16.390162 -367.682934 304.068689
198.097946 347.211696 -0.974221
197.285517 346.136023 -2.451680
196.473088 345.060351 -3.929140
195.660658 343.984678 -5.406599
194.848229 342.909005 -6.884059
194.035800 341.833333 -8.361519
193.223371 340.757660 -9.838978
192.410942 339.681987 -11.316438
191.598512 338.606315 -12.793898
190.786083 337.530642 -14.271357
189.973654 336.454969 -15.748817
189.161225 335.379296 -17.226277
188.348796 334.303624 -18.703736
187.536366 333.227951 -20.181196
186.723937 332.152278 -21.658656
185.911508 331.076606 -23.136115
185.099079 330.000933 -24.613575
184.286650 328.925260 -26.091035
183.474220 327.849588 -27.568494
182.661791 326.773915 -29.045954
181.849362 325.698242 -30.523414
181.036933 324.622569 -32.000873
180.224504 323.546897 -33.478333
179.412074 322.471224 -34.955793
178.599645 321.395551 -36.433252
177.787216 320.319879 -37.910712
176.974787 319.244206 -39.388172
176.162358 318.168533 -40.865631
175.349928 317.092860 -42.343091
174.537499 316.017188 -43.820550
173.725070 314.941515 -45.298010
172.912641 313.865842 -46.775470
172.100212 312.790170 -48.252929
171.287782 311.714497 -49.730389
170.475353 310.638824 -51.207849
169.662924 309.563152 -52.685308
168.850495 308.487479 -54.162768
168.038066 307.411806 -55.640228
167.225636 306.336133 -57.117687
166.413207 305.260461 -58.595147
165.600778 304.184788 -60.072607
164.788349 303.109115 -61.550066
163.975920 302.033443 -63.027526
163.163490 300.957770 -64.504986
162.351061 299.882097 -65.982445
161.538632 298.806424 -67.459905
160.726203 297.730752 -68.937365
159.913774 296.655079 -70.414824
159.101344 295.579406 -71.892284
158.288915 294.503734 -73.369744
157.476486 293.428061 -74.847203
156.664057 292.352388 -76.324663
155.851628 291.276716 -77.802123
155.039198 290.201043 -79.279582
154.226769 289.125370 -80.757042
153.414340 288.049697 -82.234502
152.601911 286.974025 -83.711961
151.789482 285.898352 -85.189421
150.977052 284.822679 -86.666880
150.164623 283.747007 -88.144340
149.352194 282.671334 -89.621800
148.539765 281.595661 -91.099259
147.727336 280.519989 -92.576719
146.914906 279.444316 -94.054179
146.102477 278.368643 -95.531638
145.290048 277.292970 -97.009098
144.477619 276.217298 -98.486558
143.665190 275.141625 -99.964017
142.852760 274.065952 -101.441477
142.040331 272.990280 -102.918937
-10.455327 -298.975667 -22.889721
-12.210633 -299.599192 -22.161628
-13.965938 -300.222717 -21.433534
-15.721243 -300.846242 -20.705441
-17.476549 -301.469766 -19.977348
-19.231854 -302.093291 -19.249254
-20.987160 -302.716816 -18.521161
-22.742465 -303.340341 -17.793068
-24.497770 -303.963866 -17.064975
-26.253076 -304.587391 -16.336881
-28.008381 -305.210915 -15.608788
-29.763686 -305.834440 -14.880695
-31.518992 -306.457965 -14.152601
-33.274297 -307.081490 -13.424508
-35.029602 -307.705015 -12.696415
-36.784908 -308.328540 -11.968322
-38.540213 -308.952065 -11.240228
-40.295519 -309.575589 -10.512135
-42.050824 -310.199114 -9.784042
-43.806129 -310.822639 -9.055949
-45.561435 -311.446164 -8.327855
-47.316740 -312.069689 -7.599762
-49.072045 -312.693214 -6.871669
-50.827351 -313.316738 -6.143575
-52.582656 -313.940263 -5.415482
-54.337962 -314.563788 -4.687389
-56.093267 -315.187313 -3.959296
-57.848572 -315.810838 -3.231202
-59.603878 -316.434363 -2.503109
-61.359183 -317.057887 -1.775016
-63.114488 -317.681412 -1.046922
-64.869794 -318.304937 -0.318829
-66.625099 -318.928462 0.409264
-68.380405 -319.551987 1.137357
-70.135710 -320.175512 1.865451
-71.891015 -320.799036 2.593544
-73.646321 -321.422561 3.321637
-75.401626 -322.046086 4.049730
-77.156931 -322.669611 4.777824
-78.912237 -323.293136 5.505917
-80.667542 -323.916661 6.234010
-82.422848 -324.540186 6.962104
-84.178153 -325.163710 7.690197
-85.933458 -325.787235 8.418290
-87.688764 -326.410760 9.146383
-89.444069 -327.034285 9.874477
-91.199374 -327.657810 10.602570
-92.954680 -328.281335 11.330663
-94.709985 -328.904859 12.058757
-96.465291 -329.528384 12.786850
-98.220596 -330.151909 13.514943
-99.975901 -330.775434 14.243036
-101.731207 -331.398959 14.971130
-103.486512 -332.022484 15.699223
-105.241817 -332.646008 16.427316
-106.997123 -333.269533 17.155410
-108.752428 -333.893058 17.883503
-110.507734 -334.516583 18.611596
-112.263039 -335.140108 19.339689
-114.018344 -335.763633 20.067783
-115.773650 -336.387157 20.795876
-117.528955 -337.010682 21.523969
-119.284260 -337.634207 22.252062
-121.039566 -338.257732 22.980156
-122.794871 -338.881257 23.708249
-124.550177 -339.504782 24.436342
-126.305482 -340.128307 25.164436
-128.060787 -340.751831 25.892529
-129.816093 -341.375356 26.620622
-131.571398 -341.998881 27.348715
220.365817 141.736946 11.757699
218.456330 141.628777 11.172757
216.546843 141.520608 10.587815
214.637355 141.412439 10.002873
212.727868 141.304270 9.417931
210.818380 141.196101 8.832989
208.908893 141.087932 8.248047
206.999405 140.979763 7.663105
205.089918 140.871593 7.078163
203.180431 140.763424 6.493221
201.270943 140.655255 5.908279
199.361456 140.547086 5.323337
197.451968 140.438917 4.738395
195.542481 140.330748 4.153453
193.632993 140.222579 3.568511
191.723506 140.114410 2.983569
189.814019 140.006241 2.398627
187.904531 139.898071 1.813685
185.995044 139.789902 1.228743
184.085556 139.681733 0.643801
182.176069 139.573564 0.058859
180.266581 139.465395 -0.526083
178.357094 139.357226 -1.111025
176.447607 139.249057 -1.695967
174.538119 139.140888 -2.280909
172.628632 139.032718 -2.865852
170.719144 138.924549 -3.450794
168.809657 138.816380 -4.035736
166.900169 138.708211 -4.620678
164.990682 138.600042 -5.205620
163.081195 138.491873 -5.790562
161.171707 138.383704 -6.375504
159.262220 138.275535 -6.960446
157.352732 138.167366 -7.545388
155.443245 138.059196 -8.130330
153.533757 137.951027 -8.715272
151.624270 137.842858 -9.300214
149.714782 137.734689 -9.885156
147.805295 137.626520 -10.470098
145.895808 137.518351 -11.055040
143.986320 137.410182 -11.639982
142.076833 137.302013 -12.224924
140.167345 137.193844 -12.809866
138.257858 137.085674 -13.394808
136.348370 136.977505 -13.979750
134.438883 136.869336 -14.564692
132.529396 136.761167 -15.149634
130.619908 136.652998 -15.734576
128.710421 136.544829 -16.319518
126.800933 136.436660 -16.904460
124.891446 136.328491 -17.489402
122.981958 136.220321 -18.074345
121.072471 136.112152 -18.659287
119.162984 136.003983 -19.244229
117.253496 135.895814 -19.829171
115.344009 135.787645 -20.414113
113.434521 135.679476 -20.999055
111.525034 135.571307 -21.583997
109.615546 135.463138 -22.168939
107.706059 135.354969 -22.753881
105.796572 135.246799 -23.338823
103.887084 135.138630 -23.923765
101.977597 135.030461 -24.508707
100.068109 134.922292 -25.093649
98.158622 134.814123 -25.678591
96.249134 134.705954 -26.263533
94.339647 134.597785 -26.848475
92.430160 134.489616 -27.433417
90.520672 134.381447 -28.018359
88.611185 134.273277 -28.603301
84.786352 -263.150667 -358.464996
85.426497 -261.803229 -357.132846
86.066642 -260.455790 -355.800696
86.706787 -259.108351 -354.468546
87.346932 -257.760913 -353.136396
87.987077 -256.413474 -351.804247
88.627222 -255.066035 -350.472097
89.267367 -253.718597 -349.139947
89.907512 -252.371158 -347.807797
90.547657 -251.023719 -346.475647
91.187802 -249.676281 -345.143497
91.827947 -248.328842 -343.811347
92.468092 -246.981403 -342.479197
93.108237 -245.633965 -341.147047
93.748382 -244.286526 -339.814897
94.388527 -242.939087 -338.482747
95.028672 -241.591649 -337.150597
95.668817 -240.244210 -335.818448
96.308962 -238.896771 -334.486298
96.949107 -237.549333 -333.154148
97.589252 -236.201894 -331.821998
98.229397 -234.854455 -330.489848
98.869542 -233.507017 -329.157698
99.509687 -232.159578 -327.825548
100.149832 -230.812139 -326.493398
100.789977 -229.464701 -325.161248
101.430122 -228.117262 -323.829098
102.070267 -226.769823 -322.496948
102.710412 -225.422385 -321.164799
103.350557 -224.074946 -319.832649
103.990702 -222.727507 -318.500499
104.630847 -221.380069 -317.168349
105.270992 -220.032630 -315.836199
105.911137 -218.685191 -314.504049
106.551282 -217.337753 -313.171899
107.191427 -215.990314 -311.839749
107.831572 -214.642875 -310.507599
108.471717 -213.295437 -309.175449
109.111862 -211.947998 -307.843299
109.752007 -210.600559 -306.511149
110.392153 -209.253121 -305.179000
111.032298 -207.905682 -303.846850
111.672443 -206.558243 -302.514700
112.312588 -205.210805 -301.182550
112.952733 -203.863366 -299.850400
113.592878 -202.515927 -298.518250
114.233023 -201.168489 -297.186100
114.873168 -199.821050 -295.853950
115.513313 -198.473611 -294.521800
116.153458 -197.126173 -293.189650
116.793603 -195.778734 -291.857500
117.433748 -194.431295 -290.525350
118.073893 -193.083857 -289.193201
118.714038 -191.736418 -287.861051
119.354183 -190.388979 -286.528901
119.994328 -189.041541 -285.196751
120.634473 -187.694102 -283.864601
121.274618 -186.346663 -282.532451
121.914763 -184.999225 -281.200301
122.554908 -183.651786 -279.868151
123.195053 -182.304347 -278.536001
123.835198 -180.956909 -277.203851
124.475343 -179.609470 -275.871701
125.115488 -178.262031 -274.539551
125.755633 -176.914593 -273.207402
126.395778 -175.567154 -271.875252
127.035923 -174.219715 -270.543102
127.676068 -172.872277 -269.210952
128.316213 -171.524838 -267.878802
128.956358 -170.177399 -266.546652
127.488277 -249.885975 104.793212
126.461406 -250.155402 106.488188
125.434534 -250.424829 108.183164
124.407663 -250.694257 109.878140
123.380791 -250.963684 111.573116
122.353919 -251.233111 113.268092
121.327048 -251.502538 114.963068
120.300176 -251.771965 116.658044
119.273304 -252.041392 118.353020
118.246433 -252.310819 120.047996
117.219561 -252.580246 121.742972
116.192690 -252.849673 123.437948
115.165818 -253.119101 125.132924
114.138946 -253.388528 126.827900
113.112075 -253.657955 128.522876
112.085203 -253.927382 130.217852
111.058332 -254.196809 131.912828
110.031460 -254.466236 133.607804
109.004588 -254.735663 135.302781
107.977717 -255.005090 136.997757
106.950845 -255.274517 138.692733
105.923974 -255.543944 140.387709
104.897102 -255.813372 142.082685
103.870230 -256.082799 143.777661
102.843359 -256.352226 145.472637
101.816487 -256.621653 147.167613
100.789615 -256.891080 148.862589
99.762744 -257.160507 150.557565
98.735872 -257.429934 152.252541
97.709001 -257.699361 153.947517
96.682129 -257.968788 155.642493
95.655257 -258.238216 157.337469
94.628386 -258.507643 159.032445
93.601514 -258.777070 160.727421
92.574643 -259.046497 162.422397
91.547771 -259.315924 164.117373
90.520899 -259.585351 165.812349
89.494028 -259.854778 167.507325
88.467156 -260.124205 169.202301
87.440285 -260.393632 170.897277
86.413413 -260.663059 172.592253
85.386541 -260.932487 174.287229
84.359670 -261.201914 175.982205
83.332798 -261.471341 177.677181
82.305926 -261.740768 179.372157
81.279055 -262.010195 181.067133
80.252183 -262.279622 182.762109
79.225312 -262.549049 184.457085
78.198440 -262.818476 186.152061
77.171568 -263.087903 187.847037
76.144697 -263.357331 189.542013
75.117825 -263.626758 191.236989
74.090954 -263.896185 192.931965
73.064082 -264.165612 194.626941
72.037210 -264.435039 196.321917
71.010339 -264.704466 198.016893
69.983467 -264.973893 199.711870
68.956596 -265.243320 201.406846
67.929724 -265.512747 203.101822
66.902852 -265.782174 204.796798
65.875981 -266.051602 206.491774
64.849109 -266.321029 208.186750
63.822237 -266.590456 209.881726
62.795366 -266.859883 211.576702
61.768494 -267.129310 213.271678
60.741623 -267.398737 214.966654
59.714751 -267.668164 216.661630
58.687879 -267.937591 218.356606
57.661008 -268.207018 220.051582
56.634136 -268.476446 221.746558
-56.019572 -177.805537 -77.584094
-55.936230 -179.699346 -78.221700
-55.852888 -181.593155 -78.859306
-55.769546 -183.486965 -79.496911
-55.686203 -185.380774 -80.134517
-55.602861 -187.274583 -80.772123
-55.519519 -189.168392 -81.409728
-55.436177 -191.062201 -82.047334
-55.352835 -192.956010 -82.684940
-55.269493 -194.849819 -83.322545
-55.186151 -196.743629 -83.960151
-55.102809 -198.637438 -84.597757
-55.019467 -200.531247 -85.235362
-54.936125 -202.425056 -85.872968
-54.852783 -204.318865 -86.510574
-54.769441 -206.212674 -87.148180
-54.686099 -208.106483 -87.785785
-54.602757 -210.000293 -88.423391
-54.519415 -211.894102 -89.060997
-54.436073 -213.787911 -89.698602
-54.352731 -215.681720 -90.336208
-54.269389 -217.575529 -90.973814
-54.186047 -219.469338 -91.611419
-54.102705 -221.363148 -92.249025
-54.019363 -223.256957 -92.886631
-53.936021 -225.150766 -93.524236
-53.852679 -227.044575 -94.161842
-53.769337 -228.938384 -94.799448
-53.685995 -230.832193 -95.437054
-53.602653 -232.726002 -96.074659
-53.519311 -234.619812 -96.712265
-53.435969 -236.513621 -97.349871
-53.352627 -238.407430 -97.987476
-53.269285 -240.301239 -98.625082
-53.185943 -242.195048 -99.262688
-53.102601 -244.088857 -99.900293
-53.019259 -245.982666 -100.537899
-52.935917 -247.876476 -101.175505
-52.852575 -249.770285 -101.813110
-52.769233 -251.664094 -102.450716
-52.685891 -253.557903 -103.088322
-52.602549 -255.451712 -103.725927
-52.519207 -257.345521 -104.363533
-52.435865 -259.239331 -105.001139
-52.352523 -261.133140 -105.638745
-52.269181 -263.026949 -106.276350
-52.185839 -264.920758 -106.913956
-52.102497 -266.814567 -107.551562
-52.019154 -268.708376 -108.189167
-51.935812 -270.602185 -108.826773
-51.852470 -272.495995 -109.464379
-51.769128 -274.389804 -110.101984
-51.685786 -276.283613 -110.739590
-51.602444 -278.177422 -111.377196
-51.519102 -280.071231 -112.014801
-51.435760 -281.965040 -112.652407
-51.352418 -283.858849 -113.290013
-51.269076 -285.752659 -113.927619
-51.185734 -287.646468 -114.565224
-51.102392 -289.540277 -115.202830
-51.019050 -291.434086 -115.840436
-50.935708 -293.327895 -116.478041
-50.852366 -295.221704 -117.115647
-50.769024 -297.115513 -117.753253
-50.685682 -299.009323 -118.390858
-50.602340 -300.903132 -119.028464
-50.518998 -302.796941 -119.666070
-50.435656 -304.690750 -120.303675
-50.352314 -306.584559 -120.941281
-50.268972 -308.478368 -121.578887
-285.326099 355.683268 71.894924
-286.418664 355.011373 70.360369
-287.511229 354.339478 68.825814
-288.603794 353.667583 67.291258
-289.696359 352.995689 65.756703
-290.788923 352.323794 64.222148
-291.881488 351.651899 62.687593
-292.974053 350.980004 61.153038
-294.066618 350.308110 59.618483
-295.159183 349.636215 58.083927
-296.251747 348.964320 56.549372
-297.344312 348.292425 55.014817
-298.436877 347.620531 53.480262
-299.529442 346.948636 51.945707
-300.622007 346.276741 50.411151
-301.714572 345.604847 48.876596
-302.807136 344.932952 47.342041
-303.899701 344.261057 45.807486
-304.992266 343.589162 44.272931
-306.084831 342.917268 42.738376
-307.177396 342.245373 41.203820
-308.269960 341.573478 39.669265
-309.362525 340.901583 38.134710
-310.455090 340.229689 36.600155
-311.547655 339.557794 35.065600
-312.640220 338.885899 33.531044
-313.732784 338.214005 31.996489
-314.825349 337.542110 30.461934
-315.917914 336.870215 28.927379
-317.010479 336.198320 27.392824
-318.103044 335.526426 25.858269
-319.195609 334.854531 24.323713
-320.288173 334.182636 22.789158
-321.380738 333.510741 21.254603
-322.473303 332.838847 19.720048
-323.565868 332.166952 18.185493
-324.658433 331.495057 16.650937
-325.750997 330.823162 15.116382
-326.843562 330.151268 13.581827
-327.936127 329.479373 12.047272
-329.028692 328.807478 10.512717
-330.121257 328.135584 8.978162
-331.213821 327.463689 7.443606
-332.306386 326.791794 5.909051
-333.398951 326.119899 4.374496
-334.491516 325.448005 2.839941
-335.584081 324.776110 1.305386
-336.676646 324.104215 -0.229169
-337.769210 323.432320 -1.763725
-338.861775 322.760426 -3.298280
-339.954340 322.088531 -4.832835
-341.046905 321.416636 -6.367390
-342.139470 320.744742 -7.901945
-343.232034 320.072847 -9.436501
-344.324599 319.400952 -10.971056
-345.417164 318.729057 -12.505611
-346.509729 318.057163 -14.040166
-347.602294 317.385268 -15.574721
-348.694858 316.713373 -17.109276
-349.787423 316.041478 -18.643832
-350.879988 315.369584 -20.178387
-351.972553 314.697689 -21.712942
-353.065118 314.025794 -23.247497
-354.157683 313.353899 -24.782052
-355.250247 312.682005 -26.316608
-356.342812 312.010110 -27.851163
-357.435377 311.338215 -29.385718
-358.527942 310.666321 -30.920273
-359.620507 309.994426 -32.454828
-360.713071 309.322531 -33.989383
-193.369040 30.534815 -35.626977
-192.923113 30.572979 -37.576257
-192.477185 30.611143 -39.525537
-192.031257 30.649307 -41.474816
-191.585329 30.687471 -43.424096
-191.139402 30.725635 -45.373376
-190.693474 30.763799 -47.322656
-190.247546 30.801962 -49.271936
-189.801619 30.840126 -51.221216
-189.355691 30.878290 -53.170496
-188.909763 30.916454 -55.119775
-188.463836 30.954618 -57.069055
-188.017908 30.992782 -59.018335
-187.571980 31.030946 -60.967615
-187.126053 31.069109 -62.916895
-186.680125 31.107273 -64.866175
-186.234197 31.145437 -66.815455
-185.788269 31.183601 -68.764735
-185.342342 31.221765 -70.714014
-184.896414 31.259929 -72.663294
-184.450486 31.298093 -74.612574
-184.004559 31.336256 -76.561854
-183.558631 31.374420 -78.511134
-183.112703 31.412584 -80.460414
-182.666776 31.450748 -82.409694
-182.220848 31.488912 -84.358974
-181.774920 31.527076 -86.308253
-181.328993 31.565240 -88.257533
-180.883065 31.603403 -90.206813
-180.437137 31.641567 -92.156093
-179.991209 31.679731 -94.105373
-179.545282 31.717895 -96.054653
-179.099354 31.756059 -98.003933
-178.653426 31.794223 -99.953213
-178.207499 31.832386 -101.902492
-177.761571 31.870550 -103.851772
-177.315643 31.908714 -105.801052
-176.869716 31.946878 -107.750332
-176.423788 31.985042 -109.699612
-175.977860 32.023206 -111.648892
-175.531932 32.061370 -113.598172
-175.086005 32.099533 -115.547451
-174.640077 32.137697 -117.496731
-174.194149 32.175861 -119.446011
-173.748222 32.214025 -121.395291
-173.302294 32.252189 -123.344571
-172.856366 32.290353 -125.293851
-172.410439 32.328517 -127.243131
-171.964511 32.366680 -129.192411
-171.518583 32.404844 -131.141690
-171.072656 32.443008 -133.090970
-170.626728 32.481172 -135.040250
-170.180800 32.519336 -136.989530
-169.734872 32.557500 -138.938810
-169.288945 32.595664 -140.888090
-168.843017 32.633827 -142.837370
-168.397089 32.671991 -144.786650
-167.951162 32.710155 -146.735929
-167.505234 32.748319 -148.685209
-167.059306 32.786483 -150.634489
-166.613379 32.824647 -152.583769
-166.167451 32.862811 -154.533049
-165.721523 32.900974 -156.482329
-165.275595 32.939138 -158.431609
-164.829668 32.977302 -160.380888
-164.383740 33.015466 -162.330168
-163.937812 33.053630 -164.279448
-163.491885 33.091794 -166.228728
-163.045957 33.129958 -168.178008
-162.600029 33.168121 -170.127288
343.135081 360.372240 154.894954
342.942054 358.387070 155.042734
342.749026 356.401900 155.190515
342.555999 354.416729 155.338295
342.362972 352.431559 155.486076
342.169945 350.446388 155.633856
341.976918 348.461218 155.781637
341.783891 346.476048 155.929417
341.590864 344.490877 156.077197
341.397837 342.505707 156.224978
341.204809 340.520536 156.372758
341.011782 338.535366 156.520539
340.818755 336.550196 156.668319
340.625728 334.565025 156.816100
340.432701 332.579855 156.963880
340.239674 330.594684 157.111661
340.046647 328.609514 157.259441
339.853620 326.624344 157.407222
339.660593 324.639173 157.555002
339.467565 322.654003 157.702783
339.274538 320.668833 157.850563
339.081511 318.683662 157.998344
338.888484 316.698492 158.146124
338.695457 314.713321 158.293905
338.502430 312.728151 158.441685
338.309403 310.742981 158.589466
338.116376 308.757810 158.737246
337.923349 306.772640 158.885027
337.730321 304.787469 159.032807
337.537294 302.802299 159.180588
337.344267 300.817129 159.328368
337.151240 298.831958 159.476149
336.958213 296.846788 159.623929
336.765186 294.861618 159.771710
336.572159 292.876447 159.919490
336.379132 290.891277 160.067271
336.186105 288.906106 160.215051
335.993077 286.920936 160.362832
335.800050 284.935766 160.510612
335.607023 282.950595 160.658393
335.413996 280.965425 160.806173
335.220969 278.980254 160.953954
335.027942 276.995084 161.101734
334.834915 275.009914 161.249515
334.641888 273.024743 161.397295
334.448860 271.039573 161.545076
334.255833 269.054403 161.692856
334.062806 267.069232 161.840637
333.869779 265.084062 161.988417
333.676752 263.098891 162.136198
333.483725 261.113721 162.283978
333.290698 259.128551 162.431758
333.097671 257.143380 162.579539
332.904644 255.158210 162.727319
332.711616 253.173039 162.875100
332.518589 251.187869 163.022880
332.325562 249.202699 163.170661
332.132535 247.217528 163.318441
331.939508 245.232358 163.466222
331.746481 243.247188 163.614002
331.553454 241.262017 163.761783
331.360427 239.276847 163.909563
331.167400 237.291676 164.057344
330.974372 235.306506 164.205124
330.781345 233.321336 164.352905
330.588318 231.336165 164.500685
330.395291 229.350995 164.648466
330.202264 227.365824 164.796246
330.009237 225.380654 164.944027
329.816210 223.395484 165.091807
206.535499 -276.822976 259.656823
208.520256 -276.750503 259.892375
210.505014 -276.678030 260.127928
212.489771 -276.605557 260.363480
214.474529 -276.533084 260.599033
216.459286 -276.460612 260.834586
218.444044 -276.388139 261.070138
220.428802 -276.315666 261.305691
222.413559 -276.243193 261.541243
224.398317 -276.170720 261.776796
226.383074 -276.098247 262.012348
228.367832 -276.025774 262.247901
230.352590 -275.953301 262.483454
232.337347 -275.880828 262.719006
234.322105 -275.808355 262.954559
236.306862 -275.735883 263.190111
238.291620 -275.663410 263.425664
240.276377 -275.590937 263.661216
242.261135 -275.518464 263.896769
244.245893 -275.445991 264.132322
246.230650 -275.373518 264.367874
248.215408 -275.301045 264.603427
250.200165 -275.228572 264.838979
252.184923 -275.156099 265.074532
254.169681 -275.083626 265.310084
256.154438 -275.011154 265.545637
258.139196 -274.938681 265.781190
260.123953 -274.866208 266.016742
262.108711 -274.793735 266.252295
264.093468 -274.721262 266.487847
266.078226 -274.648789 266.723400
268.062984 -274.576316 266.958952
270.047741 -274.503843 267.194505
272.032499 -274.431370 267.430058
274.017256 -274.358897 267.665610
276.002014 -274.286425 267.901163
277.986772 -274.213952 268.136715
279.971529 -274.141479 268.372268
281.956287 -274.069006 268.607820
283.941044 -273.996533 268.843373
285.925802 -273.924060 269.078926
287.910559 -273.851587 269.314478
289.895317 -273.779114 269.550031
291.880075 -273.706641 269.785583
293.864832 -273.634168 270.021136
295.849590 -273.561696 270.256689
297.834347 -273.489223 270.492241
299.819105 -273.416750 270.727794
301.803863 -273.344277 270.963346
303.788620 -273.271804 271.198899
305.773378 -273.199331 271.434451
307.758135 -273.126858 271.670004
309.742893 -273.054385 271.905557
311.727650 -272.981912 272.141109
313.712408 -272.909439 272.376662
315.697166 -272.836967 272.612214
317.681923 -272.764494 272.847767
319.666681 -272.692021 273.083319
321.651438 -272.619548 273.318872
323.636196 -272.547075 273.554425
325.620954 -272.474602 273.789977
327.605711 -272.402129 274.025530
329.590469 -272.329656 274.261082
331.575226 -272.257183 274.496635
333.559984 -272.184710 274.732187
335.544741 -272.112238 274.967740
337.529499 -272.039765 275.203293
339.514257 -271.967292 275.438845
341.499014 -271.894819 275.674398
343.483772 -271.822346 275.909950
-11.462028 281.796474 -91.097953
-13.001020 283.073211 -91.136012
-14.540012 284.349947 -91.174072
-16.079003 285.626684 -91.212131
-17.617995 286.903421 -91.250191
-19.156986 288.180157 -91.288251
-20.695978 289.456894 -91.326310
-22.234970 290.733630 -91.364370
-23.773961 292.010367 -91.402429
-25.312953 293.287104 -91.440489
-26.851945 294.563840 -91.478548
-28.390936 295.840577 -91.516608
-29.929928 297.117313 -91.554668
-31.468919 298.394050 -91.592727
-33.007911 299.670786 -91.630787
-34.546903 300.947523 -91.668846
-36.085894 302.224260 -91.706906
-37.624886 303.500996 -91.744965
-39.163877 304.777733 -91.783025
-40.702869 306.054469 -91.821085
-42.241861 307.331206 -91.859144
-43.780852 308.607942 -91.897204
-45.319844 309.884679 -91.935263
-46.858835 311.161416 -91.973323
-48.397827 312.438152 -92.011382
-49.936819 313.714889 -92.049442
-51.475810 314.991625 -92.087501
-53.014802 316.268362 -92.125561
-54.553794 317.545099 -92.163621
-56.092785 318.821835 -92.201680
-57.631777 320.098572 -92.239740
-59.170768 321.375308 -92.277799
-60.709760 322.652045 -92.315859
-62.248752 323.928781 -92.353918
-63.787743 325.205518 -92.391978
-65.326735 326.482255 -92.430038
-66.865726 327.758991 -92.468097
-68.404718 329.035728 -92.506157
-69.943710 330.312464 -92.544216
-71.482701 331.589201 -92.582276
-73.021693 332.865937 -92.620335
-74.560684 334.142674 -92.658395
-76.099676 335.419411 -92.696455
-77.638668 336.696147 -92.734514
-79.177659 337.972884 -92.772574
-80.716651 339.249620 -92.810633
-82.255643 340.526357 -92.848693
-83.794634 341.803093 -92.886752
-85.333626 343.079830 -92.924812
-86.872617 344.356567 -92.962872
-88.411609 345.633303 -93.000931
-89.950601 346.910040 -93.038991
-91.489592 348.186776 -93.077050
-93.028584 349.463513 -93.115110
-94.567575 350.740250 -93.153169
-96.106567 352.016986 -93.191229
-97.645559 353.293723 -93.229289
-99.184550 354.570459 -93.267348
-100.723542 355.847196 -93.305408
-102.262533 357.123932 -93.343467
-103.801525 358.400669 -93.381527
-105.340517 359.677406 -93.419586
-106.879508 360.954142 -93.457646
-108.418500 362.230879 -93.495706
-109.957492 363.507615 -93.533765
-111.496483 364.784352 -93.571825
-113.035475 366.061088 -93.609884
-114.574466 367.337825 -93.647944
-116.113458 368.614562 -93.686003
-117.652450 369.891298 -93.724063
169.989290 244.041058 -41.259915
171.706123 244.714807 -42.033574
173.422956 245.388556 -42.807233
175.139788 246.062305 -43.580892
176.856621 246.736054 -44.354551
178.573453 247.409803 -45.128210
180.290286 248.083552 -45.901869
182.007119 248.757301 -46.675528
183.723951 249.431050 -47.449187
185.440784 250.104798 -48.222846
187.157616 250.778547 -48.996505
188.874449 251.452296 -49.770164
190.591282 252.126045 -50.543822
192.308114 252.799794 -51.317481
194.024947 253.473543 -52.091140
195.741779 254.147292 -52.864799
197.458612 254.821041 -53.638458
199.175445 255.494790 -54.412117
200.892277 256.168539 -55.185776
202.609110 256.842288 -55.959435
204.325943 257.516037 -56.733094
206.042775 258.189786 -57.506753
207.759608 258.863535 -58.280412
209.476440 259.537284 -59.054071
211.193273 260.211033 -59.827730
212.910106 260.884782 -60.601389
214.626938 261.558531 -61.375047
216.343771 262.232280 -62.148706
218.060603 262.906029 -62.922365
219.777436 263.579778 -63.696024
221.494269 264.253527 -64.469683
223.211101 264.927275 -65.243342
224.927934 265.601024 -66.017001
226.644766 266.274773 -66.790660
228.361599 266.948522 -67.564319
230.078432 267.622271 -68.337978
231.795264 268.296020 -69.111637
233.512097 268.969769 -69.885296
235.228929 269.643518 -70.658955
236.945762 270.317267 -71.432613
238.662595 270.991016 -72.206272
240.379427 271.664765 -72.979931
242.096260 272.338514 -73.753590
243.813093 273.012263 -74.527249
245.529925 273.686012 -75.300908
247.246758 274.359761 -76.074567
248.963590 275.033510 -76.848226
250.680423 275.707259 -77.621885
252.397256 276.381008 -78.395544
254.114088 277.054757 -79.169203
255.830921 277.728506 -79.942862
257.547753 278.402255 -80.716521
259.264586 279.076004 -81.490180
260.981419 279.749752 -82.263838
262.698251 280.423501 -83.037497
264.415084 281.097250 -83.811156
266.131916 281.770999 -84.584815
267.848749 282.444748 -85.358474
269.565582 283.118497 -86.132133
271.282414 283.792246 -86.905792
272.999247 284.465995 -87.679451
274.716080 285.139744 -88.453110
276.432912 285.813493 -89.226769
278.149745 286.487242 -90.000428
279.866577 287.160991 -90.774087
281.583410 287.834740 -91.547746
283.300243 288.508489 -92.321404
285.017075 289.182238 -93.095063
286.733908 289.855987 -93.868722
288.450740 290.529736 -94.642381
-342.185260 -337.537752 227.340659
-340.875293 -338.238803 226.001811
-339.565326 -338.939854 224.662963
-338.255360 -339.640905 223.324114
-336.945393 -340.341956 221.985266
-335.635426 -341.043006 220.646417
-334.325459 -341.744057 219.307569
-333.015493 -342.445108 217.968721
-331.705526 -343.146159 216.629872
-330.395559 -343.847210 215.291024
-329.085593 -344.548260 213.952176
-327.775626 -345.249311 212.613327
-326.465659 -345.950362 211.274479
-325.155692 -346.651413 209.935630
-323.845726 -347.352464 208.596782
-322.535759 -348.053514 207.257934
-321.225792 -348.754565 205.919085
-319.915826 -349.455616 204.580237
-318.605859 -350.156667 203.241388
-317.295892 -350.857718 201.902540
-315.985925 -351.558768 200.563692
-314.675959 -352.259819 199.224843
-313.365992 -352.960870 197.885995
-312.056025 -353.661921 196.547147
-310.746059 -354.362972 195.208298
-309.436092 -355.064022 193.869450
-308.126125 -355.765073 192.530601
-306.816158 -356.466124 191.191753
-305.506192 -357.167175 189.852905
-304.196225 -357.868226 188.514056
-302.886258 -358.569276 187.175208
-301.576292 -359.270327 185.836360
-300.266325 -359.971378 184.497511
-298.956358 -360.672429 183.158663
-297.646391 -361.373480 181.819814
-296.336425 -362.074530 180.480966
-295.026458 -362.775581 179.142118
-293.716491 -363.476632 177.803269
-292.406525 -364.177683 176.464421
-291.096558 -364.878734 175.125573
-289.786591 -365.579784 173.786724
-288.476624 -366.280835 172.447876
-287.166658 -366.981886 171.109027
-285.856691 -367.682937 169.770179
-284.546724 -368.383988 168.431331
-283.236758 -369.085038 167.092482
-281.926791 -369.786089 165.753634
-280.616824 -370.487140 164.414786
-279.306857 -371.188191 163.075937
-277.996891 -371.889242 161.737089
-276.686924 -372.590292 160.398240
-275.376957 -373.291343 159.059392
-274.066990 -373.992394 157.720544
-272.757024 -374.693445 156.381695
-271.447057 -375.394496 155.042847
-270.137090 -376.095546 153.703999
-268.827124 -376.796597 152.365150
-267.517157 -377.497648 151.026302
-266.207190 -378.198699 149.687453
-264.897223 -378.899750 148.348605
-263.587257 -379.600800 147.009757
-262.277290 -380.301851 145.670908
-260.967323 -381.002902 144.332060
-259.657357 -381.703953 142.993212
-258.347390 -382.405004 141.654363
-257.037423 -383.106054 140.315515
-255.727456 -383.807105 138.976666
-254.417490 -384.508156 137.637818
-253.107523 -385.209207 136.298970
-251.797556 -385.910258 134.960121
-187.409420 -239.984534 306.709818
-185.918421 -238.684731 307.005512
-184.427422 -237.384929 307.301206
-182.936422 -236.085127 307.596899
-181.445423 -234.785325 307.892593
-179.954423 -233.485522 308.188287
-178.463424 -232.185720 308.483981
-176.972424 -230.885918 308.779675
-175.481425 -229.586116 309.075368
-173.990425 -228.286314 309.371062
-172.499426 -226.986511 309.666756
-171.008426 -225.686709 309.962450
-169.517427 -224.386907 310.258144
-168.026428 -223.087105 310.553837
-166.535428 -221.787302 310.849531
-165.044429 -220.487500 311.145225
-163.553429 -219.187698 311.440919
-162.062430 -217.887896 311.736613
-160.571430 -216.588094 312.032306
-159.080431 -215.288291 312.328000
-157.589431 -213.988489 312.623694
-156.098432 -212.688687 312.919388
-154.607432 -211.388885 313.215082
-153.116433 -210.089083 313.510775
-151.625434 -208.789280 313.806469
-150.134434 -207.489478 314.102163
-148.643435 -206.189676 314.397857
-147.152435 -204.889874 314.693551
-145.661436 -203.590071 314.989244
-144.170436 -202.290269 315.284938
-142.679437 -200.990467 315.580632
-141.188437 -199.690665 315.876326
-139.697438 -198.390863 316.172020
-138.206438 -197.091060 316.467713
-136.715439 -195.791258 316.763407
-135.224440 -194.491456 317.059101
-133.733440 -193.191654 317.354795
-132.242441 -191.891851 317.650489
-130.751441 -190.592049 317.946182
-129.260442 -189.292247 318.241876
-127.769442 -187.992445 318.537570
-126.278443 -186.692643 318.833264
-124.787443 -185.392840 319.128958
-123.296444 -184.093038 319.424651
-121.805444 -182.793236 319.720345
-120.314445 -181.493434 320.016039
-118.823446 -180.193632 320.311733
-117.332446 -178.893829 320.607427
-115.841447 -177.594027 320.903120
-114.350447 -176.294225 321.198814
-112.859448 -174.994423 321.494508
-111.368448 -173.694620 321.790202
-109.877449 -172.394818 322.085896
-108.386449 -171.095016 322.381589
-106.895450 -169.795214 322.677283
-105.404450 -168.495412 322.972977
-103.913451 -167.195609 323.268671
-102.422452 -165.895807 323.564365
-100.931452 -164.596005 323.860058
-99.440453 -163.296203 324.155752
-97.949453 -161.996400 324.451446
-96.458454 -160.696598 324.747140
-94.967454 -159.396796 325.042834
-93.476455 -158.096994 325.338527
-91.985455 -156.797192 325.634221
-90.494456 -155.497389 325.929915
-89.003456 -154.197587 326.225609
-87.512457 -152.897785 326.521303
-86.021458 -151.597983 326.816996
-84.530458 -150.298181 327.112690
289.148906 313.832966 206.218993
287.255035 314.473740 206.270554
285.361163 315.114515 206.322114
283.467291 315.755290 206.373675
281.573420 316.396064 206.425236
279.679548 317.036839 206.476796
277.785677 317.677613 206.528357
275.891805 318.318388 206.579918
273.997934 318.959162 206.631478
272.104062 319.599937 206.683039
270.210191 320.240712 206.734600
268.316319 320.881486 206.786161
266.422448 321.522261 206.837721
264.528576 322.163035 206.889282
262.634704 322.803810 206.940843
260.740833 323.444585 206.992403
258.846961 324.085359 207.043964
256.953090 324.726134 207.095525
255.059218 325.366908 207.147085
253.165347 326.007683 207.198646
251.271475 326.648457 207.250207
249.377604 327.289232 207.301767
247.483732 327.930007 207.353328
245.589861 328.570781 207.404889
243.695989 329.211556 207.456449
241.802117 329.852330 207.508010
239.908246 330.493105 207.559571
238.014374 331.133879 207.611132
236.120503 331.774654 207.662692
234.226631 332.415429 207.714253
232.332760 333.056203 207.765814
230.438888 333.696978 207.817374
228.545017 334.337752 207.868935
226.651145 334.978527 207.920496
224.757274 335.619301 207.972056
222.863402 336.260076 208.023617
220.969530 336.900851 208.075178
219.075659 337.541625 208.126738
217.181787 338.182400 208.178299
215.287916 338.823174 208.229860
213.394044 339.463949 208.281421
211.500173 340.104724 208.332981
209.606301 340.745498 208.384542
207.712430 341.386273 208.436103
205.818558 342.027047 208.487663
203.924687 342.667822 208.539224
202.030815 343.308596 208.590785
200.136943 343.949371 208.642345
198.243072 344.590146 208.693906
196.349200 345.230920 208.745467
194.455329 345.871695 208.797027
192.561457 346.512469 208.848588
190.667586 347.153244 208.900149
188.773714 347.794018 208.951709
186.879843 348.434793 209.003270
184.985971 349.075568 209.054831
183.092100 349.716342 209.106392
181.198228 350.357117 209.157952
179.304356 350.997891 209.209513
177.410485 351.638666 209.261074
175.516613 352.279440 209.312634
173.622742 352.920215 209.364195
171.728870 353.560990 209.415756
169.834999 354.201764 209.467316
167.941127 354.842539 209.518877
166.047256 355.483313 209.570438
164.153384 356.124088 209.621998
162.259512 356.764863 209.673559
160.365641 357.405637 209.725120
158.471769 358.046412 209.776681
144.115082 247.722604 243.089378
144.237314 249.700690 243.358142
144.359547 251.678776 243.626907
144.481779 253.656862 243.895671
144.604011 255.634948 244.164435
144.726244 257.613034 244.433200
144.848476 259.591121 244.701964
144.970709 261.569207 244.970728
145.092941 263.547293 245.239493
145.215173 265.525379 245.508257
145.337406 267.503465 245.777021
145.459638 269.481552 246.045785
145.581871 271.459638 246.314550
145.704103 273.437724 246.583314
145.826335 275.415810 246.852078
145.948568 277.393896 247.120843
146.070800 279.371983 247.389607
146.193033 281.350069 247.658371
146.315265 283.328155 247.927136
146.437498 285.306241 248.195900
146.559730 287.284327 248.464664
146.681962 289.262414 248.733429
146.804195 291.240500 249.002193
146.926427 293.218586 249.270957
147.048660 295.196672 249.539722
147.170892 297.174758 249.808486
147.293124 299.152844 250.077250
147.415357 301.130931 250.346015
147.537589 303.109017 250.614779
147.659822 305.087103 250.883543
147.782054 307.065189 251.152308
147.904286 309.043275 251.421072
148.026519 311.021362 251.689836
148.148751 312.999448 251.958601
148.270984 314.977534 252.227365
148.393216 316.955620 252.496129
148.515449 318.933706 252.764894
148.637681 320.911793 253.033658
148.759913 322.889879 253.302422
148.882146 324.867965 253.571187
149.004378 326.846051 253.839951
149.126611 328.824137 254.108715
149.248843 330.802224 254.377480
149.371075 332.780310 254.646244
149.493308 334.758396 254.915008
149.615540 336.736482 255.183773
149.737773 338.714568 255.452537
149.860005 340.692654 255.721301
149.982237 342.670741 255.990066
150.104470 344.648827 256.258830
150.226702 346.626913 256.527594
150.348935 348.604999 256.796359
150.471167 350.583085 257.065123
150.593400 352.561172 257.333887
150.715632 354.539258 257.602652
150.837864 356.517344 257.871416
150.960097 358.495430 258.140180
151.082329 360.473516 258.408945
151.204562 362.451603 258.677709
151.326794 364.429689 258.946473
151.449026 366.407775 259.215238
151.571259 368.385861 259.484002
151.693491 370.363947 259.752766
151.815724 372.342033 260.021531
151.937956 374.320120 260.290295
152.060188 376.298206 260.559059
152.182421 378.276292 260.827824
152.304653 380.254378 261.096588
152.426886 382.232464 261.365352
152.549118 384.210551 261.634117
-169.374803 90.203961 203.696261
-167.589555 90.318827 202.802003
-165.804308 90.433692 201.907745
-164.019061 90.548558 201.013486
-162.233813 90.663424 200.119228
-160.448566 90.778290 199.224970
-158.663319 90.893155 198.330711
-156.878072 91.008021 197.436453
-155.092824 91.122887 196.542195
-153.307577 91.237753 195.647936
-151.522330 91.352619 194.753678
-149.737082 91.467484 193.859420
-147.951835 91.582350 192.965161
-146.166588 91.697216 192.070903
-144.381340 91.812082 191.176645
-142.596093 91.926947 190.282387
-140.810846 92.041813 189.388128
-139.025598 92.156679 188.493870
-137.240351 92.271545 187.599612
-135.455104 92.386411 186.705353
-133.669857 92.501276 185.811095
-131.884609 92.616142 184.916837
-130.099362 92.731008 184.022578
-128.314115 92.845874 183.128320
-126.528867 92.960739 182.234062
-124.743620 93.075605 181.339803
-122.958373 93.190471 180.445545
-121.173125 93.305337 179.551287
-119.387878 93.420203 178.657029
-117.602631 93.535068 177.762770
-115.817384 93.649934 176.868512
-114.032136 93.764800 175.974254
-112.246889 93.879666 175.079995
-110.461642 93.994531 174.185737
-108.676394 94.109397 173.291479
-106.891147 94.224263 172.397220
-105.105900 94.339129 171.502962
-103.320652 94.453995 170.608704
-101.535405 94.568860 169.714445
-99.750158 94.683726 168.820187
-97.964911 94.798592 167.925929
-96.179663 94.913458 167.031670
-94.394416 95.028323 166.137412
-92.609169 95.143189 165.243154
-90.823921 95.258055 164.348896
-89.038674 95.372921 163.454637
-87.253427 95.487787 162.560379
-85.468179 95.602652 161.666121
-83.682932 95.717518 160.771862
-81.897685 95.832384 159.877604
-80.112438 95.947250 158.983346
-78.327190 96.062116 158.089087
-76.541943 96.176981 157.194829
-74.756696 96.291847 156.300571
-72.971448 96.406713 155.406312
-71.186201 96.521579 154.512054
-69.400954 96.636444 153.617796
-67.615706 96.751310 152.723538
-65.830459 96.866176 151.829279
-64.045212 96.981042 150.935021
-62.259965 97.095908 150.040763
-60.474717 97.210773 149.146504
-58.689470 97.325639 148.252246
-56.904223 97.440505 147.357988
-55.118975 97.555371 146.463729
-53.333728 97.670236 145.569471
-51.548481 97.785102 144.675213
-49.763233 97.899968 143.780954
-47.977986 98.014834 142.886696
-46.192739 98.129700 141.992438
-362.981466 -128.799461 -124.683962
-362.085794 -130.330231 -125.608361
-361.190121 -131.861001 -126.532761
-360.294449 -133.391771 -127.457160
-359.398776 -134.922541 -128.381559
-358.503104 -136.453311 -129.305959
-357.607432 -137.984081 -130.230358
-356.711759 -139.514850 -131.154758
-355.816087 -141.045620 -132.079157
-354.920415 -142.576390 -133.003556
-354.024742 -144.107160 -133.927956
-353.129070 -145.637930 -134.852355
-352.233397 -147.168700 -135.776755
-351.337725 -148.699470 -136.701154
-350.442053 -150.230240 -137.625553
-349.546380 -151.761010 -138.549953
-348.650708 -153.291780 -139.474352
-347.755035 -154.822550 -140.398752
-346.859363 -156.353320 -141.323151
-345.963691 -157.884090 -142.247550
-345.068018 -159.414860 -143.171950
-344.172346 -160.945630 -144.096349
-343.276673 -162.476400 -145.020749
-342.381001 -164.007170 -145.945148
-341.485329 -165.537940 -146.869547
-340.589656 -167.068710 -147.793947
-339.693984 -168.599480 -148.718346
-338.798311 -170.130250 -149.642746
-337.902639 -171.661020 -150.567145
-337.006967 -173.191790 -151.491544
-336.111294 -174.722560 -152.415944
-335.215622 -176.253330 -153.340343
-334.319949 -177.784100 -154.264743
-333.424277 -179.314870 -155.189142
-332.528605 -180.845640 -156.113541
-331.632932 -182.376410 -157.037941
-330.737260 -183.907180 -157.962340
-329.841588 -185.437950 -158.886740
-328.945915 -186.968720 -159.811139
-328.050243 -188.499490 -160.735538
-327.154570 -190.030260 -161.659938
-326.258898 -191.561030 -162.584337
-325.363226 -193.091800 -163.508737
-324.467553 -194.622570 -164.433136
-323.571881 -196.153340 -165.357535
-322.676208 -197.684110 -166.281935
-321.780536 -199.214880 -167.206334
-320.884864 -200.745649 -168.130734
-319.989191 -202.276419 -169.055133
-319.093519 -203.807189 -169.979532
-318.197846 -205.337959 -170.903932
-317.302174 -206.868729 -171.828331
-316.406502 -208.399499 -172.752731
-315.510829 -209.930269 -173.677130
-314.615157 -211.461039 -174.601529
-313.719484 -212.991809 -175.525929
-312.823812 -214.522579 -176.450328
-311.928140 -216.053349 -177.374728
-311.032467 -217.584119 -178.299127
-310.136795 -219.114889 -179.223526
-309.241122 -220.645659 -180.147926
-308.345450 -222.176429 -181.072325
-307.449778 -223.707199 -181.996725
-306.554105 -225.237969 -182.921124
-305.658433 -226.768739 -183.845523
-304.762761 -228.299509 -184.769923
-303.867088 -229.830279 -185.694322
-302.971416 -231.361049 -186.618722
-302.075743 -232.891819 -187.543121
-301.180071 -234.422589 -188.467520
-240.150704 268.222172 112.914199
-239.251466 269.985749 113.199098
-238.352228 271.749326 113.483996
-237.452990 273.512903 113.768895
-236.553752 275.276480 114.053793
-235.654514 277.040058 114.338692
-234.755277 278.803635 114.623590
-233.856039 280.567212 114.908489
-232.956801 282.330789 115.193387
-232.057563 284.094366 115.478286
-231.158325 285.857943 115.763184
-230.259087 287.621520 116.048083
-229.359849 289.385097 116.332981
-228.460611 291.148674 116.617880
-227.561373 292.912251 116.902778
-226.662135 294.675828 117.187677
-225.762897 296.439405 117.472575
-224.863660 298.202982 117.757474
-223.964422 299.966559 118.042372
-223.065184 301.730136 118.327271
-222.165946 303.493713 118.612169
-221.266708 305.257290 118.897068
-220.367470 307.020867 119.181966
-219.468232 308.784445 119.466865
-218.568994 310.548022 119.751764
-217.669756 312.311599 120.036662
-216.770518 314.075176 120.321561
-215.871280 315.838753 120.606459
-214.972043 317.602330 120.891358
-214.072805 319.365907 121.176256
-213.173567 321.129484 121.461155
-212.274329 322.893061 121.746053
-211.375091 324.656638 122.030952
-210.475853 326.420215 122.315850
-209.576615 328.183792 122.600749
-208.677377 329.947369 122.885647
-207.778139 331.710946 123.170546
-206.878901 333.474523 123.455444
-205.979663 335.238100 123.740343
-205.080426 337.001677 124.025241
-204.181188 338.765254 124.310140
-203.281950 340.528831 124.595038
-202.382712 342.292409 124.879937
-201.483474 344.055986 125.164835
-200.584236 345.819563 125.449734
-199.684998 347.583140 125.734632
-198.785760 349.346717 126.019531
-197.886522 351.110294 126.304429
-196.987284 352.873871 126.589328
-196.088046 354.637448 126.874226
-195.188809 356.401025 127.159125
-194.289571 358.164602 127.444023
-193.390333 359.928179 127.728922
-192.491095 361.691756 128.013820
-191.591857 363.455333 128.298719
-190.692619 365.218910 128.583617
-189.793381 366.982487 128.868516
-188.894143 368.746064 129.153414
-187.994905 370.509641 129.438313
-187.095667 372.273218 129.723211
-186.196429 374.036796 130.008110
-185.297192 375.800373 130.293008
-184.397954 377.563950 130.577907
-183.498716 379.327527 130.862805
-182.599478 381.091104 131.147704
-181.700240 382.854681 131.432602
-180.801002 384.618258 131.717501
-179.901764 386.381835 132.002399
-179.002526 388.145412 132.287298
-178.103288 389.908989 132.572196
-247.041646 29.751996 -339.941979
-245.228791 28.908453 -339.897346
-243.415937 28.064909 -339.852712
-241.603082 27.221366 -339.808078
-239.790227 26.377822 -339.763445
-237.977373 25.534279 -339.718811
-236.164518 24.690735 -339.674177
-234.351663 23.847192 -339.629544
-232.538809 23.003648 -339.584910
-230.725954 22.160104 -339.540277
-228.913099 21.316561 -339.495643
-227.100244 20.473017 -339.451009
-225.287390 19.629474 -339.406376
-223.474535 18.785930 -339.361742
-221.661680 17.942387 -339.317109
-219.848826 17.098843 -339.272475
-218.035971 16.255300 -339.227841
-216.223116 15.411756 -339.183208
-214.410262 14.568213 -339.138574
-212.597407 13.724669 -339.093941
-210.784552 12.881125 -339.049307
-208.971698 12.037582 -339.004673
-207.158843 11.194038 -338.960040
-205.345988 10.350495 -338.915406
-203.533133 9.506951 -338.870773
-201.720279 8.663408 -338.826139
-199.907424 7.819864 -338.781505
-198.094569 6.976321 -338.736872
-196.281715 6.132777 -338.692238
-194.468860 5.289234 -338.647605
-192.656005 4.445690 -338.602971
-190.843151 3.602146 -338.558337
-189.030296 2.758603 -338.513704
-187.217441 1.915059 -338.469070
-185.404587 1.071516 -338.424437
-183.591732 0.227972 -338.379803
-181.778877 -0.615571 -338.335169
-179.966023 -1.459115 -338.290536
-178.153168 -2.302658 -338.245902
-176.340313 -3.146202 -338.201268
-174.527458 -3.989746 -338.156635
-172.714604 -4.833289 -338.112001
-170.901749 -5.676833 -338.067368
-169.088894 -6.520376 -338.022734
-167.276040 -7.363920 -337.978100
-165.463185 -8.207463 -337.933467
-163.650330 -9.051007 -337.888833
-161.837476 -9.894550 -337.844200
-160.024621 -10.738094 -337.799566
-158.211766 -11.581637 -337.754932
-156.398912 -12.425181 -337.710299
-154.586057 -13.268725 -337.665665
-152.773202 -14.112268 -337.621032
-150.960348 -14.955812 -337.576398
-149.147493 -15.799355 -337.531764
-147.334638 -16.642899 -337.487131
-145.521783 -17.486442 -337.442497
-143.708929 -18.329986 -337.397864
-141.896074 -19.173529 -337.353230
-140.083219 -20.017073 -337.308596
-138.270365 -20.860616 -337.263963
-136.457510 -21.704160 -337.219329
-134.644655 -22.547704 -337.174696
-132.831801 -23.391247 -337.130062
-131.018946 -24.234791 -337.085428
-129.206091 -25.078334 -337.040795
-127.393237 -25.921878 -336.996161
-125.580382 -26.765421 -336.951528
-123.767527 -27.608965 -336.906894
-121.954672 -28.452508 -336.862260
186.549913 -155.677066 107.106459
187.189674 -156.604481 108.758914
187.829435 -157.531896 110.411368
188.469196 -158.459311 112.063823
189.108958 -159.386726 113.716278
189.748719 -160.314142 115.368733
190.388480 -161.241557 117.021188
191.028241 -162.168972 118.673642
191.668003 -163.096387 120.326097
192.307764 -164.023802 121.978552
192.947525 -164.951217 123.631007
193.587286 -165.878632 125.283461
194.227048 -166.806047 126.935916
194.866809 -167.733462 128.588371
195.506570 -168.660877 130.240826
196.146331 -169.588293 131.893281
196.786093 -170.515708 133.545735
197.425854 -171.443123 135.198190
198.065615 -172.370538 136.850645
198.705376 -173.297953 138.503100
199.345137 -174.225368 140.155554
199.984899 -175.152783 141.808009
200.624660 -176.080198 143.460464
201.264421 -177.007613 145.112919
201.904182 -177.935028 146.765373
202.543944 -178.862444 148.417828
203.183705 -179.789859 150.070283
203.823466 -180.717274 151.722738
204.463227 -181.644689 153.375193
205.102989 -182.572104 155.027647
205.742750 -183.499519 156.680102
206.382511 -184.426934 158.332557
207.022272 -185.354349 159.985012
207.662034 -186.281764 161.637466
208.301795 -187.209180 163.289921
208.941556 -188.136595 164.942376
209.581317 -189.064010 166.594831
210.221079 -189.991425 168.247286
210.860840 -190.918840 169.899740
211.500601 -191.846255 171.552195
212.140362 -192.773670 173.204650
212.780124 -193.701085 174.857105
213.419885 -194.628500 176.509559
214.059646 -195.555915 178.162014
214.699407 -196.483331 179.814469
215.339169 -197.410746 181.466924
215.978930 -198.338161 183.119379
216.618691 -199.265576 184.771833
217.258452 -200.192991 186.424288
217.898214 -201.120406 188.076743
218.537975 -202.047821 189.729198
219.177736 -202.975236 191.381652
219.817497 -203.902651 193.034107
220.457258 -204.830066 194.686562
221.097020 -205.757482 196.339017
221.736781 -206.684897 197.991471
222.376542 -207.612312 199.643926
223.016303 -208.539727 201.296381
223.656065 -209.467142 202.948836
224.295826 -210.394557 204.601291
224.935587 -211.321972 206.253745
225.575348 -212.249387 207.906200
226.215110 -213.176802 209.558655
226.854871 -214.104218 211.211110
227.494632 -215.031633 212.863564
228.134393 -215.959048 214.516019
228.774155 -216.886463 216.168474
229.413916 -217.813878 217.820929
230.053677 -218.741293 219.473384
230.693438 -219.668708 221.125838
399.481151 -208.504927 -13.418394
398.341830 -206.984443 -12.793833
397.202509 -205.463959 -12.169272
396.063188 -203.943476 -11.544710
394.923867 -202.422992 -10.920149
393.784545 -200.902509 -10.295587
392.645224 -199.382025 -9.671026
391.505903 -197.861541 -9.046465
390.366582 -196.341058 -8.421903
389.227261 -194.820574 -7.797342
388.087940 -193.300091 -7.172780
386.948618 -191.779607 -6.548219
385.809297 -190.259123 -5.923658
384.669976 -188.738640 -5.299096
383.530655 -187.218156 -4.674535
382.391334 -185.697673 -4.049973
381.252013 -184.177189 -3.425412
380.112692 -182.656705 -2.800851
378.973370 -181.136222 -2.176289
377.834049 -179.615738 -1.551728
376.694728 -178.095255 -0.927166
375.555407 -176.574771 -0.302605
374.416086 -175.054287 0.321956
373.276765 -173.533804 0.946518
372.137443 -172.013320 1.571079
370.998122 -170.492837 2.195641
369.858801 -168.972353 2.820202
368.719480 -167.451869 3.444763
367.580159 -165.931386 4.069325
366.440838 -164.410902 4.693886
365.301517 -162.890419 5.318448
364.162195 -161.369935 5.943009
363.022874 -159.849451 6.567570
361.883553 -158.328968 7.192132
360.744232 -156.808484 7.816693
359.604911 -155.288001 8.441255
358.465590 -153.767517 9.065816
357.326268 -152.247033 9.690377
356.186947 -150.726550 10.314939
355.047626 -149.206066 10.939500
353.908305 -147.685583 11.564062
352.768984 -146.165099 12.188623
351.629663 -144.644616 12.813185
350.490342 -143.124132 13.437746
349.351020 -141.603648 14.062307
348.211699 -140.083165 14.686869
347.072378 -138.562681 15.311430
345.933057 -137.042198 15.935992
344.793736 -135.521714 16.560553
343.654415 -134.001230 17.185114
342.515093 -132.480747 17.809676
341.375772 -130.960263 18.434237
340.236451 -129.439780 19.058799
339.097130 -127.919296 19.683360
337.957809 -126.398812 20.307921
336.818488 -124.878329 20.932483
335.679167 -123.357845 21.557044
334.539845 -121.837362 22.181606
333.400524 -120.316878 22.806167
332.261203 -118.796394 23.430728
331.121882 -117.275911 24.055290
329.982561 -115.755427 24.679851
328.843240 -114.234944 25.304413
327.703919 -112.714460 25.928974
326.564597 -111.193976 26.553535
325.425276 -109.673493 27.178097
324.285955 -108.153009 27.802658
323.146634 -106.632526 28.427220
322.007313 -105.112042 29.051781
320.867992 -103.591558 29.676342
-82.370163 -270.941568 391.676641
-82.145229 -269.844053 390.019877
-81.920295 -268.746538 388.363113
-81.695362 -267.649023 386.706349
-81.470428 -266.551509 385.049586
-81.245494 -265.453994 383.392822
-81.020560 -264.356479 381.736058
-80.795627 -263.258965 380.079294
-80.570693 -262.161450 378.422530
-80.345759 -261.063935 376.765767
-80.120825 -259.966420 375.109003
-79.895891 -258.868906 373.452239
-79.670958 -257.771391 371.795475
-79.446024 -256.673876 370.138712
-79.221090 -255.576361 368.481948
-78.996156 -254.478847 366.825184
-78.771223 -253.381332 365.168420
-78.546289 -252.283817 363.511656
-78.321355 -251.186303 361.854893
-78.096421 -250.088788 360.198129
-77.871487 -248.991273 358.541365
-77.646554 -247.893758 356.884601
-77.421620 -246.796244 355.227838
-77.196686 -245.698729 353.571074
-76.971752 -244.601214 351.914310
-76.746819 -243.503699 350.257546
-76.521885 -242.406185 348.600782
-76.296951 -241.308670 346.944019
-76.072017 -240.211155 345.287255
-75.847083 -239.113641 343.630491
-75.622150 -238.016126 341.973727
-75.397216 -236.918611 340.316964
-75.172282 -235.821096 338.660200
-74.947348 -234.723582 337.003436
-74.722415 -233.626067 335.346672
-74.497481 -232.528552 333.689908
-74.272547 -231.431037 332.033145
-74.047613 -230.333523 330.376381
-73.822680 -229.236008 328.719617
-73.597746 -228.138493 327.062853
-73.372812 -227.040979 325.406090
-73.147878 -225.943464 323.749326
-72.922944 -224.845949 322.092562
-72.698011 -223.748434 320.435798
-72.473077 -222.650920 318.779034
-72.248143 -221.553405 317.122271
-72.023209 -220.455890 315.465507
-71.798276 -219.358375 313.808743
-71.573342 -218.260861 312.151979
-71.348408 -217.163346 310.495215
-71.123474 -216.065831 308.838452
-70.898540 -214.968317 307.181688
-70.673607 -213.870802 305.524924
-70.448673 -212.773287 303.868160
-70.223739 -211.675772 302.211397
-69.998805 -210.578258 300.554633
-69.773872 -209.480743 298.897869
-69.548938 -208.383228 297.241105
-69.324004 -207.285713 295.584341
-69.099070 -206.188199 293.927578
-68.874136 -205.090684 292.270814
-68.649203 -203.993169 290.614050
-68.424269 -202.895654 288.957286
-68.199335 -201.798140 287.300523
-67.974401 -200.700625 285.643759
-67.749468 -199.603110 283.986995
-67.524534 -198.505596 282.330231
-67.299600 -197.408081 280.673467
-67.074666 -196.310566 279.016704
-66.849732 -195.213051 277.359940
153.654199 293.797352 281.938814
154.806485 292.700532 280.726699
155.958772 291.603713 279.514584
157.111059 290.506894 278.302469
158.263346 289.410075 277.090354
159.415632 288.313256 275.878239
160.567919 287.216436 274.666124
161.720206 286.119617 273.454009
162.872493 285.022798 272.241894
164.024779 283.925979 271.029779
165.177066 282.829160 269.817664
166.329353 281.732340 268.605549
167.481640 280.635521 267.393434
168.633926 279.538702 266.181319
169.786213 278.441883 264.969204
170.938500 277.345063 263.757089
172.090787 276.248244 262.544973
173.243073 275.151425 261.332858
174.395360 274.054606 260.120743
175.547647 272.957787 258.908628
176.699934 271.860967 257.696513
177.852221 270.764148 256.484398
179.004507 269.667329 255.272283
180.156794 268.570510 254.060168
181.309081 267.473691 252.848053
182.461368 266.376871 251.635938
183.613654 265.280052 250.423823
184.765941 264.183233 249.211708
185.918228 263.086414 247.999593
187.070515 261.989595 246.787478
188.222801 260.892775 245.575363
189.375088 259.795956 244.363248
190.527375 258.699137 243.151133
191.679662 257.602318 241.939018
192.831948 256.505498 240.726903
193.984235 255.408679 239.514788
195.136522 254.311860 238.302673
196.288809 253.215041 237.090558
197.441095 252.118222 235.878443
198.593382 251.021402 234.666328
199.745669 249.924583 233.454213
200.897956 248.827764 232.242098
202.050242 247.730945 231.029983
203.202529 246.634126 229.817868
204.354816 245.537306 228.605752
205.507103 244.440487 227.393637
206.659389 243.343668 226.181522
207.811676 242.246849 224.969407
208.963963 241.150030 223.757292
210.116250 240.053210 222.545177
211.268536 238.956391 221.333062
212.420823 237.859572 220.120947
213.573110 236.762753 218.908832
214.725397 235.665934 217.696717
215.877683 234.569114 216.484602
217.029970 233.472295 215.272487
218.182257 232.375476 214.060372
219.334544 231.278657 212.848257
220.486830 230.181837 211.636142
221.639117 229.085018 210.424027
222.791404 227.988199 209.211912
223.943691 226.891380 207.999797
225.095977 225.794561 206.787682
226.248264 224.697741 205.575567
227.400551 223.600922 204.363452
228.552838 222.504103 203.151337
229.705124 221.407284 201.939222
230.857411 220.310465 200.727107
232.009698 219.213645 199.514992
233.161985 218.116826 198.302877
109.224051 -73.651088 42.820425
110.668200 -74.696984 43.726258
112.112350 -75.742880 44.632091
113.556500 -76.788776 45.537923
115.000649 -77.834672 46.443756
116.444799 -78.880568 47.349589
117.888949 -79.926464 48.255422
119.333098 -80.972360 49.161255
120.777248 -82.018256 50.067088
122.221397 -83.064152 50.972921
123.665547 -84.110048 51.878754
125.109697 -85.155945 52.784587
126.553846 -86.201841 53.690420
127.997996 -87.247737 54.596253
129.442146 -88.293633 55.502086
130.886295 -89.339529 56.407919
132.330445 -90.385425 57.313752
133.774595 -91.431321 58.219584
135.218744 -92.477217 59.125417
136.662894 -93.523113 60.031250
138.107043 -94.569009 60.937083
139.551193 -95.614905 61.842916
140.995343 -96.660801 62.748749
142.439492 -97.706697 63.654582
143.883642 -98.752593 64.560415
145.327792 -99.798489 65.466248
146.771941 -100.844385 66.372081
148.216091 -101.890281 67.277914
149.660240 -102.936177 68.183747
151.104390 -103.982074 69.089580
152.548540 -105.027970 69.995412
153.992689 -106.073866 70.901245
155.436839 -107.119762 71.807078
156.880989 -108.165658 72.712911
158.325138 -109.211554 73.618744
159.769288 -110.257450 74.524577
161.213437 -111.303346 75.430410
162.657587 -112.349242 76.336243
164.101737 -113.395138 77.242076
165.545886 -114.441034 78.147909
166.990036 -115.486930 79.053742
168.434186 -116.532826 79.959575
169.878335 -117.578722 80.865408
171.322485 -118.624618 81.771240
172.766635 -119.670514 82.677073
174.210784 -120.716410 83.582906
175.654934 -121.762306 84.488739
177.099083 -122.808203 85.394572
178.543233 -123.854099 86.300405
179.987383 -124.899995 87.206238
181.431532 -125.945891 88.112071
182.875682 -126.991787 89.017904
184.319832 -128.037683 89.923737
185.763981 -129.083579 90.829570
187.208131 -130.129475 91.735403
188.652280 -131.175371 92.641236
190.096430 -132.221267 93.547068
191.540580 -133.267163 94.452901
192.984729 -134.313059 95.358734
194.428879 -135.358955 96.264567
195.873029 -136.404851 97.170400
197.317178 -137.450747 98.076233
198.761328 -138.496643 98.982066
200.205477 -139.542539 99.887899
201.649627 -140.588435 100.793732
203.093777 -141.634332 101.699565
204.537926 -142.680228 102.605398
205.982076 -143.726124 103.511231
207.426226 -144.772020 104.417064
208.870375 -145.817916 105.322897
