-294.344538 -273.175470 -289.055593
-292.673042 -272.458513 -288.223684
-291.001546 -271.741555 -287.391775
-289.330050 -271.024598 -286.559865
-287.658554 -270.307640 -285.727956
-285.987058 -269.590683 -284.896047
-284.315562 -268.873725 -284.064137
-282.644066 -268.156768 -283.232228
-280.972570 -267.439810 -282.400319
-279.301074 -266.722853 -281.568409
-277.629578 -266.005895 -280.736500
-275.958082 -265.288938 -279.904591
-274.286586 -264.571981 -279.072681
-272.615090 -263.855023 -278.240772
-270.943594 -263.138066 -277.408863
-269.272098 -262.421108 -276.576953
-267.600602 -261.704151 -275.745044
-265.929106 -260.987193 -274.913135
-264.257610 -260.270236 -274.081225
-262.586114 -259.553278 -273.249316
-260.914618 -258.836321 -272.417407
-259.243122 -258.119363 -271.585497
-257.571626 -257.402406 -270.753588
-255.900130 -256.685449 -269.921678
-254.228634 -255.968491 -269.089769
-252.557138 -255.251534 -268.257860
-250.885642 -254.534576 -267.425950
-249.214146 -253.817619 -266.594041
-247.542650 -253.100661 -265.762132
-245.871154 -252.383704 -264.930222
-244.199658 -251.666746 -264.098313
-242.528162 -250.949789 -263.266404
-240.856666 -250.232831 -262.434494
-239.185170 -249.515874 -261.602585
-237.513674 -248.798916 -260.770676
-235.842178 -248.081959 -259.938766
-234.170682 -247.365002 -259.106857
-232.499186 -246.648044 -258.274948
-230.827690 -245.931087 -257.443038
-229.156194 -245.214129 -256.611129
-227.484698 -244.497172 -255.779220
-225.813202 -243.780214 -254.947310
-224.141706 -243.063257 -254.115401
-222.470210 -242.346299 -253.283492
-220.798714 -241.629342 -252.451582
-219.127218 -240.912384 -251.619673
-217.455722 -240.195427 -250.787764
-215.784226 -239.478470 -249.955854
-214.112730 -238.761512 -249.123945
-212.441234 -238.044555 -248.292036
-210.769738 -237.327597 -247.460126
-209.098242 -236.610640 -246.628217
-207.426746 -235.893682 -245.796307
-205.755250 -235.176725 -244.964398
-204.083754 -234.459767 -244.132489
-202.412258 -233.742810 -243.300579
-200.740762 -233.025852 -242.468670
-199.069266 -232.308895 -241.636761
-197.397770 -231.591938 -240.804851
-195.726274 -230.874980 -239.972942
-194.054778 -230.158023 -239.141033
-192.383282 -229.441065 -238.309123
-190.711786 -228.724108 -237.477214
-189.040290 -228.007150 -236.645305
-187.368794 -227.290193 -235.813395
-185.697298 -226.573235 -234.981486
-184.025802 -225.856278 -234.149577
-182.354306 -225.139320 -233.317667
-180.682810 -224.422363 -232.485758
-179.011314 -223.705405 -231.653849
-66.416882 236.590320 136.515376
-64.566431 237.304442 136.258738
-62.715981 238.018563 136.002101
-60.865530 238.732685 135.745463
-59.015079 239.446807 135.488825
-57.164629 240.160928 135.232188
-55.314178 240.875050 134.975550
-53.463727 241.589171 134.718913
-51.613277 242.303293 134.462275
-49.762826 243.017414 134.205638
-47.912376 243.731536 133.949000
-46.061925 244.445657 133.692363
-44.211474 245.159779 133.435725
-42.361024 245.873901 133.179088
-40.510573 246.588022 132.922450
-38.660122 247.302144 132.665813
-36.809672 248.016265 132.409175
-34.959221 248.730387 132.152538
-33.108770 249.444508 131.895900
-31.258320 250.158630 131.639262
-29.407869 250.872751 131.382625
-27.557418 251.586873 131.125987
-25.706968 252.300994 130.869350
-23.856517 253.015116 130.612712
-22.006067 253.729238 130.356075
-20.155616 254.443359 130.099437
-18.305165 255.157481 129.842800
-16.454715 255.871602 129.586162
-14.604264 256.585724 129.329525
-12.753813 257.299845 129.072887
-10.903363 258.013967 128.816250
-9.052912 258.728088 128.559612
-7.202461 259.442210 128.302974
-5.352011 260.156332 128.046337
-3.501560 260.870453 127.789699
-1.651109 261.584575 127.533062
0.199341 262.298696 127.276424
2.049792 263.012818 127.019787
3.900242 263.726939 126.763149
5.750693 264.441061 126.506512
7.601144 265.155182 126.249874
9.451594 265.869304 125.993237
11.302045 266.583425 125.736599
13.152496 267.297547 125.479962
15.002946 268.011669 125.223324
16.853397 268.725790 124.966686
18.703848 269.439912 124.710049
20.554298 270.154033 124.453411
22.404749 270.868155 124.196774
24.255200 271.582276 123.940136
26.105650 272.296398 123.683499
27.956101 273.010519 123.426861
29.806551 273.724641 123.170224
31.657002 274.438763 122.913586
33.507453 275.152884 122.656949
35.357903 275.867006 122.400311
37.208354 276.581127 122.143674
39.058805 277.295249 121.887036
40.909255 278.009370 121.630398
42.759706 278.723492 121.373761
44.610157 279.437613 121.117123
46.460607 280.151735 120.860486
48.311058 280.865856 120.603848
50.161509 281.579978 120.347211
52.011959 282.294100 120.090573
53.862410 283.008221 119.833936
55.712861 283.722343 119.577298
57.563311 284.436464 119.320661
59.413762 285.150586 119.064023
61.264212 285.864707 118.807386
197.493942 -265.534639 -72.568720
195.545529 -265.409309 -72.135152
193.597117 -265.283980 -71.701584
191.648704 -265.158650 -71.268017
189.700292 -265.033320 -70.834449
187.751879 -264.907991 -70.400881
185.803466 -264.782661 -69.967313
183.855054 -264.657331 -69.533746
181.906641 -264.532002 -69.100178
179.958229 -264.406672 -68.666610
178.009816 -264.281343 -68.233043
176.061404 -264.156013 -67.799475
174.112991 -264.030683 -67.365907
172.164579 -263.905354 -66.932339
170.216166 -263.780024 -66.498772
168.267753 -263.654695 -66.065204
166.319341 -263.529365 -65.631636
164.370928 -263.404035 -65.198069
162.422516 -263.278706 -64.764501
160.474103 -263.153376 -64.330933
158.525691 -263.028046 -63.897366
156.577278 -262.902717 -63.463798
154.628865 -262.777387 -63.030230
152.680453 -262.652058 -62.596662
150.732040 -262.526728 -62.163095
148.783628 -262.401398 -61.729527
146.835215 -262.276069 -61.295959
144.886803 -262.150739 -60.862392
142.938390 -262.025409 -60.428824
140.989977 -261.900080 -59.995256
139.041565 -261.774750 -59.561688
137.093152 -261.649421 -59.128121
135.144740 -261.524091 -58.694553
133.196327 -261.398761 -58.260985
131.247915 -261.273432 -57.827418
129.299502 -261.148102 -57.393850
127.351090 -261.022773 -56.960282
125.402677 -260.897443 -56.526714
123.454264 -260.772113 -56.093147
121.505852 -260.646784 -55.659579
119.557439 -260.521454 -55.226011
117.609027 -260.396124 -54.792444
115.660614 -260.270795 -54.358876
113.712202 -260.145465 -53.925308
111.763789 -260.020136 -53.491740
109.815376 -259.894806 -53.058173
107.866964 -259.769476 -52.624605
105.918551 -259.644147 -52.191037
103.970139 -259.518817 -51.757470
102.021726 -259.393487 -51.323902
100.073314 -259.268158 -50.890334
98.124901 -259.142828 -50.456766
96.176488 -259.017499 -50.023199
94.228076 -258.892169 -49.589631
92.279663 -258.766839 -49.156063
90.331251 -258.641510 -48.722496
88.382838 -258.516180 -48.288928
86.434426 -258.390851 -47.855360
84.486013 -258.265521 -47.421793
82.537600 -258.140191 -46.988225
80.589188 -258.014862 -46.554657
78.640775 -257.889532 -46.121089
76.692363 -257.764202 -45.687522
74.743950 -257.638873 -45.253954
72.795538 -257.513543 -44.820386
70.847125 -257.388214 -44.386819
68.898713 -257.262884 -43.953251
66.950300 -257.137554 -43.519683
65.001887 -257.012225 -43.086115
63.053475 -256.886895 -42.652548
82.339537 -52.865934 183.663337
83.105313 -51.366613 184.742978
83.871088 -49.867292 185.822620
84.636864 -48.367972 186.902261
85.402639 -46.868651 187.981902
86.168415 -45.369330 189.061543
86.934191 -43.870010 190.141185
87.699966 -42.370689 191.220826
88.465742 -40.871368 192.300467
89.231517 -39.372048 193.380108
89.997293 -37.872727 194.459750
90.763068 -36.373406 195.539391
91.528844 -34.874085 196.619032
92.294620 -33.374765 197.698673
93.060395 -31.875444 198.778314
93.826171 -30.376123 199.857956
94.591946 -28.876803 200.937597
95.357722 -27.377482 202.017238
96.123498 -25.878161 203.096879
96.889273 -24.378840 204.176521
97.655049 -22.879520 205.256162
98.420824 -21.380199 206.335803
99.186600 -19.880878 207.415444
99.952375 -18.381558 208.495086
100.718151 -16.882237 209.574727
101.483927 -15.382916 210.654368
102.249702 -13.883596 211.734009
103.015478 -12.384275 212.813651
103.781253 -10.884954 213.893292
104.547029 -9.385633 214.972933
105.312804 -7.886313 216.052574
106.078580 -6.386992 217.132216
106.844356 -4.887671 218.211857
107.610131 -3.388351 219.291498
108.375907 -1.889030 220.371139
109.141682 -0.389709 221.450781
109.907458 1.109611 222.530422
110.673233 2.608932 223.610063
111.439009 4.108253 224.689704
112.204785 5.607574 225.769345
112.970560 7.106894 226.848987
113.736336 8.606215 227.928628
114.502111 10.105536 229.008269
115.267887 11.604856 230.087910
116.033662 13.104177 231.167552
116.799438 14.603498 232.247193
117.565214 16.102818 233.326834
118.330989 17.602139 234.406475
119.096765 19.101460 235.486117
119.862540 20.600781 236.565758
120.628316 22.100101 237.645399
121.394091 23.599422 238.725040
122.159867 25.098743 239.804682
122.925643 26.598063 240.884323
123.691418 28.097384 241.963964
124.457194 29.596705 243.043605
125.222969 31.096025 244.123247
125.988745 32.595346 245.202888
126.754521 34.094667 246.282529
127.520296 35.593988 247.362170
128.286072 37.093308 248.441811
129.051847 38.592629 249.521453
129.817623 40.091950 250.601094
130.583398 41.591270 251.680735
131.349174 43.090591 252.760376
132.114950 44.589912 253.840018
132.880725 46.089232 254.919659
133.646501 47.588553 255.999300
134.412276 49.087874 257.078941
135.178052 50.587195 258.158583
134.797603 42.016153 -195.981734
133.535103 41.424871 -194.547691
132.272603 40.833590 -193.113648
131.010103 40.242308 -191.679605
129.747603 39.651027 -190.245561
128.485103 39.059746 -188.811518
127.222603 38.468464 -187.377475
125.960103 37.877183 -185.943431
124.697603 37.285901 -184.509388
123.435103 36.694620 -183.075345
122.172603 36.103338 -181.641302
120.910103 35.512057 -180.207258
119.647603 34.920776 -178.773215
118.385103 34.329494 -177.339172
117.122603 33.738213 -175.905128
115.860104 33.146931 -174.471085
114.597604 32.555650 -173.037042
113.335104 31.964369 -171.602998
112.072604 31.373087 -170.168955
110.810104 30.781806 -168.734912
109.547604 30.190524 -167.300869
108.285104 29.599243 -165.866825
107.022604 29.007962 -164.432782
105.760104 28.416680 -162.998739
104.497604 27.825399 -161.564695
103.235104 27.234117 -160.130652
101.972604 26.642836 -158.696609
100.710104 26.051555 -157.262565
99.447604 25.460273 -155.828522
98.185104 24.868992 -154.394479
96.922604 24.277710 -152.960436
95.660104 23.686429 -151.526392
94.397604 23.095148 -150.092349
93.135104 22.503866 -148.658306
91.872604 21.912585 -147.224262
90.610104 21.321303 -145.790219
89.347605 20.730022 -144.356176
88.085105 20.138741 -142.922133
86.822605 19.547459 -141.488089
85.560105 18.956178 -140.054046
84.297605 18.364896 -138.620003
83.035105 17.773615 -137.185959
81.772605 17.182334 -135.751916
80.510105 16.591052 -134.317873
79.247605 15.999771 -132.883829
77.985105 15.408489 -131.449786
76.722605 14.817208 -130.015743
75.460105 14.225927 -128.581700
74.197605 13.634645 -127.147656
72.935105 13.043364 -125.713613
71.672605 12.452082 -124.279570
70.410105 11.860801 -122.845526
69.147605 11.269520 -121.411483
67.885105 10.678238 -119.977440
66.622605 10.086957 -118.543396
65.360105 9.495675 -117.109353
64.097606 8.904394 -115.675310
62.835106 8.313113 -114.241267
61.572606 7.721831 -112.807223
60.310106 7.130550 -111.373180
59.047606 6.539268 -109.939137
57.785106 5.947987 -108.505093
56.522606 5.356706 -107.071050
55.260106 4.765424 -105.637007
53.997606 4.174143 -104.202964
52.735106 3.582861 -102.768920
51.472606 2.991580 -101.334877
50.210106 2.400299 -99.900834
48.947606 1.809017 -98.466790
47.685106 1.217736 -97.032747
-40.594083 41.714004 284.521084
-39.422746 41.857773 282.906370
-38.251410 42.001542 281.291656
-37.080073 42.145311 279.676942
-35.908737 42.289080 278.062228
-34.737400 42.432849 276.447514
-33.566064 42.576618 274.832800
-32.394727 42.720387 273.218086
-31.223391 42.864156 271.603372
-30.052054 43.007925 269.988658
-28.880718 43.151694 268.373944
-27.709381 43.295462 266.759230
-26.538044 43.439231 265.144516
-25.366708 43.583000 263.529802
-24.195371 43.726769 261.915088
-23.024035 43.870538 260.300374
-21.852698 44.014307 258.685660
-20.681362 44.158076 257.070946
-19.510025 44.301845 255.456232
-18.338689 44.445614 253.841518
-17.167352 44.589383 252.226804
-15.996016 44.733152 250.612091
-14.824679 44.876921 248.997377
-13.653342 45.020690 247.382663
-12.482006 45.164459 245.767949
-11.310669 45.308228 244.153235
-10.139333 45.451997 242.538521
-8.967996 45.595766 240.923807
-7.796660 45.739534 239.309093
-6.625323 45.883303 237.694379
-5.453987 46.027072 236.079665
-4.282650 46.170841 234.464951
-3.111314 46.314610 232.850237
-1.939977 46.458379 231.235523
-0.768640 46.602148 229.620809
0.402696 46.745917 228.006095
1.574033 46.889686 226.391381
2.745369 47.033455 224.776667
3.916706 47.177224 223.161953
5.088042 47.320993 221.547239
6.259379 47.464762 219.932525
7.430715 47.608531 218.317811
8.602052 47.752300 216.703097
9.773388 47.896069 215.088383
10.944725 48.039838 213.473669
12.116062 48.183606 211.858955
13.287398 48.327375 210.244241
14.458735 48.471144 208.629527
15.630071 48.614913 207.014813
16.801408 48.758682 205.400099
17.972744 48.902451 203.785386
19.144081 49.046220 202.170672
20.315417 49.189989 200.555958
21.486754 49.333758 198.941244
22.658090 49.477527 197.326530
23.829427 49.621296 195.711816
25.000764 49.765065 194.097102
26.172100 49.908834 192.482388
27.343437 50.052603 190.867674
28.514773 50.196372 189.252960
29.686110 50.340141 187.638246
30.857446 50.483910 186.023532
32.028783 50.627679 184.408818
33.200119 50.771447 182.794104
34.371456 50.915216 181.179390
35.542792 51.058985 179.564676
36.714129 51.202754 177.949962
37.885466 51.346523 176.335248
39.056802 51.490292 174.720534
40.228139 51.634061 173.105820
-17.265703 -173.526608 98.988844
-16.152194 -171.867035 99.065746
-15.038685 -170.207461 99.142648
-13.925176 -168.547888 99.219550
-12.811668 -166.888315 99.296452
-11.698159 -165.228741 99.373354
-10.584650 -163.569168 99.450256
-9.471141 -161.909594 99.527158
-8.357632 -160.250021 99.604060
-7.244123 -158.590447 99.680962
-6.130614 -156.930874 99.757864
-5.017105 -155.271301 99.834766
-3.903596 -153.611727 99.911668
-2.790087 -151.952154 99.988570
-1.676578 -150.292580 100.065472
-0.563070 -148.633007 100.142374
0.550439 -146.973433 100.219276
1.663948 -145.313860 100.296178
2.777457 -143.654287 100.373080
3.890966 -141.994713 100.449982
5.004475 -140.335140 100.526884
6.117984 -138.675566 100.603786
7.231493 -137.015993 100.680688
8.345002 -135.356419 100.757590
9.458511 -133.696846 100.834492
10.572020 -132.037272 100.911394
11.685529 -130.377699 100.988296
12.799037 -128.718126 101.065198
13.912546 -127.058552 101.142100
15.026055 -125.398979 101.219002
16.139564 -123.739405 101.295904
17.253073 -122.079832 101.372806
18.366582 -120.420258 101.449708
19.480091 -118.760685 101.526610
20.593600 -117.101112 101.603512
21.707109 -115.441538 101.680414
22.820618 -113.781965 101.757316
23.934127 -112.122391 101.834218
25.047635 -110.462818 101.911120
26.161144 -108.803244 101.988022
27.274653 -107.143671 102.064924
28.388162 -105.484097 102.141826
29.501671 -103.824524 102.218728
30.615180 -102.164951 102.295630
31.728689 -100.505377 102.372532
32.842198 -98.845804 102.449434
33.955707 -97.186230 102.526336
35.069216 -95.526657 102.603238
36.182725 -93.867083 102.680140
37.296233 -92.207510 102.757042
38.409742 -90.547937 102.833944
39.523251 -88.888363 102.910846
40.636760 -87.228790 102.987748
41.750269 -85.569216 103.064650
42.863778 -83.909643 103.141552
43.977287 -82.250069 103.218454
45.090796 -80.590496 103.295356
46.204305 -78.930923 103.372258
47.317814 -77.271349 103.449160
48.431323 -75.611776 103.526062
49.544831 -73.952202 103.602964
50.658340 -72.292629 103.679866
51.771849 -70.633055 103.756768
52.885358 -68.973482 103.833670
53.998867 -67.313908 103.910572
55.112376 -65.654335 103.987474
56.225885 -63.994762 104.064376
57.339394 -62.335188 104.141278
58.452903 -60.675615 104.218180
59.566412 -59.016041 104.295082
266.123195 51.032618 37.011417
266.019496 53.025337 36.876074
265.915796 55.018056 36.740731
265.812097 57.010775 36.605388
265.708397 59.003494 36.470045
265.604698 60.996213 36.334702
265.500998 62.988932 36.199359
265.397298 64.981650 36.064016
265.293599 66.974369 35.928673
265.189899 68.967088 35.793330
265.086200 70.959807 35.657987
264.982500 72.952526 35.522644
264.878801 74.945245 35.387301
264.775101 76.937964 35.251958
264.671402 78.930683 35.116615
264.567702 80.923402 34.981272
264.464003 82.916121 34.845929
264.360303 84.908840 34.710586
264.256604 86.901559 34.575243
264.152904 88.894277 34.439900
264.049205 90.886996 34.304557
263.945505 92.879715 34.169214
263.841806 94.872434 34.033871
263.738106 96.865153 33.898528
263.634407 98.857872 33.763185
263.530707 100.850591 33.627842
263.427008 102.843310 33.492499
263.323308 104.836029 33.357156
263.219608 106.828748 33.221813
263.115909 108.821467 33.086470
263.012209 110.814186 32.951127
262.908510 112.806904 32.815784
262.804810 114.799623 32.680441
262.701111 116.792342 32.545098
262.597411 118.785061 32.409755
262.493712 120.777780 32.274412
262.390012 122.770499 32.139069
262.286313 124.763218 32.003726
262.182613 126.755937 31.868383
262.078914 128.748656 31.733040
261.975214 130.741375 31.597697
261.871515 132.734094 31.462354
261.767815 134.726813 31.327011
261.664116 136.719531 31.191668
261.560416 138.712250 31.056325
261.456717 140.704969 30.920982
261.353017 142.697688 30.785639
261.249317 144.690407 30.650296
261.145618 146.683126 30.514953
261.041918 148.675845 30.379610
260.938219 150.668564 30.244267
260.834519 152.661283 30.108924
260.730820 154.654002 29.973581
260.627120 156.646721 29.838238
260.523421 158.639440 29.702895
260.419721 160.632158 29.567552
260.316022 162.624877 29.432209
260.212322 164.617596 29.296866
260.108623 166.610315 29.161523
260.004923 168.603034 29.026180
259.901224 170.595753 28.890837
259.797524 172.588472 28.755494
259.693825 174.581191 28.620151
259.590125 176.573910 28.484808
259.486426 178.566629 28.349465
259.382726 180.559348 28.214122
259.279026 182.552066 28.078779
259.175327 184.544785 27.943435
259.071627 186.537504 27.808092
258.967928 188.530223 27.672749
-123.789894 -84.840185 81.830583
-125.713151 -84.295644 81.898093
-127.636408 -83.751103 81.965603
-129.559666 -83.206563 82.033112
-131.482923 -82.662022 82.100622
-133.406180 -82.117481 82.168132
-135.329437 -81.572941 82.235642
-137.252694 -81.028400 82.303152
-139.175951 -80.483859 82.370662
-141.099208 -79.939319 82.438172
-143.022465 -79.394778 82.505682
-144.945722 -78.850237 82.573191
-146.868979 -78.305697 82.640701
-148.792236 -77.761156 82.708211
-150.715494 -77.216615 82.775721
-152.638751 -76.672074 82.843231
-154.562008 -76.127534 82.910741
-156.485265 -75.582993 82.978251
-158.408522 -75.038452 83.045761
-160.331779 -74.493912 83.113270
-162.255036 -73.949371 83.180780
-164.178293 -73.404830 83.248290
-166.101550 -72.860290 83.315800
-168.024807 -72.315749 83.383310
-169.948065 -71.771208 83.450820
-171.871322 -71.226668 83.518330
-173.794579 -70.682127 83.585840
-175.717836 -70.137586 83.653350
-177.641093 -69.593046 83.720859
-179.564350 -69.048505 83.788369
-181.487607 -68.503964 83.855879
-183.410864 -67.959423 83.923389
-185.334121 -67.414883 83.990899
-187.257378 -66.870342 84.058409
-189.180635 -66.325801 84.125919
-191.103893 -65.781261 84.193429
-193.027150 -65.236720 84.260938
-194.950407 -64.692179 84.328448
-196.873664 -64.147639 84.395958
-198.796921 -63.603098 84.463468
-200.720178 -63.058557 84.530978
-202.643435 -62.514017 84.598488
-204.566692 -61.969476 84.665998
-206.489949 -61.424935 84.733508
-208.413206 -60.880395 84.801017
-210.336464 -60.335854 84.868527
-212.259721 -59.791313 84.936037
-214.182978 -59.246772 85.003547
-216.106235 -58.702232 85.071057
-218.029492 -58.157691 85.138567
-219.952749 -57.613150 85.206077
-221.876006 -57.068610 85.273587
-223.799263 -56.524069 85.341097
-225.722520 -55.979528 85.408606
-227.645777 -55.434988 85.476116
-229.569034 -54.890447 85.543626
-231.492292 -54.345906 85.611136
-233.415549 -53.801366 85.678646
-235.338806 -53.256825 85.746156
-237.262063 -52.712284 85.813666
-239.185320 -52.167743 85.881176
-241.108577 -51.623203 85.948685
-243.031834 -51.078662 86.016195
-244.955091 -50.534121 86.083705
-246.878348 -49.989581 86.151215
-248.801605 -49.445040 86.218725
-250.724863 -48.900499 86.286235
-252.648120 -48.355959 86.353745
-254.571377 -47.811418 86.421255
-256.494634 -47.266877 86.488764
-48.492335 -62.944472 -175.942057
-48.203724 -64.847596 -176.485032
-47.915112 -66.750720 -177.028008
-47.626500 -68.653844 -177.570984
-47.337888 -70.556967 -178.113960
-47.049276 -72.460091 -178.656936
-46.760664 -74.363215 -179.199912
-46.472052 -76.266339 -179.742887
-46.183440 -78.169463 -180.285863
-45.894828 -80.072587 -180.828839
-45.606216 -81.975711 -181.371815
-45.317604 -83.878834 -181.914791
-45.028993 -85.781958 -182.457767
-44.740381 -87.685082 -183.000742
-44.451769 -89.588206 -183.543718
-44.163157 -91.491330 -184.086694
-43.874545 -93.394454 -184.629670
-43.585933 -95.297578 -185.172646
-43.297321 -97.200701 -185.715622
-43.008709 -99.103825 -186.258598
-42.720097 -101.006949 -186.801573
-42.431485 -102.910073 -187.344549
-42.142873 -104.813197 -187.887525
-41.854262 -106.716321 -188.430501
-41.565650 -108.619444 -188.973477
-41.277038 -110.522568 -189.516453
-40.988426 -112.425692 -190.059428
-40.699814 -114.328816 -190.602404
-40.411202 -116.231940 -191.145380
-40.122590 -118.135064 -191.688356
-39.833978 -120.038188 -192.231332
-39.545366 -121.941311 -192.774308
-39.256754 -123.844435 -193.317283
-38.968142 -125.747559 -193.860259
-38.679531 -127.650683 -194.403235
-38.390919 -129.553807 -194.946211
-38.102307 -131.456931 -195.489187
-37.813695 -133.360055 -196.032163
-37.525083 -135.263178 -196.575138
-37.236471 -137.166302 -197.118114
-36.947859 -139.069426 -197.661090
-36.659247 -140.972550 -198.204066
-36.370635 -142.875674 -198.747042
-36.082023 -144.778798 -199.290018
-35.793411 -146.681922 -199.832994
-35.504799 -148.585045 -200.375969
-35.216188 -150.488169 -200.918945
-34.927576 -152.391293 -201.461921
-34.638964 -154.294417 -202.004897
-34.350352 -156.197541 -202.547873
-34.061740 -158.100665 -203.090849
-33.773128 -160.003789 -203.633824
-33.484516 -161.906912 -204.176800
-33.195904 -163.810036 -204.719776
-32.907292 -165.713160 -205.262752
-32.618680 -167.616284 -205.805728
-32.330068 -169.519408 -206.348704
-32.041457 -171.422532 -206.891679
-31.752845 -173.325656 -207.434655
-31.464233 -175.228779 -207.977631
-31.175621 -177.131903 -208.520607
-30.887009 -179.035027 -209.063583
-30.598397 -180.938151 -209.606559
-30.309785 -182.841275 -210.149535
-30.021173 -184.744399 -210.692510
-29.732561 -186.647522 -211.235486
-29.443949 -188.550646 -211.778462
-29.155337 -190.453770 -212.321438
-28.866726 -192.356894 -212.864414
-28.578114 -194.260018 -213.407390
-53.464423 -123.563093 230.448602
-52.253527 -125.083753 229.978148
-51.042632 -126.604412 229.507693
-49.831737 -128.125072 229.037239
-48.620841 -129.645731 228.566785
-47.409946 -131.166391 228.096330
-46.199051 -132.687050 227.625876
-44.988155 -134.207710 227.155422
-43.777260 -135.728369 226.684968
-42.566365 -137.249028 226.214513
-41.355469 -138.769688 225.744059
-40.144574 -140.290347 225.273605
-38.933679 -141.811007 224.803151
-37.722783 -143.331666 224.332696
-36.511888 -144.852326 223.862242
-35.300993 -146.372985 223.391788
-34.090097 -147.893645 222.921333
-32.879202 -149.414304 222.450879
-31.668307 -150.934964 221.980425
-30.457411 -152.455623 221.509971
-29.246516 -153.976283 221.039516
-28.035621 -155.496942 220.569062
-26.824725 -157.017602 220.098608
-25.613830 -158.538261 219.628154
-24.402935 -160.058921 219.157699
-23.192039 -161.579580 218.687245
-21.981144 -163.100240 218.216791
-20.770249 -164.620899 217.746336
-19.559354 -166.141559 217.275882
-18.348458 -167.662218 216.805428
-17.137563 -169.182878 216.334974
-15.926668 -170.703537 215.864519
-14.715772 -172.224197 215.394065
-13.504877 -173.744856 214.923611
-12.293982 -175.265516 214.453156
-11.083086 -176.786175 213.982702
-9.872191 -178.306835 213.512248
-8.661296 -179.827494 213.041794
-7.450400 -181.348154 212.571339
-6.239505 -182.868813 212.100885
-5.028610 -184.389473 211.630431
-3.817714 -185.910132 211.159977
-2.606819 -187.430792 210.689522
-1.395924 -188.951451 210.219068
-0.185028 -190.472111 209.748614
1.025867 -191.992770 209.278159
2.236762 -193.513430 208.807705
3.447658 -195.034089 208.337251
4.658553 -196.554748 207.866797
5.869448 -198.075408 207.396342
7.080344 -199.596067 206.925888
8.291239 -201.116727 206.455434
9.502134 -202.637386 205.984979
10.713030 -204.158046 205.514525
11.923925 -205.678705 205.044071
13.134820 -207.199365 204.573617
14.345716 -208.720024 204.103162
15.556611 -210.240684 203.632708
16.767506 -211.761343 203.162254
17.978402 -213.282003 202.691800
19.189297 -214.802662 202.221345
20.400192 -216.323322 201.750891
21.611088 -217.843981 201.280437
22.821983 -219.364641 200.809982
24.032878 -220.885300 200.339528
25.243774 -222.405960 199.869074
26.454669 -223.926619 199.398620
27.665564 -225.447279 198.928165
28.876460 -226.967938 198.457711
30.087355 -228.488598 197.987257
-49.739613 -57.988480 50.134469
-48.862420 -56.238626 49.723932
-47.985226 -54.488771 49.313395
-47.108032 -52.738917 48.902857
-46.230838 -50.989063 48.492320
-45.353644 -49.239208 48.081783
-44.476451 -47.489354 47.671245
-43.599257 -45.739500 47.260708
-42.722063 -43.989645 46.850171
-41.844869 -42.239791 46.439633
-40.967676 -40.489937 46.029096
-40.090482 -38.740082 45.618559
-39.213288 -36.990228 45.208022
-38.336094 -35.240374 44.797484
-37.458900 -33.490519 44.386947
-36.581707 -31.740665 43.976410
-35.704513 -29.990811 43.565872
-34.827319 -28.240956 43.155335
-33.950125 -26.491102 42.744798
-33.072931 -24.741248 42.334261
-32.195738 -22.991393 41.923723
-31.318544 -21.241539 41.513186
-30.441350 -19.491685 41.102649
-29.564156 -17.741830 40.692111
-28.686963 -15.991976 40.281574
-27.809769 -14.242122 39.871037
-26.932575 -12.492267 39.460499
-26.055381 -10.742413 39.049962
-25.178187 -8.992559 38.639425
-24.300994 -7.242704 38.228888
-23.423800 -5.492850 37.818350
-22.546606 -3.742996 37.407813
-21.669412 -1.993141 36.997276
-20.792218 -0.243287 36.586738
-19.915025 1.506567 36.176201
-19.037831 3.256422 35.765664
-18.160637 5.006276 35.355126
-17.283443 6.756130 34.944589
-16.406250 8.505985 34.534052
-15.529056 10.255839 34.123515
-14.651862 12.005693 33.712977
-13.774668 13.755548 33.302440
-12.897474 15.505402 32.891903
-12.020281 17.255256 32.481365
-11.143087 19.005111 32.070828
-10.265893 20.754965 31.660291
-9.388699 22.504819 31.249753
-8.511505 24.254674 30.839216
-7.634312 26.004528 30.428679
-6.757118 27.754382 30.018142
-5.879924 29.504237 29.607604
-5.002730 31.254091 29.197067
-4.125537 33.003945 28.786530
-3.248343 34.753800 28.375992
-2.371149 36.503654 27.965455
-1.493955 38.253508 27.554918
-0.616761 40.003363 27.144380
0.260432 41.753217 26.733843
1.137626 43.503071 26.323306
2.014820 45.252926 25.912769
2.892014 47.002780 25.502231
3.769208 48.752634 25.091694
4.646401 50.502489 24.681157
5.523595 52.252343 24.270619
6.400789 54.002197 23.860082
7.277983 55.752052 23.449545
8.155176 57.501906 23.039008
9.032370 59.251760 22.628470
9.909564 61.001615 22.217933
10.786758 62.751469 21.807396
-166.844720 -15.656249 172.893967
-167.588071 -13.848039 173.315642
-168.331422 -12.039830 173.737316
-169.074773 -10.231621 174.158991
-169.818124 -8.423412 174.580665
-170.561475 -6.615203 175.002340
-171.304826 -4.806994 175.424015
-172.048176 -2.998785 175.845689
-172.791527 -1.190576 176.267364
-173.534878 0.617633 176.689038
-174.278229 2.425842 177.110713
-175.021580 4.234051 177.532387
-175.764931 6.042260 177.954062
-176.508281 7.850469 178.375737
-177.251632 9.658679 178.797411
-177.994983 11.466888 179.219086
-178.738334 13.275097 179.640760
-179.481685 15.083306 180.062435
-180.225036 16.891515 180.484110
-180.968386 18.699724 180.905784
-181.711737 20.507933 181.327459
-182.455088 22.316142 181.749133
-183.198439 24.124351 182.170808
-183.941790 25.932560 182.592483
-184.685141 27.740769 183.014157
-185.428492 29.548978 183.435832
-186.171842 31.357187 183.857506
-186.915193 33.165397 184.279181
-187.658544 34.973606 184.700855
-188.401895 36.781815 185.122530
-189.145246 38.590024 185.544205
-189.888597 40.398233 185.965879
-190.631947 42.206442 186.387554
-191.375298 44.014651 186.809228
-192.118649 45.822860 187.230903
-192.862000 47.631069 187.652578
-193.605351 49.439278 188.074252
-194.348702 51.247487 188.495927
-195.092052 53.055696 188.917601
-195.835403 54.863906 189.339276
-196.578754 56.672115 189.760950
-197.322105 58.480324 190.182625
-198.065456 60.288533 190.604300
-198.808807 62.096742 191.025974
-199.552158 63.904951 191.447649
-200.295508 65.713160 191.869323
-201.038859 67.521369 192.290998
-201.782210 69.329578 192.712673
-202.525561 71.137787 193.134347
-203.268912 72.945996 193.556022
-204.012263 74.754205 193.977696
-204.755613 76.562414 194.399371
-205.498964 78.370624 194.821046
-206.242315 80.178833 195.242720
-206.985666 81.987042 195.664395
-207.729017 83.795251 196.086069
-208.472368 85.603460 196.507744
-209.215718 87.411669 196.929418
-209.959069 89.219878 197.351093
-210.702420 91.028087 197.772768
-211.445771 92.836296 198.194442
-212.189122 94.644505 198.616117
-212.932473 96.452714 199.037791
-213.675824 98.260923 199.459466
-214.419174 100.069132 199.881141
-215.162525 101.877342 200.302815
-215.905876 103.685551 200.724490
-216.649227 105.493760 201.146164
-217.392578 107.301969 201.567839
-218.135929 109.110178 201.989513
109.045211 -4.798774 -177.626776
110.823872 -5.042717 -178.508170
112.602533 -5.286659 -179.389565
114.381194 -5.530602 -180.270960
116.159855 -5.774544 -181.152355
117.938516 -6.018487 -182.033750
119.717177 -6.262429 -182.915144
121.495838 -6.506372 -183.796539
123.274499 -6.750315 -184.677934
125.053160 -6.994257 -185.559329
126.831821 -7.238200 -186.440724
128.610482 -7.482142 -187.322118
130.389144 -7.726085 -188.203513
132.167805 -7.970027 -189.084908
133.946466 -8.213970 -189.966303
135.725127 -8.457912 -190.847698
137.503788 -8.701855 -191.729092
139.282449 -8.945797 -192.610487
141.061110 -9.189740 -193.491882
142.839771 -9.433682 -194.373277
144.618432 -9.677625 -195.254672
146.397093 -9.921567 -196.136066
148.175754 -10.165510 -197.017461
149.954415 -10.409452 -197.898856
151.733077 -10.653395 -198.780251
153.511738 -10.897337 -199.661646
155.290399 -11.141280 -200.543040
157.069060 -11.385222 -201.424435
158.847721 -11.629165 -202.305830
160.626382 -11.873107 -203.187225
162.405043 -12.117050 -204.068620
164.183704 -12.360992 -204.950014
165.962365 -12.604935 -205.831409
167.741026 -12.848877 -206.712804
169.519687 -13.092820 -207.594199
171.298348 -13.336763 -208.475594
173.077010 -13.580705 -209.356988
174.855671 -13.824648 -210.238383
176.634332 -14.068590 -211.119778
178.412993 -14.312533 -212.001173
180.191654 -14.556475 -212.882568
181.970315 -14.800418 -213.763963
183.748976 -15.044360 -214.645357
185.527637 -15.288303 -215.526752
187.306298 -15.532245 -216.408147
189.084959 -15.776188 -217.289542
190.863620 -16.020130 -218.170937
192.642281 -16.264073 -219.052331
194.420943 -16.508015 -219.933726
196.199604 -16.751958 -220.815121
197.978265 -16.995900 -221.696516
199.756926 -17.239843 -222.577911
201.535587 -17.483785 -223.459305
203.314248 -17.727728 -224.340700
205.092909 -17.971670 -225.222095
206.871570 -18.215613 -226.103490
208.650231 -18.459555 -226.984885
210.428892 -18.703498 -227.866279
212.207553 -18.947440 -228.747674
213.986214 -19.191383 -229.629069
215.764876 -19.435325 -230.510464
217.543537 -19.679268 -231.391859
219.322198 -19.923211 -232.273253
221.100859 -20.167153 -233.154648
222.879520 -20.411096 -234.036043
224.658181 -20.655038 -234.917438
226.436842 -20.898981 -235.798833
228.215503 -21.142923 -236.680227
229.994164 -21.386866 -237.561622
231.772825 -21.630808 -238.443017
75.532265 189.680202 -255.540400
73.818725 189.188714 -254.633638
72.105184 188.697226 -253.726876
70.391643 188.205737 -252.820113
68.678103 187.714249 -251.913351
66.964562 187.222761 -251.006589
65.251021 186.731272 -250.099827
63.537481 186.239784 -249.193065
61.823940 185.748296 -248.286302
60.110400 185.256807 -247.379540
58.396859 184.765319 -246.472778
56.683318 184.273830 -245.566016
54.969778 183.782342 -244.659254
53.256237 183.290854 -243.752492
51.542696 182.799365 -242.845729
49.829156 182.307877 -241.938967
48.115615 181.816389 -241.032205
46.402074 181.324900 -240.125443
44.688534 180.833412 -239.218681
42.974993 180.341923 -238.311919
41.261452 179.850435 -237.405156
39.547912 179.358947 -236.498394
37.834371 178.867458 -235.591632
36.120830 178.375970 -234.684870
34.407290 177.884482 -233.778108
32.693749 177.392993 -232.871346
30.980209 176.901505 -231.964583
29.266668 176.410017 -231.057821
27.553127 175.918528 -230.151059
25.839587 175.427040 -229.244297
24.126046 174.935551 -228.337535
22.412505 174.444063 -227.430773
20.698965 173.952575 -226.524010
18.985424 173.461086 -225.617248
17.271883 172.969598 -224.710486
15.558343 172.478110 -223.803724
13.844802 171.986621 -222.896962
12.131261 171.495133 -221.990200
10.417721 171.003645 -221.083437
8.704180 170.512156 -220.176675
6.990639 170.020668 -219.269913
5.277099 169.529179 -218.363151
3.563558 169.037691 -217.456389
1.850018 168.546203 -216.549626
0.136477 168.054714 -215.642864
-1.577064 167.563226 -214.736102
-3.290604 167.071738 -213.829340
-5.004145 166.580249 -212.922578
-6.717686 166.088761 -212.015816
-8.431226 165.597273 -211.109053
-10.144767 165.105784 -210.202291
-11.858308 164.614296 -209.295529
-13.571848 164.122807 -208.388767
-15.285389 163.631319 -207.482005
-16.998930 163.139831 -206.575243
-18.712470 162.648342 -205.668480
-20.426011 162.156854 -204.761718
-22.139552 161.665366 -203.854956
-23.853092 161.173877 -202.948194
-25.566633 160.682389 -202.041432
-27.280173 160.190900 -201.134670
-28.993714 159.699412 -200.227907
-30.707255 159.207924 -199.321145
-32.420795 158.716435 -198.414383
-34.134336 158.224947 -197.507621
-35.847877 157.733459 -196.600859
-37.561417 157.241970 -195.694097
-39.274958 156.750482 -194.787334
-40.988499 156.258994 -193.880572
-42.702039 155.767505 -192.973810
-41.977279 -113.026794 224.095081
-40.398199 -111.800633 224.039978
-38.819119 -110.574472 223.984876
-37.240039 -109.348311 223.929774
-35.660960 -108.122150 223.874672
-34.081880 -106.895989 223.819570
-32.502800 -105.669828 223.764468
-30.923720 -104.443667 223.709366
-29.344640 -103.217507 223.654264
-27.765560 -101.991346 223.599162
-26.186480 -100.765185 223.544060
-24.607401 -99.539024 223.488957
-23.028321 -98.312863 223.433855
-21.449241 -97.086702 223.378753
-19.870161 -95.860541 223.323651
-18.291081 -94.634380 223.268549
-16.712001 -93.408219 223.213447
-15.132921 -92.182058 223.158345
-13.553842 -90.955898 223.103243
-11.974762 -89.729737 223.048141
-10.395682 -88.503576 222.993038
-8.816602 -87.277415 222.937936
-7.237522 -86.051254 222.882834
-5.658442 -84.825093 222.827732
-4.079362 -83.598932 222.772630
-2.500282 -82.372771 222.717528
-0.921203 -81.146610 222.662426
0.657877 -79.920449 222.607324
2.236957 -78.694289 222.552222
3.816037 -77.468128 222.497119
5.395117 -76.241967 222.442017
6.974197 -75.015806 222.386915
8.553277 -73.789645 222.331813
10.132356 -72.563484 222.276711
11.711436 -71.337323 222.221609
13.290516 -70.111162 222.166507
14.869596 -68.885001 222.111405
16.448676 -67.658840 222.056303
18.027756 -66.432680 222.001201
19.606836 -65.206519 221.946098
21.185915 -63.980358 221.890996
22.764995 -62.754197 221.835894
24.344075 -61.528036 221.780792
25.923155 -60.301875 221.725690
27.502235 -59.075714 221.670588
29.081315 -57.849553 221.615486
30.660395 -56.623392 221.560384
32.239474 -55.397231 221.505282
33.818554 -54.171071 221.450179
35.397634 -52.944910 221.395077
36.976714 -51.718749 221.339975
38.555794 -50.492588 221.284873
40.134874 -49.266427 221.229771
41.713954 -48.040266 221.174669
43.293033 -46.814105 221.119567
44.872113 -45.587944 221.064465
46.451193 -44.361783 221.009363
48.030273 -43.135622 220.954260
49.609353 -41.909462 220.899158
51.188433 -40.683301 220.844056
52.767513 -39.457140 220.788954
54.346593 -38.230979 220.733852
55.925672 -37.004818 220.678750
57.504752 -35.778657 220.623648
59.083832 -34.552496 220.568546
60.662912 -33.326335 220.513444
62.241992 -32.100174 220.458341
63.821072 -30.874013 220.403239
65.400152 -29.647853 220.348137
66.979231 -28.421692 220.293035
-25.722915 70.658789 -154.410294
-25.115145 70.081996 -152.594275
-24.507374 69.505203 -150.778256
-23.899603 68.928409 -148.962237
-23.291833 68.351616 -147.146219
-22.684062 67.774823 -145.330200
-22.076291 67.198030 -143.514181
-21.468521 66.621237 -141.698162
-20.860750 66.044444 -139.882143
-20.252979 65.467651 -138.066124
-19.645209 64.890858 -136.250105
-19.037438 64.314065 -134.434086
-18.429668 63.737272 -132.618067
-17.821897 63.160479 -130.802049
-17.214126 62.583685 -128.986030
-16.606356 62.006892 -127.170011
-15.998585 61.430099 -125.353992
-15.390814 60.853306 -123.537973
-14.783044 60.276513 -121.721954
-14.175273 59.699720 -119.905935
-13.567502 59.122927 -118.089916
-12.959732 58.546134 -116.273898
-12.351961 57.969341 -114.457879
-11.744191 57.392548 -112.641860
-11.136420 56.815755 -110.825841
-10.528649 56.238961 -109.009822
-9.920879 55.662168 -107.193803
-9.313108 55.085375 -105.377784
-8.705337 54.508582 -103.561765
-8.097567 53.931789 -101.745746
-7.489796 53.354996 -99.929728
-6.882025 52.778203 -98.113709
-6.274255 52.201410 -96.297690
-5.666484 51.624617 -94.481671
-5.058714 51.047824 -92.665652
-4.450943 50.471031 -90.849633
-3.843172 49.894237 -89.033614
-3.235402 49.317444 -87.217595
-2.627631 48.740651 -85.401577
-2.019860 48.163858 -83.585558
-1.412090 47.587065 -81.769539
-0.804319 47.010272 -79.953520
-0.196548 46.433479 -78.137501
0.411222 45.856686 -76.321482
1.018993 45.279893 -74.505463
1.626763 44.703100 -72.689444
2.234534 44.126306 -70.873425
2.842305 43.549513 -69.057407
3.450075 42.972720 -67.241388
4.057846 42.395927 -65.425369
4.665617 41.819134 -63.609350
5.273387 41.242341 -61.793331
5.881158 40.665548 -59.977312
6.488929 40.088755 -58.161293
7.096699 39.511962 -56.345274
7.704470 38.935169 -54.529256
8.312240 38.358376 -52.713237
8.920011 37.781582 -50.897218
9.527782 37.204789 -49.081199
10.135552 36.627996 -47.265180
10.743323 36.051203 -45.449161
11.351094 35.474410 -43.633142
11.958864 34.897617 -41.817123
12.566635 34.320824 -40.001104
13.174406 33.744031 -38.185086
13.782176 33.167238 -36.369067
14.389947 32.590445 -34.553048
14.997717 32.013652 -32.737029
15.605488 31.436858 -30.921010
16.213259 30.860065 -29.104991
102.602360 -15.347853 -257.971578
102.861575 -13.364813 -257.952611
103.120789 -11.381773 -257.933643
103.380003 -9.398733 -257.914676
103.639218 -7.415693 -257.895709
103.898432 -5.432653 -257.876741
104.157647 -3.449613 -257.857774
104.416861 -1.466573 -257.838807
104.676076 0.516468 -257.819839
104.935290 2.499508 -257.800872
105.194504 4.482548 -257.781905
105.453719 6.465588 -257.762937
105.712933 8.448628 -257.743970
105.972148 10.431668 -257.725003
106.231362 12.414708 -257.706035
106.490577 14.397748 -257.687068
106.749791 16.380789 -257.668101
107.009006 18.363829 -257.649133
107.268220 20.346869 -257.630166
107.527434 22.329909 -257.611199
107.786649 24.312949 -257.592231
108.045863 26.295989 -257.573264
108.305078 28.279029 -257.554297
108.564292 30.262069 -257.535329
108.823507 32.245109 -257.516362
109.082721 34.228150 -257.497395
109.341935 36.211190 -257.478427
109.601150 38.194230 -257.459460
109.860364 40.177270 -257.440493
110.119579 42.160310 -257.421525
110.378793 44.143350 -257.402558
110.638008 46.126390 -257.383591
110.897222 48.109430 -257.364623
111.156436 50.092471 -257.345656
111.415651 52.075511 -257.326689
111.674865 54.058551 -257.307721
111.934080 56.041591 -257.288754
112.193294 58.024631 -257.269787
112.452509 60.007671 -257.250819
112.711723 61.990711 -257.231852
112.970937 63.973751 -257.212885
113.230152 65.956792 -257.193917
113.489366 67.939832 -257.174950
113.748581 69.922872 -257.155983
114.007795 71.905912 -257.137015
114.267010 73.888952 -257.118048
114.526224 75.871992 -257.099081
114.785439 77.855032 -257.080113
115.044653 79.838072 -257.061146
115.303867 81.821112 -257.042179
115.563082 83.804153 -257.023211
115.822296 85.787193 -257.004244
116.081511 87.770233 -256.985277
116.340725 89.753273 -256.966309
116.599940 91.736313 -256.947342
116.859154 93.719353 -256.928375
117.118368 95.702393 -256.909407
117.377583 97.685433 -256.890440
117.636797 99.668474 -256.871473
117.896012 101.651514 -256.852505
118.155226 103.634554 -256.833538
118.414441 105.617594 -256.814571
118.673655 107.600634 -256.795603
118.932869 109.583674 -256.776636
119.192084 111.566714 -256.757668
119.451298 113.549754 -256.738701
119.710513 115.532795 -256.719734
119.969727 117.515835 -256.700766
120.228942 119.498875 -256.681799
120.488156 121.481915 -256.662832
177.323660 -160.474123 272.766278
178.253030 -158.972919 271.826780
179.182401 -157.471715 270.887282
180.111771 -155.970511 269.947783
181.041142 -154.469307 269.008285
181.970512 -152.968103 268.068786
182.899883 -151.466899 267.129288
183.829253 -149.965695 266.189789
184.758624 -148.464491 265.250291
185.687994 -146.963287 264.310792
186.617364 -145.462083 263.371294
187.546735 -143.960879 262.431796
188.476105 -142.459675 261.492297
189.405476 -140.958471 260.552799
190.334846 -139.457268 259.613300
191.264217 -137.956064 258.673802
192.193587 -136.454860 257.734303
193.122958 -134.953656 256.794805
194.052328 -133.452452 255.855307
194.981698 -131.951248 254.915808
195.911069 -130.450044 253.976310
196.840439 -128.948840 253.036811
197.769810 -127.447636 252.097313
198.699180 -125.946432 251.157814
199.628551 -124.445228 250.218316
200.557921 -122.944024 249.278817
201.487292 -121.442820 248.339319
202.416662 -119.941616 247.399821
203.346032 -118.440412 246.460322
204.275403 -116.939208 245.520824
205.204773 -115.438005 244.581325
206.134144 -113.936801 243.641827
207.063514 -112.435597 242.702328
207.992885 -110.934393 241.762830
208.922255 -109.433189 240.823331
209.851626 -107.931985 239.883833
210.780996 -106.430781 238.944335
211.710366 -104.929577 238.004836
212.639737 -103.428373 237.065338
213.569107 -101.927169 236.125839
214.498478 -100.425965 235.186341
215.427848 -98.924761 234.246842
216.357219 -97.423557 233.307344
217.286589 -95.922353 232.367846
218.215960 -94.421149 231.428347
219.145330 -92.919946 230.488849
220.074700 -91.418742 229.549350
221.004071 -89.917538 228.609852
221.933441 -88.416334 227.670353
222.862812 -86.915130 226.730855
223.792182 -85.413926 225.791356
224.721553 -83.912722 224.851858
225.650923 -82.411518 223.912360
226.580294 -80.910314 222.972861
227.509664 -79.409110 222.033363
228.439035 -77.907906 221.093864
229.368405 -76.406702 220.154366
230.297775 -74.905498 219.214867
231.227146 -73.404294 218.275369
232.156516 -71.903090 217.335871
233.085887 -70.401886 216.396372
234.015257 -68.900683 215.456874
234.944628 -67.399479 214.517375
235.873998 -65.898275 213.577877
236.803369 -64.397071 212.638378
237.732739 -62.895867 211.698880
238.662109 -61.394663 210.759381
239.591480 -59.893459 209.819883
240.520850 -58.392255 208.880385
241.450221 -56.891051 207.940886
76.565017 212.217811 209.219405
74.916025 211.173682 208.782805
73.267033 210.129553 208.346204
71.618042 209.085424 207.909603
69.969050 208.041295 207.473003
68.320058 206.997166 207.036402
66.671066 205.953037 206.599801
65.022074 204.908908 206.163201
63.373082 203.864778 205.726600
61.724090 202.820649 205.289999
60.075098 201.776520 204.853399
58.426106 200.732391 204.416798
56.777114 199.688262 203.980198
55.128122 198.644133 203.543597
53.479130 197.600004 203.106996
51.830138 196.555875 202.670396
50.181146 195.511746 202.233795
48.532154 194.467617 201.797194
46.883163 193.423488 201.360594
45.234171 192.379359 200.923993
43.585179 191.335230 200.487392
41.936187 190.291101 200.050792
40.287195 189.246972 199.614191
38.638203 188.202843 199.177590
36.989211 187.158714 198.740990
35.340219 186.114585 198.304389
33.691227 185.070456 197.867788
32.042235 184.026327 197.431188
30.393243 182.982197 196.994587
28.744251 181.938068 196.557986
27.095259 180.893939 196.121386
25.446267 179.849810 195.684785
23.797276 178.805681 195.248184
22.148284 177.761552 194.811584
20.499292 176.717423 194.374983
18.850300 175.673294 193.938382
17.201308 174.629165 193.501782
15.552316 173.585036 193.065181
13.903324 172.540907 192.628580
12.254332 171.496778 192.191980
10.605340 170.452649 191.755379
8.956348 169.408520 191.318778
7.307356 168.364391 190.882178
5.658364 167.320262 190.445577
4.009372 166.276133 190.008976
2.360380 165.232004 189.572376
0.711389 164.187875 189.135775
-0.937603 163.143746 188.699174
-2.586595 162.099616 188.262574
-4.235587 161.055487 187.825973
-5.884579 160.011358 187.389372
-7.533571 158.967229 186.952772
-9.182563 157.923100 186.516171
-10.831555 156.878971 186.079570
-12.480547 155.834842 185.642970
-14.129539 154.790713 185.206369
-15.778531 153.746584 184.769768
-17.427523 152.702455 184.333168
-19.076515 151.658326 183.896567
-20.725507 150.614197 183.459966
-22.374499 149.570068 183.023366
-24.023490 148.525939 182.586765
-25.672482 147.481810 182.150164
-27.321474 146.437681 181.713564
-28.970466 145.393552 181.276963
-30.619458 144.349423 180.840362
-32.268450 143.305294 180.403762
-33.917442 142.261164 179.967161
-35.566434 141.217035 179.530560
-37.215426 140.172906 179.093960
213.077235 155.732647 131.397530
212.225841 154.869876 132.988364
211.374447 154.007104 134.579198
210.523052 153.144333 136.170033
209.671658 152.281561 137.760867
208.820264 151.418790 139.351701
207.968869 150.556018 140.942535
207.117475 149.693247 142.533369
206.266081 148.830475 144.124203
205.414686 147.967703 145.715037
204.563292 147.104932 147.305871
203.711898 146.242160 148.896705
202.860503 145.379389 150.487539
202.009109 144.516617 152.078373
201.157715 143.653846 153.669207
200.306321 142.791074 155.260041
199.454926 141.928303 156.850875
198.603532 141.065531 158.441709
197.752138 140.202760 160.032544
196.900743 139.339988 161.623378
196.049349 138.477217 163.214212
195.197955 137.614445 164.805046
194.346560 136.751674 166.395880
193.495166 135.888902 167.986714
192.643772 135.026131 169.577548
191.792378 134.163359 171.168382
190.940983 133.300588 172.759216
190.089589 132.437816 174.350050
189.238195 131.575045 175.940884
188.386800 130.712273 177.531718
187.535406 129.849501 179.122552
186.684012 128.986730 180.713386
185.832617 128.123958 182.304220
184.981223 127.261187 183.895055
184.129829 126.398415 185.485889
183.278434 125.535644 187.076723
182.427040 124.672872 188.667557
181.575646 123.810101 190.258391
180.724252 122.947329 191.849225
179.872857 122.084558 193.440059
179.021463 121.221786 195.030893
178.170069 120.359015 196.621727
177.318674 119.496243 198.212561
176.467280 118.633472 199.803395
175.615886 117.770700 201.394229
174.764491 116.907929 202.985063
173.913097 116.045157 204.575897
173.061703 115.182386 206.166732
172.210308 114.319614 207.757566
171.358914 113.456843 209.348400
170.507520 112.594071 210.939234
169.656126 111.731299 212.530068
168.804731 110.868528 214.120902
167.953337 110.005756 215.711736
167.101943 109.142985 217.302570
166.250548 108.280213 218.893404
165.399154 107.417442 220.484238
164.547760 106.554670 222.075072
163.696365 105.691899 223.665906
162.844971 104.829127 225.256740
161.993577 103.966356 226.847574
161.142182 103.103584 228.438408
160.290788 102.240813 230.029243
159.439394 101.378041 231.620077
158.588000 100.515270 233.210911
157.736605 99.652498 234.801745
156.885211 98.789727 236.392579
156.033817 97.926955 237.983413
155.182422 97.064184 239.574247
154.331028 96.201412 241.165081
-70.701527 -276.616448 43.734272
-69.221883 -275.571920 42.885970
-67.742239 -274.527393 42.037669
-66.262595 -273.482865 41.189367
-64.782951 -272.438338 40.341065
-63.303308 -271.393810 39.492763
-61.823664 -270.349282 38.644461
-60.344020 -269.304755 37.796159
-58.864376 -268.260227 36.947857
-57.384732 -267.215700 36.099556
-55.905088 -266.171172 35.251254
-54.425444 -265.126645 34.402952
-52.945800 -264.082117 33.554650
-51.466156 -263.037589 32.706348
-49.986513 -261.993062 31.858046
-48.506869 -260.948534 31.009744
-47.027225 -259.904007 30.161442
-45.547581 -258.859479 29.313141
-44.067937 -257.814951 28.464839
-42.588293 -256.770424 27.616537
-41.108649 -255.725896 26.768235
-39.629005 -254.681369 25.919933
-38.149361 -253.636841 25.071631
-36.669717 -252.592314 24.223329
-35.190074 -251.547786 23.375027
-33.710430 -250.503258 22.526726
-32.230786 -249.458731 21.678424
-30.751142 -248.414203 20.830122
-29.271498 -247.369676 19.981820
-27.791854 -246.325148 19.133518
-26.312210 -245.280620 18.285216
-24.832566 -244.236093 17.436914
-23.352922 -243.191565 16.588612
-21.873279 -242.147038 15.740311
-20.393635 -241.102510 14.892009
-18.913991 -240.057983 14.043707
-17.434347 -239.013455 13.195405
-15.954703 -237.968927 12.347103
-14.475059 -236.924400 11.498801
-12.995415 -235.879872 10.650499
-11.515771 -234.835345 9.802197
-10.036127 -233.790817 8.953896
-8.556483 -232.746289 8.105594
-7.076840 -231.701762 7.257292
-5.597196 -230.657234 6.408990
-4.117552 -229.612707 5.560688
-2.637908 -228.568179 4.712386
-1.158264 -227.523651 3.864084
0.321380 -226.479124 3.015783
1.801024 -225.434596 2.167481
3.280668 -224.390069 1.319179
4.760312 -223.345541 0.470877
6.239955 -222.301014 -0.377425
7.719599 -221.256486 -1.225727
9.199243 -220.211958 -2.074029
10.678887 -219.167431 -2.922331
12.158531 -218.122903 -3.770632
13.638175 -217.078376 -4.618934
15.117819 -216.033848 -5.467236
16.597463 -214.989320 -6.315538
18.077107 -213.944793 -7.163840
19.556751 -212.900265 -8.012142
21.036394 -211.855738 -8.860444
22.516038 -210.811210 -9.708746
23.995682 -209.766683 -10.557047
25.475326 -208.722155 -11.405349
26.954970 -207.677627 -12.253651
28.434614 -206.633100 -13.101953
29.914258 -205.588572 -13.950255
31.393902 -204.544045 -14.798557
-104.710992 197.405450 73.180969
-103.425389 198.811778 72.573131
-102.139786 200.218106 71.965294
-100.854182 201.624434 71.357456
-99.568579 203.030762 70.749619
-98.282976 204.437089 70.141781
-96.997373 205.843417 69.533944
-95.711770 207.249745 68.926106
-94.426166 208.656073 68.318269
-93.140563 210.062401 67.710431
-91.854960 211.468729 67.102594
-90.569357 212.875057 66.494756
-89.283754 214.281384 65.886919
-87.998151 215.687712 65.279081
-86.712547 217.094040 64.671244
-85.426944 218.500368 64.063406
-84.141341 219.906696 63.455569
-82.855738 221.313024 62.847732
-81.570135 222.719352 62.239894
-80.284531 224.125679 61.632057
-78.998928 225.532007 61.024219
-77.713325 226.938335 60.416382
-76.427722 228.344663 59.808544
-75.142119 229.750991 59.200707
-73.856515 231.157319 58.592869
-72.570912 232.563647 57.985032
-71.285309 233.969974 57.377194
-69.999706 235.376302 56.769357
-68.714103 236.782630 56.161519
-67.428499 238.188958 55.553682
-66.142896 239.595286 54.945844
-64.857293 241.001614 54.338007
-63.571690 242.407941 53.730169
-62.286087 243.814269 53.122332
-61.000483 245.220597 52.514494
-59.714880 246.626925 51.906657
-58.429277 248.033253 51.298819
-57.143674 249.439581 50.690982
-55.858071 250.845909 50.083144
-54.572468 252.252236 49.475307
-53.286864 253.658564 48.867469
-52.001261 255.064892 48.259632
-50.715658 256.471220 47.651795
-49.430055 257.877548 47.043957
-48.144452 259.283876 46.436120
-46.858848 260.690204 45.828282
-45.573245 262.096531 45.220445
-44.287642 263.502859 44.612607
-43.002039 264.909187 44.004770
-41.716436 266.315515 43.396932
-40.430832 267.721843 42.789095
-39.145229 269.128171 42.181257
-37.859626 270.534499 41.573420
-36.574023 271.940826 40.965582
-35.288420 273.347154 40.357745
-34.002816 274.753482 39.749907
-32.717213 276.159810 39.142070
-31.431610 277.566138 38.534232
-30.146007 278.972466 37.926395
-28.860404 280.378793 37.318557
-27.574800 281.785121 36.710720
-26.289197 283.191449 36.102882
-25.003594 284.597777 35.495045
-23.717991 286.004105 34.887207
-22.432388 287.410433 34.279370
-21.146785 288.816761 33.671532
-19.861181 290.223088 33.063695
-18.575578 291.629416 32.455857
-17.289975 293.035744 31.848020
-16.004372 294.442072 31.240183
-180.782565 -207.308631 202.674597
-179.345419 -206.366088 201.651745
-177.908273 -205.423546 200.628893
-176.471128 -204.481003 199.606041
-175.033982 -203.538461 198.583190
-173.596837 -202.595918 197.560338
-172.159691 -201.653375 196.537486
-170.722545 -200.710833 195.514634
-169.285400 -199.768290 194.491782
-167.848254 -198.825748 193.468930
-166.411108 -197.883205 192.446079
-164.973963 -196.940663 191.423227
-163.536817 -195.998120 190.400375
-162.099671 -195.055577 189.377523
-160.662526 -194.113035 188.354671
-159.225380 -193.170492 187.331819
-157.788234 -192.227950 186.308968
-156.351089 -191.285407 185.286116
-154.913943 -190.342864 184.263264
-153.476798 -189.400322 183.240412
-152.039652 -188.457779 182.217560
-150.602506 -187.515237 181.194708
-149.165361 -186.572694 180.171857
-147.728215 -185.630152 179.149005
-146.291069 -184.687609 178.126153
-144.853924 -183.745066 177.103301
-143.416778 -182.802524 176.080449
-141.979632 -181.859981 175.057597
-140.542487 -180.917439 174.034746
-139.105341 -179.974896 173.011894
-137.668196 -179.032353 171.989042
-136.231050 -178.089811 170.966190
-134.793904 -177.147268 169.943338
-133.356759 -176.204726 168.920486
-131.919613 -175.262183 167.897634
-130.482467 -174.319641 166.874783
-129.045322 -173.377098 165.851931
-127.608176 -172.434555 164.829079
-126.171030 -171.492013 163.806227
-124.733885 -170.549470 162.783375
-123.296739 -169.606928 161.760523
-121.859593 -168.664385 160.737672
-120.422448 -167.721842 159.714820
-118.985302 -166.779300 158.691968
-117.548157 -165.836757 157.669116
-116.111011 -164.894215 156.646264
-114.673865 -163.951672 155.623412
-113.236720 -163.009129 154.600561
-111.799574 -162.066587 153.577709
-110.362428 -161.124044 152.554857
-108.925283 -160.181502 151.532005
-107.488137 -159.238959 150.509153
-106.050991 -158.296417 149.486301
-104.613846 -157.353874 148.463450
-103.176700 -156.411331 147.440598
-101.739555 -155.468789 146.417746
-100.302409 -154.526246 145.394894
-98.865263 -153.583704 144.372042
-97.428118 -152.641161 143.349190
-95.990972 -151.698618 142.326339
-94.553826 -150.756076 141.303487
-93.116681 -149.813533 140.280635
-91.679535 -148.870991 139.257783
-90.242389 -147.928448 138.234931
-88.805244 -146.985906 137.212079
-87.368098 -146.043363 136.189227
-85.930952 -145.100820 135.166376
-84.493807 -144.158278 134.143524
-83.056661 -143.215735 133.120672
-81.619516 -142.273193 132.097820
-16.074513 -56.154435 -45.391407
-16.501480 -57.506081 -43.980467
-16.928447 -58.857727 -42.569526
-17.355414 -60.209373 -41.158586
-17.782381 -61.561018 -39.747646
-18.209347 -62.912664 -38.336705
-18.636314 -64.264310 -36.925765
-19.063281 -65.615956 -35.514824
-19.490248 -66.967602 -34.103884
-19.917215 -68.319248 -32.692944
-20.344182 -69.670894 -31.282003
-20.771149 -71.022539 -29.871063
-21.198116 -72.374185 -28.460123
-21.625083 -73.725831 -27.049182
-22.052049 -75.077477 -25.638242
-22.479016 -76.429123 -24.227301
-22.905983 -77.780769 -22.816361
-23.332950 -79.132415 -21.405421
-23.759917 -80.484061 -19.994480
-24.186884 -81.835706 -18.583540
-24.613851 -83.187352 -17.172600
-25.040818 -84.538998 -15.761659
-25.467784 -85.890644 -14.350719
-25.894751 -87.242290 -12.939778
-26.321718 -88.593936 -11.528838
-26.748685 -89.945582 -10.117898
-27.175652 -91.297227 -8.706957
-27.602619 -92.648873 -7.296017
-28.029586 -94.000519 -5.885077
-28.456553 -95.352165 -4.474136
-28.883519 -96.703811 -3.063196
-29.310486 -98.055457 -1.652255
-29.737453 -99.407103 -0.241315
-30.164420 -100.758749 1.169625
-30.591387 -102.110394 2.580566
-31.018354 -103.462040 3.991506
-31.445321 -104.813686 5.402446
-31.872288 -106.165332 6.813387
-32.299254 -107.516978 8.224327
-32.726221 -108.868624 9.635268
-33.153188 -110.220270 11.046208
-33.580155 -111.571915 12.457148
-34.007122 -112.923561 13.868089
-34.434089 -114.275207 15.279029
-34.861056 -115.626853 16.689969
-35.288023 -116.978499 18.100910
-35.714989 -118.330145 19.511850
-36.141956 -119.681791 20.922791
-36.568923 -121.033437 22.333731
-36.995890 -122.385082 23.744671
-37.422857 -123.736728 25.155612
-37.849824 -125.088374 26.566552
-38.276791 -126.440020 27.977492
-38.703758 -127.791666 29.388433
-39.130724 -129.143312 30.799373
-39.557691 -130.494958 32.210314
-39.984658 -131.846603 33.621254
-40.411625 -133.198249 35.032194
-40.838592 -134.549895 36.443135
-41.265559 -135.901541 37.854075
-41.692526 -137.253187 39.265015
-42.119493 -138.604833 40.675956
-42.546459 -139.956479 42.086896
-42.973426 -141.308124 43.497837
-43.400393 -142.659770 44.908777
-43.827360 -144.011416 46.319717
-44.254327 -145.363062 47.730658
-44.681294 -146.714708 49.141598
-45.108261 -148.066354 50.552538
-45.535228 -149.418000 51.963479
-135.844958 -200.555171 -134.239389
-136.543037 -198.682036 -134.175721
-137.241115 -196.808902 -134.112054
-137.939194 -194.935767 -134.048387
-138.637272 -193.062633 -133.984720
-139.335351 -191.189498 -133.921052
-140.033429 -189.316364 -133.857385
-140.731508 -187.443229 -133.793718
-141.429586 -185.570095 -133.730050
-142.127665 -183.696960 -133.666383
-142.825743 -181.823826 -133.602716
-143.523822 -179.950691 -133.539049
-144.221900 -178.077557 -133.475381
-144.919979 -176.204422 -133.411714
-145.618057 -174.331288 -133.348047
-146.316136 -172.458153 -133.284380
-147.014214 -170.585019 -133.220712
-147.712293 -168.711884 -133.157045
-148.410372 -166.838750 -133.093378
-149.108450 -164.965615 -133.029711
-149.806529 -163.092481 -132.966043
-150.504607 -161.219346 -132.902376
-151.202686 -159.346212 -132.838709
-151.900764 -157.473077 -132.775041
-152.598843 -155.599943 -132.711374
-153.296921 -153.726808 -132.647707
-153.995000 -151.853674 -132.584040
-154.693078 -149.980539 -132.520372
-155.391157 -148.107405 -132.456705
-156.089235 -146.234270 -132.393038
-156.787314 -144.361135 -132.329371
-157.485392 -142.488001 -132.265703
-158.183471 -140.614866 -132.202036
-158.881549 -138.741732 -132.138369
-159.579628 -136.868597 -132.074702
-160.277706 -134.995463 -132.011034
-160.975785 -133.122328 -131.947367
-161.673863 -131.249194 -131.883700
-162.371942 -129.376059 -131.820032
-163.070020 -127.502925 -131.756365
-163.768099 -125.629790 -131.692698
-164.466178 -123.756656 -131.629031
-165.164256 -121.883521 -131.565363
-165.862335 -120.010387 -131.501696
-166.560413 -118.137252 -131.438029
-167.258492 -116.264118 -131.374362
-167.956570 -114.390983 -131.310694
-168.654649 -112.517849 -131.247027
-169.352727 -110.644714 -131.183360
-170.050806 -108.771580 -131.119692
-170.748884 -106.898445 -131.056025
-171.446963 -105.025311 -130.992358
-172.145041 -103.152176 -130.928691
-172.843120 -101.279042 -130.865023
-173.541198 -99.405907 -130.801356
-174.239277 -97.532773 -130.737689
-174.937355 -95.659638 -130.674022
-175.635434 -93.786504 -130.610354
-176.333512 -91.913369 -130.546687
-177.031591 -90.040235 -130.483020
-177.729669 -88.167100 -130.419353
-178.427748 -86.293966 -130.355685
-179.125826 -84.420831 -130.292018
-179.823905 -82.547697 -130.228351
-180.521984 -80.674562 -130.164683
-181.220062 -78.801428 -130.101016
-181.918141 -76.928293 -130.037349
-182.616219 -75.055159 -129.973682
-183.314298 -73.182024 -129.910014
-184.012376 -71.308890 -129.846347
-42.795332 267.770366 5.299022
-41.384557 266.367350 5.502142
-39.973781 264.964334 5.705261
-38.563005 263.561317 5.908381
-37.152230 262.158301 6.111500
-35.741454 260.755285 6.314620
-34.330679 259.352268 6.517739
-32.919903 257.949252 6.720859
-31.509128 256.546236 6.923978
-30.098352 255.143220 7.127098
-28.687576 253.740203 7.330217
-27.276801 252.337187 7.533337
-25.866025 250.934171 7.736456
-24.455250 249.531154 7.939576
-23.044474 248.128138 8.142695
-21.633698 246.725122 8.345815
-20.222923 245.322106 8.548934
-18.812147 243.919089 8.752054
-17.401372 242.516073 8.955173
-15.990596 241.113057 9.158293
-14.579821 239.710040 9.361412
-13.169045 238.307024 9.564532
-11.758269 236.904008 9.767651
-10.347494 235.500992 9.970771
-8.936718 234.097975 10.173890
-7.525943 232.694959 10.377010
-6.115167 231.291943 10.580129
-4.704391 229.888926 10.783249
-3.293616 228.485910 10.986368
-1.882840 227.082894 11.189488
-0.472065 225.679877 11.392607
0.938711 224.276861 11.595727
2.349487 222.873845 11.798846
3.760262 221.470829 12.001966
5.171038 220.067812 12.205085
6.581813 218.664796 12.408205
7.992589 217.261780 12.611324
9.403364 215.858763 12.814444
10.814140 214.455747 13.017563
12.224916 213.052731 13.220683
13.635691 211.649715 13.423802
15.046467 210.246698 13.626922
16.457242 208.843682 13.830041
17.868018 207.440666 14.033161
19.278794 206.037649 14.236280
20.689569 204.634633 14.439400
22.100345 203.231617 14.642519
23.511120 201.828601 14.845639
24.921896 200.425584 15.048758
26.332671 199.022568 15.251878
27.743447 197.619552 15.454997
29.154223 196.216535 15.658117
30.564998 194.813519 15.861236
31.975774 193.410503 16.064356
33.386549 192.007486 16.267475
34.797325 190.604470 16.470595
36.208101 189.201454 16.673714
37.618876 187.798438 16.876834
39.029652 186.395421 17.079953
40.440427 184.992405 17.283073
41.851203 183.589389 17.486192
43.261979 182.186372 17.689312
44.672754 180.783356 17.892431
46.083530 179.380340 18.095551
47.494305 177.977324 18.298670
48.905081 176.574307 18.501790
50.315856 175.171291 18.704909
51.726632 173.768275 18.908029
53.137408 172.365258 19.111148
54.548183 170.962242 19.314268
155.814860 170.508401 216.037204
154.373559 169.214753 216.536328
152.932257 167.921105 217.035452
151.490955 166.627457 217.534576
150.049653 165.333810 218.033699
148.608352 164.040162 218.532823
147.167050 162.746514 219.031947
145.725748 161.452866 219.531071
144.284446 160.159218 220.030194
142.843145 158.865570 220.529318
141.401843 157.571922 221.028442
139.960541 156.278275 221.527566
138.519239 154.984627 222.026689
137.077938 153.690979 222.525813
135.636636 152.397331 223.024937
134.195334 151.103683 223.524060
132.754032 149.810035 224.023184
131.312731 148.516387 224.522308
129.871429 147.222739 225.021432
128.430127 145.929092 225.520555
126.988825 144.635444 226.019679
125.547524 143.341796 226.518803
124.106222 142.048148 227.017927
122.664920 140.754500 227.517050
121.223619 139.460852 228.016174
119.782317 138.167204 228.515298
118.341015 136.873557 229.014422
116.899713 135.579909 229.513545
115.458412 134.286261 230.012669
114.017110 132.992613 230.511793
112.575808 131.698965 231.010917
111.134506 130.405317 231.510040
109.693205 129.111669 232.009164
108.251903 127.818022 232.508288
106.810601 126.524374 233.007411
105.369299 125.230726 233.506535
103.927998 123.937078 234.005659
102.486696 122.643430 234.504783
101.045394 121.349782 235.003906
99.604092 120.056134 235.503030
98.162791 118.762487 236.002154
96.721489 117.468839 236.501278
95.280187 116.175191 237.000401
93.838885 114.881543 237.499525
92.397584 113.587895 237.998649
90.956282 112.294247 238.497773
89.514980 111.000599 238.996896
88.073678 109.706951 239.496020
86.632377 108.413304 239.995144
85.191075 107.119656 240.494268
83.749773 105.826008 240.993391
82.308472 104.532360 241.492515
80.867170 103.238712 241.991639
79.425868 101.945064 242.490762
77.984566 100.651416 242.989886
76.543265 99.357769 243.489010
75.101963 98.064121 243.988134
73.660661 96.770473 244.487257
72.219359 95.476825 244.986381
70.778058 94.183177 245.485505
69.336756 92.889529 245.984629
67.895454 91.595881 246.483752
66.454152 90.302234 246.982876
65.012851 89.008586 247.482000
63.571549 87.714938 247.981124
62.130247 86.421290 248.480247
60.688945 85.127642 248.979371
59.247644 83.833994 249.478495
57.806342 82.540346 249.977618
56.365040 81.246699 250.476742
112.196188 240.805308 227.969866
113.386944 239.447496 228.829196
114.577700 238.089684 229.688526
115.768456 236.731873 230.547856
116.959212 235.374061 231.407186
118.149968 234.016250 232.266515
119.340724 232.658438 233.125845
120.531480 231.300627 233.985175
121.722237 229.942815 234.844505
122.912993 228.585004 235.703835
124.103749 227.227192 236.563164
125.294505 225.869381 237.422494
126.485261 224.511569 238.281824
127.676017 223.153757 239.141154
128.866773 221.795946 240.000484
130.057529 220.438134 240.859813
131.248285 219.080323 241.719143
132.439042 217.722511 242.578473
133.629798 216.364700 243.437803
134.820554 215.006888 244.297133
136.011310 213.649077 245.156462
137.202066 212.291265 246.015792
138.392822 210.933454 246.875122
139.583578 209.575642 247.734452
140.774334 208.217831 248.593782
141.965090 206.860019 249.453111
143.155846 205.502207 250.312441
144.346603 204.144396 251.171771
145.537359 202.786584 252.031101
146.728115 201.428773 252.890431
147.918871 200.070961 253.749760
149.109627 198.713150 254.609090
150.300383 197.355338 255.468420
151.491139 195.997527 256.327750
152.681895 194.639715 257.187080
153.872651 193.281904 258.046409
155.063408 191.924092 258.905739
156.254164 190.566280 259.765069
157.444920 189.208469 260.624399
158.635676 187.850657 261.483729
159.826432 186.492846 262.343059
161.017188 185.135034 263.202388
162.207944 183.777223 264.061718
163.398700 182.419411 264.921048
164.589456 181.061600 265.780378
165.780212 179.703788 266.639708
166.970969 178.345977 267.499037
168.161725 176.988165 268.358367
169.352481 175.630354 269.217697
170.543237 174.272542 270.077027
171.733993 172.914730 270.936357
172.924749 171.556919 271.795686
174.115505 170.199107 272.655016
175.306261 168.841296 273.514346
176.497017 167.483484 274.373676
177.687774 166.125673 275.233006
178.878530 164.767861 276.092335
180.069286 163.410050 276.951665
181.260042 162.052238 277.810995
182.450798 160.694427 278.670325
183.641554 159.336615 279.529655
184.832310 157.978803 280.388984
186.023066 156.620992 281.248314
187.213822 155.263180 282.107644
188.404578 153.905369 282.966974
189.595335 152.547557 283.826304
190.786091 151.189746 284.685633
191.976847 149.831934 285.544963
193.167603 148.474123 286.404293
194.358359 147.116311 287.263623
190.708477 8.390885 67.659380
189.401243 7.008265 68.275418
188.094010 5.625645 68.891455
186.786776 4.243025 69.507493
185.479543 2.860405 70.123530
184.172309 1.477785 70.739568
182.865076 0.095164 71.355605
181.557842 -1.287456 71.971643
180.250609 -2.670076 72.587680
178.943375 -4.052696 73.203718
177.636141 -5.435316 73.819755
176.328908 -6.817936 74.435793
175.021674 -8.200556 75.051830
173.714441 -9.583176 75.667868
172.407207 -10.965796 76.283905
171.099974 -12.348416 76.899943
169.792740 -13.731037 77.515980
168.485507 -15.113657 78.132018
167.178273 -16.496277 78.748055
165.871040 -17.878897 79.364093
164.563806 -19.261517 79.980130
163.256573 -20.644137 80.596168
161.949339 -22.026757 81.212205
160.642106 -23.409377 81.828243
159.334872 -24.791997 82.444280
158.027639 -26.174618 83.060318
156.720405 -27.557238 83.676355
155.413172 -28.939858 84.292393
154.105938 -30.322478 84.908430
152.798705 -31.705098 85.524468
151.491471 -33.087718 86.140505
150.184238 -34.470338 86.756543
148.877004 -35.852958 87.372580
147.569771 -37.235578 87.988618
146.262537 -38.618198 88.604655
144.955304 -40.000819 89.220693
143.648070 -41.383439 89.836730
142.340837 -42.766059 90.452768
141.033603 -44.148679 91.068805
139.726370 -45.531299 91.684843
138.419136 -46.913919 92.300880
137.111902 -48.296539 92.916918
135.804669 -49.679159 93.532955
134.497435 -51.061779 94.148993
133.190202 -52.444399 94.765030
131.882968 -53.827020 95.381068
130.575735 -55.209640 95.997105
129.268501 -56.592260 96.613143
127.961268 -57.974880 97.229180
126.654034 -59.357500 97.845218
125.346801 -60.740120 98.461255
124.039567 -62.122740 99.077293
122.732334 -63.505360 99.693330
121.425100 -64.887980 100.309367
120.117867 -66.270600 100.925405
118.810633 -67.653221 101.541442
117.503400 -69.035841 102.157480
116.196166 -70.418461 102.773517
114.888933 -71.801081 103.389555
113.581699 -73.183701 104.005592
112.274466 -74.566321 104.621630
110.967232 -75.948941 105.237667
109.659999 -77.331561 105.853705
108.352765 -78.714181 106.469742
107.045532 -80.096801 107.085780
105.738298 -81.479422 107.701817
104.431065 -82.862042 108.317855
103.123831 -84.244662 108.933892
101.816598 -85.627282 109.549930
100.509364 -87.009902 110.165967
-207.461294 -156.922787 -38.623100
-207.348413 -156.728658 -40.610452
-207.235532 -156.534528 -42.597805
-207.122650 -156.340399 -44.585158
-207.009769 -156.146270 -46.572511
-206.896888 -155.952141 -48.559864
-206.784007 -155.758011 -50.547217
-206.671125 -155.563882 -52.534570
-206.558244 -155.369753 -54.521923
-206.445363 -155.175624 -56.509276
-206.332481 -154.981495 -58.496629
-206.219600 -154.787365 -60.483982
-206.106719 -154.593236 -62.471335
-205.993838 -154.399107 -64.458688
-205.880956 -154.204978 -66.446041
-205.768075 -154.010848 -68.433393
-205.655194 -153.816719 -70.420746
-205.542312 -153.622590 -72.408099
-205.429431 -153.428461 -74.395452
-205.316550 -153.234331 -76.382805
-205.203669 -153.040202 -78.370158
-205.090787 -152.846073 -80.357511
-204.977906 -152.651944 -82.344864
-204.865025 -152.457814 -84.332217
-204.752143 -152.263685 -86.319570
-204.639262 -152.069556 -88.306923
-204.526381 -151.875427 -90.294276
-204.413499 -151.681298 -92.281629
-204.300618 -151.487168 -94.268981
-204.187737 -151.293039 -96.256334
-204.074856 -151.098910 -98.243687
-203.961974 -150.904781 -100.231040
-203.849093 -150.710651 -102.218393
-203.736212 -150.516522 -104.205746
-203.623330 -150.322393 -106.193099
-203.510449 -150.128264 -108.180452
-203.397568 -149.934134 -110.167805
-203.284687 -149.740005 -112.155158
-203.171805 -149.545876 -114.142511
-203.058924 -149.351747 -116.129864
-202.946043 -149.157617 -118.117217
-202.833161 -148.963488 -120.104570
-202.720280 -148.769359 -122.091922
-202.607399 -148.575230 -124.079275
-202.494518 -148.381100 -126.066628
-202.381636 -148.186971 -128.053981
-202.268755 -147.992842 -130.041334
-202.155874 -147.798713 -132.028687
-202.042992 -147.604584 -134.016040
-201.930111 -147.410454 -136.003393
-201.817230 -147.216325 -137.990746
-201.704348 -147.022196 -139.978099
-201.591467 -146.828067 -141.965452
-201.478586 -146.633937 -143.952805
-201.365705 -146.439808 -145.940158
-201.252823 -146.245679 -147.927510
-201.139942 -146.051550 -149.914863
-201.027061 -145.857420 -151.902216
-200.914179 -145.663291 -153.889569
-200.801298 -145.469162 -155.876922
-200.688417 -145.275033 -157.864275
-200.575536 -145.080903 -159.851628
-200.462654 -144.886774 -161.838981
-200.349773 -144.692645 -163.826334
-200.236892 -144.498516 -165.813687
-200.124010 -144.304387 -167.801040
-200.011129 -144.110257 -169.788393
-199.898248 -143.916128 -171.775746
-199.785367 -143.721999 -173.763099
-199.672485 -143.527870 -175.750451
-197.311542 48.454179 7.491415
-197.166330 49.240770 5.658334
-197.021119 50.027360 3.825252
-196.875907 50.813951 1.992170
-196.730695 51.600542 0.159088
-196.585483 52.387132 -1.673993
-196.440272 53.173723 -3.507075
-196.295060 53.960314 -5.340157
-196.149848 54.746905 -7.173238
-196.004637 55.533495 -9.006320
-195.859425 56.320086 -10.839402
-195.714213 57.106677 -12.672484
-195.569001 57.893267 -14.505565
-195.423790 58.679858 -16.338647
-195.278578 59.466449 -18.171729
-195.133366 60.253040 -20.004810
-194.988154 61.039630 -21.837892
-194.842943 61.826221 -23.670974
-194.697731 62.612812 -25.504056
-194.552519 63.399403 -27.337137
-194.407307 64.185993 -29.170219
-194.262096 64.972584 -31.003301
-194.116884 65.759175 -32.836383
-193.971672 66.545765 -34.669464
-193.826460 67.332356 -36.502546
-193.681249 68.118947 -38.335628
-193.536037 68.905538 -40.168709
-193.390825 69.692128 -42.001791
-193.245614 70.478719 -43.834873
-193.100402 71.265310 -45.667955
-192.955190 72.051900 -47.501036
-192.809978 72.838491 -49.334118
-192.664767 73.625082 -51.167200
-192.519555 74.411673 -53.000281
-192.374343 75.198263 -54.833363
-192.229131 75.984854 -56.666445
-192.083920 76.771445 -58.499527
-191.938708 77.558035 -60.332608
-191.793496 78.344626 -62.165690
-191.648284 79.131217 -63.998772
-191.503073 79.917808 -65.831853
-191.357861 80.704398 -67.664935
-191.212649 81.490989 -69.498017
-191.067437 82.277580 -71.331099
-190.922226 83.064170 -73.164180
-190.777014 83.850761 -74.997262
-190.631802 84.637352 -76.830344
-190.486591 85.423943 -78.663426
-190.341379 86.210533 -80.496507
-190.196167 86.997124 -82.329589
-190.050955 87.783715 -84.162671
-189.905744 88.570305 -85.995752
-189.760532 89.356896 -87.828834
-189.615320 90.143487 -89.661916
-189.470108 90.930078 -91.494998
-189.324897 91.716668 -93.328079
-189.179685 92.503259 -95.161161
-189.034473 93.289850 -96.994243
-188.889261 94.076441 -98.827324
-188.744050 94.863031 -100.660406
-188.598838 95.649622 -102.493488
-188.453626 96.436213 -104.326570
-188.308414 97.222803 -106.159651
-188.163203 98.009394 -107.992733
-188.017991 98.795985 -109.825815
-187.872779 99.582576 -111.658897
-187.727568 100.369166 -113.491978
-187.582356 101.155757 -115.325060
-187.437144 101.942348 -117.158142
-187.291932 102.728938 -118.991223
-21.463961 90.569159 -174.749110
-21.630336 92.552248 -174.948301
-21.796711 94.535337 -175.147491
-21.963086 96.518426 -175.346682
-22.129461 98.501515 -175.545873
-22.295836 100.484604 -175.745064
-22.462211 102.467693 -175.944255
-22.628586 104.450782 -176.143446
-22.794962 106.433871 -176.342636
-22.961337 108.416961 -176.541827
-23.127712 110.400050 -176.741018
-23.294087 112.383139 -176.940209
-23.460462 114.366228 -177.139400
-23.626837 116.349317 -177.338591
-23.793212 118.332406 -177.537782
-23.959588 120.315495 -177.736972
-24.125963 122.298584 -177.936163
-24.292338 124.281673 -178.135354
-24.458713 126.264762 -178.334545
-24.625088 128.247851 -178.533736
-24.791463 130.230940 -178.732927
-24.957838 132.214030 -178.932117
-25.124214 134.197119 -179.131308
-25.290589 136.180208 -179.330499
-25.456964 138.163297 -179.529690
-25.623339 140.146386 -179.728881
-25.789714 142.129475 -179.928072
-25.956089 144.112564 -180.127262
-26.122464 146.095653 -180.326453
-26.288839 148.078742 -180.525644
-26.455215 150.061831 -180.724835
-26.621590 152.044920 -180.924026
-26.787965 154.028009 -181.123217
-26.954340 156.011099 -181.322408
-27.120715 157.994188 -181.521598
-27.287090 159.977277 -181.720789
-27.453465 161.960366 -181.919980
-27.619841 163.943455 -182.119171
-27.786216 165.926544 -182.318362
-27.952591 167.909633 -182.517553
-28.118966 169.892722 -182.716743
-28.285341 171.875811 -182.915934
-28.451716 173.858900 -183.115125
-28.618091 175.841989 -183.314316
-28.784467 177.825079 -183.513507
-28.950842 179.808168 -183.712698
-29.117217 181.791257 -183.911888
-29.283592 183.774346 -184.111079
-29.449967 185.757435 -184.310270
-29.616342 187.740524 -184.509461
-29.782717 189.723613 -184.708652
-29.949092 191.706702 -184.907843
-30.115468 193.689791 -185.107034
-30.281843 195.672880 -185.306224
-30.448218 197.655969 -185.505415
-30.614593 199.639058 -185.704606
-30.780968 201.622148 -185.903797
-30.947343 203.605237 -186.102988
-31.113718 205.588326 -186.302179
-31.280094 207.571415 -186.501369
-31.446469 209.554504 -186.700560
-31.612844 211.537593 -186.899751
-31.779219 213.520682 -187.098942
-31.945594 215.503771 -187.298133
-32.111969 217.486860 -187.497324
-32.278344 219.469949 -187.696514
-32.444720 221.453038 -187.895705
-32.611095 223.436127 -188.094896
-32.777470 225.419217 -188.294087
-32.943845 227.402306 -188.493278
-37.898967 -11.388534 -57.314066
-38.137119 -9.403954 -57.382826
-38.375271 -7.419375 -57.451585
-38.613423 -5.434795 -57.520345
-38.851575 -3.450216 -57.589104
-39.089727 -1.465636 -57.657864
-39.327879 0.518943 -57.726624
-39.566031 2.503523 -57.795383
-39.804183 4.488102 -57.864143
-40.042335 6.472682 -57.932902
-40.280487 8.457261 -58.001662
-40.518639 10.441841 -58.070422
-40.756791 12.426420 -58.139181
-40.994943 14.411000 -58.207941
-41.233095 16.395579 -58.276700
-41.471247 18.380159 -58.345460
-41.709399 20.364738 -58.414220
-41.947551 22.349318 -58.482979
-42.185703 24.333897 -58.551739
-42.423855 26.318477 -58.620498
-42.662007 28.303056 -58.689258
-42.900158 30.287636 -58.758018
-43.138310 32.272215 -58.826777
-43.376462 34.256795 -58.895537
-43.614614 36.241374 -58.964296
-43.852766 38.225953 -59.033056
-44.090918 40.210533 -59.101816
-44.329070 42.195112 -59.170575
-44.567222 44.179692 -59.239335
-44.805374 46.164271 -59.308094
-45.043526 48.148851 -59.376854
-45.281678 50.133430 -59.445614
-45.519830 52.118010 -59.514373
-45.757982 54.102589 -59.583133
-45.996134 56.087169 -59.651892
-46.234286 58.071748 -59.720652
-46.472438 60.056328 -59.789412
-46.710590 62.040907 -59.858171
-46.948742 64.025487 -59.926931
-47.186894 66.010066 -59.995690
-47.425046 67.994646 -60.064450
-47.663198 69.979225 -60.133210
-47.901350 71.963805 -60.201969
-48.139502 73.948384 -60.270729
-48.377654 75.932964 -60.339488
-48.615806 77.917543 -60.408248
-48.853958 79.902123 -60.477008
-49.092110 81.886702 -60.545767
-49.330262 83.871282 -60.614527
-49.568414 85.855861 -60.683287
-49.806566 87.840441 -60.752046
-50.044718 89.825020 -60.820806
-50.282870 91.809600 -60.889565
-50.521022 93.794179 -60.958325
-50.759174 95.778759 -61.027085
-50.997326 97.763338 -61.095844
-51.235478 99.747918 -61.164604
-51.473630 101.732497 -61.233363
-51.711782 103.717077 -61.302123
-51.949934 105.701656 -61.370883
-52.188086 107.686236 -61.439642
-52.426238 109.670815 -61.508402
-52.664390 111.655395 -61.577161
-52.902542 113.639974 -61.645921
-53.140694 115.624554 -61.714681
-53.378846 117.609133 -61.783440
-53.616998 119.593713 -61.852200
-53.855150 121.578292 -61.920959
-54.093302 123.562872 -61.989719
-54.331454 125.547451 -62.058479
-115.679132 -8.385883 55.583480
-117.266875 -9.577613 55.826079
-118.854617 -10.769342 56.068679
-120.442360 -11.961072 56.311279
-122.030102 -13.152801 56.553878
-123.617845 -14.344531 56.796478
-125.205587 -15.536260 57.039078
-126.793329 -16.727990 57.281677
-128.381072 -17.919720 57.524277
-129.968814 -19.111449 57.766876
-131.556557 -20.303179 58.009476
-133.144299 -21.494908 58.252076
-134.732042 -22.686638 58.494675
-136.319784 -23.878368 58.737275
-137.907526 -25.070097 58.979875
-139.495269 -26.261827 59.222474
-141.083011 -27.453556 59.465074
-142.670754 -28.645286 59.707673
-144.258496 -29.837015 59.950273
-145.846239 -31.028745 60.192873
-147.433981 -32.220475 60.435472
-149.021723 -33.412204 60.678072
-150.609466 -34.603934 60.920672
-152.197208 -35.795663 61.163271
-153.784951 -36.987393 61.405871
-155.372693 -38.179123 61.648471
-156.960436 -39.370852 61.891070
-158.548178 -40.562582 62.133670
-160.135920 -41.754311 62.376269
-161.723663 -42.946041 62.618869
-163.311405 -44.137770 62.861469
-164.899148 -45.329500 63.104068
-166.486890 -46.521230 63.346668
-168.074633 -47.712959 63.589268
-169.662375 -48.904689 63.831867
-171.250117 -50.096418 64.074467
-172.837860 -51.288148 64.317067
-174.425602 -52.479878 64.559666
-176.013345 -53.671607 64.802266
-177.601087 -54.863337 65.044865
-179.188830 -56.055066 65.287465
-180.776572 -57.246796 65.530065
-182.364314 -58.438525 65.772664
-183.952057 -59.630255 66.015264
-185.539799 -60.821985 66.257864
-187.127542 -62.013714 66.500463
-188.715284 -63.205444 66.743063
-190.303027 -64.397173 66.985662
-191.890769 -65.588903 67.228262
-193.478511 -66.780633 67.470862
-195.066254 -67.972362 67.713461
-196.653996 -69.164092 67.956061
-198.241739 -70.355821 68.198661
-199.829481 -71.547551 68.441260
-201.417224 -72.739280 68.683860
-203.004966 -73.931010 68.926460
-204.592708 -75.122740 69.169059
-206.180451 -76.314469 69.411659
-207.768193 -77.506199 69.654258
-209.355936 -78.697928 69.896858
-210.943678 -79.889658 70.139458
-212.531421 -81.081388 70.382057
-214.119163 -82.273117 70.624657
-215.706905 -83.464847 70.867257
-217.294648 -84.656576 71.109856
-218.882390 -85.848306 71.352456
-220.470133 -87.040035 71.595055
-222.057875 -88.231765 71.837655
-223.645618 -89.423495 72.080255
-225.233360 -90.615224 72.322854
-127.893539 22.159108 -276.314401
-129.016341 23.415971 -275.237548
-130.139143 24.672834 -274.160696
-131.261945 25.929698 -273.083844
-132.384747 27.186561 -272.006992
-133.507549 28.443424 -270.930140
-134.630351 29.700288 -269.853288
-135.753153 30.957151 -268.776436
-136.875955 32.214014 -267.699584
-137.998757 33.470878 -266.622732
-139.121559 34.727741 -265.545880
-140.244361 35.984604 -264.469028
-141.367163 37.241468 -263.392176
-142.489965 38.498331 -262.315324
-143.612767 39.755194 -261.238471
-144.735569 41.012057 -260.161619
-145.858370 42.268921 -259.084767
-146.981172 43.525784 -258.007915
-148.103974 44.782647 -256.931063
-149.226776 46.039511 -255.854211
-150.349578 47.296374 -254.777359
-151.472380 48.553237 -253.700507
-152.595182 49.810101 -252.623655
-153.717984 51.066964 -251.546803
-154.840786 52.323827 -250.469951
-155.963588 53.580691 -249.393099
-157.086390 54.837554 -248.316247
-158.209192 56.094417 -247.239395
-159.331994 57.351280 -246.162542
-160.454796 58.608144 -245.085690
-161.577598 59.865007 -244.008838
-162.700400 61.121870 -242.931986
-163.823202 62.378734 -241.855134
-164.946004 63.635597 -240.778282
-166.068806 64.892460 -239.701430
-167.191608 66.149324 -238.624578
-168.314410 67.406187 -237.547726
-169.437212 68.663050 -236.470874
-170.560014 69.919914 -235.394022
-171.682815 71.176777 -234.317170
-172.805617 72.433640 -233.240318
-173.928419 73.690503 -232.163465
-175.051221 74.947367 -231.086613
-176.174023 76.204230 -230.009761
-177.296825 77.461093 -228.932909
-178.419627 78.717957 -227.856057
-179.542429 79.974820 -226.779205
-180.665231 81.231683 -225.702353
-181.788033 82.488547 -224.625501
-182.910835 83.745410 -223.548649
-184.033637 85.002273 -222.471797
-185.156439 86.259137 -221.394945
-186.279241 87.516000 -220.318093
-187.402043 88.772863 -219.241241
-188.524845 90.029726 -218.164388
-189.647647 91.286590 -217.087536
-190.770449 92.543453 -216.010684
-191.893251 93.800316 -214.933832
-193.016053 95.057180 -213.856980
-194.138855 96.314043 -212.780128
-195.261657 97.570906 -211.703276
-196.384459 98.827770 -210.626424
-197.507260 100.084633 -209.549572
-198.630062 101.341496 -208.472720
-199.752864 102.598360 -207.395868
-200.875666 103.855223 -206.319016
-201.998468 105.112086 -205.242164
-203.121270 106.368949 -204.165312
-204.244072 107.625813 -203.088459
-205.366874 108.882676 -202.011607
181.457420 127.121383 -81.855415
182.796846 126.558096 -80.481135
184.136272 125.994809 -79.106854
185.475698 125.431522 -77.732574
186.815124 124.868235 -76.358294
188.154550 124.304948 -74.984014
189.493976 123.741661 -73.609734
190.833402 123.178374 -72.235454
192.172828 122.615087 -70.861174
193.512254 122.051800 -69.486894
194.851679 121.488513 -68.112614
196.191105 120.925226 -66.738334
197.530531 120.361939 -65.364053
198.869957 119.798652 -63.989773
200.209383 119.235365 -62.615493
201.548809 118.672078 -61.241213
202.888235 118.108791 -59.866933
204.227661 117.545503 -58.492653
205.567087 116.982216 -57.118373
206.906513 116.418929 -55.744093
208.245939 115.855642 -54.369813
209.585365 115.292355 -52.995533
210.924791 114.729068 -51.621252
212.264217 114.165781 -50.246972
213.603643 113.602494 -48.872692
214.943069 113.039207 -47.498412
216.282495 112.475920 -46.124132
217.621921 111.912633 -44.749852
218.961347 111.349346 -43.375572
220.300773 110.786059 -42.001292
221.640199 110.222772 -40.627012
222.979625 109.659485 -39.252732
224.319051 109.096198 -37.878452
225.658477 108.532911 -36.504171
226.997903 107.969624 -35.129891
228.337329 107.406337 -33.755611
229.676755 106.843050 -32.381331
231.016181 106.279763 -31.007051
232.355607 105.716476 -29.632771
233.695033 105.153189 -28.258491
235.034459 104.589902 -26.884211
236.373885 104.026615 -25.509931
237.713311 103.463328 -24.135651
239.052737 102.900041 -22.761370
240.392163 102.336754 -21.387090
241.731589 101.773467 -20.012810
243.071015 101.210180 -18.638530
244.410441 100.646893 -17.264250
245.749867 100.083606 -15.889970
247.089292 99.520319 -14.515690
248.428718 98.957032 -13.141410
249.768144 98.393745 -11.767130
251.107570 97.830458 -10.392850
252.446996 97.267171 -9.018569
253.786422 96.703884 -7.644289
255.125848 96.140597 -6.270009
256.465274 95.577309 -4.895729
257.804700 95.014022 -3.521449
259.144126 94.450735 -2.147169
260.483552 93.887448 -0.772889
261.822978 93.324161 0.601391
263.162404 92.760874 1.975671
264.501830 92.197587 3.349951
265.841256 91.634300 4.724231
267.180682 91.071013 6.098512
268.520108 90.507726 7.472792
269.859534 89.944439 8.847072
271.198960 89.381152 10.221352
272.538386 88.817865 11.595632
273.877812 88.254578 12.969912
-57.987190 95.952727 162.324826
-56.246031 94.968691 162.331107
-54.504872 93.984655 162.337389
-52.763714 93.000619 162.343671
-51.022555 92.016583 162.349953
-49.281396 91.032547 162.356234
-47.540238 90.048511 162.362516
-45.799079 89.064475 162.368798
-44.057920 88.080439 162.375079
-42.316761 87.096403 162.381361
-40.575603 86.112367 162.387643
-38.834444 85.128331 162.393925
-37.093285 84.144295 162.400206
-35.352127 83.160259 162.406488
-33.610968 82.176223 162.412770
-31.869809 81.192187 162.419052
-30.128651 80.208151 162.425333
-28.387492 79.224114 162.431615
-26.646333 78.240078 162.437897
-24.905175 77.256042 162.444178
-23.164016 76.272006 162.450460
-21.422857 75.287970 162.456742
-19.681699 74.303934 162.463024
-17.940540 73.319898 162.469305
-16.199381 72.335862 162.475587
-14.458222 71.351826 162.481869
-12.717064 70.367790 162.488151
-10.975905 69.383754 162.494432
-9.234746 68.399718 162.500714
-7.493588 67.415682 162.506996
-5.752429 66.431646 162.513277
-4.011270 65.447610 162.519559
-2.270112 64.463574 162.525841
-0.528953 63.479538 162.532123
1.212206 62.495502 162.538404
2.953364 61.511465 162.544686
4.694523 60.527429 162.550968
6.435682 59.543393 162.557249
8.176841 58.559357 162.563531
9.917999 57.575321 162.569813
11.659158 56.591285 162.576095
13.400317 55.607249 162.582376
15.141475 54.623213 162.588658
16.882634 53.639177 162.594940
18.623793 52.655141 162.601222
20.364951 51.671105 162.607503
22.106110 50.687069 162.613785
23.847269 49.703033 162.620067
25.588427 48.718997 162.626348
27.329586 47.734961 162.632630
29.070745 46.750925 162.638912
30.811903 45.766889 162.645194
32.553062 44.782853 162.651475
34.294221 43.798816 162.657757
36.035380 42.814780 162.664039
37.776538 41.830744 162.670321
39.517697 40.846708 162.676602
41.258856 39.862672 162.682884
43.000014 38.878636 162.689166
44.741173 37.894600 162.695447
46.482332 36.910564 162.701729
48.223490 35.926528 162.708011
49.964649 34.942492 162.714293
51.705808 33.958456 162.720574
53.446966 32.974420 162.726856
55.188125 31.990384 162.733138
56.929284 31.006348 162.739420
58.670443 30.022312 162.745701
60.411601 29.038276 162.751983
62.152760 28.054240 162.758265
72.245499 163.406578 188.866338
70.871004 164.323069 187.739037
69.496509 165.239561 186.611736
68.122014 166.156052 185.484436
66.747519 167.072543 184.357135
65.373024 167.989034 183.229834
63.998529 168.905525 182.102533
62.624034 169.822016 180.975232
61.249538 170.738507 179.847931
59.875043 171.654999 178.720631
58.500548 172.571490 177.593330
57.126053 173.487981 176.466029
55.751558 174.404472 175.338728
54.377063 175.320963 174.211427
53.002568 176.237454 173.084126
51.628073 177.153945 171.956825
50.253578 178.070437 170.829525
48.879083 178.986928 169.702224
47.504587 179.903419 168.574923
46.130092 180.819910 167.447622
44.755597 181.736401 166.320321
43.381102 182.652892 165.193020
42.006607 183.569383 164.065720
40.632112 184.485875 162.938419
39.257617 185.402366 161.811118
37.883122 186.318857 160.683817
36.508627 187.235348 159.556516
35.134131 188.151839 158.429215
33.759636 189.068330 157.301915
32.385141 189.984822 156.174614
31.010646 190.901313 155.047313
29.636151 191.817804 153.920012
28.261656 192.734295 152.792711
26.887161 193.650786 151.665410
25.512666 194.567277 150.538110
24.138171 195.483768 149.410809
22.763676 196.400260 148.283508
21.389180 197.316751 147.156207
20.014685 198.233242 146.028906
18.640190 199.149733 144.901605
17.265695 200.066224 143.774304
15.891200 200.982715 142.647004
14.516705 201.899206 141.519703
13.142210 202.815698 140.392402
11.767715 203.732189 139.265101
10.393220 204.648680 138.137800
9.018724 205.565171 137.010499
7.644229 206.481662 135.883199
6.269734 207.398153 134.755898
4.895239 208.314644 133.628597
3.520744 209.231136 132.501296
2.146249 210.147627 131.373995
0.771754 211.064118 130.246694
-0.602741 211.980609 129.119394
-1.977236 212.897100 127.992093
-3.351731 213.813591 126.864792
-4.726227 214.730083 125.737491
-6.100722 215.646574 124.610190
-7.475217 216.563065 123.482889
-8.849712 217.479556 122.355589
-10.224207 218.396047 121.228288
-11.598702 219.312538 120.100987
-12.973197 220.229029 118.973686
-14.347692 221.145521 117.846385
-15.722187 222.062012 116.719084
-17.096682 222.978503 115.591783
-18.471178 223.894994 114.464483
-19.845673 224.811485 113.337182
-21.220168 225.727976 112.209881
-22.594663 226.644467 111.082580
-9.326415 -17.480183 -7.980184
-8.256835 -17.375238 -6.293476
-7.187255 -17.270294 -4.606768
-6.117675 -17.165350 -2.920059
-5.048095 -17.060406 -1.233351
-3.978515 -16.955462 0.453358
-2.908935 -16.850517 2.140066
-1.839355 -16.745573 3.826775
-0.769775 -16.640629 5.513483
0.299805 -16.535685 7.200191
1.369385 -16.430740 8.886900
2.438965 -16.325796 10.573608
3.508545 -16.220852 12.260317
4.578125 -16.115908 13.947025
5.647705 -16.010964 15.633733
6.717285 -15.906019 17.320442
7.786865 -15.801075 19.007150
8.856445 -15.696131 20.693859
9.926025 -15.591187 22.380567
10.995605 -15.486243 24.067275
12.065186 -15.381298 25.753984
13.134766 -15.276354 27.440692
14.204346 -15.171410 29.127401
15.273926 -15.066466 30.814109
16.343506 -14.961521 32.500818
17.413086 -14.856577 34.187526
18.482666 -14.751633 35.874234
19.552246 -14.646689 37.560943
20.621826 -14.541745 39.247651
21.691406 -14.436800 40.934360
22.760986 -14.331856 42.621068
23.830566 -14.226912 44.307776
24.900146 -14.121968 45.994485
25.969726 -14.017023 47.681193
27.039306 -13.912079 49.367902
28.108886 -13.807135 51.054610
29.178466 -13.702191 52.741319
30.248046 -13.597247 54.428027
31.317626 -13.492302 56.114735
32.387206 -13.387358 57.801444
33.456786 -13.282414 59.488152
34.526366 -13.177470 61.174861
35.595946 -13.072525 62.861569
36.665526 -12.967581 64.548277
37.735106 -12.862637 66.234986
38.804686 -12.757693 67.921694
39.874266 -12.652749 69.608403
40.943846 -12.547804 71.295111
42.013426 -12.442860 72.981820
43.083006 -12.337916 74.668528
44.152586 -12.232972 76.355236
45.222166 -12.128028 78.041945
46.291746 -12.023083 79.728653
47.361326 -11.918139 81.415362
48.430906 -11.813195 83.102070
49.500486 -11.708251 84.788778
50.570067 -11.603306 86.475487
51.639647 -11.498362 88.162195
52.709227 -11.393418 89.848904
53.778807 -11.288474 91.535612
54.848387 -11.183530 93.222320
55.917967 -11.078585 94.909029
56.987547 -10.973641 96.595737
58.057127 -10.868697 98.282446
59.126707 -10.763753 99.969154
60.196287 -10.658808 101.655863
61.265867 -10.553864 103.342571
62.335447 -10.448920 105.029279
63.405027 -10.343976 106.715988
64.474607 -10.239032 108.402696
-199.250819 -2.356445 -53.347151
-198.407371 -2.127322 -51.548235
-197.563923 -1.898200 -49.749320
-196.720475 -1.669077 -47.950404
-195.877028 -1.439955 -46.151488
-195.033580 -1.210832 -44.352572
-194.190132 -0.981709 -42.553656
-193.346684 -0.752587 -40.754740
-192.503237 -0.523464 -38.955824
-191.659789 -0.294341 -37.156908
-190.816341 -0.065219 -35.357992
-189.972893 0.163904 -33.559076
-189.129446 0.393027 -31.760160
-188.285998 0.622149 -29.961244
-187.442550 0.851272 -28.162328
-186.599102 1.080395 -26.363412
-185.755654 1.309517 -24.564496
-184.912207 1.538640 -22.765580
-184.068759 1.767762 -20.966664
-183.225311 1.996885 -19.167748
-182.381863 2.226008 -17.368832
-181.538416 2.455130 -15.569916
-180.694968 2.684253 -13.771000
-179.851520 2.913376 -11.972084
-179.008072 3.142498 -10.173168
-178.164625 3.371621 -8.374252
-177.321177 3.600744 -6.575336
-176.477729 3.829866 -4.776420
-175.634281 4.058989 -2.977504
-174.790834 4.288112 -1.178588
-173.947386 4.517234 0.620328
-173.103938 4.746357 2.419244
-172.260490 4.975480 4.218160
-171.417043 5.204602 6.017076
-170.573595 5.433725 7.815992
-169.730147 5.662847 9.614908
-168.886699 5.891970 11.413824
-168.043251 6.121093 13.212740
-167.199804 6.350215 15.011656
-166.356356 6.579338 16.810572
-165.512908 6.808461 18.609488
-164.669460 7.037583 20.408404
-163.826013 7.266706 22.207320
-162.982565 7.495829 24.006235
-162.139117 7.724951 25.805151
-161.295669 7.954074 27.604067
-160.452222 8.183197 29.402983
-159.608774 8.412319 31.201899
-158.765326 8.641442 33.000815
-157.921878 8.870564 34.799731
-157.078431 9.099687 36.598647
-156.234983 9.328810 38.397563
-155.391535 9.557932 40.196479
-154.548087 9.787055 41.995395
-153.704640 10.016178 43.794311
-152.861192 10.245300 45.593227
-152.017744 10.474423 47.392143
-151.174296 10.703546 49.191059
-150.330848 10.932668 50.989975
-149.487401 11.161791 52.788891
-148.643953 11.390914 54.587807
-147.800505 11.620036 56.386723
-146.957057 11.849159 58.185639
-146.113610 12.078281 59.984555
-145.270162 12.307404 61.783471
-144.426714 12.536527 63.582387
-143.583266 12.765649 65.381303
-142.739819 12.994772 67.180219
-141.896371 13.223895 68.979135
-141.052923 13.453017 70.778051
155.386745 -143.083409 -186.960370
156.750782 -141.647701 -187.239921
158.114818 -140.211994 -187.519471
159.478854 -138.776286 -187.799021
160.842891 -137.340578 -188.078571
162.206927 -135.904871 -188.358121
163.570963 -134.469163 -188.637671
164.935000 -133.033455 -188.917222
166.299036 -131.597748 -189.196772
167.663072 -130.162040 -189.476322
169.027109 -128.726332 -189.755872
170.391145 -127.290624 -190.035422
171.755181 -125.854917 -190.314972
173.119218 -124.419209 -190.594523
174.483254 -122.983501 -190.874073
175.847290 -121.547794 -191.153623
177.211327 -120.112086 -191.433173
178.575363 -118.676378 -191.712723
179.939399 -117.240671 -191.992273
181.303436 -115.804963 -192.271824
182.667472 -114.369255 -192.551374
184.031508 -112.933548 -192.830924
185.395545 -111.497840 -193.110474
186.759581 -110.062132 -193.390024
188.123617 -108.626424 -193.669574
189.487654 -107.190717 -193.949125
190.851690 -105.755009 -194.228675
192.215726 -104.319301 -194.508225
193.579763 -102.883594 -194.787775
194.943799 -101.447886 -195.067325
196.307835 -100.012178 -195.346875
197.671872 -98.576471 -195.626426
199.035908 -97.140763 -195.905976
200.399944 -95.705055 -196.185526
201.763981 -94.269348 -196.465076
203.128017 -92.833640 -196.744626
204.492053 -91.397932 -197.024176
205.856090 -89.962224 -197.303727
207.220126 -88.526517 -197.583277
208.584162 -87.090809 -197.862827
209.948199 -85.655101 -198.142377
211.312235 -84.219394 -198.421927
212.676271 -82.783686 -198.701477
214.040308 -81.347978 -198.981028
215.404344 -79.912271 -199.260578
216.768380 -78.476563 -199.540128
218.132417 -77.040855 -199.819678
219.496453 -75.605148 -200.099228
220.860489 -74.169440 -200.378778
222.224526 -72.733732 -200.658329
223.588562 -71.298025 -200.937879
224.952598 -69.862317 -201.217429
226.316635 -68.426609 -201.496979
227.680671 -66.990901 -201.776529
229.044707 -65.555194 -202.056079
230.408744 -64.119486 -202.335630
231.772780 -62.683778 -202.615180
233.136816 -61.248071 -202.894730
234.500853 -59.812363 -203.174280
235.864889 -58.376655 -203.453830
237.228925 -56.940948 -203.733380
238.592962 -55.505240 -204.012931
239.956998 -54.069532 -204.292481
241.321035 -52.633825 -204.572031
242.685071 -51.198117 -204.851581
244.049107 -49.762409 -205.131131
245.413144 -48.326701 -205.410681
246.777180 -46.890994 -205.690232
248.141216 -45.455286 -205.969782
249.505253 -44.019578 -206.249332
-133.531258 65.510713 -203.501634
-134.142637 63.685670 -202.958095
-134.754016 61.860627 -202.414556
-135.365395 60.035585 -201.871017
-135.976775 58.210542 -201.327478
-136.588154 56.385499 -200.783940
-137.199533 54.560456 -200.240401
-137.810913 52.735414 -199.696862
-138.422292 50.910371 -199.153323
-139.033671 49.085328 -198.609784
-139.645050 47.260286 -198.066245
-140.256430 45.435243 -197.522706
-140.867809 43.610200 -196.979168
-141.479188 41.785158 -196.435629
-142.090568 39.960115 -195.892090
-142.701947 38.135072 -195.348551
-143.313326 36.310029 -194.805012
-143.924705 34.484987 -194.261473
-144.536085 32.659944 -193.717935
-145.147464 30.834901 -193.174396
-145.758843 29.009859 -192.630857
-146.370223 27.184816 -192.087318
-146.981602 25.359773 -191.543779
-147.592981 23.534730 -191.000240
-148.204360 21.709688 -190.456701
-148.815740 19.884645 -189.913163
-149.427119 18.059602 -189.369624
-150.038498 16.234560 -188.826085
-150.649878 14.409517 -188.282546
-151.261257 12.584474 -187.739007
-151.872636 10.759431 -187.195468
-152.484015 8.934389 -186.651930
-153.095395 7.109346 -186.108391
-153.706774 5.284303 -185.564852
-154.318153 3.459261 -185.021313
-154.929533 1.634218 -184.477774
-155.540912 -0.190825 -183.934235
-156.152291 -2.015867 -183.390696
-156.763670 -3.840910 -182.847158
-157.375050 -5.665953 -182.303619
-157.986429 -7.490996 -181.760080
-158.597808 -9.316038 -181.216541
-159.209188 -11.141081 -180.673002
-159.820567 -12.966124 -180.129463
-160.431946 -14.791166 -179.585925
-161.043325 -16.616209 -179.042386
-161.654705 -18.441252 -178.498847
-162.266084 -20.266295 -177.955308
-162.877463 -22.091337 -177.411769
-163.488843 -23.916380 -176.868230
-164.100222 -25.741423 -176.324691
-164.711601 -27.566465 -175.781153
-165.322981 -29.391508 -175.237614
-165.934360 -31.216551 -174.694075
-166.545739 -33.041594 -174.150536
-167.157118 -34.866636 -173.606997
-167.768498 -36.691679 -173.063458
-168.379877 -38.516722 -172.519920
-168.991256 -40.341764 -171.976381
-169.602636 -42.166807 -171.432842
-170.214015 -43.991850 -170.889303
-170.825394 -45.816893 -170.345764
-171.436773 -47.641935 -169.802225
-172.048153 -49.466978 -169.258686
-172.659532 -51.292021 -168.715148
-173.270911 -53.117063 -168.171609
-173.882291 -54.942106 -167.628070
-174.493670 -56.767149 -167.084531
-175.105049 -58.592191 -166.540992
-175.716428 -60.417234 -165.997453
197.786190 199.855113 -147.763567
197.419683 199.369163 -145.858436
197.053176 198.883213 -143.953304
196.686669 198.397263 -142.048173
196.320163 197.911313 -140.143042
195.953656 197.425363 -138.237910
195.587149 196.939413 -136.332779
195.220642 196.453464 -134.427648
194.854135 195.967514 -132.522516
194.487628 195.481564 -130.617385
194.121121 194.995614 -128.712254
193.754614 194.509664 -126.807122
193.388107 194.023714 -124.901991
193.021600 193.537764 -122.996859
192.655093 193.051815 -121.091728
192.288587 192.565865 -119.186597
191.922080 192.079915 -117.281465
191.555573 191.593965 -115.376334
191.189066 191.108015 -113.471203
190.822559 190.622065 -111.566071
190.456052 190.136116 -109.660940
190.089545 189.650166 -107.755809
189.723038 189.164216 -105.850677
189.356531 188.678266 -103.945546
188.990024 188.192316 -102.040415
188.623517 187.706366 -100.135283
188.257011 187.220416 -98.230152
187.890504 186.734467 -96.325021
187.523997 186.248517 -94.419889
187.157490 185.762567 -92.514758
186.790983 185.276617 -90.609627
186.424476 184.790667 -88.704495
186.057969 184.304717 -86.799364
185.691462 183.818768 -84.894233
185.324955 183.332818 -82.989101
184.958448 182.846868 -81.083970
184.591941 182.360918 -79.178839
184.225435 181.874968 -77.273707
183.858928 181.389018 -75.368576
183.492421 180.903068 -73.463445
183.125914 180.417119 -71.558313
182.759407 179.931169 -69.653182
182.392900 179.445219 -67.748051
182.026393 178.959269 -65.842919
181.659886 178.473319 -63.937788
181.293379 177.987369 -62.032657
180.926872 177.501419 -60.127525
180.560365 177.015470 -58.222394
180.193859 176.529520 -56.317263
179.827352 176.043570 -54.412131
179.460845 175.557620 -52.507000
179.094338 175.071670 -50.601869
178.727831 174.585720 -48.696737
178.361324 174.099771 -46.791606
177.994817 173.613821 -44.886474
177.628310 173.127871 -42.981343
177.261803 172.641921 -41.076212
176.895296 172.155971 -39.171080
176.528789 171.670021 -37.265949
176.162283 171.184071 -35.360818
175.795776 170.698122 -33.455686
175.429269 170.212172 -31.550555
175.062762 169.726222 -29.645424
174.696255 169.240272 -27.740292
174.329748 168.754322 -25.835161
173.963241 168.268372 -23.930030
173.596734 167.782423 -22.024898
173.230227 167.296473 -20.119767
172.863720 166.810523 -18.214636
172.497213 166.324573 -16.309504
-285.215589 34.579068 167.387645
-283.296305 34.144101 167.031062
-281.377021 33.709133 166.674479
-279.457737 33.274165 166.317895
-277.538453 32.839197 165.961312
-275.619169 32.404230 165.604728
-273.699885 31.969262 165.248145
-271.780601 31.534294 164.891561
-269.861317 31.099327 164.534978
-267.942033 30.664359 164.178394
-266.022749 30.229391 163.821811
-264.103465 29.794423 163.465227
-262.184181 29.359456 163.108644
-260.264897 28.924488 162.752060
-258.345613 28.489520 162.395477
-256.426329 28.054553 162.038893
-254.507045 27.619585 161.682310
-252.587760 27.184617 161.325726
-250.668476 26.749649 160.969143
-248.749192 26.314682 160.612559
-246.829908 25.879714 160.255976
-244.910624 25.444746 159.899392
-242.991340 25.009779 159.542809
-241.072056 24.574811 159.186225
-239.152772 24.139843 158.829642
-237.233488 23.704875 158.473059
-235.314204 23.269908 158.116475
-233.394920 22.834940 157.759892
-231.475636 22.399972 157.403308
-229.556352 21.965005 157.046725
-227.637068 21.530037 156.690141
-225.717784 21.095069 156.333558
-223.798500 20.660101 155.976974
-221.879215 20.225134 155.620391
-219.959931 19.790166 155.263807
-218.040647 19.355198 154.907224
-216.121363 18.920230 154.550640
-214.202079 18.485263 154.194057
-212.282795 18.050295 153.837473
-210.363511 17.615327 153.480890
-208.444227 17.180360 153.124306
-206.524943 16.745392 152.767723
-204.605659 16.310424 152.411139
-202.686375 15.875456 152.054556
-200.767091 15.440489 151.697972
-198.847807 15.005521 151.341389
-196.928523 14.570553 150.984805
-195.009239 14.135586 150.628222
-193.089955 13.700618 150.271639
-191.170671 13.265650 149.915055
-189.251386 12.830682 149.558472
-187.332102 12.395715 149.201888
-185.412818 11.960747 148.845305
-183.493534 11.525779 148.488721
-181.574250 11.090812 148.132138
-179.654966 10.655844 147.775554
-177.735682 10.220876 147.418971
-175.816398 9.785908 147.062387
-173.897114 9.350941 146.705804
-171.977830 8.915973 146.349220
-170.058546 8.481005 145.992637
-168.139262 8.046038 145.636053
-166.219978 7.611070 145.279470
-164.300694 7.176102 144.922886
-162.381410 6.741134 144.566303
-160.462126 6.306167 144.209719
-158.542841 5.871199 143.853136
-156.623557 5.436231 143.496552
-154.704273 5.001263 143.139969
-152.784989 4.566296 142.783385
207.450391 29.285372 -94.943928
207.409608 30.196367 -96.723935
207.368825 31.107363 -98.503942
207.328042 32.018358 -100.283949
207.287259 32.929353 -102.063955
207.246477 33.840349 -103.843962
207.205694 34.751344 -105.623969
207.164911 35.662339 -107.403976
207.124128 36.573335 -109.183983
207.083345 37.484330 -110.963989
207.042562 38.395325 -112.743996
207.001779 39.306321 -114.524003
206.960997 40.217316 -116.304010
206.920214 41.128311 -118.084017
206.879431 42.039307 -119.864024
206.838648 42.950302 -121.644030
206.797865 43.861298 -123.424037
206.757082 44.772293 -125.204044
206.716299 45.683288 -126.984051
206.675517 46.594284 -128.764058
206.634734 47.505279 -130.544064
206.593951 48.416274 -132.324071
206.553168 49.327270 -134.104078
206.512385 50.238265 -135.884085
206.471602 51.149260 -137.664092
206.430819 52.060256 -139.444098
206.390037 52.971251 -141.224105
206.349254 53.882246 -143.004112
206.308471 54.793242 -144.784119
206.267688 55.704237 -146.564126
206.226905 56.615232 -148.344132
206.186122 57.526228 -150.124139
206.145339 58.437223 -151.904146
206.104557 59.348218 -153.684153
206.063774 60.259214 -155.464160
206.022991 61.170209 -157.244167
205.982208 62.081204 -159.024173
205.941425 62.992200 -160.804180
205.900642 63.903195 -162.584187
205.859859 64.814190 -164.364194
205.819077 65.725186 -166.144201
205.778294 66.636181 -167.924207
205.737511 67.547177 -169.704214
205.696728 68.458172 -171.484221
205.655945 69.369167 -173.264228
205.615162 70.280163 -175.044235
205.574379 71.191158 -176.824241
205.533597 72.102153 -178.604248
205.492814 73.013149 -180.384255
205.452031 73.924144 -182.164262
205.411248 74.835139 -183.944269
205.370465 75.746135 -185.724275
205.329682 76.657130 -187.504282
205.288899 77.568125 -189.284289
205.248117 78.479121 -191.064296
205.207334 79.390116 -192.844303
205.166551 80.301111 -194.624309
205.125768 81.212107 -196.404316
205.084985 82.123102 -198.184323
205.044202 83.034097 -199.964330
205.003419 83.945093 -201.744337
204.962637 84.856088 -203.524344
204.921854 85.767083 -205.304350
204.881071 86.678079 -207.084357
204.840288 87.589074 -208.864364
204.799505 88.500069 -210.644371
204.758722 89.411065 -212.424378
204.717939 90.322060 -214.204384
204.677157 91.233056 -215.984391
204.636374 92.144051 -217.764398
-159.611086 33.798523 44.912440
-161.213983 32.683120 44.480471
-162.816880 31.567717 44.048501
-164.419777 30.452314 43.616532
-166.022674 29.336911 43.184563
-167.625570 28.221508 42.752593
-169.228467 27.106105 42.320624
-170.831364 25.990702 41.888655
-172.434261 24.875299 41.456685
-174.037158 23.759896 41.024716
-175.640055 22.644493 40.592747
-177.242952 21.529089 40.160777
-178.845849 20.413686 39.728808
-180.448746 19.298283 39.296838
-182.051643 18.182880 38.864869
-183.654540 17.067477 38.432900
-185.257436 15.952074 38.000930
-186.860333 14.836671 37.568961
-188.463230 13.721268 37.136992
-190.066127 12.605865 36.705022
-191.669024 11.490462 36.273053
-193.271921 10.375059 35.841084
-194.874818 9.259656 35.409114
-196.477715 8.144253 34.977145
-198.080612 7.028850 34.545176
-199.683509 5.913447 34.113206
-201.286406 4.798044 33.681237
-202.889302 3.682640 33.249268
-204.492199 2.567237 32.817298
-206.095096 1.451834 32.385329
-207.697993 0.336431 31.953360
-209.300890 -0.778972 31.521390
-210.903787 -1.894375 31.089421
-212.506684 -3.009778 30.657452
-214.109581 -4.125181 30.225482
-215.712478 -5.240584 29.793513
-217.315375 -6.355987 29.361544
-218.918271 -7.471390 28.929574
-220.521168 -8.586793 28.497605
-222.124065 -9.702196 28.065636
-223.726962 -10.817599 27.633666
-225.329859 -11.933002 27.201697
-226.932756 -13.048405 26.769728
-228.535653 -14.163809 26.337758
-230.138550 -15.279212 25.905789
-231.741447 -16.394615 25.473819
-233.344344 -17.510018 25.041850
-234.947241 -18.625421 24.609881
-236.550137 -19.740824 24.177911
-238.153034 -20.856227 23.745942
-239.755931 -21.971630 23.313973
-241.358828 -23.087033 22.882003
-242.961725 -24.202436 22.450034
-244.564622 -25.317839 22.018065
-246.167519 -26.433242 21.586095
-247.770416 -27.548645 21.154126
-249.373313 -28.664048 20.722157
-250.976210 -29.779451 20.290187
-252.579107 -30.894854 19.858218
-254.182003 -32.010258 19.426249
-255.784900 -33.125661 18.994279
-257.387797 -34.241064 18.562310
-258.990694 -35.356467 18.130341
-260.593591 -36.471870 17.698371
-262.196488 -37.587273 17.266402
-263.799385 -38.702676 16.834433
-265.402282 -39.818079 16.402463
-267.005179 -40.933482 15.970494
-268.608076 -42.048885 15.538525
-270.210973 -43.164288 15.106555
244.581623 -78.816369 -87.657747
243.203430 -78.416838 -89.050931
241.825238 -78.017307 -90.444115
240.447046 -77.617775 -91.837299
239.068854 -77.218244 -93.230483
237.690662 -76.818713 -94.623666
236.312470 -76.419182 -96.016850
234.934278 -76.019650 -97.410034
233.556085 -75.620119 -98.803218
232.177893 -75.220588 -100.196402
230.799701 -74.821057 -101.589586
229.421509 -74.421526 -102.982769
228.043317 -74.021994 -104.375953
226.665125 -73.622463 -105.769137
225.286933 -73.222932 -107.162321
223.908740 -72.823401 -108.555505
222.530548 -72.423869 -109.948689
221.152356 -72.024338 -111.341873
219.774164 -71.624807 -112.735056
218.395972 -71.225276 -114.128240
217.017780 -70.825744 -115.521424
215.639588 -70.426213 -116.914608
214.261395 -70.026682 -118.307792
212.883203 -69.627151 -119.700976
211.505011 -69.227620 -121.094159
210.126819 -68.828088 -122.487343
208.748627 -68.428557 -123.880527
207.370435 -68.029026 -125.273711
205.992243 -67.629495 -126.666895
204.614050 -67.229963 -128.060079
203.235858 -66.830432 -129.453262
201.857666 -66.430901 -130.846446
200.479474 -66.031370 -132.239630
199.101282 -65.631839 -133.632814
197.723090 -65.232307 -135.025998
196.344898 -64.832776 -136.419182
194.966706 -64.433245 -137.812366
193.588513 -64.033714 -139.205549
192.210321 -63.634182 -140.598733
190.832129 -63.234651 -141.991917
189.453937 -62.835120 -143.385101
188.075745 -62.435589 -144.778285
186.697553 -62.036057 -146.171469
185.319361 -61.636526 -147.564652
183.941168 -61.236995 -148.957836
182.562976 -60.837464 -150.351020
181.184784 -60.437933 -151.744204
179.806592 -60.038401 -153.137388
178.428400 -59.638870 -154.530572
177.050208 -59.239339 -155.923756
175.672016 -58.839808 -157.316939
174.293823 -58.440276 -158.710123
172.915631 -58.040745 -160.103307
171.537439 -57.641214 -161.496491
170.159247 -57.241683 -162.889675
168.781055 -56.842151 -164.282859
167.402863 -56.442620 -165.676042
166.024671 -56.043089 -167.069226
164.646478 -55.643558 -168.462410
163.268286 -55.244027 -169.855594
161.890094 -54.844495 -171.248778
160.511902 -54.444964 -172.641962
159.133710 -54.045433 -174.035145
157.755518 -53.645902 -175.428329
156.377326 -53.246370 -176.821513
154.999133 -52.846839 -178.214697
153.620941 -52.447308 -179.607881
152.242749 -52.047777 -181.001065
150.864557 -51.648245 -182.394249
149.486365 -51.248714 -183.787432
246.762140 39.700888 -47.908688
246.364670 38.471718 -49.435502
245.967201 37.242548 -50.962316
245.569731 36.013379 -52.489130
245.172262 34.784209 -54.015943
244.774792 33.555040 -55.542757
244.377323 32.325870 -57.069571
243.979853 31.096700 -58.596384
243.582384 29.867531 -60.123198
243.184914 28.638361 -61.650012
242.787445 27.409192 -63.176826
242.389976 26.180022 -64.703639
241.992506 24.950853 -66.230453
241.595037 23.721683 -67.757267
241.197567 22.492513 -69.284080
240.800098 21.263344 -70.810894
240.402628 20.034174 -72.337708
240.005159 18.805005 -73.864522
239.607689 17.575835 -75.391335
239.210220 16.346665 -76.918149
238.812750 15.117496 -78.444963
238.415281 13.888326 -79.971776
238.017812 12.659157 -81.498590
237.620342 11.429987 -83.025404
237.222873 10.200817 -84.552218
236.825403 8.971648 -86.079031
236.427934 7.742478 -87.605845
236.030464 6.513309 -89.132659
235.632995 5.284139 -90.659473
235.235525 4.054969 -92.186286
234.838056 2.825800 -93.713100
234.440586 1.596630 -95.239914
234.043117 0.367461 -96.766727
233.645648 -0.861709 -98.293541
233.248178 -2.090879 -99.820355
232.850709 -3.320048 -101.347169
232.453239 -4.549218 -102.873982
232.055770 -5.778387 -104.400796
231.658300 -7.007557 -105.927610
231.260831 -8.236727 -107.454423
230.863361 -9.465896 -108.981237
230.465892 -10.695066 -110.508051
230.068422 -11.924235 -112.034865
229.670953 -13.153405 -113.561678
229.273484 -14.382575 -115.088492
228.876014 -15.611744 -116.615306
228.478545 -16.840914 -118.142120
228.081075 -18.070083 -119.668933
227.683606 -19.299253 -121.195747
227.286136 -20.528422 -122.722561
226.888667 -21.757592 -124.249374
226.491197 -22.986762 -125.776188
226.093728 -24.215931 -127.303002
225.696258 -25.445101 -128.829816
225.298789 -26.674270 -130.356629
224.901320 -27.903440 -131.883443
224.503850 -29.132610 -133.410257
224.106381 -30.361779 -134.937070
223.708911 -31.590949 -136.463884
223.311442 -32.820118 -137.990698
222.913972 -34.049288 -139.517512
222.516503 -35.278458 -141.044325
222.119033 -36.507627 -142.571139
221.721564 -37.736797 -144.097953
221.324095 -38.965966 -145.624767
220.926625 -40.195136 -147.151580
220.529156 -41.424306 -148.678394
220.131686 -42.653475 -150.205208
219.734217 -43.882645 -151.732021
219.336747 -45.111814 -153.258835
-267.418540 -129.970070 -147.099457
-266.671604 -128.165843 -147.531720
-265.924668 -126.361616 -147.963982
-265.177732 -124.557389 -148.396245
-264.430796 -122.753162 -148.828508
-263.683860 -120.948935 -149.260770
-262.936924 -119.144708 -149.693033
-262.189987 -117.340480 -150.125296
-261.443051 -115.536253 -150.557558
-260.696115 -113.732026 -150.989821
-259.949179 -111.927799 -151.422083
-259.202243 -110.123572 -151.854346
-258.455307 -108.319345 -152.286609
-257.708371 -106.515118 -152.718871
-256.961434 -104.710891 -153.151134
-256.214498 -102.906664 -153.583397
-255.467562 -101.102437 -154.015659
-254.720626 -99.298209 -154.447922
-253.973690 -97.493982 -154.880185
-253.226754 -95.689755 -155.312447
-252.479818 -93.885528 -155.744710
-251.732881 -92.081301 -156.176972
-250.985945 -90.277074 -156.609235
-250.239009 -88.472847 -157.041498
-249.492073 -86.668620 -157.473760
-248.745137 -84.864393 -157.906023
-247.998201 -83.060166 -158.338286
-247.251265 -81.255939 -158.770548
-246.504328 -79.451711 -159.202811
-245.757392 -77.647484 -159.635073
-245.010456 -75.843257 -160.067336
-244.263520 -74.039030 -160.499599
-243.516584 -72.234803 -160.931861
-242.769648 -70.430576 -161.364124
-242.022712 -68.626349 -161.796387
-241.275775 -66.822122 -162.228649
-240.528839 -65.017895 -162.660912
-239.781903 -63.213668 -163.093175
-239.034967 -61.409440 -163.525437
-238.288031 -59.605213 -163.957700
-237.541095 -57.800986 -164.389962
-236.794159 -55.996759 -164.822225
-236.047222 -54.192532 -165.254488
-235.300286 -52.388305 -165.686750
-234.553350 -50.584078 -166.119013
-233.806414 -48.779851 -166.551276
-233.059478 -46.975624 -166.983538
-232.312542 -45.171397 -167.415801
-231.565606 -43.367169 -167.848064
-230.818669 -41.562942 -168.280326
-230.071733 -39.758715 -168.712589
-229.324797 -37.954488 -169.144851
-228.577861 -36.150261 -169.577114
-227.830925 -34.346034 -170.009377
-227.083989 -32.541807 -170.441639
-226.337053 -30.737580 -170.873902
-225.590116 -28.933353 -171.306165
-224.843180 -27.129126 -171.738427
-224.096244 -25.324899 -172.170690
-223.349308 -23.520671 -172.602952
-222.602372 -21.716444 -173.035215
-221.855436 -19.912217 -173.467478
-221.108500 -18.107990 -173.899740
-220.361563 -16.303763 -174.332003
-219.614627 -14.499536 -174.764266
-218.867691 -12.695309 -175.196528
-218.120755 -10.891082 -175.628791
-217.373819 -9.086855 -176.061054
-216.626883 -7.282628 -176.493316
-215.879947 -5.478400 -176.925579
-252.579617 -53.739047 4.898929
-252.808645 -51.753884 4.980643
-253.037673 -49.768722 5.062356
-253.266701 -47.783560 5.144070
-253.495729 -45.798398 5.225783
-253.724757 -43.813235 5.307496
-253.953785 -41.828073 5.389210
-254.182813 -39.842911 5.470923
-254.411841 -37.857749 5.552637
-254.640869 -35.872587 5.634350
-254.869897 -33.887424 5.716063
-255.098925 -31.902262 5.797777
-255.327953 -29.917100 5.879490
-255.556981 -27.931938 5.961204
-255.786009 -25.946775 6.042917
-256.015037 -23.961613 6.124630
-256.244065 -21.976451 6.206344
-256.473093 -19.991289 6.288057
-256.702121 -18.006126 6.369771
-256.931149 -16.020964 6.451484
-257.160177 -14.035802 6.533197
-257.389205 -12.050640 6.614911
-257.618233 -10.065478 6.696624
-257.847261 -8.080315 6.778338
-258.076289 -6.095153 6.860051
-258.305317 -4.109991 6.941765
-258.534345 -2.124829 7.023478
-258.763373 -0.139666 7.105191
-258.992401 1.845496 7.186905
-259.221429 3.830658 7.268618
-259.450457 5.815820 7.350332
-259.679485 7.800983 7.432045
-259.908513 9.786145 7.513758
-260.137541 11.771307 7.595472
-260.366569 13.756469 7.677185
-260.595597 15.741631 7.758899
-260.824625 17.726794 7.840612
-261.053653 19.711956 7.922325
-261.282681 21.697118 8.004039
-261.511709 23.682280 8.085752
-261.740737 25.667443 8.167466
-261.969765 27.652605 8.249179
-262.198793 29.637767 8.330892
-262.427821 31.622929 8.412606
-262.656849 33.608092 8.494319
-262.885877 35.593254 8.576033
-263.114905 37.578416 8.657746
-263.343933 39.563578 8.739459
-263.572961 41.548741 8.821173
-263.801989 43.533903 8.902886
-264.031017 45.519065 8.984600
-264.260045 47.504227 9.066313
-264.489073 49.489389 9.148026
-264.718101 51.474552 9.229740
-264.947129 53.459714 9.311453
-265.176157 55.444876 9.393167
-265.405185 57.430038 9.474880
-265.634213 59.415201 9.556593
-265.863241 61.400363 9.638307
-266.092269 63.385525 9.720020
-266.321297 65.370687 9.801734
-266.550325 67.355850 9.883447
-266.779353 69.341012 9.965161
-267.008381 71.326174 10.046874
-267.237409 73.311336 10.128587
-267.466437 75.296498 10.210301
-267.695465 77.281661 10.292014
-267.924493 79.266823 10.373728
-268.153521 81.251985 10.455441
-268.382549 83.237147 10.537154
-109.584643 -96.611209 -46.137019
-111.040165 -96.830982 -47.490960
-112.495686 -97.050755 -48.844902
-113.951207 -97.270528 -50.198843
-115.406729 -97.490300 -51.552785
-116.862250 -97.710073 -52.906726
-118.317772 -97.929846 -54.260667
-119.773293 -98.149619 -55.614609
-121.228815 -98.369391 -56.968550
-122.684336 -98.589164 -58.322491
-124.139858 -98.808937 -59.676433
-125.595379 -99.028710 -61.030374
-127.050900 -99.248482 -62.384316
-128.506422 -99.468255 -63.738257
-129.961943 -99.688028 -65.092198
-131.417465 -99.907801 -66.446140
-132.872986 -100.127573 -67.800081
-134.328508 -100.347346 -69.154023
-135.784029 -100.567119 -70.507964
-137.239550 -100.786892 -71.861905
-138.695072 -101.006664 -73.215847
-140.150593 -101.226437 -74.569788
-141.606115 -101.446210 -75.923730
-143.061636 -101.665983 -77.277671
-144.517158 -101.885755 -78.631612
-145.972679 -102.105528 -79.985554
-147.428200 -102.325301 -81.339495
-148.883722 -102.545073 -82.693437
-150.339243 -102.764846 -84.047378
-151.794765 -102.984619 -85.401319
-153.250286 -103.204392 -86.755261
-154.705808 -103.424164 -88.109202
-156.161329 -103.643937 -89.463144
-157.616851 -103.863710 -90.817085
-159.072372 -104.083483 -92.171026
-160.527893 -104.303255 -93.524968
-161.983415 -104.523028 -94.878909
-163.438936 -104.742801 -96.232850
-164.894458 -104.962574 -97.586792
-166.349979 -105.182346 -98.940733
-167.805501 -105.402119 -100.294675
-169.261022 -105.621892 -101.648616
-170.716543 -105.841665 -103.002557
-172.172065 -106.061437 -104.356499
-173.627586 -106.281210 -105.710440
-175.083108 -106.500983 -107.064382
-176.538629 -106.720756 -108.418323
-177.994151 -106.940528 -109.772264
-179.449672 -107.160301 -111.126206
-180.905193 -107.380074 -112.480147
-182.360715 -107.599847 -113.834089
-183.816236 -107.819619 -115.188030
-185.271758 -108.039392 -116.541971
-186.727279 -108.259165 -117.895913
-188.182801 -108.478938 -119.249854
-189.638322 -108.698710 -120.603796
-191.093844 -108.918483 -121.957737
-192.549365 -109.138256 -123.311678
-194.004886 -109.358029 -124.665620
-195.460408 -109.577801 -126.019561
-196.915929 -109.797574 -127.373503
-198.371451 -110.017347 -128.727444
-199.826972 -110.237120 -130.081385
-201.282494 -110.456892 -131.435327
-202.738015 -110.676665 -132.789268
-204.193536 -110.896438 -134.143209
-205.649058 -111.116211 -135.497151
-207.104579 -111.335983 -136.851092
-208.560101 -111.555756 -138.205034
-210.015622 -111.775529 -139.558975
56.848645 231.103673 231.246667
54.947813 230.713549 230.762271
53.046980 230.323425 230.277876
51.146148 229.933301 229.793481
49.245315 229.543177 229.309085
47.344483 229.153053 228.824690
45.443650 228.762928 228.340294
43.542818 228.372804 227.855899
41.641985 227.982680 227.371504
39.741153 227.592556 226.887108
37.840320 227.202432 226.402713
35.939487 226.812308 225.918318
34.038655 226.422184 225.433922
32.137822 226.032060 224.949527
30.236990 225.641936 224.465131
28.336157 225.251812 223.980736
26.435325 224.861687 223.496341
24.534492 224.471563 223.011945
22.633660 224.081439 222.527550
20.732827 223.691315 222.043154
18.831995 223.301191 221.558759
16.931162 222.911067 221.074364
15.030330 222.520943 220.589968
13.129497 222.130819 220.105573
11.228665 221.740695 219.621177
9.327832 221.350571 219.136782
7.427000 220.960447 218.652387
5.526167 220.570322 218.167991
3.625334 220.180198 217.683596
1.724502 219.790074 217.199201
-0.176331 219.399950 216.714805
-2.077163 219.009826 216.230410
-3.977996 218.619702 215.746014
-5.878828 218.229578 215.261619
-7.779661 217.839454 214.777224
-9.680493 217.449330 214.292828
-11.581326 217.059206 213.808433
-13.482158 216.669081 213.324037
-15.382991 216.278957 212.839642
-17.283823 215.888833 212.355247
-19.184656 215.498709 211.870851
-21.085488 215.108585 211.386456
-22.986321 214.718461 210.902061
-24.887153 214.328337 210.417665
-26.787986 213.938213 209.933270
-28.688818 213.548089 209.448874
-30.589651 213.157965 208.964479
-32.490484 212.767840 208.480084
-34.391316 212.377716 207.995688
-36.292149 211.987592 207.511293
-38.192981 211.597468 207.026897
-40.093814 211.207344 206.542502
-41.994646 210.817220 206.058107
-43.895479 210.427096 205.573711
-45.796311 210.036972 205.089316
-47.697144 209.646848 204.604920
-49.597976 209.256724 204.120525
-51.498809 208.866599 203.636130
-53.399641 208.476475 203.151734
-55.300474 208.086351 202.667339
-57.201306 207.696227 202.182944
-59.102139 207.306103 201.698548
-61.002971 206.915979 201.214153
-62.903804 206.525855 200.729757
-64.804636 206.135731 200.245362
-66.705469 205.745607 199.760967
-68.606302 205.355483 199.276571
-70.507134 204.965358 198.792176
-72.407967 204.575234 198.307780
-74.308799 204.185110 197.823385
178.296289 26.820019 -158.676034
179.906369 25.633586 -158.671835
181.516449 24.447152 -158.667636
183.126529 23.260719 -158.663437
184.736610 22.074285 -158.659238
186.346690 20.887852 -158.655039
187.956770 19.701418 -158.650840
189.566850 18.514985 -158.646641
191.176930 17.328551 -158.642443
192.787010 16.142118 -158.638244
194.397090 14.955684 -158.634045
196.007170 13.769251 -158.629846
197.617250 12.582817 -158.625647
199.227330 11.396384 -158.621448
200.837410 10.209950 -158.617249
202.447491 9.023517 -158.613050
204.057571 7.837083 -158.608851
205.667651 6.650650 -158.604652
207.277731 5.464216 -158.600454
208.887811 4.277783 -158.596255
210.497891 3.091349 -158.592056
212.107971 1.904915 -158.587857
213.718051 0.718482 -158.583658
215.328131 -0.467952 -158.579459
216.938211 -1.654385 -158.575260
218.548291 -2.840819 -158.571061
220.158372 -4.027252 -158.566862
221.768452 -5.213686 -158.562663
223.378532 -6.400119 -158.558465
224.988612 -7.586553 -158.554266
226.598692 -8.772986 -158.550067
228.208772 -9.959420 -158.545868
229.818852 -11.145853 -158.541669
231.428932 -12.332287 -158.537470
233.039012 -13.518720 -158.533271
234.649092 -14.705154 -158.529072
236.259172 -15.891587 -158.524873
237.869253 -17.078021 -158.520674
239.479333 -18.264454 -158.516476
241.089413 -19.450888 -158.512277
242.699493 -20.637321 -158.508078
244.309573 -21.823755 -158.503879
245.919653 -23.010188 -158.499680
247.529733 -24.196622 -158.495481
249.139813 -25.383055 -158.491282
250.749893 -26.569489 -158.487083
252.359973 -27.755922 -158.482884
253.970053 -28.942356 -158.478686
255.580134 -30.128789 -158.474487
257.190214 -31.315223 -158.470288
258.800294 -32.501656 -158.466089
260.410374 -33.688090 -158.461890
262.020454 -34.874523 -158.457691
263.630534 -36.060957 -158.453492
265.240614 -37.247390 -158.449293
266.850694 -38.433824 -158.445094
268.460774 -39.620257 -158.440895
270.070854 -40.806691 -158.436697
271.680934 -41.993124 -158.432498
273.291015 -43.179558 -158.428299
274.901095 -44.365991 -158.424100
276.511175 -45.552425 -158.419901
278.121255 -46.738858 -158.415702
279.731335 -47.925292 -158.411503
281.341415 -49.111725 -158.407304
282.951495 -50.298159 -158.403105
284.561575 -51.484592 -158.398906
286.171655 -52.671026 -158.394708
287.781735 -53.857459 -158.390509
289.391815 -55.043893 -158.386310
-299.999045 -43.100668 -192.593114
-298.472180 -43.423933 -191.342441
-296.945315 -43.747197 -190.091767
-295.418450 -44.070461 -188.841094
-293.891585 -44.393726 -187.590420
-292.364720 -44.716990 -186.339747
-290.837856 -45.040254 -185.089074
-289.310991 -45.363519 -183.838400
-287.784126 -45.686783 -182.587727
-286.257261 -46.010047 -181.337053
-284.730396 -46.333312 -180.086380
-283.203532 -46.656576 -178.835706
-281.676667 -46.979840 -177.585033
-280.149802 -47.303104 -176.334359
-278.622937 -47.626369 -175.083686
-277.096072 -47.949633 -173.833013
-275.569208 -48.272897 -172.582339
-274.042343 -48.596162 -171.331666
-272.515478 -48.919426 -170.080992
-270.988613 -49.242690 -168.830319
-269.461748 -49.565955 -167.579645
-267.934883 -49.889219 -166.328972
-266.408019 -50.212483 -165.078299
-264.881154 -50.535747 -163.827625
-263.354289 -50.859012 -162.576952
-261.827424 -51.182276 -161.326278
-260.300559 -51.505540 -160.075605
-258.773695 -51.828805 -158.824931
-257.246830 -52.152069 -157.574258
-255.719965 -52.475333 -156.323585
-254.193100 -52.798598 -155.072911
-252.666235 -53.121862 -153.822238
-251.139371 -53.445126 -152.571564
-249.612506 -53.768391 -151.320891
-248.085641 -54.091655 -150.070217
-246.558776 -54.414919 -148.819544
-245.031911 -54.738183 -147.568871
-243.505046 -55.061448 -146.318197
-241.978182 -55.384712 -145.067524
-240.451317 -55.707976 -143.816850
-238.924452 -56.031241 -142.566177
-237.397587 -56.354505 -141.315503
-235.870722 -56.677769 -140.064830
-234.343858 -57.001034 -138.814157
-232.816993 -57.324298 -137.563483
-231.290128 -57.647562 -136.312810
-229.763263 -57.970826 -135.062136
-228.236398 -58.294091 -133.811463
-226.709534 -58.617355 -132.560789
-225.182669 -58.940619 -131.310116
-223.655804 -59.263884 -130.059443
-222.128939 -59.587148 -128.808769
-220.602074 -59.910412 -127.558096
-219.075209 -60.233677 -126.307422
-217.548345 -60.556941 -125.056749
-216.021480 -60.880205 -123.806075
-214.494615 -61.203470 -122.555402
-212.967750 -61.526734 -121.304729
-211.440885 -61.849998 -120.054055
-209.914021 -62.173262 -118.803382
-208.387156 -62.496527 -117.552708
-206.860291 -62.819791 -116.302035
-205.333426 -63.143055 -115.051361
-203.806561 -63.466320 -113.800688
-202.279696 -63.789584 -112.550014
-200.752832 -64.112848 -111.299341
-199.225967 -64.436113 -110.048668
-197.699102 -64.759377 -108.797994
-196.172237 -65.082641 -107.547321
-194.645372 -65.405905 -106.296647
-244.481162 41.853927 -25.804163
-242.975077 40.978480 -26.786660
-241.468992 40.103032 -27.769157
-239.962908 39.227585 -28.751655
-238.456823 38.352138 -29.734152
-236.950739 37.476690 -30.716649
-235.444654 36.601243 -31.699147
-233.938569 35.725796 -32.681644
-232.432485 34.850348 -33.664142
-230.926400 33.974901 -34.646639
-229.420316 33.099454 -35.629136
-227.914231 32.224006 -36.611634
-226.408146 31.348559 -37.594131
-224.902062 30.473112 -38.576629
-223.395977 29.597664 -39.559126
-221.889893 28.722217 -40.541623
-220.383808 27.846769 -41.524121
-218.877723 26.971322 -42.506618
-217.371639 26.095875 -43.489116
-215.865554 25.220427 -44.471613
-214.359470 24.344980 -45.454110
-212.853385 23.469533 -46.436608
-211.347300 22.594085 -47.419105
-209.841216 21.718638 -48.401602
-208.335131 20.843191 -49.384100
-206.829047 19.967743 -50.366597
-205.322962 19.092296 -51.349095
-203.816877 18.216849 -52.331592
-202.310793 17.341401 -53.314089
-200.804708 16.465954 -54.296587
-199.298624 15.590506 -55.279084
-197.792539 14.715059 -56.261582
-196.286455 13.839612 -57.244079
-194.780370 12.964164 -58.226576
-193.274285 12.088717 -59.209074
-191.768201 11.213270 -60.191571
-190.262116 10.337822 -61.174069
-188.756032 9.462375 -62.156566
-187.249947 8.586928 -63.139063
-185.743862 7.711480 -64.121561
-184.237778 6.836033 -65.104058
-182.731693 5.960586 -66.086555
-181.225609 5.085138 -67.069053
-179.719524 4.209691 -68.051550
-178.213439 3.334244 -69.034048
-176.707355 2.458796 -70.016545
-175.201270 1.583349 -70.999042
-173.695186 0.707901 -71.981540
-172.189101 -0.167546 -72.964037
-170.683016 -1.042993 -73.946535
-169.176932 -1.918441 -74.929032
-167.670847 -2.793888 -75.911529
-166.164763 -3.669335 -76.894027
-164.658678 -4.544783 -77.876524
-163.152593 -5.420230 -78.859021
-161.646509 -6.295677 -79.841519
-160.140424 -7.171125 -80.824016
-158.634340 -8.046572 -81.806514
-157.128255 -8.922019 -82.789011
-155.622170 -9.797467 -83.771508
-154.116086 -10.672914 -84.754006
-152.610001 -11.548362 -85.736503
-151.103917 -12.423809 -86.719001
-149.597832 -13.299256 -87.701498
-148.091747 -14.174704 -88.683995
-146.585663 -15.050151 -89.666493
-145.079578 -15.925598 -90.648990
-143.573494 -16.801046 -91.631488
-142.067409 -17.676493 -92.613985
-140.561324 -18.551940 -93.596482
-99.357590 -29.874686 -97.853415
-97.791773 -28.654915 -98.099128
-96.225956 -27.435144 -98.344840
-94.660139 -26.215372 -98.590553
-93.094322 -24.995601 -98.836265
-91.528505 -23.775829 -99.081978
-89.962688 -22.556058 -99.327691
-88.396871 -21.336286 -99.573403
-86.831054 -20.116515 -99.819116
-85.265237 -18.896743 -100.064828
-83.699420 -17.676972 -100.310541
-82.133603 -16.457200 -100.556254
-80.567786 -15.237429 -100.801966
-79.001969 -14.017658 -101.047679
-77.436152 -12.797886 -101.293391
-75.870335 -11.578115 -101.539104
-74.304518 -10.358343 -101.784817
-72.738701 -9.138572 -102.030529
-71.172884 -7.918800 -102.276242
-69.607066 -6.699029 -102.521955
-68.041249 -5.479257 -102.767667
-66.475432 -4.259486 -103.013380
-64.909615 -3.039714 -103.259092
-63.343798 -1.819943 -103.504805
-61.777981 -0.600172 -103.750518
-60.212164 0.619600 -103.996230
-58.646347 1.839371 -104.241943
-57.080530 3.059143 -104.487655
-55.514713 4.278914 -104.733368
-53.948896 5.498686 -104.979081
-52.383079 6.718457 -105.224793
-50.817262 7.938229 -105.470506
-49.251445 9.158000 -105.716218
-47.685628 10.377772 -105.961931
-46.119811 11.597543 -106.207644
-44.553994 12.817314 -106.453356
-42.988177 14.037086 -106.699069
-41.422360 15.256857 -106.944781
-39.856543 16.476629 -107.190494
-38.290726 17.696400 -107.436207
-36.724909 18.916172 -107.681919
-35.159092 20.135943 -107.927632
-33.593275 21.355715 -108.173344
-32.027458 22.575486 -108.419057
-30.461641 23.795258 -108.664770
-28.895824 25.015029 -108.910482
-27.330007 26.234800 -109.156195
-25.764190 27.454572 -109.401908
-24.198373 28.674343 -109.647620
-22.632556 29.894115 -109.893333
-21.066739 31.113886 -110.139045
-19.500922 32.333658 -110.384758
-17.935105 33.553429 -110.630471
-16.369288 34.773201 -110.876183
-14.803471 35.992972 -111.121896
-13.237654 37.212744 -111.367608
-11.671837 38.432515 -111.613321
-10.106020 39.652286 -111.859034
-8.540203 40.872058 -112.104746
-6.974386 42.091829 -112.350459
-5.408569 43.311601 -112.596171
-3.842752 44.531372 -112.841884
-2.276935 45.751144 -113.087597
-0.711118 46.970915 -113.333309
0.854699 48.190687 -113.579022
2.420516 49.410458 -113.824734
3.986333 50.630229 -114.070447
5.552150 51.850001 -114.316160
7.117967 53.069772 -114.561872
8.683784 54.289544 -114.807585
87.500491 87.887272 256.196816
89.348606 87.461275 256.831639
91.196720 87.035278 257.466462
93.044834 86.609280 258.101285
94.892948 86.183283 258.736107
96.741063 85.757285 259.370930
98.589177 85.331288 260.005753
100.437291 84.905291 260.640576
102.285405 84.479293 261.275399
104.133520 84.053296 261.910221
105.981634 83.627298 262.545044
107.829748 83.201301 263.179867
109.677862 82.775304 263.814690
111.525977 82.349306 264.449513
113.374091 81.923309 265.084335
115.222205 81.497311 265.719158
117.070319 81.071314 266.353981
118.918433 80.645317 266.988804
120.766548 80.219319 267.623627
122.614662 79.793322 268.258449
124.462776 79.367325 268.893272
126.310890 78.941327 269.528095
128.159005 78.515330 270.162918
130.007119 78.089332 270.797741
131.855233 77.663335 271.432563
133.703347 77.237338 272.067386
135.551462 76.811340 272.702209
137.399576 76.385343 273.337032
139.247690 75.959345 273.971855
141.095804 75.533348 274.606677
142.943919 75.107351 275.241500
144.792033 74.681353 275.876323
146.640147 74.255356 276.511146
148.488261 73.829358 277.145969
150.336375 73.403361 277.780791
152.184490 72.977364 278.415614
154.032604 72.551366 279.050437
155.880718 72.125369 279.685260
157.728832 71.699371 280.320083
159.576947 71.273374 280.954905
161.425061 70.847377 281.589728
163.273175 70.421379 282.224551
165.121289 69.995382 282.859374
166.969404 69.569384 283.494197
168.817518 69.143387 284.129020
170.665632 68.717390 284.763842
172.513746 68.291392 285.398665
174.361861 67.865395 286.033488
176.209975 67.439397 286.668311
178.058089 67.013400 287.303134
179.906203 66.587403 287.937956
181.754317 66.161405 288.572779
183.602432 65.735408 289.207602
185.450546 65.309411 289.842425
187.298660 64.883413 290.477248
189.146774 64.457416 291.112070
190.994889 64.031418 291.746893
192.843003 63.605421 292.381716
194.691117 63.179424 293.016539
196.539231 62.753426 293.651362
198.387346 62.327429 294.286184
200.235460 61.901431 294.921007
202.083574 61.475434 295.555830
203.931688 61.049437 296.190653
205.779803 60.623439 296.825476
207.627917 60.197442 297.460298
209.476031 59.771444 298.095121
211.324145 59.345447 298.729944
213.172259 58.919450 299.364767
215.020374 58.493452 299.999590
40.590312 252.985445 -248.871229
38.706040 253.655127 -248.838919
36.821768 254.324809 -248.806609
34.937495 254.994490 -248.774298
33.053223 255.664172 -248.741988
31.168951 256.333854 -248.709678
29.284678 257.003536 -248.677368
27.400406 257.673218 -248.645057
25.516134 258.342900 -248.612747
23.631861 259.012581 -248.580437
21.747589 259.682263 -248.548127
19.863316 260.351945 -248.515816
17.979044 261.021627 -248.483506
16.094772 261.691309 -248.451196
14.210499 262.360990 -248.418886
12.326227 263.030672 -248.386575
10.441955 263.700354 -248.354265
8.557682 264.370036 -248.321955
6.673410 265.039718 -248.289645
4.789138 265.709400 -248.257334
2.904865 266.379081 -248.225024
1.020593 267.048763 -248.192714
-0.863679 267.718445 -248.160404
-2.747952 268.388127 -248.128093
-4.632224 269.057809 -248.095783
-6.516496 269.727491 -248.063473
-8.400769 270.397172 -248.031162
-10.285041 271.066854 -247.998852
-12.169314 271.736536 -247.966542
-14.053586 272.406218 -247.934232
-15.937858 273.075900 -247.901921
-17.822131 273.745582 -247.869611
-19.706403 274.415263 -247.837301
-21.590675 275.084945 -247.804991
-23.474948 275.754627 -247.772680
-25.359220 276.424309 -247.740370
-27.243492 277.093991 -247.708060
-29.127765 277.763673 -247.675750
-31.012037 278.433354 -247.643439
-32.896309 279.103036 -247.611129
-34.780582 279.772718 -247.578819
-36.664854 280.442400 -247.546509
-38.549126 281.112082 -247.514198
-40.433399 281.781763 -247.481888
-42.317671 282.451445 -247.449578
-44.201944 283.121127 -247.417268
-46.086216 283.790809 -247.384957
-47.970488 284.460491 -247.352647
-49.854761 285.130173 -247.320337
-51.739033 285.799854 -247.288027
-53.623305 286.469536 -247.255716
-55.507578 287.139218 -247.223406
-57.391850 287.808900 -247.191096
-59.276122 288.478582 -247.158785
-61.160395 289.148264 -247.126475
-63.044667 289.817945 -247.094165
-64.928939 290.487627 -247.061855
-66.813212 291.157309 -247.029544
-68.697484 291.826991 -246.997234
-70.581756 292.496673 -246.964924
-72.466029 293.166355 -246.932614
-74.350301 293.836036 -246.900303
-76.234574 294.505718 -246.867993
-78.118846 295.175400 -246.835683
-80.003118 295.845082 -246.803373
-81.887391 296.514764 -246.771062
-83.771663 297.184445 -246.738752
-85.655935 297.854127 -246.706442
-87.540208 298.523809 -246.674132
-89.424480 299.193491 -246.641821
-188.276314 -133.695531 0.820167
-188.296898 -134.625307 -0.950452
-188.317482 -135.555083 -2.721072
-188.338067 -136.484859 -4.491691
-188.358651 -137.414635 -6.262311
-188.379236 -138.344410 -8.032930
-188.399820 -139.274186 -9.803549
-188.420405 -140.203962 -11.574169
-188.440989 -141.133738 -13.344788
-188.461573 -142.063513 -15.115408
-188.482158 -142.993289 -16.886027
-188.502742 -143.923065 -18.656647
-188.523327 -144.852841 -20.427266
-188.543911 -145.782617 -22.197886
-188.564496 -146.712392 -23.968505
-188.585080 -147.642168 -25.739125
-188.605664 -148.571944 -27.509744
-188.626249 -149.501720 -29.280364
-188.646833 -150.431495 -31.050983
-188.667418 -151.361271 -32.821602
-188.688002 -152.291047 -34.592222
-188.708586 -153.220823 -36.362841
-188.729171 -154.150599 -38.133461
-188.749755 -155.080374 -39.904080
-188.770340 -156.010150 -41.674700
-188.790924 -156.939926 -43.445319
-188.811509 -157.869702 -45.215939
-188.832093 -158.799477 -46.986558
-188.852677 -159.729253 -48.757178
-188.873262 -160.659029 -50.527797
-188.893846 -161.588805 -52.298417
-188.914431 -162.518581 -54.069036
-188.935015 -163.448356 -55.839655
-188.955599 -164.378132 -57.610275
-188.976184 -165.307908 -59.380894
-188.996768 -166.237684 -61.151514
-189.017353 -167.167460 -62.922133
-189.037937 -168.097235 -64.692753
-189.058522 -169.027011 -66.463372
-189.079106 -169.956787 -68.233992
-189.099690 -170.886563 -70.004611
-189.120275 -171.816338 -71.775231
-189.140859 -172.746114 -73.545850
-189.161444 -173.675890 -75.316470
-189.182028 -174.605666 -77.087089
-189.202613 -175.535442 -78.857708
-189.223197 -176.465217 -80.628328
-189.243781 -177.394993 -82.398947
-189.264366 -178.324769 -84.169567
-189.284950 -179.254545 -85.940186
-189.305535 -180.184320 -87.710806
-189.326119 -181.114096 -89.481425
-189.346703 -182.043872 -91.252045
-189.367288 -182.973648 -93.022664
-189.387872 -183.903424 -94.793284
-189.408457 -184.833199 -96.563903
-189.429041 -185.762975 -98.334523
-189.449626 -186.692751 -100.105142
-189.470210 -187.622527 -101.875761
-189.490794 -188.552303 -103.646381
-189.511379 -189.482078 -105.417000
-189.531963 -190.411854 -107.187620
-189.552548 -191.341630 -108.958239
-189.573132 -192.271406 -110.728859
-189.593716 -193.201181 -112.499478
-189.614301 -194.130957 -114.270098
-189.634885 -195.060733 -116.040717
-189.655470 -195.990509 -117.811337
-189.676054 -196.920285 -119.581956
-189.696639 -197.850060 -121.352576
85.974897 -261.183921 103.503989
85.176642 -259.661208 104.525817
84.378387 -258.138495 105.547646
83.580132 -256.615782 106.569475
82.781877 -255.093069 107.591303
81.983623 -253.570355 108.613132
81.185368 -252.047642 109.634961
80.387113 -250.524929 110.656790
79.588858 -249.002216 111.678618
78.790604 -247.479503 112.700447
77.992349 -245.956790 113.722276
77.194094 -244.434076 114.744105
76.395839 -242.911363 115.765933
75.597584 -241.388650 116.787762
74.799330 -239.865937 117.809591
74.001075 -238.343224 118.831419
73.202820 -236.820511 119.853248
72.404565 -235.297798 120.875077
71.606310 -233.775084 121.896906
70.808056 -232.252371 122.918734
70.009801 -230.729658 123.940563
69.211546 -229.206945 124.962392
68.413291 -227.684232 125.984221
67.615037 -226.161519 127.006049
66.816782 -224.638805 128.027878
66.018527 -223.116092 129.049707
65.220272 -221.593379 130.071535
64.422017 -220.070666 131.093364
63.623763 -218.547953 132.115193
62.825508 -217.025240 133.137022
62.027253 -215.502526 134.158850
61.228998 -213.979813 135.180679
60.430744 -212.457100 136.202508
59.632489 -210.934387 137.224337
58.834234 -209.411674 138.246165
58.035979 -207.888961 139.267994
57.237724 -206.366248 140.289823
56.439470 -204.843534 141.311651
55.641215 -203.320821 142.333480
54.842960 -201.798108 143.355309
54.044705 -200.275395 144.377138
53.246450 -198.752682 145.398966
52.448196 -197.229969 146.420795
51.649941 -195.707255 147.442624
50.851686 -194.184542 148.464453
50.053431 -192.661829 149.486281
49.255177 -191.139116 150.508110
48.456922 -189.616403 151.529939
47.658667 -188.093690 152.551767
46.860412 -186.570977 153.573596
46.062157 -185.048263 154.595425
45.263903 -183.525550 155.617254
44.465648 -182.002837 156.639082
43.667393 -180.480124 157.660911
42.869138 -178.957411 158.682740
42.070883 -177.434698 159.704569
41.272629 -175.911984 160.726397
40.474374 -174.389271 161.748226
39.676119 -172.866558 162.770055
38.877864 -171.343845 163.791883
38.079610 -169.821132 164.813712
37.281355 -168.298419 165.835541
36.483100 -166.775706 166.857370
35.684845 -165.252992 167.879198
34.886590 -163.730279 168.901027
34.088336 -162.207566 169.922856
33.290081 -160.684853 170.944685
32.491826 -159.162140 171.966513
31.693571 -157.639427 172.988342
30.895317 -156.116713 174.010171
21.936761 268.399328 -238.244199
22.752979 267.108982 -236.952380
23.569197 265.818637 -235.660561
24.385414 264.528291 -234.368741
25.201632 263.237946 -233.076922
26.017850 261.947600 -231.785103
26.834068 260.657255 -230.493284
27.650286 259.366909 -229.201464
28.466504 258.076564 -227.909645
29.282721 256.786218 -226.617826
30.098939 255.495873 -225.326007
30.915157 254.205527 -224.034188
31.731375 252.915182 -222.742368
32.547593 251.624836 -221.450549
33.363811 250.334491 -220.158730
34.180028 249.044145 -218.866911
34.996246 247.753800 -217.575091
35.812464 246.463454 -216.283272
36.628682 245.173109 -214.991453
37.444900 243.882763 -213.699634
38.261118 242.592418 -212.407814
39.077335 241.302072 -211.115995
39.893553 240.011727 -209.824176
40.709771 238.721381 -208.532357
41.525989 237.431036 -207.240537
42.342207 236.140690 -205.948718
43.158424 234.850345 -204.656899
43.974642 233.559999 -203.365080
44.790860 232.269654 -202.073260
45.607078 230.979308 -200.781441
46.423296 229.688963 -199.489622
47.239514 228.398617 -198.197803
48.055731 227.108272 -196.905983
48.871949 225.817926 -195.614164
49.688167 224.527581 -194.322345
50.504385 223.237235 -193.030526
51.320603 221.946890 -191.738706
52.136821 220.656544 -190.446887
52.953038 219.366199 -189.155068
53.769256 218.075853 -187.863249
54.585474 216.785508 -186.571430
55.401692 215.495162 -185.279610
56.217910 214.204817 -183.987791
57.034128 212.914471 -182.695972
57.850345 211.624126 -181.404153
58.666563 210.333780 -180.112333
59.482781 209.043435 -178.820514
60.298999 207.753089 -177.528695
61.115217 206.462744 -176.236876
61.931435 205.172398 -174.945056
62.747652 203.882053 -173.653237
63.563870 202.591707 -172.361418
64.380088 201.301362 -171.069599
65.196306 200.011016 -169.777779
66.012524 198.720671 -168.485960
66.828742 197.430325 -167.194141
67.644959 196.139980 -165.902322
68.461177 194.849634 -164.610502
69.277395 193.559289 -163.318683
70.093613 192.268943 -162.026864
70.909831 190.978598 -160.735045
71.726049 189.688252 -159.443225
72.542266 188.397907 -158.151406
73.358484 187.107561 -156.859587
74.174702 185.817216 -155.567768
74.990920 184.526870 -154.275948
75.807138 183.236525 -152.984129
76.623356 181.946179 -151.692310
77.439573 180.655834 -150.400491
78.255791 179.365488 -149.108672
-17.759855 -116.872749 70.592928
-18.847323 -118.507499 70.973726
-19.934791 -120.142248 71.354523
-21.022259 -121.776998 71.735321
-22.109727 -123.411748 72.116118
-23.197195 -125.046498 72.496916
-24.284662 -126.681247 72.877713
-25.372130 -128.315997 73.258511
-26.459598 -129.950747 73.639308
-27.547066 -131.585497 74.020106
-28.634534 -133.220247 74.400903
-29.722002 -134.854996 74.781701
-30.809470 -136.489746 75.162498
-31.896938 -138.124496 75.543296
-32.984406 -139.759246 75.924093
-34.071874 -141.393995 76.304891
-35.159342 -143.028745 76.685688
-36.246810 -144.663495 77.066486
-37.334278 -146.298245 77.447283
-38.421745 -147.932994 77.828081
-39.509213 -149.567744 78.208878
-40.596681 -151.202494 78.589676
-41.684149 -152.837244 78.970473
-42.771617 -154.471993 79.351271
-43.859085 -156.106743 79.732068
-44.946553 -157.741493 80.112866
-46.034021 -159.376243 80.493663
-47.121489 -161.010992 80.874461
-48.208957 -162.645742 81.255258
-49.296425 -164.280492 81.636056
-50.383893 -165.915242 82.016853
-51.471361 -167.549991 82.397651
-52.558829 -169.184741 82.778448
-53.646296 -170.819491 83.159246
-54.733764 -172.454241 83.540043
-55.821232 -174.088991 83.920841
-56.908700 -175.723740 84.301638
-57.996168 -177.358490 84.682436
-59.083636 -178.993240 85.063233
-60.171104 -180.627990 85.444031
-61.258572 -182.262739 85.824828
-62.346040 -183.897489 86.205626
-63.433508 -185.532239 86.586423
-64.520976 -187.166989 86.967221
-65.608444 -188.801738 87.348018
-66.695912 -190.436488 87.728816
-67.783380 -192.071238 88.109613
-68.870847 -193.705988 88.490411
-69.958315 -195.340737 88.871208
-71.045783 -196.975487 89.252006
-72.133251 -198.610237 89.632803
-73.220719 -200.244987 90.013601
-74.308187 -201.879736 90.394398
-75.395655 -203.514486 90.775196
-76.483123 -205.149236 91.155993
-77.570591 -206.783986 91.536791
-78.658059 -208.418735 91.917588
-79.745527 -210.053485 92.298386
-80.832995 -211.688235 92.679183
-81.920463 -213.322985 93.059981
-83.007930 -214.957735 93.440778
-84.095398 -216.592484 93.821576
-85.182866 -218.227234 94.202373
-86.270334 -219.861984 94.583171
-87.357802 -221.496734 94.963968
-88.445270 -223.131483 95.344766
-89.532738 -224.766233 95.725563
-90.620206 -226.400983 96.106361
-91.707674 -228.035733 96.487158
-92.795142 -229.670482 96.867956
92.448856 225.936524 -243.614579
90.608891 226.206639 -242.878668
88.768925 226.476753 -242.142757
86.928960 226.746868 -241.406846
85.088994 227.016982 -240.670935
83.249029 227.287097 -239.935024
81.409063 227.557211 -239.199113
79.569098 227.827326 -238.463202
77.729132 228.097440 -237.727291
75.889167 228.367555 -236.991380
74.049201 228.637669 -236.255468
72.209236 228.907784 -235.519557
70.369270 229.177898 -234.783646
68.529305 229.448013 -234.047735
66.689339 229.718127 -233.311824
64.849374 229.988242 -232.575913
63.009408 230.258356 -231.840002
61.169443 230.528471 -231.104091
59.329477 230.798585 -230.368180
57.489512 231.068700 -229.632269
55.649546 231.338814 -228.896358
53.809581 231.608929 -228.160447
51.969615 231.879043 -227.424536
50.129650 232.149157 -226.688625
48.289684 232.419272 -225.952713
46.449719 232.689386 -225.216802
44.609753 232.959501 -224.480891
42.769788 233.229615 -223.744980
40.929822 233.499730 -223.009069
39.089857 233.769844 -222.273158
37.249891 234.039959 -221.537247
35.409926 234.310073 -220.801336
33.569960 234.580188 -220.065425
31.729995 234.850302 -219.329514
29.890029 235.120417 -218.593603
28.050064 235.390531 -217.857692
26.210098 235.660646 -217.121781
24.370133 235.930760 -216.385870
22.530167 236.200875 -215.649959
20.690202 236.470989 -214.914047
18.850236 236.741104 -214.178136
17.010271 237.011218 -213.442225
15.170305 237.281333 -212.706314
13.330340 237.551447 -211.970403
11.490374 237.821562 -211.234492
9.650409 238.091676 -210.498581
7.810443 238.361791 -209.762670
5.970478 238.631905 -209.026759
4.130512 238.902020 -208.290848
2.290547 239.172134 -207.554937
0.450581 239.442248 -206.819026
-1.389384 239.712363 -206.083115
-3.229350 239.982477 -205.347204
-5.069315 240.252592 -204.611292
-6.909281 240.522706 -203.875381
-8.749246 240.792821 -203.139470
-10.589212 241.062935 -202.403559
-12.429177 241.333050 -201.667648
-14.269143 241.603164 -200.931737
-16.109109 241.873279 -200.195826
-17.949074 242.143393 -199.459915
-19.789040 242.413508 -198.724004
-21.629005 242.683622 -197.988093
-23.468971 242.953737 -197.252182
-25.308936 243.223851 -196.516271
-27.148902 243.493966 -195.780360
-28.988867 243.764080 -195.044449
-30.828833 244.034195 -194.308537
-32.668798 244.304309 -193.572626
-34.508764 244.574424 -192.836715
145.364172 237.460606 85.208176
144.451766 237.358205 83.431373
143.539360 237.255803 81.654570
142.626954 237.153401 79.877767
141.714548 237.051000 78.100964
140.802141 236.948598 76.324161
139.889735 236.846196 74.547358
138.977329 236.743795 72.770555
138.064923 236.641393 70.993752
137.152516 236.538991 69.216949
136.240110 236.436590 67.440146
135.327704 236.334188 65.663343
134.415298 236.231786 63.886540
133.502892 236.129385 62.109737
132.590485 236.026983 60.332934
131.678079 235.924581 58.556131
130.765673 235.822180 56.779328
129.853267 235.719778 55.002525
128.940861 235.617376 53.225722
128.028454 235.514975 51.448919
127.116048 235.412573 49.672116
126.203642 235.310171 47.895313
125.291236 235.207770 46.118510
124.378830 235.105368 44.341707
123.466423 235.002966 42.564904
122.554017 234.900565 40.788101
121.641611 234.798163 39.011298
120.729205 234.695761 37.234495
119.816798 234.593360 35.457692
118.904392 234.490958 33.680889
117.991986 234.388556 31.904086
117.079580 234.286155 30.127283
116.167174 234.183753 28.350480
115.254767 234.081351 26.573678
114.342361 233.978950 24.796875
113.429955 233.876548 23.020072
112.517549 233.774147 21.243269
111.605143 233.671745 19.466466
110.692736 233.569343 17.689663
109.780330 233.466942 15.912860
108.867924 233.364540 14.136057
107.955518 233.262138 12.359254
107.043111 233.159737 10.582451
106.130705 233.057335 8.805648
105.218299 232.954933 7.028845
104.305893 232.852532 5.252042
103.393487 232.750130 3.475239
102.481080 232.647728 1.698436
101.568674 232.545327 -0.078367
100.656268 232.442925 -1.855170
99.743862 232.340523 -3.631973
98.831456 232.238122 -5.408776
97.919049 232.135720 -7.185579
97.006643 232.033318 -8.962382
96.094237 231.930917 -10.739185
95.181831 231.828515 -12.515988
94.269425 231.726113 -14.292791
93.357018 231.623712 -16.069594
92.444612 231.521310 -17.846397
91.532206 231.418908 -19.623200
90.619800 231.316507 -21.400003
89.707393 231.214105 -23.176806
88.794987 231.111703 -24.953609
87.882581 231.009302 -26.730412
86.970175 230.906900 -28.507215
86.057769 230.804498 -30.284018
85.145362 230.702097 -32.060821
84.232956 230.599695 -33.837624
83.320550 230.497293 -35.614427
82.408144 230.394892 -37.391230
77.813515 93.300819 -49.470748
76.232518 92.894481 -48.315181
74.651520 92.488142 -47.159614
73.070522 92.081803 -46.004046
71.489525 91.675464 -44.848479
69.908527 91.269125 -43.692912
68.327530 90.862786 -42.537345
66.746532 90.456447 -41.381778
65.165534 90.050108 -40.226211
63.584537 89.643769 -39.070644
62.003539 89.237431 -37.915077
60.422541 88.831092 -36.759510
58.841544 88.424753 -35.603943
57.260546 88.018414 -34.448376
55.679549 87.612075 -33.292809
54.098551 87.205736 -32.137242
52.517553 86.799397 -30.981675
50.936556 86.393058 -29.826108
49.355558 85.986719 -28.670541
47.774560 85.580381 -27.514973
46.193563 85.174042 -26.359406
44.612565 84.767703 -25.203839
43.031568 84.361364 -24.048272
41.450570 83.955025 -22.892705
39.869572 83.548686 -21.737138
38.288575 83.142347 -20.581571
36.707577 82.736008 -19.426004
35.126580 82.329669 -18.270437
33.545582 81.923331 -17.114870
31.964584 81.516992 -15.959303
30.383587 81.110653 -14.803736
28.802589 80.704314 -13.648169
27.221591 80.297975 -12.492602
25.640594 79.891636 -11.337035
24.059596 79.485297 -10.181467
22.478599 79.078958 -9.025900
20.897601 78.672619 -7.870333
19.316603 78.266281 -6.714766
17.735606 77.859942 -5.559199
16.154608 77.453603 -4.403632
14.573611 77.047264 -3.248065
12.992613 76.640925 -2.092498
11.411615 76.234586 -0.936931
9.830618 75.828247 0.218636
8.249620 75.421908 1.374203
6.668622 75.015569 2.529770
5.087625 74.609231 3.685337
3.506627 74.202892 4.840904
1.925630 73.796553 5.996471
0.344632 73.390214 7.152038
-1.236366 72.983875 8.307606
-2.817363 72.577536 9.463173
-4.398361 72.171197 10.618740
-5.979359 71.764858 11.774307
-7.560356 71.358519 12.929874
-9.141354 70.952181 14.085441
-10.722351 70.545842 15.241008
-12.303349 70.139503 16.396575
-13.884347 69.733164 17.552142
-15.465344 69.326825 18.707709
-17.046342 68.920486 19.863276
-18.627339 68.514147 21.018843
-20.208337 68.107808 22.174410
-21.789335 67.701469 23.329977
-23.370332 67.295131 24.485544
-24.951330 66.888792 25.641112
-26.532328 66.482453 26.796679
-28.113325 66.076114 27.952246
-29.694323 65.669775 29.107813
-31.275320 65.263436 30.263380
266.579498 268.186045 65.573199
264.945280 267.807989 64.483977
263.311061 267.429932 63.394756
261.676843 267.051876 62.305534
260.042625 266.673820 61.216312
258.408406 266.295763 60.127090
256.774188 265.917707 59.037869
255.139970 265.539651 57.948647
253.505752 265.161595 56.859425
251.871533 264.783538 55.770203
250.237315 264.405482 54.680982
248.603097 264.027426 53.591760
246.968878 263.649370 52.502538
245.334660 263.271313 51.413316
243.700442 262.893257 50.324095
242.066224 262.515201 49.234873
240.432005 262.137144 48.145651
238.797787 261.759088 47.056429
237.163569 261.381032 45.967207
235.529350 261.002976 44.877986
233.895132 260.624919 43.788764
232.260914 260.246863 42.699542
230.626696 259.868807 41.610320
228.992477 259.490750 40.521099
227.358259 259.112694 39.431877
225.724041 258.734638 38.342655
224.089822 258.356582 37.253433
222.455604 257.978525 36.164212
220.821386 257.600469 35.074990
219.187168 257.222413 33.985768
217.552949 256.844356 32.896546
215.918731 256.466300 31.807325
214.284513 256.088244 30.718103
212.650294 255.710188 29.628881
211.016076 255.332131 28.539659
209.381858 254.954075 27.450438
207.747640 254.576019 26.361216
206.113421 254.197962 25.271994
204.479203 253.819906 24.182772
202.844985 253.441850 23.093550
201.210766 253.063794 22.004329
199.576548 252.685737 20.915107
197.942330 252.307681 19.825885
196.308112 251.929625 18.736663
194.673893 251.551569 17.647442
193.039675 251.173512 16.558220
191.405457 250.795456 15.468998
189.771238 250.417400 14.379776
188.137020 250.039343 13.290555
186.502802 249.661287 12.201333
184.868584 249.283231 11.112111
183.234365 248.905175 10.022889
181.600147 248.527118 8.933668
179.965929 248.149062 7.844446
178.331710 247.771006 6.755224
176.697492 247.392949 5.666002
175.063274 247.014893 4.576781
173.429056 246.636837 3.487559
171.794837 246.258781 2.398337
170.160619 245.880724 1.309115
168.526401 245.502668 0.219893
166.892183 245.124612 -0.869328
165.257964 244.746555 -1.958550
163.623746 244.368499 -3.047772
161.989528 243.990443 -4.136994
160.355309 243.612387 -5.226215
158.721091 243.234330 -6.315437
157.086873 242.856274 -7.404659
155.452655 242.478218 -8.493881
153.818436 242.100161 -9.583102
141.499266 207.281172 226.029139
139.910526 206.549576 226.999022
138.321787 205.817980 227.968906
136.733047 205.086384 228.938789
135.144308 204.354788 229.908673
133.555568 203.623191 230.878556
131.966829 202.891595 231.848439
130.378089 202.159999 232.818323
128.789350 201.428403 233.788206
127.200610 200.696806 234.758090
125.611871 199.965210 235.727973
124.023131 199.233614 236.697856
122.434392 198.502018 237.667740
120.845652 197.770422 238.637623
119.256913 197.038825 239.607507
117.668173 196.307229 240.577390
116.079434 195.575633 241.547273
114.490695 194.844037 242.517157
112.901955 194.112441 243.487040
111.313216 193.380844 244.456924
109.724476 192.649248 245.426807
108.135737 191.917652 246.396690
106.546997 191.186056 247.366574
104.958258 190.454459 248.336457
103.369518 189.722863 249.306341
101.780779 188.991267 250.276224
100.192039 188.259671 251.246107
98.603300 187.528075 252.215991
97.014560 186.796478 253.185874
95.425821 186.064882 254.155758
93.837081 185.333286 255.125641
92.248342 184.601690 256.095524
90.659602 183.870093 257.065408
89.070863 183.138497 258.035291
87.482123 182.406901 259.005175
85.893384 181.675305 259.975058
84.304644 180.943709 260.944941
82.715905 180.212112 261.914825
81.127165 179.480516 262.884708
79.538426 178.748920 263.854592
77.949686 178.017324 264.824475
76.360947 177.285727 265.794358
74.772207 176.554131 266.764242
73.183468 175.822535 267.734125
71.594728 175.090939 268.704009
70.005989 174.359343 269.673892
68.417249 173.627746 270.643775
66.828510 172.896150 271.613659
65.239770 172.164554 272.583542
63.651031 171.432958 273.553426
62.062291 170.701362 274.523309
60.473552 169.969765 275.493192
58.884812 169.238169 276.463076
57.296073 168.506573 277.432959
55.707333 167.774977 278.402843
54.118594 167.043380 279.372726
52.529855 166.311784 280.342609
50.941115 165.580188 281.312493
49.352376 164.848592 282.282376
47.763636 164.116996 283.252260
46.174897 163.385399 284.222143
44.586157 162.653803 285.192026
42.997418 161.922207 286.161910
41.408678 161.190611 287.131793
39.819939 160.459014 288.101677
38.231199 159.727418 289.071560
36.642460 158.995822 290.041444
35.053720 158.264226 291.011327
33.464981 157.532630 291.981210
31.876241 156.801033 292.951094
153.142654 67.621016 237.708525
151.172846 67.529637 238.042449
149.203038 67.438259 238.376373
147.233229 67.346881 238.710297
145.263421 67.255503 239.044221
143.293613 67.164124 239.378145
141.323805 67.072746 239.712069
139.353996 66.981368 240.045993
137.384188 66.889990 240.379917
135.414380 66.798612 240.713841
133.444571 66.707233 241.047765
131.474763 66.615855 241.381689
129.504955 66.524477 241.715613
127.535146 66.433099 242.049537
125.565338 66.341720 242.383461
123.595530 66.250342 242.717385
121.625721 66.158964 243.051309
119.655913 66.067586 243.385233
117.686105 65.976208 243.719157
115.716296 65.884829 244.053081
113.746488 65.793451 244.387005
111.776680 65.702073 244.720929
109.806871 65.610695 245.054853
107.837063 65.519317 245.388777
105.867255 65.427938 245.722701
103.897446 65.336560 246.056625
101.927638 65.245182 246.390549
99.957830 65.153804 246.724473
97.988022 65.062425 247.058396
96.018213 64.971047 247.392320
94.048405 64.879669 247.726244
92.078597 64.788291 248.060168
90.108788 64.696913 248.394092
88.138980 64.605534 248.728016
86.169172 64.514156 249.061940
84.199363 64.422778 249.395864
82.229555 64.331400 249.729788
80.259747 64.240021 250.063712
78.289938 64.148643 250.397636
76.320130 64.057265 250.731560
74.350322 63.965887 251.065484
72.380513 63.874509 251.399408
70.410705 63.783130 251.733332
68.440897 63.691752 252.067256
66.471088 63.600374 252.401180
64.501280 63.508996 252.735104
62.531472 63.417618 253.069028
60.561664 63.326239 253.402952
58.591855 63.234861 253.736876
56.622047 63.143483 254.070800
54.652239 63.052105 254.404724
52.682430 62.960726 254.738648
50.712622 62.869348 255.072572
48.742814 62.777970 255.406496
46.773005 62.686592 255.740420
44.803197 62.595214 256.074344
42.833389 62.503835 256.408267
40.863580 62.412457 256.742191
38.893772 62.321079 257.076115
36.923964 62.229701 257.410039
34.954155 62.138322 257.743963
32.984347 62.046944 258.077887
31.014539 61.955566 258.411811
29.044730 61.864188 258.745735
27.074922 61.772810 259.079659
25.105114 61.681431 259.413583
23.135305 61.590053 259.747507
21.165497 61.498675 260.081431
19.195689 61.407297 260.415355
17.225881 61.315919 260.749279
-212.987530 279.991338 205.746144
-212.099040 278.266793 206.232487
-211.210551 276.542248 206.718831
-210.322061 274.817702 207.205175
-209.433572 273.093157 207.691519
-208.545082 271.368612 208.177862
-207.656593 269.644067 208.664206
-206.768103 267.919521 209.150550
-205.879614 266.194976 209.636894
-204.991125 264.470431 210.123237
-204.102635 262.745886 210.609581
-203.214146 261.021340 211.095925
-202.325656 259.296795 211.582269
-201.437167 257.572250 212.068612
-200.548677 255.847705 212.554956
-199.660188 254.123159 213.041300
-198.771699 252.398614 213.527643
-197.883209 250.674069 214.013987
-196.994720 248.949524 214.500331
-196.106230 247.224979 214.986675
-195.217741 245.500433 215.473018
-194.329251 243.775888 215.959362
-193.440762 242.051343 216.445706
-192.552272 240.326798 216.932050
-191.663783 238.602252 217.418393
-190.775294 236.877707 217.904737
-189.886804 235.153162 218.391081
-188.998315 233.428617 218.877425
-188.109825 231.704071 219.363768
-187.221336 229.979526 219.850112
-186.332846 228.254981 220.336456
-185.444357 226.530436 220.822800
-184.555868 224.805890 221.309143
-183.667378 223.081345 221.795487
-182.778889 221.356800 222.281831
-181.890399 219.632255 222.768175
-181.001910 217.907709 223.254518
-180.113420 216.183164 223.740862
-179.224931 214.458619 224.227206
-178.336441 212.734074 224.713549
-177.447952 211.009528 225.199893
-176.559463 209.284983 225.686237
-175.670973 207.560438 226.172581
-174.782484 205.835893 226.658924
-173.893994 204.111348 227.145268
-173.005505 202.386802 227.631612
-172.117015 200.662257 228.117956
-171.228526 198.937712 228.604299
-170.340037 197.213167 229.090643
-169.451547 195.488621 229.576987
-168.563058 193.764076 230.063331
-167.674568 192.039531 230.549674
-166.786079 190.314986 231.036018
-165.897589 188.590440 231.522362
-165.009100 186.865895 232.008706
-164.120610 185.141350 232.495049
-163.232121 183.416805 232.981393
-162.343632 181.692259 233.467737
-161.455142 179.967714 233.954080
-160.566653 178.243169 234.440424
-159.678163 176.518624 234.926768
-158.789674 174.794078 235.413112
-157.901184 173.069533 235.899455
-157.012695 171.344988 236.385799
-156.124206 169.620443 236.872143
-155.235716 167.895897 237.358487
-154.347227 166.171352 237.844830
-153.458737 164.446807 238.331174
-152.570248 162.722262 238.817518
-151.681758 160.997716 239.303862
-131.102511 -87.143022 -113.046627
-133.067980 -87.497045 -113.154320
-135.033449 -87.851067 -113.262013
-136.998919 -88.205090 -113.369707
-138.964388 -88.559112 -113.477400
-140.929858 -88.913135 -113.585093
-142.895327 -89.267157 -113.692786
-144.860797 -89.621180 -113.800480
-146.826266 -89.975202 -113.908173
-148.791736 -90.329225 -114.015866
-150.757205 -90.683248 -114.123560
-152.722675 -91.037270 -114.231253
-154.688144 -91.391293 -114.338946
-156.653614 -91.745315 -114.446639
-158.619083 -92.099338 -114.554333
-160.584552 -92.453360 -114.662026
-162.550022 -92.807383 -114.769719
-164.515491 -93.161405 -114.877413
-166.480961 -93.515428 -114.985106
-168.446430 -93.869450 -115.092799
-170.411900 -94.223473 -115.200492
-172.377369 -94.577495 -115.308186
-174.342839 -94.931518 -115.415879
-176.308308 -95.285540 -115.523572
-178.273778 -95.639563 -115.631266
-180.239247 -95.993586 -115.738959
-182.204717 -96.347608 -115.846652
-184.170186 -96.701631 -115.954345
-186.135655 -97.055653 -116.062039
-188.101125 -97.409676 -116.169732
-190.066594 -97.763698 -116.277425
-192.032064 -98.117721 -116.385119
-193.997533 -98.471743 -116.492812
-195.963003 -98.825766 -116.600505
-197.928472 -99.179788 -116.708198
-199.893942 -99.533811 -116.815892
-201.859411 -99.887833 -116.923585
-203.824881 -100.241856 -117.031278
-205.790350 -100.595878 -117.138972
-207.755820 -100.949901 -117.246665
-209.721289 -101.303924 -117.354358
-211.686758 -101.657946 -117.462051
-213.652228 -102.011969 -117.569745
-215.617697 -102.365991 -117.677438
-217.583167 -102.720014 -117.785131
-219.548636 -103.074036 -117.892825
-221.514106 -103.428059 -118.000518
-223.479575 -103.782081 -118.108211
-225.445045 -104.136104 -118.215904
-227.410514 -104.490126 -118.323598
-229.375984 -104.844149 -118.431291
-231.341453 -105.198171 -118.538984
-233.306923 -105.552194 -118.646678
-235.272392 -105.906216 -118.754371
-237.237861 -106.260239 -118.862064
-239.203331 -106.614262 -118.969757
-241.168800 -106.968284 -119.077451
-243.134270 -107.322307 -119.185144
-245.099739 -107.676329 -119.292837
-247.065209 -108.030352 -119.400531
-249.030678 -108.384374 -119.508224
-250.996148 -108.738397 -119.615917
-252.961617 -109.092419 -119.723610
-254.927087 -109.446442 -119.831304
-256.892556 -109.800464 -119.938997
-258.858026 -110.154487 -120.046690
-260.823495 -110.508509 -120.154384
-262.788964 -110.862532 -120.262077
-264.754434 -111.216554 -120.369770
-266.719903 -111.570577 -120.477463
94.714271 -138.282838 22.540592
95.257640 -136.358119 22.526212
95.801009 -134.433400 22.511831
96.344377 -132.508681 22.497451
96.887746 -130.583962 22.483070
97.431115 -128.659242 22.468690
97.974483 -126.734523 22.454310
98.517852 -124.809804 22.439929
99.061220 -122.885085 22.425549
99.604589 -120.960366 22.411168
100.147958 -119.035647 22.396788
100.691326 -117.110928 22.382407
101.234695 -115.186208 22.368027
101.778064 -113.261489 22.353647
102.321432 -111.336770 22.339266
102.864801 -109.412051 22.324886
103.408170 -107.487332 22.310505
103.951538 -105.562613 22.296125
104.494907 -103.637894 22.281745
105.038275 -101.713175 22.267364
105.581644 -99.788455 22.252984
106.125013 -97.863736 22.238603
106.668381 -95.939017 22.224223
107.211750 -94.014298 22.209843
107.755119 -92.089579 22.195462
108.298487 -90.164860 22.181082
108.841856 -88.240141 22.166701
109.385225 -86.315422 22.152321
109.928593 -84.390702 22.137941
110.471962 -82.465983 22.123560
111.015330 -80.541264 22.109180
111.558699 -78.616545 22.094799
112.102068 -76.691826 22.080419
112.645436 -74.767107 22.066039
113.188805 -72.842388 22.051658
113.732174 -70.917669 22.037278
114.275542 -68.992949 22.022897
114.818911 -67.068230 22.008517
115.362280 -65.143511 21.994137
115.905648 -63.218792 21.979756
116.449017 -61.294073 21.965376
116.992385 -59.369354 21.950995
117.535754 -57.444635 21.936615
118.079123 -55.519915 21.922234
118.622491 -53.595196 21.907854
119.165860 -51.670477 21.893474
119.709229 -49.745758 21.879093
120.252597 -47.821039 21.864713
120.795966 -45.896320 21.850332
121.339334 -43.971601 21.835952
121.882703 -42.046882 21.821572
122.426072 -40.122162 21.807191
122.969440 -38.197443 21.792811
123.512809 -36.272724 21.778430
124.056178 -34.348005 21.764050
124.599546 -32.423286 21.749670
125.142915 -30.498567 21.735289
125.686284 -28.573848 21.720909
126.229652 -26.649129 21.706528
126.773021 -24.724409 21.692148
127.316389 -22.799690 21.677768
127.859758 -20.874971 21.663387
128.403127 -18.950252 21.649007
128.946495 -17.025533 21.634626
129.489864 -15.100814 21.620246
130.033233 -13.176095 21.605866
130.576601 -11.251375 21.591485
131.119970 -9.326656 21.577105
131.663339 -7.401937 21.562724
132.206707 -5.477218 21.548344
34.601026 -283.396103 -25.699778
35.344023 -282.586272 -27.370745
36.087021 -281.776441 -29.041711
36.830018 -280.966611 -30.712678
37.573016 -280.156780 -32.383644
38.316013 -279.346949 -34.054611
39.059010 -278.537118 -35.725577
39.802008 -277.727287 -37.396544
40.545005 -276.917456 -39.067510
41.288002 -276.107626 -40.738476
42.031000 -275.297795 -42.409443
42.773997 -274.487964 -44.080409
43.516995 -273.678133 -45.751376
44.259992 -272.868302 -47.422342
45.002989 -272.058471 -49.093309
45.745987 -271.248641 -50.764275
46.488984 -270.438810 -52.435242
47.231982 -269.628979 -54.106208
47.974979 -268.819148 -55.777175
48.717976 -268.009317 -57.448141
49.460974 -267.199486 -59.119107
50.203971 -266.389656 -60.790074
50.946969 -265.579825 -62.461040
51.689966 -264.769994 -64.132007
52.432963 -263.960163 -65.802973
53.175961 -263.150332 -67.473940
53.918958 -262.340501 -69.144906
54.661956 -261.530671 -70.815873
55.404953 -260.720840 -72.486839
56.147950 -259.911009 -74.157806
56.890948 -259.101178 -75.828772
57.633945 -258.291347 -77.499738
58.376943 -257.481516 -79.170705
59.119940 -256.671686 -80.841671
59.862937 -255.861855 -82.512638
60.605935 -255.052024 -84.183604
61.348932 -254.242193 -85.854571
62.091930 -253.432362 -87.525537
62.834927 -252.622531 -89.196504
63.577924 -251.812701 -90.867470
64.320922 -251.002870 -92.538437
65.063919 -250.193039 -94.209403
65.806917 -249.383208 -95.880369
66.549914 -248.573377 -97.551336
67.292911 -247.763546 -99.222302
68.035909 -246.953716 -100.893269
68.778906 -246.143885 -102.564235
69.521904 -245.334054 -104.235202
70.264901 -244.524223 -105.906168
71.007898 -243.714392 -107.577135
71.750896 -242.904561 -109.248101
72.493893 -242.094731 -110.919067
73.236891 -241.284900 -112.590034
73.979888 -240.475069 -114.261000
74.722885 -239.665238 -115.931967
75.465883 -238.855407 -117.602933
76.208880 -238.045576 -119.273900
76.951878 -237.235746 -120.944866
77.694875 -236.425915 -122.615833
78.437872 -235.616084 -124.286799
79.180870 -234.806253 -125.957766
79.923867 -233.996422 -127.628732
80.666865 -233.186591 -129.299698
81.409862 -232.376761 -130.970665
82.152859 -231.566930 -132.641631
82.895857 -230.757099 -134.312598
83.638854 -229.947268 -135.983564
84.381852 -229.137437 -137.654531
85.124849 -228.327606 -139.325497
85.867846 -227.517776 -140.996464
80.786169 257.108228 -79.536256
78.792683 257.063559 -79.381282
76.799197 257.018890 -79.226308
74.805710 256.974221 -79.071334
72.812224 256.929552 -78.916360
70.818738 256.884883 -78.761386
68.825251 256.840213 -78.606413
66.831765 256.795544 -78.451439
64.838279 256.750875 -78.296465
62.844792 256.706206 -78.141491
60.851306 256.661537 -77.986517
58.857820 256.616868 -77.831543
56.864333 256.572198 -77.676569
54.870847 256.527529 -77.521595
52.877361 256.482860 -77.366621
50.883874 256.438191 -77.211647
48.890388 256.393522 -77.056674
46.896902 256.348853 -76.901700
44.903415 256.304183 -76.746726
42.909929 256.259514 -76.591752
40.916443 256.214845 -76.436778
38.922956 256.170176 -76.281804
36.929470 256.125507 -76.126830
34.935984 256.080838 -75.971856
32.942497 256.036168 -75.816882
30.949011 255.991499 -75.661908
28.955525 255.946830 -75.506934
26.962038 255.902161 -75.351961
24.968552 255.857492 -75.196987
22.975066 255.812823 -75.042013
20.981579 255.768154 -74.887039
18.988093 255.723484 -74.732065
16.994607 255.678815 -74.577091
15.001120 255.634146 -74.422117
13.007634 255.589477 -74.267143
11.014148 255.544808 -74.112169
9.020661 255.500139 -73.957195
7.027175 255.455469 -73.802222
5.033689 255.410800 -73.647248
3.040202 255.366131 -73.492274
1.046716 255.321462 -73.337300
-0.946770 255.276793 -73.182326
-2.940257 255.232124 -73.027352
-4.933743 255.187454 -72.872378
-6.927229 255.142785 -72.717404
-8.920716 255.098116 -72.562430
-10.914202 255.053447 -72.407456
-12.907688 255.008778 -72.252482
-14.901175 254.964109 -72.097509
-16.894661 254.919439 -71.942535
-18.888147 254.874770 -71.787561
-20.881634 254.830101 -71.632587
-22.875120 254.785432 -71.477613
-24.868606 254.740763 -71.322639
-26.862093 254.696094 -71.167665
-28.855579 254.651424 -71.012691
-30.849065 254.606755 -70.857717
-32.842552 254.562086 -70.702743
-34.836038 254.517417 -70.547770
-36.829524 254.472748 -70.392796
-38.823011 254.428079 -70.237822
-40.816497 254.383410 -70.082848
-42.809983 254.338740 -69.927874
-44.803470 254.294071 -69.772900
-46.796956 254.249402 -69.617926
-48.790442 254.204733 -69.462952
-50.783929 254.160064 -69.307978
-52.777415 254.115395 -69.153004
-54.770901 254.070725 -68.998030
-56.764388 254.026056 -68.843057
169.384261 12.816581 -9.501620
169.402375 14.601351 -8.599252
169.420490 16.386121 -7.696884
169.438604 18.170891 -6.794516
169.456719 19.955660 -5.892148
169.474833 21.740430 -4.989780
169.492948 23.525200 -4.087412
169.511062 25.309970 -3.185044
169.529177 27.094740 -2.282676
169.547291 28.879510 -1.380308
169.565406 30.664280 -0.477940
169.583520 32.449050 0.424428
169.601635 34.233820 1.326796
169.619749 36.018590 2.229164
169.637864 37.803360 3.131532
169.655978 39.588130 4.033900
169.674092 41.372900 4.936268
169.692207 43.157670 5.838636
169.710321 44.942440 6.741004
169.728436 46.727210 7.643372
169.746550 48.511980 8.545740
169.764665 50.296750 9.448108
169.782779 52.081520 10.350476
169.800894 53.866290 11.252844
169.819008 55.651060 12.155212
169.837123 57.435830 13.057580
169.855237 59.220600 13.959948
169.873352 61.005370 14.862316
169.891466 62.790140 15.764684
169.909581 64.574910 16.667052
169.927695 66.359680 17.569420
169.945810 68.144450 18.471788
169.963924 69.929220 19.374156
169.982039 71.713990 20.276524
170.000153 73.498760 21.178892
170.018268 75.283530 22.081260
170.036382 77.068300 22.983628
170.054497 78.853070 23.885996
170.072611 80.637840 24.788364
170.090725 82.422610 25.690732
170.108840 84.207380 26.593100
170.126954 85.992150 27.495468
170.145069 87.776920 28.397836
170.163183 89.561690 29.300204
170.181298 91.346460 30.202572
170.199412 93.131230 31.104940
170.217527 94.916000 32.007308
170.235641 96.700770 32.909676
170.253756 98.485540 33.812044
170.271870 100.270310 34.714412
170.289985 102.055080 35.616780
170.308099 103.839849 36.519148
170.326214 105.624619 37.421516
170.344328 107.409389 38.323884
170.362443 109.194159 39.226252
170.380557 110.978929 40.128620
170.398672 112.763699 41.030988
170.416786 114.548469 41.933356
170.434901 116.333239 42.835724
170.453015 118.118009 43.738092
170.471129 119.902779 44.640460
170.489244 121.687549 45.542828
170.507358 123.472319 46.445196
170.525473 125.257089 47.347564
170.543587 127.041859 48.249932
170.561702 128.826629 49.152300
170.579816 130.611399 50.054668
170.597931 132.396169 50.957036
170.616045 134.180939 51.859404
170.634160 135.965709 52.761772
-151.085574 155.881530 -276.778199
-150.067000 156.789222 -275.315804
-149.048426 157.696914 -273.853408
-148.029851 158.604606 -272.391012
-147.011277 159.512298 -270.928616
-145.992702 160.419990 -269.466220
-144.974128 161.327682 -268.003824
-143.955554 162.235373 -266.541428
-142.936979 163.143065 -265.079033
-141.918405 164.050757 -263.616637
-140.899831 164.958449 -262.154241
-139.881256 165.866141 -260.691845
-138.862682 166.773833 -259.229449
-137.844107 167.681525 -257.767053
-136.825533 168.589217 -256.304657
-135.806959 169.496909 -254.842262
-134.788384 170.404601 -253.379866
-133.769810 171.312292 -251.917470
-132.751236 172.219984 -250.455074
-131.732661 173.127676 -248.992678
-130.714087 174.035368 -247.530282
-129.695512 174.943060 -246.067886
-128.676938 175.850752 -244.605491
-127.658364 176.758444 -243.143095
-126.639789 177.666136 -241.680699
-125.621215 178.573828 -240.218303
-124.602641 179.481520 -238.755907
-123.584066 180.389211 -237.293511
-122.565492 181.296903 -235.831115
-121.546917 182.204595 -234.368720
-120.528343 183.112287 -232.906324
-119.509769 184.019979 -231.443928
-118.491194 184.927671 -229.981532
-117.472620 185.835363 -228.519136
-116.454046 186.743055 -227.056740
-115.435471 187.650747 -225.594344
-114.416897 188.558439 -224.131949
-113.398322 189.466130 -222.669553
-112.379748 190.373822 -221.207157
-111.361174 191.281514 -219.744761
-110.342599 192.189206 -218.282365
-109.324025 193.096898 -216.819969
-108.305451 194.004590 -215.357573
-107.286876 194.912282 -213.895177
-106.268302 195.819974 -212.432782
-105.249727 196.727666 -210.970386
-104.231153 197.635358 -209.507990
-103.212579 198.543049 -208.045594
-102.194004 199.450741 -206.583198
-101.175430 200.358433 -205.120802
-100.156856 201.266125 -203.658406
-99.138281 202.173817 -202.196011
-98.119707 203.081509 -200.733615
-97.101132 203.989201 -199.271219
-96.082558 204.896893 -197.808823
-95.063984 205.804585 -196.346427
-94.045409 206.712277 -194.884031
-93.026835 207.619968 -193.421635
-92.008261 208.527660 -191.959240
-90.989686 209.435352 -190.496844
-89.971112 210.343044 -189.034448
-88.952537 211.250736 -187.572052
-87.933963 212.158428 -186.109656
-86.915389 213.066120 -184.647260
-85.896814 213.973812 -183.184864
-84.878240 214.881504 -181.722469
-83.859666 215.789196 -180.260073
-82.841091 216.696888 -178.797677
-81.822517 217.604579 -177.335281
-80.803942 218.512271 -175.872885
-118.686178 227.902489 -297.765788
-117.412341 228.786755 -296.502692
-116.138504 229.671022 -295.239595
-114.864667 230.555288 -293.976499
-113.590831 231.439554 -292.713402
-112.316994 232.323820 -291.450306
-111.043157 233.208087 -290.187209
-109.769320 234.092353 -288.924113
-108.495483 234.976619 -287.661016
-107.221646 235.860886 -286.397920
-105.947809 236.745152 -285.134823
-104.673972 237.629418 -283.871727
-103.400136 238.513684 -282.608630
-102.126299 239.397951 -281.345534
-100.852462 240.282217 -280.082437
-99.578625 241.166483 -278.819341
-98.304788 242.050749 -277.556244
-97.030951 242.935016 -276.293148
-95.757114 243.819282 -275.030051
-94.483278 244.703548 -273.766955
-93.209441 245.587815 -272.503858
-91.935604 246.472081 -271.240762
-90.661767 247.356347 -269.977665
-89.387930 248.240613 -268.714569
-88.114093 249.124880 -267.451472
-86.840256 250.009146 -266.188376
-85.566419 250.893412 -264.925279
-84.292583 251.777679 -263.662183
-83.018746 252.661945 -262.399086
-81.744909 253.546211 -261.135990
-80.471072 254.430477 -259.872893
-79.197235 255.314744 -258.609797
-77.923398 256.199010 -257.346700
-76.649561 257.083276 -256.083604
-75.375725 257.967543 -254.820507
-74.101888 258.851809 -253.557411
-72.828051 259.736075 -252.294314
-71.554214 260.620341 -251.031218
-70.280377 261.504608 -249.768121
-69.006540 262.388874 -248.505025
-67.732703 263.273140 -247.241928
-66.458866 264.157407 -245.978832
-65.185030 265.041673 -244.715735
-63.911193 265.925939 -243.452639
-62.637356 266.810205 -242.189542
-61.363519 267.694472 -240.926446
-60.089682 268.578738 -239.663349
-58.815845 269.463004 -238.400253
-57.542008 270.347271 -237.137156
-56.268171 271.231537 -235.874060
-54.994335 272.115803 -234.610963
-53.720498 273.000069 -233.347867
-52.446661 273.884336 -232.084770
-51.172824 274.768602 -230.821674
-49.898987 275.652868 -229.558577
-48.625150 276.537135 -228.295481
-47.351313 277.421401 -227.032384
-46.077477 278.305667 -225.769288
-44.803640 279.189933 -224.506191
-43.529803 280.074200 -223.243095
-42.255966 280.958466 -221.979998
-40.982129 281.842732 -220.716902
-39.708292 282.726999 -219.453805
-38.434455 283.611265 -218.190709
-37.160618 284.495531 -216.927612
-35.886782 285.379797 -215.664516
-34.612945 286.264064 -214.401419
-33.339108 287.148330 -213.138323
-32.065271 288.032596 -211.875226
-30.791434 288.916862 -210.612130
-269.849215 3.892222 108.575796
-268.311819 3.326436 109.723097
-266.774423 2.760651 110.870399
-265.237028 2.194866 112.017701
-263.699632 1.629081 113.165003
-262.162236 1.063295 114.312305
-260.624841 0.497510 115.459607
-259.087445 -0.068275 116.606909
-257.550049 -0.634061 117.754210
-256.012654 -1.199846 118.901512
-254.475258 -1.765631 120.048814
-252.937862 -2.331417 121.196116
-251.400467 -2.897202 122.343418
-249.863071 -3.462987 123.490720
-248.325675 -4.028773 124.638022
-246.788280 -4.594558 125.785323
-245.250884 -5.160343 126.932625
-243.713488 -5.726128 128.079927
-242.176093 -6.291914 129.227229
-240.638697 -6.857699 130.374531
-239.101301 -7.423484 131.521833
-237.563906 -7.989270 132.669135
-236.026510 -8.555055 133.816436
-234.489114 -9.120840 134.963738
-232.951719 -9.686626 136.111040
-231.414323 -10.252411 137.258342
-229.876927 -10.818196 138.405644
-228.339532 -11.383982 139.552946
-226.802136 -11.949767 140.700248
-225.264740 -12.515552 141.847549
-223.727345 -13.081337 142.994851
-222.189949 -13.647123 144.142153
-220.652553 -14.212908 145.289455
-219.115158 -14.778693 146.436757
-217.577762 -15.344479 147.584059
-216.040366 -15.910264 148.731361
-214.502971 -16.476049 149.878662
-212.965575 -17.041835 151.025964
-211.428179 -17.607620 152.173266
-209.890784 -18.173405 153.320568
-208.353388 -18.739190 154.467870
-206.815992 -19.304976 155.615172
-205.278597 -19.870761 156.762474
-203.741201 -20.436546 157.909775
-202.203805 -21.002332 159.057077
-200.666410 -21.568117 160.204379
-199.129014 -22.133902 161.351681
-197.591618 -22.699688 162.498983
-196.054223 -23.265473 163.646285
-194.516827 -23.831258 164.793587
-192.979431 -24.397044 165.940889
-191.442036 -24.962829 167.088190
-189.904640 -25.528614 168.235492
-188.367244 -26.094399 169.382794
-186.829849 -26.660185 170.530096
-185.292453 -27.225970 171.677398
-183.755057 -27.791755 172.824700
-182.217662 -28.357541 173.972002
-180.680266 -28.923326 175.119303
-179.142870 -29.489111 176.266605
-177.605475 -30.054897 177.413907
-176.068079 -30.620682 178.561209
-174.530683 -31.186467 179.708511
-172.993288 -31.752253 180.855813
-171.455892 -32.318038 182.003115
-169.918496 -32.883823 183.150416
-168.381101 -33.449608 184.297718
-166.843705 -34.015394 185.445020
-165.306310 -34.581179 186.592322
-163.768914 -35.146964 187.739624
-208.616924 74.155476 -147.642836
-206.967105 75.155213 -148.170683
-205.317285 76.154949 -148.698529
-203.667465 77.154685 -149.226376
-202.017645 78.154422 -149.754222
-200.367825 79.154158 -150.282069
-198.718005 80.153894 -150.809915
-197.068186 81.153630 -151.337762
-195.418366 82.153367 -151.865608
-193.768546 83.153103 -152.393455
-192.118726 84.152839 -152.921301
-190.468906 85.152575 -153.449147
-188.819086 86.152312 -153.976994
-187.169267 87.152048 -154.504840
-185.519447 88.151784 -155.032687
-183.869627 89.151521 -155.560533
-182.219807 90.151257 -156.088380
-180.569987 91.150993 -156.616226
-178.920167 92.150729 -157.144073
-177.270348 93.150466 -157.671919
-175.620528 94.150202 -158.199766
-173.970708 95.149938 -158.727612
-172.320888 96.149674 -159.255459
-170.671068 97.149411 -159.783305
-169.021248 98.149147 -160.311152
-167.371429 99.148883 -160.838998
-165.721609 100.148620 -161.366845
-164.071789 101.148356 -161.894691
-162.421969 102.148092 -162.422538
-160.772149 103.147828 -162.950384
-159.122329 104.147565 -163.478231
-157.472510 105.147301 -164.006077
-155.822690 106.147037 -164.533924
-154.172870 107.146773 -165.061770
-152.523050 108.146510 -165.589616
-150.873230 109.146246 -166.117463
-149.223410 110.145982 -166.645309
-147.573591 111.145718 -167.173156
-145.923771 112.145455 -167.701002
-144.273951 113.145191 -168.228849
-142.624131 114.144927 -168.756695
-140.974311 115.144664 -169.284542
-139.324491 116.144400 -169.812388
-137.674672 117.144136 -170.340235
-136.024852 118.143872 -170.868081
-134.375032 119.143609 -171.395928
-132.725212 120.143345 -171.923774
-131.075392 121.143081 -172.451621
-129.425572 122.142817 -172.979467
-127.775753 123.142554 -173.507314
-126.125933 124.142290 -174.035160
-124.476113 125.142026 -174.563007
-122.826293 126.141763 -175.090853
-121.176473 127.141499 -175.618700
-119.526653 128.141235 -176.146546
-117.876833 129.140971 -176.674393
-116.227014 130.140708 -177.202239
-114.577194 131.140444 -177.730086
-112.927374 132.140180 -178.257932
-111.277554 133.139916 -178.785778
-109.627734 134.139653 -179.313625
-107.977914 135.139389 -179.841471
-106.328095 136.139125 -180.369318
-104.678275 137.138862 -180.897164
-103.028455 138.138598 -181.425011
-101.378635 139.138334 -181.952857
-99.728815 140.138070 -182.480704
-98.078995 141.137807 -183.008550
-96.429176 142.137543 -183.536397
-94.779356 143.137279 -184.064243
-11.822079 -190.994182 -31.871244
-11.538990 -190.385872 -33.755340
-11.255900 -189.777561 -35.639436
-10.972811 -189.169250 -37.523532
-10.689722 -188.560940 -39.407629
-10.406633 -187.952629 -41.291725
-10.123544 -187.344319 -43.175821
-9.840454 -186.736008 -45.059917
-9.557365 -186.127697 -46.944014
-9.274276 -185.519387 -48.828110
-8.991187 -184.911076 -50.712206
-8.708097 -184.302765 -52.596302
-8.425008 -183.694455 -54.480399
-8.141919 -183.086144 -56.364495
-7.858830 -182.477834 -58.248591
-7.575740 -181.869523 -60.132687
-7.292651 -181.261212 -62.016784
-7.009562 -180.652902 -63.900880
-6.726473 -180.044591 -65.784976
-6.443383 -179.436280 -67.669072
-6.160294 -178.827970 -69.553169
-5.877205 -178.219659 -71.437265
-5.594116 -177.611349 -73.321361
-5.311027 -177.003038 -75.205457
-5.027937 -176.394727 -77.089554
-4.744848 -175.786417 -78.973650
-4.461759 -175.178106 -80.857746
-4.178670 -174.569795 -82.741842
-3.895580 -173.961485 -84.625939
-3.612491 -173.353174 -86.510035
-3.329402 -172.744864 -88.394131
-3.046313 -172.136553 -90.278227
-2.763223 -171.528242 -92.162324
-2.480134 -170.919932 -94.046420
-2.197045 -170.311621 -95.930516
-1.913956 -169.703310 -97.814612
-1.630866 -169.095000 -99.698709
-1.347777 -168.486689 -101.582805
-1.064688 -167.878379 -103.466901
-0.781599 -167.270068 -105.350997
-0.498510 -166.661757 -107.235094
-0.215420 -166.053447 -109.119190
0.067669 -165.445136 -111.003286
0.350758 -164.836826 -112.887382
0.633847 -164.228515 -114.771479
0.916937 -163.620204 -116.655575
1.200026 -163.011894 -118.539671
1.483115 -162.403583 -120.423767
1.766204 -161.795272 -122.307864
2.049294 -161.186962 -124.191960
2.332383 -160.578651 -126.076056
2.615472 -159.970341 -127.960152
2.898561 -159.362030 -129.844248
3.181651 -158.753719 -131.728345
3.464740 -158.145409 -133.612441
3.747829 -157.537098 -135.496537
4.030918 -156.928787 -137.380633
4.314007 -156.320477 -139.264730
4.597097 -155.712166 -141.148826
4.880186 -155.103856 -143.032922
5.163275 -154.495545 -144.917018
5.446364 -153.887234 -146.801115
5.729454 -153.278924 -148.685211
6.012543 -152.670613 -150.569307
6.295632 -152.062302 -152.453403
6.578721 -151.453992 -154.337500
6.861811 -150.845681 -156.221596
7.144900 -150.237371 -158.105692
7.427989 -149.629060 -159.989788
7.711078 -149.020749 -161.873885
153.859492 25.798016 180.933582
154.093595 27.774027 181.135022
154.327699 29.750038 181.336462
154.561802 31.726048 181.537902
154.795905 33.702059 181.739342
155.030008 35.678069 181.940783
155.264111 37.654080 182.142223
155.498215 39.630090 182.343663
155.732318 41.606101 182.545103
155.966421 43.582111 182.746543
156.200524 45.558122 182.947983
156.434627 47.534132 183.149423
156.668731 49.510143 183.350863
156.902834 51.486153 183.552303
157.136937 53.462164 183.753743
157.371040 55.438174 183.955184
157.605143 57.414185 184.156624
157.839246 59.390195 184.358064
158.073350 61.366206 184.559504
158.307453 63.342216 184.760944
158.541556 65.318227 184.962384
158.775659 67.294237 185.163824
159.009762 69.270248 185.365264
159.243866 71.246258 185.566704
159.477969 73.222269 185.768144
159.712072 75.198280 185.969584
159.946175 77.174290 186.171025
160.180278 79.150301 186.372465
160.414381 81.126311 186.573905
160.648485 83.102322 186.775345
160.882588 85.078332 186.976785
161.116691 87.054343 187.178225
161.350794 89.030353 187.379665
161.584897 91.006364 187.581105
161.819001 92.982374 187.782545
162.053104 94.958385 187.983985
162.287207 96.934395 188.185426
162.521310 98.910406 188.386866
162.755413 100.886416 188.588306
162.989516 102.862427 188.789746
163.223620 104.838437 188.991186
163.457723 106.814448 189.192626
163.691826 108.790458 189.394066
163.925929 110.766469 189.595506
164.160032 112.742479 189.796946
164.394136 114.718490 189.998386
164.628239 116.694501 190.199826
164.862342 118.670511 190.401267
165.096445 120.646522 190.602707
165.330548 122.622532 190.804147
165.564652 124.598543 191.005587
165.798755 126.574553 191.207027
166.032858 128.550564 191.408467
166.266961 130.526574 191.609907
166.501064 132.502585 191.811347
166.735167 134.478595 192.012787
166.969271 136.454606 192.214227
167.203374 138.430616 192.415667
167.437477 140.406627 192.617108
167.671580 142.382637 192.818548
167.905683 144.358648 193.019988
168.139787 146.334658 193.221428
168.373890 148.310669 193.422868
168.607993 150.286679 193.624308
168.842096 152.262690 193.825748
169.076199 154.238700 194.027188
169.310302 156.214711 194.228628
169.544406 158.190722 194.430068
169.778509 160.166732 194.631509
170.012612 162.142743 194.832949
-131.648728 205.154594 98.655181
-131.608107 203.426472 97.649227
-131.567487 201.698350 96.643272
-131.526866 199.970228 95.637317
-131.486245 198.242107 94.631363
-131.445624 196.513985 93.625408
-131.405003 194.785863 92.619453
-131.364382 193.057741 91.613498
-131.323762 191.329619 90.607544
-131.283141 189.601497 89.601589
-131.242520 187.873376 88.595634
-131.201899 186.145254 87.589680
-131.161278 184.417132 86.583725
-131.120657 182.689010 85.577770
-131.080037 180.960888 84.571816
-131.039416 179.232766 83.565861
-130.998795 177.504645 82.559906
-130.958174 175.776523 81.553951
-130.917553 174.048401 80.547997
-130.876932 172.320279 79.542042
-130.836312 170.592157 78.536087
-130.795691 168.864035 77.530133
-130.755070 167.135914 76.524178
-130.714449 165.407792 75.518223
-130.673828 163.679670 74.512269
-130.633207 161.951548 73.506314
-130.592587 160.223426 72.500359
-130.551966 158.495304 71.494405
-130.511345 156.767182 70.488450
-130.470724 155.039061 69.482495
-130.430103 153.310939 68.476540
-130.389482 151.582817 67.470586
-130.348862 149.854695 66.464631
-130.308241 148.126573 65.458676
-130.267620 146.398451 64.452722
-130.226999 144.670330 63.446767
-130.186378 142.942208 62.440812
-130.145757 141.214086 61.434858
-130.105137 139.485964 60.428903
-130.064516 137.757842 59.422948
-130.023895 136.029720 58.416993
-129.983274 134.301599 57.411039
-129.942653 132.573477 56.405084
-129.902032 130.845355 55.399129
-129.861412 129.117233 54.393175
-129.820791 127.389111 53.387220
-129.780170 125.660989 52.381265
-129.739549 123.932868 51.375311
-129.698928 122.204746 50.369356
-129.658307 120.476624 49.363401
-129.617687 118.748502 48.357446
-129.577066 117.020380 47.351492
-129.536445 115.292258 46.345537
-129.495824 113.564136 45.339582
-129.455203 111.836015 44.333628
-129.414583 110.107893 43.327673
-129.373962 108.379771 42.321718
-129.333341 106.651649 41.315764
-129.292720 104.923527 40.309809
-129.252099 103.195405 39.303854
-129.211478 101.467284 38.297899
-129.170858 99.739162 37.291945
-129.130237 98.011040 36.285990
-129.089616 96.282918 35.280035
-129.048995 94.554796 34.274081
-129.008374 92.826674 33.268126
-128.967753 91.098553 32.262171
-128.927133 89.370431 31.256217
-128.886512 87.642309 30.250262
-128.845891 85.914187 29.244307
-184.030876 6.273314 -220.876821
-185.038307 4.579676 -220.535244
-186.045738 2.886039 -220.193668
-187.053169 1.192401 -219.852091
-188.060600 -0.501237 -219.510515
-189.068031 -2.194874 -219.168938
-190.075461 -3.888512 -218.827362
-191.082892 -5.582149 -218.485785
-192.090323 -7.275787 -218.144209
-193.097754 -8.969425 -217.802632
-194.105185 -10.663062 -217.461056
-195.112616 -12.356700 -217.119479
-196.120047 -14.050338 -216.777903
-197.127478 -15.743975 -216.436326
-198.134909 -17.437613 -216.094750
-199.142340 -19.131250 -215.753173
-200.149771 -20.824888 -215.411597
-201.157202 -22.518526 -215.070020
-202.164633 -24.212163 -214.728444
-203.172064 -25.905801 -214.386867
-204.179495 -27.599439 -214.045291
-205.186925 -29.293076 -213.703714
-206.194356 -30.986714 -213.362138
-207.201787 -32.680351 -213.020561
-208.209218 -34.373989 -212.678985
-209.216649 -36.067627 -212.337408
-210.224080 -37.761264 -211.995832
-211.231511 -39.454902 -211.654255
-212.238942 -41.148540 -211.312678
-213.246373 -42.842177 -210.971102
-214.253804 -44.535815 -210.629525
-215.261235 -46.229452 -210.287949
-216.268666 -47.923090 -209.946372
-217.276097 -49.616728 -209.604796
-218.283528 -51.310365 -209.263219
-219.290959 -53.004003 -208.921643
-220.298389 -54.697641 -208.580066
-221.305820 -56.391278 -208.238490
-222.313251 -58.084916 -207.896913
-223.320682 -59.778553 -207.555337
-224.328113 -61.472191 -207.213760
-225.335544 -63.165829 -206.872184
-226.342975 -64.859466 -206.530607
-227.350406 -66.553104 -206.189031
-228.357837 -68.246742 -205.847454
-229.365268 -69.940379 -205.505878
-230.372699 -71.634017 -205.164301
-231.380130 -73.327654 -204.822725
-232.387561 -75.021292 -204.481148
-233.394992 -76.714930 -204.139572
-234.402423 -78.408567 -203.797995
-235.409853 -80.102205 -203.456419
-236.417284 -81.795843 -203.114842
-237.424715 -83.489480 -202.773266
-238.432146 -85.183118 -202.431689
-239.439577 -86.876755 -202.090113
-240.447008 -88.570393 -201.748536
-241.454439 -90.264031 -201.406960
-242.461870 -91.957668 -201.065383
-243.469301 -93.651306 -200.723807
-244.476732 -95.344944 -200.382230
-245.484163 -97.038581 -200.040654
-246.491594 -98.732219 -199.699077
-247.499025 -100.425856 -199.357501
-248.506456 -102.119494 -199.015924
-249.513887 -103.813132 -198.674348
-250.521317 -105.506769 -198.332771
-251.528748 -107.200407 -197.991195
-252.536179 -108.894045 -197.649618
-253.543610 -110.587682 -197.308042
218.723471 -28.251578 43.424091
219.620875 -26.996653 44.696817
220.518280 -25.741729 45.969542
221.415684 -24.486804 47.242267
222.313088 -23.231879 48.514992
223.210492 -21.976954 49.787717
224.107897 -20.722029 51.060443
225.005301 -19.467105 52.333168
225.902705 -18.212180 53.605893
226.800109 -16.957255 54.878618
227.697514 -15.702330 56.151343
228.594918 -14.447406 57.424068
229.492322 -13.192481 58.696794
230.389727 -11.937556 59.969519
231.287131 -10.682631 61.242244
232.184535 -9.427706 62.514969
233.081939 -8.172782 63.787694
233.979344 -6.917857 65.060420
234.876748 -5.662932 66.333145
235.774152 -4.408007 67.605870
236.671556 -3.153083 68.878595
237.568961 -1.898158 70.151320
238.466365 -0.643233 71.424045
239.363769 0.611692 72.696771
240.261173 1.866617 73.969496
241.158578 3.121541 75.242221
242.055982 4.376466 76.514946
242.953386 5.631391 77.787671
243.850791 6.886316 79.060396
244.748195 8.141240 80.333122
245.645599 9.396165 81.605847
246.543003 10.651090 82.878572
247.440408 11.906015 84.151297
248.337812 13.160940 85.424022
249.235216 14.415864 86.696748
250.132620 15.670789 87.969473
251.030025 16.925714 89.242198
251.927429 18.180639 90.514923
252.824833 19.435564 91.787648
253.722237 20.690488 93.060373
254.619642 21.945413 94.333099
255.517046 23.200338 95.605824
256.414450 24.455263 96.878549
257.311855 25.710187 98.151274
258.209259 26.965112 99.423999
259.106663 28.220037 100.696725
260.004067 29.474962 101.969450
260.901472 30.729887 103.242175
261.798876 31.984811 104.514900
262.696280 33.239736 105.787625
263.593684 34.494661 107.060350
264.491089 35.749586 108.333076
265.388493 37.004510 109.605801
266.285897 38.259435 110.878526
267.183301 39.514360 112.151251
268.080706 40.769285 113.423976
268.978110 42.024210 114.696701
269.875514 43.279134 115.969427
270.772919 44.534059 117.242152
271.670323 45.788984 118.514877
272.567727 47.043909 119.787602
273.465131 48.298833 121.060327
274.362536 49.553758 122.333053
275.259940 50.808683 123.605778
276.157344 52.063608 124.878503
277.054748 53.318533 126.151228
277.952153 54.573457 127.423953
278.849557 55.828382 128.696678
279.746961 57.083307 129.969404
280.644365 58.338232 131.242129
172.152689 -187.186436 -43.707128
173.336046 -185.811520 -42.864945
174.519403 -184.436605 -42.022761
175.702759 -183.061689 -41.180578
176.886116 -181.686773 -40.338394
178.069473 -180.311857 -39.496211
179.252829 -178.936941 -38.654028
180.436186 -177.562025 -37.811844
181.619543 -176.187109 -36.969661
182.802899 -174.812193 -36.127477
183.986256 -173.437277 -35.285294
185.169613 -172.062361 -34.443110
186.352969 -170.687445 -33.600927
187.536326 -169.312529 -32.758743
188.719683 -167.937613 -31.916560
189.903039 -166.562697 -31.074376
191.086396 -165.187781 -30.232193
192.269753 -163.812865 -29.390009
193.453109 -162.437949 -28.547826
194.636466 -161.063033 -27.705642
195.819823 -159.688117 -26.863459
197.003179 -158.313201 -26.021275
198.186536 -156.938285 -25.179092
199.369893 -155.563369 -24.336908
200.553249 -154.188453 -23.494725
201.736606 -152.813537 -22.652541
202.919963 -151.438621 -21.810358
204.103319 -150.063705 -20.968174
205.286676 -148.688789 -20.125991
206.470033 -147.313873 -19.283807
207.653389 -145.938957 -18.441624
208.836746 -144.564041 -17.599440
210.020103 -143.189125 -16.757257
211.203459 -141.814209 -15.915073
212.386816 -140.439293 -15.072890
213.570173 -139.064377 -14.230706
214.753530 -137.689461 -13.388523
215.936886 -136.314545 -12.546339
217.120243 -134.939629 -11.704156
218.303600 -133.564713 -10.861972
219.486956 -132.189797 -10.019789
220.670313 -130.814881 -9.177605
221.853670 -129.439965 -8.335422
223.037026 -128.065049 -7.493238
224.220383 -126.690133 -6.651055
225.403740 -125.315217 -5.808871
226.587096 -123.940301 -4.966688
227.770453 -122.565385 -4.124504
228.953810 -121.190469 -3.282321
230.137166 -119.815553 -2.440138
231.320523 -118.440637 -1.597954
232.503880 -117.065721 -0.755771
233.687236 -115.690805 0.086413
234.870593 -114.315889 0.928596
236.053950 -112.940973 1.770780
237.237306 -111.566058 2.612963
238.420663 -110.191142 3.455147
239.604020 -108.816226 4.297330
240.787376 -107.441310 5.139514
241.970733 -106.066394 5.981697
243.154090 -104.691478 6.823881
244.337446 -103.316562 7.666064
245.520803 -101.941646 8.508248
246.704160 -100.566730 9.350431
247.887516 -99.191814 10.192615
249.070873 -97.816898 11.034798
250.254230 -96.441982 11.876982
251.437586 -95.067066 12.719165
252.620943 -93.692150 13.561349
253.804300 -92.317234 14.403532
-81.427182 -245.199241 294.360661
-83.049558 -245.184765 293.191179
-84.671934 -245.170289 292.021698
-86.294310 -245.155813 290.852217
-87.916686 -245.141337 289.682736
-89.539062 -245.126862 288.513254
-91.161438 -245.112386 287.343773
-92.783814 -245.097910 286.174292
-94.406190 -245.083434 285.004810
-96.028566 -245.068958 283.835329
-97.650942 -245.054483 282.665848
-99.273318 -245.040007 281.496367
-100.895694 -245.025531 280.326885
-102.518070 -245.011055 279.157404
-104.140446 -244.996579 277.987923
-105.762822 -244.982103 276.818441
-107.385198 -244.967628 275.648960
-109.007574 -244.953152 274.479479
-110.629950 -244.938676 273.309998
-112.252326 -244.924200 272.140516
-113.874702 -244.909724 270.971035
-115.497078 -244.895248 269.801554
-117.119454 -244.880773 268.632072
-118.741830 -244.866297 267.462591
-120.364206 -244.851821 266.293110
-121.986582 -244.837345 265.123629
-123.608958 -244.822869 263.954147
-125.231334 -244.808393 262.784666
-126.853710 -244.793918 261.615185
-128.476086 -244.779442 260.445703
-130.098462 -244.764966 259.276222
-131.720839 -244.750490 258.106741
-133.343215 -244.736014 256.937260
-134.965591 -244.721539 255.767778
-136.587967 -244.707063 254.598297
-138.210343 -244.692587 253.428816
-139.832719 -244.678111 252.259334
-141.455095 -244.663635 251.089853
-143.077471 -244.649159 249.920372
-144.699847 -244.634684 248.750891
-146.322223 -244.620208 247.581409
-147.944599 -244.605732 246.411928
-149.566975 -244.591256 245.242447
-151.189351 -244.576780 244.072965
-152.811727 -244.562304 242.903484
-154.434103 -244.547829 241.734003
-156.056479 -244.533353 240.564522
-157.678855 -244.518877 239.395040
-159.301231 -244.504401 238.225559
-160.923607 -244.489925 237.056078
-162.545983 -244.475450 235.886596
-164.168359 -244.460974 234.717115
-165.790735 -244.446498 233.547634
-167.413111 -244.432022 232.378153
-169.035487 -244.417546 231.208671
-170.657863 -244.403070 230.039190
-172.280239 -244.388595 228.869709
-173.902615 -244.374119 227.700227
-175.524991 -244.359643 226.530746
-177.147367 -244.345167 225.361265
-178.769743 -244.330691 224.191784
-180.392119 -244.316215 223.022302
-182.014495 -244.301740 221.852821
-183.636871 -244.287264 220.683340
-185.259247 -244.272788 219.513858
-186.881623 -244.258312 218.344377
-188.503999 -244.243836 217.174896
-190.126375 -244.229361 216.005415
-191.748752 -244.214885 214.835933
-193.371128 -244.200409 213.666452
-276.129548 77.601023 92.151278
-274.733577 76.394117 91.380148
-273.337606 75.187211 90.609017
-271.941635 73.980305 89.837887
-270.545663 72.773399 89.066756
-269.149692 71.566493 88.295626
-267.753721 70.359587 87.524495
-266.357750 69.152681 86.753365
-264.961779 67.945775 85.982235
-263.565808 66.738869 85.211104
-262.169836 65.531962 84.439974
-260.773865 64.325056 83.668843
-259.377894 63.118150 82.897713
-257.981923 61.911244 82.126582
-256.585952 60.704338 81.355452
-255.189980 59.497432 80.584321
-253.794009 58.290526 79.813191
-252.398038 57.083620 79.042060
-251.002067 55.876714 78.270930
-249.606096 54.669808 77.499799
-248.210124 53.462902 76.728669
-246.814153 52.255996 75.957538
-245.418182 51.049090 75.186408
-244.022211 49.842184 74.415277
-242.626240 48.635278 73.644147
-241.230269 47.428372 72.873016
-239.834297 46.221466 72.101886
-238.438326 45.014560 71.330755
-237.042355 43.807654 70.559625
-235.646384 42.600748 69.788494
-234.250413 41.393841 69.017364
-232.854441 40.186935 68.246233
-231.458470 38.980029 67.475103
-230.062499 37.773123 66.703972
-228.666528 36.566217 65.932842
-227.270557 35.359311 65.161711
-225.874585 34.152405 64.390581
-224.478614 32.945499 63.619450
-223.082643 31.738593 62.848320
-221.686672 30.531687 62.077189
-220.290701 29.324781 61.306059
-218.894729 28.117875 60.534928
-217.498758 26.910969 59.763798
-216.102787 25.704063 58.992667
-214.706816 24.497157 58.221537
-213.310845 23.290251 57.450407
-211.914874 22.083345 56.679276
-210.518902 20.876439 55.908146
-209.122931 19.669533 55.137015
-207.726960 18.462627 54.365885
-206.330989 17.255721 53.594754
-204.935018 16.048814 52.823624
-203.539046 14.841908 52.052493
-202.143075 13.635002 51.281363
-200.747104 12.428096 50.510232
-199.351133 11.221190 49.739102
-197.955162 10.014284 48.967971
-196.559190 8.807378 48.196841
-195.163219 7.600472 47.425710
-193.767248 6.393566 46.654580
-192.371277 5.186660 45.883449
-190.975306 3.979754 45.112319
-189.579334 2.772848 44.341188
-188.183363 1.565942 43.570058
-186.787392 0.359036 42.798927
-185.391421 -0.847870 42.027797
-183.995450 -2.054776 41.256666
-182.599479 -3.261682 40.485536
-181.203507 -4.468588 39.714405
-179.807536 -5.675494 38.943275
-190.378680 -273.299162 7.772277
-190.657039 -271.851624 6.420556
-190.935398 -270.404085 5.068835
-191.213756 -268.956547 3.717114
-191.492115 -267.509009 2.365393
-191.770474 -266.061470 1.013672
-192.048833 -264.613932 -0.338049
-192.327192 -263.166394 -1.689769
-192.605551 -261.718856 -3.041490
-192.883909 -260.271317 -4.393211
-193.162268 -258.823779 -5.744932
-193.440627 -257.376241 -7.096653
-193.718986 -255.928702 -8.448374
-193.997345 -254.481164 -9.800094
-194.275704 -253.033626 -11.151815
-194.554062 -251.586088 -12.503536
-194.832421 -250.138549 -13.855257
-195.110780 -248.691011 -15.206978
-195.389139 -247.243473 -16.558699
-195.667498 -245.795934 -17.910420
-195.945857 -244.348396 -19.262140
-196.224216 -242.900858 -20.613861
-196.502574 -241.453320 -21.965582
-196.780933 -240.005781 -23.317303
-197.059292 -238.558243 -24.669024
-197.337651 -237.110705 -26.020745
-197.616010 -235.663166 -27.372466
-197.894369 -234.215628 -28.724186
-198.172727 -232.768090 -30.075907
-198.451086 -231.320552 -31.427628
-198.729445 -229.873013 -32.779349
-199.007804 -228.425475 -34.131070
-199.286163 -226.977937 -35.482791
-199.564522 -225.530398 -36.834512
-199.842880 -224.082860 -38.186232
-200.121239 -222.635322 -39.537953
-200.399598 -221.187784 -40.889674
-200.677957 -219.740245 -42.241395
-200.956316 -218.292707 -43.593116
-201.234675 -216.845169 -44.944837
-201.513034 -215.397630 -46.296558
-201.791392 -213.950092 -47.648278
-202.069751 -212.502554 -48.999999
-202.348110 -211.055016 -50.351720
-202.626469 -209.607477 -51.703441
-202.904828 -208.159939 -53.055162
-203.183187 -206.712401 -54.406883
-203.461545 -205.264862 -55.758604
-203.739904 -203.817324 -57.110324
-204.018263 -202.369786 -58.462045
-204.296622 -200.922248 -59.813766
-204.574981 -199.474709 -61.165487
-204.853340 -198.027171 -62.517208
-205.131698 -196.579633 -63.868929
-205.410057 -195.132094 -65.220650
-205.688416 -193.684556 -66.572370
-205.966775 -192.237018 -67.924091
-206.245134 -190.789480 -69.275812
-206.523493 -189.341941 -70.627533
-206.801852 -187.894403 -71.979254
-207.080210 -186.446865 -73.330975
-207.358569 -184.999326 -74.682695
-207.636928 -183.551788 -76.034416
-207.915287 -182.104250 -77.386137
-208.193646 -180.656712 -78.737858
-208.472005 -179.209173 -80.089579
-208.750363 -177.761635 -81.441300
-209.028722 -176.314097 -82.793021
-209.307081 -174.866558 -84.144741
-209.585440 -173.419020 -85.496462
78.880243 224.071764 145.545079
77.245507 222.932521 145.372560
75.610771 221.793279 145.200041
73.976035 220.654036 145.027522
72.341298 219.514793 144.855002
70.706562 218.375550 144.682483
69.071826 217.236307 144.509964
67.437089 216.097064 144.337445
65.802353 214.957821 144.164926
64.167617 213.818578 143.992407
62.532881 212.679335 143.819888
60.898144 211.540092 143.647368
59.263408 210.400850 143.474849
57.628672 209.261607 143.302330
55.993935 208.122364 143.129811
54.359199 206.983121 142.957292
52.724463 205.843878 142.784773
51.089726 204.704635 142.612254
49.454990 203.565392 142.439734
47.820254 202.426149 142.267215
46.185518 201.286906 142.094696
44.550781 200.147663 141.922177
42.916045 199.008421 141.749658
41.281309 197.869178 141.577139
39.646572 196.729935 141.404620
38.011836 195.590692 141.232100
36.377100 194.451449 141.059581
34.742364 193.312206 140.887062
33.107627 192.172963 140.714543
31.472891 191.033720 140.542024
29.838155 189.894477 140.369505
28.203418 188.755234 140.196986
26.568682 187.615991 140.024467
24.933946 186.476749 139.851947
23.299209 185.337506 139.679428
21.664473 184.198263 139.506909
20.029737 183.059020 139.334390
18.395001 181.919777 139.161871
16.760264 180.780534 138.989352
15.125528 179.641291 138.816833
13.490792 178.502048 138.644313
11.856055 177.362805 138.471794
10.221319 176.223562 138.299275
8.586583 175.084320 138.126756
6.951846 173.945077 137.954237
5.317110 172.805834 137.781718
3.682374 171.666591 137.609199
2.047638 170.527348 137.436679
0.412901 169.388105 137.264160
-1.221835 168.248862 137.091641
-2.856571 167.109619 136.919122
-4.491308 165.970376 136.746603
-6.126044 164.831133 136.574084
-7.760780 163.691891 136.401565
-9.395516 162.552648 136.229045
-11.030253 161.413405 136.056526
-12.664989 160.274162 135.884007
-14.299725 159.134919 135.711488
-15.934462 157.995676 135.538969
-17.569198 156.856433 135.366450
-19.203934 155.717190 135.193931
-20.838671 154.577947 135.021412
-22.473407 153.438704 134.848892
-24.108143 152.299462 134.676373
-25.742879 151.160219 134.503854
-27.377616 150.020976 134.331335
-29.012352 148.881733 134.158816
-30.647088 147.742490 133.986297
-32.281825 146.603247 133.813778
-33.916561 145.464004 133.641258
63.259390 -52.599867 -58.509656
61.610774 -53.731356 -58.467255
59.962158 -54.862844 -58.424853
58.313542 -55.994333 -58.382452
56.664926 -57.125822 -58.340050
55.016310 -58.257311 -58.297648
53.367694 -59.388800 -58.255247
51.719078 -60.520289 -58.212845
50.070462 -61.651778 -58.170444
48.421846 -62.783267 -58.128042
46.773230 -63.914756 -58.085641
45.124613 -65.046245 -58.043239
43.475997 -66.177734 -58.000838
41.827381 -67.309223 -57.958436
40.178765 -68.440712 -57.916035
38.530149 -69.572201 -57.873633
36.881533 -70.703690 -57.831231
35.232917 -71.835179 -57.788830
33.584301 -72.966667 -57.746428
31.935685 -74.098156 -57.704027
30.287069 -75.229645 -57.661625
28.638453 -76.361134 -57.619224
26.989837 -77.492623 -57.576822
25.341221 -78.624112 -57.534421
23.692605 -79.755601 -57.492019
22.043989 -80.887090 -57.449617
20.395373 -82.018579 -57.407216
18.746757 -83.150068 -57.364814
17.098141 -84.281557 -57.322413
15.449525 -85.413046 -57.280011
13.800908 -86.544535 -57.237610
12.152292 -87.676024 -57.195208
10.503676 -88.807513 -57.152807
8.855060 -89.939002 -57.110405
7.206444 -91.070491 -57.068003
5.557828 -92.201979 -57.025602
3.909212 -93.333468 -56.983200
2.260596 -94.464957 -56.940799
0.611980 -95.596446 -56.898397
-1.036636 -96.727935 -56.855996
-2.685252 -97.859424 -56.813594
-4.333868 -98.990913 -56.771193
-5.982484 -100.122402 -56.728791
-7.631100 -101.253891 -56.686390
-9.279716 -102.385380 -56.643988
-10.928332 -103.516869 -56.601586
-12.576948 -104.648358 -56.559185
-14.225564 -105.779847 -56.516783
-15.874180 -106.911336 -56.474382
-17.522797 -108.042825 -56.431980
-19.171413 -109.174314 -56.389579
-20.820029 -110.305802 -56.347177
-22.468645 -111.437291 -56.304776
-24.117261 -112.568780 -56.262374
-25.765877 -113.700269 -56.219972
-27.414493 -114.831758 -56.177571
-29.063109 -115.963247 -56.135169
-30.711725 -117.094736 -56.092768
-32.360341 -118.226225 -56.050366
-34.008957 -119.357714 -56.007965
-35.657573 -120.489203 -55.965563
-37.306189 -121.620692 -55.923162
-38.954805 -122.752181 -55.880760
-40.603421 -123.883670 -55.838358
-42.252037 -125.015159 -55.795957
-43.900653 -126.146648 -55.753555
-45.549269 -127.278137 -55.711154
-47.197885 -128.409625 -55.668752
-48.846502 -129.541114 -55.626351
-50.495118 -130.672603 -55.583949
-180.399645 -201.124905 10.888787
-181.221966 -199.524343 10.015866
-182.044287 -197.923781 9.142946
-182.866607 -196.323219 8.270026
-183.688928 -194.722657 7.397105
-184.511248 -193.122095 6.524185
-185.333569 -191.521533 5.651264
-186.155889 -189.920971 4.778344
-186.978210 -188.320409 3.905424
-187.800531 -186.719847 3.032503
-188.622851 -185.119285 2.159583
-189.445172 -183.518723 1.286662
-190.267492 -181.918161 0.413742
-191.089813 -180.317599 -0.459178
-191.912133 -178.717037 -1.332099
-192.734454 -177.116475 -2.205019
-193.556775 -175.515912 -3.077940
-194.379095 -173.915350 -3.950860
-195.201416 -172.314788 -4.823780
-196.023736 -170.714226 -5.696701
-196.846057 -169.113664 -6.569621
-197.668378 -167.513102 -7.442542
-198.490698 -165.912540 -8.315462
-199.313019 -164.311978 -9.188382
-200.135339 -162.711416 -10.061303
-200.957660 -161.110854 -10.934223
-201.779980 -159.510292 -11.807144
-202.602301 -157.909730 -12.680064
-203.424622 -156.309168 -13.552984
-204.246942 -154.708606 -14.425905
-205.069263 -153.108044 -15.298825
-205.891583 -151.507482 -16.171746
-206.713904 -149.906920 -17.044666
-207.536224 -148.306358 -17.917586
-208.358545 -146.705796 -18.790507
-209.180866 -145.105234 -19.663427
-210.003186 -143.504672 -20.536348
-210.825507 -141.904110 -21.409268
-211.647827 -140.303548 -22.282188
-212.470148 -138.702986 -23.155109
-213.292469 -137.102424 -24.028029
-214.114789 -135.501861 -24.900949
-214.937110 -133.901299 -25.773870
-215.759430 -132.300737 -26.646790
-216.581751 -130.700175 -27.519711
-217.404071 -129.099613 -28.392631
-218.226392 -127.499051 -29.265551
-219.048713 -125.898489 -30.138472
-219.871033 -124.297927 -31.011392
-220.693354 -122.697365 -31.884313
-221.515674 -121.096803 -32.757233
-222.337995 -119.496241 -33.630153
-223.160316 -117.895679 -34.503074
-223.982636 -116.295117 -35.375994
-224.804957 -114.694555 -36.248915
-225.627277 -113.093993 -37.121835
-226.449598 -111.493431 -37.994755
-227.271918 -109.892869 -38.867676
-228.094239 -108.292307 -39.740596
-228.916560 -106.691745 -40.613517
-229.738880 -105.091183 -41.486437
-230.561201 -103.490621 -42.359357
-231.383521 -101.890059 -43.232278
-232.205842 -100.289497 -44.105198
-233.028162 -98.688935 -44.978119
-233.850483 -97.088373 -45.851039
-234.672804 -95.487810 -46.723959
-235.495124 -93.887248 -47.596880
-236.317445 -92.286686 -48.469800
-237.139765 -90.686124 -49.342721
151.807810 -214.425161 174.284023
151.960022 -212.431373 174.243558
152.112234 -210.437584 174.203092
152.264446 -208.443795 174.162627
152.416657 -206.450006 174.122161
152.568869 -204.456217 174.081696
152.721081 -202.462428 174.041230
152.873293 -200.468639 174.000765
153.025505 -198.474850 173.960299
153.177716 -196.481061 173.919834
153.329928 -194.487273 173.879368
153.482140 -192.493484 173.838903
153.634352 -190.499695 173.798438
153.786563 -188.505906 173.757972
153.938775 -186.512117 173.717507
154.090987 -184.518328 173.677041
154.243199 -182.524539 173.636576
154.395411 -180.530750 173.596110
154.547622 -178.536962 173.555645
154.699834 -176.543173 173.515179
154.852046 -174.549384 173.474714
155.004258 -172.555595 173.434248
155.156470 -170.561806 173.393783
155.308681 -168.568017 173.353317
155.460893 -166.574228 173.312852
155.613105 -164.580439 173.272386
155.765317 -162.586650 173.231921
155.917528 -160.592862 173.191455
156.069740 -158.599073 173.150990
156.221952 -156.605284 173.110525
156.374164 -154.611495 173.070059
156.526376 -152.617706 173.029594
156.678587 -150.623917 172.989128
156.830799 -148.630128 172.948663
156.983011 -146.636339 172.908197
157.135223 -144.642550 172.867732
157.287435 -142.648762 172.827266
157.439646 -140.654973 172.786801
157.591858 -138.661184 172.746335
157.744070 -136.667395 172.705870
157.896282 -134.673606 172.665404
158.048493 -132.679817 172.624939
158.200705 -130.686028 172.584473
158.352917 -128.692239 172.544008
158.505129 -126.698451 172.503542
158.657341 -124.704662 172.463077
158.809552 -122.710873 172.422612
158.961764 -120.717084 172.382146
159.113976 -118.723295 172.341681
159.266188 -116.729506 172.301215
159.418400 -114.735717 172.260750
159.570611 -112.741928 172.220284
159.722823 -110.748139 172.179819
159.875035 -108.754351 172.139353
160.027247 -106.760562 172.098888
160.179458 -104.766773 172.058422
160.331670 -102.772984 172.017957
160.483882 -100.779195 171.977491
160.636094 -98.785406 171.937026
160.788306 -96.791617 171.896560
160.940517 -94.797828 171.856095
161.092729 -92.804039 171.815629
161.244941 -90.810251 171.775164
161.397153 -88.816462 171.734699
161.549365 -86.822673 171.694233
161.701576 -84.828884 171.653768
161.853788 -82.835095 171.613302
162.006000 -80.841306 171.572837
162.158212 -78.847517 171.532371
162.310423 -76.853728 171.491906
215.089714 -63.140555 -220.623873
213.225213 -62.592682 -221.096598
211.360711 -62.044809 -221.569324
209.496210 -61.496936 -222.042049
207.631708 -60.949063 -222.514774
205.767207 -60.401190 -222.987499
203.902705 -59.853317 -223.460224
202.038203 -59.305444 -223.932949
200.173702 -58.757571 -224.405675
198.309200 -58.209698 -224.878400
196.444699 -57.661825 -225.351125
194.580197 -57.113952 -225.823850
192.715696 -56.566079 -226.296575
190.851194 -56.018206 -226.769301
188.986693 -55.470333 -227.242026
187.122191 -54.922460 -227.714751
185.257689 -54.374587 -228.187476
183.393188 -53.826714 -228.660201
181.528686 -53.278841 -229.132926
179.664185 -52.730968 -229.605652
177.799683 -52.183095 -230.078377
175.935182 -51.635222 -230.551102
174.070680 -51.087349 -231.023827
172.206179 -50.539476 -231.496552
170.341677 -49.991603 -231.969277
168.477175 -49.443730 -232.442003
166.612674 -48.895857 -232.914728
164.748172 -48.347984 -233.387453
162.883671 -47.800111 -233.860178
161.019169 -47.252238 -234.332903
159.154668 -46.704365 -234.805629
157.290166 -46.156492 -235.278354
155.425664 -45.608619 -235.751079
153.561163 -45.060746 -236.223804
151.696661 -44.512873 -236.696529
149.832160 -43.965000 -237.169254
147.967658 -43.417127 -237.641980
146.103157 -42.869254 -238.114705
144.238655 -42.321381 -238.587430
142.374154 -41.773508 -239.060155
140.509652 -41.225635 -239.532880
138.645150 -40.677762 -240.005606
136.780649 -40.129889 -240.478331
134.916147 -39.582016 -240.951056
133.051646 -39.034143 -241.423781
131.187144 -38.486270 -241.896506
129.322643 -37.938397 -242.369231
127.458141 -37.390523 -242.841957
125.593640 -36.842650 -243.314682
123.729138 -36.294777 -243.787407
121.864636 -35.746904 -244.260132
120.000135 -35.199031 -244.732857
118.135633 -34.651158 -245.205583
116.271132 -34.103285 -245.678308
114.406630 -33.555412 -246.151033
112.542129 -33.007539 -246.623758
110.677627 -32.459666 -247.096483
108.813126 -31.911793 -247.569208
106.948624 -31.363920 -248.041934
105.084122 -30.816047 -248.514659
103.219621 -30.268174 -248.987384
101.355119 -29.720301 -249.460109
99.490618 -29.172428 -249.932834
97.626116 -28.624555 -250.405559
95.761615 -28.076682 -250.878285
93.897113 -27.528809 -251.351010
92.032611 -26.980936 -251.823735
90.168110 -26.433063 -252.296460
88.303608 -25.885190 -252.769185
86.439107 -25.337317 -253.241911
151.536864 180.393072 117.176965
149.733934 179.539017 117.035424
147.931004 178.684962 116.893883
146.128074 177.830906 116.752342
144.325144 176.976851 116.610801
142.522215 176.122796 116.469261
140.719285 175.268741 116.327720
138.916355 174.414686 116.186179
137.113425 173.560630 116.044638
135.310495 172.706575 115.903097
133.507566 171.852520 115.761557
131.704636 170.998465 115.620016
129.901706 170.144409 115.478475
128.098776 169.290354 115.336934
126.295846 168.436299 115.195393
124.492917 167.582244 115.053853
122.689987 166.728189 114.912312
120.887057 165.874133 114.770771
119.084127 165.020078 114.629230
117.281197 164.166023 114.487689
115.478267 163.311968 114.346149
113.675338 162.457912 114.204608
111.872408 161.603857 114.063067
110.069478 160.749802 113.921526
108.266548 159.895747 113.779985
106.463618 159.041692 113.638445
104.660689 158.187636 113.496904
102.857759 157.333581 113.355363
101.054829 156.479526 113.213822
99.251899 155.625471 113.072281
97.448969 154.771416 112.930741
95.646040 153.917360 112.789200
93.843110 153.063305 112.647659
92.040180 152.209250 112.506118
90.237250 151.355195 112.364577
88.434320 150.501139 112.223037
86.631391 149.647084 112.081496
84.828461 148.793029 111.939955
83.025531 147.938974 111.798414
81.222601 147.084919 111.656873
79.419671 146.230863 111.515333
77.616742 145.376808 111.373792
75.813812 144.522753 111.232251
74.010882 143.668698 111.090710
72.207952 142.814642 110.949169
70.405022 141.960587 110.807629
68.602093 141.106532 110.666088
66.799163 140.252477 110.524547
64.996233 139.398422 110.383006
63.193303 138.544366 110.241465
61.390373 137.690311 110.099925
59.587443 136.836256 109.958384
57.784514 135.982201 109.816843
55.981584 135.128146 109.675302
54.178654 134.274090 109.533761
52.375724 133.420035 109.392221
50.572794 132.565980 109.250680
48.769865 131.711925 109.109139
46.966935 130.857869 108.967598
45.164005 130.003814 108.826057
43.361075 129.149759 108.684517
41.558145 128.295704 108.542976
39.755216 127.441649 108.401435
37.952286 126.587593 108.259894
36.149356 125.733538 108.118353
34.346426 124.879483 107.976813
32.543496 124.025428 107.835272
30.740567 123.171372 107.693731
28.937637 122.317317 107.552190
27.134707 121.463262 107.410649
-190.947443 -119.095488 133.638341
-191.805517 -120.264596 132.261064
-192.663591 -121.433705 130.883786
-193.521665 -122.602813 129.506508
-194.379739 -123.771922 128.129230
-195.237813 -124.941030 126.751952
-196.095887 -126.110139 125.374675
-196.953961 -127.279247 123.997397
-197.812035 -128.448356 122.620119
-198.670109 -129.617465 121.242841
-199.528183 -130.786573 119.865563
-200.386257 -131.955682 118.488286
-201.244331 -133.124790 117.111008
-202.102405 -134.293899 115.733730
-202.960479 -135.463007 114.356452
-203.818554 -136.632116 112.979174
-204.676628 -137.801224 111.601897
-205.534702 -138.970333 110.224619
-206.392776 -140.139442 108.847341
-207.250850 -141.308550 107.470063
-208.108924 -142.477659 106.092785
-208.966998 -143.646767 104.715508
-209.825072 -144.815876 103.338230
-210.683146 -145.984984 101.960952
-211.541220 -147.154093 100.583674
-212.399294 -148.323202 99.206396
-213.257368 -149.492310 97.829119
-214.115442 -150.661419 96.451841
-214.973516 -151.830527 95.074563
-215.831590 -152.999636 93.697285
-216.689664 -154.168744 92.320008
-217.547738 -155.337853 90.942730
-218.405812 -156.506961 89.565452
-219.263886 -157.676070 88.188174
-220.121960 -158.845179 86.810896
-220.980034 -160.014287 85.433619
-221.838108 -161.183396 84.056341
-222.696182 -162.352504 82.679063
-223.554256 -163.521613 81.301785
-224.412330 -164.690721 79.924507
-225.270404 -165.859830 78.547230
-226.128478 -167.028939 77.169952
-226.986552 -168.198047 75.792674
-227.844627 -169.367156 74.415396
-228.702701 -170.536264 73.038118
-229.560775 -171.705373 71.660841
-230.418849 -172.874481 70.283563
-231.276923 -174.043590 68.906285
-232.134997 -175.212698 67.529007
-232.993071 -176.381807 66.151729
-233.851145 -177.550916 64.774452
-234.709219 -178.720024 63.397174
-235.567293 -179.889133 62.019896
-236.425367 -181.058241 60.642618
-237.283441 -182.227350 59.265340
-238.141515 -183.396458 57.888063
-238.999589 -184.565567 56.510785
-239.857663 -185.734675 55.133507
-240.715737 -186.903784 53.756229
-241.573811 -188.072893 52.378951
-242.431885 -189.242001 51.001674
-243.289959 -190.411110 49.624396
-244.148033 -191.580218 48.247118
-245.006107 -192.749327 46.869840
-245.864181 -193.918435 45.492562
-246.722255 -195.087544 44.115285
-247.580329 -196.256653 42.738007
-248.438403 -197.425761 41.360729
-249.296477 -198.594870 39.983451
-250.154551 -199.763978 38.606174
-38.004405 -89.236025 221.969374
-40.000518 -89.334533 221.893010
-41.996630 -89.433041 221.816645
-43.992743 -89.531548 221.740281
-45.988855 -89.630056 221.663917
-47.984967 -89.728564 221.587553
-49.981080 -89.827072 221.511189
-51.977192 -89.925580 221.434825
-53.973305 -90.024088 221.358461
-55.969417 -90.122596 221.282097
-57.965529 -90.221104 221.205733
-59.961642 -90.319612 221.129369
-61.957754 -90.418120 221.053004
-63.953867 -90.516628 220.976640
-65.949979 -90.615136 220.900276
-67.946091 -90.713644 220.823912
-69.942204 -90.812152 220.747548
-71.938316 -90.910660 220.671184
-73.934429 -91.009168 220.594820
-75.930541 -91.107676 220.518456
-77.926653 -91.206183 220.442092
-79.922766 -91.304691 220.365728
-81.918878 -91.403199 220.289363
-83.914991 -91.501707 220.212999
-85.911103 -91.600215 220.136635
-87.907215 -91.698723 220.060271
-89.903328 -91.797231 219.983907
-91.899440 -91.895739 219.907543
-93.895553 -91.994247 219.831179
-95.891665 -92.092755 219.754815
-97.887777 -92.191263 219.678451
-99.883890 -92.289771 219.602087
-101.880002 -92.388279 219.525722
-103.876115 -92.486787 219.449358
-105.872227 -92.585295 219.372994
-107.868339 -92.683803 219.296630
-109.864452 -92.782311 219.220266
-111.860564 -92.880818 219.143902
-113.856677 -92.979326 219.067538
-115.852789 -93.077834 218.991174
-117.848901 -93.176342 218.914810
-119.845014 -93.274850 218.838446
-121.841126 -93.373358 218.762081
-123.837239 -93.471866 218.685717
-125.833351 -93.570374 218.609353
-127.829463 -93.668882 218.532989
-129.825576 -93.767390 218.456625
-131.821688 -93.865898 218.380261
-133.817801 -93.964406 218.303897
-135.813913 -94.062914 218.227533
-137.810025 -94.161422 218.151169
-139.806138 -94.259930 218.074804
-141.802250 -94.358438 217.998440
-143.798363 -94.456946 217.922076
-145.794475 -94.555453 217.845712
-147.790587 -94.653961 217.769348
-149.786700 -94.752469 217.692984
-151.782812 -94.850977 217.616620
-153.778925 -94.949485 217.540256
-155.775037 -95.047993 217.463892
-157.771149 -95.146501 217.387528
-159.767262 -95.245009 217.311163
-161.763374 -95.343517 217.234799
-163.759487 -95.442025 217.158435
-165.755599 -95.540533 217.082071
-167.751711 -95.639041 217.005707
-169.747824 -95.737549 216.929343
-171.743936 -95.836057 216.852979
-173.740049 -95.934565 216.776615
-175.736161 -96.033073 216.700251
-158.729467 -20.257062 299.999349
-159.443561 -21.934027 299.176027
-160.157656 -23.610991 298.352705
-160.871751 -25.287955 297.529382
-161.585845 -26.964919 296.706060
-162.299940 -28.641884 295.882738
-163.014035 -30.318848 295.059415
-163.728130 -31.995812 294.236093
-164.442224 -33.672776 293.412771
-165.156319 -35.349741 292.589448
-165.870414 -37.026705 291.766126
-166.584508 -38.703669 290.942803
-167.298603 -40.380633 290.119481
-168.012698 -42.057598 289.296159
-168.726793 -43.734562 288.472836
-169.440887 -45.411526 287.649514
-170.154982 -47.088490 286.826192
-170.869077 -48.765455 286.002869
-171.583171 -50.442419 285.179547
-172.297266 -52.119383 284.356225
-173.011361 -53.796347 283.532902
-173.725455 -55.473312 282.709580
-174.439550 -57.150276 281.886258
-175.153645 -58.827240 281.062935
-175.867740 -60.504204 280.239613
-176.581834 -62.181169 279.416291
-177.295929 -63.858133 278.592968
-178.010024 -65.535097 277.769646
-178.724118 -67.212061 276.946324
-179.438213 -68.889026 276.123001
-180.152308 -70.565990 275.299679
-180.866403 -72.242954 274.476357
-181.580497 -73.919918 273.653034
-182.294592 -75.596882 272.829712
-183.008687 -77.273847 272.006390
-183.722781 -78.950811 271.183067
-184.436876 -80.627775 270.359745
-185.150971 -82.304739 269.536423
-185.865066 -83.981704 268.713100
-186.579160 -85.658668 267.889778
-187.293255 -87.335632 267.066456
-188.007350 -89.012596 266.243133
-188.721444 -90.689561 265.419811
-189.435539 -92.366525 264.596489
-190.149634 -94.043489 263.773166
-190.863728 -95.720453 262.949844
-191.577823 -97.397418 262.126522
-192.291918 -99.074382 261.303199
-193.006013 -100.751346 260.479877
-193.720107 -102.428310 259.656555
-194.434202 -104.105275 258.833232
-195.148297 -105.782239 258.009910
-195.862391 -107.459203 257.186588
-196.576486 -109.136167 256.363265
-197.290581 -110.813132 255.539943
-198.004676 -112.490096 254.716621
-198.718770 -114.167060 253.893298
-199.432865 -115.844024 253.069976
-200.146960 -117.520989 252.246654
-200.861054 -119.197953 251.423331
-201.575149 -120.874917 250.600009
-202.289244 -122.551881 249.776687
-203.003338 -124.228846 248.953364
-203.717433 -125.905810 248.130042
-204.431528 -127.582774 247.306720
-205.145623 -129.259738 246.483397
-205.859717 -130.936703 245.660075
-206.573812 -132.613667 244.836753
-207.287907 -134.290631 244.013430
-208.002001 -135.967595 243.190108
61.494412 -204.269952 169.466312
59.715003 -205.015138 169.993951
57.935595 -205.760324 170.521590
56.156186 -206.505510 171.049229
54.376778 -207.250697 171.576869
52.597369 -207.995883 172.104508
50.817961 -208.741069 172.632147
49.038552 -209.486255 173.159786
47.259144 -210.231441 173.687425
45.479735 -210.976627 174.215064
43.700327 -211.721813 174.742703
41.920918 -212.466999 175.270342
40.141510 -213.212185 175.797981
38.362101 -213.957372 176.325621
36.582693 -214.702558 176.853260
34.803284 -215.447744 177.380899
33.023876 -216.192930 177.908538
31.244467 -216.938116 178.436177
29.465059 -217.683302 178.963816
27.685650 -218.428488 179.491455
25.906242 -219.173674 180.019094
24.126833 -219.918860 180.546733
22.347425 -220.664046 181.074372
20.568016 -221.409233 181.602012
18.788608 -222.154419 182.129651
17.009199 -222.899605 182.657290
15.229791 -223.644791 183.184929
13.450382 -224.389977 183.712568
11.670974 -225.135163 184.240207
9.891565 -225.880349 184.767846
8.112156 -226.625535 185.295485
6.332748 -227.370721 185.823124
4.553339 -228.115907 186.350764
2.773931 -228.861094 186.878403
0.994522 -229.606280 187.406042
-0.784886 -230.351466 187.933681
-2.564295 -231.096652 188.461320
-4.343703 -231.841838 188.988959
-6.123112 -232.587024 189.516598
-7.902520 -233.332210 190.044237
-9.681929 -234.077396 190.571876
-11.461337 -234.822582 191.099515
-13.240746 -235.567768 191.627155
-15.020154 -236.312955 192.154794
-16.799563 -237.058141 192.682433
-18.578971 -237.803327 193.210072
-20.358380 -238.548513 193.737711
-22.137788 -239.293699 194.265350
-23.917197 -240.038885 194.792989
-25.696605 -240.784071 195.320628
-27.476014 -241.529257 195.848267
-29.255422 -242.274443 196.375907
-31.034831 -243.019629 196.903546
-32.814239 -243.764816 197.431185
-34.593648 -244.510002 197.958824
-36.373056 -245.255188 198.486463
-38.152465 -246.000374 199.014102
-39.931873 -246.745560 199.541741
-41.711282 -247.490746 200.069380
-43.490690 -248.235932 200.597019
-45.270099 -248.981118 201.124658
-47.049507 -249.726304 201.652298
-48.828916 -250.471490 202.179937
-50.608324 -251.216677 202.707576
-52.387733 -251.961863 203.235215
-54.167141 -252.707049 203.762854
-55.946550 -253.452235 204.290493
-57.725958 -254.197421 204.818132
-59.505367 -254.942607 205.345771
-61.284775 -255.687793 205.873410
263.738175 -184.136866 65.040373
261.791328 -183.907366 64.643995
259.844480 -183.677867 64.247617
257.897633 -183.448367 63.851239
255.950786 -183.218867 63.454862
254.003938 -182.989368 63.058484
252.057091 -182.759868 62.662106
250.110244 -182.530368 62.265729
248.163396 -182.300869 61.869351
246.216549 -182.071369 61.472973
244.269702 -181.841869 61.076595
242.322854 -181.612370 60.680218
240.376007 -181.382870 60.283840
238.429160 -181.153370 59.887462
236.482312 -180.923870 59.491084
234.535465 -180.694371 59.094707
232.588618 -180.464871 58.698329
230.641770 -180.235371 58.301951
228.694923 -180.005872 57.905574
226.748076 -179.776372 57.509196
224.801228 -179.546872 57.112818
222.854381 -179.317373 56.716440
220.907534 -179.087873 56.320063
218.960686 -178.858373 55.923685
217.013839 -178.628874 55.527307
215.066991 -178.399374 55.130929
213.120144 -178.169874 54.734552
211.173297 -177.940374 54.338174
209.226449 -177.710875 53.941796
207.279602 -177.481375 53.545419
205.332755 -177.251875 53.149041
203.385907 -177.022376 52.752663
201.439060 -176.792876 52.356285
199.492213 -176.563376 51.959908
197.545365 -176.333877 51.563530
195.598518 -176.104377 51.167152
193.651671 -175.874877 50.770774
191.704823 -175.645378 50.374397
189.757976 -175.415878 49.978019
187.811129 -175.186378 49.581641
185.864281 -174.956879 49.185264
183.917434 -174.727379 48.788886
181.970587 -174.497879 48.392508
180.023739 -174.268379 47.996130
178.076892 -174.038880 47.599753
176.130045 -173.809380 47.203375
174.183197 -173.579880 46.806997
172.236350 -173.350381 46.410619
170.289503 -173.120881 46.014242
168.342655 -172.891381 45.617864
166.395808 -172.661882 45.221486
164.448960 -172.432382 44.825109
162.502113 -172.202882 44.428731
160.555266 -171.973383 44.032353
158.608418 -171.743883 43.635975
156.661571 -171.514383 43.239598
154.714724 -171.284884 42.843220
152.767876 -171.055384 42.446842
150.821029 -170.825884 42.050464
148.874182 -170.596384 41.654087
146.927334 -170.366885 41.257709
144.980487 -170.137385 40.861331
143.033640 -169.907885 40.464954
141.086792 -169.678386 40.068576
139.139945 -169.448886 39.672198
137.193098 -169.219386 39.275820
135.246250 -168.989887 38.879443
133.299403 -168.760387 38.483065
131.352556 -168.530887 38.086687
129.405708 -168.301388 37.690309
-17.776692 -269.111108 96.619481
-16.520272 -267.586715 96.931946
-15.263852 -266.062322 97.244411
-14.007432 -264.537930 97.556876
-12.751012 -263.013537 97.869341
-11.494592 -261.489144 98.181807
-10.238171 -259.964751 98.494272
-8.981751 -258.440358 98.806737
-7.725331 -256.915965 99.119202
-6.468911 -255.391572 99.431667
-5.212491 -253.867179 99.744132
-3.956071 -252.342786 100.056598
-2.699650 -250.818393 100.369063
-1.443230 -249.294000 100.681528
-0.186810 -247.769607 100.993993
1.069610 -246.245214 101.306458
2.326030 -244.720821 101.618923
3.582451 -243.196428 101.931389
4.838871 -241.672035 102.243854
6.095291 -240.147642 102.556319
7.351711 -238.623250 102.868784
8.608131 -237.098857 103.181249
9.864551 -235.574464 103.493715
11.120972 -234.050071 103.806180
12.377392 -232.525678 104.118645
13.633812 -231.001285 104.431110
14.890232 -229.476892 104.743575
16.146652 -227.952499 105.056040
17.403073 -226.428106 105.368506
18.659493 -224.903713 105.680971
19.915913 -223.379320 105.993436
21.172333 -221.854927 106.305901
22.428753 -220.330534 106.618366
23.685173 -218.806141 106.930831
24.941594 -217.281748 107.243297
26.198014 -215.757355 107.555762
27.454434 -214.232962 107.868227
28.710854 -212.708570 108.180692
29.967274 -211.184177 108.493157
31.223695 -209.659784 108.805623
32.480115 -208.135391 109.118088
33.736535 -206.610998 109.430553
34.992955 -205.086605 109.743018
36.249375 -203.562212 110.055483
37.505795 -202.037819 110.367948
38.762216 -200.513426 110.680414
40.018636 -198.989033 110.992879
41.275056 -197.464640 111.305344
42.531476 -195.940247 111.617809
43.787896 -194.415854 111.930274
45.044317 -192.891461 112.242739
46.300737 -191.367068 112.555205
47.557157 -189.842675 112.867670
48.813577 -188.318282 113.180135
50.069997 -186.793890 113.492600
51.326417 -185.269497 113.805065
52.582838 -183.745104 114.117531
53.839258 -182.220711 114.429996
55.095678 -180.696318 114.742461
56.352098 -179.171925 115.054926
57.608518 -177.647532 115.367391
58.864939 -176.123139 115.679856
60.121359 -174.598746 115.992322
61.377779 -173.074353 116.304787
62.634199 -171.549960 116.617252
63.890619 -170.025567 116.929717
65.147039 -168.501174 117.242182
66.403460 -166.976781 117.554647
67.659880 -165.452388 117.867113
68.916300 -163.927995 118.179578
19.865252 -165.094784 -240.411462
18.550088 -166.107048 -239.295370
17.234923 -167.119313 -238.179278
15.919758 -168.131577 -237.063185
14.604594 -169.143842 -235.947093
13.289429 -170.156107 -234.831000
11.974264 -171.168371 -233.714908
10.659100 -172.180636 -232.598816
9.343935 -173.192900 -231.482723
8.028770 -174.205165 -230.366631
6.713605 -175.217429 -229.250538
5.398441 -176.229694 -228.134446
4.083276 -177.241959 -227.018353
2.768111 -178.254223 -225.902261
1.452947 -179.266488 -224.786169
0.137782 -180.278752 -223.670076
-1.177383 -181.291017 -222.553984
-2.492547 -182.303282 -221.437891
-3.807712 -183.315546 -220.321799
-5.122877 -184.327811 -219.205707
-6.438041 -185.340075 -218.089614
-7.753206 -186.352340 -216.973522
-9.068371 -187.364604 -215.857429
-10.383535 -188.376869 -214.741337
-11.698700 -189.389134 -213.625245
-13.013865 -190.401398 -212.509152
-14.329029 -191.413663 -211.393060
-15.644194 -192.425927 -210.276967
-16.959359 -193.438192 -209.160875
-18.274524 -194.450457 -208.044782
-19.589688 -195.462721 -206.928690
-20.904853 -196.474986 -205.812598
-22.220018 -197.487250 -204.696505
-23.535182 -198.499515 -203.580413
-24.850347 -199.511779 -202.464320
-26.165512 -200.524044 -201.348228
-27.480676 -201.536309 -200.232136
-28.795841 -202.548573 -199.116043
-30.111006 -203.560838 -197.999951
-31.426170 -204.573102 -196.883858
-32.741335 -205.585367 -195.767766
-34.056500 -206.597632 -194.651674
-35.371664 -207.609896 -193.535581
-36.686829 -208.622161 -192.419489
-38.001994 -209.634425 -191.303396
-39.317158 -210.646690 -190.187304
-40.632323 -211.658954 -189.071211
-41.947488 -212.671219 -187.955119
-43.262653 -213.683484 -186.839027
-44.577817 -214.695748 -185.722934
-45.892982 -215.708013 -184.606842
-47.208147 -216.720277 -183.490749
-48.523311 -217.732542 -182.374657
-49.838476 -218.744806 -181.258565
-51.153641 -219.757071 -180.142472
-52.468805 -220.769336 -179.026380
-53.783970 -221.781600 -177.910287
-55.099135 -222.793865 -176.794195
-56.414299 -223.806129 -175.678103
-57.729464 -224.818394 -174.562010
-59.044629 -225.830659 -173.445918
-60.359793 -226.842923 -172.329825
-61.674958 -227.855188 -171.213733
-62.990123 -228.867452 -170.097641
-64.305287 -229.879717 -168.981548
-65.620452 -230.891981 -167.865456
-66.935617 -231.904246 -166.749363
-68.250782 -232.916511 -165.633271
-69.565946 -233.928775 -164.517178
-70.881111 -234.941040 -163.401086
71.578106 140.430678 177.764378
72.144254 138.523161 177.966506
72.710402 136.615644 178.168633
73.276550 134.708127 178.370761
73.842698 132.800610 178.572889
74.408846 130.893093 178.775016
74.974994 128.985577 178.977144
75.541142 127.078060 179.179271
76.107290 125.170543 179.381399
76.673438 123.263026 179.583527
77.239586 121.355509 179.785654
77.805734 119.447992 179.987782
78.371882 117.540475 180.189909
78.938029 115.632958 180.392037
79.504177 113.725441 180.594165
80.070325 111.817924 180.796292
80.636473 109.910407 180.998420
81.202621 108.002890 181.200547
81.768769 106.095373 181.402675
82.334917 104.187856 181.604803
82.901065 102.280339 181.806930
83.467213 100.372822 182.009058
84.033361 98.465305 182.211185
84.599509 96.557788 182.413313
85.165657 94.650271 182.615441
85.731805 92.742754 182.817568
86.297953 90.835237 183.019696
86.864101 88.927720 183.221823
87.430249 87.020203 183.423951
87.996396 85.112686 183.626079
88.562544 83.205170 183.828206
89.128692 81.297653 184.030334
89.694840 79.390136 184.232461
90.260988 77.482619 184.434589
90.827136 75.575102 184.636717
91.393284 73.667585 184.838844
91.959432 71.760068 185.040972
92.525580 69.852551 185.243099
93.091728 67.945034 185.445227
93.657876 66.037517 185.647355
94.224024 64.130000 185.849482
94.790172 62.222483 186.051610
95.356320 60.314966 186.253737
95.922468 58.407449 186.455865
96.488616 56.499932 186.657993
97.054763 54.592415 186.860120
97.620911 52.684898 187.062248
98.187059 50.777381 187.264375
98.753207 48.869864 187.466503
99.319355 46.962347 187.668631
99.885503 45.054830 187.870758
100.451651 43.147313 188.072886
101.017799 41.239796 188.275013
101.583947 39.332279 188.477141
102.150095 37.424763 188.679269
102.716243 35.517246 188.881396
103.282391 33.609729 189.083524
103.848539 31.702212 189.285651
104.414687 29.794695 189.487779
104.980835 27.887178 189.689907
105.546983 25.979661 189.892034
106.113130 24.072144 190.094162
106.679278 22.164627 190.296289
107.245426 20.257110 190.498417
107.811574 18.349593 190.700545
108.377722 16.442076 190.902672
108.943870 14.534559 191.104800
109.510018 12.627042 191.306927
110.076166 10.719525 191.509055
110.642314 8.812008 191.711183
-96.232581 184.781298 183.392484
-98.059320 185.215218 184.081496
-99.886059 185.649138 184.770508
-101.712799 186.083058 185.459519
-103.539538 186.516978 186.148531
-105.366277 186.950898 186.837543
-107.193016 187.384818 187.526555
-109.019755 187.818738 188.215567
-110.846495 188.252658 188.904578
-112.673234 188.686578 189.593590
-114.499973 189.120498 190.282602
-116.326712 189.554418 190.971614
-118.153452 189.988338 191.660626
-119.980191 190.422258 192.349637
-121.806930 190.856178 193.038649
-123.633669 191.290098 193.727661
-125.460408 191.724018 194.416673
-127.287148 192.157938 195.105684
-129.113887 192.591858 195.794696
-130.940626 193.025778 196.483708
-132.767365 193.459698 197.172720
-134.594104 193.893618 197.861732
-136.420844 194.327538 198.550743
-138.247583 194.761458 199.239755
-140.074322 195.195378 199.928767
-141.901061 195.629298 200.617779
-143.727801 196.063218 201.306791
-145.554540 196.497138 201.995802
-147.381279 196.931058 202.684814
-149.208018 197.364978 203.373826
-151.034757 197.798898 204.062838
-152.861497 198.232818 204.751850
-154.688236 198.666738 205.440861
-156.514975 199.100658 206.129873
-158.341714 199.534578 206.818885
-160.168454 199.968498 207.507897
-161.995193 200.402418 208.196909
-163.821932 200.836338 208.885920
-165.648671 201.270258 209.574932
-167.475410 201.704178 210.263944
-169.302150 202.138098 210.952956
-171.128889 202.572018 211.641967
-172.955628 203.005938 212.330979
-174.782367 203.439858 213.019991
-176.609107 203.873778 213.709003
-178.435846 204.307698 214.398015
-180.262585 204.741618 215.087026
-182.089324 205.175538 215.776038
-183.916063 205.609458 216.465050
-185.742803 206.043378 217.154062
-187.569542 206.477298 217.843074
-189.396281 206.911219 218.532085
-191.223020 207.345139 219.221097
-193.049759 207.779059 219.910109
-194.876499 208.212979 220.599121
-196.703238 208.646899 221.288133
-198.529977 209.080819 221.977144
-200.356716 209.514739 222.666156
-202.183456 209.948659 223.355168
-204.010195 210.382579 224.044180
-205.836934 210.816499 224.733191
-207.663673 211.250419 225.422203
-209.490412 211.684339 226.111215
-211.317152 212.118259 226.800227
-213.143891 212.552179 227.489239
-214.970630 212.986099 228.178250
-216.797369 213.420019 228.867262
-218.624109 213.853939 229.556274
-220.450848 214.287859 230.245286
-222.277587 214.721779 230.934298
230.289011 -281.093976 168.769138
230.125528 -279.214969 168.103849
229.962046 -277.335963 167.438561
229.798563 -275.456957 166.773273
229.635080 -273.577950 166.107984
229.471597 -271.698944 165.442696
229.308115 -269.819938 164.777408
229.144632 -267.940931 164.112119
228.981149 -266.061925 163.446831
228.817666 -264.182919 162.781542
228.654184 -262.303912 162.116254
228.490701 -260.424906 161.450966
228.327218 -258.545900 160.785677
228.163735 -256.666893 160.120389
228.000252 -254.787887 159.455101
227.836770 -252.908881 158.789812
227.673287 -251.029874 158.124524
227.509804 -249.150868 157.459236
227.346321 -247.271862 156.793947
227.182839 -245.392855 156.128659
227.019356 -243.513849 155.463370
226.855873 -241.634843 154.798082
226.692390 -239.755836 154.132794
226.528908 -237.876830 153.467505
226.365425 -235.997824 152.802217
226.201942 -234.118817 152.136929
226.038459 -232.239811 151.471640
225.874977 -230.360805 150.806352
225.711494 -228.481798 150.141064
225.548011 -226.602792 149.475775
225.384528 -224.723786 148.810487
225.221045 -222.844779 148.145198
225.057563 -220.965773 147.479910
224.894080 -219.086767 146.814622
224.730597 -217.207760 146.149333
224.567114 -215.328754 145.484045
224.403632 -213.449748 144.818757
224.240149 -211.570741 144.153468
224.076666 -209.691735 143.488180
223.913183 -207.812729 142.822892
223.749701 -205.933722 142.157603
223.586218 -204.054716 141.492315
223.422735 -202.175710 140.827026
223.259252 -200.296703 140.161738
223.095770 -198.417697 139.496450
222.932287 -196.538691 138.831161
222.768804 -194.659684 138.165873
222.605321 -192.780678 137.500585
222.441839 -190.901672 136.835296
222.278356 -189.022666 136.170008
222.114873 -187.143659 135.504720
221.951390 -185.264653 134.839431
221.787907 -183.385647 134.174143
221.624425 -181.506640 133.508854
221.460942 -179.627634 132.843566
221.297459 -177.748628 132.178278
221.133976 -175.869621 131.512989
220.970494 -173.990615 130.847701
220.807011 -172.111609 130.182413
220.643528 -170.232602 129.517124
220.480045 -168.353596 128.851836
220.316563 -166.474590 128.186548
220.153080 -164.595583 127.521259
219.989597 -162.716577 126.855971
219.826114 -160.837571 126.190682
219.662632 -158.958564 125.525394
219.499149 -157.079558 124.860106
219.335666 -155.200552 124.194817
219.172183 -153.321545 123.529529
219.008701 -151.442539 122.864241
-214.674706 150.212235 240.349724
-215.152485 151.602541 238.993709
-215.630263 152.992847 237.637694
-216.108042 154.383153 236.281679
-216.585820 155.773459 234.925664
-217.063599 157.163765 233.569649
-217.541377 158.554071 232.213634
-218.019156 159.944377 230.857618
-218.496934 161.334683 229.501603
-218.974713 162.724989 228.145588
-219.452491 164.115295 226.789573
-219.930270 165.505601 225.433558
-220.408048 166.895907 224.077543
-220.885826 168.286212 222.721528
-221.363605 169.676518 221.365512
-221.841383 171.066824 220.009497
-222.319162 172.457130 218.653482
-222.796940 173.847436 217.297467
-223.274719 175.237742 215.941452
-223.752497 176.628048 214.585437
-224.230276 178.018354 213.229422
-224.708054 179.408660 211.873406
-225.185833 180.798966 210.517391
-225.663611 182.189272 209.161376
-226.141389 183.579578 207.805361
-226.619168 184.969884 206.449346
-227.096946 186.360190 205.093331
-227.574725 187.750496 203.737316
-228.052503 189.140802 202.381300
-228.530282 190.531108 201.025285
-229.008060 191.921414 199.669270
-229.485839 193.311720 198.313255
-229.963617 194.702026 196.957240
-230.441396 196.092332 195.601225
-230.919174 197.482638 194.245210
-231.396952 198.872944 192.889194
-231.874731 200.263250 191.533179
-232.352509 201.653556 190.177164
-232.830288 203.043862 188.821149
-233.308066 204.434168 187.465134
-233.785845 205.824474 186.109119
-234.263623 207.214780 184.753104
-234.741402 208.605086 183.397088
-235.219180 209.995391 182.041073
-235.696959 211.385697 180.685058
-236.174737 212.776003 179.329043
-236.652515 214.166309 177.973028
-237.130294 215.556615 176.617013
-237.608072 216.946921 175.260998
-238.085851 218.337227 173.904982
-238.563629 219.727533 172.548967
-239.041408 221.117839 171.192952
-239.519186 222.508145 169.836937
-239.996965 223.898451 168.480922
-240.474743 225.288757 167.124907
-240.952522 226.679063 165.768892
-241.430300 228.069369 164.412876
-241.908079 229.459675 163.056861
-242.385857 230.849981 161.700846
-242.863635 232.240287 160.344831
-243.341414 233.630593 158.988816
-243.819192 235.020899 157.632801
-244.296971 236.411205 156.276786
-244.774749 237.801511 154.920770
-245.252528 239.191817 153.564755
-245.730306 240.582123 152.208740
-246.208085 241.972429 150.852725
-246.685863 243.362735 149.496710
-247.163642 244.753041 148.140695
-247.641420 246.143347 146.784680
-167.902205 -269.548177 298.869725
-166.854150 -269.145005 297.214723
-165.806094 -268.741833 295.559721
-164.758038 -268.338661 293.904719
-163.709982 -267.935489 292.249717
-162.661927 -267.532317 290.594715
-161.613871 -267.129145 288.939713
-160.565815 -266.725973 287.284711
-159.517759 -266.322801 285.629709
-158.469704 -265.919629 283.974707
-157.421648 -265.516457 282.319705
-156.373592 -265.113285 280.664703
-155.325536 -264.710113 279.009701
-154.277480 -264.306941 277.354699
-153.229425 -263.903769 275.699697
-152.181369 -263.500597 274.044695
-151.133313 -263.097425 272.389693
-150.085257 -262.694253 270.734691
-149.037202 -262.291081 269.079689
-147.989146 -261.887909 267.424687
-146.941090 -261.484737 265.769685
-145.893034 -261.081565 264.114684
-144.844979 -260.678393 262.459682
-143.796923 -260.275221 260.804680
-142.748867 -259.872049 259.149678
-141.700811 -259.468877 257.494676
-140.652756 -259.065705 255.839674
-139.604700 -258.662533 254.184672
-138.556644 -258.259361 252.529670
-137.508588 -257.856189 250.874668
-136.460533 -257.453017 249.219666
-135.412477 -257.049845 247.564664
-134.364421 -256.646673 245.909662
-133.316365 -256.243501 244.254660
-132.268310 -255.840329 242.599658
-131.220254 -255.437157 240.944656
-130.172198 -255.033985 239.289654
-129.124142 -254.630813 237.634652
-128.076087 -254.227641 235.979650
-127.028031 -253.824469 234.324648
-125.979975 -253.421297 232.669646
-124.931919 -253.018125 231.014644
-123.883864 -252.614953 229.359642
-122.835808 -252.211781 227.704640
-121.787752 -251.808609 226.049638
-120.739696 -251.405437 224.394637
-119.691641 -251.002265 222.739635
-118.643585 -250.599093 221.084633
-117.595529 -250.195921 219.429631
-116.547473 -249.792749 217.774629
-115.499418 -249.389577 216.119627
-114.451362 -248.986405 214.464625
-113.403306 -248.583233 212.809623
-112.355250 -248.180061 211.154621
-111.307195 -247.776889 209.499619
-110.259139 -247.373717 207.844617
-109.211083 -246.970545 206.189615
-108.163027 -246.567373 204.534613
-107.114972 -246.164201 202.879611
-106.066916 -245.761029 201.224609
-105.018860 -245.357857 199.569607
-103.970804 -244.954685 197.914605
-102.922749 -244.551513 196.259603
-101.874693 -244.148341 194.604601
-100.826637 -243.745169 192.949599
-99.778581 -243.341997 191.294597
-98.730526 -242.938825 189.639595
-97.682470 -242.535653 187.984593
-96.634414 -242.132481 186.329592
-95.586358 -241.729309 184.674590
97.220900 6.687764 136.604412
96.173104 8.065845 135.602904
95.125309 9.443926 134.601397
94.077513 10.822007 133.599889
93.029717 12.200088 132.598382
91.981922 13.578169 131.596874
90.934126 14.956250 130.595367
89.886330 16.334330 129.593860
88.838534 17.712411 128.592352
87.790739 19.090492 127.590845
86.742943 20.468573 126.589337
85.695147 21.846654 125.587830
84.647352 23.224735 124.586322
83.599556 24.602816 123.584815
82.551760 25.980897 122.583308
81.503965 27.358978 121.581800
80.456169 28.737059 120.580293
79.408373 30.115140 119.578785
78.360577 31.493221 118.577278
77.312782 32.871302 117.575770
76.264986 34.249383 116.574263
75.217190 35.627463 115.572756
74.169395 37.005544 114.571248
73.121599 38.383625 113.569741
72.073803 39.761706 112.568233
71.026008 41.139787 111.566726
69.978212 42.517868 110.565218
68.930416 43.895949 109.563711
67.882621 45.274030 108.562203
66.834825 46.652111 107.560696
65.787029 48.030192 106.559189
64.739233 49.408273 105.557681
63.691438 50.786354 104.556174
62.643642 52.164435 103.554666
61.595846 53.542515 102.553159
60.548051 54.920596 101.551651
59.500255 56.298677 100.550144
58.452459 57.676758 99.548637
57.404664 59.054839 98.547129
56.356868 60.432920 97.545622
55.309072 61.811001 96.544114
54.261277 63.189082 95.542607
53.213481 64.567163 94.541099
52.165685 65.945244 93.539592
51.117889 67.323325 92.538085
50.070094 68.701406 91.536577
49.022298 70.079487 90.535070
47.974502 71.457568 89.533562
46.926707 72.835648 88.532055
45.878911 74.213729 87.530547
44.831115 75.591810 86.529040
43.783320 76.969891 85.527532
42.735524 78.347972 84.526025
41.687728 79.726053 83.524518
40.639932 81.104134 82.523010
39.592137 82.482215 81.521503
38.544341 83.860296 80.519995
37.496545 85.238377 79.518488
36.448750 86.616458 78.516980
35.400954 87.994539 77.515473
34.353158 89.372620 76.513966
33.305363 90.750701 75.512458
32.257567 92.128781 74.510951
31.209771 93.506862 73.509443
30.161976 94.884943 72.507936
29.114180 96.263024 71.506428
28.066384 97.641105 70.504921
27.018588 99.019186 69.503414
25.970793 100.397267 68.501906
24.922997 101.775348 67.500399
-14.087984 28.784437 157.125163
-14.284913 28.320543 159.060626
-14.481842 27.856648 160.996090
-14.678771 27.392753 162.931554
-14.875699 26.928858 164.867018
-15.072628 26.464963 166.802482
-15.269557 26.001069 168.737946
-15.466486 25.537174 170.673410
-15.663415 25.073279 172.608874
-15.860344 24.609384 174.544338
-16.057273 24.145489 176.479802
-16.254202 23.681594 178.415266
-16.451131 23.217700 180.350730
-16.648060 22.753805 182.286194
-16.844988 22.289910 184.221657
-17.041917 21.826015 186.157121
-17.238846 21.362120 188.092585
-17.435775 20.898226 190.028049
-17.632704 20.434331 191.963513
-17.829633 19.970436 193.898977
-18.026562 19.506541 195.834441
-18.223491 19.042646 197.769905
-18.420420 18.578751 199.705369
-18.617349 18.114857 201.640833
-18.814278 17.650962 203.576297
-19.011206 17.187067 205.511761
-19.208135 16.723172 207.447225
-19.405064 16.259277 209.382689
-19.601993 15.795383 211.318152
-19.798922 15.331488 213.253616
-19.995851 14.867593 215.189080
-20.192780 14.403698 217.124544
-20.389709 13.939803 219.060008
-20.586638 13.475908 220.995472
-20.783567 13.012014 222.930936
-20.980495 12.548119 224.866400
-21.177424 12.084224 226.801864
-21.374353 11.620329 228.737328
-21.571282 11.156434 230.672792
-21.768211 10.692539 232.608256
-21.965140 10.228645 234.543720
-22.162069 9.764750 236.479183
-22.358998 9.300855 238.414647
-22.555927 8.836960 240.350111
-22.752856 8.373065 242.285575
-22.949784 7.909171 244.221039
-23.146713 7.445276 246.156503
-23.343642 6.981381 248.091967
-23.540571 6.517486 250.027431
-23.737500 6.053591 251.962895
-23.934429 5.589696 253.898359
-24.131358 5.125802 255.833823
-24.328287 4.661907 257.769287
-24.525216 4.198012 259.704751
-24.722145 3.734117 261.640214
-24.919074 3.270222 263.575678
-25.116002 2.806328 265.511142
-25.312931 2.342433 267.446606
-25.509860 1.878538 269.382070
-25.706789 1.414643 271.317534
-25.903718 0.950748 273.252998
-26.100647 0.486853 275.188462
-26.297576 0.022959 277.123926
-26.494505 -0.440936 279.059390
-26.691434 -0.904831 280.994854
-26.888363 -1.368726 282.930318
-27.085291 -1.832621 284.865782
-27.282220 -2.296516 286.801245
-27.479149 -2.760410 288.736709
-27.676078 -3.224305 290.672173
-72.521863 126.907621 -134.236877
-71.580215 125.741062 -132.913079
-70.638568 124.574503 -131.589282
-69.696920 123.407944 -130.265484
-68.755272 122.241385 -128.941687
-67.813624 121.074826 -127.617889
-66.871976 119.908267 -126.294092
-65.930329 118.741708 -124.970295
-64.988681 117.575149 -123.646497
-64.047033 116.408590 -122.322700
-63.105385 115.242031 -120.998902
-62.163737 114.075472 -119.675105
-61.222089 112.908914 -118.351307
-60.280442 111.742355 -117.027510
-59.338794 110.575796 -115.703713
-58.397146 109.409237 -114.379915
-57.455498 108.242678 -113.056118
-56.513850 107.076119 -111.732320
-55.572203 105.909560 -110.408523
-54.630555 104.743001 -109.084725
-53.688907 103.576442 -107.760928
-52.747259 102.409883 -106.437130
-51.805611 101.243324 -105.113333
-50.863963 100.076765 -103.789536
-49.922316 98.910206 -102.465738
-48.980668 97.743647 -101.141941
-48.039020 96.577089 -99.818143
-47.097372 95.410530 -98.494346
-46.155724 94.243971 -97.170548
-45.214076 93.077412 -95.846751
-44.272429 91.910853 -94.522954
-43.330781 90.744294 -93.199156
-42.389133 89.577735 -91.875359
-41.447485 88.411176 -90.551561
-40.505837 87.244617 -89.227764
-39.564190 86.078058 -87.903966
-38.622542 84.911499 -86.580169
-37.680894 83.744940 -85.256372
-36.739246 82.578381 -83.932574
-35.797598 81.411822 -82.608777
-34.855950 80.245264 -81.284979
-33.914303 79.078705 -79.961182
-32.972655 77.912146 -78.637384
-32.031007 76.745587 -77.313587
-31.089359 75.579028 -75.989790
-30.147711 74.412469 -74.665992
-29.206063 73.245910 -73.342195
-28.264416 72.079351 -72.018397
-27.322768 70.912792 -70.694600
-26.381120 69.746233 -69.370802
-25.439472 68.579674 -68.047005
-24.497824 67.413115 -66.723207
-23.556177 66.246556 -65.399410
-22.614529 65.079997 -64.075613
-21.672881 63.913439 -62.751815
-20.731233 62.746880 -61.428018
-19.789585 61.580321 -60.104220
-18.847937 60.413762 -58.780423
-17.906290 59.247203 -57.456625
-16.964642 58.080644 -56.132828
-16.022994 56.914085 -54.809031
-15.081346 55.747526 -53.485233
-14.139698 54.580967 -52.161436
-13.198051 53.414408 -50.837638
-12.256403 52.247849 -49.513841
-11.314755 51.081290 -48.190043
-10.373107 49.914731 -46.866246
-9.431459 48.748172 -45.542449
-8.489811 47.581614 -44.218651
-7.548164 46.415055 -42.894854
47.444931 152.414994 145.974207
46.349140 150.745560 145.863603
45.253349 149.076126 145.752999
44.157558 147.406693 145.642395
43.061767 145.737259 145.531791
41.965976 144.067825 145.421188
40.870185 142.398392 145.310584
39.774394 140.728958 145.199980
38.678603 139.059524 145.089376
37.582812 137.390091 144.978772
36.487021 135.720657 144.868169
35.391230 134.051223 144.757565
34.295439 132.381790 144.646961
33.199648 130.712356 144.536357
32.103857 129.042922 144.425753
31.008066 127.373489 144.315150
29.912275 125.704055 144.204546
28.816484 124.034621 144.093942
27.720693 122.365188 143.983338
26.624902 120.695754 143.872734
25.529111 119.026320 143.762131
24.433319 117.356887 143.651527
23.337528 115.687453 143.540923
22.241737 114.018019 143.430319
21.145946 112.348586 143.319716
20.050155 110.679152 143.209112
18.954364 109.009718 143.098508
17.858573 107.340284 142.987904
16.762782 105.670851 142.877300
15.666991 104.001417 142.766697
14.571200 102.331983 142.656093
13.475409 100.662550 142.545489
12.379618 98.993116 142.434885
11.283827 97.323682 142.324281
10.188036 95.654249 142.213678
9.092245 93.984815 142.103074
7.996454 92.315381 141.992470
6.900663 90.645948 141.881866
5.804872 88.976514 141.771262
4.709081 87.307080 141.660659
3.613290 85.637647 141.550055
2.517499 83.968213 141.439451
1.421708 82.298779 141.328847
0.325917 80.629346 141.218243
-0.769874 78.959912 141.107640
-1.865665 77.290478 140.997036
-2.961456 75.621045 140.886432
-4.057248 73.951611 140.775828
-5.153039 72.282177 140.665224
-6.248830 70.612744 140.554621
-7.344621 68.943310 140.444017
-8.440412 67.273876 140.333413
-9.536203 65.604443 140.222809
-10.631994 63.935009 140.112205
-11.727785 62.265575 140.001602
-12.823576 60.596142 139.890998
-13.919367 58.926708 139.780394
-15.015158 57.257274 139.669790
-16.110949 55.587841 139.559186
-17.206740 53.918407 139.448583
-18.302531 52.248973 139.337979
-19.398322 50.579540 139.227375
-20.494113 48.910106 139.116771
-21.589904 47.240672 139.006167
-22.685695 45.571238 138.895564
-23.781486 43.901805 138.784960
-24.877277 42.232371 138.674356
-25.973068 40.562937 138.563752
-27.068859 38.893504 138.453148
-28.164650 37.224070 138.342545
96.763357 220.495659 244.346607
95.818222 220.694322 242.595250
94.873087 220.892985 240.843893
93.927951 221.091647 239.092536
92.982816 221.290310 237.341178
92.037681 221.488973 235.589821
91.092546 221.687636 233.838464
90.147410 221.886298 232.087106
89.202275 222.084961 230.335749
88.257140 222.283624 228.584392
87.312004 222.482287 226.833034
86.366869 222.680949 225.081677
85.421734 222.879612 223.330320
84.476599 223.078275 221.578962
83.531463 223.276937 219.827605
82.586328 223.475600 218.076248
81.641193 223.674263 216.324890
80.696057 223.872926 214.573533
79.750922 224.071588 212.822176
78.805787 224.270251 211.070819
77.860652 224.468914 209.319461
76.915516 224.667577 207.568104
75.970381 224.866239 205.816747
75.025246 225.064902 204.065389
74.080111 225.263565 202.314032
73.134975 225.462227 200.562675
72.189840 225.660890 198.811317
71.244705 225.859553 197.059960
70.299569 226.058216 195.308603
69.354434 226.256878 193.557245
68.409299 226.455541 191.805888
67.464164 226.654204 190.054531
66.519028 226.852867 188.303174
65.573893 227.051529 186.551816
64.628758 227.250192 184.800459
63.683622 227.448855 183.049102
62.738487 227.647517 181.297744
61.793352 227.846180 179.546387
60.848217 228.044843 177.795030
59.903081 228.243506 176.043672
58.957946 228.442168 174.292315
58.012811 228.640831 172.540958
57.067675 228.839494 170.789600
56.122540 229.038157 169.038243
55.177405 229.236819 167.286886
54.232270 229.435482 165.535529
53.287134 229.634145 163.784171
52.341999 229.832807 162.032814
51.396864 230.031470 160.281457
50.451729 230.230133 158.530099
49.506593 230.428796 156.778742
48.561458 230.627458 155.027385
47.616323 230.826121 153.276027
46.671187 231.024784 151.524670
45.726052 231.223446 149.773313
44.780917 231.422109 148.021955
43.835782 231.620772 146.270598
42.890646 231.819435 144.519241
41.945511 232.018097 142.767883
41.000376 232.216760 141.016526
40.055240 232.415423 139.265169
39.110105 232.614086 137.513812
38.164970 232.812748 135.762454
37.219835 233.011411 134.011097
36.274699 233.210074 132.259740
35.329564 233.408736 130.508382
34.384429 233.607399 128.757025
33.439294 233.806062 127.005668
32.494158 234.004725 125.254310
31.549023 234.203387 123.502953
-187.614484 105.443472 112.690143
-186.067126 106.636151 112.262125
-184.519769 107.828831 111.834107
-182.972411 109.021510 111.406088
-181.425053 110.214190 110.978070
-179.877695 111.406869 110.550051
-178.330338 112.599549 110.122033
-176.782980 113.792228 109.694014
-175.235622 114.984908 109.265996
-173.688264 116.177587 108.837977
-172.140907 117.370266 108.409959
-170.593549 118.562946 107.981941
-169.046191 119.755625 107.553922
-167.498834 120.948305 107.125904
-165.951476 122.140984 106.697885
-164.404118 123.333664 106.269867
-162.856760 124.526343 105.841848
-161.309403 125.719023 105.413830
-159.762045 126.911702 104.985811
-158.214687 128.104382 104.557793
-156.667330 129.297061 104.129775
-155.119972 130.489741 103.701756
-153.572614 131.682420 103.273738
-152.025256 132.875099 102.845719
-150.477899 134.067779 102.417701
-148.930541 135.260458 101.989682
-147.383183 136.453138 101.561664
-145.835826 137.645817 101.133645
-144.288468 138.838497 100.705627
-142.741110 140.031176 100.277609
-141.193752 141.223856 99.849590
-139.646395 142.416535 99.421572
-138.099037 143.609215 98.993553
-136.551679 144.801894 98.565535
-135.004321 145.994574 98.137516
-133.456964 147.187253 97.709498
-131.909606 148.379932 97.281479
-130.362248 149.572612 96.853461
-128.814891 150.765291 96.425443
-127.267533 151.957971 95.997424
-125.720175 153.150650 95.569406
-124.172817 154.343330 95.141387
-122.625460 155.536009 94.713369
-121.078102 156.728689 94.285350
-119.530744 157.921368 93.857332
-117.983387 159.114048 93.429313
-116.436029 160.306727 93.001295
-114.888671 161.499407 92.573277
-113.341313 162.692086 92.145258
-111.793956 163.884765 91.717240
-110.246598 165.077445 91.289221
-108.699240 166.270124 90.861203
-107.151883 167.462804 90.433184
-105.604525 168.655483 90.005166
-104.057167 169.848163 89.577147
-102.509809 171.040842 89.149129
-100.962452 172.233522 88.721111
-99.415094 173.426201 88.293092
-97.867736 174.618881 87.865074
-96.320378 175.811560 87.437055
-94.773021 177.004240 87.009037
-93.225663 178.196919 86.581018
-91.678305 179.389598 86.153000
-90.130948 180.582278 85.724981
-88.583590 181.774957 85.296963
-87.036232 182.967637 84.868945
-85.488874 184.160316 84.440926
-83.941517 185.352996 84.012908
-82.394159 186.545675 83.584889
-80.846801 187.738355 83.156871
9.925944 -159.973596 208.392867
8.383910 -160.156328 209.653319
6.841875 -160.339060 210.913771
5.299841 -160.521793 212.174223
3.757807 -160.704525 213.434675
2.215772 -160.887257 214.695127
0.673738 -161.069989 215.955579
-0.868296 -161.252721 217.216030
-2.410331 -161.435453 218.476482
-3.952365 -161.618185 219.736934
-5.494399 -161.800917 220.997386
-7.036434 -161.983649 222.257838
-8.578468 -162.166381 223.518290
-10.120502 -162.349113 224.778742
-11.662537 -162.531845 226.039194
-13.204571 -162.714577 227.299646
-14.746605 -162.897309 228.560098
-16.288640 -163.080041 229.820550
-17.830674 -163.262773 231.081002
-19.372708 -163.445505 232.341454
-20.914743 -163.628237 233.601906
-22.456777 -163.810969 234.862358
-23.998811 -163.993701 236.122810
-25.540846 -164.176433 237.383262
-27.082880 -164.359165 238.643714
-28.624914 -164.541897 239.904166
-30.166949 -164.724629 241.164618
-31.708983 -164.907362 242.425070
-33.251017 -165.090094 243.685521
-34.793052 -165.272826 244.945973
-36.335086 -165.455558 246.206425
-37.877120 -165.638290 247.466877
-39.419155 -165.821022 248.727329
-40.961189 -166.003754 249.987781
-42.503223 -166.186486 251.248233
-44.045258 -166.369218 252.508685
-45.587292 -166.551950 253.769137
-47.129326 -166.734682 255.029589
-48.671361 -166.917414 256.290041
-50.213395 -167.100146 257.550493
-51.755429 -167.282878 258.810945
-53.297464 -167.465610 260.071397
-54.839498 -167.648342 261.331849
-56.381532 -167.831074 262.592301
-57.923567 -168.013806 263.852753
-59.465601 -168.196538 265.113205
-61.007635 -168.379270 266.373657
-62.549670 -168.562002 267.634109
-64.091704 -168.744734 268.894560
-65.633738 -168.927466 270.155012
-67.175773 -169.110198 271.415464
-68.717807 -169.292931 272.675916
-70.259841 -169.475663 273.936368
-71.801876 -169.658395 275.196820
-73.343910 -169.841127 276.457272
-74.885944 -170.023859 277.717724
-76.427979 -170.206591 278.978176
-77.970013 -170.389323 280.238628
-79.512047 -170.572055 281.499080
-81.054082 -170.754787 282.759532
-82.596116 -170.937519 284.019984
-84.138150 -171.120251 285.280436
-85.680185 -171.302983 286.540888
-87.222219 -171.485715 287.801340
-88.764253 -171.668447 289.061792
-90.306288 -171.851179 290.322244
-91.848322 -172.033911 291.582696
-93.390356 -172.216643 292.843148
-94.932391 -172.399375 294.103599
-96.474425 -172.582107 295.364051
-211.734798 172.121295 104.648786
-212.161567 170.650972 105.935649
-212.588335 169.180649 107.222513
-213.015104 167.710326 108.509377
-213.441872 166.240003 109.796241
-213.868641 164.769679 111.083104
-214.295409 163.299356 112.369968
-214.722178 161.829033 113.656832
-215.148946 160.358710 114.943696
-215.575715 158.888387 116.230559
-216.002483 157.418063 117.517423
-216.429252 155.947740 118.804287
-216.856021 154.477417 120.091151
-217.282789 153.007094 121.378014
-217.709558 151.536771 122.664878
-218.136326 150.066447 123.951742
-218.563095 148.596124 125.238606
-218.989863 147.125801 126.525469
-219.416632 145.655478 127.812333
-219.843400 144.185154 129.099197
-220.270169 142.714831 130.386061
-220.696937 141.244508 131.672924
-221.123706 139.774185 132.959788
-221.550474 138.303862 134.246652
-221.977243 136.833538 135.533515
-222.404011 135.363215 136.820379
-222.830780 133.892892 138.107243
-223.257548 132.422569 139.394107
-223.684317 130.952246 140.680970
-224.111085 129.481922 141.967834
-224.537854 128.011599 143.254698
-224.964622 126.541276 144.541562
-225.391391 125.070953 145.828425
-225.818159 123.600630 147.115289
-226.244928 122.130306 148.402153
-226.671696 120.659983 149.689017
-227.098465 119.189660 150.975880
-227.525233 117.719337 152.262744
-227.952002 116.249014 153.549608
-228.378771 114.778690 154.836472
-228.805539 113.308367 156.123335
-229.232308 111.838044 157.410199
-229.659076 110.367721 158.697063
-230.085845 108.897397 159.983927
-230.512613 107.427074 161.270790
-230.939382 105.956751 162.557654
-231.366150 104.486428 163.844518
-231.792919 103.016105 165.131382
-232.219687 101.545781 166.418245
-232.646456 100.075458 167.705109
-233.073224 98.605135 168.991973
-233.499993 97.134812 170.278837
-233.926761 95.664489 171.565700
-234.353530 94.194165 172.852564
-234.780298 92.723842 174.139428
-235.207067 91.253519 175.426292
-235.633835 89.783196 176.713155
-236.060604 88.312873 178.000019
-236.487372 86.842549 179.286883
-236.914141 85.372226 180.573747
-237.340909 83.901903 181.860610
-237.767678 82.431580 183.147474
-238.194446 80.961257 184.434338
-238.621215 79.490933 185.721202
-239.047983 78.020610 187.008065
-239.474752 76.550287 188.294929
-239.901521 75.079964 189.581793
-240.328289 73.609640 190.868656
-240.755058 72.139317 192.155520
-241.181826 70.668994 193.442384
167.691447 -231.475777 -152.157785
166.176964 -232.232135 -151.092766
164.662482 -232.988493 -150.027747
163.147999 -233.744851 -148.962729
161.633516 -234.501209 -147.897710
160.119034 -235.257567 -146.832691
158.604551 -236.013925 -145.767673
157.090068 -236.770283 -144.702654
155.575586 -237.526641 -143.637635
154.061103 -238.282999 -142.572617
152.546620 -239.039357 -141.507598
151.032137 -239.795715 -140.442579
149.517655 -240.552073 -139.377561
148.003172 -241.308431 -138.312542
146.488689 -242.064789 -137.247523
144.974207 -242.821147 -136.182505
143.459724 -243.577505 -135.117486
141.945241 -244.333863 -134.052467
140.430759 -245.090221 -132.987449
138.916276 -245.846579 -131.922430
137.401793 -246.602937 -130.857411
135.887310 -247.359295 -129.792393
134.372828 -248.115653 -128.727374
132.858345 -248.872011 -127.662355
131.343862 -249.628369 -126.597336
129.829380 -250.384726 -125.532318
128.314897 -251.141084 -124.467299
126.800414 -251.897442 -123.402280
125.285932 -252.653800 -122.337262
123.771449 -253.410158 -121.272243
122.256966 -254.166516 -120.207224
120.742483 -254.922874 -119.142206
119.228001 -255.679232 -118.077187
117.713518 -256.435590 -117.012168
116.199035 -257.191948 -115.947150
114.684553 -257.948306 -114.882131
113.170070 -258.704664 -113.817112
111.655587 -259.461022 -112.752094
110.141105 -260.217380 -111.687075
108.626622 -260.973738 -110.622056
107.112139 -261.730096 -109.557038
105.597656 -262.486454 -108.492019
104.083174 -263.242812 -107.427000
102.568691 -263.999170 -106.361982
101.054208 -264.755528 -105.296963
99.539726 -265.511886 -104.231944
98.025243 -266.268244 -103.166926
96.510760 -267.024602 -102.101907
94.996278 -267.780960 -101.036888
93.481795 -268.537318 -99.971870
91.967312 -269.293676 -98.906851
90.452829 -270.050034 -97.841832
88.938347 -270.806392 -96.776814
87.423864 -271.562750 -95.711795
85.909381 -272.319107 -94.646776
84.394899 -273.075465 -93.581758
82.880416 -273.831823 -92.516739
81.365933 -274.588181 -91.451720
79.851450 -275.344539 -90.386702
78.336968 -276.100897 -89.321683
76.822485 -276.857255 -88.256664
75.308002 -277.613613 -87.191646
73.793520 -278.369971 -86.126627
72.279037 -279.126329 -85.061608
70.764554 -279.882687 -83.996590
69.250072 -280.639045 -82.931571
67.735589 -281.395403 -81.866552
66.221106 -282.151761 -80.801534
64.706623 -282.908119 -79.736515
63.192141 -283.664477 -78.671496
-93.533421 68.224049 -260.194021
-92.380445 66.681006 -260.732225
-91.227469 65.137963 -261.270429
-90.074493 63.594919 -261.808633
-88.921517 62.051876 -262.346837
-87.768540 60.508833 -262.885041
-86.615564 58.965789 -263.423245
-85.462588 57.422746 -263.961449
-84.309612 55.879703 -264.499653
-83.156636 54.336660 -265.037857
-82.003660 52.793616 -265.576061
-80.850684 51.250573 -266.114265
-79.697708 49.707530 -266.652469
-78.544732 48.164486 -267.190673
-77.391756 46.621443 -267.728878
-76.238780 45.078400 -268.267082
-75.085804 43.535357 -268.805286
-73.932828 41.992313 -269.343490
-72.779851 40.449270 -269.881694
-71.626875 38.906227 -270.419898
-70.473899 37.363183 -270.958102
-69.320923 35.820140 -271.496306
-68.167947 34.277097 -272.034510
-67.014971 32.734053 -272.572714
-65.861995 31.191010 -273.110918
-64.709019 29.647967 -273.649122
-63.556043 28.104924 -274.187326
-62.403067 26.561880 -274.725530
-61.250091 25.018837 -275.263734
-60.097115 23.475794 -275.801938
-58.944138 21.932750 -276.340142
-57.791162 20.389707 -276.878346
-56.638186 18.846664 -277.416550
-55.485210 17.303621 -277.954754
-54.332234 15.760577 -278.492958
-53.179258 14.217534 -279.031162
-52.026282 12.674491 -279.569366
-50.873306 11.131447 -280.107570
-49.720330 9.588404 -280.645774
-48.567354 8.045361 -281.183978
-47.414378 6.502318 -281.722182
-46.261402 4.959274 -282.260386
-45.108426 3.416231 -282.798590
-43.955449 1.873188 -283.336794
-42.802473 0.330144 -283.874998
-41.649497 -1.212899 -284.413202
-40.496521 -2.755942 -284.951406
-39.343545 -4.298986 -285.489610
-38.190569 -5.842029 -286.027814
-37.037593 -7.385072 -286.566018
-35.884617 -8.928115 -287.104222
-34.731641 -10.471159 -287.642426
-33.578665 -12.014202 -288.180630
-32.425689 -13.557245 -288.718834
-31.272713 -15.100289 -289.257038
-30.119736 -16.643332 -289.795242
-28.966760 -18.186375 -290.333446
-27.813784 -19.729418 -290.871650
-26.660808 -21.272462 -291.409854
-25.507832 -22.815505 -291.948058
-24.354856 -24.358548 -292.486262
-23.201880 -25.901592 -293.024466
-22.048904 -27.444635 -293.562670
-20.895928 -28.987678 -294.100874
-19.742952 -30.530721 -294.639078
-18.589976 -32.073765 -295.177282
-17.437000 -33.616808 -295.715486
-16.284024 -35.159851 -296.253690
-15.131047 -36.702895 -296.791894
-13.978071 -38.245938 -297.330098
125.714377 -197.383420 -267.465827
127.704479 -197.537625 -267.340468
129.694581 -197.691830 -267.215110
131.684683 -197.846034 -267.089751
133.674785 -198.000239 -266.964393
135.664888 -198.154444 -266.839034
137.654990 -198.308649 -266.713676
139.645092 -198.462853 -266.588317
141.635194 -198.617058 -266.462959
143.625296 -198.771263 -266.337600
145.615398 -198.925467 -266.212242
147.605500 -199.079672 -266.086883
149.595602 -199.233877 -265.961525
151.585704 -199.388082 -265.836166
153.575806 -199.542286 -265.710808
155.565908 -199.696491 -265.585449
157.556010 -199.850696 -265.460091
159.546112 -200.004900 -265.334732
161.536214 -200.159105 -265.209374
163.526316 -200.313310 -265.084015
165.516418 -200.467515 -264.958657
167.506520 -200.621719 -264.833298
169.496622 -200.775924 -264.707940
171.486724 -200.930129 -264.582581
173.476826 -201.084333 -264.457223
175.466928 -201.238538 -264.331864
177.457030 -201.392743 -264.206506
179.447133 -201.546948 -264.081147
181.437235 -201.701152 -263.955789
183.427337 -201.855357 -263.830430
185.417439 -202.009562 -263.705072
187.407541 -202.163766 -263.579713
189.397643 -202.317971 -263.454355
191.387745 -202.472176 -263.328996
193.377847 -202.626381 -263.203638
195.367949 -202.780585 -263.078279
197.358051 -202.934790 -262.952921
199.348153 -203.088995 -262.827562
201.338255 -203.243199 -262.702204
203.328357 -203.397404 -262.576845
205.318459 -203.551609 -262.451487
207.308561 -203.705814 -262.326128
209.298663 -203.860018 -262.200770
211.288765 -204.014223 -262.075411
213.278867 -204.168428 -261.950053
215.268969 -204.322632 -261.824694
217.259071 -204.476837 -261.699336
219.249173 -204.631042 -261.573977
221.239275 -204.785247 -261.448619
223.229378 -204.939451 -261.323260
225.219480 -205.093656 -261.197902
227.209582 -205.247861 -261.072543
229.199684 -205.402065 -260.947185
231.189786 -205.556270 -260.821826
233.179888 -205.710475 -260.696468
235.169990 -205.864680 -260.571109
237.160092 -206.018884 -260.445751
239.150194 -206.173089 -260.320392
241.140296 -206.327294 -260.195034
243.130398 -206.481498 -260.069675
245.120500 -206.635703 -259.944317
247.110602 -206.789908 -259.818958
249.100704 -206.944113 -259.693600
251.090806 -207.098317 -259.568241
253.080908 -207.252522 -259.442883
255.071010 -207.406727 -259.317524
257.061112 -207.560931 -259.192166
259.051214 -207.715136 -259.066807
261.041316 -207.869341 -258.941449
263.031418 -208.023546 -258.816090
237.606582 -9.581584 24.712336
236.839176 -11.166329 23.763825
236.071770 -12.751073 22.815314
235.304364 -14.335817 21.866803
234.536957 -15.920562 20.918292
233.769551 -17.505306 19.969781
233.002145 -19.090050 19.021270
232.234738 -20.674794 18.072759
231.467332 -22.259539 17.124248
230.699926 -23.844283 16.175737
229.932520 -25.429027 15.227226
229.165113 -27.013772 14.278716
228.397707 -28.598516 13.330205
227.630301 -30.183260 12.381694
226.862894 -31.768005 11.433183
226.095488 -33.352749 10.484672
225.328082 -34.937493 9.536161
224.560676 -36.522238 8.587650
223.793269 -38.106982 7.639139
223.025863 -39.691726 6.690628
222.258457 -41.276470 5.742117
221.491050 -42.861215 4.793606
220.723644 -44.445959 3.845095
219.956238 -46.030703 2.896584
219.188831 -47.615448 1.948073
218.421425 -49.200192 0.999562
217.654019 -50.784936 0.051051
216.886613 -52.369681 -0.897460
216.119206 -53.954425 -1.845971
215.351800 -55.539169 -2.794482
214.584394 -57.123914 -3.742993
213.816987 -58.708658 -4.691504
213.049581 -60.293402 -5.640015
212.282175 -61.878146 -6.588526
211.514769 -63.462891 -7.537037
210.747362 -65.047635 -8.485548
209.979956 -66.632379 -9.434059
209.212550 -68.217124 -10.382570
208.445143 -69.801868 -11.331081
207.677737 -71.386612 -12.279592
206.910331 -72.971357 -13.228103
206.142924 -74.556101 -14.176614
205.375518 -76.140845 -15.125125
204.608112 -77.725590 -16.073636
203.840706 -79.310334 -17.022147
203.073299 -80.895078 -17.970658
202.305893 -82.479822 -18.919169
201.538487 -84.064567 -19.867679
200.771080 -85.649311 -20.816190
200.003674 -87.234055 -21.764701
199.236268 -88.818800 -22.713212
198.468862 -90.403544 -23.661723
197.701455 -91.988288 -24.610234
196.934049 -93.573033 -25.558745
196.166643 -95.157777 -26.507256
195.399236 -96.742521 -27.455767
194.631830 -98.327266 -28.404278
193.864424 -99.912010 -29.352789
193.097018 -101.496754 -30.301300
192.329611 -103.081498 -31.249811
191.562205 -104.666243 -32.198322
190.794799 -106.250987 -33.146833
190.027392 -107.835731 -34.095344
189.259986 -109.420476 -35.043855
188.492580 -111.005220 -35.992366
187.725173 -112.589964 -36.940877
186.957767 -114.174709 -37.889388
186.190361 -115.759453 -38.837899
185.422955 -117.344197 -39.786410
184.655548 -118.928941 -40.734921
251.677636 206.004592 128.314058
251.111434 205.668552 130.202574
250.545232 205.332512 132.091090
249.979030 204.996472 133.979605
249.412828 204.660432 135.868121
248.846626 204.324392 137.756637
248.280424 203.988352 139.645153
247.714222 203.652312 141.533669
247.148020 203.316272 143.422185
246.581818 202.980232 145.310701
246.015616 202.644192 147.199217
245.449415 202.308152 149.087733
244.883213 201.972112 150.976249
244.317011 201.636072 152.864765
243.750809 201.300032 154.753281
243.184607 200.963992 156.641797
242.618405 200.627952 158.530313
242.052203 200.291912 160.418829
241.486001 199.955873 162.307345
240.919799 199.619833 164.195861
240.353597 199.283793 166.084376
239.787395 198.947753 167.972892
239.221193 198.611713 169.861408
238.654991 198.275673 171.749924
238.088789 197.939633 173.638440
237.522587 197.603593 175.526956
236.956385 197.267553 177.415472
236.390183 196.931513 179.303988
235.823981 196.595473 181.192504
235.257779 196.259433 183.081020
234.691577 195.923393 184.969536
234.125375 195.587353 186.858052
233.559173 195.251313 188.746568
232.992971 194.915273 190.635084
232.426769 194.579233 192.523600
231.860567 194.243193 194.412116
231.294365 193.907153 196.300632
230.728163 193.571113 198.189148
230.161961 193.235073 200.077663
229.595759 192.899033 201.966179
229.029557 192.562993 203.854695
228.463355 192.226953 205.743211
227.897153 191.890913 207.631727
227.330951 191.554873 209.520243
226.764749 191.218833 211.408759
226.198547 190.882793 213.297275
225.632345 190.546753 215.185791
225.066143 190.210713 217.074307
224.499941 189.874673 218.962823
223.933739 189.538634 220.851339
223.367537 189.202594 222.739855
222.801335 188.866554 224.628371
222.235134 188.530514 226.516887
221.668932 188.194474 228.405403
221.102730 187.858434 230.293919
220.536528 187.522394 232.182434
219.970326 187.186354 234.070950
219.404124 186.850314 235.959466
218.837922 186.514274 237.847982
218.271720 186.178234 239.736498
217.705518 185.842194 241.625014
217.139316 185.506154 243.513530
216.573114 185.170114 245.402046
216.006912 184.834074 247.290562
215.440710 184.498034 249.179078
214.874508 184.161994 251.067594
214.308306 183.825954 252.956110
213.742104 183.489914 254.844626
213.175902 183.153874 256.733142
212.609700 182.817834 258.621658
-248.874051 -209.708029 -180.812346
-248.279822 -207.919456 -181.481600
-247.685594 -206.130883 -182.150853
-247.091365 -204.342311 -182.820107
-246.497137 -202.553738 -183.489361
-245.902909 -200.765166 -184.158615
-245.308680 -198.976593 -184.827869
-244.714452 -197.188020 -185.497122
-244.120224 -195.399448 -186.166376
-243.525995 -193.610875 -186.835630
-242.931767 -191.822303 -187.504884
-242.337539 -190.033730 -188.174138
-241.743310 -188.245157 -188.843391
-241.149082 -186.456585 -189.512645
-240.554854 -184.668012 -190.181899
-239.960625 -182.879439 -190.851153
-239.366397 -181.090867 -191.520407
-238.772169 -179.302294 -192.189661
-238.177940 -177.513722 -192.858914
-237.583712 -175.725149 -193.528168
-236.989483 -173.936576 -194.197422
-236.395255 -172.148004 -194.866676
-235.801027 -170.359431 -195.535930
-235.206798 -168.570859 -196.205183
-234.612570 -166.782286 -196.874437
-234.018342 -164.993713 -197.543691
-233.424113 -163.205141 -198.212945
-232.829885 -161.416568 -198.882199
-232.235657 -159.627995 -199.551453
-231.641428 -157.839423 -200.220706
-231.047200 -156.050850 -200.889960
-230.452972 -154.262278 -201.559214
-229.858743 -152.473705 -202.228468
-229.264515 -150.685132 -202.897722
-228.670287 -148.896560 -203.566975
-228.076058 -147.107987 -204.236229
-227.481830 -145.319415 -204.905483
-226.887601 -143.530842 -205.574737
-226.293373 -141.742269 -206.243991
-225.699145 -139.953697 -206.913245
-225.104916 -138.165124 -207.582498
-224.510688 -136.376551 -208.251752
-223.916460 -134.587979 -208.921006
-223.322231 -132.799406 -209.590260
-222.728003 -131.010834 -210.259514
-222.133775 -129.222261 -210.928767
-221.539546 -127.433688 -211.598021
-220.945318 -125.645116 -212.267275
-220.351090 -123.856543 -212.936529
-219.756861 -122.067971 -213.605783
-219.162633 -120.279398 -214.275037
-218.568405 -118.490825 -214.944290
-217.974176 -116.702253 -215.613544
-217.379948 -114.913680 -216.282798
-216.785719 -113.125108 -216.952052
-216.191491 -111.336535 -217.621306
-215.597263 -109.547962 -218.290559
-215.003034 -107.759390 -218.959813
-214.408806 -105.970817 -219.629067
-213.814578 -104.182244 -220.298321
-213.220349 -102.393672 -220.967575
-212.626121 -100.605099 -221.636828
-212.031893 -98.816527 -222.306082
-211.437664 -97.027954 -222.975336
-210.843436 -95.239381 -223.644590
-210.249208 -93.450809 -224.313844
-209.654979 -91.662236 -224.983098
-209.060751 -89.873664 -225.652351
-208.466523 -88.085091 -226.321605
-207.872294 -86.296518 -226.990859
-70.752884 -231.745046 25.431447
-69.968645 -230.544754 26.825818
-69.184407 -229.344463 28.220189
-68.400168 -228.144172 29.614560
-67.615930 -226.943880 31.008931
-66.831691 -225.743589 32.403302
-66.047453 -224.543298 33.797673
-65.263214 -223.343006 35.192044
-64.478976 -222.142715 36.586415
-63.694737 -220.942423 37.980786
-62.910499 -219.742132 39.375157
-62.126260 -218.541841 40.769528
-61.342021 -217.341549 42.163899
-60.557783 -216.141258 43.558270
-59.773544 -214.940967 44.952641
-58.989306 -213.740675 46.347012
-58.205067 -212.540384 47.741383
-57.420829 -211.340093 49.135754
-56.636590 -210.139801 50.530125
-55.852352 -208.939510 51.924496
-55.068113 -207.739218 53.318868
-54.283875 -206.538927 54.713239
-53.499636 -205.338636 56.107610
-52.715398 -204.138344 57.501981
-51.931159 -202.938053 58.896352
-51.146921 -201.737762 60.290723
-50.362682 -200.537470 61.685094
-49.578444 -199.337179 63.079465
-48.794205 -198.136887 64.473836
-48.009966 -196.936596 65.868207
-47.225728 -195.736305 67.262578
-46.441489 -194.536013 68.656949
-45.657251 -193.335722 70.051320
-44.873012 -192.135431 71.445691
-44.088774 -190.935139 72.840062
-43.304535 -189.734848 74.234433
-42.520297 -188.534556 75.628804
-41.736058 -187.334265 77.023175
-40.951820 -186.133974 78.417546
-40.167581 -184.933682 79.811917
-39.383343 -183.733391 81.206288
-38.599104 -182.533100 82.600659
-37.814866 -181.332808 83.995030
-37.030627 -180.132517 85.389401
-36.246388 -178.932225 86.783772
-35.462150 -177.731934 88.178143
-34.677911 -176.531643 89.572514
-33.893673 -175.331351 90.966885
-33.109434 -174.131060 92.361256
-32.325196 -172.930769 93.755627
-31.540957 -171.730477 95.149998
-30.756719 -170.530186 96.544369
-29.972480 -169.329894 97.938740
-29.188242 -168.129603 99.333111
-28.404003 -166.929312 100.727482
-27.619765 -165.729020 102.121853
-26.835526 -164.528729 103.516224
-26.051288 -163.328438 104.910595
-25.267049 -162.128146 106.304966
-24.482810 -160.927855 107.699337
-23.698572 -159.727563 109.093708
-22.914333 -158.527272 110.488079
-22.130095 -157.326981 111.882450
-21.345856 -156.126689 113.276821
-20.561618 -154.926398 114.671192
-19.777379 -153.726107 116.065563
-18.993141 -152.525815 117.459934
-18.208902 -151.325524 118.854305
-17.424664 -150.125232 120.248676
-16.640425 -148.924941 121.643047
-60.537870 -143.544246 50.162322
-62.504001 -143.177736 50.161198
-64.470131 -142.811226 50.160074
-66.436262 -142.444716 50.158950
-68.402392 -142.078205 50.157826
-70.368523 -141.711695 50.156702
-72.334653 -141.345185 50.155578
-74.300784 -140.978675 50.154454
-76.266914 -140.612165 50.153329
-78.233045 -140.245655 50.152205
-80.199175 -139.879145 50.151081
-82.165306 -139.512635 50.149957
-84.131436 -139.146125 50.148833
-86.097567 -138.779615 50.147709
-88.063697 -138.413105 50.146585
-90.029828 -138.046595 50.145461
-91.995958 -137.680084 50.144337
-93.962089 -137.313574 50.143213
-95.928219 -136.947064 50.142089
-97.894350 -136.580554 50.140965
-99.860480 -136.214044 50.139841
-101.826611 -135.847534 50.138717
-103.792741 -135.481024 50.137593
-105.758872 -135.114514 50.136469
-107.725002 -134.748004 50.135345
-109.691132 -134.381494 50.134221
-111.657263 -134.014984 50.133097
-113.623393 -133.648473 50.131973
-115.589524 -133.281963 50.130849
-117.555654 -132.915453 50.129725
-119.521785 -132.548943 50.128601
-121.487915 -132.182433 50.127477
-123.454046 -131.815923 50.126353
-125.420176 -131.449413 50.125229
-127.386307 -131.082903 50.124105
-129.352437 -130.716393 50.122981
-131.318568 -130.349883 50.121857
-133.284698 -129.983373 50.120733
-135.250829 -129.616862 50.119609
-137.216959 -129.250352 50.118485
-139.183090 -128.883842 50.117361
-141.149220 -128.517332 50.116237
-143.115351 -128.150822 50.115113
-145.081481 -127.784312 50.113989
-147.047612 -127.417802 50.112865
-149.013742 -127.051292 50.111741
-150.979873 -126.684782 50.110617
-152.946003 -126.318272 50.109493
-154.912134 -125.951762 50.108369
-156.878264 -125.585252 50.107245
-158.844395 -125.218741 50.106121
-160.810525 -124.852231 50.104997
-162.776656 -124.485721 50.103873
-164.742786 -124.119211 50.102749
-166.708917 -123.752701 50.101625
-168.675047 -123.386191 50.100501
-170.641178 -123.019681 50.099377
-172.607308 -122.653171 50.098253
-174.573439 -122.286661 50.097129
-176.539569 -121.920151 50.096005
-178.505700 -121.553641 50.094881
-180.471830 -121.187130 50.093757
-182.437961 -120.820620 50.092633
-184.404091 -120.454110 50.091509
-186.370221 -120.087600 50.090385
-188.336352 -119.721090 50.089261
-190.302482 -119.354580 50.088137
-192.268613 -118.988070 50.087013
-194.234743 -118.621560 50.085889
-196.200874 -118.255050 50.084765
210.494455 -88.837172 -165.813836
208.676370 -89.609776 -165.501350
206.858284 -90.382380 -165.188863
205.040198 -91.154984 -164.876377
203.222113 -91.927587 -164.563891
201.404027 -92.700191 -164.251405
199.585941 -93.472795 -163.938918
197.767856 -94.245399 -163.626432
195.949770 -95.018003 -163.313946
194.131684 -95.790607 -163.001460
192.313599 -96.563211 -162.688973
190.495513 -97.335815 -162.376487
188.677427 -98.108419 -162.064001
186.859342 -98.881023 -161.751515
185.041256 -99.653627 -161.439028
183.223170 -100.426231 -161.126542
181.405085 -101.198835 -160.814056
179.586999 -101.971439 -160.501569
177.768913 -102.744043 -160.189083
175.950828 -103.516647 -159.876597
174.132742 -104.289251 -159.564111
172.314656 -105.061855 -159.251624
170.496571 -105.834459 -158.939138
168.678485 -106.607063 -158.626652
166.860399 -107.379667 -158.314166
165.042314 -108.152270 -158.001679
163.224228 -108.924874 -157.689193
161.406142 -109.697478 -157.376707
159.588057 -110.470082 -157.064221
157.769971 -111.242686 -156.751734
155.951885 -112.015290 -156.439248
154.133800 -112.787894 -156.126762
152.315714 -113.560498 -155.814276
150.497628 -114.333102 -155.501789
148.679543 -115.105706 -155.189303
146.861457 -115.878310 -154.876817
145.043371 -116.650914 -154.564330
143.225286 -117.423518 -154.251844
141.407200 -118.196122 -153.939358
139.589114 -118.968726 -153.626872
137.771029 -119.741330 -153.314385
135.952943 -120.513934 -153.001899
134.134857 -121.286538 -152.689413
132.316772 -122.059142 -152.376927
130.498686 -122.831746 -152.064440
128.680600 -123.604349 -151.751954
126.862515 -124.376953 -151.439468
125.044429 -125.149557 -151.126982
123.226343 -125.922161 -150.814495
121.408258 -126.694765 -150.502009
119.590172 -127.467369 -150.189523
117.772086 -128.239973 -149.877037
115.954001 -129.012577 -149.564550
114.135915 -129.785181 -149.252064
112.317829 -130.557785 -148.939578
110.499744 -131.330389 -148.627091
108.681658 -132.102993 -148.314605
106.863573 -132.875597 -148.002119
105.045487 -133.648201 -147.689633
103.227401 -134.420805 -147.377146
101.409316 -135.193409 -147.064660
99.591230 -135.966013 -146.752174
97.773144 -136.738617 -146.439688
95.955059 -137.511221 -146.127201
94.136973 -138.283825 -145.814715
92.318887 -139.056429 -145.502229
90.500802 -139.829032 -145.189743
88.682716 -140.601636 -144.877256
86.864630 -141.374240 -144.564770
85.046545 -142.146844 -144.252284
-190.292633 -47.650769 -91.175203
-190.881896 -49.542998 -91.443976
-191.471158 -51.435227 -91.712749
-192.060420 -53.327457 -91.981522
-192.649682 -55.219686 -92.250295
-193.238944 -57.111915 -92.519067
-193.828206 -59.004144 -92.787840
-194.417469 -60.896373 -93.056613
-195.006731 -62.788602 -93.325386
-195.595993 -64.680832 -93.594159
-196.185255 -66.573061 -93.862932
-196.774517 -68.465290 -94.131705
-197.363779 -70.357519 -94.400478
-197.953042 -72.249748 -94.669250
-198.542304 -74.141977 -94.938023
-199.131566 -76.034207 -95.206796
-199.720828 -77.926436 -95.475569
-200.310090 -79.818665 -95.744342
-200.899352 -81.710894 -96.013115
-201.488615 -83.603123 -96.281888
-202.077877 -85.495352 -96.550661
-202.667139 -87.387582 -96.819434
-203.256401 -89.279811 -97.088206
-203.845663 -91.172040 -97.356979
-204.434926 -93.064269 -97.625752
-205.024188 -94.956498 -97.894525
-205.613450 -96.848727 -98.163298
-206.202712 -98.740957 -98.432071
-206.791974 -100.633186 -98.700844
-207.381236 -102.525415 -98.969617
-207.970499 -104.417644 -99.238389
-208.559761 -106.309873 -99.507162
-209.149023 -108.202102 -99.775935
-209.738285 -110.094332 -100.044708
-210.327547 -111.986561 -100.313481
-210.916809 -113.878790 -100.582254
-211.506072 -115.771019 -100.851027
-212.095334 -117.663248 -101.119800
-212.684596 -119.555477 -101.388572
-213.273858 -121.447707 -101.657345
-213.863120 -123.339936 -101.926118
-214.452382 -125.232165 -102.194891
-215.041645 -127.124394 -102.463664
-215.630907 -129.016623 -102.732437
-216.220169 -130.908852 -103.001210
-216.809431 -132.801082 -103.269983
-217.398693 -134.693311 -103.538755
-217.987956 -136.585540 -103.807528
-218.577218 -138.477769 -104.076301
-219.166480 -140.369998 -104.345074
-219.755742 -142.262228 -104.613847
-220.345004 -144.154457 -104.882620
-220.934266 -146.046686 -105.151393
-221.523529 -147.938915 -105.420166
-222.112791 -149.831144 -105.688938
-222.702053 -151.723373 -105.957711
-223.291315 -153.615603 -106.226484
-223.880577 -155.507832 -106.495257
-224.469839 -157.400061 -106.764030
-225.059102 -159.292290 -107.032803
-225.648364 -161.184519 -107.301576
-226.237626 -163.076748 -107.570349
-226.826888 -164.968978 -107.839122
-227.416150 -166.861207 -108.107894
-228.005412 -168.753436 -108.376667
-228.594675 -170.645665 -108.645440
-229.183937 -172.537894 -108.914213
-229.773199 -174.430123 -109.182986
-230.362461 -176.322353 -109.451759
-230.951723 -178.214582 -109.720532
-80.142527 130.138394 -93.620152
-79.936524 128.454885 -94.680040
-79.730520 126.771377 -95.739928
-79.524517 125.087869 -96.799815
-79.318513 123.404360 -97.859703
-79.112510 121.720852 -98.919591
-78.906507 120.037343 -99.979479
-78.700503 118.353835 -101.039366
-78.494500 116.670327 -102.099254
-78.288496 114.986818 -103.159142
-78.082493 113.303310 -104.219030
-77.876489 111.619801 -105.278917
-77.670486 109.936293 -106.338805
-77.464483 108.252785 -107.398693
-77.258479 106.569276 -108.458581
-77.052476 104.885768 -109.518469
-76.846472 103.202259 -110.578356
-76.640469 101.518751 -111.638244
-76.434465 99.835243 -112.698132
-76.228462 98.151734 -113.758020
-76.022459 96.468226 -114.817907
-75.816455 94.784717 -115.877795
-75.610452 93.101209 -116.937683
-75.404448 91.417701 -117.997571
-75.198445 89.734192 -119.057458
-74.992441 88.050684 -120.117346
-74.786438 86.367175 -121.177234
-74.580435 84.683667 -122.237122
-74.374431 83.000159 -123.297009
-74.168428 81.316650 -124.356897
-73.962424 79.633142 -125.416785
-73.756421 77.949634 -126.476673
-73.550418 76.266125 -127.536561
-73.344414 74.582617 -128.596448
-73.138411 72.899108 -129.656336
-72.932407 71.215600 -130.716224
-72.726404 69.532092 -131.776112
-72.520400 67.848583 -132.835999
-72.314397 66.165075 -133.895887
-72.108394 64.481566 -134.955775
-71.902390 62.798058 -136.015663
-71.696387 61.114550 -137.075550
-71.490383 59.431041 -138.135438
-71.284380 57.747533 -139.195326
-71.078376 56.064024 -140.255214
-70.872373 54.380516 -141.315102
-70.666370 52.697008 -142.374989
-70.460366 51.013499 -143.434877
-70.254363 49.329991 -144.494765
-70.048359 47.646482 -145.554653
-69.842356 45.962974 -146.614540
-69.636353 44.279466 -147.674428
-69.430349 42.595957 -148.734316
-69.224346 40.912449 -149.794204
-69.018342 39.228940 -150.854091
-68.812339 37.545432 -151.913979
-68.606335 35.861924 -152.973867
-68.400332 34.178415 -154.033755
-68.194329 32.494907 -155.093643
-67.988325 30.811398 -156.153530
-67.782322 29.127890 -157.213418
-67.576318 27.444382 -158.273306
-67.370315 25.760873 -159.333194
-67.164311 24.077365 -160.393081
-66.958308 22.393857 -161.452969
-66.752305 20.710348 -162.512857
-66.546301 19.026840 -163.572745
-66.340298 17.343331 -164.632632
-66.134294 15.659823 -165.692520
-65.928291 13.976315 -166.752408
-75.687219 -126.897364 -95.833645
-75.913763 -127.955876 -94.151911
-76.140306 -129.014388 -92.470177
-76.366850 -130.072900 -90.788442
-76.593394 -131.131411 -89.106708
-76.819938 -132.189923 -87.424973
-77.046481 -133.248435 -85.743239
-77.273025 -134.306947 -84.061505
-77.499569 -135.365459 -82.379770
-77.726113 -136.423971 -80.698036
-77.952657 -137.482483 -79.016302
-78.179200 -138.540995 -77.334567
-78.405744 -139.599507 -75.652833
-78.632288 -140.658019 -73.971098
-78.858832 -141.716530 -72.289364
-79.085375 -142.775042 -70.607630
-79.311919 -143.833554 -68.925895
-79.538463 -144.892066 -67.244161
-79.765007 -145.950578 -65.562427
-79.991550 -147.009090 -63.880692
-80.218094 -148.067602 -62.198958
-80.444638 -149.126114 -60.517224
-80.671182 -150.184626 -58.835489
-80.897726 -151.243138 -57.153755
-81.124269 -152.301649 -55.472020
-81.350813 -153.360161 -53.790286
-81.577357 -154.418673 -52.108552
-81.803901 -155.477185 -50.426817
-82.030444 -156.535697 -48.745083
-82.256988 -157.594209 -47.063349
-82.483532 -158.652721 -45.381614
-82.710076 -159.711233 -43.699880
-82.936620 -160.769745 -42.018146
-83.163163 -161.828257 -40.336411
-83.389707 -162.886768 -38.654677
-83.616251 -163.945280 -36.972942
-83.842795 -165.003792 -35.291208
-84.069338 -166.062304 -33.609474
-84.295882 -167.120816 -31.927739
-84.522426 -168.179328 -30.246005
-84.748970 -169.237840 -28.564271
-84.975513 -170.296352 -26.882536
-85.202057 -171.354864 -25.200802
-85.428601 -172.413376 -23.519068
-85.655145 -173.471887 -21.837333
-85.881689 -174.530399 -20.155599
-86.108232 -175.588911 -18.473864
-86.334776 -176.647423 -16.792130
-86.561320 -177.705935 -15.110396
-86.787864 -178.764447 -13.428661
-87.014407 -179.822959 -11.746927
-87.240951 -180.881471 -10.065193
-87.467495 -181.939983 -8.383458
-87.694039 -182.998495 -6.701724
-87.920583 -184.057006 -5.019990
-88.147126 -185.115518 -3.338255
-88.373670 -186.174030 -1.656521
-88.600214 -187.232542 0.025214
-88.826758 -188.291054 1.706948
-89.053301 -189.349566 3.388682
-89.279845 -190.408078 5.070417
-89.506389 -191.466590 6.752151
-89.732933 -192.525102 8.433885
-89.959477 -193.583614 10.115620
-90.186020 -194.642125 11.797354
-90.412564 -195.700637 13.479089
-90.639108 -196.759149 15.160823
-90.865652 -197.817661 16.842557
-91.092195 -198.876173 18.524292
-91.318739 -199.934685 20.206026
151.266049 -272.725437 -240.061772
151.765660 -271.308320 -238.741860
152.265270 -269.891202 -237.421949
152.764881 -268.474084 -236.102037
153.264492 -267.056966 -234.782126
153.764102 -265.639849 -233.462214
154.263713 -264.222731 -232.142303
154.763324 -262.805613 -230.822391
155.262934 -261.388495 -229.502480
155.762545 -259.971377 -228.182568
156.262156 -258.554260 -226.862657
156.761766 -257.137142 -225.542745
157.261377 -255.720024 -224.222834
157.760988 -254.302906 -222.902922
158.260598 -252.885789 -221.583011
158.760209 -251.468671 -220.263099
159.259819 -250.051553 -218.943188
159.759430 -248.634435 -217.623276
160.259041 -247.217317 -216.303365
160.758651 -245.800200 -214.983453
161.258262 -244.383082 -213.663542
161.757873 -242.965964 -212.343630
162.257483 -241.548846 -211.023719
162.757094 -240.131729 -209.703807
163.256705 -238.714611 -208.383896
163.756315 -237.297493 -207.063984
164.255926 -235.880375 -205.744073
164.755537 -234.463257 -204.424161
165.255147 -233.046140 -203.104249
165.754758 -231.629022 -201.784338
166.254369 -230.211904 -200.464426
166.753979 -228.794786 -199.144515
167.253590 -227.377669 -197.824603
167.753200 -225.960551 -196.504692
168.252811 -224.543433 -195.184780
168.752422 -223.126315 -193.864869
169.252032 -221.709198 -192.544957
169.751643 -220.292080 -191.225046
170.251254 -218.874962 -189.905134
170.750864 -217.457844 -188.585223
171.250475 -216.040726 -187.265311
171.750086 -214.623609 -185.945400
172.249696 -213.206491 -184.625488
172.749307 -211.789373 -183.305577
173.248918 -210.372255 -181.985665
173.748528 -208.955138 -180.665754
174.248139 -207.538020 -179.345842
174.747749 -206.120902 -178.025931
175.247360 -204.703784 -176.706019
175.746971 -203.286666 -175.386108
176.246581 -201.869549 -174.066196
176.746192 -200.452431 -172.746285
177.245803 -199.035313 -171.426373
177.745413 -197.618195 -170.106462
178.245024 -196.201078 -168.786550
178.744635 -194.783960 -167.466638
179.244245 -193.366842 -166.146727
179.743856 -191.949724 -164.826815
180.243467 -190.532606 -163.506904
180.743077 -189.115489 -162.186992
181.242688 -187.698371 -160.867081
181.742299 -186.281253 -159.547169
182.241909 -184.864135 -158.227258
182.741520 -183.447018 -156.907346
183.241130 -182.029900 -155.587435
183.740741 -180.612782 -154.267523
184.240352 -179.195664 -152.947612
184.739962 -177.778547 -151.627700
185.239573 -176.361429 -150.307789
185.739184 -174.944311 -148.987877
8.455301 251.578137 60.403591
6.499681 251.281599 60.699592
4.544061 250.985060 60.995593
2.588442 250.688522 61.291594
0.632822 250.391983 61.587595
-1.322798 250.095444 61.883596
-3.278417 249.798906 62.179597
-5.234037 249.502367 62.475598
-7.189657 249.205828 62.771599
-9.145276 248.909290 63.067600
-11.100896 248.612751 63.363601
-13.056516 248.316213 63.659602
-15.012135 248.019674 63.955603
-16.967755 247.723135 64.251604
-18.923375 247.426597 64.547605
-20.878994 247.130058 64.843606
-22.834614 246.833519 65.139607
-24.790234 246.536981 65.435608
-26.745853 246.240442 65.731609
-28.701473 245.943904 66.027610
-30.657093 245.647365 66.323611
-32.612712 245.350826 66.619612
-34.568332 245.054288 66.915613
-36.523952 244.757749 67.211614
-38.479571 244.461211 67.507615
-40.435191 244.164672 67.803616
-42.390811 243.868133 68.099617
-44.346430 243.571595 68.395618
-46.302050 243.275056 68.691619
-48.257670 242.978517 68.987620
-50.213289 242.681979 69.283621
-52.168909 242.385440 69.579622
-54.124529 242.088902 69.875623
-56.080148 241.792363 70.171624
-58.035768 241.495824 70.467625
-59.991388 241.199286 70.763626
-61.947007 240.902747 71.059627
-63.902627 240.606208 71.355628
-65.858246 240.309670 71.651628
-67.813866 240.013131 71.947629
-69.769486 239.716593 72.243630
-71.725105 239.420054 72.539631
-73.680725 239.123515 72.835632
-75.636345 238.826977 73.131633
-77.591964 238.530438 73.427634
-79.547584 238.233899 73.723635
-81.503204 237.937361 74.019636
-83.458823 237.640822 74.315637
-85.414443 237.344284 74.611638
-87.370063 237.047745 74.907639
-89.325682 236.751206 75.203640
-91.281302 236.454668 75.499641
-93.236922 236.158129 75.795642
-95.192541 235.861590 76.091643
-97.148161 235.565052 76.387644
-99.103781 235.268513 76.683645
-101.059400 234.971975 76.979646
-103.015020 234.675436 77.275647
-104.970640 234.378897 77.571648
-106.926259 234.082359 77.867649
-108.881879 233.785820 78.163650
-110.837499 233.489281 78.459651
-112.793118 233.192743 78.755652
-114.748738 232.896204 79.051653
-116.704358 232.599666 79.347654
-118.659977 232.303127 79.643655
-120.615597 232.006588 79.939656
-122.571217 231.710050 80.235657
-124.526836 231.413511 80.531658
-126.482456 231.116972 80.827659
-161.074807 -210.235250 -71.081029
-162.571211 -208.915785 -70.940362
-164.067615 -207.596320 -70.799696
-165.564020 -206.276855 -70.659029
-167.060424 -204.957391 -70.518362
-168.556828 -203.637926 -70.377695
-170.053232 -202.318461 -70.237029
-171.549637 -200.998996 -70.096362
-173.046041 -199.679532 -69.955695
-174.542445 -198.360067 -69.815029
-176.038849 -197.040602 -69.674362
-177.535253 -195.721137 -69.533695
-179.031658 -194.401673 -69.393028
-180.528062 -193.082208 -69.252362
-182.024466 -191.762743 -69.111695
-183.520870 -190.443278 -68.971028
-185.017275 -189.123814 -68.830362
-186.513679 -187.804349 -68.689695
-188.010083 -186.484884 -68.549028
-189.506487 -185.165419 -68.408361
-191.002891 -183.845954 -68.267695
-192.499296 -182.526490 -68.127028
-193.995700 -181.207025 -67.986361
-195.492104 -179.887560 -67.845695
-196.988508 -178.568095 -67.705028
-198.484913 -177.248631 -67.564361
-199.981317 -175.929166 -67.423694
-201.477721 -174.609701 -67.283028
-202.974125 -173.290236 -67.142361
-204.470529 -171.970772 -67.001694
-205.966934 -170.651307 -66.861027
-207.463338 -169.331842 -66.720361
-208.959742 -168.012377 -66.579694
-210.456146 -166.692912 -66.439027
-211.952551 -165.373448 -66.298361
-213.448955 -164.053983 -66.157694
-214.945359 -162.734518 -66.017027
-216.441763 -161.415053 -65.876360
-217.938167 -160.095589 -65.735694
-219.434572 -158.776124 -65.595027
-220.930976 -157.456659 -65.454360
-222.427380 -156.137194 -65.313694
-223.923784 -154.817730 -65.173027
-225.420189 -153.498265 -65.032360
-226.916593 -152.178800 -64.891693
-228.412997 -150.859335 -64.751027
-229.909401 -149.539871 -64.610360
-231.405806 -148.220406 -64.469693
-232.902210 -146.900941 -64.329027
-234.398614 -145.581476 -64.188360
-235.895018 -144.262011 -64.047693
-237.391422 -142.942547 -63.907026
-238.887827 -141.623082 -63.766360
-240.384231 -140.303617 -63.625693
-241.880635 -138.984152 -63.485026
-243.377039 -137.664688 -63.344359
-244.873444 -136.345223 -63.203693
-246.369848 -135.025758 -63.063026
-247.866252 -133.706293 -62.922359
-249.362656 -132.386829 -62.781693
-250.859060 -131.067364 -62.641026
-252.355465 -129.747899 -62.500359
-253.851869 -128.428434 -62.359692
-255.348273 -127.108970 -62.219026
-256.844677 -125.789505 -62.078359
-258.341082 -124.470040 -61.937692
-259.837486 -123.150575 -61.797026
-261.333890 -121.831110 -61.656359
-262.830294 -120.511646 -61.515692
-264.326698 -119.192181 -61.375025
233.151236 48.543907 259.097064
232.000802 47.253500 258.091404
230.850369 45.963093 257.085744
229.699935 44.672686 256.080084
228.549501 43.382279 255.074424
227.399068 42.091871 254.068764
226.248634 40.801464 253.063104
225.098200 39.511057 252.057444
223.947766 38.220650 251.051784
222.797333 36.930243 250.046124
221.646899 35.639836 249.040464
220.496465 34.349429 248.034805
219.346032 33.059022 247.029145
218.195598 31.768615 246.023485
217.045164 30.478208 245.017825
215.894731 29.187801 244.012165
214.744297 27.897394 243.006505
213.593863 26.606987 242.000845
212.443429 25.316579 240.995185
211.292996 24.026172 239.989525
210.142562 22.735765 238.983865
208.992128 21.445358 237.978205
207.841695 20.154951 236.972545
206.691261 18.864544 235.966885
205.540827 17.574137 234.961225
204.390394 16.283730 233.955566
203.239960 14.993323 232.949906
202.089526 13.702916 231.944246
200.939093 12.412509 230.938586
199.788659 11.122102 229.932926
198.638225 9.831695 228.927266
197.487791 8.541287 227.921606
196.337358 7.250880 226.915946
195.186924 5.960473 225.910286
194.036490 4.670066 224.904626
192.886057 3.379659 223.898966
191.735623 2.089252 222.893306
190.585189 0.798845 221.887646
189.434756 -0.491562 220.881987
188.284322 -1.781969 219.876327
187.133888 -3.072376 218.870667
185.983454 -4.362783 217.865007
184.833021 -5.653190 216.859347
183.682587 -6.943597 215.853687
182.532153 -8.234005 214.848027
181.381720 -9.524412 213.842367
180.231286 -10.814819 212.836707
179.080852 -12.105226 211.831047
177.930419 -13.395633 210.825387
176.779985 -14.686040 209.819727
175.629551 -15.976447 208.814067
174.479117 -17.266854 207.808407
173.328684 -18.557261 206.802748
172.178250 -19.847668 205.797088
171.027816 -21.138075 204.791428
169.877383 -22.428482 203.785768
168.726949 -23.718889 202.780108
167.576515 -25.009297 201.774448
166.426082 -26.299704 200.768788
165.275648 -27.590111 199.763128
164.125214 -28.880518 198.757468
162.974781 -30.170925 197.751808
161.824347 -31.461332 196.746148
160.673913 -32.751739 195.740488
159.523479 -34.042146 194.734828
158.373046 -35.332553 193.729169
157.222612 -36.622960 192.723509
156.072178 -37.913367 191.717849
154.921745 -39.203774 190.712189
153.771311 -40.494181 189.706529
-47.756679 -96.111155 40.920120
-47.259683 -96.987563 42.647808
-46.762686 -97.863970 44.375496
-46.265690 -98.740378 46.103183
-45.768694 -99.616786 47.830871
-45.271698 -100.493193 49.558558
-44.774701 -101.369601 51.286246
-44.277705 -102.246009 53.013933
-43.780709 -103.122417 54.741621
-43.283712 -103.998824 56.469308
-42.786716 -104.875232 58.196996
-42.289720 -105.751640 59.924683
-41.792723 -106.628047 61.652371
-41.295727 -107.504455 63.380058
-40.798731 -108.380863 65.107746
-40.301735 -109.257271 66.835433
-39.804738 -110.133678 68.563121
-39.307742 -111.010086 70.290808
-38.810746 -111.886494 72.018496
-38.313749 -112.762901 73.746184
-37.816753 -113.639309 75.473871
-37.319757 -114.515717 77.201559
-36.822761 -115.392125 78.929246
-36.325764 -116.268532 80.656934
-35.828768 -117.144940 82.384621
-35.331772 -118.021348 84.112309
-34.834775 -118.897755 85.839996
-34.337779 -119.774163 87.567684
-33.840783 -120.650571 89.295371
-33.343787 -121.526979 91.023059
-32.846790 -122.403386 92.750746
-32.349794 -123.279794 94.478434
-31.852798 -124.156202 96.206121
-31.355801 -125.032609 97.933809
-30.858805 -125.909017 99.661497
-30.361809 -126.785425 101.389184
-29.864813 -127.661833 103.116872
-29.367816 -128.538240 104.844559
-28.870820 -129.414648 106.572247
-28.373824 -130.291056 108.299934
-27.876827 -131.167463 110.027622
-27.379831 -132.043871 111.755309
-26.882835 -132.920279 113.482997
-26.385839 -133.796687 115.210684
-25.888842 -134.673094 116.938372
-25.391846 -135.549502 118.666059
-24.894850 -136.425910 120.393747
-24.397853 -137.302317 122.121434
-23.900857 -138.178725 123.849122
-23.403861 -139.055133 125.576810
-22.906865 -139.931541 127.304497
-22.409868 -140.807948 129.032185
-21.912872 -141.684356 130.759872
-21.415876 -142.560764 132.487560
-20.918879 -143.437171 134.215247
-20.421883 -144.313579 135.942935
-19.924887 -145.189987 137.670622
-19.427891 -146.066395 139.398310
-18.930894 -146.942802 141.125997
-18.433898 -147.819210 142.853685
-17.936902 -148.695618 144.581372
-17.439905 -149.572025 146.309060
-16.942909 -150.448433 148.036747
-16.445913 -151.324841 149.764435
-15.948916 -152.201249 151.492122
-15.451920 -153.077656 153.219810
-14.954924 -153.954064 154.947498
-14.457928 -154.830472 156.675185
-13.960931 -155.706879 158.402873
-13.463935 -156.583287 160.130560
-282.819188 -1.011489 -54.016268
-282.045401 0.503578 -52.964685
-281.271613 2.018644 -51.913102
-280.497826 3.533711 -50.861519
-279.724039 5.048777 -49.809936
-278.950252 6.563844 -48.758353
-278.176465 8.078910 -47.706770
-277.402677 9.593977 -46.655187
-276.628890 11.109043 -45.603604
-275.855103 12.624110 -44.552021
-275.081316 14.139176 -43.500437
-274.307528 15.654243 -42.448854
-273.533741 17.169309 -41.397271
-272.759954 18.684375 -40.345688
-271.986167 20.199442 -39.294105
-271.212379 21.714508 -38.242522
-270.438592 23.229575 -37.190939
-269.664805 24.744641 -36.139356
-268.891018 26.259708 -35.087773
-268.117230 27.774774 -34.036190
-267.343443 29.289841 -32.984607
-266.569656 30.804907 -31.933024
-265.795869 32.319974 -30.881441
-265.022081 33.835040 -29.829858
-264.248294 35.350107 -28.778275
-263.474507 36.865173 -27.726692
-262.700720 38.380240 -26.675109
-261.926932 39.895306 -25.623526
-261.153145 41.410373 -24.571943
-260.379358 42.925439 -23.520360
-259.605571 44.440505 -22.468777
-258.831783 45.955572 -21.417194
-258.057996 47.470638 -20.365611
-257.284209 48.985705 -19.314028
-256.510422 50.500771 -18.262444
-255.736635 52.015838 -17.210861
-254.962847 53.530904 -16.159278
-254.189060 55.045971 -15.107695
-253.415273 56.561037 -14.056112
-252.641486 58.076104 -13.004529
-251.867698 59.591170 -11.952946
-251.093911 61.106237 -10.901363
-250.320124 62.621303 -9.849780
-249.546337 64.136370 -8.798197
-248.772549 65.651436 -7.746614
-247.998762 67.166503 -6.695031
-247.224975 68.681569 -5.643448
-246.451188 70.196635 -4.591865
-245.677400 71.711702 -3.540282
-244.903613 73.226768 -2.488699
-244.129826 74.741835 -1.437116
-243.356039 76.256901 -0.385533
-242.582251 77.771968 0.666050
-241.808464 79.287034 1.717633
-241.034677 80.802101 2.769216
-240.260890 82.317167 3.820799
-239.487102 83.832234 4.872382
-238.713315 85.347300 5.923965
-237.939528 86.862367 6.975549
-237.165741 88.377433 8.027132
-236.391953 89.892500 9.078715
-235.618166 91.407566 10.130298
-234.844379 92.922633 11.181881
-234.070592 94.437699 12.233464
-233.296804 95.952766 13.285047
-232.523017 97.467832 14.336630
-231.749230 98.982898 15.388213
-230.975443 100.497965 16.439796
-230.201656 102.013031 17.491379
-229.427868 103.528098 18.542962
179.426397 27.813618 -128.741414
180.619377 28.174778 -130.305500
181.812356 28.535938 -131.869585
183.005336 28.897098 -133.433671
184.198315 29.258258 -134.997756
185.391295 29.619418 -136.561842
186.584274 29.980578 -138.125927
187.777254 30.341738 -139.690012
188.970233 30.702898 -141.254098
190.163213 31.064058 -142.818183
191.356192 31.425218 -144.382269
192.549172 31.786378 -145.946354
193.742151 32.147538 -147.510440
194.935131 32.508698 -149.074525
196.128110 32.869858 -150.638611
197.321090 33.231018 -152.202696
198.514070 33.592178 -153.766781
199.707049 33.953338 -155.330867
200.900029 34.314498 -156.894952
202.093008 34.675658 -158.459038
203.285988 35.036818 -160.023123
204.478967 35.397978 -161.587209
205.671947 35.759138 -163.151294
206.864926 36.120298 -164.715380
208.057906 36.481458 -166.279465
209.250885 36.842618 -167.843550
210.443865 37.203778 -169.407636
211.636844 37.564938 -170.971721
212.829824 37.926098 -172.535807
214.022803 38.287258 -174.099892
215.215783 38.648418 -175.663978
216.408763 39.009578 -177.228063
217.601742 39.370738 -178.792149
218.794722 39.731898 -180.356234
219.987701 40.093058 -181.920319
221.180681 40.454218 -183.484405
222.373660 40.815378 -185.048490
223.566640 41.176538 -186.612576
224.759619 41.537698 -188.176661
225.952599 41.898858 -189.740747
227.145578 42.260018 -191.304832
228.338558 42.621178 -192.868918
229.531537 42.982338 -194.433003
230.724517 43.343498 -195.997088
231.917496 43.704658 -197.561174
233.110476 44.065818 -199.125259
234.303456 44.426978 -200.689345
235.496435 44.788138 -202.253430
236.689415 45.149298 -203.817516
237.882394 45.510458 -205.381601
239.075374 45.871618 -206.945687
240.268353 46.232778 -208.509772
241.461333 46.593938 -210.073857
242.654312 46.955098 -211.637943
243.847292 47.316258 -213.202028
245.040271 47.677418 -214.766114
246.233251 48.038578 -216.330199
247.426230 48.399738 -217.894285
248.619210 48.760898 -219.458370
249.812189 49.122058 -221.022456
251.005169 49.483218 -222.586541
252.198149 49.844378 -224.150626
253.391128 50.205538 -225.714712
254.584108 50.566698 -227.278797
255.777087 50.927858 -228.842883
256.970067 51.289018 -230.406968
258.163046 51.650178 -231.971054
259.356026 52.011338 -233.535139
260.549005 52.372498 -235.099225
261.741985 52.733658 -236.663310
41.568534 -155.905517 -201.984243
42.996100 -157.303146 -201.891048
44.423667 -158.700776 -201.797854
45.851233 -160.098406 -201.704660
47.278800 -161.496035 -201.611466
48.706366 -162.893665 -201.518272
50.133933 -164.291295 -201.425078
51.561499 -165.688924 -201.331884
52.989066 -167.086554 -201.238690
54.416632 -168.484184 -201.145495
55.844199 -169.881813 -201.052301
57.271765 -171.279443 -200.959107
58.699332 -172.677073 -200.865913
60.126898 -174.074702 -200.772719
61.554465 -175.472332 -200.679525
62.982031 -176.869962 -200.586331
64.409598 -178.267591 -200.493137
65.837164 -179.665221 -200.399942
67.264731 -181.062851 -200.306748
68.692298 -182.460480 -200.213554
70.119864 -183.858110 -200.120360
71.547431 -185.255739 -200.027166
72.974997 -186.653369 -199.933972
74.402564 -188.050999 -199.840778
75.830130 -189.448628 -199.747584
77.257697 -190.846258 -199.654389
78.685263 -192.243888 -199.561195
80.112830 -193.641517 -199.468001
81.540396 -195.039147 -199.374807
82.967963 -196.436777 -199.281613
84.395529 -197.834406 -199.188419
85.823096 -199.232036 -199.095225
87.250662 -200.629666 -199.002030
88.678229 -202.027295 -198.908836
90.105795 -203.424925 -198.815642
91.533362 -204.822555 -198.722448
92.960929 -206.220184 -198.629254
94.388495 -207.617814 -198.536060
95.816062 -209.015444 -198.442866
97.243628 -210.413073 -198.349672
98.671195 -211.810703 -198.256477
100.098761 -213.208333 -198.163283
101.526328 -214.605962 -198.070089
102.953894 -216.003592 -197.976895
104.381461 -217.401222 -197.883701
105.809027 -218.798851 -197.790507
107.236594 -220.196481 -197.697313
108.664160 -221.594111 -197.604119
110.091727 -222.991740 -197.510924
111.519293 -224.389370 -197.417730
112.946860 -225.787000 -197.324536
114.374426 -227.184629 -197.231342
115.801993 -228.582259 -197.138148
117.229560 -229.979889 -197.044954
118.657126 -231.377518 -196.951760
120.084693 -232.775148 -196.858566
121.512259 -234.172777 -196.765371
122.939826 -235.570407 -196.672177
124.367392 -236.968037 -196.578983
125.794959 -238.365666 -196.485789
127.222525 -239.763296 -196.392595
128.650092 -241.160926 -196.299401
130.077658 -242.558555 -196.206207
131.505225 -243.956185 -196.113013
132.932791 -245.353815 -196.019818
134.360358 -246.751444 -195.926624
135.787924 -248.149074 -195.833430
137.215491 -249.546704 -195.740236
138.643057 -250.944333 -195.647042
140.070624 -252.341963 -195.553848
-107.963274 77.239351 164.465507
-108.389616 75.634529 163.350708
-108.815958 74.029706 162.235909
-109.242300 72.424884 161.121109
-109.668642 70.820062 160.006310
-110.094984 69.215239 158.891511
-110.521326 67.610417 157.776711
-110.947668 66.005594 156.661912
-111.374010 64.400772 155.547113
-111.800352 62.795950 154.432313
-112.226694 61.191127 153.317514
-112.653036 59.586305 152.202715
-113.079378 57.981482 151.087915
-113.505720 56.376660 149.973116
-113.932062 54.771838 148.858317
-114.358404 53.167015 147.743518
-114.784746 51.562193 146.628718
-115.211088 49.957370 145.513919
-115.637430 48.352548 144.399120
-116.063772 46.747726 143.284320
-116.490114 45.142903 142.169521
-116.916456 43.538081 141.054722
-117.342798 41.933258 139.939922
-117.769141 40.328436 138.825123
-118.195483 38.723614 137.710324
-118.621825 37.118791 136.595524
-119.048167 35.513969 135.480725
-119.474509 33.909146 134.365926
-119.900851 32.304324 133.251126
-120.327193 30.699502 132.136327
-120.753535 29.094679 131.021528
-121.179877 27.489857 129.906728
-121.606219 25.885034 128.791929
-122.032561 24.280212 127.677130
-122.458903 22.675390 126.562330
-122.885245 21.070567 125.447531
-123.311587 19.465745 124.332732
-123.737929 17.860922 123.217933
-124.164271 16.256100 122.103133
-124.590613 14.651278 120.988334
-125.016955 13.046455 119.873535
-125.443297 11.441633 118.758735
-125.869639 9.836810 117.643936
-126.295981 8.231988 116.529137
-126.722323 6.627165 115.414337
-127.148665 5.022343 114.299538
-127.575007 3.417521 113.184739
-128.001349 1.812698 112.069939
-128.427691 0.207876 110.955140
-128.854033 -1.396947 109.840341
-129.280375 -3.001769 108.725541
-129.706717 -4.606591 107.610742
-130.133059 -6.211414 106.495943
-130.559402 -7.816236 105.381143
-130.985744 -9.421059 104.266344
-131.412086 -11.025881 103.151545
-131.838428 -12.630703 102.036745
-132.264770 -14.235526 100.921946
-132.691112 -15.840348 99.807147
-133.117454 -17.445171 98.692348
-133.543796 -19.049993 97.577548
-133.970138 -20.654815 96.462749
-134.396480 -22.259638 95.347950
-134.822822 -23.864460 94.233150
-135.249164 -25.469283 93.118351
-135.675506 -27.074105 92.003552
-136.101848 -28.678927 90.888752
-136.528190 -30.283750 89.773953
-136.954532 -31.888572 88.659154
-137.380874 -33.493395 87.544354
205.660419 -294.450942 145.011501
206.992274 -293.346028 144.008842
208.324129 -292.241113 143.006182
209.655985 -291.136199 142.003523
210.987840 -290.031285 141.000864
212.319695 -288.926370 139.998204
213.651551 -287.821456 138.995545
214.983406 -286.716542 137.992886
216.315261 -285.611627 136.990227
217.647117 -284.506713 135.987567
218.978972 -283.401798 134.984908
220.310827 -282.296884 133.982249
221.642683 -281.191970 132.979589
222.974538 -280.087055 131.976930
224.306393 -278.982141 130.974271
225.638248 -277.877227 129.971612
226.970104 -276.772312 128.968952
228.301959 -275.667398 127.966293
229.633814 -274.562484 126.963634
230.965670 -273.457569 125.960974
232.297525 -272.352655 124.958315
233.629380 -271.247740 123.955656
234.961236 -270.142826 122.952997
236.293091 -269.037912 121.950337
237.624946 -267.932997 120.947678
238.956802 -266.828083 119.945019
240.288657 -265.723169 118.942359
241.620512 -264.618254 117.939700
242.952368 -263.513340 116.937041
244.284223 -262.408425 115.934382
245.616078 -261.303511 114.931722
246.947934 -260.198597 113.929063
248.279789 -259.093682 112.926404
249.611644 -257.988768 111.923744
250.943500 -256.883854 110.921085
252.275355 -255.778939 109.918426
253.607210 -254.674025 108.915767
254.939066 -253.569110 107.913107
256.270921 -252.464196 106.910448
257.602776 -251.359282 105.907789
258.934631 -250.254367 104.905129
260.266487 -249.149453 103.902470
261.598342 -248.044539 102.899811
262.930197 -246.939624 101.897152
264.262053 -245.834710 100.894492
265.593908 -244.729796 99.891833
266.925763 -243.624881 98.889174
268.257619 -242.519967 97.886514
269.589474 -241.415052 96.883855
270.921329 -240.310138 95.881196
272.253185 -239.205224 94.878537
273.585040 -238.100309 93.875877
274.916895 -236.995395 92.873218
276.248751 -235.890481 91.870559
277.580606 -234.785566 90.867899
278.912461 -233.680652 89.865240
280.244317 -232.575737 88.862581
281.576172 -231.470823 87.859922
282.908027 -230.365909 86.857262
284.239883 -229.260994 85.854603
285.571738 -228.156080 84.851944
286.903593 -227.051166 83.849284
288.235449 -225.946251 82.846625
289.567304 -224.841337 81.843966
290.899159 -223.736423 80.841307
292.231014 -222.631508 79.838647
293.562870 -221.526594 78.835988
294.894725 -220.421679 77.833329
296.226580 -219.316765 76.830669
297.558436 -218.211851 75.828010
-95.888388 135.358696 97.218761
-95.273373 136.198864 98.926354
-94.658359 137.039032 100.633947
-94.043344 137.879200 102.341540
-93.428330 138.719368 104.049134
-92.813316 139.559536 105.756727
-92.198301 140.399704 107.464320
-91.583287 141.239872 109.171914
-90.968272 142.080040 110.879507
-90.353258 142.920209 112.587100
-89.738244 143.760377 114.294693
-89.123229 144.600545 116.002287
-88.508215 145.440713 117.709880
-87.893200 146.280881 119.417473
-87.278186 147.121049 121.125067
-86.663172 147.961217 122.832660
-86.048157 148.801385 124.540253
-85.433143 149.641553 126.247846
-84.818128 150.481722 127.955440
-84.203114 151.321890 129.663033
-83.588099 152.162058 131.370626
-82.973085 153.002226 133.078220
-82.358071 153.842394 134.785813
-81.743056 154.682562 136.493406
-81.128042 155.522730 138.200999
-80.513027 156.362898 139.908593
-79.898013 157.203066 141.616186
-79.282999 158.043235 143.323779
-78.667984 158.883403 145.031373
-78.052970 159.723571 146.738966
-77.437955 160.563739 148.446559
-76.822941 161.403907 150.154152
-76.207927 162.244075 151.861746
-75.592912 163.084243 153.569339
-74.977898 163.924411 155.276932
-74.362883 164.764579 156.984526
-73.747869 165.604748 158.692119
-73.132855 166.444916 160.399712
-72.517840 167.285084 162.107305
-71.902826 168.125252 163.814899
-71.287811 168.965420 165.522492
-70.672797 169.805588 167.230085
-70.057782 170.645756 168.937679
-69.442768 171.485924 170.645272
-68.827754 172.326092 172.352865
-68.212739 173.166261 174.060458
-67.597725 174.006429 175.768052
-66.982710 174.846597 177.475645
-66.367696 175.686765 179.183238
-65.752682 176.526933 180.890832
-65.137667 177.367101 182.598425
-64.522653 178.207269 184.306018
-63.907638 179.047437 186.013611
-63.292624 179.887605 187.721205
-62.677610 180.727774 189.428798
-62.062595 181.567942 191.136391
-61.447581 182.408110 192.843985
-60.832566 183.248278 194.551578
-60.217552 184.088446 196.259171
-59.602538 184.928614 197.966764
-58.987523 185.768782 199.674358
-58.372509 186.608950 201.381951
-57.757494 187.449118 203.089544
-57.142480 188.289287 204.797138
-56.527465 189.129455 206.504731
-55.912451 189.969623 208.212324
-55.297437 190.809791 209.919917
-54.682422 191.649959 211.627511
-54.067408 192.490127 213.335104
-53.452393 193.330295 215.042697
273.913511 135.865014 -112.697783
273.047414 137.639144 -113.017684
272.181317 139.413275 -113.337586
271.315220 141.187405 -113.657487
270.449123 142.961536 -113.977389
269.583026 144.735666 -114.297291
268.716928 146.509797 -114.617192
267.850831 148.283927 -114.937094
266.984734 150.058057 -115.256995
266.118637 151.832188 -115.576897
265.252540 153.606318 -115.896799
264.386443 155.380449 -116.216700
263.520346 157.154579 -116.536602
262.654249 158.928710 -116.856503
261.788152 160.702840 -117.176405
260.922055 162.476971 -117.496307
260.055958 164.251101 -117.816208
259.189861 166.025232 -118.136110
258.323764 167.799362 -118.456011
257.457667 169.573492 -118.775913
256.591570 171.347623 -119.095815
255.725473 173.121753 -119.415716
254.859376 174.895884 -119.735618
253.993279 176.670014 -120.055519
253.127182 178.444145 -120.375421
252.261084 180.218275 -120.695323
251.394987 181.992406 -121.015224
250.528890 183.766536 -121.335126
249.662793 185.540667 -121.655027
248.796696 187.314797 -121.974929
247.930599 189.088927 -122.294831
247.064502 190.863058 -122.614732
246.198405 192.637188 -122.934634
245.332308 194.411319 -123.254535
244.466211 196.185449 -123.574437
243.600114 197.959580 -123.894339
242.734017 199.733710 -124.214240
241.867920 201.507841 -124.534142
241.001823 203.281971 -124.854043
240.135726 205.056101 -125.173945
239.269629 206.830232 -125.493847
238.403532 208.604362 -125.813748
237.537435 210.378493 -126.133650
236.671338 212.152623 -126.453551
235.805240 213.926754 -126.773453
234.939143 215.700884 -127.093355
234.073046 217.475015 -127.413256
233.206949 219.249145 -127.733158
232.340852 221.023276 -128.053059
231.474755 222.797406 -128.372961
230.608658 224.571536 -128.692863
229.742561 226.345667 -129.012764
228.876464 228.119797 -129.332666
228.010367 229.893928 -129.652567
227.144270 231.668058 -129.972469
226.278173 233.442189 -130.292371
225.412076 235.216319 -130.612272
224.545979 236.990450 -130.932174
223.679882 238.764580 -131.252075
222.813785 240.538711 -131.571977
221.947688 242.312841 -131.891879
221.081591 244.086971 -132.211780
220.215494 245.861102 -132.531682
219.349396 247.635232 -132.851583
218.483299 249.409363 -133.171485
217.617202 251.183493 -133.491387
216.751105 252.957624 -133.811288
215.885008 254.731754 -134.131190
215.018911 256.505885 -134.451091
214.152814 258.280015 -134.770993
58.078695 268.012681 180.140245
56.349405 267.335987 180.882971
54.620115 266.659293 181.625697
52.890825 265.982599 182.368423
51.161536 265.305905 183.111149
49.432246 264.629210 183.853875
47.702956 263.952516 184.596601
45.973666 263.275822 185.339327
44.244377 262.599128 186.082053
42.515087 261.922434 186.824779
40.785797 261.245740 187.567505
39.056507 260.569046 188.310231
37.327218 259.892351 189.052957
35.597928 259.215657 189.795683
33.868638 258.538963 190.538410
32.139348 257.862269 191.281136
30.410059 257.185575 192.023862
28.680769 256.508881 192.766588
26.951479 255.832186 193.509314
25.222189 255.155492 194.252040
23.492900 254.478798 194.994766
21.763610 253.802104 195.737492
20.034320 253.125410 196.480218
18.305030 252.448716 197.222944
16.575740 251.772021 197.965670
14.846451 251.095327 198.708396
13.117161 250.418633 199.451122
11.387871 249.741939 200.193848
9.658581 249.065245 200.936574
7.929292 248.388551 201.679300
6.200002 247.711857 202.422026
4.470712 247.035162 203.164752
2.741422 246.358468 203.907478
1.012133 245.681774 204.650204
-0.717157 245.005080 205.392930
-2.446447 244.328386 206.135656
-4.175737 243.651692 206.878382
-5.905026 242.974997 207.621108
-7.634316 242.298303 208.363834
-9.363606 241.621609 209.106560
-11.092896 240.944915 209.849286
-12.822185 240.268221 210.592012
-14.551475 239.591527 211.334738
-16.280765 238.914832 212.077464
-18.010055 238.238138 212.820190
-19.739344 237.561444 213.562916
-21.468634 236.884750 214.305642
-23.197924 236.208056 215.048369
-24.927214 235.531362 215.791095
-26.656503 234.854668 216.533821
-28.385793 234.177973 217.276547
-30.115083 233.501279 218.019273
-31.844373 232.824585 218.761999
-33.573662 232.147891 219.504725
-35.302952 231.471197 220.247451
-37.032242 230.794503 220.990177
-38.761532 230.117808 221.732903
-40.490821 229.441114 222.475629
-42.220111 228.764420 223.218355
-43.949401 228.087726 223.961081
-45.678691 227.411032 224.703807
-47.407980 226.734338 225.446533
-49.137270 226.057643 226.189259
-50.866560 225.380949 226.931985
-52.595850 224.704255 227.674711
-54.325139 224.027561 228.417437
-56.054429 223.350867 229.160163
-57.783719 222.674173 229.902889
-59.513009 221.997478 230.645615
-61.242299 221.320784 231.388341
-213.469648 256.631754 -166.769501
-214.263410 254.859346 -167.247529
-215.057172 253.086938 -167.725558
-215.850934 251.314530 -168.203587
-216.644696 249.542122 -168.681615
-217.438458 247.769714 -169.159644
-218.232220 245.997306 -169.637673
-219.025982 244.224897 -170.115701
-219.819744 242.452489 -170.593730
-220.613506 240.680081 -171.071759
-221.407268 238.907673 -171.549787
-222.201030 237.135265 -172.027816
-222.994792 235.362857 -172.505845
-223.788554 233.590449 -172.983873
-224.582316 231.818041 -173.461902
-225.376078 230.045633 -173.939930
-226.169840 228.273224 -174.417959
-226.963602 226.500816 -174.895988
-227.757364 224.728408 -175.374016
-228.551126 222.956000 -175.852045
-229.344888 221.183592 -176.330074
-230.138650 219.411184 -176.808102
-230.932412 217.638776 -177.286131
-231.726174 215.866368 -177.764160
-232.519936 214.093960 -178.242188
-233.313698 212.321551 -178.720217
-234.107460 210.549143 -179.198246
-234.901222 208.776735 -179.676274
-235.694984 207.004327 -180.154303
-236.488746 205.231919 -180.632332
-237.282508 203.459511 -181.110360
-238.076270 201.687103 -181.588389
-238.870032 199.914695 -182.066418
-239.663794 198.142287 -182.544446
-240.457556 196.369878 -183.022475
-241.251318 194.597470 -183.500503
-242.045079 192.825062 -183.978532
-242.838841 191.052654 -184.456561
-243.632603 189.280246 -184.934589
-244.426365 187.507838 -185.412618
-245.220127 185.735430 -185.890647
-246.013889 183.963022 -186.368675
-246.807651 182.190613 -186.846704
-247.601413 180.418205 -187.324733
-248.395175 178.645797 -187.802761
-249.188937 176.873389 -188.280790
-249.982699 175.100981 -188.758819
-250.776461 173.328573 -189.236847
-251.570223 171.556165 -189.714876
-252.363985 169.783757 -190.192905
-253.157747 168.011349 -190.670933
-253.951509 166.238940 -191.148962
-254.745271 164.466532 -191.626991
-255.539033 162.694124 -192.105019
-256.332795 160.921716 -192.583048
-257.126557 159.149308 -193.061077
-257.920319 157.376900 -193.539105
-258.714081 155.604492 -194.017134
-259.507843 153.832084 -194.495162
-260.301605 152.059676 -194.973191
-261.095367 150.287267 -195.451220
-261.889129 148.514859 -195.929248
-262.682891 146.742451 -196.407277
-263.476653 144.970043 -196.885306
-264.270415 143.197635 -197.363334
-265.064177 141.425227 -197.841363
-265.857939 139.652819 -198.319392
-266.651701 137.880411 -198.797420
-267.445463 136.108003 -199.275449
-268.239225 134.335594 -199.753478
115.684674 -74.288953 -187.915758
116.494958 -75.994293 -187.256020
117.305242 -77.699634 -186.596282
118.115526 -79.404974 -185.936544
118.925810 -81.110314 -185.276806
119.736094 -82.815655 -184.617068
120.546378 -84.520995 -183.957330
121.356662 -86.226335 -183.297592
122.166946 -87.931675 -182.637853
122.977230 -89.637016 -181.978115
123.787514 -91.342356 -181.318377
124.597798 -93.047696 -180.658639
125.408082 -94.753036 -179.998901
126.218366 -96.458377 -179.339163
127.028650 -98.163717 -178.679425
127.838934 -99.869057 -178.019687
128.649219 -101.574398 -177.359949
129.459503 -103.279738 -176.700211
130.269787 -104.985078 -176.040473
131.080071 -106.690418 -175.380735
131.890355 -108.395759 -174.720997
132.700639 -110.101099 -174.061259
133.510923 -111.806439 -173.401521
134.321207 -113.511780 -172.741783
135.131491 -115.217120 -172.082045
135.941775 -116.922460 -171.422307
136.752059 -118.627800 -170.762569
137.562343 -120.333141 -170.102830
138.372627 -122.038481 -169.443092
139.182911 -123.743821 -168.783354
139.993195 -125.449161 -168.123616
140.803479 -127.154502 -167.463878
141.613763 -128.859842 -166.804140
142.424047 -130.565182 -166.144402
143.234331 -132.270523 -165.484664
144.044616 -133.975863 -164.824926
144.854900 -135.681203 -164.165188
145.665184 -137.386543 -163.505450
146.475468 -139.091884 -162.845712
147.285752 -140.797224 -162.185974
148.096036 -142.502564 -161.526236
148.906320 -144.207904 -160.866498
149.716604 -145.913245 -160.206760
150.526888 -147.618585 -159.547022
151.337172 -149.323925 -158.887284
152.147456 -151.029266 -158.227546
152.957740 -152.734606 -157.567808
153.768024 -154.439946 -156.908069
154.578308 -156.145286 -156.248331
155.388592 -157.850627 -155.588593
156.198876 -159.555967 -154.928855
157.009160 -161.261307 -154.269117
157.819444 -162.966648 -153.609379
158.629729 -164.671988 -152.949641
159.440013 -166.377328 -152.289903
160.250297 -168.082668 -151.630165
161.060581 -169.788009 -150.970427
161.870865 -171.493349 -150.310689
162.681149 -173.198689 -149.650951
163.491433 -174.904029 -148.991213
164.301717 -176.609370 -148.331475
165.112001 -178.314710 -147.671737
165.922285 -180.020050 -147.011999
166.732569 -181.725391 -146.352261
167.542853 -183.430731 -145.692523
168.353137 -185.136071 -145.032785
169.163421 -186.841411 -144.373046
169.973705 -188.546752 -143.713308
170.783989 -190.252092 -143.053570
171.594273 -191.957432 -142.393832
-227.042771 -267.672930 77.204798
-225.195633 -267.524543 76.452426
-223.348495 -267.376157 75.700054
-221.501358 -267.227771 74.947682
-219.654220 -267.079384 74.195309
-217.807082 -266.930998 73.442937
-215.959945 -266.782612 72.690565
-214.112807 -266.634225 71.938193
-212.265669 -266.485839 71.185820
-210.418532 -266.337453 70.433448
-208.571394 -266.189066 69.681076
-206.724256 -266.040680 68.928704
-204.877119 -265.892294 68.176332
-203.029981 -265.743908 67.423959
-201.182843 -265.595521 66.671587
-199.335706 -265.447135 65.919215
-197.488568 -265.298749 65.166843
-195.641430 -265.150362 64.414471
-193.794293 -265.001976 63.662098
-191.947155 -264.853590 62.909726
-190.100017 -264.705203 62.157354
-188.252880 -264.556817 61.404982
-186.405742 -264.408431 60.652609
-184.558604 -264.260045 59.900237
-182.711467 -264.111658 59.147865
-180.864329 -263.963272 58.395493
-179.017191 -263.814886 57.643121
-177.170054 -263.666499 56.890748
-175.322916 -263.518113 56.138376
-173.475778 -263.369727 55.386004
-171.628641 -263.221340 54.633632
-169.781503 -263.072954 53.881259
-167.934365 -262.924568 53.128887
-166.087228 -262.776181 52.376515
-164.240090 -262.627795 51.624143
-162.392952 -262.479409 50.871771
-160.545815 -262.331023 50.119398
-158.698677 -262.182636 49.367026
-156.851539 -262.034250 48.614654
-155.004402 -261.885864 47.862282
-153.157264 -261.737477 47.109909
-151.310126 -261.589091 46.357537
-149.462989 -261.440705 45.605165
-147.615851 -261.292318 44.852793
-145.768713 -261.143932 44.100421
-143.921576 -260.995546 43.348048
-142.074438 -260.847159 42.595676
-140.227300 -260.698773 41.843304
-138.380163 -260.550387 41.090932
-136.533025 -260.402001 40.338560
-134.685887 -260.253614 39.586187
-132.838750 -260.105228 38.833815
-130.991612 -259.956842 38.081443
-129.144474 -259.808455 37.329071
-127.297337 -259.660069 36.576698
-125.450199 -259.511683 35.824326
-123.603061 -259.363296 35.071954
-121.755924 -259.214910 34.319582
-119.908786 -259.066524 33.567210
-118.061648 -258.918138 32.814837
-116.214511 -258.769751 32.062465
-114.367373 -258.621365 31.310093
-112.520235 -258.472979 30.557721
-110.673098 -258.324592 29.805348
-108.825960 -258.176206 29.052976
-106.978822 -258.027820 28.300604
-105.131685 -257.879433 27.548232
-103.284547 -257.731047 26.795860
-101.437409 -257.582661 26.043487
-99.590272 -257.434274 25.291115
114.012693 -159.128522 -109.862015
115.697617 -160.126610 -110.268033
117.382542 -161.124697 -110.674052
119.067466 -162.122784 -111.080071
120.752391 -163.120871 -111.486090
122.437315 -164.118958 -111.892109
124.122240 -165.117046 -112.298127
125.807164 -166.115133 -112.704146
127.492089 -167.113220 -113.110165
129.177013 -168.111307 -113.516184
130.861938 -169.109395 -113.922203
132.546862 -170.107482 -114.328221
134.231787 -171.105569 -114.734240
135.916711 -172.103656 -115.140259
137.601636 -173.101744 -115.546278
139.286561 -174.099831 -115.952297
140.971485 -175.097918 -116.358315
142.656410 -176.096005 -116.764334
144.341334 -177.094092 -117.170353
146.026259 -178.092180 -117.576372
147.711183 -179.090267 -117.982391
149.396108 -180.088354 -118.388409
151.081032 -181.086441 -118.794428
152.765957 -182.084529 -119.200447
154.450881 -183.082616 -119.606466
156.135806 -184.080703 -120.012485
157.820730 -185.078790 -120.418503
159.505655 -186.076878 -120.824522
161.190579 -187.074965 -121.230541
162.875504 -188.073052 -121.636560
164.560428 -189.071139 -122.042579
166.245353 -190.069226 -122.448597
167.930277 -191.067314 -122.854616
169.615202 -192.065401 -123.260635
171.300126 -193.063488 -123.666654
172.985051 -194.061575 -124.072673
174.669975 -195.059663 -124.478691
176.354900 -196.057750 -124.884710
178.039824 -197.055837 -125.290729
179.724749 -198.053924 -125.696748
181.409673 -199.052012 -126.102767
183.094598 -200.050099 -126.508785
184.779522 -201.048186 -126.914804
186.464447 -202.046273 -127.320823
188.149371 -203.044360 -127.726842
189.834296 -204.042448 -128.132861
191.519220 -205.040535 -128.538879
193.204145 -206.038622 -128.944898
194.889069 -207.036709 -129.350917
196.573994 -208.034797 -129.756936
198.258918 -209.032884 -130.162955
199.943843 -210.030971 -130.568973
201.628768 -211.029058 -130.974992
203.313692 -212.027146 -131.381011
204.998617 -213.025233 -131.787030
206.683541 -214.023320 -132.193049
208.368466 -215.021407 -132.599067
210.053390 -216.019494 -133.005086
211.738315 -217.017582 -133.411105
213.423239 -218.015669 -133.817124
215.108164 -219.013756 -134.223143
216.793088 -220.011843 -134.629161
218.478013 -221.009931 -135.035180
220.162937 -222.008018 -135.441199
221.847862 -223.006105 -135.847218
223.532786 -224.004192 -136.253237
225.217711 -225.002280 -136.659255
226.902635 -226.000367 -137.065274
228.587560 -226.998454 -137.471293
230.272484 -227.996541 -137.877312
166.757964 208.392219 20.842634
165.338897 207.576756 19.693168
163.919831 206.761292 18.543703
162.500765 205.945829 17.394238
161.081699 205.130365 16.244772
159.662632 204.314902 15.095307
158.243566 203.499439 13.945842
156.824500 202.683975 12.796377
155.405434 201.868512 11.646911
153.986368 201.053048 10.497446
152.567301 200.237585 9.347981
151.148235 199.422121 8.198516
149.729169 198.606658 7.049050
148.310103 197.791194 5.899585
146.891036 196.975731 4.750120
145.471970 196.160268 3.600654
144.052904 195.344804 2.451189
142.633838 194.529341 1.301724
141.214772 193.713877 0.152259
139.795705 192.898414 -0.997207
138.376639 192.082950 -2.146672
136.957573 191.267487 -3.296137
135.538507 190.452023 -4.445603
134.119440 189.636560 -5.595068
132.700374 188.821097 -6.744533
131.281308 188.005633 -7.893998
129.862242 187.190170 -9.043464
128.443176 186.374706 -10.192929
127.024109 185.559243 -11.342394
125.605043 184.743779 -12.491860
124.185977 183.928316 -13.641325
122.766911 183.112852 -14.790790
121.347844 182.297389 -15.940255
119.928778 181.481926 -17.089721
118.509712 180.666462 -18.239186
117.090646 179.850999 -19.388651
115.671580 179.035535 -20.538116
114.252513 178.220072 -21.687582
112.833447 177.404608 -22.837047
111.414381 176.589145 -23.986512
109.995315 175.773681 -25.135978
108.576248 174.958218 -26.285443
107.157182 174.142754 -27.434908
105.738116 173.327291 -28.584373
104.319050 172.511828 -29.733839
102.899984 171.696364 -30.883304
101.480917 170.880901 -32.032769
100.061851 170.065437 -33.182235
98.642785 169.249974 -34.331700
97.223719 168.434510 -35.481165
95.804652 167.619047 -36.630630
94.385586 166.803583 -37.780096
92.966520 165.988120 -38.929561
91.547454 165.172657 -40.079026
90.128388 164.357193 -41.228492
88.709321 163.541730 -42.377957
87.290255 162.726266 -43.527422
85.871189 161.910803 -44.676887
84.452123 161.095339 -45.826353
83.033056 160.279876 -46.975818
81.613990 159.464412 -48.125283
80.194924 158.648949 -49.274748
78.775858 157.833486 -50.424214
77.356792 157.018022 -51.573679
75.937725 156.202559 -52.723144
74.518659 155.387095 -53.872610
73.099593 154.571632 -55.022075
71.680527 153.756168 -56.171540
70.261461 152.940705 -57.321005
68.842394 152.125241 -58.470471
140.524946 -104.274137 42.455534
138.997904 -103.044859 42.059280
137.470861 -101.815581 41.663025
135.943819 -100.586303 41.266771
134.416777 -99.357025 40.870517
132.889734 -98.127747 40.474262
131.362692 -96.898469 40.078008
129.835650 -95.669191 39.681754
128.308607 -94.439913 39.285499
126.781565 -93.210635 38.889245
125.254523 -91.981358 38.492991
123.727480 -90.752080 38.096736
122.200438 -89.522802 37.700482
120.673396 -88.293524 37.304228
119.146353 -87.064246 36.907973
117.619311 -85.834968 36.511719
116.092269 -84.605690 36.115465
114.565226 -83.376412 35.719210
113.038184 -82.147134 35.322956
111.511142 -80.917856 34.926702
109.984099 -79.688578 34.530447
108.457057 -78.459300 34.134193
106.930015 -77.230023 33.737939
105.402972 -76.000745 33.341684
103.875930 -74.771467 32.945430
102.348888 -73.542189 32.549176
100.821845 -72.312911 32.152921
99.294803 -71.083633 31.756667
97.767761 -69.854355 31.360413
96.240718 -68.625077 30.964158
94.713676 -67.395799 30.567904
93.186633 -66.166521 30.171650
91.659591 -64.937243 29.775396
90.132549 -63.707965 29.379141
88.605506 -62.478688 28.982887
87.078464 -61.249410 28.586633
85.551422 -60.020132 28.190378
84.024379 -58.790854 27.794124
82.497337 -57.561576 27.397870
80.970295 -56.332298 27.001615
79.443252 -55.103020 26.605361
77.916210 -53.873742 26.209107
76.389168 -52.644464 25.812852
74.862125 -51.415186 25.416598
73.335083 -50.185908 25.020344
71.808041 -48.956630 24.624089
70.280998 -47.727353 24.227835
68.753956 -46.498075 23.831581
67.226914 -45.268797 23.435326
65.699871 -44.039519 23.039072
64.172829 -42.810241 22.642818
62.645787 -41.580963 22.246563
61.118744 -40.351685 21.850309
59.591702 -39.122407 21.454055
58.064660 -37.893129 21.057800
56.537617 -36.663851 20.661546
55.010575 -35.434573 20.265292
53.483533 -34.205295 19.869037
51.956490 -32.976018 19.472783
50.429448 -31.746740 19.076529
48.902406 -30.517462 18.680274
47.375363 -29.288184 18.284020
45.848321 -28.058906 17.887766
44.321279 -26.829628 17.491511
42.794236 -25.600350 17.095257
41.267194 -24.371072 16.699003
39.740152 -23.141794 16.302748
38.213109 -21.912516 15.906494
36.686067 -20.683238 15.510240
35.159024 -19.453960 15.113986
-182.139891 -37.032068 -108.771815
-180.858573 -36.669426 -107.279597
-179.577256 -36.306784 -105.787378
-178.295939 -35.944143 -104.295159
-177.014621 -35.581501 -102.802940
-175.733304 -35.218859 -101.310721
-174.451987 -34.856217 -99.818503
-173.170669 -34.493575 -98.326284
-171.889352 -34.130934 -96.834065
-170.608035 -33.768292 -95.341846
-169.326718 -33.405650 -93.849628
-168.045400 -33.043008 -92.357409
-166.764083 -32.680366 -90.865190
-165.482766 -32.317725 -89.372971
-164.201448 -31.955083 -87.880753
-162.920131 -31.592441 -86.388534
-161.638814 -31.229799 -84.896315
-160.357496 -30.867157 -83.404096
-159.076179 -30.504516 -81.911877
-157.794862 -30.141874 -80.419659
-156.513544 -29.779232 -78.927440
-155.232227 -29.416590 -77.435221
-153.950910 -29.053948 -75.943002
-152.669593 -28.691306 -74.450784
-151.388275 -28.328665 -72.958565
-150.106958 -27.966023 -71.466346
-148.825641 -27.603381 -69.974127
-147.544323 -27.240739 -68.481908
-146.263006 -26.878097 -66.989690
-144.981689 -26.515456 -65.497471
-143.700371 -26.152814 -64.005252
-142.419054 -25.790172 -62.513033
-141.137737 -25.427530 -61.020815
-139.856419 -25.064888 -59.528596
-138.575102 -24.702247 -58.036377
-137.293785 -24.339605 -56.544158
-136.012467 -23.976963 -55.051939
-134.731150 -23.614321 -53.559721
-133.449833 -23.251679 -52.067502
-132.168516 -22.889038 -50.575283
-130.887198 -22.526396 -49.083064
-129.605881 -22.163754 -47.590846
-128.324564 -21.801112 -46.098627
-127.043246 -21.438470 -44.606408
-125.761929 -21.075828 -43.114189
-124.480612 -20.713187 -41.621971
-123.199294 -20.350545 -40.129752
-121.917977 -19.987903 -38.637533
-120.636660 -19.625261 -37.145314
-119.355342 -19.262619 -35.653095
-118.074025 -18.899978 -34.160877
-116.792708 -18.537336 -32.668658
-115.511391 -18.174694 -31.176439
-114.230073 -17.812052 -29.684220
-112.948756 -17.449410 -28.192002
-111.667439 -17.086769 -26.699783
-110.386121 -16.724127 -25.207564
-109.104804 -16.361485 -23.715345
-107.823487 -15.998843 -22.223126
-106.542169 -15.636201 -20.730908
-105.260852 -15.273560 -19.238689
-103.979535 -14.910918 -17.746470
-102.698217 -14.548276 -16.254251
-101.416900 -14.185634 -14.762033
-100.135583 -13.822992 -13.269814
-98.854266 -13.460350 -11.777595
-97.572948 -13.097709 -10.285376
-96.291631 -12.735067 -8.793157
-95.010314 -12.372425 -7.300939
-93.728996 -12.009783 -5.808720
-189.498957 -156.106630 -13.950062
-187.786129 -157.038551 -13.505381
-186.073300 -157.970471 -13.060700
-184.360471 -158.902392 -12.616019
-182.647642 -159.834313 -12.171337
-180.934814 -160.766233 -11.726656
-179.221985 -161.698154 -11.281975
-177.509156 -162.630075 -10.837294
-175.796327 -163.561996 -10.392612
-174.083498 -164.493916 -9.947931
-172.370670 -165.425837 -9.503250
-170.657841 -166.357758 -9.058569
-168.945012 -167.289678 -8.613888
-167.232183 -168.221599 -8.169206
-165.519355 -169.153520 -7.724525
-163.806526 -170.085440 -7.279844
-162.093697 -171.017361 -6.835163
-160.380868 -171.949282 -6.390481
-158.668039 -172.881203 -5.945800
-156.955211 -173.813123 -5.501119
-155.242382 -174.745044 -5.056438
-153.529553 -175.676965 -4.611757
-151.816724 -176.608885 -4.167075
-150.103896 -177.540806 -3.722394
-148.391067 -178.472727 -3.277713
-146.678238 -179.404648 -2.833032
-144.965409 -180.336568 -2.388350
-143.252580 -181.268489 -1.943669
-141.539752 -182.200410 -1.498988
-139.826923 -183.132330 -1.054307
-138.114094 -184.064251 -0.609626
-136.401265 -184.996172 -0.164944
-134.688437 -185.928092 0.279737
-132.975608 -186.860013 0.724418
-131.262779 -187.791934 1.169099
-129.549950 -188.723855 1.613781
-127.837122 -189.655775 2.058462
-126.124293 -190.587696 2.503143
-124.411464 -191.519617 2.947824
-122.698635 -192.451537 3.392505
-120.985806 -193.383458 3.837187
-119.272978 -194.315379 4.281868
-117.560149 -195.247299 4.726549
-115.847320 -196.179220 5.171230
-114.134491 -197.111141 5.615912
-112.421663 -198.043062 6.060593
-110.708834 -198.974982 6.505274
-108.996005 -199.906903 6.949955
-107.283176 -200.838824 7.394636
-105.570347 -201.770744 7.839318
-103.857519 -202.702665 8.283999
-102.144690 -203.634586 8.728680
-100.431861 -204.566506 9.173361
-98.719032 -205.498427 9.618043
-97.006204 -206.430348 10.062724
-95.293375 -207.362269 10.507405
-93.580546 -208.294189 10.952086
-91.867717 -209.226110 11.396767
-90.154888 -210.158031 11.841449
-88.442060 -211.089951 12.286130
-86.729231 -212.021872 12.730811
-85.016402 -212.953793 13.175492
-83.303573 -213.885713 13.620174
-81.590745 -214.817634 14.064855
-79.877916 -215.749555 14.509536
-78.165087 -216.681476 14.954217
-76.452258 -217.613396 15.398898
-74.739429 -218.545317 15.843580
-73.026601 -219.477238 16.288261
-71.313772 -220.409158 16.732942
180.307972 -299.748985 -259.876322
180.661118 -298.269316 -258.577912
181.014264 -296.789648 -257.279502
181.367410 -295.309979 -255.981092
181.720555 -293.830311 -254.682682
182.073701 -292.350642 -253.384272
182.426847 -290.870973 -252.085862
182.779993 -289.391305 -250.787451
183.133138 -287.911636 -249.489041
183.486284 -286.431968 -248.190631
183.839430 -284.952299 -246.892221
184.192576 -283.472630 -245.593811
184.545721 -281.992962 -244.295401
184.898867 -280.513293 -242.996991
185.252013 -279.033625 -241.698581
185.605159 -277.553956 -240.400170
185.958304 -276.074287 -239.101760
186.311450 -274.594619 -237.803350
186.664596 -273.114950 -236.504940
187.017742 -271.635282 -235.206530
187.370888 -270.155613 -233.908120
187.724033 -268.675944 -232.609710
188.077179 -267.196276 -231.311299
188.430325 -265.716607 -230.012889
188.783471 -264.236939 -228.714479
189.136616 -262.757270 -227.416069
189.489762 -261.277601 -226.117659
189.842908 -259.797933 -224.819249
190.196054 -258.318264 -223.520839
190.549199 -256.838596 -222.222428
190.902345 -255.358927 -220.924018
191.255491 -253.879258 -219.625608
191.608637 -252.399590 -218.327198
191.961782 -250.919921 -217.028788
192.314928 -249.440253 -215.730378
192.668074 -247.960584 -214.431968
193.021220 -246.480915 -213.133557
193.374365 -245.001247 -211.835147
193.727511 -243.521578 -210.536737
194.080657 -242.041909 -209.238327
194.433803 -240.562241 -207.939917
194.786948 -239.082572 -206.641507
195.140094 -237.602904 -205.343097
195.493240 -236.123235 -204.044686
195.846386 -234.643566 -202.746276
196.199532 -233.163898 -201.447866
196.552677 -231.684229 -200.149456
196.905823 -230.204561 -198.851046
197.258969 -228.724892 -197.552636
197.612115 -227.245223 -196.254226
197.965260 -225.765555 -194.955815
198.318406 -224.285886 -193.657405
198.671552 -222.806218 -192.358995
199.024698 -221.326549 -191.060585
199.377843 -219.846880 -189.762175
199.730989 -218.367212 -188.463765
200.084135 -216.887543 -187.165355
200.437281 -215.407875 -185.866945
200.790426 -213.928206 -184.568534
201.143572 -212.448537 -183.270124
201.496718 -210.968869 -181.971714
201.849864 -209.489200 -180.673304
202.203009 -208.009532 -179.374894
202.556155 -206.529863 -178.076484
202.909301 -205.050194 -176.778074
203.262447 -203.570526 -175.479663
203.615593 -202.090857 -174.181253
203.968738 -200.611189 -172.882843
204.321884 -199.131520 -171.584433
204.675030 -197.651851 -170.286023
-159.933978 36.549243 211.140110
-160.619509 34.737807 210.641366
-161.305040 32.926371 210.142622
-161.990572 31.114935 209.643878
-162.676103 29.303498 209.145134
-163.361634 27.492062 208.646390
-164.047166 25.680626 208.147646
-164.732697 23.869190 207.648902
-165.418228 22.057753 207.150158
-166.103759 20.246317 206.651414
-166.789291 18.434881 206.152670
-167.474822 16.623444 205.653926
-168.160353 14.812008 205.155182
-168.845884 13.000572 204.656438
-169.531416 11.189136 204.157694
-170.216947 9.377699 203.658950
-170.902478 7.566263 203.160206
-171.588009 5.754827 202.661462
-172.273541 3.943391 202.162718
-172.959072 2.131954 201.663974
-173.644603 0.320518 201.165230
-174.330135 -1.490918 200.666486
-175.015666 -3.302354 200.167742
-175.701197 -5.113791 199.668999
-176.386728 -6.925227 199.170255
-177.072260 -8.736663 198.671511
-177.757791 -10.548099 198.172767
-178.443322 -12.359536 197.674023
-179.128853 -14.170972 197.175279
-179.814385 -15.982408 196.676535
-180.499916 -17.793845 196.177791
-181.185447 -19.605281 195.679047
-181.870978 -21.416717 195.180303
-182.556510 -23.228153 194.681559
-183.242041 -25.039590 194.182815
-183.927572 -26.851026 193.684071
-184.613103 -28.662462 193.185327
-185.298635 -30.473898 192.686583
-185.984166 -32.285335 192.187839
-186.669697 -34.096771 191.689095
-187.355229 -35.908207 191.190351
-188.040760 -37.719643 190.691607
-188.726291 -39.531080 190.192863
-189.411822 -41.342516 189.694119
-190.097354 -43.153952 189.195375
-190.782885 -44.965388 188.696631
-191.468416 -46.776825 188.197887
-192.153947 -48.588261 187.699143
-192.839479 -50.399697 187.200399
-193.525010 -52.211134 186.701655
-194.210541 -54.022570 186.202911
-194.896072 -55.834006 185.704167
-195.581604 -57.645442 185.205423
-196.267135 -59.456879 184.706679
-196.952666 -61.268315 184.207935
-197.638197 -63.079751 183.709191
-198.323729 -64.891187 183.210447
-199.009260 -66.702624 182.711703
-199.694791 -68.514060 182.212959
-200.380323 -70.325496 181.714216
-201.065854 -72.136932 181.215472
-201.751385 -73.948369 180.716728
-202.436916 -75.759805 180.217984
-203.122448 -77.571241 179.719240
-203.807979 -79.382677 179.220496
-204.493510 -81.194114 178.721752
-205.179041 -83.005550 178.223008
-205.864573 -84.816986 177.724264
-206.550104 -86.628423 177.225520
-207.235635 -88.439859 176.726776
125.078490 -182.895739 -196.639688
123.178695 -182.691241 -196.048959
121.278900 -182.486743 -195.458230
119.379105 -182.282246 -194.867502
117.479310 -182.077748 -194.276773
115.579515 -181.873251 -193.686044
113.679721 -181.668753 -193.095316
111.779926 -181.464255 -192.504587
109.880131 -181.259758 -191.913858
107.980336 -181.055260 -191.323130
106.080541 -180.850763 -190.732401
104.180746 -180.646265 -190.141672
102.280952 -180.441767 -189.550944
100.381157 -180.237270 -188.960215
98.481362 -180.032772 -188.369486
96.581567 -179.828275 -187.778758
94.681772 -179.623777 -187.188029
92.781977 -179.419279 -186.597300
90.882183 -179.214782 -186.006572
88.982388 -179.010284 -185.415843
87.082593 -178.805787 -184.825114
85.182798 -178.601289 -184.234386
83.283003 -178.396791 -183.643657
81.383208 -178.192294 -183.052929
79.483414 -177.987796 -182.462200
77.583619 -177.783299 -181.871471
75.683824 -177.578801 -181.280743
73.784029 -177.374303 -180.690014
71.884234 -177.169806 -180.099285
69.984440 -176.965308 -179.508557
68.084645 -176.760811 -178.917828
66.184850 -176.556313 -178.327099
64.285055 -176.351815 -177.736371
62.385260 -176.147318 -177.145642
60.485465 -175.942820 -176.554913
58.585671 -175.738323 -175.964185
56.685876 -175.533825 -175.373456
54.786081 -175.329327 -174.782727
52.886286 -175.124830 -174.191999
50.986491 -174.920332 -173.601270
49.086696 -174.715834 -173.010541
47.186902 -174.511337 -172.419813
45.287107 -174.306839 -171.829084
43.387312 -174.102342 -171.238355
41.487517 -173.897844 -170.647627
39.587722 -173.693346 -170.056898
37.687927 -173.488849 -169.466169
35.788133 -173.284351 -168.875441
33.888338 -173.079854 -168.284712
31.988543 -172.875356 -167.693983
30.088748 -172.670858 -167.103255
28.188953 -172.466361 -166.512526
26.289159 -172.261863 -165.921797
24.389364 -172.057366 -165.331069
22.489569 -171.852868 -164.740340
20.589774 -171.648370 -164.149612
18.689979 -171.443873 -163.558883
16.790184 -171.239375 -162.968154
14.890390 -171.034878 -162.377426
12.990595 -170.830380 -161.786697
11.090800 -170.625882 -161.195968
9.191005 -170.421385 -160.605240
7.291210 -170.216887 -160.014511
5.391415 -170.012390 -159.423782
3.491621 -169.807892 -158.833054
1.591826 -169.603394 -158.242325
-0.307969 -169.398897 -157.651596
-2.207764 -169.194399 -157.060868
-4.107559 -168.989902 -156.470139
-6.007354 -168.785404 -155.879410
164.579967 211.446150 -153.456501
162.790462 210.553265 -153.477213
161.000958 209.660380 -153.497924
159.211453 208.767495 -153.518635
157.421948 207.874610 -153.539347
155.632443 206.981725 -153.560058
153.842938 206.088840 -153.580769
152.053434 205.195955 -153.601480
150.263929 204.303070 -153.622192
148.474424 203.410184 -153.642903
146.684919 202.517299 -153.663614
144.895415 201.624414 -153.684325
143.105910 200.731529 -153.705037
141.316405 199.838644 -153.725748
139.526900 198.945759 -153.746459
137.737396 198.052874 -153.767171
135.947891 197.159989 -153.787882
134.158386 196.267104 -153.808593
132.368881 195.374219 -153.829304
130.579376 194.481334 -153.850016
128.789872 193.588449 -153.870727
127.000367 192.695564 -153.891438
125.210862 191.802679 -153.912150
123.421357 190.909794 -153.932861
121.631853 190.016909 -153.953572
119.842348 189.124024 -153.974283
118.052843 188.231138 -153.994995
116.263338 187.338253 -154.015706
114.473834 186.445368 -154.036417
112.684329 185.552483 -154.057128
110.894824 184.659598 -154.077840
109.105319 183.766713 -154.098551
107.315814 182.873828 -154.119262
105.526310 181.980943 -154.139974
103.736805 181.088058 -154.160685
101.947300 180.195173 -154.181396
100.157795 179.302288 -154.202107
98.368291 178.409403 -154.222819
96.578786 177.516518 -154.243530
94.789281 176.623633 -154.264241
92.999776 175.730748 -154.284952
91.210272 174.837863 -154.305664
89.420767 173.944977 -154.326375
87.631262 173.052092 -154.347086
85.841757 172.159207 -154.367798
84.052253 171.266322 -154.388509
82.262748 170.373437 -154.409220
80.473243 169.480552 -154.429931
78.683738 168.587667 -154.450643
76.894233 167.694782 -154.471354
75.104729 166.801897 -154.492065
73.315224 165.909012 -154.512777
71.525719 165.016127 -154.533488
69.736214 164.123242 -154.554199
67.946710 163.230357 -154.574910
66.157205 162.337472 -154.595622
64.367700 161.444587 -154.616333
62.578195 160.551702 -154.637044
60.788691 159.658817 -154.657755
58.999186 158.765931 -154.678467
57.209681 157.873046 -154.699178
55.420176 156.980161 -154.719889
53.630671 156.087276 -154.740601
51.841167 155.194391 -154.761312
50.051662 154.301506 -154.782023
48.262157 153.408621 -154.802734
46.472652 152.515736 -154.823446
44.683148 151.622851 -154.844157
42.893643 150.729966 -154.864868
41.104138 149.837081 -154.885579
54.259089 107.455746 80.916268
52.259260 107.481631 80.920075
50.259431 107.507516 80.923881
48.259602 107.533402 80.927687
46.259773 107.559287 80.931494
44.259945 107.585172 80.935300
42.260116 107.611058 80.939106
40.260287 107.636943 80.942913
38.260458 107.662828 80.946719
36.260629 107.688714 80.950525
34.260800 107.714599 80.954332
32.260971 107.740484 80.958138
30.261143 107.766370 80.961944
28.261314 107.792255 80.965751
26.261485 107.818140 80.969557
24.261656 107.844026 80.973363
22.261827 107.869911 80.977170
20.261998 107.895796 80.980976
18.262169 107.921682 80.984782
16.262341 107.947567 80.988589
14.262512 107.973452 80.992395
12.262683 107.999338 80.996201
10.262854 108.025223 81.000008
8.263025 108.051108 81.003814
6.263196 108.076994 81.007621
4.263367 108.102879 81.011427
2.263539 108.128764 81.015233
0.263710 108.154650 81.019040
-1.736119 108.180535 81.022846
-3.735948 108.206420 81.026652
-5.735777 108.232306 81.030459
-7.735606 108.258191 81.034265
-9.735435 108.284077 81.038071
-11.735263 108.309962 81.041878
-13.735092 108.335847 81.045684
-15.734921 108.361733 81.049490
-17.734750 108.387618 81.053297
-19.734579 108.413503 81.057103
-21.734408 108.439389 81.060909
-23.734237 108.465274 81.064716
-25.734065 108.491159 81.068522
-27.733894 108.517045 81.072328
-29.733723 108.542930 81.076135
-31.733552 108.568815 81.079941
-33.733381 108.594701 81.083747
-35.733210 108.620586 81.087554
-37.733039 108.646471 81.091360
-39.732867 108.672357 81.095167
-41.732696 108.698242 81.098973
-43.732525 108.724127 81.102779
-45.732354 108.750013 81.106586
-47.732183 108.775898 81.110392
-49.732012 108.801783 81.114198
-51.731841 108.827669 81.118005
-53.731669 108.853554 81.121811
-55.731498 108.879439 81.125617
-57.731327 108.905325 81.129424
-59.731156 108.931210 81.133230
-61.730985 108.957095 81.137036
-63.730814 108.982981 81.140843
-65.730643 109.008866 81.144649
-67.730471 109.034751 81.148455
-69.730300 109.060637 81.152262
-71.730129 109.086522 81.156068
-73.729958 109.112407 81.159874
-75.729787 109.138293 81.163681
-77.729616 109.164178 81.167487
-79.729445 109.190063 81.171293
-81.729273 109.215949 81.175100
-83.729102 109.241834 81.178906
3.300047 -152.758047 6.005164
1.780143 -151.487991 5.727946
0.260239 -150.217934 5.450728
-1.259665 -148.947878 5.173510
-2.779569 -147.677822 4.896292
-4.299473 -146.407766 4.619074
-5.819376 -145.137710 4.341856
-7.339280 -143.867654 4.064638
-8.859184 -142.597598 3.787419
-10.379088 -141.327542 3.510201
-11.898992 -140.057486 3.232983
-13.418896 -138.787430 2.955765
-14.938799 -137.517374 2.678547
-16.458703 -136.247317 2.401329
-17.978607 -134.977261 2.124111
-19.498511 -133.707205 1.846893
-21.018415 -132.437149 1.569675
-22.538319 -131.167093 1.292457
-24.058222 -129.897037 1.015239
-25.578126 -128.626981 0.738021
-27.098030 -127.356925 0.460803
-28.617934 -126.086869 0.183585
-30.137838 -124.816813 -0.093633
-31.657742 -123.546756 -0.370851
-33.177645 -122.276700 -0.648069
-34.697549 -121.006644 -0.925287
-36.217453 -119.736588 -1.202505
-37.737357 -118.466532 -1.479723
-39.257261 -117.196476 -1.756941
-40.777165 -115.926420 -2.034159
-42.297069 -114.656364 -2.311377
-43.816972 -113.386308 -2.588595
-45.336876 -112.116252 -2.865813
-46.856780 -110.846195 -3.143031
-48.376684 -109.576139 -3.420249
-49.896588 -108.306083 -3.697467
-51.416492 -107.036027 -3.974685
-52.936395 -105.765971 -4.251903
-54.456299 -104.495915 -4.529121
-55.976203 -103.225859 -4.806339
-57.496107 -101.955803 -5.083557
-59.016011 -100.685747 -5.360775
-60.535915 -99.415691 -5.637993
-62.055818 -98.145634 -5.915211
-63.575722 -96.875578 -6.192429
-65.095626 -95.605522 -6.469648
-66.615530 -94.335466 -6.746866
-68.135434 -93.065410 -7.024084
-69.655338 -91.795354 -7.301302
-71.175241 -90.525298 -7.578520
-72.695145 -89.255242 -7.855738
-74.215049 -87.985186 -8.132956
-75.734953 -86.715130 -8.410174
-77.254857 -85.445073 -8.687392
-78.774761 -84.175017 -8.964610
-80.294664 -82.904961 -9.241828
-81.814568 -81.634905 -9.519046
-83.334472 -80.364849 -9.796264
-84.854376 -79.094793 -10.073482
-86.374280 -77.824737 -10.350700
-87.894184 -76.554681 -10.627918
-89.414087 -75.284625 -10.905136
-90.933991 -74.014569 -11.182354
-92.453895 -72.744512 -11.459572
-93.973799 -71.474456 -11.736790
-95.493703 -70.204400 -12.014008
-97.013607 -68.934344 -12.291226
-98.533510 -67.664288 -12.568444
-100.053414 -66.394232 -12.845662
-101.573318 -65.124176 -13.122880
-264.383712 64.562761 -5.364398
-264.810364 64.943234 -7.280960
-265.237015 65.323706 -9.197521
-265.663667 65.704179 -11.114083
-266.090319 66.084652 -13.030645
-266.516970 66.465125 -14.947206
-266.943622 66.845598 -16.863768
-267.370274 67.226071 -18.780330
-267.796926 67.606543 -20.696892
-268.223577 67.987016 -22.613453
-268.650229 68.367489 -24.530015
-269.076881 68.747962 -26.446577
-269.503533 69.128435 -28.363138
-269.930184 69.508908 -30.279700
-270.356836 69.889381 -32.196262
-270.783488 70.269853 -34.112823
-271.210139 70.650326 -36.029385
-271.636791 71.030799 -37.945947
-272.063443 71.411272 -39.862508
-272.490095 71.791745 -41.779070
-272.916746 72.172218 -43.695632
-273.343398 72.552691 -45.612193
-273.770050 72.933163 -47.528755
-274.196702 73.313636 -49.445317
-274.623353 73.694109 -51.361879
-275.050005 74.074582 -53.278440
-275.476657 74.455055 -55.195002
-275.903308 74.835528 -57.111564
-276.329960 75.216001 -59.028125
-276.756612 75.596473 -60.944687
-277.183264 75.976946 -62.861249
-277.609915 76.357419 -64.777810
-278.036567 76.737892 -66.694372
-278.463219 77.118365 -68.610934
-278.889870 77.498838 -70.527495
-279.316522 77.879311 -72.444057
-279.743174 78.259783 -74.360619
-280.169826 78.640256 -76.277181
-280.596477 79.020729 -78.193742
-281.023129 79.401202 -80.110304
-281.449781 79.781675 -82.026866
-281.876433 80.162148 -83.943427
-282.303084 80.542621 -85.859989
-282.729736 80.923093 -87.776551
-283.156388 81.303566 -89.693112
-283.583039 81.684039 -91.609674
-284.009691 82.064512 -93.526236
-284.436343 82.444985 -95.442797
-284.862995 82.825458 -97.359359
-285.289646 83.205931 -99.275921
-285.716298 83.586403 -101.192482
-286.142950 83.966876 -103.109044
-286.569602 84.347349 -105.025606
-286.996253 84.727822 -106.942168
-287.422905 85.108295 -108.858729
-287.849557 85.488768 -110.775291
-288.276208 85.869241 -112.691853
-288.702860 86.249713 -114.608414
-289.129512 86.630186 -116.524976
-289.556164 87.010659 -118.441538
-289.982815 87.391132 -120.358099
-290.409467 87.771605 -122.274661
-290.836119 88.152078 -124.191223
-291.262771 88.532551 -126.107784
-291.689422 88.913023 -128.024346
-292.116074 89.293496 -129.940908
-292.542726 89.673969 -131.857470
-292.969377 90.054442 -133.774031
-293.396029 90.434915 -135.690593
-293.822681 90.815388 -137.607155
100.265812 259.823932 225.846524
102.068003 259.127796 225.329318
103.870194 258.431660 224.812112
105.672385 257.735524 224.294905
107.474576 257.039388 223.777699
109.276767 256.343252 223.260493
111.078959 255.647116 222.743287
112.881150 254.950980 222.226081
114.683341 254.254845 221.708874
116.485532 253.558709 221.191668
118.287723 252.862573 220.674462
120.089914 252.166437 220.157256
121.892105 251.470301 219.640050
123.694296 250.774165 219.122843
125.496487 250.078029 218.605637
127.298678 249.381893 218.088431
129.100869 248.685757 217.571225
130.903060 247.989622 217.054019
132.705251 247.293486 216.536812
134.507442 246.597350 216.019606
136.309633 245.901214 215.502400
138.111824 245.205078 214.985194
139.914015 244.508942 214.467988
141.716206 243.812806 213.950781
143.518397 243.116670 213.433575
145.320588 242.420534 212.916369
147.122779 241.724399 212.399163
148.924971 241.028263 211.881957
150.727162 240.332127 211.364750
152.529353 239.635991 210.847544
154.331544 238.939855 210.330338
156.133735 238.243719 209.813132
157.935926 237.547583 209.295926
159.738117 236.851447 208.778719
161.540308 236.155311 208.261513
163.342499 235.459176 207.744307
165.144690 234.763040 207.227101
166.946881 234.066904 206.709895
168.749072 233.370768 206.192688
170.551263 232.674632 205.675482
172.353454 231.978496 205.158276
174.155645 231.282360 204.641070
175.957836 230.586224 204.123864
177.760027 229.890088 203.606657
179.562218 229.193952 203.089451
181.364409 228.497817 202.572245
183.166600 227.801681 202.055039
184.968791 227.105545 201.537833
186.770982 226.409409 201.020626
188.573174 225.713273 200.503420
190.375365 225.017137 199.986214
192.177556 224.321001 199.469008
193.979747 223.624865 198.951802
195.781938 222.928729 198.434596
197.584129 222.232594 197.917389
199.386320 221.536458 197.400183
201.188511 220.840322 196.882977
202.990702 220.144186 196.365771
204.792893 219.448050 195.848565
206.595084 218.751914 195.331358
208.397275 218.055778 194.814152
210.199466 217.359642 194.296946
212.001657 216.663506 193.779740
213.803848 215.967371 193.262534
215.606039 215.271235 192.745327
217.408230 214.575099 192.228121
219.210421 213.878963 191.710915
221.012612 213.182827 191.193709
222.814803 212.486691 190.676503
224.616994 211.790555 190.159296
291.633933 -51.019434 40.483574
291.178431 -50.267750 42.280096
290.722930 -49.516066 44.076617
290.267428 -48.764382 45.873138
289.811927 -48.012698 47.669660
289.356425 -47.261014 49.466181
288.900924 -46.509329 51.262703
288.445422 -45.757645 53.059224
287.989921 -45.005961 54.855746
287.534419 -44.254277 56.652267
287.078918 -43.502593 58.448789
286.623416 -42.750909 60.245310
286.167915 -41.999225 62.041831
285.712413 -41.247540 63.838353
285.256912 -40.495856 65.634874
284.801410 -39.744172 67.431396
284.345908 -38.992488 69.227917
283.890407 -38.240804 71.024439
283.434905 -37.489120 72.820960
282.979404 -36.737436 74.617482
282.523902 -35.985751 76.414003
282.068401 -35.234067 78.210524
281.612899 -34.482383 80.007046
281.157398 -33.730699 81.803567
280.701896 -32.979015 83.600089
280.246395 -32.227331 85.396610
279.790893 -31.475646 87.193132
279.335392 -30.723962 88.989653
278.879890 -29.972278 90.786175
278.424389 -29.220594 92.582696
277.968887 -28.468910 94.379217
277.513386 -27.717226 96.175739
277.057884 -26.965542 97.972260
276.602383 -26.213857 99.768782
276.146881 -25.462173 101.565303
275.691380 -24.710489 103.361825
275.235878 -23.958805 105.158346
274.780377 -23.207121 106.954868
274.324875 -22.455437 108.751389
273.869374 -21.703752 110.547910
273.413872 -20.952068 112.344432
272.958371 -20.200384 114.140953
272.502869 -19.448700 115.937475
272.047367 -18.697016 117.733996
271.591866 -17.945332 119.530518
271.136364 -17.193648 121.327039
270.680863 -16.441963 123.123561
270.225361 -15.690279 124.920082
269.769860 -14.938595 126.716604
269.314358 -14.186911 128.513125
268.858857 -13.435227 130.309646
268.403355 -12.683543 132.106168
267.947854 -11.931859 133.902689
267.492352 -11.180174 135.699211
267.036851 -10.428490 137.495732
266.581349 -9.676806 139.292254
266.125848 -8.925122 141.088775
265.670346 -8.173438 142.885297
265.214845 -7.421754 144.681818
264.759343 -6.670069 146.478339
264.303842 -5.918385 148.274861
263.848340 -5.166701 150.071382
263.392839 -4.415017 151.867904
262.937337 -3.663333 153.664425
262.481836 -2.911649 155.460947
262.026334 -2.159965 157.257468
261.570833 -1.408280 159.053990
261.115331 -0.656596 160.850511
260.659830 0.095088 162.647032
260.204328 0.846772 164.443554
292.820360 188.561666 215.346479
292.288609 186.640755 215.511832
291.756857 184.719844 215.677185
291.225106 182.798933 215.842538
290.693355 180.878022 216.007891
290.161603 178.957111 216.173244
289.629852 177.036200 216.338597
289.098100 175.115289 216.503950
288.566349 173.194378 216.669302
288.034598 171.273467 216.834655
287.502846 169.352556 217.000008
286.971095 167.431645 217.165361
286.439344 165.510734 217.330714
285.907592 163.589823 217.496067
285.375841 161.668912 217.661420
284.844090 159.748001 217.826773
284.312338 157.827090 217.992126
283.780587 155.906179 218.157479
283.248835 153.985268 218.322832
282.717084 152.064358 218.488185
282.185333 150.143447 218.653538
281.653581 148.222536 218.818891
281.121830 146.301625 218.984244
280.590079 144.380714 219.149597
280.058327 142.459803 219.314950
279.526576 140.538892 219.480303
278.994825 138.617981 219.645656
278.463073 136.697070 219.811009
277.931322 134.776159 219.976362
277.399570 132.855248 220.141715
276.867819 130.934337 220.307068
276.336068 129.013426 220.472421
275.804316 127.092515 220.637774
275.272565 125.171604 220.803127
274.740814 123.250693 220.968480
274.209062 121.329782 221.133833
273.677311 119.408871 221.299186
273.145560 117.487960 221.464539
272.613808 115.567049 221.629892
272.082057 113.646138 221.795245
271.550305 111.725228 221.960598
271.018554 109.804317 222.125951
270.486803 107.883406 222.291304
269.955051 105.962495 222.456657
269.423300 104.041584 222.622010
268.891549 102.120673 222.787363
268.359797 100.199762 222.952716
267.828046 98.278851 223.118069
267.296295 96.357940 223.283422
266.764543 94.437029 223.448775
266.232792 92.516118 223.614128
265.701041 90.595207 223.779481
265.169289 88.674296 223.944834
264.637538 86.753385 224.110187
264.105786 84.832474 224.275540
263.574035 82.911563 224.440893
263.042284 80.990652 224.606246
262.510532 79.069741 224.771599
261.978781 77.148830 224.936952
261.447030 75.227919 225.102305
260.915278 73.307009 225.267658
260.383527 71.386098 225.433011
259.851776 69.465187 225.598363
259.320024 67.544276 225.763716
258.788273 65.623365 225.929069
258.256521 63.702454 226.094422
257.724770 61.781543 226.259775
257.193019 59.860632 226.425128
256.661267 57.939721 226.590481
256.129516 56.018810 226.755834
269.140747 89.249422 202.271229
267.278995 88.709389 201.779046
265.417243 88.169356 201.286863
263.555491 87.629323 200.794680
261.693740 87.089291 200.302497
259.831988 86.549258 199.810314
257.970236 86.009225 199.318131
256.108484 85.469192 198.825948
254.246732 84.929159 198.333765
252.384980 84.389126 197.841582
250.523228 83.849093 197.349399
248.661476 83.309060 196.857217
246.799724 82.769027 196.365034
244.937972 82.228994 195.872851
243.076220 81.688961 195.380668
241.214468 81.148928 194.888485
239.352716 80.608895 194.396302
237.490964 80.068863 193.904119
235.629212 79.528830 193.411936
233.767460 78.988797 192.919753
231.905708 78.448764 192.427570
230.043956 77.908731 191.935387
228.182204 77.368698 191.443204
226.320452 76.828665 190.951021
224.458700 76.288632 190.458839
222.596948 75.748599 189.966656
220.735196 75.208566 189.474473
218.873444 74.668533 188.982290
217.011692 74.128500 188.490107
215.149940 73.588467 187.997924
213.288188 73.048434 187.505741
211.426436 72.508402 187.013558
209.564684 71.968369 186.521375
207.702932 71.428336 186.029192
205.841180 70.888303 185.537009
203.979428 70.348270 185.044826
202.117676 69.808237 184.552643
200.255924 69.268204 184.060461
198.394172 68.728171 183.568278
196.532420 68.188138 183.076095
194.670668 67.648105 182.583912
192.808917 67.108072 182.091729
190.947165 66.568039 181.599546
189.085413 66.028006 181.107363
187.223661 65.487974 180.615180
185.361909 64.947941 180.122997
183.500157 64.407908 179.630814
181.638405 63.867875 179.138631
179.776653 63.327842 178.646448
177.914901 62.787809 178.154265
176.053149 62.247776 177.662082
174.191397 61.707743 177.169900
172.329645 61.167710 176.677717
170.467893 60.627677 176.185534
168.606141 60.087644 175.693351
166.744389 59.547611 175.201168
164.882637 59.007578 174.708985
163.020885 58.467546 174.216802
161.159133 57.927513 173.724619
159.297381 57.387480 173.232436
157.435629 56.847447 172.740253
155.573877 56.307414 172.248070
153.712125 55.767381 171.755887
151.850373 55.227348 171.263704
149.988621 54.687315 170.771522
148.126869 54.147282 170.279339
146.265117 53.607249 169.787156
144.403365 53.067216 169.294973
142.541613 52.527183 168.802790
140.679861 51.987150 168.310607
126.325031 -221.578428 -91.790563
125.378363 -219.834320 -92.039375
124.431695 -218.090212 -92.288186
123.485027 -216.346104 -92.536997
122.538360 -214.601996 -92.785809
121.591692 -212.857888 -93.034620
120.645024 -211.113780 -93.283432
119.698357 -209.369672 -93.532243
118.751689 -207.625564 -93.781054
117.805021 -205.881455 -94.029866
116.858353 -204.137347 -94.278677
115.911686 -202.393239 -94.527489
114.965018 -200.649131 -94.776300
114.018350 -198.905023 -95.025111
113.071682 -197.160915 -95.273923
112.125015 -195.416807 -95.522734
111.178347 -193.672699 -95.771546
110.231679 -191.928591 -96.020357
109.285012 -190.184482 -96.269168
108.338344 -188.440374 -96.517980
107.391676 -186.696266 -96.766791
106.445008 -184.952158 -97.015603
105.498341 -183.208050 -97.264414
104.551673 -181.463942 -97.513225
103.605005 -179.719834 -97.762037
102.658337 -177.975726 -98.010848
101.711670 -176.231618 -98.259660
100.765002 -174.487509 -98.508471
99.818334 -172.743401 -98.757282
98.871667 -170.999293 -99.006094
97.924999 -169.255185 -99.254905
96.978331 -167.511077 -99.503716
96.031663 -165.766969 -99.752528
95.084996 -164.022861 -100.001339
94.138328 -162.278753 -100.250151
93.191660 -160.534644 -100.498962
92.244992 -158.790536 -100.747773
91.298325 -157.046428 -100.996585
90.351657 -155.302320 -101.245396
89.404989 -153.558212 -101.494208
88.458322 -151.814104 -101.743019
87.511654 -150.069996 -101.991830
86.564986 -148.325888 -102.240642
85.618318 -146.581780 -102.489453
84.671651 -144.837671 -102.738265
83.724983 -143.093563 -102.987076
82.778315 -141.349455 -103.235887
81.831648 -139.605347 -103.484699
80.884980 -137.861239 -103.733510
79.938312 -136.117131 -103.982322
78.991644 -134.373023 -104.231133
78.044977 -132.628915 -104.479944
77.098309 -130.884807 -104.728756
76.151641 -129.140698 -104.977567
75.204973 -127.396590 -105.226379
74.258306 -125.652482 -105.475190
73.311638 -123.908374 -105.724001
72.364970 -122.164266 -105.972813
71.418303 -120.420158 -106.221624
70.471635 -118.676050 -106.470436
69.524967 -116.931942 -106.719247
68.578299 -115.187834 -106.968058
67.631632 -113.443725 -107.216870
66.684964 -111.699617 -107.465681
65.738296 -109.955509 -107.714493
64.791628 -108.211401 -107.963304
63.844961 -106.467293 -108.212115
62.898293 -104.723185 -108.460927
61.951625 -102.979077 -108.709738
61.004958 -101.234969 -108.958549
-87.429924 -200.885426 101.543682
-86.866875 -199.702874 103.055153
-86.303825 -198.520322 104.566624
-85.740776 -197.337769 106.078095
-85.177726 -196.155217 107.589566
-84.614677 -194.972664 109.101037
-84.051627 -193.790112 110.612508
-83.488578 -192.607559 112.123979
-82.925528 -191.425007 113.635451
-82.362479 -190.242454 115.146922
-81.799430 -189.059902 116.658393
-81.236380 -187.877350 118.169864
-80.673331 -186.694797 119.681335
-80.110281 -185.512245 121.192806
-79.547232 -184.329692 122.704277
-78.984182 -183.147140 124.215748
-78.421133 -181.964587 125.727220
-77.858083 -180.782035 127.238691
-77.295034 -179.599482 128.750162
-76.731984 -178.416930 130.261633
-76.168935 -177.234377 131.773104
-75.605885 -176.051825 133.284575
-75.042836 -174.869273 134.796046
-74.479786 -173.686720 136.307517
-73.916737 -172.504168 137.818989
-73.353687 -171.321615 139.330460
-72.790638 -170.139063 140.841931
-72.227588 -168.956510 142.353402
-71.664539 -167.773958 143.864873
-71.101489 -166.591405 145.376344
-70.538440 -165.408853 146.887815
-69.975390 -164.226301 148.399286
-69.412341 -163.043748 149.910758
-68.849291 -161.861196 151.422229
-68.286242 -160.678643 152.933700
-67.723192 -159.496091 154.445171
-67.160143 -158.313538 155.956642
-66.597093 -157.130986 157.468113
-66.034044 -155.948433 158.979584
-65.470994 -154.765881 160.491056
-64.907945 -153.583328 162.002527
-64.344895 -152.400776 163.513998
-63.781846 -151.218224 165.025469
-63.218796 -150.035671 166.536940
-62.655747 -148.853119 168.048411
-62.092697 -147.670566 169.559882
-61.529648 -146.488014 171.071353
-60.966598 -145.305461 172.582825
-60.403549 -144.122909 174.094296
-59.840499 -142.940356 175.605767
-59.277450 -141.757804 177.117238
-58.714400 -140.575251 178.628709
-58.151351 -139.392699 180.140180
-57.588301 -138.210147 181.651651
-57.025252 -137.027594 183.163122
-56.462202 -135.845042 184.674594
-55.899153 -134.662489 186.186065
-55.336103 -133.479937 187.697536
-54.773054 -132.297384 189.209007
-54.210004 -131.114832 190.720478
-53.646955 -129.932279 192.231949
-53.083905 -128.749727 193.743420
-52.520856 -127.567175 195.254891
-51.957806 -126.384622 196.766363
-51.394757 -125.202070 198.277834
-50.831707 -124.019517 199.789305
-50.268658 -122.836965 201.300776
-49.705608 -121.654412 202.812247
-49.142559 -120.471860 204.323718
-48.579509 -119.289307 205.835189
-74.522153 -229.482544 40.043375
-73.259831 -229.950601 41.522383
-71.997508 -230.418659 43.001391
-70.735186 -230.886717 44.480398
-69.472863 -231.354774 45.959406
-68.210541 -231.822832 47.438414
-66.948218 -232.290890 48.917422
-65.685896 -232.758948 50.396429
-64.423573 -233.227005 51.875437
-63.161251 -233.695063 53.354445
-61.898928 -234.163121 54.833453
-60.636606 -234.631178 56.312460
-59.374283 -235.099236 57.791468
-58.111961 -235.567294 59.270476
-56.849638 -236.035351 60.749484
-55.587316 -236.503409 62.228491
-54.324993 -236.971467 63.707499
-53.062671 -237.439524 65.186507
-51.800348 -237.907582 66.665515
-50.538026 -238.375640 68.144523
-49.275703 -238.843697 69.623530
-48.013381 -239.311755 71.102538
-46.751058 -239.779813 72.581546
-45.488736 -240.247870 74.060554
-44.226413 -240.715928 75.539561
-42.964091 -241.183986 77.018569
-41.701769 -241.652043 78.497577
-40.439446 -242.120101 79.976585
-39.177124 -242.588159 81.455592
-37.914801 -243.056216 82.934600
-36.652479 -243.524274 84.413608
-35.390156 -243.992332 85.892616
-34.127834 -244.460389 87.371623
-32.865511 -244.928447 88.850631
-31.603189 -245.396505 90.329639
-30.340866 -245.864562 91.808647
-29.078544 -246.332620 93.287655
-27.816221 -246.800678 94.766662
-26.553899 -247.268735 96.245670
-25.291576 -247.736793 97.724678
-24.029254 -248.204851 99.203686
-22.766931 -248.672908 100.682693
-21.504609 -249.140966 102.161701
-20.242286 -249.609024 103.640709
-18.979964 -250.077081 105.119717
-17.717641 -250.545139 106.598724
-16.455319 -251.013197 108.077732
-15.192996 -251.481254 109.556740
-13.930674 -251.949312 111.035748
-12.668351 -252.417370 112.514755
-11.406029 -252.885427 113.993763
-10.143706 -253.353485 115.472771
-8.881384 -253.821543 116.951779
-7.619061 -254.289600 118.430787
-6.356739 -254.757658 119.909794
-5.094417 -255.225716 121.388802
-3.832094 -255.693773 122.867810
-2.569772 -256.161831 124.346818
-1.307449 -256.629889 125.825825
-0.045127 -257.097946 127.304833
1.217196 -257.566004 128.783841
2.479518 -258.034062 130.262849
3.741841 -258.502119 131.741856
5.004163 -258.970177 133.220864
6.266486 -259.438235 134.699872
7.528808 -259.906293 136.178880
8.791131 -260.374350 137.657887
10.053453 -260.842408 139.136895
11.315776 -261.310466 140.615903
12.578098 -261.778523 142.094911
-222.330105 103.294461 -80.589240
-221.912205 105.161321 -81.172501
-221.494304 107.028181 -81.755762
-221.076404 108.895041 -82.339022
-220.658504 110.761901 -82.922283
-220.240604 112.628761 -83.505543
-219.822703 114.495621 -84.088804
-219.404803 116.362481 -84.672065
-218.986903 118.229341 -85.255325
-218.569002 120.096201 -85.838586
-218.151102 121.963061 -86.421847
-217.733202 123.829921 -87.005107
-217.315302 125.696781 -87.588368
-216.897401 127.563641 -88.171628
-216.479501 129.430501 -88.754889
-216.061601 131.297361 -89.338150
-215.643700 133.164221 -89.921410
-215.225800 135.031081 -90.504671
-214.807900 136.897941 -91.087932
-214.390000 138.764801 -91.671192
-213.972099 140.631662 -92.254453
-213.554199 142.498522 -92.837713
-213.136299 144.365382 -93.420974
-212.718399 146.232242 -94.004235
-212.300498 148.099102 -94.587495
-211.882598 149.965962 -95.170756
-211.464698 151.832822 -95.754017
-211.046797 153.699682 -96.337277
-210.628897 155.566542 -96.920538
-210.210997 157.433402 -97.503798
-209.793097 159.300262 -98.087059
-209.375196 161.167122 -98.670320
-208.957296 163.033982 -99.253580
-208.539396 164.900842 -99.836841
-208.121496 166.767702 -100.420101
-207.703595 168.634562 -101.003362
-207.285695 170.501422 -101.586623
-206.867795 172.368282 -102.169883
-206.449894 174.235142 -102.753144
-206.031994 176.102002 -103.336405
-205.614094 177.968862 -103.919665
-205.196194 179.835722 -104.502926
-204.778293 181.702582 -105.086186
-204.360393 183.569442 -105.669447
-203.942493 185.436302 -106.252708
-203.524593 187.303162 -106.835968
-203.106692 189.170023 -107.419229
-202.688792 191.036883 -108.002490
-202.270892 192.903743 -108.585750
-201.852991 194.770603 -109.169011
-201.435091 196.637463 -109.752271
-201.017191 198.504323 -110.335532
-200.599291 200.371183 -110.918793
-200.181390 202.238043 -111.502053
-199.763490 204.104903 -112.085314
-199.345590 205.971763 -112.668575
-198.927689 207.838623 -113.251835
-198.509789 209.705483 -113.835096
-198.091889 211.572343 -114.418356
-197.673989 213.439203 -115.001617
-197.256088 215.306063 -115.584878
-196.838188 217.172923 -116.168138
-196.420288 219.039783 -116.751399
-196.002388 220.906643 -117.334660
-195.584487 222.773503 -117.917920
-195.166587 224.640363 -118.501181
-194.748687 226.507223 -119.084441
-194.330786 228.374083 -119.667702
-193.912886 230.240943 -120.250963
-193.494986 232.107803 -120.834223
175.760792 -255.218118 -78.865135
176.247564 -253.567574 -79.884330
176.734335 -251.917031 -80.903526
177.221107 -250.266488 -81.922722
177.707879 -248.615945 -82.941918
178.194650 -246.965401 -83.961114
178.681422 -245.314858 -84.980310
179.168193 -243.664315 -85.999506
179.654965 -242.013772 -87.018702
180.141737 -240.363228 -88.037898
180.628508 -238.712685 -89.057094
181.115280 -237.062142 -90.076290
181.602052 -235.411599 -91.095486
182.088823 -233.761055 -92.114681
182.575595 -232.110512 -93.133877
183.062366 -230.459969 -94.153073
183.549138 -228.809426 -95.172269
184.035910 -227.158882 -96.191465
184.522681 -225.508339 -97.210661
185.009453 -223.857796 -98.229857
185.496224 -222.207252 -99.249053
185.982996 -220.556709 -100.268249
186.469768 -218.906166 -101.287445
186.956539 -217.255623 -102.306641
187.443311 -215.605079 -103.325837
187.930083 -213.954536 -104.345033
188.416854 -212.303993 -105.364228
188.903626 -210.653450 -106.383424
189.390397 -209.002906 -107.402620
189.877169 -207.352363 -108.421816
190.363941 -205.701820 -109.441012
190.850712 -204.051277 -110.460208
191.337484 -202.400733 -111.479404
191.824256 -200.750190 -112.498600
192.311027 -199.099647 -113.517796
192.797799 -197.449103 -114.536992
193.284570 -195.798560 -115.556188
193.771342 -194.148017 -116.575384
194.258114 -192.497474 -117.594579
194.744885 -190.846930 -118.613775
195.231657 -189.196387 -119.632971
195.718428 -187.545844 -120.652167
196.205200 -185.895301 -121.671363
196.691972 -184.244757 -122.690559
197.178743 -182.594214 -123.709755
197.665515 -180.943671 -124.728951
198.152287 -179.293128 -125.748147
198.639058 -177.642584 -126.767343
199.125830 -175.992041 -127.786539
199.612601 -174.341498 -128.805735
200.099373 -172.690955 -129.824931
200.586145 -171.040411 -130.844126
201.072916 -169.389868 -131.863322
201.559688 -167.739325 -132.882518
202.046459 -166.088781 -133.901714
202.533231 -164.438238 -134.920910
203.020003 -162.787695 -135.940106
203.506774 -161.137152 -136.959302
203.993546 -159.486608 -137.978498
204.480318 -157.836065 -138.997694
204.967089 -156.185522 -140.016890
205.453861 -154.534979 -141.036086
205.940632 -152.884435 -142.055282
206.427404 -151.233892 -143.074478
206.914176 -149.583349 -144.093673
207.400947 -147.932806 -145.112869
207.887719 -146.282262 -146.132065
208.374491 -144.631719 -147.151261
208.861262 -142.981176 -148.170457
209.348034 -141.330633 -149.189653
272.850943 -100.792059 -144.292583
272.720847 -98.796297 -144.295761
272.590751 -96.800536 -144.298939
272.460655 -94.804774 -144.302116
272.330559 -92.809012 -144.305294
272.200463 -90.813250 -144.308472
272.070367 -88.817489 -144.311650
271.940271 -86.821727 -144.314827
271.810175 -84.825965 -144.318005
271.680079 -82.830203 -144.321183
271.549983 -80.834442 -144.324361
271.419887 -78.838680 -144.327539
271.289791 -76.842918 -144.330716
271.159695 -74.847156 -144.333894
271.029599 -72.851395 -144.337072
270.899503 -70.855633 -144.340250
270.769407 -68.859871 -144.343427
270.639311 -66.864109 -144.346605
270.509215 -64.868348 -144.349783
270.379119 -62.872586 -144.352961
270.249023 -60.876824 -144.356138
270.118927 -58.881062 -144.359316
269.988831 -56.885301 -144.362494
269.858735 -54.889539 -144.365672
269.728639 -52.893777 -144.368849
269.598543 -50.898015 -144.372027
269.468447 -48.902254 -144.375205
269.338351 -46.906492 -144.378383
269.208255 -44.910730 -144.381560
269.078159 -42.914968 -144.384738
268.948063 -40.919207 -144.387916
268.817967 -38.923445 -144.391094
268.687871 -36.927683 -144.394272
268.557775 -34.931921 -144.397449
268.427679 -32.936160 -144.400627
268.297583 -30.940398 -144.403805
268.167487 -28.944636 -144.406983
268.037391 -26.948875 -144.410160
267.907295 -24.953113 -144.413338
267.777199 -22.957351 -144.416516
267.647103 -20.961589 -144.419694
267.517007 -18.965828 -144.422871
267.386911 -16.970066 -144.426049
267.256815 -14.974304 -144.429227
267.126719 -12.978542 -144.432405
266.996623 -10.982781 -144.435582
266.866527 -8.987019 -144.438760
266.736431 -6.991257 -144.441938
266.606335 -4.995495 -144.445116
266.476239 -2.999734 -144.448293
266.346143 -1.003972 -144.451471
266.216047 0.991790 -144.454649
266.085951 2.987552 -144.457827
265.955856 4.983313 -144.461005
265.825760 6.979075 -144.464182
265.695664 8.974837 -144.467360
265.565568 10.970599 -144.470538
265.435472 12.966360 -144.473716
265.305376 14.962122 -144.476893
265.175280 16.957884 -144.480071
265.045184 18.953646 -144.483249
264.915088 20.949407 -144.486427
264.784992 22.945169 -144.489604
264.654896 24.940931 -144.492782
264.524800 26.936693 -144.495960
264.394704 28.932454 -144.499138
264.264608 30.928216 -144.502315
264.134512 32.923978 -144.505493
264.004416 34.919740 -144.508671
263.874320 36.915501 -144.511849
-141.471015 -113.514241 43.092428
-142.901153 -114.831230 42.623126
-144.331291 -116.148219 42.153823
-145.761429 -117.465208 41.684520
-147.191567 -118.782197 41.215217
-148.621705 -120.099186 40.745914
-150.051843 -121.416175 40.276611
-151.481981 -122.733165 39.807308
-152.912119 -124.050154 39.338006
-154.342257 -125.367143 38.868703
-155.772395 -126.684132 38.399400
-157.202533 -128.001121 37.930097
-158.632671 -129.318110 37.460794
-160.062809 -130.635099 36.991491
-161.492947 -131.952088 36.522189
-162.923085 -133.269077 36.052886
-164.353223 -134.586066 35.583583
-165.783362 -135.903055 35.114280
-167.213500 -137.220044 34.644977
-168.643638 -138.537033 34.175674
-170.073776 -139.854022 33.706372
-171.503914 -141.171011 33.237069
-172.934052 -142.488000 32.767766
-174.364190 -143.804989 32.298463
-175.794328 -145.121978 31.829160
-177.224466 -146.438967 31.359857
-178.654604 -147.755956 30.890555
-180.084742 -149.072945 30.421252
-181.514880 -150.389934 29.951949
-182.945018 -151.706923 29.482646
-184.375156 -153.023912 29.013343
-185.805294 -154.340901 28.544040
-187.235432 -155.657890 28.074738
-188.665570 -156.974880 27.605435
-190.095708 -158.291869 27.136132
-191.525846 -159.608858 26.666829
-192.955984 -160.925847 26.197526
-194.386122 -162.242836 25.728223
-195.816260 -163.559825 25.258920
-197.246398 -164.876814 24.789618
-198.676536 -166.193803 24.320315
-200.106674 -167.510792 23.851012
-201.536812 -168.827781 23.381709
-202.966950 -170.144770 22.912406
-204.397088 -171.461759 22.443103
-205.827226 -172.778748 21.973801
-207.257364 -174.095737 21.504498
-208.687502 -175.412726 21.035195
-210.117640 -176.729715 20.565892
-211.547778 -178.046704 20.096589
-212.977916 -179.363693 19.627286
-214.408054 -180.680682 19.157984
-215.838192 -181.997671 18.688681
-217.268330 -183.314660 18.219378
-218.698468 -184.631649 17.750075
-220.128606 -185.948638 17.280772
-221.558744 -187.265627 16.811469
-222.988882 -188.582616 16.342167
-224.419020 -189.899605 15.872864
-225.849158 -191.216594 15.403561
-227.279296 -192.533584 14.934258
-228.709434 -193.850573 14.464955
-230.139572 -195.167562 13.995652
-231.569710 -196.484551 13.526349
-232.999848 -197.801540 13.057047
-234.429986 -199.118529 12.587744
-235.860124 -200.435518 12.118441
-237.290262 -201.752507 11.649138
-238.720400 -203.069496 11.179835
-240.150538 -204.386485 10.710532
-87.894663 -115.963688 79.238394
-87.056983 -115.501418 77.482091
-86.219304 -115.039148 75.725788
-85.381625 -114.576879 73.969485
-84.543946 -114.114609 72.213182
-83.706266 -113.652340 70.456879
-82.868587 -113.190070 68.700576
-82.030908 -112.727800 66.944273
-81.193229 -112.265531 65.187970
-80.355549 -111.803261 63.431667
-79.517870 -111.340991 61.675364
-78.680191 -110.878722 59.919061
-77.842512 -110.416452 58.162758
-77.004832 -109.954183 56.406455
-76.167153 -109.491913 54.650152
-75.329474 -109.029643 52.893849
-74.491795 -108.567374 51.137546
-73.654115 -108.105104 49.381243
-72.816436 -107.642834 47.624940
-71.978757 -107.180565 45.868637
-71.141077 -106.718295 44.112334
-70.303398 -106.256025 42.356031
-69.465719 -105.793756 40.599728
-68.628040 -105.331486 38.843425
-67.790360 -104.869217 37.087122
-66.952681 -104.406947 35.330819
-66.115002 -103.944677 33.574516
-65.277323 -103.482408 31.818213
-64.439643 -103.020138 30.061910
-63.601964 -102.557868 28.305607
-62.764285 -102.095599 26.549304
-61.926606 -101.633329 24.793001
-61.088926 -101.171060 23.036698
-60.251247 -100.708790 21.280395
-59.413568 -100.246520 19.524092
-58.575889 -99.784251 17.767789
-57.738209 -99.321981 16.011486
-56.900530 -98.859711 14.255183
-56.062851 -98.397442 12.498880
-55.225172 -97.935172 10.742577
-54.387492 -97.472903 8.986274
-53.549813 -97.010633 7.229971
-52.712134 -96.548363 5.473668
-51.874454 -96.086094 3.717365
-51.036775 -95.623824 1.961062
-50.199096 -95.161554 0.204759
-49.361417 -94.699285 -1.551544
-48.523737 -94.237015 -3.307847
-47.686058 -93.774745 -5.064150
-46.848379 -93.312476 -6.820453
-46.010700 -92.850206 -8.576756
-45.173020 -92.387937 -10.333059
-44.335341 -91.925667 -12.089362
-43.497662 -91.463397 -13.845665
-42.659983 -91.001128 -15.601968
-41.822303 -90.538858 -17.358271
-40.984624 -90.076588 -19.114574
-40.146945 -89.614319 -20.870877
-39.309266 -89.152049 -22.627180
-38.471586 -88.689780 -24.383483
-37.633907 -88.227510 -26.139786
-36.796228 -87.765240 -27.896089
-35.958549 -87.302971 -29.652392
-35.120869 -86.840701 -31.408695
-34.283190 -86.378431 -33.164998
-33.445511 -85.916162 -34.921301
-32.607831 -85.453892 -36.677604
-31.770152 -84.991623 -38.433907
-30.932473 -84.529353 -40.190210
-30.094794 -84.067083 -41.946513
-159.088442 -49.785777 -188.407964
-160.370465 -48.327398 -187.928855
-161.652489 -46.869019 -187.449746
-162.934512 -45.410640 -186.970638
-164.216536 -43.952260 -186.491529
-165.498560 -42.493881 -186.012420
-166.780583 -41.035502 -185.533311
-168.062607 -39.577123 -185.054202
-169.344630 -38.118743 -184.575093
-170.626654 -36.660364 -184.095984
-171.908678 -35.201985 -183.616875
-173.190701 -33.743605 -183.137766
-174.472725 -32.285226 -182.658657
-175.754748 -30.826847 -182.179548
-177.036772 -29.368468 -181.700439
-178.318796 -27.910088 -181.221330
-179.600819 -26.451709 -180.742221
-180.882843 -24.993330 -180.263113
-182.164866 -23.534950 -179.784004
-183.446890 -22.076571 -179.304895
-184.728914 -20.618192 -178.825786
-186.010937 -19.159813 -178.346677
-187.292961 -17.701433 -177.867568
-188.574984 -16.243054 -177.388459
-189.857008 -14.784675 -176.909350
-191.139032 -13.326295 -176.430241
-192.421055 -11.867916 -175.951132
-193.703079 -10.409537 -175.472023
-194.985102 -8.951158 -174.992914
-196.267126 -7.492778 -174.513805
-197.549150 -6.034399 -174.034696
-198.831173 -4.576020 -173.555587
-200.113197 -3.117640 -173.076479
-201.395220 -1.659261 -172.597370
-202.677244 -0.200882 -172.118261
-203.959267 1.257497 -171.639152
-205.241291 2.715877 -171.160043
-206.523315 4.174256 -170.680934
-207.805338 5.632635 -170.201825
-209.087362 7.091015 -169.722716
-210.369385 8.549394 -169.243607
-211.651409 10.007773 -168.764498
-212.933433 11.466152 -168.285389
-214.215456 12.924532 -167.806280
-215.497480 14.382911 -167.327171
-216.779503 15.841290 -166.848062
-218.061527 17.299670 -166.368954
-219.343551 18.758049 -165.889845
-220.625574 20.216428 -165.410736
-221.907598 21.674807 -164.931627
-223.189621 23.133187 -164.452518
-224.471645 24.591566 -163.973409
-225.753669 26.049945 -163.494300
-227.035692 27.508325 -163.015191
-228.317716 28.966704 -162.536082
-229.599739 30.425083 -162.056973
-230.881763 31.883462 -161.577864
-232.163787 33.341842 -161.098755
-233.445810 34.800221 -160.619646
-234.727834 36.258600 -160.140537
-236.009857 37.716979 -159.661429
-237.291881 39.175359 -159.182320
-238.573905 40.633738 -158.703211
-239.855928 42.092117 -158.224102
-241.137952 43.550497 -157.744993
-242.419975 45.008876 -157.265884
-243.701999 46.467255 -156.786775
-244.984023 47.925634 -156.307666
-246.266046 49.384014 -155.828557
-247.548070 50.842393 -155.349448
24.067971 44.160681 -25.164323
22.843077 42.892943 -24.219614
21.618183 41.625205 -23.274906
20.393289 40.357466 -22.330198
19.168394 39.089728 -21.385490
17.943500 37.821990 -20.440781
16.718606 36.554251 -19.496073
15.493712 35.286513 -18.551365
14.268818 34.018775 -17.606656
13.043923 32.751036 -16.661948
11.819029 31.483298 -15.717240
10.594135 30.215560 -14.772532
9.369241 28.947821 -13.827823
8.144347 27.680083 -12.883115
6.919452 26.412345 -11.938407
5.694558 25.144607 -10.993698
4.469664 23.876868 -10.048990
3.244770 22.609130 -9.104282
2.019875 21.341392 -8.159573
0.794981 20.073653 -7.214865
-0.429913 18.805915 -6.270157
-1.654807 17.538177 -5.325449
-2.879701 16.270438 -4.380740
-4.104596 15.002700 -3.436032
-5.329490 13.734962 -2.491324
-6.554384 12.467223 -1.546615
-7.779278 11.199485 -0.601907
-9.004172 9.931747 0.342801
-10.229067 8.664009 1.287509
-11.453961 7.396270 2.232218
-12.678855 6.128532 3.176926
-13.903749 4.860794 4.121634
-15.128643 3.593055 5.066343
-16.353538 2.325317 6.011051
-17.578432 1.057579 6.955759
-18.803326 -0.210160 7.900468
-20.028220 -1.477898 8.845176
-21.253114 -2.745636 9.789884
-22.478009 -4.013374 10.734592
-23.702903 -5.281113 11.679301
-24.927797 -6.548851 12.624009
-26.152691 -7.816589 13.568717
-27.377586 -9.084328 14.513426
-28.602480 -10.352066 15.458134
-29.827374 -11.619804 16.402842
-31.052268 -12.887543 17.347550
-32.277162 -14.155281 18.292259
-33.502057 -15.423019 19.236967
-34.726951 -16.690758 20.181675
-35.951845 -17.958496 21.126384
-37.176739 -19.226234 22.071092
-38.401633 -20.493972 23.015800
-39.626528 -21.761711 23.960509
-40.851422 -23.029449 24.905217
-42.076316 -24.297187 25.849925
-43.301210 -25.564926 26.794633
-44.526104 -26.832664 27.739342
-45.750999 -28.100402 28.684050
-46.975893 -29.368141 29.628758
-48.200787 -30.635879 30.573467
-49.425681 -31.903617 31.518175
-50.650576 -33.171356 32.462883
-51.875470 -34.439094 33.407591
-53.100364 -35.706832 34.352300
-54.325258 -36.974570 35.297008
-55.550152 -38.242309 36.241716
-56.775047 -39.510047 37.186425
-57.999941 -40.777785 38.131133
-59.224835 -42.045524 39.075841
-60.449729 -43.313262 40.020550
-75.093632 -57.577020 -94.951970
-73.886490 -59.035097 -94.306356
-72.679347 -60.493175 -93.660741
-71.472204 -61.951252 -93.015127
-70.265062 -63.409329 -92.369513
-69.057919 -64.867406 -91.723899
-67.850777 -66.325483 -91.078285
-66.643634 -67.783560 -90.432670
-65.436491 -69.241638 -89.787056
-64.229349 -70.699715 -89.141442
-63.022206 -72.157792 -88.495828
-61.815064 -73.615869 -87.850214
-60.607921 -75.073946 -87.204599
-59.400778 -76.532024 -86.558985
-58.193636 -77.990101 -85.913371
-56.986493 -79.448178 -85.267757
-55.779351 -80.906255 -84.622143
-54.572208 -82.364332 -83.976528
-53.365065 -83.822409 -83.330914
-52.157923 -85.280487 -82.685300
-50.950780 -86.738564 -82.039686
-49.743638 -88.196641 -81.394072
-48.536495 -89.654718 -80.748457
-47.329352 -91.112795 -80.102843
-46.122210 -92.570872 -79.457229
-44.915067 -94.028950 -78.811615
-43.707925 -95.487027 -78.166001
-42.500782 -96.945104 -77.520386
-41.293639 -98.403181 -76.874772
-40.086497 -99.861258 -76.229158
-38.879354 -101.319336 -75.583544
-37.672212 -102.777413 -74.937930
-36.465069 -104.235490 -74.292316
-35.257926 -105.693567 -73.646701
-34.050784 -107.151644 -73.001087
-32.843641 -108.609721 -72.355473
-31.636499 -110.067799 -71.709859
-30.429356 -111.525876 -71.064245
-29.222213 -112.983953 -70.418630
-28.015071 -114.442030 -69.773016
-26.807928 -115.900107 -69.127402
-25.600786 -117.358184 -68.481788
-24.393643 -118.816262 -67.836174
-23.186500 -120.274339 -67.190559
-21.979358 -121.732416 -66.544945
-20.772215 -123.190493 -65.899331
-19.565073 -124.648570 -65.253717
-18.357930 -126.106648 -64.608103
-17.150787 -127.564725 -63.962488
-15.943645 -129.022802 -63.316874
-14.736502 -130.480879 -62.671260
-13.529360 -131.938956 -62.025646
-12.322217 -133.397033 -61.380032
-11.115074 -134.855111 -60.734417
-9.907932 -136.313188 -60.088803
-8.700789 -137.771265 -59.443189
-7.493647 -139.229342 -58.797575
-6.286504 -140.687419 -58.151961
-5.079361 -142.145496 -57.506347
-3.872219 -143.603574 -56.860732
-2.665076 -145.061651 -56.215118
-1.457934 -146.519728 -55.569504
-0.250791 -147.977805 -54.923890
0.956352 -149.435882 -54.278276
2.163494 -150.893960 -53.632661
3.370637 -152.352037 -52.987047
4.577779 -153.810114 -52.341433
5.784922 -155.268191 -51.695819
6.992065 -156.726268 -51.050205
8.199207 -158.184345 -50.404590
-6.905931 -148.262691 283.999007
-6.121278 -146.506012 283.452747
-5.336626 -144.749333 282.906487
-4.551974 -142.992654 282.360227
-3.767322 -141.235975 281.813967
-2.982669 -139.479296 281.267707
-2.198017 -137.722617 280.721447
-1.413365 -135.965938 280.175187
-0.628713 -134.209259 279.628927
0.155940 -132.452580 279.082667
0.940592 -130.695901 278.536407
1.725244 -128.939222 277.990147
2.509896 -127.182543 277.443887
3.294549 -125.425865 276.897627
4.079201 -123.669186 276.351367
4.863853 -121.912507 275.805107
5.648505 -120.155828 275.258847
6.433157 -118.399149 274.712587
7.217810 -116.642470 274.166327
8.002462 -114.885791 273.620067
8.787114 -113.129112 273.073807
9.571766 -111.372433 272.527547
10.356419 -109.615754 271.981287
11.141071 -107.859075 271.435027
11.925723 -106.102396 270.888767
12.710375 -104.345717 270.342507
13.495028 -102.589038 269.796247
14.279680 -100.832359 269.249987
15.064332 -99.075681 268.703726
15.848984 -97.319002 268.157466
16.633637 -95.562323 267.611206
17.418289 -93.805644 267.064946
18.202941 -92.048965 266.518686
18.987593 -90.292286 265.972426
19.772245 -88.535607 265.426166
20.556898 -86.778928 264.879906
21.341550 -85.022249 264.333646
22.126202 -83.265570 263.787386
22.910854 -81.508891 263.241126
23.695507 -79.752212 262.694866
24.480159 -77.995533 262.148606
25.264811 -76.238854 261.602346
26.049463 -74.482175 261.056086
26.834116 -72.725497 260.509826
27.618768 -70.968818 259.963566
28.403420 -69.212139 259.417306
29.188072 -67.455460 258.871046
29.972725 -65.698781 258.324786
30.757377 -63.942102 257.778526
31.542029 -62.185423 257.232266
32.326681 -60.428744 256.686006
33.111333 -58.672065 256.139746
33.895986 -56.915386 255.593486
34.680638 -55.158707 255.047226
35.465290 -53.402028 254.500966
36.249942 -51.645349 253.954706
37.034595 -49.888670 253.408446
37.819247 -48.131991 252.862186
38.603899 -46.375313 252.315926
39.388551 -44.618634 251.769666
40.173204 -42.861955 251.223406
40.957856 -41.105276 250.677146
41.742508 -39.348597 250.130886
42.527160 -37.591918 249.584626
43.311813 -35.835239 249.038366
44.096465 -34.078560 248.492106
44.881117 -32.321881 247.945846
45.665769 -30.565202 247.399586
46.450421 -28.808523 246.853326
47.235074 -27.051844 246.307066
-163.245772 207.193592 198.358620
-164.842482 207.605832 197.226995
-166.439192 208.018071 196.095370
-168.035902 208.430311 194.963744
-169.632612 208.842550 193.832119
-171.229322 209.254790 192.700494
-172.826032 209.667029 191.568868
-174.422742 210.079269 190.437243
-176.019452 210.491508 189.305618
-177.616162 210.903748 188.173992
-179.212872 211.315987 187.042367
-180.809582 211.728227 185.910742
-182.406292 212.140466 184.779116
-184.003002 212.552706 183.647491
-185.599712 212.964945 182.515866
-187.196422 213.377185 181.384240
-188.793131 213.789424 180.252615
-190.389841 214.201664 179.120989
-191.986551 214.613903 177.989364
-193.583261 215.026143 176.857739
-195.179971 215.438382 175.726113
-196.776681 215.850622 174.594488
-198.373391 216.262861 173.462863
-199.970101 216.675101 172.331237
-201.566811 217.087340 171.199612
-203.163521 217.499580 170.067987
-204.760231 217.911820 168.936361
-206.356941 218.324059 167.804736
-207.953651 218.736299 166.673111
-209.550361 219.148538 165.541485
-211.147071 219.560778 164.409860
-212.743781 219.973017 163.278235
-214.340491 220.385257 162.146609
-215.937201 220.797496 161.014984
-217.533910 221.209736 159.883359
-219.130620 221.621975 158.751733
-220.727330 222.034215 157.620108
-222.324040 222.446454 156.488483
-223.920750 222.858694 155.356857
-225.517460 223.270933 154.225232
-227.114170 223.683173 153.093606
-228.710880 224.095412 151.961981
-230.307590 224.507652 150.830356
-231.904300 224.919891 149.698730
-233.501010 225.332131 148.567105
-235.097720 225.744370 147.435480
-236.694430 226.156610 146.303854
-238.291140 226.568849 145.172229
-239.887850 226.981089 144.040604
-241.484560 227.393328 142.908978
-243.081270 227.805568 141.777353
-244.677980 228.217807 140.645728
-246.274689 228.630047 139.514102
-247.871399 229.042287 138.382477
-249.468109 229.454526 137.250852
-251.064819 229.866766 136.119226
-252.661529 230.279005 134.987601
-254.258239 230.691245 133.855976
-255.854949 231.103484 132.724350
-257.451659 231.515724 131.592725
-259.048369 231.927963 130.461099
-260.645079 232.340203 129.329474
-262.241789 232.752442 128.197849
-263.838499 233.164682 127.066223
-265.435209 233.576921 125.934598
-267.031919 233.989161 124.802973
-268.628629 234.401400 123.671347
-270.225339 234.813640 122.539722
-271.822049 235.225879 121.408097
-273.418759 235.638119 120.276471
249.950436 34.386702 21.662146
250.465646 32.872565 20.461335
250.980857 31.358428 19.260524
251.496067 29.844291 18.059713
252.011277 28.330154 16.858902
252.526488 26.816017 15.658090
253.041698 25.301880 14.457279
253.556908 23.787743 13.256468
254.072118 22.273605 12.055657
254.587329 20.759468 10.854846
255.102539 19.245331 9.654035
255.617749 17.731194 8.453224
256.132959 16.217057 7.252413
256.648170 14.702920 6.051602
257.163380 13.188783 4.850791
257.678590 11.674646 3.649980
258.193801 10.160509 2.449169
258.709011 8.646372 1.248358
259.224221 7.132235 0.047546
259.739431 5.618097 -1.153265
260.254642 4.103960 -2.354076
260.769852 2.589823 -3.554887
261.285062 1.075686 -4.755698
261.800273 -0.438451 -5.956509
262.315483 -1.952588 -7.157320
262.830693 -3.466725 -8.358131
263.345903 -4.980862 -9.558942
263.861114 -6.494999 -10.759753
264.376324 -8.009136 -11.960564
264.891534 -9.523273 -13.161375
265.406744 -11.037411 -14.362186
265.921955 -12.551548 -15.562998
266.437165 -14.065685 -16.763809
266.952375 -15.579822 -17.964620
267.467586 -17.093959 -19.165431
267.982796 -18.608096 -20.366242
268.498006 -20.122233 -21.567053
269.013216 -21.636370 -22.767864
269.528427 -23.150507 -23.968675
270.043637 -24.664644 -25.169486
270.558847 -26.178781 -26.370297
271.074057 -27.692919 -27.571108
271.589268 -29.207056 -28.771919
272.104478 -30.721193 -29.972730
272.619688 -32.235330 -31.173542
273.134899 -33.749467 -32.374353
273.650109 -35.263604 -33.575164
274.165319 -36.777741 -34.775975
274.680529 -38.291878 -35.976786
275.195740 -39.806015 -37.177597
275.710950 -41.320152 -38.378408
276.226160 -42.834289 -39.579219
276.741370 -44.348427 -40.780030
277.256581 -45.862564 -41.980841
277.771791 -47.376701 -43.181652
278.287001 -48.890838 -44.382463
278.802212 -50.404975 -45.583274
279.317422 -51.919112 -46.784086
279.832632 -53.433249 -47.984897
280.347842 -54.947386 -49.185708
280.863053 -56.461523 -50.386519
281.378263 -57.975660 -51.587330
281.893473 -59.489797 -52.788141
282.408684 -61.003935 -53.988952
282.923894 -62.518072 -55.189763
283.439104 -64.032209 -56.390574
283.954314 -65.546346 -57.591385
284.469525 -67.060483 -58.792196
284.984735 -68.574620 -59.993007
285.499945 -70.088757 -61.193818
22.850118 265.797670 -166.815296
24.830665 265.905173 -166.558626
26.811211 266.012677 -166.301956
28.791757 266.120180 -166.045286
30.772304 266.227683 -165.788616
32.752850 266.335186 -165.531947
34.733396 266.442689 -165.275277
36.713943 266.550192 -165.018607
38.694489 266.657695 -164.761937
40.675035 266.765198 -164.505267
42.655582 266.872702 -164.248597
44.636128 266.980205 -163.991928
46.616674 267.087708 -163.735258
48.597220 267.195211 -163.478588
50.577767 267.302714 -163.221918
52.558313 267.410217 -162.965248
54.538859 267.517720 -162.708579
56.519406 267.625224 -162.451909
58.499952 267.732727 -162.195239
60.480498 267.840230 -161.938569
62.461045 267.947733 -161.681899
64.441591 268.055236 -161.425229
66.422137 268.162739 -161.168560
68.402684 268.270242 -160.911890
70.383230 268.377745 -160.655220
72.363776 268.485249 -160.398550
74.344322 268.592752 -160.141880
76.324869 268.700255 -159.885210
78.305415 268.807758 -159.628541
80.285961 268.915261 -159.371871
82.266508 269.022764 -159.115201
84.247054 269.130267 -158.858531
86.227600 269.237770 -158.601861
88.208147 269.345274 -158.345191
90.188693 269.452777 -158.088522
92.169239 269.560280 -157.831852
94.149786 269.667783 -157.575182
96.130332 269.775286 -157.318512
98.110878 269.882789 -157.061842
100.091424 269.990292 -156.805173
102.071971 270.097795 -156.548503
104.052517 270.205299 -156.291833
106.033063 270.312802 -156.035163
108.013610 270.420305 -155.778493
109.994156 270.527808 -155.521823
111.974702 270.635311 -155.265154
113.955249 270.742814 -155.008484
115.935795 270.850317 -154.751814
117.916341 270.957821 -154.495144
119.896888 271.065324 -154.238474
121.877434 271.172827 -153.981804
123.857980 271.280330 -153.725135
125.838526 271.387833 -153.468465
127.819073 271.495336 -153.211795
129.799619 271.602839 -152.955125
131.780165 271.710342 -152.698455
133.760712 271.817846 -152.441785
135.741258 271.925349 -152.185116
137.721804 272.032852 -151.928446
139.702351 272.140355 -151.671776
141.682897 272.247858 -151.415106
143.663443 272.355361 -151.158436
145.643990 272.462864 -150.901767
147.624536 272.570367 -150.645097
149.605082 272.677871 -150.388427
151.585628 272.785374 -150.131757
153.566175 272.892877 -149.875087
155.546721 273.000380 -149.618417
157.527267 273.107883 -149.361748
159.507814 273.215386 -149.105078
-27.906045 -265.235242 211.722811
-26.607661 -264.879908 210.243643
-25.309278 -264.524573 208.764475
-24.010895 -264.169239 207.285306
-22.712512 -263.813905 205.806138
-21.414129 -263.458571 204.326970
-20.115745 -263.103236 202.847802
-18.817362 -262.747902 201.368633
-17.518979 -262.392568 199.889465
-16.220596 -262.037234 198.410297
-14.922213 -261.681899 196.931129
-13.623830 -261.326565 195.451960
-12.325446 -260.971231 193.972792
-11.027063 -260.615896 192.493624
-9.728680 -260.260562 191.014456
-8.430297 -259.905228 189.535287
-7.131914 -259.549894 188.056119
-5.833531 -259.194559 186.576951
-4.535147 -258.839225 185.097783
-3.236764 -258.483891 183.618614
-1.938381 -258.128557 182.139446
-0.639998 -257.773222 180.660278
0.658385 -257.417888 179.181110
1.956768 -257.062554 177.701941
3.255152 -256.707220 176.222773
4.553535 -256.351885 174.743605
5.851918 -255.996551 173.264437
7.150301 -255.641217 171.785269
8.448684 -255.285883 170.306100
9.747068 -254.930548 168.826932
11.045451 -254.575214 167.347764
12.343834 -254.219880 165.868596
13.642217 -253.864546 164.389427
14.940600 -253.509211 162.910259
16.238983 -253.153877 161.431091
17.537367 -252.798543 159.951923
18.835750 -252.443209 158.472754
20.134133 -252.087874 156.993586
21.432516 -251.732540 155.514418
22.730899 -251.377206 154.035250
24.029282 -251.021872 152.556081
25.327666 -250.666537 151.076913
26.626049 -250.311203 149.597745
27.924432 -249.955869 148.118577
29.222815 -249.600534 146.639408
30.521198 -249.245200 145.160240
31.819582 -248.889866 143.681072
33.117965 -248.534532 142.201904
34.416348 -248.179197 140.722735
35.714731 -247.823863 139.243567
37.013114 -247.468529 137.764399
38.311497 -247.113195 136.285231
39.609881 -246.757860 134.806062
40.908264 -246.402526 133.326894
42.206647 -246.047192 131.847726
43.505030 -245.691858 130.368558
44.803413 -245.336523 128.889389
46.101796 -244.981189 127.410221
47.400180 -244.625855 125.931053
48.698563 -244.270521 124.451885
49.996946 -243.915186 122.972716
51.295329 -243.559852 121.493548
52.593712 -243.204518 120.014380
53.892095 -242.849184 118.535212
55.190479 -242.493849 117.056043
56.488862 -242.138515 115.576875
57.787245 -241.783181 114.097707
59.085628 -241.427847 112.618539
60.384011 -241.072512 111.139370
61.682395 -240.717178 109.660202
-147.824203 57.497067 139.816564
-147.792036 58.646051 138.179860
-147.759868 59.795036 136.543156
-147.727700 60.944021 134.906453
-147.695533 62.093005 133.269749
-147.663365 63.241990 131.633045
-147.631197 64.390974 129.996341
-147.599030 65.539959 128.359637
-147.566862 66.688943 126.722933
-147.534694 67.837928 125.086229
-147.502527 68.986913 123.449525
-147.470359 70.135897 121.812821
-147.438192 71.284882 120.176117
-147.406024 72.433866 118.539414
-147.373856 73.582851 116.902710
-147.341689 74.731836 115.266006
-147.309521 75.880820 113.629302
-147.277353 77.029805 111.992598
-147.245186 78.178789 110.355894
-147.213018 79.327774 108.719190
-147.180850 80.476759 107.082486
-147.148683 81.625743 105.445782
-147.116515 82.774728 103.809078
-147.084348 83.923712 102.172374
-147.052180 85.072697 100.535671
-147.020012 86.221681 98.898967
-146.987845 87.370666 97.262263
-146.955677 88.519651 95.625559
-146.923509 89.668635 93.988855
-146.891342 90.817620 92.352151
-146.859174 91.966604 90.715447
-146.827007 93.115589 89.078743
-146.794839 94.264574 87.442039
-146.762671 95.413558 85.805335
-146.730504 96.562543 84.168632
-146.698336 97.711527 82.531928
-146.666168 98.860512 80.895224
-146.634001 100.009496 79.258520
-146.601833 101.158481 77.621816
-146.569665 102.307466 75.985112
-146.537498 103.456450 74.348408
-146.505330 104.605435 72.711704
-146.473163 105.754419 71.075000
-146.440995 106.903404 69.438296
-146.408827 108.052389 67.801593
-146.376660 109.201373 66.164889
-146.344492 110.350358 64.528185
-146.312324 111.499342 62.891481
-146.280157 112.648327 61.254777
-146.247989 113.797312 59.618073
-146.215822 114.946296 57.981369
-146.183654 116.095281 56.344665
-146.151486 117.244265 54.707961
-146.119319 118.393250 53.071257
-146.087151 119.542234 51.434554
-146.054983 120.691219 49.797850
-146.022816 121.840204 48.161146
-145.990648 122.989188 46.524442
-145.958480 124.138173 44.887738
-145.926313 125.287157 43.251034
-145.894145 126.436142 41.614330
-145.861978 127.585127 39.977626
-145.829810 128.734111 38.340922
-145.797642 129.883096 36.704218
-145.765475 131.032080 35.067515
-145.733307 132.181065 33.430811
-145.701139 133.330050 31.794107
-145.668972 134.479034 30.157403
-145.636804 135.628019 28.520699
-145.604637 136.777003 26.883995
141.824127 -59.429806 -279.654576
140.621675 -61.027937 -279.663856
139.419223 -62.626068 -279.673136
138.216771 -64.224199 -279.682416
137.014319 -65.822330 -279.691696
135.811867 -67.420461 -279.700976
134.609415 -69.018592 -279.710256
133.406963 -70.616723 -279.719536
132.204510 -72.214854 -279.728816
131.002058 -73.812985 -279.738096
129.799606 -75.411116 -279.747376
128.597154 -77.009247 -279.756656
127.394702 -78.607379 -279.765936
126.192250 -80.205510 -279.775216
124.989798 -81.803641 -279.784496
123.787346 -83.401772 -279.793776
122.584894 -84.999903 -279.803056
121.382442 -86.598034 -279.812336
120.179990 -88.196165 -279.821616
118.977538 -89.794296 -279.830896
117.775086 -91.392427 -279.840176
116.572634 -92.990558 -279.849456
115.370182 -94.588689 -279.858736
114.167729 -96.186820 -279.868016
112.965277 -97.784951 -279.877296
111.762825 -99.383082 -279.886576
110.560373 -100.981213 -279.895856
109.357921 -102.579345 -279.905136
108.155469 -104.177476 -279.914416
106.953017 -105.775607 -279.923696
105.750565 -107.373738 -279.932976
104.548113 -108.971869 -279.942257
103.345661 -110.570000 -279.951537
102.143209 -112.168131 -279.960817
100.940757 -113.766262 -279.970097
99.738305 -115.364393 -279.979377
98.535853 -116.962524 -279.988657
97.333400 -118.560655 -279.997937
96.130948 -120.158786 -280.007217
94.928496 -121.756917 -280.016497
93.726044 -123.355048 -280.025777
92.523592 -124.953179 -280.035057
91.321140 -126.551311 -280.044337
90.118688 -128.149442 -280.053617
88.916236 -129.747573 -280.062897
87.713784 -131.345704 -280.072177
86.511332 -132.943835 -280.081457
85.308880 -134.541966 -280.090737
84.106428 -136.140097 -280.100017
82.903976 -137.738228 -280.109297
81.701524 -139.336359 -280.118577
80.499071 -140.934490 -280.127857
79.296619 -142.532621 -280.137137
78.094167 -144.130752 -280.146417
76.891715 -145.728883 -280.155697
75.689263 -147.327014 -280.164977
74.486811 -148.925145 -280.174257
73.284359 -150.523276 -280.183537
72.081907 -152.121408 -280.192817
70.879455 -153.719539 -280.202097
69.677003 -155.317670 -280.211377
68.474551 -156.915801 -280.220657
67.272099 -158.513932 -280.229937
66.069647 -160.112063 -280.239217
64.867195 -161.710194 -280.248497
63.664743 -163.308325 -280.257777
62.462290 -164.906456 -280.267057
61.259838 -166.504587 -280.276337
60.057386 -168.102718 -280.285617
58.854934 -169.700849 -280.294897
30.526983 -10.020688 -3.190572
31.656132 -9.964176 -1.540776
32.785282 -9.907664 0.109020
33.914431 -9.851152 1.758817
35.043581 -9.794640 3.408613
36.172730 -9.738128 5.058409
37.301880 -9.681616 6.708205
38.431029 -9.625104 8.358002
39.560179 -9.568592 10.007798
40.689328 -9.512080 11.657594
41.818478 -9.455567 13.307391
42.947627 -9.399055 14.957187
44.076777 -9.342543 16.606983
45.205926 -9.286031 18.256779
46.335076 -9.229519 19.906576
47.464225 -9.173007 21.556372
48.593375 -9.116495 23.206168
49.722525 -9.059983 24.855964
50.851674 -9.003471 26.505761
51.980824 -8.946959 28.155557
53.109973 -8.890447 29.805353
54.239123 -8.833935 31.455150
55.368272 -8.777423 33.104946
56.497422 -8.720910 34.754742
57.626571 -8.664398 36.404538
58.755721 -8.607886 38.054335
59.884870 -8.551374 39.704131
61.014020 -8.494862 41.353927
62.143169 -8.438350 43.003723
63.272319 -8.381838 44.653520
64.401468 -8.325326 46.303316
65.530618 -8.268814 47.953112
66.659767 -8.212302 49.602909
67.788917 -8.155790 51.252705
68.918066 -8.099278 52.902501
70.047216 -8.042766 54.552297
71.176366 -7.986253 56.202094
72.305515 -7.929741 57.851890
73.434665 -7.873229 59.501686
74.563814 -7.816717 61.151482
75.692964 -7.760205 62.801279
76.822113 -7.703693 64.451075
77.951263 -7.647181 66.100871
79.080412 -7.590669 67.750668
80.209562 -7.534157 69.400464
81.338711 -7.477645 71.050260
82.467861 -7.421133 72.700056
83.597010 -7.364621 74.349853
84.726160 -7.308109 75.999649
85.855309 -7.251597 77.649445
86.984459 -7.195084 79.299241
88.113608 -7.138572 80.949038
89.242758 -7.082060 82.598834
90.371907 -7.025548 84.248630
91.501057 -6.969036 85.898427
92.630206 -6.912524 87.548223
93.759356 -6.856012 89.198019
94.888506 -6.799500 90.847815
96.017655 -6.742988 92.497612
97.146805 -6.686476 94.147408
98.275954 -6.629964 95.797204
99.405104 -6.573452 97.447000
100.534253 -6.516940 99.096797
101.663403 -6.460427 100.746593
102.792552 -6.403915 102.396389
103.921702 -6.347403 104.046185
105.050851 -6.290891 105.695982
106.180001 -6.234379 107.345778
107.309150 -6.177867 108.995574
108.438300 -6.121355 110.645371
-51.979537 138.136117 204.374204
-50.017449 138.521889 204.411515
-48.055362 138.907661 204.448826
-46.093274 139.293433 204.486137
-44.131186 139.679205 204.523448
-42.169099 140.064977 204.560759
-40.207011 140.450749 204.598070
-38.244924 140.836521 204.635381
-36.282836 141.222294 204.672692
-34.320748 141.608066 204.710003
-32.358661 141.993838 204.747314
-30.396573 142.379610 204.784625
-28.434485 142.765382 204.821936
-26.472398 143.151154 204.859247
-24.510310 143.536926 204.896558
-22.548223 143.922698 204.933869
-20.586135 144.308470 204.971180
-18.624047 144.694242 205.008491
-16.661960 145.080014 205.045802
-14.699872 145.465787 205.083113
-12.737785 145.851559 205.120424
-10.775697 146.237331 205.157735
-8.813609 146.623103 205.195046
-6.851522 147.008875 205.232357
-4.889434 147.394647 205.269668
-2.927347 147.780419 205.306979
-0.965259 148.166191 205.344290
0.996829 148.551963 205.381601
2.958916 148.937735 205.418912
4.921004 149.323508 205.456223
6.883091 149.709280 205.493534
8.845179 150.095052 205.530845
10.807267 150.480824 205.568156
12.769354 150.866596 205.605467
14.731442 151.252368 205.642778
16.693529 151.638140 205.680089
18.655617 152.023912 205.717400
20.617705 152.409684 205.754711
22.579792 152.795456 205.792022
24.541880 153.181229 205.829333
26.503967 153.567001 205.866645
28.466055 153.952773 205.903956
30.428143 154.338545 205.941267
32.390230 154.724317 205.978578
34.352318 155.110089 206.015889
36.314406 155.495861 206.053200
38.276493 155.881633 206.090511
40.238581 156.267405 206.127822
42.200668 156.653177 206.165133
44.162756 157.038950 206.202444
46.124844 157.424722 206.239755
48.086931 157.810494 206.277066
50.049019 158.196266 206.314377
52.011106 158.582038 206.351688
53.973194 158.967810 206.388999
55.935282 159.353582 206.426310
57.897369 159.739354 206.463621
59.859457 160.125126 206.500932
61.821544 160.510898 206.538243
63.783632 160.896671 206.575554
65.745720 161.282443 206.612865
67.707807 161.668215 206.650176
69.669895 162.053987 206.687487
71.631982 162.439759 206.724798
73.594070 162.825531 206.762109
75.556158 163.211303 206.799420
77.518245 163.597075 206.836731
79.480333 163.982847 206.874042
81.442420 164.368619 206.911353
83.404508 164.754392 206.948664
154.417317 80.114683 -28.894503
156.394053 80.418664 -28.904976
158.370789 80.722645 -28.915449
160.347525 81.026626 -28.925922
162.324261 81.330607 -28.936396
164.300998 81.634588 -28.946869
166.277734 81.938569 -28.957342
168.254470 82.242550 -28.967815
170.231206 82.546531 -28.978289
172.207942 82.850512 -28.988762
174.184678 83.154493 -28.999235
176.161415 83.458474 -29.009708
178.138151 83.762455 -29.020181
180.114887 84.066436 -29.030655
182.091623 84.370416 -29.041128
184.068359 84.674397 -29.051601
186.045095 84.978378 -29.062074
188.021832 85.282359 -29.072548
189.998568 85.586340 -29.083021
191.975304 85.890321 -29.093494
193.952040 86.194302 -29.103967
195.928776 86.498283 -29.114441
197.905513 86.802264 -29.124914
199.882249 87.106245 -29.135387
201.858985 87.410226 -29.145860
203.835721 87.714207 -29.156334
205.812457 88.018188 -29.166807
207.789193 88.322169 -29.177280
209.765930 88.626149 -29.187753
211.742666 88.930130 -29.198227
213.719402 89.234111 -29.208700
215.696138 89.538092 -29.219173
217.672874 89.842073 -29.229646
219.649610 90.146054 -29.240120
221.626347 90.450035 -29.250593
223.603083 90.754016 -29.261066
225.579819 91.057997 -29.271539
227.556555 91.361978 -29.282012
229.533291 91.665959 -29.292486
231.510028 91.969940 -29.302959
233.486764 92.273921 -29.313432
235.463500 92.577902 -29.323905
237.440236 92.881882 -29.334379
239.416972 93.185863 -29.344852
241.393708 93.489844 -29.355325
243.370445 93.793825 -29.365798
245.347181 94.097806 -29.376272
247.323917 94.401787 -29.386745
249.300653 94.705768 -29.397218
251.277389 95.009749 -29.407691
253.254125 95.313730 -29.418165
255.230862 95.617711 -29.428638
257.207598 95.921692 -29.439111
259.184334 96.225673 -29.449584
261.161070 96.529654 -29.460058
263.137806 96.833635 -29.470531
265.114542 97.137615 -29.481004
267.091279 97.441596 -29.491477
269.068015 97.745577 -29.501950
271.044751 98.049558 -29.512424
273.021487 98.353539 -29.522897
274.998223 98.657520 -29.533370
276.974960 98.961501 -29.543843
278.951696 99.265482 -29.554317
280.928432 99.569463 -29.564790
282.905168 99.873444 -29.575263
284.881904 100.177425 -29.585736
286.858640 100.481406 -29.596210
288.835377 100.785387 -29.606683
290.812113 101.089368 -29.617156
-134.680529 22.387423 76.315384
-133.271858 23.372036 77.338217
-131.863188 24.356648 78.361049
-130.454518 25.341261 79.383881
-129.045847 26.325873 80.406714
-127.637177 27.310486 81.429546
-126.228506 28.295098 82.452378
-124.819836 29.279711 83.475211
-123.411166 30.264323 84.498043
-122.002495 31.248936 85.520875
-120.593825 32.233548 86.543708
-119.185155 33.218161 87.566540
-117.776484 34.202773 88.589372
-116.367814 35.187386 89.612205
-114.959143 36.171998 90.635037
-113.550473 37.156611 91.657869
-112.141803 38.141223 92.680702
-110.733132 39.125836 93.703534
-109.324462 40.110448 94.726366
-107.915792 41.095061 95.749199
-106.507121 42.079673 96.772031
-105.098451 43.064286 97.794863
-103.689780 44.048898 98.817696
-102.281110 45.033511 99.840528
-100.872440 46.018124 100.863360
-99.463769 47.002736 101.886193
-98.055099 47.987349 102.909025
-96.646429 48.971961 103.931857
-95.237758 49.956574 104.954690
-93.829088 50.941186 105.977522
-92.420417 51.925799 107.000354
-91.011747 52.910411 108.023187
-89.603077 53.895024 109.046019
-88.194406 54.879636 110.068851
-86.785736 55.864249 111.091684
-85.377066 56.848861 112.114516
-83.968395 57.833474 113.137348
-82.559725 58.818086 114.160181
-81.151054 59.802699 115.183013
-79.742384 60.787311 116.205845
-78.333714 61.771924 117.228678
-76.925043 62.756536 118.251510
-75.516373 63.741149 119.274342
-74.107703 64.725761 120.297175
-72.699032 65.710374 121.320007
-71.290362 66.694986 122.342839
-69.881691 67.679599 123.365672
-68.473021 68.664211 124.388504
-67.064351 69.648824 125.411336
-65.655680 70.633436 126.434169
-64.247010 71.618049 127.457001
-62.838340 72.602661 128.479833
-61.429669 73.587274 129.502666
-60.020999 74.571886 130.525498
-58.612328 75.556499 131.548330
-57.203658 76.541111 132.571163
-55.794988 77.525724 133.593995
-54.386317 78.510336 134.616827
-52.977647 79.494949 135.639660
-51.568977 80.479561 136.662492
-50.160306 81.464174 137.685324
-48.751636 82.448786 138.708157
-47.342965 83.433399 139.730989
-45.934295 84.418011 140.753821
-44.525625 85.402624 141.776654
-43.116954 86.387236 142.799486
-41.708284 87.371849 143.822318
-40.299614 88.356461 144.845151
-38.890943 89.341074 145.867983
-37.482273 90.325686 146.890815
169.448671 164.794561 262.300530
170.098780 164.910683 260.412707
170.748889 165.026804 258.524884
171.398997 165.142926 256.637061
172.049106 165.259047 254.749239
172.699214 165.375169 252.861416
173.349323 165.491290 250.973593
173.999432 165.607412 249.085771
174.649540 165.723533 247.197948
175.299649 165.839655 245.310125
175.949757 165.955776 243.422302
176.599866 166.071897 241.534480
177.249975 166.188019 239.646657
177.900083 166.304140 237.758834
178.550192 166.420262 235.871012
179.200300 166.536383 233.983189
179.850409 166.652505 232.095366
180.500518 166.768626 230.207543
181.150626 166.884748 228.319721
181.800735 167.000869 226.431898
182.450843 167.116991 224.544075
183.100952 167.233112 222.656253
183.751061 167.349234 220.768430
184.401169 167.465355 218.880607
185.051278 167.581477 216.992784
185.701386 167.697598 215.104962
186.351495 167.813720 213.217139
187.001604 167.929841 211.329316
187.651712 168.045963 209.441494
188.301821 168.162084 207.553671
188.951930 168.278206 205.665848
189.602038 168.394327 203.778025
190.252147 168.510449 201.890203
190.902255 168.626570 200.002380
191.552364 168.742692 198.114557
192.202473 168.858813 196.226735
192.852581 168.974935 194.338912
193.502690 169.091056 192.451089
194.152798 169.207178 190.563266
194.802907 169.323299 188.675444
195.453016 169.439421 186.787621
196.103124 169.555542 184.899798
196.753233 169.671664 183.011976
197.403341 169.787785 181.124153
198.053450 169.903907 179.236330
198.703559 170.020028 177.348507
199.353667 170.136150 175.460685
200.003776 170.252271 173.572862
200.653884 170.368393 171.685039
201.303993 170.484514 169.797217
201.954102 170.600635 167.909394
202.604210 170.716757 166.021571
203.254319 170.832878 164.133748
203.904427 170.949000 162.245926
204.554536 171.065121 160.358103
205.204645 171.181243 158.470280
205.854753 171.297364 156.582458
206.504862 171.413486 154.694635
207.154971 171.529607 152.806812
207.805079 171.645729 150.918989
208.455188 171.761850 149.031167
209.105296 171.877972 147.143344
209.755405 171.994093 145.255521
210.405514 172.110215 143.367699
211.055622 172.226336 141.479876
211.705731 172.342458 139.592053
212.355839 172.458579 137.704230
213.005948 172.574701 135.816408
213.656057 172.690822 133.928585
214.306165 172.806944 132.040762
36.624199 46.174356 239.723759
37.635762 45.182548 238.312002
38.647324 44.190740 236.900245
39.658887 43.198932 235.488488
40.670450 42.207124 234.076731
41.682013 41.215316 232.664975
42.693576 40.223508 231.253218
43.705139 39.231700 229.841461
44.716702 38.239892 228.429704
45.728265 37.248084 227.017947
46.739828 36.256276 225.606190
47.751391 35.264468 224.194433
48.762953 34.272660 222.782676
49.774516 33.280852 221.370919
50.786079 32.289044 219.959163
51.797642 31.297236 218.547406
52.809205 30.305428 217.135649
53.820768 29.313620 215.723892
54.832331 28.321812 214.312135
55.843894 27.330004 212.900378
56.855457 26.338197 211.488621
57.867020 25.346389 210.076864
58.878582 24.354581 208.665108
59.890145 23.362773 207.253351
60.901708 22.370965 205.841594
61.913271 21.379157 204.429837
62.924834 20.387349 203.018080
63.936397 19.395541 201.606323
64.947960 18.403733 200.194566
65.959523 17.411925 198.782809
66.971086 16.420117 197.371053
67.982649 15.428309 195.959296
68.994211 14.436501 194.547539
70.005774 13.444693 193.135782
71.017337 12.452885 191.724025
72.028900 11.461077 190.312268
73.040463 10.469269 188.900511
74.052026 9.477461 187.488754
75.063589 8.485653 186.076997
76.075152 7.493845 184.665241
77.086715 6.502037 183.253484
78.098277 5.510229 181.841727
79.109840 4.518422 180.429970
80.121403 3.526614 179.018213
81.132966 2.534806 177.606456
82.144529 1.542998 176.194699
83.156092 0.551190 174.782942
84.167655 -0.440618 173.371186
85.179218 -1.432426 171.959429
86.190781 -2.424234 170.547672
87.202344 -3.416042 169.135915
88.213906 -4.407850 167.724158
89.225469 -5.399658 166.312401
90.237032 -6.391466 164.900644
91.248595 -7.383274 163.488887
92.260158 -8.375082 162.077131
93.271721 -9.366890 160.665374
94.283284 -10.358698 159.253617
95.294847 -11.350506 157.841860
96.306410 -12.342314 156.430103
97.317973 -13.334122 155.018346
98.329535 -14.325930 153.606589
99.341098 -15.317738 152.194832
100.352661 -16.309545 150.783075
101.364224 -17.301353 149.371319
102.375787 -18.293161 147.959562
103.387350 -19.284969 146.547805
104.398913 -20.276777 145.136048
105.410476 -21.268585 143.724291
106.422039 -22.260393 142.312534
172.772924 295.333274 193.423295
173.321591 293.678729 192.442762
173.870258 292.024183 191.462230
174.418924 290.369638 190.481697
174.967591 288.715092 189.501165
175.516257 287.060546 188.520632
176.064924 285.406001 187.540100
176.613591 283.751455 186.559567
177.162257 282.096910 185.579035
177.710924 280.442364 184.598502
178.259591 278.787819 183.617970
178.808257 277.133273 182.637437
179.356924 275.478728 181.656905
179.905590 273.824182 180.676372
180.454257 272.169636 179.695840
181.002924 270.515091 178.715307
181.551590 268.860545 177.734775
182.100257 267.206000 176.754242
182.648923 265.551454 175.773710
183.197590 263.896909 174.793178
183.746257 262.242363 173.812645
184.294923 260.587818 172.832113
184.843590 258.933272 171.851580
185.392256 257.278726 170.871048
185.940923 255.624181 169.890515
186.489590 253.969635 168.909983
187.038256 252.315090 167.929450
187.586923 250.660544 166.948918
188.135589 249.005999 165.968385
188.684256 247.351453 164.987853
189.232923 245.696908 164.007320
189.781589 244.042362 163.026788
190.330256 242.387816 162.046255
190.878923 240.733271 161.065723
191.427589 239.078725 160.085190
191.976256 237.424180 159.104658
192.524922 235.769634 158.124125
193.073589 234.115089 157.143593
193.622256 232.460543 156.163060
194.170922 230.805997 155.182528
194.719589 229.151452 154.201995
195.268255 227.496906 153.221463
195.816922 225.842361 152.240930
196.365589 224.187815 151.260398
196.914255 222.533270 150.279865
197.462922 220.878724 149.299333
198.011588 219.224179 148.318800
198.560255 217.569633 147.338268
199.108922 215.915087 146.357735
199.657588 214.260542 145.377203
200.206255 212.605996 144.396670
200.754922 210.951451 143.416138
201.303588 209.296905 142.435606
201.852255 207.642360 141.455073
202.400921 205.987814 140.474541
202.949588 204.333269 139.494008
203.498255 202.678723 138.513476
204.046921 201.024177 137.532943
204.595588 199.369632 136.552411
205.144254 197.715086 135.571878
205.692921 196.060541 134.591346
206.241588 194.405995 133.610813
206.790254 192.751450 132.630281
207.338921 191.096904 131.649748
207.887587 189.442359 130.669216
208.436254 187.787813 129.688683
208.984921 186.133267 128.708151
209.533587 184.478722 127.727618
210.082254 182.824176 126.747086
210.630920 181.169631 125.766553
-241.101639 -16.469246 154.187152
-241.838822 -14.665409 153.736891
-242.576005 -12.861572 153.286630
-243.313187 -11.057735 152.836370
-244.050370 -9.253899 152.386109
-244.787552 -7.450062 151.935848
-245.524735 -5.646225 151.485587
-246.261918 -3.842388 151.035327
-246.999100 -2.038552 150.585066
-247.736283 -0.234715 150.134805
-248.473466 1.569122 149.684544
-249.210648 3.372959 149.234284
-249.947831 5.176795 148.784023
-250.685014 6.980632 148.333762
-251.422196 8.784469 147.883501
-252.159379 10.588306 147.433241
-252.896562 12.392142 146.982980
-253.633744 14.195979 146.532719
-254.370927 15.999816 146.082458
-255.108109 17.803653 145.632198
-255.845292 19.607489 145.181937
-256.582475 21.411326 144.731676
-257.319657 23.215163 144.281415
-258.056840 25.019000 143.831155
-258.794023 26.822836 143.380894
-259.531205 28.626673 142.930633
-260.268388 30.430510 142.480372
-261.005571 32.234347 142.030112
-261.742753 34.038183 141.579851
-262.479936 35.842020 141.129590
-263.217119 37.645857 140.679330
-263.954301 39.449693 140.229069
-264.691484 41.253530 139.778808
-265.428667 43.057367 139.328547
-266.165849 44.861204 138.878287
-266.903032 46.665040 138.428026
-267.640214 48.468877 137.977765
-268.377397 50.272714 137.527504
-269.114580 52.076551 137.077244
-269.851762 53.880387 136.626983
-270.588945 55.684224 136.176722
-271.326128 57.488061 135.726461
-272.063310 59.291898 135.276201
-272.800493 61.095734 134.825940
-273.537676 62.899571 134.375679
-274.274858 64.703408 133.925418
-275.012041 66.507245 133.475158
-275.749224 68.311081 133.024897
-276.486406 70.114918 132.574636
-277.223589 71.918755 132.124375
-277.960771 73.722592 131.674115
-278.697954 75.526428 131.223854
-279.435137 77.330265 130.773593
-280.172319 79.134102 130.323332
-280.909502 80.937939 129.873072
-281.646685 82.741775 129.422811
-282.383867 84.545612 128.972550
-283.121050 86.349449 128.522289
-283.858233 88.153286 128.072029
-284.595415 89.957122 127.621768
-285.332598 91.760959 127.171507
-286.069781 93.564796 126.721247
-286.806963 95.368633 126.270986
-287.544146 97.172469 125.820725
-288.281329 98.976306 125.370464
-289.018511 100.780143 124.920204
-289.755694 102.583980 124.469943
-290.492876 104.387816 124.019682
-291.230059 106.191653 123.569421
-291.967242 107.995490 123.119161
-186.327004 169.908385 -130.697653
-187.491229 171.339981 -131.469089
-188.655455 172.771577 -132.240524
-189.819680 174.203173 -133.011960
-190.983905 175.634769 -133.783396
-192.148130 177.066364 -134.554832
-193.312355 178.497960 -135.326267
-194.476580 179.929556 -136.097703
-195.640805 181.361152 -136.869139
-196.805030 182.792748 -137.640575
-197.969255 184.224344 -138.412010
-199.133480 185.655940 -139.183446
-200.297705 187.087536 -139.954882
-201.461930 188.519132 -140.726318
-202.626155 189.950728 -141.497753
-203.790380 191.382324 -142.269189
-204.954605 192.813920 -143.040625
-206.118830 194.245516 -143.812061
-207.283055 195.677112 -144.583496
-208.447281 197.108708 -145.354932
-209.611506 198.540303 -146.126368
-210.775731 199.971899 -146.897803
-211.939956 201.403495 -147.669239
-213.104181 202.835091 -148.440675
-214.268406 204.266687 -149.212111
-215.432631 205.698283 -149.983546
-216.596856 207.129879 -150.754982
-217.761081 208.561475 -151.526418
-218.925306 209.993071 -152.297854
-220.089531 211.424667 -153.069289
-221.253756 212.856263 -153.840725
-222.417981 214.287859 -154.612161
-223.582206 215.719455 -155.383597
-224.746431 217.151051 -156.155032
-225.910656 218.582647 -156.926468
-227.074881 220.014242 -157.697904
-228.239107 221.445838 -158.469340
-229.403332 222.877434 -159.240775
-230.567557 224.309030 -160.012211
-231.731782 225.740626 -160.783647
-232.896007 227.172222 -161.555082
-234.060232 228.603818 -162.326518
-235.224457 230.035414 -163.097954
-236.388682 231.467010 -163.869390
-237.552907 232.898606 -164.640825
-238.717132 234.330202 -165.412261
-239.881357 235.761798 -166.183697
-241.045582 237.193394 -166.955133
-242.209807 238.624990 -167.726568
-243.374032 240.056586 -168.498004
-244.538257 241.488181 -169.269440
-245.702482 242.919777 -170.040876
-246.866707 244.351373 -170.812311
-248.030932 245.782969 -171.583747
-249.195158 247.214565 -172.355183
-250.359383 248.646161 -173.126619
-251.523608 250.077757 -173.898054
-252.687833 251.509353 -174.669490
-253.852058 252.940949 -175.440926
-255.016283 254.372545 -176.212362
-256.180508 255.804141 -176.983797
-257.344733 257.235737 -177.755233
-258.508958 258.667333 -178.526669
-259.673183 260.098929 -179.298104
-260.837408 261.530525 -180.069540
-262.001633 262.962120 -180.840976
-263.165858 264.393716 -181.612412
-264.330083 265.825312 -182.383847
-265.494308 267.256908 -183.155283
-266.658533 268.688504 -183.926719
7.336485 -173.975817 183.710042
8.993222 -173.581555 184.758747
10.649959 -173.187293 185.807451
12.306695 -172.793030 186.856155
13.963432 -172.398768 187.904860
15.620169 -172.004506 188.953564
17.276905 -171.610244 190.002269
18.933642 -171.215982 191.050973
20.590379 -170.821720 192.099677
22.247115 -170.427457 193.148382
23.903852 -170.033195 194.197086
25.560589 -169.638933 195.245791
27.217325 -169.244671 196.294495
28.874062 -168.850409 197.343199
30.530799 -168.456146 198.391904
32.187535 -168.061884 199.440608
33.844272 -167.667622 200.489313
35.501009 -167.273360 201.538017
37.157745 -166.879098 202.586721
38.814482 -166.484835 203.635426
40.471219 -166.090573 204.684130
42.127956 -165.696311 205.732835
43.784692 -165.302049 206.781539
45.441429 -164.907787 207.830243
47.098166 -164.513524 208.878948
48.754902 -164.119262 209.927652
50.411639 -163.725000 210.976356
52.068376 -163.330738 212.025061
53.725112 -162.936476 213.073765
55.381849 -162.542214 214.122470
57.038586 -162.147951 215.171174
58.695322 -161.753689 216.219878
60.352059 -161.359427 217.268583
62.008796 -160.965165 218.317287
63.665532 -160.570903 219.365992
65.322269 -160.176640 220.414696
66.979006 -159.782378 221.463400
68.635742 -159.388116 222.512105
70.292479 -158.993854 223.560809
71.949216 -158.599592 224.609514
73.605952 -158.205329 225.658218
75.262689 -157.811067 226.706922
76.919426 -157.416805 227.755627
78.576162 -157.022543 228.804331
80.232899 -156.628281 229.853036
81.889636 -156.234018 230.901740
83.546372 -155.839756 231.950444
85.203109 -155.445494 232.999149
86.859846 -155.051232 234.047853
88.516583 -154.656970 235.096558
90.173319 -154.262708 236.145262
91.830056 -153.868445 237.193966
93.486793 -153.474183 238.242671
95.143529 -153.079921 239.291375
96.800266 -152.685659 240.340079
98.457003 -152.291397 241.388784
100.113739 -151.897134 242.437488
101.770476 -151.502872 243.486193
103.427213 -151.108610 244.534897
105.083949 -150.714348 245.583601
106.740686 -150.320086 246.632306
108.397423 -149.925823 247.681010
110.054159 -149.531561 248.729715
111.710896 -149.137299 249.778419
113.367633 -148.743037 250.827123
115.024369 -148.348775 251.875828
116.681106 -147.954512 252.924532
118.337843 -147.560250 253.973237
119.994579 -147.165988 255.021941
121.651316 -146.771726 256.070645
-127.608041 230.513437 163.445380
-127.133045 228.617536 163.869571
-126.658048 226.721635 164.293762
-126.183052 224.825734 164.717953
-125.708055 222.929833 165.142144
-125.233059 221.033932 165.566335
-124.758062 219.138031 165.990526
-124.283065 217.242130 166.414717
-123.808069 215.346229 166.838908
-123.333072 213.450328 167.263099
-122.858076 211.554427 167.687290
-122.383079 209.658526 168.111481
-121.908083 207.762625 168.535672
-121.433086 205.866725 168.959863
-120.958090 203.970824 169.384054
-120.483093 202.074923 169.808245
-120.008097 200.179022 170.232436
-119.533100 198.283121 170.656627
-119.058104 196.387220 171.080818
-118.583107 194.491319 171.505009
-118.108110 192.595418 171.929200
-117.633114 190.699517 172.353391
-117.158117 188.803616 172.777582
-116.683121 186.907715 173.201773
-116.208124 185.011814 173.625964
-115.733128 183.115914 174.050155
-115.258131 181.220013 174.474346
-114.783135 179.324112 174.898537
-114.308138 177.428211 175.322728
-113.833142 175.532310 175.746919
-113.358145 173.636409 176.171110
-112.883149 171.740508 176.595301
-112.408152 169.844607 177.019492
-111.933155 167.948706 177.443683
-111.458159 166.052805 177.867874
-110.983162 164.156904 178.292065
-110.508166 162.261003 178.716256
-110.033169 160.365102 179.140447
-109.558173 158.469202 179.564638
-109.083176 156.573301 179.988829
-108.608180 154.677400 180.413020
-108.133183 152.781499 180.837211
-107.658187 150.885598 181.261402
-107.183190 148.989697 181.685593
-106.708194 147.093796 182.109784
-106.233197 145.197895 182.533975
-105.758200 143.301994 182.958166
-105.283204 141.406093 183.382357
-104.808207 139.510192 183.806548
-104.333211 137.614291 184.230739
-103.858214 135.718391 184.654929
-103.383218 133.822490 185.079120
-102.908221 131.926589 185.503311
-102.433225 130.030688 185.927502
-101.958228 128.134787 186.351693
-101.483232 126.238886 186.775884
-101.008235 124.342985 187.200075
-100.533239 122.447084 187.624266
-100.058242 120.551183 188.048457
-99.583245 118.655282 188.472648
-99.108249 116.759381 188.896839
-98.633252 114.863480 189.321030
-98.158256 112.967580 189.745221
-97.683259 111.071679 190.169412
-97.208263 109.175778 190.593603
-96.733266 107.279877 191.017794
-96.258270 105.383976 191.441985
-95.783273 103.488075 191.866176
-95.308277 101.592174 192.290367
-94.833280 99.696273 192.714558
-249.486361 201.106602 -111.779031
-248.425983 200.428329 -113.333233
-247.365605 199.750056 -114.887435
-246.305227 199.071783 -116.441637
-245.244849 198.393510 -117.995840
-244.184471 197.715237 -119.550042
-243.124093 197.036964 -121.104244
-242.063716 196.358691 -122.658446
-241.003338 195.680418 -124.212648
-239.942960 195.002145 -125.766850
-238.882582 194.323872 -127.321053
-237.822204 193.645599 -128.875255
-236.761826 192.967326 -130.429457
-235.701448 192.289053 -131.983659
-234.641070 191.610780 -133.537861
-233.580692 190.932506 -135.092063
-232.520315 190.254233 -136.646266
-231.459937 189.575960 -138.200468
-230.399559 188.897687 -139.754670
-229.339181 188.219414 -141.308872
-228.278803 187.541141 -142.863074
-227.218425 186.862868 -144.417276
-226.158047 186.184595 -145.971479
-225.097669 185.506322 -147.525681
-224.037291 184.828049 -149.079883
-222.976913 184.149776 -150.634085
-221.916536 183.471503 -152.188287
-220.856158 182.793230 -153.742489
-219.795780 182.114957 -155.296692
-218.735402 181.436684 -156.850894
-217.675024 180.758411 -158.405096
-216.614646 180.080138 -159.959298
-215.554268 179.401865 -161.513500
-214.493890 178.723591 -163.067702
-213.433512 178.045318 -164.621905
-212.373135 177.367045 -166.176107
-211.312757 176.688772 -167.730309
-210.252379 176.010499 -169.284511
-209.192001 175.332226 -170.838713
-208.131623 174.653953 -172.392915
-207.071245 173.975680 -173.947118
-206.010867 173.297407 -175.501320
-204.950489 172.619134 -177.055522
-203.890111 171.940861 -178.609724
-202.829733 171.262588 -180.163926
-201.769356 170.584315 -181.718128
-200.708978 169.906042 -183.272331
-199.648600 169.227769 -184.826533
-198.588222 168.549496 -186.380735
-197.527844 167.871223 -187.934937
-196.467466 167.192950 -189.489139
-195.407088 166.514676 -191.043341
-194.346710 165.836403 -192.597544
-193.286332 165.158130 -194.151746
-192.225954 164.479857 -195.705948
-191.165577 163.801584 -197.260150
-190.105199 163.123311 -198.814352
-189.044821 162.445038 -200.368554
-187.984443 161.766765 -201.922757
-186.924065 161.088492 -203.476959
-185.863687 160.410219 -205.031161
-184.803309 159.731946 -206.585363
-183.742931 159.053673 -208.139565
-182.682553 158.375400 -209.693767
-181.622176 157.697127 -211.247970
-180.561798 157.018854 -212.802172
-179.501420 156.340581 -214.356374
-178.441042 155.662308 -215.910576
-177.380664 154.984034 -217.464778
-176.320286 154.305761 -219.018980
-245.197633 -289.900351 -127.250527
-245.036501 -288.899391 -125.526544
-244.875369 -287.898432 -123.802561
-244.714237 -286.897472 -122.078578
-244.553105 -285.896513 -120.354596
-244.391973 -284.895553 -118.630613
-244.230841 -283.894594 -116.906630
-244.069708 -282.893634 -115.182647
-243.908576 -281.892675 -113.458665
-243.747444 -280.891715 -111.734682
-243.586312 -279.890756 -110.010699
-243.425180 -278.889796 -108.286716
-243.264048 -277.888837 -106.562734
-243.102916 -276.887877 -104.838751
-242.941784 -275.886918 -103.114768
-242.780651 -274.885958 -101.390785
-242.619519 -273.884999 -99.666803
-242.458387 -272.884039 -97.942820
-242.297255 -271.883080 -96.218837
-242.136123 -270.882120 -94.494854
-241.974991 -269.881161 -92.770872
-241.813859 -268.880201 -91.046889
-241.652727 -267.879242 -89.322906
-241.491594 -266.878282 -87.598923
-241.330462 -265.877323 -85.874941
-241.169330 -264.876363 -84.150958
-241.008198 -263.875404 -82.426975
-240.847066 -262.874444 -80.702992
-240.685934 -261.873485 -78.979010
-240.524802 -260.872525 -77.255027
-240.363670 -259.871566 -75.531044
-240.202537 -258.870606 -73.807061
-240.041405 -257.869647 -72.083079
-239.880273 -256.868687 -70.359096
-239.719141 -255.867728 -68.635113
-239.558009 -254.866768 -66.911130
-239.396877 -253.865809 -65.187148
-239.235745 -252.864850 -63.463165
-239.074613 -251.863890 -61.739182
-238.913480 -250.862931 -60.015199
-238.752348 -249.861971 -58.291217
-238.591216 -248.861012 -56.567234
-238.430084 -247.860052 -54.843251
-238.268952 -246.859093 -53.119268
-238.107820 -245.858133 -51.395286
-237.946688 -244.857174 -49.671303
-237.785556 -243.856214 -47.947320
-237.624423 -242.855255 -46.223337
-237.463291 -241.854295 -44.499355
-237.302159 -240.853336 -42.775372
-237.141027 -239.852376 -41.051389
-236.979895 -238.851417 -39.327406
-236.818763 -237.850457 -37.603424
-236.657631 -236.849498 -35.879441
-236.496498 -235.848538 -34.155458
-236.335366 -234.847579 -32.431475
-236.174234 -233.846619 -30.707493
-236.013102 -232.845660 -28.983510
-235.851970 -231.844700 -27.259527
-235.690838 -230.843741 -25.535544
-235.529706 -229.842781 -23.811562
-235.368574 -228.841822 -22.087579
-235.207441 -227.840862 -20.363596
-235.046309 -226.839903 -18.639613
-234.885177 -225.838943 -16.915631
-234.724045 -224.837984 -15.191648
-234.562913 -223.837024 -13.467665
-234.401781 -222.836065 -11.743682
-234.240649 -221.835105 -10.019700
-234.079517 -220.834146 -8.295717
142.097419 -295.316214 -91.932944
143.445698 -295.113097 -93.396120
144.793978 -294.909980 -94.859297
146.142258 -294.706863 -96.322474
147.490537 -294.503747 -97.785650
148.838817 -294.300630 -99.248827
150.187096 -294.097513 -100.712003
151.535376 -293.894396 -102.175180
152.883655 -293.691279 -103.638357
154.231935 -293.488162 -105.101533
155.580214 -293.285045 -106.564710
156.928494 -293.081929 -108.027887
158.276773 -292.878812 -109.491063
159.625053 -292.675695 -110.954240
160.973332 -292.472578 -112.417416
162.321612 -292.269461 -113.880593
163.669891 -292.066344 -115.343770
165.018171 -291.863227 -116.806946
166.366450 -291.660111 -118.270123
167.714730 -291.456994 -119.733300
169.063010 -291.253877 -121.196476
170.411289 -291.050760 -122.659653
171.759569 -290.847643 -124.122829
173.107848 -290.644526 -125.586006
174.456128 -290.441409 -127.049183
175.804407 -290.238292 -128.512359
177.152687 -290.035176 -129.975536
178.500966 -289.832059 -131.438713
179.849246 -289.628942 -132.901889
181.197525 -289.425825 -134.365066
182.545805 -289.222708 -135.828242
183.894084 -289.019591 -137.291419
185.242364 -288.816474 -138.754596
186.590643 -288.613358 -140.217772
187.938923 -288.410241 -141.680949
189.287203 -288.207124 -143.144126
190.635482 -288.004007 -144.607302
191.983762 -287.800890 -146.070479
193.332041 -287.597773 -147.533655
194.680321 -287.394656 -148.996832
196.028600 -287.191540 -150.460009
197.376880 -286.988423 -151.923185
198.725159 -286.785306 -153.386362
200.073439 -286.582189 -154.849539
201.421718 -286.379072 -156.312715
202.769998 -286.175955 -157.775892
204.118277 -285.972838 -159.239068
205.466557 -285.769722 -160.702245
206.814836 -285.566605 -162.165422
208.163116 -285.363488 -163.628598
209.511396 -285.160371 -165.091775
210.859675 -284.957254 -166.554952
212.207955 -284.754137 -168.018128
213.556234 -284.551020 -169.481305
214.904514 -284.347903 -170.944482
216.252793 -284.144787 -172.407658
217.601073 -283.941670 -173.870835
218.949352 -283.738553 -175.334011
220.297632 -283.535436 -176.797188
221.645911 -283.332319 -178.260365
222.994191 -283.129202 -179.723541
224.342470 -282.926085 -181.186718
225.690750 -282.722969 -182.649895
227.039029 -282.519852 -184.113071
228.387309 -282.316735 -185.576248
229.735589 -282.113618 -187.039424
231.083868 -281.910501 -188.502601
232.432148 -281.707384 -189.965778
233.780427 -281.504267 -191.428954
235.128707 -281.301151 -192.892131
-148.339569 -95.102408 65.022113
-148.990040 -95.256772 63.137157
-149.640512 -95.411136 61.252201
-150.290983 -95.565500 59.367245
-150.941454 -95.719864 57.482289
-151.591925 -95.874228 55.597333
-152.242396 -96.028593 53.712377
-152.892867 -96.182957 51.827421
-153.543339 -96.337321 49.942465
-154.193810 -96.491685 48.057509
-154.844281 -96.646049 46.172553
-155.494752 -96.800413 44.287598
-156.145223 -96.954777 42.402642
-156.795695 -97.109142 40.517686
-157.446166 -97.263506 38.632730
-158.096637 -97.417870 36.747774
-158.747108 -97.572234 34.862818
-159.397579 -97.726598 32.977862
-160.048051 -97.880962 31.092906
-160.698522 -98.035326 29.207950
-161.348993 -98.189691 27.322994
-161.999464 -98.344055 25.438038
-162.649935 -98.498419 23.553082
-163.300406 -98.652783 21.668126
-163.950878 -98.807147 19.783170
-164.601349 -98.961511 17.898214
-165.251820 -99.115875 16.013258
-165.902291 -99.270239 14.128302
-166.552762 -99.424604 12.243346
-167.203234 -99.578968 10.358390
-167.853705 -99.733332 8.473434
-168.504176 -99.887696 6.588478
-169.154647 -100.042060 4.703522
-169.805118 -100.196424 2.818567
-170.455590 -100.350788 0.933611
-171.106061 -100.505153 -0.951345
-171.756532 -100.659517 -2.836301
-172.407003 -100.813881 -4.721257
-173.057474 -100.968245 -6.606213
-173.707946 -101.122609 -8.491169
-174.358417 -101.276973 -10.376125
-175.008888 -101.431337 -12.261081
-175.659359 -101.585702 -14.146037
-176.309830 -101.740066 -16.030993
-176.960301 -101.894430 -17.915949
-177.610773 -102.048794 -19.800905
-178.261244 -102.203158 -21.685861
-178.911715 -102.357522 -23.570817
-179.562186 -102.511886 -25.455773
-180.212657 -102.666251 -27.340729
-180.863129 -102.820615 -29.225685
-181.513600 -102.974979 -31.110641
-182.164071 -103.129343 -32.995597
-182.814542 -103.283707 -34.880553
-183.465013 -103.438071 -36.765508
-184.115485 -103.592435 -38.650464
-184.765956 -103.746799 -40.535420
-185.416427 -103.901164 -42.420376
-186.066898 -104.055528 -44.305332
-186.717369 -104.209892 -46.190288
-187.367840 -104.364256 -48.075244
-188.018312 -104.518620 -49.960200
-188.668783 -104.672984 -51.845156
-189.319254 -104.827348 -53.730112
-189.969725 -104.981713 -55.615068
-190.620196 -105.136077 -57.500024
-191.270668 -105.290441 -59.384980
-191.921139 -105.444805 -61.269936
-192.571610 -105.599169 -63.154892
-193.222081 -105.753533 -65.039848
255.377680 237.046762 125.882618
255.822327 235.135814 126.270650
256.266975 233.224867 126.658681
256.711622 231.313919 127.046712
257.156270 229.402972 127.434744
257.600917 227.492024 127.822775
258.045565 225.581077 128.210806
258.490212 223.670129 128.598837
258.934860 221.759182 128.986869
259.379507 219.848234 129.374900
259.824154 217.937287 129.762931
260.268802 216.026339 130.150963
260.713449 214.115392 130.538994
261.158097 212.204444 130.927025
261.602744 210.293497 131.315056
262.047392 208.382549 131.703088
262.492039 206.471602 132.091119
262.936687 204.560654 132.479150
263.381334 202.649707 132.867182
263.825981 200.738759 133.255213
264.270629 198.827812 133.643244
264.715276 196.916864 134.031275
265.159924 195.005917 134.419307
265.604571 193.094969 134.807338
266.049219 191.184022 135.195369
266.493866 189.273074 135.583401
266.938514 187.362127 135.971432
267.383161 185.451179 136.359463
267.827808 183.540232 136.747494
268.272456 181.629284 137.135526
268.717103 179.718337 137.523557
269.161751 177.807389 137.911588
269.606398 175.896442 138.299620
270.051046 173.985494 138.687651
270.495693 172.074547 139.075682
270.940341 170.163599 139.463713
271.384988 168.252652 139.851745
271.829635 166.341704 140.239776
272.274283 164.430757 140.627807
272.718930 162.519809 141.015839
273.163578 160.608862 141.403870
273.608225 158.697914 141.791901
274.052873 156.786967 142.179932
274.497520 154.876019 142.567964
274.942168 152.965072 142.955995
275.386815 151.054124 143.344026
275.831462 149.143177 143.732057
276.276110 147.232229 144.120089
276.720757 145.321282 144.508120
277.165405 143.410334 144.896151
277.610052 141.499387 145.284183
278.054700 139.588439 145.672214
278.499347 137.677492 146.060245
278.943995 135.766544 146.448276
279.388642 133.855597 146.836308
279.833289 131.944649 147.224339
280.277937 130.033702 147.612370
280.722584 128.122754 148.000402
281.167232 126.211807 148.388433
281.611879 124.300859 148.776464
282.056527 122.389912 149.164495
282.501174 120.478964 149.552527
282.945822 118.568017 149.940558
283.390469 116.657069 150.328589
283.835116 114.746122 150.716621
284.279764 112.835174 151.104652
284.724411 110.924227 151.492683
285.169059 109.013279 151.880714
285.613706 107.102331 152.268746
286.058354 105.191384 152.656777
-194.724433 186.172269 -67.859971
-195.305211 184.396478 -67.146345
-195.885989 182.620687 -66.432719
-196.466767 180.844896 -65.719092
-197.047545 179.069105 -65.005466
-197.628323 177.293313 -64.291840
-198.209101 175.517522 -63.578213
-198.789879 173.741731 -62.864587
-199.370657 171.965940 -62.150960
-199.951435 170.190149 -61.437334
-200.532213 168.414358 -60.723708
-201.112991 166.638567 -60.010081
-201.693769 164.862775 -59.296455
-202.274548 163.086984 -58.582829
-202.855326 161.311193 -57.869202
-203.436104 159.535402 -57.155576
-204.016882 157.759611 -56.441949
-204.597660 155.983820 -55.728323
-205.178438 154.208028 -55.014697
-205.759216 152.432237 -54.301070
-206.339994 150.656446 -53.587444
-206.920772 148.880655 -52.873818
-207.501550 147.104864 -52.160191
-208.082328 145.329073 -51.446565
-208.663106 143.553282 -50.732938
-209.243885 141.777490 -50.019312
-209.824663 140.001699 -49.305686
-210.405441 138.225908 -48.592059
-210.986219 136.450117 -47.878433
-211.566997 134.674326 -47.164807
-212.147775 132.898535 -46.451180
-212.728553 131.122743 -45.737554
-213.309331 129.346952 -45.023927
-213.890109 127.571161 -44.310301
-214.470887 125.795370 -43.596675
-215.051665 124.019579 -42.883048
-215.632443 122.243788 -42.169422
-216.213222 120.467997 -41.455796
-216.794000 118.692205 -40.742169
-217.374778 116.916414 -40.028543
-217.955556 115.140623 -39.314916
-218.536334 113.364832 -38.601290
-219.117112 111.589041 -37.887664
-219.697890 109.813250 -37.174037
-220.278668 108.037459 -36.460411
-220.859446 106.261667 -35.746785
-221.440224 104.485876 -35.033158
-222.021002 102.710085 -34.319532
-222.601780 100.934294 -33.605905
-223.182559 99.158503 -32.892279
-223.763337 97.382712 -32.178653
-224.344115 95.606920 -31.465026
-224.924893 93.831129 -30.751400
-225.505671 92.055338 -30.037773
-226.086449 90.279547 -29.324147
-226.667227 88.503756 -28.610521
-227.248005 86.727965 -27.896894
-227.828783 84.952174 -27.183268
-228.409561 83.176382 -26.469642
-228.990339 81.400591 -25.756015
-229.571117 79.624800 -25.042389
-230.151896 77.849009 -24.328762
-230.732674 76.073218 -23.615136
-231.313452 74.297427 -22.901510
-231.894230 72.521635 -22.187883
-232.475008 70.745844 -21.474257
-233.055786 68.970053 -20.760631
-233.636564 67.194262 -20.047004
-234.217342 65.418471 -19.333378
-234.798120 63.642680 -18.619751
-105.338724 -250.996052 173.862511
-103.728367 -250.233997 172.953655
-102.118009 -249.471941 172.044799
-100.507652 -248.709885 171.135942
-98.897294 -247.947830 170.227086
-97.286937 -247.185774 169.318229
-95.676579 -246.423718 168.409373
-94.066222 -245.661663 167.500517
-92.455864 -244.899607 166.591660
-90.845507 -244.137551 165.682804
-89.235149 -243.375496 164.773948
-87.624792 -242.613440 163.865091
-86.014434 -241.851384 162.956235
-84.404077 -241.089329 162.047378
-82.793719 -240.327273 161.138522
-81.183362 -239.565217 160.229666
-79.573004 -238.803162 159.320809
-77.962647 -238.041106 158.411953
-76.352289 -237.279050 157.503096
-74.741932 -236.516995 156.594240
-73.131574 -235.754939 155.685384
-71.521217 -234.992883 154.776527
-69.910859 -234.230828 153.867671
-68.300502 -233.468772 152.958815
-66.690144 -232.706716 152.049958
-65.079787 -231.944661 151.141102
-63.469430 -231.182605 150.232245
-61.859072 -230.420549 149.323389
-60.248715 -229.658494 148.414533
-58.638357 -228.896438 147.505676
-57.028000 -228.134382 146.596820
-55.417642 -227.372327 145.687964
-53.807285 -226.610271 144.779107
-52.196927 -225.848215 143.870251
-50.586570 -225.086160 142.961394
-48.976212 -224.324104 142.052538
-47.365855 -223.562048 141.143682
-45.755497 -222.799993 140.234825
-44.145140 -222.037937 139.325969
-42.534782 -221.275881 138.417113
-40.924425 -220.513826 137.508256
-39.314067 -219.751770 136.599400
-37.703710 -218.989714 135.690543
-36.093352 -218.227659 134.781687
-34.482995 -217.465603 133.872831
-32.872637 -216.703547 132.963974
-31.262280 -215.941492 132.055118
-29.651922 -215.179436 131.146262
-28.041565 -214.417380 130.237405
-26.431207 -213.655325 129.328549
-24.820850 -212.893269 128.419692
-23.210492 -212.131213 127.510836
-21.600135 -211.369158 126.601980
-19.989777 -210.607102 125.693123
-18.379420 -209.845046 124.784267
-16.769062 -209.082991 123.875411
-15.158705 -208.320935 122.966554
-13.548347 -207.558879 122.057698
-11.937990 -206.796824 121.148841
-10.327632 -206.034768 120.239985
-8.717275 -205.272712 119.331129
-7.106917 -204.510657 118.422272
-5.496560 -203.748601 117.513416
-3.886202 -202.986545 116.604559
-2.275845 -202.224490 115.695703
-0.665487 -201.462434 114.786847
0.944870 -200.700378 113.877990
2.555228 -199.938323 112.969134
4.165585 -199.176267 112.060278
5.775943 -198.414211 111.151421
-16.396408 137.435201 176.809403
-14.574173 136.815947 176.265362
-12.751937 136.196693 175.721321
-10.929701 135.577439 175.177280
-9.107465 134.958186 174.633238
-7.285229 134.338932 174.089197
-5.462993 133.719678 173.545156
-3.640757 133.100424 173.001114
-1.818521 132.481170 172.457073
0.003715 131.861916 171.913032
1.825951 131.242662 171.368991
3.648187 130.623408 170.824949
5.470422 130.004155 170.280908
7.292658 129.384901 169.736867
9.114894 128.765647 169.192825
10.937130 128.146393 168.648784
12.759366 127.527139 168.104743
14.581602 126.907885 167.560702
16.403838 126.288631 167.016660
18.226074 125.669378 166.472619
20.048310 125.050124 165.928578
21.870546 124.430870 165.384536
23.692782 123.811616 164.840495
25.515018 123.192362 164.296454
27.337253 122.573108 163.752412
29.159489 121.953854 163.208371
30.981725 121.334600 162.664330
32.803961 120.715347 162.120289
34.626197 120.096093 161.576247
36.448433 119.476839 161.032206
38.270669 118.857585 160.488165
40.092905 118.238331 159.944123
41.915141 117.619077 159.400082
43.737377 116.999823 158.856041
45.559613 116.380570 158.312000
47.381848 115.761316 157.767958
49.204084 115.142062 157.223917
51.026320 114.522808 156.679876
52.848556 113.903554 156.135834
54.670792 113.284300 155.591793
56.493028 112.665046 155.047752
58.315264 112.045792 154.503711
60.137500 111.426539 153.959669
61.959736 110.807285 153.415628
63.781972 110.188031 152.871587
65.604208 109.568777 152.327545
67.426443 108.949523 151.783504
69.248679 108.330269 151.239463
71.070915 107.711015 150.695422
72.893151 107.091762 150.151380
74.715387 106.472508 149.607339
76.537623 105.853254 149.063298
78.359859 105.234000 148.519256
80.182095 104.614746 147.975215
82.004331 103.995492 147.431174
83.826567 103.376238 146.887132
85.648803 102.756984 146.343091
87.471039 102.137731 145.799050
89.293274 101.518477 145.255009
91.115510 100.899223 144.710967
92.937746 100.279969 144.166926
94.759982 99.660715 143.622885
96.582218 99.041461 143.078843
98.404454 98.422207 142.534802
100.226690 97.802954 141.990761
102.048926 97.183700 141.446720
103.871162 96.564446 140.902678
105.693398 95.945192 140.358637
107.515634 95.325938 139.814596
109.337869 94.706684 139.270554
264.020912 -215.277381 47.790988
263.733573 -215.994580 49.635727
263.446234 -216.711780 51.480465
263.158894 -217.428980 53.325204
262.871555 -218.146180 55.169943
262.584216 -218.863380 57.014681
262.296876 -219.580580 58.859420
262.009537 -220.297780 60.704158
261.722198 -221.014979 62.548897
261.434859 -221.732179 64.393636
261.147519 -222.449379 66.238374
260.860180 -223.166579 68.083113
260.572841 -223.883779 69.927852
260.285501 -224.600979 71.772590
259.998162 -225.318178 73.617329
259.710823 -226.035378 75.462067
259.423484 -226.752578 77.306806
259.136144 -227.469778 79.151545
258.848805 -228.186978 80.996283
258.561466 -228.904178 82.841022
258.274127 -229.621378 84.685760
257.986787 -230.338577 86.530499
257.699448 -231.055777 88.375238
257.412109 -231.772977 90.219976
257.124769 -232.490177 92.064715
256.837430 -233.207377 93.909453
256.550091 -233.924577 95.754192
256.262752 -234.641776 97.598931
255.975412 -235.358976 99.443669
255.688073 -236.076176 101.288408
255.400734 -236.793376 103.133146
255.113394 -237.510576 104.977885
254.826055 -238.227776 106.822624
254.538716 -238.944976 108.667362
254.251377 -239.662175 110.512101
253.964037 -240.379375 112.356839
253.676698 -241.096575 114.201578
253.389359 -241.813775 116.046317
253.102020 -242.530975 117.891055
252.814680 -243.248175 119.735794
252.527341 -243.965374 121.580532
252.240002 -244.682574 123.425271
251.952662 -245.399774 125.270010
251.665323 -246.116974 127.114748
251.377984 -246.834174 128.959487
251.090645 -247.551374 130.804225
250.803305 -248.268574 132.648964
250.515966 -248.985773 134.493703
250.228627 -249.702973 136.338441
249.941287 -250.420173 138.183180
249.653948 -251.137373 140.027918
249.366609 -251.854573 141.872657
249.079270 -252.571773 143.717396
248.791930 -253.288972 145.562134
248.504591 -254.006172 147.406873
248.217252 -254.723372 149.251612
247.929913 -255.440572 151.096350
247.642573 -256.157772 152.941089
247.355234 -256.874972 154.785827
247.067895 -257.592172 156.630566
246.780555 -258.309371 158.475305
246.493216 -259.026571 160.320043
246.205877 -259.743771 162.164782
245.918538 -260.460971 164.009520
245.631198 -261.178171 165.854259
245.343859 -261.895371 167.698998
245.056520 -262.612571 169.543736
244.769180 -263.329770 171.388475
244.481841 -264.046970 173.233213
244.194502 -264.764170 175.077952
11.267407 75.109592 -278.590358
10.339647 76.422876 -277.401011
9.411888 77.736161 -276.211664
8.484128 79.049446 -275.022318
7.556368 80.362730 -273.832971
6.628608 81.676015 -272.643625
5.700848 82.989299 -271.454278
4.773088 84.302584 -270.264932
3.845328 85.615869 -269.075585
2.917568 86.929153 -267.886239
1.989809 88.242438 -266.696892
1.062049 89.555722 -265.507545
0.134289 90.869007 -264.318199
-0.793471 92.182291 -263.128852
-1.721231 93.495576 -261.939506
-2.648991 94.808861 -260.750159
-3.576751 96.122145 -259.560813
-4.504510 97.435430 -258.371466
-5.432270 98.748714 -257.182120
-6.360030 100.061999 -255.992773
-7.287790 101.375284 -254.803426
-8.215550 102.688568 -253.614080
-9.143310 104.001853 -252.424733
-10.071070 105.315137 -251.235387
-10.998829 106.628422 -250.046040
-11.926589 107.941706 -248.856694
-12.854349 109.254991 -247.667347
-13.782109 110.568276 -246.478001
-14.709869 111.881560 -245.288654
-15.637629 113.194845 -244.099307
-16.565389 114.508129 -242.909961
-17.493149 115.821414 -241.720614
-18.420908 117.134699 -240.531268
-19.348668 118.447983 -239.341921
-20.276428 119.761268 -238.152575
-21.204188 121.074552 -236.963228
-22.131948 122.387837 -235.773881
-23.059708 123.701122 -234.584535
-23.987468 125.014406 -233.395188
-24.915227 126.327691 -232.205842
-25.842987 127.640975 -231.016495
-26.770747 128.954260 -229.827149
-27.698507 130.267544 -228.637802
-28.626267 131.580829 -227.448456
-29.554027 132.894114 -226.259109
-30.481787 134.207398 -225.069762
-31.409546 135.520683 -223.880416
-32.337306 136.833967 -222.691069
-33.265066 138.147252 -221.501723
-34.192826 139.460537 -220.312376
-35.120586 140.773821 -219.123030
-36.048346 142.087106 -217.933683
-36.976106 143.400390 -216.744337
-37.903866 144.713675 -215.554990
-38.831625 146.026959 -214.365643
-39.759385 147.340244 -213.176297
-40.687145 148.653529 -211.986950
-41.614905 149.966813 -210.797604
-42.542665 151.280098 -209.608257
-43.470425 152.593382 -208.418911
-44.398185 153.906667 -207.229564
-45.325944 155.219952 -206.040218
-46.253704 156.533236 -204.850871
-47.181464 157.846521 -203.661524
-48.109224 159.159805 -202.472178
-49.036984 160.473090 -201.282831
-49.964744 161.786375 -200.093485
-50.892504 163.099659 -198.904138
-51.820264 164.412944 -197.714792
-52.748023 165.726228 -196.525445
75.456919 232.925860 -173.430115
73.592771 232.447011 -173.973859
71.728624 231.968162 -174.517604
69.864476 231.489314 -175.061349
68.000329 231.010465 -175.605093
66.136181 230.531616 -176.148838
64.272034 230.052768 -176.692582
62.407886 229.573919 -177.236327
60.543739 229.095070 -177.780071
58.679592 228.616221 -178.323816
56.815444 228.137373 -178.867561
54.951297 227.658524 -179.411305
53.087149 227.179675 -179.955050
51.223002 226.700827 -180.498794
49.358854 226.221978 -181.042539
47.494707 225.743129 -181.586284
45.630559 225.264281 -182.130028
43.766412 224.785432 -182.673773
41.902264 224.306583 -183.217517
40.038117 223.827734 -183.761262
38.173970 223.348886 -184.305007
36.309822 222.870037 -184.848751
34.445675 222.391188 -185.392496
32.581527 221.912340 -185.936240
30.717380 221.433491 -186.479985
28.853232 220.954642 -187.023730
26.989085 220.475794 -187.567474
25.124937 219.996945 -188.111219
23.260790 219.518096 -188.654963
21.396642 219.039247 -189.198708
19.532495 218.560399 -189.742452
17.668347 218.081550 -190.286197
15.804200 217.602701 -190.829942
13.940053 217.123853 -191.373686
12.075905 216.645004 -191.917431
10.211758 216.166155 -192.461175
8.347610 215.687307 -193.004920
6.483463 215.208458 -193.548665
4.619315 214.729609 -194.092409
2.755168 214.250761 -194.636154
0.891020 213.771912 -195.179898
-0.973127 213.293063 -195.723643
-2.837275 212.814214 -196.267388
-4.701422 212.335366 -196.811132
-6.565569 211.856517 -197.354877
-8.429717 211.377668 -197.898621
-10.293864 210.898820 -198.442366
-12.158012 210.419971 -198.986111
-14.022159 209.941122 -199.529855
-15.886307 209.462274 -200.073600
-17.750454 208.983425 -200.617344
-19.614602 208.504576 -201.161089
-21.478749 208.025727 -201.704834
-23.342897 207.546879 -202.248578
-25.207044 207.068030 -202.792323
-27.071191 206.589181 -203.336067
-28.935339 206.110333 -203.879812
-30.799486 205.631484 -204.423556
-32.663634 205.152635 -204.967301
-34.527781 204.673787 -205.511046
-36.391929 204.194938 -206.054790
-38.256076 203.716089 -206.598535
-40.120224 203.237240 -207.142279
-41.984371 202.758392 -207.686024
-43.848519 202.279543 -208.229769
-45.712666 201.800694 -208.773513
-47.576814 201.321846 -209.317258
-49.440961 200.842997 -209.861002
-51.305108 200.364148 -210.404747
-53.169256 199.885300 -210.948492
73.256467 136.167026 -266.685606
72.413001 134.365612 -266.477109
71.569535 132.564197 -266.268612
70.726069 130.762782 -266.060115
69.882603 128.961368 -265.851619
69.039137 127.159953 -265.643122
68.195671 125.358539 -265.434625
67.352205 123.557124 -265.226128
66.508740 121.755710 -265.017631
65.665274 119.954295 -264.809134
64.821808 118.152881 -264.600637
63.978342 116.351466 -264.392140
63.134876 114.550052 -264.183643
62.291410 112.748637 -263.975146
61.447944 110.947223 -263.766650
60.604478 109.145808 -263.558153
59.761012 107.344394 -263.349656
58.917546 105.542979 -263.141159
58.074080 103.741565 -262.932662
57.230614 101.940150 -262.724165
56.387148 100.138736 -262.515668
55.543683 98.337321 -262.307171
54.700217 96.535907 -262.098674
53.856751 94.734492 -261.890178
53.013285 92.933078 -261.681681
52.169819 91.131663 -261.473184
51.326353 89.330248 -261.264687
50.482887 87.528834 -261.056190
49.639421 85.727419 -260.847693
48.795955 83.926005 -260.639196
47.952489 82.124590 -260.430699
47.109023 80.323176 -260.222202
46.265557 78.521761 -260.013706
45.422091 76.720347 -259.805209
44.578626 74.918932 -259.596712
43.735160 73.117518 -259.388215
42.891694 71.316103 -259.179718
42.048228 69.514689 -258.971221
41.204762 67.713274 -258.762724
40.361296 65.911860 -258.554227
39.517830 64.110445 -258.345730
38.674364 62.309031 -258.137234
37.830898 60.507616 -257.928737
36.987432 58.706202 -257.720240
36.143966 56.904787 -257.511743
35.300500 55.103373 -257.303246
34.457034 53.301958 -257.094749
33.613569 51.500543 -256.886252
32.770103 49.699129 -256.677755
31.926637 47.897714 -256.469258
31.083171 46.096300 -256.260762
30.239705 44.294885 -256.052265
29.396239 42.493471 -255.843768
28.552773 40.692056 -255.635271
27.709307 38.890642 -255.426774
26.865841 37.089227 -255.218277
26.022375 35.287813 -255.009780
25.178909 33.486398 -254.801283
24.335443 31.684984 -254.592786
23.491977 29.883569 -254.384289
22.648512 28.082155 -254.175793
21.805046 26.280740 -253.967296
20.961580 24.479326 -253.758799
20.118114 22.677911 -253.550302
19.274648 20.876497 -253.341805
18.431182 19.075082 -253.133308
17.587716 17.273668 -252.924811
16.744250 15.472253 -252.716314
15.900784 13.670838 -252.507817
15.057318 11.869424 -252.299321
-274.094456 -229.854907 -177.277295
-272.147999 -230.112444 -176.896533
-270.201542 -230.369981 -176.515770
-268.255085 -230.627517 -176.135008
-266.308628 -230.885054 -175.754245
-264.362171 -231.142591 -175.373483
-262.415714 -231.400128 -174.992720
-260.469257 -231.657664 -174.611958
-258.522800 -231.915201 -174.231195
-256.576344 -232.172738 -173.850433
-254.629887 -232.430274 -173.469671
-252.683430 -232.687811 -173.088908
-250.736973 -232.945348 -172.708146
-248.790516 -233.202885 -172.327383
-246.844059 -233.460421 -171.946621
-244.897602 -233.717958 -171.565858
-242.951145 -233.975495 -171.185096
-241.004688 -234.233031 -170.804333
-239.058231 -234.490568 -170.423571
-237.111774 -234.748105 -170.042808
-235.165317 -235.005642 -169.662046
-233.218860 -235.263178 -169.281284
-231.272403 -235.520715 -168.900521
-229.325946 -235.778252 -168.519759
-227.379489 -236.035788 -168.138996
-225.433032 -236.293325 -167.758234
-223.486575 -236.550862 -167.377471
-221.540118 -236.808399 -166.996709
-219.593661 -237.065935 -166.615946
-217.647204 -237.323472 -166.235184
-215.700747 -237.581009 -165.854421
-213.754290 -237.838545 -165.473659
-211.807833 -238.096082 -165.092896
-209.861376 -238.353619 -164.712134
-207.914919 -238.611156 -164.331372
-205.968462 -238.868692 -163.950609
-204.022005 -239.126229 -163.569847
-202.075548 -239.383766 -163.189084
-200.129091 -239.641303 -162.808322
-198.182634 -239.898839 -162.427559
-196.236177 -240.156376 -162.046797
-194.289720 -240.413913 -161.666034
-192.343263 -240.671449 -161.285272
-190.396806 -240.928986 -160.904509
-188.450349 -241.186523 -160.523747
-186.503892 -241.444060 -160.142985
-184.557435 -241.701596 -159.762222
-182.610978 -241.959133 -159.381460
-180.664521 -242.216670 -159.000697
-178.718064 -242.474206 -158.619935
-176.771607 -242.731743 -158.239172
-174.825150 -242.989280 -157.858410
-172.878693 -243.246817 -157.477647
-170.932236 -243.504353 -157.096885
-168.985779 -243.761890 -156.716122
-167.039322 -244.019427 -156.335360
-165.092865 -244.276963 -155.954598
-163.146408 -244.534500 -155.573835
-161.199951 -244.792037 -155.193073
-159.253494 -245.049574 -154.812310
-157.307037 -245.307110 -154.431548
-155.360580 -245.564647 -154.050785
-153.414123 -245.822184 -153.670023
-151.467666 -246.079720 -153.289260
-149.521209 -246.337257 -152.908498
-147.574752 -246.594794 -152.527735
-145.628295 -246.852331 -152.146973
-143.681838 -247.109867 -151.766210
-141.735381 -247.367404 -151.385448
-139.788924 -247.624941 -151.004686
