-240.207041 270.213742 -240.159649
-238.746084 270.691486 -241.439245
-237.285128 271.169230 -242.718841
-235.824171 271.646975 -243.998437
-234.363214 272.124719 -245.278033
-232.902257 272.602463 -246.557629
-231.441300 273.080207 -247.837224
-229.980343 273.557952 -249.116820
-228.519386 274.035696 -250.396416
-227.058430 274.513440 -251.676012
-225.597473 274.991184 -252.955608
-224.136516 275.468929 -254.235204
-222.675559 275.946673 -255.514799
-221.214602 276.424417 -256.794395
-219.753645 276.902161 -258.073991
-218.292688 277.379906 -259.353587
-216.831732 277.857650 -260.633183
-215.370775 278.335394 -261.912779
-213.909818 278.813138 -263.192374
-212.448861 279.290883 -264.471970
-210.987904 279.768627 -265.751566
-209.526947 280.246371 -267.031162
-208.065990 280.724115 -268.310758
-206.605034 281.201859 -269.590354
-205.144077 281.679604 -270.869950
-203.683120 282.157348 -272.149545
-202.222163 282.635092 -273.429141
-200.761206 283.112836 -274.708737
-199.300249 283.590581 -275.988333
-197.839293 284.068325 -277.267929
-196.378336 284.546069 -278.547525
-194.917379 285.023813 -279.827120
-193.456422 285.501558 -281.106716
-191.995465 285.979302 -282.386312
-190.534508 286.457046 -283.665908
-189.073551 286.934790 -284.945504
-187.612595 287.412535 -286.225100
-186.151638 287.890279 -287.504695
-184.690681 288.368023 -288.784291
-183.229724 288.845767 -290.063887
-181.768767 289.323512 -291.343483
-180.307810 289.801256 -292.623079
-178.846853 290.279000 -293.902675
-177.385897 290.756744 -295.182270
-175.924940 291.234489 -296.461866
-174.463983 291.712233 -297.741462
-173.003026 292.189977 -299.021058
-171.542069 292.667721 -300.300654
-170.081112 293.145466 -301.580250
-168.620155 293.623210 -302.859845
-167.159199 294.100954 -304.139441
-165.698242 294.578698 -305.419037
-164.237285 295.056443 -306.698633
-162.776328 295.534187 -307.978229
-161.315371 296.011931 -309.257825
-159.854414 296.489675 -310.537421
-158.393457 296.967420 -311.817016
-156.932501 297.445164 -313.096612
-155.471544 297.922908 -314.376208
-154.010587 298.400652 -315.655804
-152.549630 298.878397 -316.935400
-151.088673 299.356141 -318.214996
-149.627716 299.833885 -319.494591
-148.166760 300.311629 -320.774187
-146.705803 300.789374 -322.053783
-145.244846 301.267118 -323.333379
-143.783889 301.744862 -324.612975
-142.322932 302.222606 -325.892571
-140.861975 302.700351 -327.172166
-139.401018 303.178095 -328.451762
-291.200116 -27.857695 -82.651370
-290.569970 -29.748209 -82.821295
-289.939824 -31.638722 -82.991219
-289.309679 -33.529236 -83.161144
-288.679533 -35.419749 -83.331069
-288.049387 -37.310263 -83.500993
-287.419241 -39.200777 -83.670918
-286.789095 -41.091290 -83.840843
-286.158949 -42.981804 -84.010767
-285.528803 -44.872317 -84.180692
-284.898657 -46.762831 -84.350617
-284.268511 -48.653345 -84.520541
-283.638365 -50.543858 -84.690466
-283.008219 -52.434372 -84.860391
-282.378073 -54.324885 -85.030316
-281.747927 -56.215399 -85.200240
-281.117781 -58.105913 -85.370165
-280.487635 -59.996426 -85.540090
-279.857489 -61.886940 -85.710014
-279.227343 -63.777453 -85.879939
-278.597197 -65.667967 -86.049864
-277.967051 -67.558481 -86.219788
-277.336905 -69.448994 -86.389713
-276.706759 -71.339508 -86.559638
-276.076613 -73.230021 -86.729562
-275.446468 -75.120535 -86.899487
-274.816322 -77.011049 -87.069412
-274.186176 -78.901562 -87.239336
-273.556030 -80.792076 -87.409261
-272.925884 -82.682589 -87.579186
-272.295738 -84.573103 -87.749111
-271.665592 -86.463617 -87.919035
-271.035446 -88.354130 -88.088960
-270.405300 -90.244644 -88.258885
-269.775154 -92.135157 -88.428809
-269.145008 -94.025671 -88.598734
-268.514862 -95.916185 -88.768659
-267.884716 -97.806698 -88.938583
-267.254570 -99.697212 -89.108508
-266.624424 -101.587725 -89.278433
-265.994278 -103.478239 -89.448357
-265.364132 -105.368753 -89.618282
-264.733986 -107.259266 -89.788207
-264.103840 -109.149780 -89.958131
-263.473694 -111.040293 -90.128056
-262.843548 -112.930807 -90.297981
-262.213402 -114.821321 -90.467906
-261.583256 -116.711834 -90.637830
-260.953111 -118.602348 -90.807755
-260.322965 -120.492861 -90.977680
-259.692819 -122.383375 -91.147604
-259.062673 -124.273889 -91.317529
-258.432527 -126.164402 -91.487454
-257.802381 -128.054916 -91.657378
-257.172235 -129.945429 -91.827303
-256.542089 -131.835943 -91.997228
-255.911943 -133.726457 -92.167152
-255.281797 -135.616970 -92.337077
-254.651651 -137.507484 -92.507002
-254.021505 -139.397997 -92.676926
-253.391359 -141.288511 -92.846851
-252.761213 -143.179025 -93.016776
-252.131067 -145.069538 -93.186700
-251.500921 -146.960052 -93.356625
-250.870775 -148.850565 -93.526550
-250.240629 -150.741079 -93.696475
-249.610483 -152.631593 -93.866399
-248.980337 -154.522106 -94.036324
-248.350191 -156.412620 -94.206249
-247.720045 -158.303133 -94.376173
127.437840 13.384439 205.625325
127.581415 11.452615 206.122762
127.724990 9.520791 206.620198
127.868565 7.588967 207.117635
128.012140 5.657144 207.615071
128.155715 3.725320 208.112508
128.299290 1.793496 208.609944
128.442865 -0.138328 209.107381
128.586440 -2.070152 209.604817
128.730015 -4.001975 210.102253
128.873590 -5.933799 210.599690
129.017165 -7.865623 211.097126
129.160740 -9.797447 211.594563
129.304314 -11.729271 212.091999
129.447889 -13.661094 212.589436
129.591464 -15.592918 213.086872
129.735039 -17.524742 213.584309
129.878614 -19.456566 214.081745
130.022189 -21.388390 214.579182
130.165764 -23.320213 215.076618
130.309339 -25.252037 215.574055
130.452914 -27.183861 216.071491
130.596489 -29.115685 216.568928
130.740064 -31.047509 217.066364
130.883639 -32.979332 217.563800
131.027214 -34.911156 218.061237
131.170789 -36.842980 218.558673
131.314364 -38.774804 219.056110
131.457938 -40.706628 219.553546
131.601513 -42.638451 220.050983
131.745088 -44.570275 220.548419
131.888663 -46.502099 221.045856
132.032238 -48.433923 221.543292
132.175813 -50.365747 222.040729
132.319388 -52.297571 222.538165
132.462963 -54.229394 223.035602
132.606538 -56.161218 223.533038
132.750113 -58.093042 224.030475
132.893688 -60.024866 224.527911
133.037263 -61.956690 225.025348
133.180838 -63.888513 225.522784
133.324413 -65.820337 226.020220
133.467988 -67.752161 226.517657
133.611562 -69.683985 227.015093
133.755137 -71.615809 227.512530
133.898712 -73.547632 228.009966
134.042287 -75.479456 228.507403
134.185862 -77.411280 229.004839
134.329437 -79.343104 229.502276
134.473012 -81.274928 229.999712
134.616587 -83.206751 230.497149
134.760162 -85.138575 230.994585
134.903737 -87.070399 231.492022
135.047312 -89.002223 231.989458
135.190887 -90.934047 232.486895
135.334462 -92.865870 232.984331
135.478037 -94.797694 233.481768
135.621612 -96.729518 233.979204
135.765186 -98.661342 234.476640
135.908761 -100.593166 234.974077
136.052336 -102.524989 235.471513
136.195911 -104.456813 235.968950
136.339486 -106.388637 236.466386
136.483061 -108.320461 236.963823
136.626636 -110.252285 237.461259
136.770211 -112.184108 237.958696
136.913786 -114.115932 238.456132
137.057361 -116.047756 238.953569
137.200936 -117.979580 239.451005
137.344511 -119.911404 239.948442
-133.501064 209.356585 -149.559246
-135.181863 209.188507 -150.630070
-136.862662 209.020430 -151.700894
-138.543462 208.852353 -152.771718
-140.224261 208.684276 -153.842543
-141.905060 208.516199 -154.913367
-143.585859 208.348122 -155.984191
-145.266658 208.180045 -157.055015
-146.947457 208.011968 -158.125839
-148.628256 207.843891 -159.196663
-150.309055 207.675814 -160.267488
-151.989854 207.507736 -161.338312
-153.670654 207.339659 -162.409136
-155.351453 207.171582 -163.479960
-157.032252 207.003505 -164.550784
-158.713051 206.835428 -165.621609
-160.393850 206.667351 -166.692433
-162.074649 206.499274 -167.763257
-163.755448 206.331197 -168.834081
-165.436247 206.163120 -169.904905
-167.117046 205.995043 -170.975729
-168.797846 205.826966 -172.046554
-170.478645 205.658888 -173.117378
-172.159444 205.490811 -174.188202
-173.840243 205.322734 -175.259026
-175.521042 205.154657 -176.329850
-177.201841 204.986580 -177.400675
-178.882640 204.818503 -178.471499
-180.563439 204.650426 -179.542323
-182.244238 204.482349 -180.613147
-183.925038 204.314272 -181.683971
-185.605837 204.146195 -182.754796
-187.286636 203.978117 -183.825620
-188.967435 203.810040 -184.896444
-190.648234 203.641963 -185.967268
-192.329033 203.473886 -187.038092
-194.009832 203.305809 -188.108916
-195.690631 203.137732 -189.179741
-197.371430 202.969655 -190.250565
-199.052230 202.801578 -191.321389
-200.733029 202.633501 -192.392213
-202.413828 202.465424 -193.463037
-204.094627 202.297346 -194.533862
-205.775426 202.129269 -195.604686
-207.456225 201.961192 -196.675510
-209.137024 201.793115 -197.746334
-210.817823 201.625038 -198.817158
-212.498622 201.456961 -199.887982
-214.179422 201.288884 -200.958807
-215.860221 201.120807 -202.029631
-217.541020 200.952730 -203.100455
-219.221819 200.784653 -204.171279
-220.902618 200.616576 -205.242103
-222.583417 200.448498 -206.312928
-224.264216 200.280421 -207.383752
-225.945015 200.112344 -208.454576
-227.625814 199.944267 -209.525400
-229.306614 199.776190 -210.596224
-230.987413 199.608113 -211.667048
-232.668212 199.440036 -212.737873
-234.349011 199.271959 -213.808697
-236.029810 199.103882 -214.879521
-237.710609 198.935805 -215.950345
-239.391408 198.767727 -217.021169
-241.072207 198.599650 -218.091994
-242.753007 198.431573 -219.162818
-244.433806 198.263496 -220.233642
-246.114605 198.095419 -221.304466
-247.795404 197.927342 -222.375290
-249.476203 197.759265 -223.446115
-298.312215 -283.914377 -175.197886
-299.758678 -282.669083 -174.600401
-301.205140 -281.423788 -174.002916
-302.651603 -280.178494 -173.405431
-304.098066 -278.933200 -172.807946
-305.544528 -277.687906 -172.210461
-306.990991 -276.442612 -171.612975
-308.437453 -275.197317 -171.015490
-309.883916 -273.952023 -170.418005
-311.330378 -272.706729 -169.820520
-312.776841 -271.461435 -169.223035
-314.223303 -270.216141 -168.625550
-315.669766 -268.970846 -168.028065
-317.116228 -267.725552 -167.430579
-318.562691 -266.480258 -166.833094
-320.009153 -265.234964 -166.235609
-321.455616 -263.989670 -165.638124
-322.902078 -262.744375 -165.040639
-324.348541 -261.499081 -164.443154
-325.795004 -260.253787 -163.845668
-327.241466 -259.008493 -163.248183
-328.687929 -257.763199 -162.650698
-330.134391 -256.517905 -162.053213
-331.580854 -255.272610 -161.455728
-333.027316 -254.027316 -160.858243
-334.473779 -252.782022 -160.260758
-335.920241 -251.536728 -159.663272
-337.366704 -250.291434 -159.065787
-338.813166 -249.046139 -158.468302
-340.259629 -247.800845 -157.870817
-341.706091 -246.555551 -157.273332
-343.152554 -245.310257 -156.675847
-344.599016 -244.064963 -156.078362
-346.045479 -242.819668 -155.480876
-347.491942 -241.574374 -154.883391
-348.938404 -240.329080 -154.285906
-350.384867 -239.083786 -153.688421
-351.831329 -237.838492 -153.090936
-353.277792 -236.593197 -152.493451
-354.724254 -235.347903 -151.895966
-356.170717 -234.102609 -151.298480
-357.617179 -232.857315 -150.700995
-359.063642 -231.612021 -150.103510
-360.510104 -230.366726 -149.506025
-361.956567 -229.121432 -148.908540
-363.403029 -227.876138 -148.311055
-364.849492 -226.630844 -147.713570
-366.295954 -225.385550 -147.116084
-367.742417 -224.140255 -146.518599
-369.188879 -222.894961 -145.921114
-370.635342 -221.649667 -145.323629
-372.081805 -220.404373 -144.726144
-373.528267 -219.159079 -144.128659
-374.974730 -217.913784 -143.531174
-376.421192 -216.668490 -142.933688
-377.867655 -215.423196 -142.336203
-379.314117 -214.177902 -141.738718
-380.760580 -212.932608 -141.141233
-382.207042 -211.687313 -140.543748
-383.653505 -210.442019 -139.946263
-385.099967 -209.196725 -139.348778
-386.546430 -207.951431 -138.751292
-387.992892 -206.706137 -138.153807
-389.439355 -205.460842 -137.556322
-390.885817 -204.215548 -136.958837
-392.332280 -202.970254 -136.361352
-393.778743 -201.724960 -135.763867
-395.225205 -200.479666 -135.166381
-396.671668 -199.234371 -134.568896
-398.118130 -197.989077 -133.971411
364.181170 374.057924 -13.525715
363.304582 372.291655 -13.191222
362.427994 370.525385 -12.856730
361.551406 368.759115 -12.522238
360.674818 366.992846 -12.187746
359.798230 365.226576 -11.853254
358.921642 363.460306 -11.518762
358.045054 361.694037 -11.184269
357.168466 359.927767 -10.849777
356.291878 358.161497 -10.515285
355.415290 356.395228 -10.180793
354.538702 354.628958 -9.846301
353.662114 352.862688 -9.511808
352.785526 351.096419 -9.177316
351.908938 349.330149 -8.842824
351.032350 347.563879 -8.508332
350.155762 345.797610 -8.173840
349.279175 344.031340 -7.839348
348.402587 342.265070 -7.504855
347.525999 340.498801 -7.170363
346.649411 338.732531 -6.835871
345.772823 336.966261 -6.501379
344.896235 335.199992 -6.166887
344.019647 333.433722 -5.832395
343.143059 331.667452 -5.497902
342.266471 329.901183 -5.163410
341.389883 328.134913 -4.828918
340.513295 326.368643 -4.494426
339.636707 324.602374 -4.159934
338.760119 322.836104 -3.825442
337.883531 321.069834 -3.490949
337.006943 319.303564 -3.156457
336.130355 317.537295 -2.821965
335.253767 315.771025 -2.487473
334.377179 314.004755 -2.152981
333.500591 312.238486 -1.818489
332.624004 310.472216 -1.483996
331.747416 308.705946 -1.149504
330.870828 306.939677 -0.815012
329.994240 305.173407 -0.480520
329.117652 303.407137 -0.146028
328.241064 301.640868 0.188464
327.364476 299.874598 0.522957
326.487888 298.108328 0.857449
325.611300 296.342059 1.191941
324.734712 294.575789 1.526433
323.858124 292.809519 1.860925
322.981536 291.043250 2.195417
322.104948 289.276980 2.529910
321.228360 287.510710 2.864402
320.351772 285.744441 3.198894
319.475184 283.978171 3.533386
318.598596 282.211901 3.867878
317.722008 280.445632 4.202370
316.845421 278.679362 4.536863
315.968833 276.913092 4.871355
315.092245 275.146823 5.205847
314.215657 273.380553 5.540339
313.339069 271.614283 5.874831
312.462481 269.848014 6.209323
311.585893 268.081744 6.543816
310.709305 266.315474 6.878308
309.832717 264.549205 7.212800
308.956129 262.782935 7.547292
308.079541 261.016665 7.881784
307.202953 259.250396 8.216276
306.326365 257.484126 8.550769
305.449777 255.717856 8.885261
304.573189 253.951587 9.219753
303.696601 252.185317 9.554245
399.091948 327.031877 -88.973753
398.011458 327.187229 -90.649583
396.930968 327.342582 -92.325414
395.850479 327.497935 -94.001244
394.769989 327.653287 -95.677075
393.689500 327.808640 -97.352905
392.609010 327.963992 -99.028736
391.528521 328.119345 -100.704566
390.448031 328.274698 -102.380397
389.367541 328.430050 -104.056227
388.287052 328.585403 -105.732058
387.206562 328.740755 -107.407888
386.126073 328.896108 -109.083719
385.045583 329.051461 -110.759549
383.965093 329.206813 -112.435380
382.884604 329.362166 -114.111210
381.804114 329.517518 -115.787041
380.723625 329.672871 -117.462871
379.643135 329.828224 -119.138702
378.562645 329.983576 -120.814532
377.482156 330.138929 -122.490363
376.401666 330.294282 -124.166193
375.321177 330.449634 -125.842023
374.240687 330.604987 -127.517854
373.160198 330.760339 -129.193684
372.079708 330.915692 -130.869515
370.999218 331.071045 -132.545345
369.918729 331.226397 -134.221176
368.838239 331.381750 -135.897006
367.757750 331.537102 -137.572837
366.677260 331.692455 -139.248667
365.596770 331.847808 -140.924498
364.516281 332.003160 -142.600328
363.435791 332.158513 -144.276159
362.355302 332.313865 -145.951989
361.274812 332.469218 -147.627820
360.194322 332.624571 -149.303650
359.113833 332.779923 -150.979481
358.033343 332.935276 -152.655311
356.952854 333.090628 -154.331142
355.872364 333.245981 -156.006972
354.791875 333.401334 -157.682803
353.711385 333.556686 -159.358633
352.630895 333.712039 -161.034464
351.550406 333.867392 -162.710294
350.469916 334.022744 -164.386125
349.389427 334.178097 -166.061955
348.308937 334.333449 -167.737786
347.228447 334.488802 -169.413616
346.147958 334.644155 -171.089447
345.067468 334.799507 -172.765277
343.986979 334.954860 -174.441108
342.906489 335.110212 -176.116938
341.825999 335.265565 -177.792769
340.745510 335.420918 -179.468599
339.665020 335.576270 -181.144430
338.584531 335.731623 -182.820260
337.504041 335.886975 -184.496090
336.423552 336.042328 -186.171921
335.343062 336.197681 -187.847751
334.262572 336.353033 -189.523582
333.182083 336.508386 -191.199412
332.101593 336.663738 -192.875243
331.021104 336.819091 -194.551073
329.940614 336.974444 -196.226904
328.860124 337.129796 -197.902734
327.779635 337.285149 -199.578565
326.699145 337.440502 -201.254395
325.618656 337.595854 -202.930226
324.538166 337.751207 -204.606056
-306.044241 -320.446108 238.571746
-304.147939 -320.927937 238.986332
-302.251638 -321.409766 239.400918
-300.355336 -321.891595 239.815504
-298.459035 -322.373424 240.230089
-296.562733 -322.855253 240.644675
-294.666432 -323.337082 241.059261
-292.770130 -323.818911 241.473847
-290.873829 -324.300740 241.888433
-288.977527 -324.782569 242.303019
-287.081226 -325.264398 242.717604
-285.184924 -325.746227 243.132190
-283.288623 -326.228056 243.546776
-281.392321 -326.709885 243.961362
-279.496020 -327.191714 244.375948
-277.599718 -327.673543 244.790534
-275.703417 -328.155372 245.205119
-273.807115 -328.637201 245.619705
-271.910814 -329.119030 246.034291
-270.014512 -329.600859 246.448877
-268.118211 -330.082688 246.863463
-266.221909 -330.564517 247.278049
-264.325608 -331.046346 247.692634
-262.429306 -331.528175 248.107220
-260.533005 -332.010004 248.521806
-258.636703 -332.491833 248.936392
-256.740402 -332.973662 249.350978
-254.844100 -333.455491 249.765564
-252.947799 -333.937320 250.180149
-251.051497 -334.419149 250.594735
-249.155196 -334.900978 251.009321
-247.258894 -335.382807 251.423907
-245.362593 -335.864636 251.838493
-243.466291 -336.346465 252.253079
-241.569989 -336.828294 252.667664
-239.673688 -337.310123 253.082250
-237.777386 -337.791952 253.496836
-235.881085 -338.273781 253.911422
-233.984783 -338.755610 254.326008
-232.088482 -339.237439 254.740594
-230.192180 -339.719268 255.155179
-228.295879 -340.201097 255.569765
-226.399577 -340.682926 255.984351
-224.503276 -341.164755 256.398937
-222.606974 -341.646584 256.813523
-220.710673 -342.128413 257.228109
-218.814371 -342.610242 257.642694
-216.918070 -343.092071 258.057280
-215.021768 -343.573900 258.471866
-213.125467 -344.055729 258.886452
-211.229165 -344.537558 259.301038
-209.332864 -345.019387 259.715624
-207.436562 -345.501216 260.130209
-205.540261 -345.983045 260.544795
-203.643959 -346.464874 260.959381
-201.747658 -346.946703 261.373967
-199.851356 -347.428532 261.788553
-197.955055 -347.910361 262.203139
-196.058753 -348.392190 262.617724
-194.162452 -348.874019 263.032310
-192.266150 -349.355848 263.446896
-190.369849 -349.837677 263.861482
-188.473547 -350.319506 264.276068
-186.577246 -350.801335 264.690654
-184.680944 -351.283164 265.105239
-182.784643 -351.764993 265.519825
-180.888341 -352.246822 265.934411
-178.992040 -352.728651 266.348997
-177.095738 -353.210480 266.763583
-175.199437 -353.692309 267.178169
388.753288 232.336657 107.359315
388.463953 230.370329 107.136068
388.174618 228.404001 106.912822
387.885283 226.437673 106.689575
387.595947 224.471345 106.466328
387.306612 222.505017 106.243082
387.017277 220.538689 106.019835
386.727942 218.572361 105.796588
386.438606 216.606033 105.573342
386.149271 214.639705 105.350095
385.859936 212.673377 105.126849
385.570601 210.707049 104.903602
385.281265 208.740721 104.680355
384.991930 206.774393 104.457109
384.702595 204.808065 104.233862
384.413260 202.841736 104.010615
384.123924 200.875408 103.787369
383.834589 198.909080 103.564122
383.545254 196.942752 103.340875
383.255919 194.976424 103.117629
382.966583 193.010096 102.894382
382.677248 191.043768 102.671135
382.387913 189.077440 102.447889
382.098578 187.111112 102.224642
381.809242 185.144784 102.001395
381.519907 183.178456 101.778149
381.230572 181.212128 101.554902
380.941237 179.245800 101.331656
380.651901 177.279472 101.108409
380.362566 175.313144 100.885162
380.073231 173.346816 100.661916
379.783896 171.380487 100.438669
379.494560 169.414159 100.215422
379.205225 167.447831 99.992176
378.915890 165.481503 99.768929
378.626555 163.515175 99.545682
378.337219 161.548847 99.322436
378.047884 159.582519 99.099189
377.758549 157.616191 98.875942
377.469214 155.649863 98.652696
377.179878 153.683535 98.429449
376.890543 151.717207 98.206202
376.601208 149.750879 97.982956
376.311873 147.784551 97.759709
376.022537 145.818223 97.536462
375.733202 143.851895 97.313216
375.443867 141.885567 97.089969
375.154532 139.919238 96.866723
374.865196 137.952910 96.643476
374.575861 135.986582 96.420229
374.286526 134.020254 96.196983
373.997191 132.053926 95.973736
373.707855 130.087598 95.750489
373.418520 128.121270 95.527243
373.129185 126.154942 95.303996
372.839850 124.188614 95.080749
372.550514 122.222286 94.857503
372.261179 120.255958 94.634256
371.971844 118.289630 94.411009
371.682509 116.323302 94.187763
371.393173 114.356974 93.964516
371.103838 112.390646 93.741269
370.814503 110.424318 93.518023
370.525168 108.457990 93.294776
370.235832 106.491661 93.071530
369.946497 104.525333 92.848283
369.657162 102.559005 92.625036
369.367827 100.592677 92.401790
369.078491 98.626349 92.178543
368.789156 96.660021 91.955296
-222.675548 234.604796 6.662425
-221.667205 235.409094 5.133914
-220.658862 236.213393 3.605402
-219.650519 237.017692 2.076890
-218.642176 237.821991 0.548379
-217.633833 238.626289 -0.980133
-216.625490 239.430588 -2.508645
-215.617147 240.234887 -4.037157
-214.608804 241.039186 -5.565668
-213.600461 241.843484 -7.094180
-212.592118 242.647783 -8.622692
-211.583775 243.452082 -10.151203
-210.575432 244.256381 -11.679715
-209.567089 245.060679 -13.208227
-208.558746 245.864978 -14.736738
-207.550403 246.669277 -16.265250
-206.542061 247.473576 -17.793762
-205.533718 248.277874 -19.322273
-204.525375 249.082173 -20.850785
-203.517032 249.886472 -22.379297
-202.508689 250.690771 -23.907808
-201.500346 251.495069 -25.436320
-200.492003 252.299368 -26.964832
-199.483660 253.103667 -28.493343
-198.475317 253.907966 -30.021855
-197.466974 254.712264 -31.550367
-196.458631 255.516563 -33.078878
-195.450288 256.320862 -34.607390
-194.441945 257.125161 -36.135902
-193.433602 257.929459 -37.664413
-192.425259 258.733758 -39.192925
-191.416916 259.538057 -40.721437
-190.408573 260.342356 -42.249948
-189.400230 261.146655 -43.778460
-188.391887 261.950953 -45.306972
-187.383544 262.755252 -46.835483
-186.375201 263.559551 -48.363995
-185.366858 264.363850 -49.892507
-184.358515 265.168148 -51.421018
-183.350172 265.972447 -52.949530
-182.341829 266.776746 -54.478042
-181.333486 267.581045 -56.006554
-180.325143 268.385343 -57.535065
-179.316800 269.189642 -59.063577
-178.308457 269.993941 -60.592089
-177.300114 270.798240 -62.120600
-176.291771 271.602538 -63.649112
-175.283428 272.406837 -65.177624
-174.275085 273.211136 -66.706135
-173.266742 274.015435 -68.234647
-172.258399 274.819733 -69.763159
-171.250056 275.624032 -71.291670
-170.241713 276.428331 -72.820182
-169.233370 277.232630 -74.348694
-168.225027 278.036928 -75.877205
-167.216684 278.841227 -77.405717
-166.208341 279.645526 -78.934229
-165.199998 280.449825 -80.462740
-164.191655 281.254123 -81.991252
-163.183312 282.058422 -83.519764
-162.174969 282.862721 -85.048275
-161.166626 283.667020 -86.576787
-160.158283 284.471318 -88.105299
-159.149940 285.275617 -89.633810
-158.141597 286.079916 -91.162322
-157.133254 286.884215 -92.690834
-156.124911 287.688513 -94.219345
-155.116569 288.492812 -95.747857
-154.108226 289.297111 -97.276369
-153.099883 290.101410 -98.804880
-15.442176 -234.665805 278.448452
-14.787858 -232.968321 277.617538
-14.133541 -231.270838 276.786624
-13.479223 -229.573355 275.955709
-12.824905 -227.875871 275.124795
-12.170588 -226.178388 274.293880
-11.516270 -224.480905 273.462966
-10.861953 -222.783421 272.632051
-10.207635 -221.085938 271.801137
-9.553318 -219.388455 270.970222
-8.899000 -217.690971 270.139308
-8.244683 -215.993488 269.308393
-7.590365 -214.296005 268.477479
-6.936047 -212.598521 267.646564
-6.281730 -210.901038 266.815650
-5.627412 -209.203555 265.984735
-4.973095 -207.506071 265.153821
-4.318777 -205.808588 264.322906
-3.664460 -204.111105 263.491992
-3.010142 -202.413621 262.661077
-2.355825 -200.716138 261.830163
-1.701507 -199.018655 260.999249
-1.047190 -197.321171 260.168334
-0.392872 -195.623688 259.337420
0.261446 -193.926205 258.506505
0.915763 -192.228721 257.675591
1.570081 -190.531238 256.844676
2.224398 -188.833755 256.013762
2.878716 -187.136271 255.182847
3.533033 -185.438788 254.351933
4.187351 -183.741305 253.521018
4.841668 -182.043821 252.690104
5.495986 -180.346338 251.859189
6.150304 -178.648855 251.028275
6.804621 -176.951371 250.197360
7.458939 -175.253888 249.366446
8.113256 -173.556405 248.535531
8.767574 -171.858921 247.704617
9.421891 -170.161438 246.873702
10.076209 -168.463954 246.042788
10.730526 -166.766471 245.211874
11.384844 -165.068988 244.380959
12.039162 -163.371504 243.550045
12.693479 -161.674021 242.719130
13.347797 -159.976538 241.888216
14.002114 -158.279054 241.057301
14.656432 -156.581571 240.226387
15.310749 -154.884088 239.395472
15.965067 -153.186604 238.564558
16.619384 -151.489121 237.733643
17.273702 -149.791638 236.902729
17.928019 -148.094154 236.071814
18.582337 -146.396671 235.240900
19.236655 -144.699188 234.409985
19.890972 -143.001704 233.579071
20.545290 -141.304221 232.748156
21.199607 -139.606738 231.917242
21.853925 -137.909254 231.086327
22.508242 -136.211771 230.255413
23.162560 -134.514288 229.424499
23.816877 -132.816804 228.593584
24.471195 -131.119321 227.762670
25.125513 -129.421838 226.931755
25.779830 -127.724354 226.100841
26.434148 -126.026871 225.269926
27.088465 -124.329388 224.439012
27.742783 -122.631904 223.608097
28.397100 -120.934421 222.777183
29.051418 -119.236938 221.946268
29.705735 -117.539454 221.115354
49.218636 8.947669 -280.633519
47.865949 8.805567 -282.099822
46.513262 8.663465 -283.566125
45.160576 8.521362 -285.032429
43.807889 8.379260 -286.498732
42.455202 8.237158 -287.965035
41.102515 8.095055 -289.431339
39.749829 7.952953 -290.897642
38.397142 7.810851 -292.363945
37.044455 7.668748 -293.830249
35.691768 7.526646 -295.296552
34.339082 7.384543 -296.762855
32.986395 7.242441 -298.229159
31.633708 7.100339 -299.695462
30.281021 6.958236 -301.161765
28.928335 6.816134 -302.628069
27.575648 6.674032 -304.094372
26.222961 6.531929 -305.560675
24.870274 6.389827 -307.026979
23.517588 6.247725 -308.493282
22.164901 6.105622 -309.959585
20.812214 5.963520 -311.425889
19.459528 5.821418 -312.892192
18.106841 5.679315 -314.358496
16.754154 5.537213 -315.824799
15.401467 5.395111 -317.291102
14.048781 5.253008 -318.757406
12.696094 5.110906 -320.223709
11.343407 4.968803 -321.690012
9.990720 4.826701 -323.156316
8.638034 4.684599 -324.622619
7.285347 4.542496 -326.088922
5.932660 4.400394 -327.555226
4.579973 4.258292 -329.021529
3.227287 4.116189 -330.487832
1.874600 3.974087 -331.954136
0.521913 3.831985 -333.420439
-0.830774 3.689882 -334.886742
-2.183460 3.547780 -336.353046
-3.536147 3.405678 -337.819349
-4.888834 3.263575 -339.285652
-6.241521 3.121473 -340.751956
-7.594207 2.979371 -342.218259
-8.946894 2.837268 -343.684562
-10.299581 2.695166 -345.150866
-11.652268 2.553063 -346.617169
-13.004954 2.410961 -348.083472
-14.357641 2.268859 -349.549776
-15.710328 2.126756 -351.016079
-17.063015 1.984654 -352.482382
-18.415701 1.842552 -353.948686
-19.768388 1.700449 -355.414989
-21.121075 1.558347 -356.881292
-22.473762 1.416245 -358.347596
-23.826448 1.274142 -359.813899
-25.179135 1.132040 -361.280202
-26.531822 0.989938 -362.746506
-27.884509 0.847835 -364.212809
-29.237195 0.705733 -365.679112
-30.589882 0.563631 -367.145416
-31.942569 0.421528 -368.611719
-33.295256 0.279426 -370.078023
-34.647942 0.137323 -371.544326
-36.000629 -0.004779 -373.010629
-37.353316 -0.146881 -374.476933
-38.706003 -0.288984 -375.943236
-40.058689 -0.431086 -377.409539
-41.411376 -0.573188 -378.875843
-42.764063 -0.715291 -380.342146
-44.116749 -0.857393 -381.808449
-277.006502 -324.568190 -174.363380
-276.613939 -325.634262 -176.009401
-276.221375 -326.700333 -177.655422
-275.828812 -327.766405 -179.301442
-275.436248 -328.832477 -180.947463
-275.043684 -329.898549 -182.593484
-274.651121 -330.964621 -184.239505
-274.258557 -332.030692 -185.885526
-273.865994 -333.096764 -187.531547
-273.473430 -334.162836 -189.177568
-273.080866 -335.228908 -190.823589
-272.688303 -336.294980 -192.469610
-272.295739 -337.361052 -194.115630
-271.903176 -338.427123 -195.761651
-271.510612 -339.493195 -197.407672
-271.118049 -340.559267 -199.053693
-270.725485 -341.625339 -200.699714
-270.332921 -342.691411 -202.345735
-269.940358 -343.757482 -203.991756
-269.547794 -344.823554 -205.637777
-269.155231 -345.889626 -207.283797
-268.762667 -346.955698 -208.929818
-268.370104 -348.021770 -210.575839
-267.977540 -349.087841 -212.221860
-267.584976 -350.153913 -213.867881
-267.192413 -351.219985 -215.513902
-266.799849 -352.286057 -217.159923
-266.407286 -353.352129 -218.805944
-266.014722 -354.418200 -220.451965
-265.622159 -355.484272 -222.097985
-265.229595 -356.550344 -223.744006
-264.837031 -357.616416 -225.390027
-264.444468 -358.682488 -227.036048
-264.051904 -359.748559 -228.682069
-263.659341 -360.814631 -230.328090
-263.266777 -361.880703 -231.974111
-262.874213 -362.946775 -233.620132
-262.481650 -364.012847 -235.266152
-262.089086 -365.078918 -236.912173
-261.696523 -366.144990 -238.558194
-261.303959 -367.211062 -240.204215
-260.911396 -368.277134 -241.850236
-260.518832 -369.343206 -243.496257
-260.126268 -370.409277 -245.142278
-259.733705 -371.475349 -246.788299
-259.341141 -372.541421 -248.434320
-258.948578 -373.607493 -250.080340
-258.556014 -374.673565 -251.726361
-258.163451 -375.739636 -253.372382
-257.770887 -376.805708 -255.018403
-257.378323 -377.871780 -256.664424
-256.985760 -378.937852 -258.310445
-256.593196 -380.003924 -259.956466
-256.200633 -381.069996 -261.602487
-255.808069 -382.136067 -263.248507
-255.415506 -383.202139 -264.894528
-255.022942 -384.268211 -266.540549
-254.630378 -385.334283 -268.186570
-254.237815 -386.400355 -269.832591
-253.845251 -387.466426 -271.478612
-253.452688 -388.532498 -273.124633
-253.060124 -389.598570 -274.770654
-252.667560 -390.664642 -276.416674
-252.274997 -391.730714 -278.062695
-251.882433 -392.796785 -279.708716
-251.489870 -393.862857 -281.354737
-251.097306 -394.928929 -283.000758
-250.704743 -395.995001 -284.646779
-250.312179 -397.061073 -286.292800
-249.919615 -398.127144 -287.938821
129.266496 -181.989012 -376.060102
128.148138 -182.776461 -374.600923
127.029781 -183.563910 -373.141745
125.911424 -184.351358 -371.682566
124.793067 -185.138807 -370.223388
123.674710 -185.926256 -368.764209
122.556353 -186.713705 -367.305031
121.437996 -187.501153 -365.845852
120.319639 -188.288602 -364.386674
119.201282 -189.076051 -362.927495
118.082925 -189.863499 -361.468316
116.964568 -190.650948 -360.009138
115.846211 -191.438397 -358.549959
114.727854 -192.225846 -357.090781
113.609497 -193.013294 -355.631602
112.491140 -193.800743 -354.172424
111.372782 -194.588192 -352.713245
110.254425 -195.375641 -351.254067
109.136068 -196.163089 -349.794888
108.017711 -196.950538 -348.335710
106.899354 -197.737987 -346.876531
105.780997 -198.525435 -345.417353
104.662640 -199.312884 -343.958174
103.544283 -200.100333 -342.498996
102.425926 -200.887782 -341.039817
101.307569 -201.675230 -339.580638
100.189212 -202.462679 -338.121460
99.070855 -203.250128 -336.662281
97.952498 -204.037576 -335.203103
96.834141 -204.825025 -333.743924
95.715784 -205.612474 -332.284746
94.597427 -206.399923 -330.825567
93.479069 -207.187371 -329.366389
92.360712 -207.974820 -327.907210
91.242355 -208.762269 -326.448032
90.123998 -209.549718 -324.988853
89.005641 -210.337166 -323.529675
87.887284 -211.124615 -322.070496
86.768927 -211.912064 -320.611318
85.650570 -212.699512 -319.152139
84.532213 -213.486961 -317.692961
83.413856 -214.274410 -316.233782
82.295499 -215.061859 -314.774603
81.177142 -215.849307 -313.315425
80.058785 -216.636756 -311.856246
78.940428 -217.424205 -310.397068
77.822071 -218.211654 -308.937889
76.703714 -218.999102 -307.478711
75.585356 -219.786551 -306.019532
74.466999 -220.574000 -304.560354
73.348642 -221.361448 -303.101175
72.230285 -222.148897 -301.641997
71.111928 -222.936346 -300.182818
69.993571 -223.723795 -298.723640
68.875214 -224.511243 -297.264461
67.756857 -225.298692 -295.805283
66.638500 -226.086141 -294.346104
65.520143 -226.873589 -292.886925
64.401786 -227.661038 -291.427747
63.283429 -228.448487 -289.968568
62.165072 -229.235936 -288.509390
61.046715 -230.023384 -287.050211
59.928358 -230.810833 -285.591033
58.810001 -231.598282 -284.131854
57.691643 -232.385731 -282.672676
56.573286 -233.173179 -281.213497
55.454929 -233.960628 -279.754319
54.336572 -234.748077 -278.295140
53.218215 -235.535525 -276.835962
52.099858 -236.322974 -275.376783
-170.244024 -393.603492 211.188583
-172.112498 -392.919224 211.390031
-173.980973 -392.234956 211.591480
-175.849447 -391.550688 211.792928
-177.717921 -390.866420 211.994376
-179.586395 -390.182152 212.195824
-181.454869 -389.497884 212.397272
-183.323344 -388.813616 212.598720
-185.191818 -388.129348 212.800168
-187.060292 -387.445080 213.001616
-188.928766 -386.760812 213.203064
-190.797241 -386.076544 213.404512
-192.665715 -385.392276 213.605960
-194.534189 -384.708008 213.807408
-196.402663 -384.023740 214.008856
-198.271137 -383.339472 214.210304
-200.139612 -382.655204 214.411752
-202.008086 -381.970936 214.613200
-203.876560 -381.286667 214.814648
-205.745034 -380.602399 215.016096
-207.613509 -379.918131 215.217544
-209.481983 -379.233863 215.418992
-211.350457 -378.549595 215.620440
-213.218931 -377.865327 215.821888
-215.087405 -377.181059 216.023336
-216.955880 -376.496791 216.224784
-218.824354 -375.812523 216.426232
-220.692828 -375.128255 216.627680
-222.561302 -374.443987 216.829128
-224.429777 -373.759719 217.030576
-226.298251 -373.075451 217.232024
-228.166725 -372.391183 217.433472
-230.035199 -371.706915 217.634921
-231.903674 -371.022647 217.836369
-233.772148 -370.338379 218.037817
-235.640622 -369.654111 218.239265
-237.509096 -368.969843 218.440713
-239.377570 -368.285575 218.642161
-241.246045 -367.601307 218.843609
-243.114519 -366.917039 219.045057
-244.982993 -366.232770 219.246505
-246.851467 -365.548502 219.447953
-248.719942 -364.864234 219.649401
-250.588416 -364.179966 219.850849
-252.456890 -363.495698 220.052297
-254.325364 -362.811430 220.253745
-256.193838 -362.127162 220.455193
-258.062313 -361.442894 220.656641
-259.930787 -360.758626 220.858089
-261.799261 -360.074358 221.059537
-263.667735 -359.390090 221.260985
-265.536210 -358.705822 221.462433
-267.404684 -358.021554 221.663881
-269.273158 -357.337286 221.865329
-271.141632 -356.653018 222.066777
-273.010106 -355.968750 222.268225
-274.878581 -355.284482 222.469673
-276.747055 -354.600214 222.671121
-278.615529 -353.915946 222.872569
-280.484003 -353.231678 223.074017
-282.352478 -352.547410 223.275465
-284.220952 -351.863142 223.476913
-286.089426 -351.178873 223.678362
-287.957900 -350.494605 223.879810
-289.826375 -349.810337 224.081258
-291.694849 -349.126069 224.282706
-293.563323 -348.441801 224.484154
-295.431797 -347.757533 224.685602
-297.300271 -347.073265 224.887050
-299.168746 -346.388997 225.088498
138.277118 -55.310255 323.864476
139.685120 -53.889874 323.871669
141.093121 -52.469494 323.878863
142.501122 -51.049113 323.886057
143.909123 -49.628733 323.893250
145.317125 -48.208352 323.900444
146.725126 -46.787972 323.907638
148.133127 -45.367591 323.914831
149.541129 -43.947211 323.922025
150.949130 -42.526831 323.929219
152.357131 -41.106450 323.936412
153.765133 -39.686070 323.943606
155.173134 -38.265689 323.950800
156.581135 -36.845309 323.957993
157.989136 -35.424928 323.965187
159.397138 -34.004548 323.972381
160.805139 -32.584167 323.979574
162.213140 -31.163787 323.986768
163.621142 -29.743407 323.993962
165.029143 -28.323026 324.001155
166.437144 -26.902646 324.008349
167.845145 -25.482265 324.015543
169.253147 -24.061885 324.022736
170.661148 -22.641504 324.029930
172.069149 -21.221124 324.037124
173.477151 -19.800743 324.044317
174.885152 -18.380363 324.051511
176.293153 -16.959983 324.058705
177.701155 -15.539602 324.065898
179.109156 -14.119222 324.073092
180.517157 -12.698841 324.080286
181.925158 -11.278461 324.087479
183.333160 -9.858080 324.094673
184.741161 -8.437700 324.101867
186.149162 -7.017320 324.109060
187.557164 -5.596939 324.116254
188.965165 -4.176559 324.123448
190.373166 -2.756178 324.130641
191.781167 -1.335798 324.137835
193.189169 0.084583 324.145029
194.597170 1.504963 324.152222
196.005171 2.925344 324.159416
197.413173 4.345724 324.166610
198.821174 5.766104 324.173803
200.229175 7.186485 324.180997
201.637177 8.606865 324.188191
203.045178 10.027246 324.195384
204.453179 11.447626 324.202578
205.861180 12.868007 324.209771
207.269182 14.288387 324.216965
208.677183 15.708768 324.224159
210.085184 17.129148 324.231352
211.493186 18.549528 324.238546
212.901187 19.969909 324.245740
214.309188 21.390289 324.252933
215.717190 22.810670 324.260127
217.125191 24.231050 324.267321
218.533192 25.651431 324.274514
219.941193 27.071811 324.281708
221.349195 28.492192 324.288902
222.757196 29.912572 324.296095
224.165197 31.332952 324.303289
225.573199 32.753333 324.310483
226.981200 34.173713 324.317676
228.389201 35.594094 324.324870
229.797202 37.014474 324.332064
231.205204 38.434855 324.339257
232.613205 39.855235 324.346451
234.021206 41.275616 324.353645
235.429208 42.695996 324.360838
-95.181949 350.267094 317.700113
-94.911286 348.617215 318.797674
-94.640624 346.967336 319.895235
-94.369961 345.317457 320.992797
-94.099299 343.667577 322.090358
-93.828636 342.017698 323.187919
-93.557973 340.367819 324.285480
-93.287311 338.717940 325.383042
-93.016648 337.068061 326.480603
-92.745985 335.418182 327.578164
-92.475323 333.768303 328.675725
-92.204660 332.118424 329.773287
-91.933997 330.468545 330.870848
-91.663335 328.818666 331.968409
-91.392672 327.168787 333.065971
-91.122010 325.518908 334.163532
-90.851347 323.869028 335.261093
-90.580684 322.219149 336.358654
-90.310022 320.569270 337.456216
-90.039359 318.919391 338.553777
-89.768696 317.269512 339.651338
-89.498034 315.619633 340.748899
-89.227371 313.969754 341.846461
-88.956708 312.319875 342.944022
-88.686046 310.669996 344.041583
-88.415383 309.020117 345.139145
-88.144720 307.370238 346.236706
-87.874058 305.720358 347.334267
-87.603395 304.070479 348.431828
-87.332733 302.420600 349.529390
-87.062070 300.770721 350.626951
-86.791407 299.120842 351.724512
-86.520745 297.470963 352.822073
-86.250082 295.821084 353.919635
-85.979419 294.171205 355.017196
-85.708757 292.521326 356.114757
-85.438094 290.871447 357.212318
-85.167431 289.221568 358.309880
-84.896769 287.571689 359.407441
-84.626106 285.921809 360.505002
-84.355444 284.271930 361.602564
-84.084781 282.622051 362.700125
-83.814118 280.972172 363.797686
-83.543456 279.322293 364.895247
-83.272793 277.672414 365.992809
-83.002130 276.022535 367.090370
-82.731468 274.372656 368.187931
-82.460805 272.722777 369.285492
-82.190142 271.072898 370.383054
-81.919480 269.423019 371.480615
-81.648817 267.773140 372.578176
-81.378154 266.123260 373.675738
-81.107492 264.473381 374.773299
-80.836829 262.823502 375.870860
-80.566167 261.173623 376.968421
-80.295504 259.523744 378.065983
-80.024841 257.873865 379.163544
-79.754179 256.223986 380.261105
-79.483516 254.574107 381.358666
-79.212853 252.924228 382.456228
-78.942191 251.274349 383.553789
-78.671528 249.624470 384.651350
-78.400865 247.974591 385.748911
-78.130203 246.324711 386.846473
-77.859540 244.674832 387.944034
-77.588878 243.024953 389.041595
-77.318215 241.375074 390.139157
-77.047552 239.725195 391.236718
-76.776890 238.075316 392.334279
-76.506227 236.425437 393.431840
-186.708855 209.108497 -336.036019
-188.468199 208.233469 -335.663147
-190.227543 207.358441 -335.290274
-191.986887 206.483413 -334.917401
-193.746231 205.608385 -334.544528
-195.505576 204.733357 -334.171656
-197.264920 203.858329 -333.798783
-199.024264 202.983301 -333.425910
-200.783608 202.108273 -333.053037
-202.542952 201.233245 -332.680164
-204.302296 200.358217 -332.307292
-206.061641 199.483189 -331.934419
-207.820985 198.608161 -331.561546
-209.580329 197.733133 -331.188673
-211.339673 196.858105 -330.815801
-213.099017 195.983077 -330.442928
-214.858361 195.108049 -330.070055
-216.617706 194.233021 -329.697182
-218.377050 193.357993 -329.324309
-220.136394 192.482965 -328.951437
-221.895738 191.607937 -328.578564
-223.655082 190.732909 -328.205691
-225.414426 189.857881 -327.832818
-227.173771 188.982853 -327.459946
-228.933115 188.107825 -327.087073
-230.692459 187.232797 -326.714200
-232.451803 186.357769 -326.341327
-234.211147 185.482741 -325.968454
-235.970491 184.607713 -325.595582
-237.729836 183.732685 -325.222709
-239.489180 182.857657 -324.849836
-241.248524 181.982629 -324.476963
-243.007868 181.107601 -324.104091
-244.767212 180.232573 -323.731218
-246.526556 179.357545 -323.358345
-248.285901 178.482517 -322.985472
-250.045245 177.607489 -322.612599
-251.804589 176.732461 -322.239727
-253.563933 175.857433 -321.866854
-255.323277 174.982405 -321.493981
-257.082621 174.107377 -321.121108
-258.841966 173.232349 -320.748236
-260.601310 172.357321 -320.375363
-262.360654 171.482293 -320.002490
-264.119998 170.607265 -319.629617
-265.879342 169.732237 -319.256744
-267.638686 168.857209 -318.883872
-269.398031 167.982181 -318.510999
-271.157375 167.107153 -318.138126
-272.916719 166.232125 -317.765253
-274.676063 165.357097 -317.392381
-276.435407 164.482069 -317.019508
-278.194751 163.607041 -316.646635
-279.954096 162.732013 -316.273762
-281.713440 161.856985 -315.900889
-283.472784 160.981957 -315.528017
-285.232128 160.106929 -315.155144
-286.991472 159.231901 -314.782271
-288.750816 158.356873 -314.409398
-290.510161 157.481845 -314.036526
-292.269505 156.606817 -313.663653
-294.028849 155.731789 -313.290780
-295.788193 154.856761 -312.917907
-297.547537 153.981733 -312.545034
-299.306881 153.106705 -312.172162
-301.066226 152.231677 -311.799289
-302.825570 151.356649 -311.426416
-304.584914 150.481621 -311.053543
-306.344258 149.606593 -310.680671
-308.103602 148.731565 -310.307798
220.614876 -148.935686 -161.098507
221.601197 -150.209728 -159.913606
222.587517 -151.483770 -158.728706
223.573837 -152.757811 -157.543805
224.560158 -154.031853 -156.358904
225.546478 -155.305895 -155.174003
226.532798 -156.579936 -153.989102
227.519118 -157.853978 -152.804201
228.505439 -159.128020 -151.619301
229.491759 -160.402061 -150.434400
230.478079 -161.676103 -149.249499
231.464400 -162.950145 -148.064598
232.450720 -164.224186 -146.879697
233.437040 -165.498228 -145.694796
234.423361 -166.772270 -144.509895
235.409681 -168.046311 -143.324995
236.396001 -169.320353 -142.140094
237.382322 -170.594395 -140.955193
238.368642 -171.868436 -139.770292
239.354962 -173.142478 -138.585391
240.341283 -174.416520 -137.400490
241.327603 -175.690561 -136.215589
242.313923 -176.964603 -135.030689
243.300244 -178.238645 -133.845788
244.286564 -179.512686 -132.660887
245.272884 -180.786728 -131.475986
246.259205 -182.060770 -130.291085
247.245525 -183.334812 -129.106184
248.231845 -184.608853 -127.921284
249.218166 -185.882895 -126.736383
250.204486 -187.156937 -125.551482
251.190806 -188.430978 -124.366581
252.177127 -189.705020 -123.181680
253.163447 -190.979062 -121.996779
254.149767 -192.253103 -120.811878
255.136088 -193.527145 -119.626978
256.122408 -194.801187 -118.442077
257.108728 -196.075228 -117.257176
258.095048 -197.349270 -116.072275
259.081369 -198.623312 -114.887374
260.067689 -199.897353 -113.702473
261.054009 -201.171395 -112.517572
262.040330 -202.445437 -111.332672
263.026650 -203.719478 -110.147771
264.012970 -204.993520 -108.962870
264.999291 -206.267562 -107.777969
265.985611 -207.541603 -106.593068
266.971931 -208.815645 -105.408167
267.958252 -210.089687 -104.223267
268.944572 -211.363728 -103.038366
269.930892 -212.637770 -101.853465
270.917213 -213.911812 -100.668564
271.903533 -215.185853 -99.483663
272.889853 -216.459895 -98.298762
273.876174 -217.733937 -97.113861
274.862494 -219.007978 -95.928961
275.848814 -220.282020 -94.744060
276.835135 -221.556062 -93.559159
277.821455 -222.830104 -92.374258
278.807775 -224.104145 -91.189357
279.794096 -225.378187 -90.004456
280.780416 -226.652229 -88.819555
281.766736 -227.926270 -87.634655
282.753057 -229.200312 -86.449754
283.739377 -230.474354 -85.264853
284.725697 -231.748395 -84.079952
285.712018 -233.022437 -82.895051
286.698338 -234.296479 -81.710150
287.684658 -235.570520 -80.525250
288.670978 -236.844562 -79.340349
-329.475470 -319.450290 -45.238457
-328.450193 -317.750933 -44.991491
-327.424916 -316.051575 -44.744525
-326.399639 -314.352218 -44.497560
-325.374362 -312.652861 -44.250594
-324.349085 -310.953504 -44.003628
-323.323808 -309.254147 -43.756663
-322.298531 -307.554789 -43.509697
-321.273254 -305.855432 -43.262731
-320.247977 -304.156075 -43.015766
-319.222699 -302.456718 -42.768800
-318.197422 -300.757361 -42.521834
-317.172145 -299.058003 -42.274869
-316.146868 -297.358646 -42.027903
-315.121591 -295.659289 -41.780937
-314.096314 -293.959932 -41.533971
-313.071037 -292.260575 -41.287006
-312.045760 -290.561217 -41.040040
-311.020483 -288.861860 -40.793074
-309.995206 -287.162503 -40.546109
-308.969929 -285.463146 -40.299143
-307.944652 -283.763789 -40.052177
-306.919375 -282.064431 -39.805212
-305.894098 -280.365074 -39.558246
-304.868820 -278.665717 -39.311280
-303.843543 -276.966360 -39.064315
-302.818266 -275.267003 -38.817349
-301.792989 -273.567645 -38.570383
-300.767712 -271.868288 -38.323418
-299.742435 -270.168931 -38.076452
-298.717158 -268.469574 -37.829486
-297.691881 -266.770217 -37.582520
-296.666604 -265.070859 -37.335555
-295.641327 -263.371502 -37.088589
-294.616050 -261.672145 -36.841623
-293.590773 -259.972788 -36.594658
-292.565496 -258.273431 -36.347692
-291.540219 -256.574074 -36.100726
-290.514942 -254.874716 -35.853761
-289.489664 -253.175359 -35.606795
-288.464387 -251.476002 -35.359829
-287.439110 -249.776645 -35.112864
-286.413833 -248.077288 -34.865898
-285.388556 -246.377930 -34.618932
-284.363279 -244.678573 -34.371967
-283.338002 -242.979216 -34.125001
-282.312725 -241.279859 -33.878035
-281.287448 -239.580502 -33.631069
-280.262171 -237.881144 -33.384104
-279.236894 -236.181787 -33.137138
-278.211617 -234.482430 -32.890172
-277.186340 -232.783073 -32.643207
-276.161063 -231.083716 -32.396241
-275.135785 -229.384358 -32.149275
-274.110508 -227.685001 -31.902310
-273.085231 -225.985644 -31.655344
-272.059954 -224.286287 -31.408378
-271.034677 -222.586930 -31.161413
-270.009400 -220.887572 -30.914447
-268.984123 -219.188215 -30.667481
-267.958846 -217.488858 -30.420516
-266.933569 -215.789501 -30.173550
-265.908292 -214.090144 -29.926584
-264.883015 -212.390786 -29.679618
-263.857738 -210.691429 -29.432653
-262.832461 -208.992072 -29.185687
-261.807184 -207.292715 -28.938721
-260.781906 -205.593358 -28.691756
-259.756629 -203.894000 -28.444790
-258.731352 -202.194643 -28.197824
-154.614522 280.114996 -213.496896
-156.461814 279.355340 -213.599044
-158.309106 278.595684 -213.701193
-160.156398 277.836028 -213.803341
-162.003691 277.076372 -213.905490
-163.850983 276.316716 -214.007639
-165.698275 275.557060 -214.109787
-167.545567 274.797404 -214.211936
-169.392859 274.037748 -214.314085
-171.240151 273.278092 -214.416233
-173.087444 272.518436 -214.518382
-174.934736 271.758779 -214.620530
-176.782028 270.999123 -214.722679
-178.629320 270.239467 -214.824828
-180.476612 269.479811 -214.926976
-182.323904 268.720155 -215.029125
-184.171197 267.960499 -215.131273
-186.018489 267.200843 -215.233422
-187.865781 266.441187 -215.335571
-189.713073 265.681531 -215.437719
-191.560365 264.921875 -215.539868
-193.407657 264.162219 -215.642016
-195.254949 263.402563 -215.744165
-197.102242 262.642907 -215.846314
-198.949534 261.883251 -215.948462
-200.796826 261.123595 -216.050611
-202.644118 260.363939 -216.152760
-204.491410 259.604282 -216.254908
-206.338702 258.844626 -216.357057
-208.185995 258.084970 -216.459205
-210.033287 257.325314 -216.561354
-211.880579 256.565658 -216.663503
-213.727871 255.806002 -216.765651
-215.575163 255.046346 -216.867800
-217.422455 254.286690 -216.969948
-219.269748 253.527034 -217.072097
-221.117040 252.767378 -217.174246
-222.964332 252.007722 -217.276394
-224.811624 251.248066 -217.378543
-226.658916 250.488410 -217.480691
-228.506208 249.728754 -217.582840
-230.353500 248.969098 -217.684989
-232.200793 248.209441 -217.787137
-234.048085 247.449785 -217.889286
-235.895377 246.690129 -217.991435
-237.742669 245.930473 -218.093583
-239.589961 245.170817 -218.195732
-241.437253 244.411161 -218.297880
-243.284546 243.651505 -218.400029
-245.131838 242.891849 -218.502178
-246.979130 242.132193 -218.604326
-248.826422 241.372537 -218.706475
-250.673714 240.612881 -218.808623
-252.521006 239.853225 -218.910772
-254.368299 239.093569 -219.012921
-256.215591 238.333913 -219.115069
-258.062883 237.574257 -219.217218
-259.910175 236.814600 -219.319366
-261.757467 236.054944 -219.421515
-263.604759 235.295288 -219.523664
-265.452052 234.535632 -219.625812
-267.299344 233.775976 -219.727961
-269.146636 233.016320 -219.830109
-270.993928 232.256664 -219.932258
-272.841220 231.497008 -220.034407
-274.688512 230.737352 -220.136555
-276.535804 229.977696 -220.238704
-278.383097 229.218040 -220.340853
-280.230389 228.458384 -220.443001
-282.077681 227.698728 -220.545150
141.673723 -211.985837 -288.309585
140.055141 -212.850816 -289.104570
138.436558 -213.715796 -289.899555
136.817976 -214.580775 -290.694540
135.199393 -215.445755 -291.489525
133.580811 -216.310734 -292.284510
131.962228 -217.175714 -293.079495
130.343646 -218.040693 -293.874480
128.725063 -218.905672 -294.669465
127.106481 -219.770652 -295.464451
125.487898 -220.635631 -296.259436
123.869316 -221.500611 -297.054421
122.250733 -222.365590 -297.849406
120.632151 -223.230570 -298.644391
119.013568 -224.095549 -299.439376
117.394986 -224.960528 -300.234361
115.776403 -225.825508 -301.029346
114.157821 -226.690487 -301.824331
112.539238 -227.555467 -302.619316
110.920656 -228.420446 -303.414301
109.302073 -229.285426 -304.209286
107.683491 -230.150405 -305.004272
106.064908 -231.015384 -305.799257
104.446326 -231.880364 -306.594242
102.827743 -232.745343 -307.389227
101.209161 -233.610323 -308.184212
99.590578 -234.475302 -308.979197
97.971996 -235.340282 -309.774182
96.353413 -236.205261 -310.569167
94.734831 -237.070240 -311.364152
93.116248 -237.935220 -312.159137
91.497666 -238.800199 -312.954122
89.879083 -239.665179 -313.749108
88.260501 -240.530158 -314.544093
86.641918 -241.395138 -315.339078
85.023336 -242.260117 -316.134063
83.404753 -243.125096 -316.929048
81.786171 -243.990076 -317.724033
80.167588 -244.855055 -318.519018
78.549006 -245.720035 -319.314003
76.930423 -246.585014 -320.108988
75.311841 -247.449994 -320.903973
73.693258 -248.314973 -321.698958
72.074676 -249.179952 -322.493944
70.456093 -250.044932 -323.288929
68.837511 -250.909911 -324.083914
67.218928 -251.774891 -324.878899
65.600346 -252.639870 -325.673884
63.981763 -253.504850 -326.468869
62.363181 -254.369829 -327.263854
60.744598 -255.234808 -328.058839
59.126016 -256.099788 -328.853824
57.507433 -256.964767 -329.648809
55.888851 -257.829747 -330.443794
54.270269 -258.694726 -331.238779
52.651686 -259.559706 -332.033765
51.033104 -260.424685 -332.828750
49.414521 -261.289664 -333.623735
47.795939 -262.154644 -334.418720
46.177356 -263.019623 -335.213705
44.558774 -263.884603 -336.008690
42.940191 -264.749582 -336.803675
41.321609 -265.614562 -337.598660
39.703026 -266.479541 -338.393645
38.084444 -267.344520 -339.188630
36.465861 -268.209500 -339.983615
34.847279 -269.074479 -340.778601
33.228696 -269.939459 -341.573586
31.610114 -270.804438 -342.368571
29.991531 -271.669418 -343.163556
143.163451 -115.515873 -94.498274
142.908969 -115.061308 -96.429235
142.654487 -114.606743 -98.360196
142.400005 -114.152178 -100.291157
142.145522 -113.697613 -102.222117
141.891040 -113.243048 -104.153078
141.636558 -112.788483 -106.084039
141.382076 -112.333917 -108.015000
141.127594 -111.879352 -109.945960
140.873112 -111.424787 -111.876921
140.618630 -110.970222 -113.807882
140.364148 -110.515657 -115.738842
140.109665 -110.061092 -117.669803
139.855183 -109.606527 -119.600764
139.600701 -109.151962 -121.531725
139.346219 -108.697397 -123.462685
139.091737 -108.242831 -125.393646
138.837255 -107.788266 -127.324607
138.582773 -107.333701 -129.255568
138.328291 -106.879136 -131.186528
138.073809 -106.424571 -133.117489
137.819326 -105.970006 -135.048450
137.564844 -105.515441 -136.979411
137.310362 -105.060876 -138.910371
137.055880 -104.606310 -140.841332
136.801398 -104.151745 -142.772293
136.546916 -103.697180 -144.703254
136.292434 -103.242615 -146.634214
136.037952 -102.788050 -148.565175
135.783469 -102.333485 -150.496136
135.528987 -101.878920 -152.427097
135.274505 -101.424355 -154.358057
135.020023 -100.969789 -156.289018
134.765541 -100.515224 -158.219979
134.511059 -100.060659 -160.150940
134.256577 -99.606094 -162.081900
134.002095 -99.151529 -164.012861
133.747612 -98.696964 -165.943822
133.493130 -98.242399 -167.874783
133.238648 -97.787834 -169.805743
132.984166 -97.333269 -171.736704
132.729684 -96.878703 -173.667665
132.475202 -96.424138 -175.598626
132.220720 -95.969573 -177.529586
131.966238 -95.515008 -179.460547
131.711756 -95.060443 -181.391508
131.457273 -94.605878 -183.322469
131.202791 -94.151313 -185.253429
130.948309 -93.696748 -187.184390
130.693827 -93.242182 -189.115351
130.439345 -92.787617 -191.046312
130.184863 -92.333052 -192.977272
129.930381 -91.878487 -194.908233
129.675899 -91.423922 -196.839194
129.421416 -90.969357 -198.770155
129.166934 -90.514792 -200.701115
128.912452 -90.060227 -202.632076
128.657970 -89.605661 -204.563037
128.403488 -89.151096 -206.493998
128.149006 -88.696531 -208.424958
127.894524 -88.241966 -210.355919
127.640042 -87.787401 -212.286880
127.385559 -87.332836 -214.217841
127.131077 -86.878271 -216.148801
126.876595 -86.423706 -218.079762
126.622113 -85.969141 -220.010723
126.367631 -85.514575 -221.941684
126.113149 -85.060010 -223.872644
125.858667 -84.605445 -225.803605
125.604185 -84.150880 -227.734566
-234.239982 342.199640 -217.596813
-235.466162 342.416928 -216.031799
-236.692341 342.634215 -214.466784
-237.918521 342.851503 -212.901770
-239.144700 343.068791 -211.336756
-240.370880 343.286078 -209.771741
-241.597059 343.503366 -208.206727
-242.823238 343.720653 -206.641712
-244.049418 343.937941 -205.076698
-245.275597 344.155228 -203.511684
-246.501777 344.372516 -201.946669
-247.727956 344.589803 -200.381655
-248.954136 344.807091 -198.816640
-250.180315 345.024378 -197.251626
-251.406494 345.241666 -195.686612
-252.632674 345.458953 -194.121597
-253.858853 345.676241 -192.556583
-255.085033 345.893528 -190.991568
-256.311212 346.110816 -189.426554
-257.537392 346.328103 -187.861539
-258.763571 346.545391 -186.296525
-259.989751 346.762678 -184.731511
-261.215930 346.979966 -183.166496
-262.442109 347.197253 -181.601482
-263.668289 347.414541 -180.036467
-264.894468 347.631829 -178.471453
-266.120648 347.849116 -176.906439
-267.346827 348.066404 -175.341424
-268.573007 348.283691 -173.776410
-269.799186 348.500979 -172.211395
-271.025366 348.718266 -170.646381
-272.251545 348.935554 -169.081367
-273.477724 349.152841 -167.516352
-274.703904 349.370129 -165.951338
-275.930083 349.587416 -164.386323
-277.156263 349.804704 -162.821309
-278.382442 350.021991 -161.256294
-279.608622 350.239279 -159.691280
-280.834801 350.456566 -158.126266
-282.060980 350.673854 -156.561251
-283.287160 350.891141 -154.996237
-284.513339 351.108429 -153.431222
-285.739519 351.325716 -151.866208
-286.965698 351.543004 -150.301194
-288.191878 351.760291 -148.736179
-289.418057 351.977579 -147.171165
-290.644237 352.194867 -145.606150
-291.870416 352.412154 -144.041136
-293.096595 352.629442 -142.476121
-294.322775 352.846729 -140.911107
-295.548954 353.064017 -139.346093
-296.775134 353.281304 -137.781078
-298.001313 353.498592 -136.216064
-299.227493 353.715879 -134.651049
-300.453672 353.933167 -133.086035
-301.679852 354.150454 -131.521021
-302.906031 354.367742 -129.956006
-304.132210 354.585029 -128.390992
-305.358390 354.802317 -126.825977
-306.584569 355.019604 -125.260963
-307.810749 355.236892 -123.695949
-309.036928 355.454179 -122.130934
-310.263108 355.671467 -120.565920
-311.489287 355.888754 -119.000905
-312.715467 356.106042 -117.435891
-313.941646 356.323330 -115.870876
-315.167825 356.540617 -114.305862
-316.394005 356.757905 -112.740848
-317.620184 356.975192 -111.175833
-318.846364 357.192480 -109.610819
268.591805 54.250883 -284.751757
266.985786 55.441766 -284.801788
265.379768 56.632649 -284.851818
263.773750 57.823532 -284.901849
262.167732 59.014415 -284.951880
260.561713 60.205298 -285.001910
258.955695 61.396181 -285.051941
257.349677 62.587064 -285.101971
255.743659 63.777947 -285.152002
254.137640 64.968830 -285.202033
252.531622 66.159713 -285.252063
250.925604 67.350596 -285.302094
249.319586 68.541479 -285.352124
247.713567 69.732362 -285.402155
246.107549 70.923245 -285.452186
244.501531 72.114128 -285.502216
242.895513 73.305011 -285.552247
241.289494 74.495894 -285.602277
239.683476 75.686777 -285.652308
238.077458 76.877660 -285.702339
236.471440 78.068543 -285.752369
234.865421 79.259426 -285.802400
233.259403 80.450309 -285.852430
231.653385 81.641192 -285.902461
230.047367 82.832075 -285.952492
228.441348 84.022958 -286.002522
226.835330 85.213841 -286.052553
225.229312 86.404724 -286.102583
223.623294 87.595607 -286.152614
222.017275 88.786490 -286.202645
220.411257 89.977373 -286.252675
218.805239 91.168256 -286.302706
217.199221 92.359139 -286.352736
215.593202 93.550022 -286.402767
213.987184 94.740905 -286.452798
212.381166 95.931788 -286.502828
210.775148 97.122671 -286.552859
209.169129 98.313554 -286.602889
207.563111 99.504437 -286.652920
205.957093 100.695320 -286.702951
204.351074 101.886203 -286.752981
202.745056 103.077086 -286.803012
201.139038 104.267969 -286.853042
199.533020 105.458852 -286.903073
197.927001 106.649735 -286.953103
196.320983 107.840618 -287.003134
194.714965 109.031501 -287.053165
193.108947 110.222384 -287.103195
191.502928 111.413267 -287.153226
189.896910 112.604150 -287.203256
188.290892 113.795033 -287.253287
186.684874 114.985916 -287.303318
185.078855 116.176799 -287.353348
183.472837 117.367682 -287.403379
181.866819 118.558565 -287.453409
180.260801 119.749448 -287.503440
178.654782 120.940331 -287.553471
177.048764 122.131214 -287.603501
175.442746 123.322097 -287.653532
173.836728 124.512980 -287.703562
172.230709 125.703863 -287.753593
170.624691 126.894746 -287.803624
169.018673 128.085629 -287.853654
167.412655 129.276511 -287.903685
165.806636 130.467394 -287.953715
164.200618 131.658277 -288.003746
162.594600 132.849160 -288.053777
160.988582 134.040043 -288.103807
159.382563 135.230926 -288.153838
157.776545 136.421809 -288.203868
-12.199808 -272.121847 -81.715249
-10.872257 -270.987458 -80.740175
-9.544705 -269.853069 -79.765101
-8.217154 -268.718680 -78.790028
-6.889603 -267.584290 -77.814954
-5.562052 -266.449901 -76.839880
-4.234500 -265.315512 -75.864806
-2.906949 -264.181122 -74.889733
-1.579398 -263.046733 -73.914659
-0.251847 -261.912344 -72.939585
1.075704 -260.777955 -71.964512
2.403256 -259.643565 -70.989438
3.730807 -258.509176 -70.014364
5.058358 -257.374787 -69.039291
6.385909 -256.240398 -68.064217
7.713461 -255.106008 -67.089143
9.041012 -253.971619 -66.114070
10.368563 -252.837230 -65.138996
11.696114 -251.702840 -64.163922
13.023666 -250.568451 -63.188849
14.351217 -249.434062 -62.213775
15.678768 -248.299673 -61.238701
17.006319 -247.165283 -60.263628
18.333870 -246.030894 -59.288554
19.661422 -244.896505 -58.313480
20.988973 -243.762115 -57.338406
22.316524 -242.627726 -56.363333
23.644075 -241.493337 -55.388259
24.971627 -240.358948 -54.413185
26.299178 -239.224558 -53.438112
27.626729 -238.090169 -52.463038
28.954280 -236.955780 -51.487964
30.281831 -235.821390 -50.512891
31.609383 -234.687001 -49.537817
32.936934 -233.552612 -48.562743
34.264485 -232.418223 -47.587670
35.592036 -231.283833 -46.612596
36.919588 -230.149444 -45.637522
38.247139 -229.015055 -44.662449
39.574690 -227.880665 -43.687375
40.902241 -226.746276 -42.712301
42.229793 -225.611887 -41.737228
43.557344 -224.477498 -40.762154
44.884895 -223.343108 -39.787080
46.212446 -222.208719 -38.812006
47.539997 -221.074330 -37.836933
48.867549 -219.939940 -36.861859
50.195100 -218.805551 -35.886785
51.522651 -217.671162 -34.911712
52.850202 -216.536773 -33.936638
54.177754 -215.402383 -32.961564
55.505305 -214.267994 -31.986491
56.832856 -213.133605 -31.011417
58.160407 -211.999215 -30.036343
59.487958 -210.864826 -29.061270
60.815510 -209.730437 -28.086196
62.143061 -208.596048 -27.111122
63.470612 -207.461658 -26.136049
64.798163 -206.327269 -25.160975
66.125715 -205.192880 -24.185901
67.453266 -204.058490 -23.210827
68.780817 -202.924101 -22.235754
70.108368 -201.789712 -21.260680
71.435920 -200.655323 -20.285606
72.763471 -199.520933 -19.310533
74.091022 -198.386544 -18.335459
75.418573 -197.252155 -17.360385
76.746124 -196.117765 -16.385312
78.073676 -194.983376 -15.410238
79.401227 -193.848987 -14.435164
32.949695 40.840406 8.538964
33.391679 42.778703 8.757261
33.833662 44.717001 8.975559
34.275646 46.655298 9.193856
34.717629 48.593595 9.412154
35.159613 50.531893 9.630451
35.601596 52.470190 9.848749
36.043580 54.408488 10.067046
36.485563 56.346785 10.285344
36.927547 58.285082 10.503641
37.369530 60.223380 10.721939
37.811514 62.161677 10.940236
38.253497 64.099975 11.158534
38.695481 66.038272 11.376831
39.137464 67.976569 11.595129
39.579448 69.914867 11.813426
40.021431 71.853164 12.031724
40.463415 73.791462 12.250021
40.905398 75.729759 12.468319
41.347382 77.668056 12.686616
41.789365 79.606354 12.904914
42.231349 81.544651 13.123211
42.673332 83.482949 13.341509
43.115316 85.421246 13.559806
43.557299 87.359543 13.778104
43.999283 89.297841 13.996401
44.441266 91.236138 14.214699
44.883250 93.174436 14.432996
45.325233 95.112733 14.651294
45.767217 97.051030 14.869591
46.209200 98.989328 15.087889
46.651184 100.927625 15.306186
47.093167 102.865923 15.524484
47.535151 104.804220 15.742781
47.977134 106.742517 15.961079
48.419118 108.680815 16.179376
48.861101 110.619112 16.397674
49.303085 112.557410 16.615971
49.745068 114.495707 16.834269
50.187052 116.434004 17.052566
50.629035 118.372302 17.270864
51.071019 120.310599 17.489161
51.513002 122.248897 17.707459
51.954986 124.187194 17.925756
52.396969 126.125491 18.144054
52.838953 128.063789 18.362351
53.280936 130.002086 18.580649
53.722919 131.940383 18.798946
54.164903 133.878681 19.017244
54.606886 135.816978 19.235541
55.048870 137.755276 19.453839
55.490853 139.693573 19.672136
55.932837 141.631870 19.890434
56.374820 143.570168 20.108731
56.816804 145.508465 20.327029
57.258787 147.446763 20.545326
57.700771 149.385060 20.763624
58.142754 151.323357 20.981921
58.584738 153.261655 21.200219
59.026721 155.199952 21.418516
59.468705 157.138250 21.636814
59.910688 159.076547 21.855111
60.352672 161.014844 22.073409
60.794655 162.953142 22.291706
61.236639 164.891439 22.510004
61.678622 166.829737 22.728301
62.120606 168.768034 22.946599
62.562589 170.706331 23.164896
63.004573 172.644629 23.383194
63.446556 174.582926 23.601491
-341.952979 12.399777 -68.852732
-342.380358 10.762838 -69.919400
-342.807736 9.125900 -70.986067
-343.235114 7.488961 -72.052735
-343.662492 5.852023 -73.119403
-344.089870 4.215084 -74.186071
-344.517248 2.578146 -75.252739
-344.944627 0.941207 -76.319407
-345.372005 -0.695731 -77.386075
-345.799383 -2.332670 -78.452743
-346.226761 -3.969608 -79.519411
-346.654139 -5.606546 -80.586078
-347.081517 -7.243485 -81.652746
-347.508896 -8.880423 -82.719414
-347.936274 -10.517362 -83.786082
-348.363652 -12.154300 -84.852750
-348.791030 -13.791239 -85.919418
-349.218408 -15.428177 -86.986086
-349.645787 -17.065116 -88.052754
-350.073165 -18.702054 -89.119422
-350.500543 -20.338993 -90.186089
-350.927921 -21.975931 -91.252757
-351.355299 -23.612869 -92.319425
-351.782677 -25.249808 -93.386093
-352.210056 -26.886746 -94.452761
-352.637434 -28.523685 -95.519429
-353.064812 -30.160623 -96.586097
-353.492190 -31.797562 -97.652765
-353.919568 -33.434500 -98.719433
-354.346946 -35.071439 -99.786101
-354.774325 -36.708377 -100.852768
-355.201703 -38.345316 -101.919436
-355.629081 -39.982254 -102.986104
-356.056459 -41.619192 -104.052772
-356.483837 -43.256131 -105.119440
-356.911215 -44.893069 -106.186108
-357.338594 -46.530008 -107.252776
-357.765972 -48.166946 -108.319444
-358.193350 -49.803885 -109.386112
-358.620728 -51.440823 -110.452779
-359.048106 -53.077762 -111.519447
-359.475484 -54.714700 -112.586115
-359.902863 -56.351639 -113.652783
-360.330241 -57.988577 -114.719451
-360.757619 -59.625515 -115.786119
-361.184997 -61.262454 -116.852787
-361.612375 -62.899392 -117.919455
-362.039753 -64.536331 -118.986123
-362.467132 -66.173269 -120.052791
-362.894510 -67.810208 -121.119458
-363.321888 -69.447146 -122.186126
-363.749266 -71.084085 -123.252794
-364.176644 -72.721023 -124.319462
-364.604022 -74.357962 -125.386130
-365.031401 -75.994900 -126.452798
-365.458779 -77.631838 -127.519466
-365.886157 -79.268777 -128.586134
-366.313535 -80.905715 -129.652802
-366.740913 -82.542654 -130.719469
-367.168291 -84.179592 -131.786137
-367.595670 -85.816531 -132.852805
-368.023048 -87.453469 -133.919473
-368.450426 -89.090408 -134.986141
-368.877804 -90.727346 -136.052809
-369.305182 -92.364285 -137.119477
-369.732561 -94.001223 -138.186145
-370.159939 -95.638161 -139.252813
-370.587317 -97.275100 -140.319481
-371.014695 -98.912038 -141.386148
-371.442073 -100.548977 -142.452816
-9.801700 343.667520 188.749932
-10.287429 343.535399 186.814315
-10.773157 343.403277 184.878699
-11.258886 343.271155 182.943082
-11.744615 343.139033 181.007466
-12.230344 343.006911 179.071849
-12.716073 342.874789 177.136233
-13.201802 342.742667 175.200616
-13.687530 342.610545 173.265000
-14.173259 342.478423 171.329383
-14.658988 342.346301 169.393767
-15.144717 342.214179 167.458150
-15.630446 342.082058 165.522534
-16.116175 341.949936 163.586917
-16.601903 341.817814 161.651301
-17.087632 341.685692 159.715684
-17.573361 341.553570 157.780068
-18.059090 341.421448 155.844451
-18.544819 341.289326 153.908835
-19.030548 341.157204 151.973218
-19.516276 341.025082 150.037601
-20.002005 340.892960 148.101985
-20.487734 340.760838 146.166368
-20.973463 340.628717 144.230752
-21.459192 340.496595 142.295135
-21.944921 340.364473 140.359519
-22.430649 340.232351 138.423902
-22.916378 340.100229 136.488286
-23.402107 339.968107 134.552669
-23.887836 339.835985 132.617053
-24.373565 339.703863 130.681436
-24.859294 339.571741 128.745820
-25.345022 339.439619 126.810203
-25.830751 339.307497 124.874587
-26.316480 339.175376 122.938970
-26.802209 339.043254 121.003354
-27.287938 338.911132 119.067737
-27.773667 338.779010 117.132121
-28.259396 338.646888 115.196504
-28.745124 338.514766 113.260888
-29.230853 338.382644 111.325271
-29.716582 338.250522 109.389655
-30.202311 338.118400 107.454038
-30.688040 337.986278 105.518422
-31.173769 337.854156 103.582805
-31.659497 337.722035 101.647189
-32.145226 337.589913 99.711572
-32.630955 337.457791 97.775956
-33.116684 337.325669 95.840339
-33.602413 337.193547 93.904723
-34.088142 337.061425 91.969106
-34.573870 336.929303 90.033489
-35.059599 336.797181 88.097873
-35.545328 336.665059 86.162256
-36.031057 336.532937 84.226640
-36.516786 336.400815 82.291023
-37.002515 336.268694 80.355407
-37.488243 336.136572 78.419790
-37.973972 336.004450 76.484174
-38.459701 335.872328 74.548557
-38.945430 335.740206 72.612941
-39.431159 335.608084 70.677324
-39.916888 335.475962 68.741708
-40.402616 335.343840 66.806091
-40.888345 335.211718 64.870475
-41.374074 335.079596 62.934858
-41.859803 334.947474 60.999242
-42.345532 334.815353 59.063625
-42.831261 334.683231 57.128009
-43.316989 334.551109 55.192392
-64.800805 -278.397549 331.910088
-65.481550 -276.533950 332.162252
-66.162294 -274.670351 332.414416
-66.843038 -272.806752 332.666579
-67.523783 -270.943153 332.918743
-68.204527 -269.079555 333.170906
-68.885271 -267.215956 333.423070
-69.566016 -265.352357 333.675234
-70.246760 -263.488758 333.927397
-70.927504 -261.625159 334.179561
-71.608249 -259.761560 334.431724
-72.288993 -257.897962 334.683888
-72.969738 -256.034363 334.936051
-73.650482 -254.170764 335.188215
-74.331226 -252.307165 335.440379
-75.011971 -250.443566 335.692542
-75.692715 -248.579967 335.944706
-76.373459 -246.716369 336.196869
-77.054204 -244.852770 336.449033
-77.734948 -242.989171 336.701197
-78.415692 -241.125572 336.953360
-79.096437 -239.261973 337.205524
-79.777181 -237.398374 337.457687
-80.457925 -235.534775 337.709851
-81.138670 -233.671177 337.962015
-81.819414 -231.807578 338.214178
-82.500159 -229.943979 338.466342
-83.180903 -228.080380 338.718505
-83.861647 -226.216781 338.970669
-84.542392 -224.353182 339.222833
-85.223136 -222.489584 339.474996
-85.903880 -220.625985 339.727160
-86.584625 -218.762386 339.979323
-87.265369 -216.898787 340.231487
-87.946113 -215.035188 340.483651
-88.626858 -213.171589 340.735814
-89.307602 -211.307991 340.987978
-89.988346 -209.444392 341.240141
-90.669091 -207.580793 341.492305
-91.349835 -205.717194 341.744469
-92.030579 -203.853595 341.996632
-92.711324 -201.989996 342.248796
-93.392068 -200.126398 342.500959
-94.072813 -198.262799 342.753123
-94.753557 -196.399200 343.005286
-95.434301 -194.535601 343.257450
-96.115046 -192.672002 343.509614
-96.795790 -190.808403 343.761777
-97.476534 -188.944804 344.013941
-98.157279 -187.081206 344.266104
-98.838023 -185.217607 344.518268
-99.518767 -183.354008 344.770432
-100.199512 -181.490409 345.022595
-100.880256 -179.626810 345.274759
-101.561000 -177.763211 345.526922
-102.241745 -175.899613 345.779086
-102.922489 -174.036014 346.031250
-103.603234 -172.172415 346.283413
-104.283978 -170.308816 346.535577
-104.964722 -168.445217 346.787740
-105.645467 -166.581618 347.039904
-106.326211 -164.718020 347.292068
-107.006955 -162.854421 347.544231
-107.687700 -160.990822 347.796395
-108.368444 -159.127223 348.048558
-109.049188 -157.263624 348.300722
-109.729933 -155.400025 348.552886
-110.410677 -153.536426 348.805049
-111.091421 -151.672828 349.057213
-111.772166 -149.809229 349.309376
31.422882 -54.580837 210.339318
32.148323 -56.442035 210.437702
32.873764 -58.303232 210.536086
33.599205 -60.164430 210.634470
34.324646 -62.025627 210.732854
35.050087 -63.886825 210.831238
35.775527 -65.748022 210.929621
36.500968 -67.609220 211.028005
37.226409 -69.470417 211.126389
37.951850 -71.331615 211.224773
38.677291 -73.192812 211.323157
39.402732 -75.054010 211.421541
40.128173 -76.915207 211.519925
40.853614 -78.776405 211.618309
41.579055 -80.637602 211.716693
42.304496 -82.498800 211.815077
43.029937 -84.359997 211.913460
43.755377 -86.221195 212.011844
44.480818 -88.082392 212.110228
45.206259 -89.943590 212.208612
45.931700 -91.804787 212.306996
46.657141 -93.665985 212.405380
47.382582 -95.527182 212.503764
48.108023 -97.388380 212.602148
48.833464 -99.249577 212.700532
49.558905 -101.110775 212.798916
50.284346 -102.971972 212.897299
51.009787 -104.833170 212.995683
51.735227 -106.694367 213.094067
52.460668 -108.555565 213.192451
53.186109 -110.416762 213.290835
53.911550 -112.277960 213.389219
54.636991 -114.139157 213.487603
55.362432 -116.000355 213.585987
56.087873 -117.861552 213.684371
56.813314 -119.722750 213.782755
57.538755 -121.583947 213.881138
58.264196 -123.445144 213.979522
58.989637 -125.306342 214.077906
59.715077 -127.167539 214.176290
60.440518 -129.028737 214.274674
61.165959 -130.889934 214.373058
61.891400 -132.751132 214.471442
62.616841 -134.612329 214.569826
63.342282 -136.473527 214.668210
64.067723 -138.334724 214.766594
64.793164 -140.195922 214.864977
65.518605 -142.057119 214.963361
66.244046 -143.918317 215.061745
66.969486 -145.779514 215.160129
67.694927 -147.640712 215.258513
68.420368 -149.501909 215.356897
69.145809 -151.363107 215.455281
69.871250 -153.224304 215.553665
70.596691 -155.085502 215.652049
71.322132 -156.946699 215.750433
72.047573 -158.807897 215.848816
72.773014 -160.669094 215.947200
73.498455 -162.530292 216.045584
74.223896 -164.391489 216.143968
74.949336 -166.252687 216.242352
75.674777 -168.113884 216.340736
76.400218 -169.975082 216.439120
77.125659 -171.836279 216.537504
77.851100 -173.697477 216.635888
78.576541 -175.558674 216.734272
79.301982 -177.419872 216.832655
80.027423 -179.281069 216.931039
80.752864 -181.142267 217.029423
81.478305 -183.003464 217.127807
301.261616 58.464173 193.455216
302.355501 58.085081 191.824356
303.449386 57.705989 190.193496
304.543272 57.326897 188.562636
305.637157 56.947805 186.931775
306.731042 56.568713 185.300915
307.824927 56.189621 183.670055
308.918812 55.810529 182.039195
310.012697 55.431437 180.408335
311.106583 55.052344 178.777475
312.200468 54.673252 177.146615
313.294353 54.294160 175.515755
314.388238 53.915068 173.884895
315.482123 53.535976 172.254035
316.576008 53.156884 170.623175
317.669894 52.777792 168.992315
318.763779 52.398700 167.361455
319.857664 52.019608 165.730595
320.951549 51.640516 164.099735
322.045434 51.261424 162.468875
323.139319 50.882332 160.838015
324.233204 50.503240 159.207155
325.327090 50.124148 157.576295
326.420975 49.745056 155.945435
327.514860 49.365964 154.314574
328.608745 48.986872 152.683714
329.702630 48.607780 151.052854
330.796515 48.228688 149.421994
331.890401 47.849596 147.791134
332.984286 47.470504 146.160274
334.078171 47.091412 144.529414
335.172056 46.712320 142.898554
336.265941 46.333228 141.267694
337.359826 45.954136 139.636834
338.453711 45.575044 138.005974
339.547597 45.195952 136.375114
340.641482 44.816860 134.744254
341.735367 44.437768 133.113394
342.829252 44.058676 131.482534
343.923137 43.679584 129.851674
345.017022 43.300492 128.220814
346.110908 42.921400 126.589954
347.204793 42.542308 124.959094
348.298678 42.163216 123.328234
349.392563 41.784124 121.697373
350.486448 41.405032 120.066513
351.580333 41.025940 118.435653
352.674218 40.646848 116.804793
353.768104 40.267755 115.173933
354.861989 39.888663 113.543073
355.955874 39.509571 111.912213
357.049759 39.130479 110.281353
358.143644 38.751387 108.650493
359.237529 38.372295 107.019633
360.331415 37.993203 105.388773
361.425300 37.614111 103.757913
362.519185 37.235019 102.127053
363.613070 36.855927 100.496193
364.706955 36.476835 98.865333
365.800840 36.097743 97.234473
366.894725 35.718651 95.603613
367.988611 35.339559 93.972753
369.082496 34.960467 92.341893
370.176381 34.581375 90.711032
371.270266 34.202283 89.080172
372.364151 33.823191 87.449312
373.458036 33.444099 85.818452
374.551922 33.065007 84.187592
375.645807 32.685915 82.556732
376.739692 32.306823 80.925872
350.589203 -91.325833 314.836364
349.664399 -89.552855 314.872231
348.739594 -87.779878 314.908097
347.814790 -86.006900 314.943964
346.889986 -84.233922 314.979830
345.965181 -82.460944 315.015697
345.040377 -80.687966 315.051564
344.115573 -78.914988 315.087430
343.190768 -77.142010 315.123297
342.265964 -75.369033 315.159163
341.341160 -73.596055 315.195030
340.416355 -71.823077 315.230896
339.491551 -70.050099 315.266763
338.566747 -68.277121 315.302629
337.641942 -66.504143 315.338496
336.717138 -64.731165 315.374363
335.792334 -62.958187 315.410229
334.867529 -61.185210 315.446096
333.942725 -59.412232 315.481962
333.017921 -57.639254 315.517829
332.093116 -55.866276 315.553695
331.168312 -54.093298 315.589562
330.243508 -52.320320 315.625428
329.318703 -50.547342 315.661295
328.393899 -48.774364 315.697162
327.469095 -47.001387 315.733028
326.544290 -45.228409 315.768895
325.619486 -43.455431 315.804761
324.694682 -41.682453 315.840628
323.769877 -39.909475 315.876494
322.845073 -38.136497 315.912361
321.920268 -36.363519 315.948227
320.995464 -34.590542 315.984094
320.070660 -32.817564 316.019961
319.145855 -31.044586 316.055827
318.221051 -29.271608 316.091694
317.296247 -27.498630 316.127560
316.371442 -25.725652 316.163427
315.446638 -23.952674 316.199293
314.521834 -22.179696 316.235160
313.597029 -20.406719 316.271026
312.672225 -18.633741 316.306893
311.747421 -16.860763 316.342760
310.822616 -15.087785 316.378626
309.897812 -13.314807 316.414493
308.973008 -11.541829 316.450359
308.048203 -9.768851 316.486226
307.123399 -7.995874 316.522092
306.198595 -6.222896 316.557959
305.273790 -4.449918 316.593825
304.348986 -2.676940 316.629692
303.424182 -0.903962 316.665558
302.499377 0.869016 316.701425
301.574573 2.641994 316.737292
300.649769 4.414972 316.773158
299.724964 6.187949 316.809025
298.800160 7.960927 316.844891
297.875356 9.733905 316.880758
296.950551 11.506883 316.916624
296.025747 13.279861 316.952491
295.100943 15.052839 316.988357
294.176138 16.825817 317.024224
293.251334 18.598794 317.060091
292.326530 20.371772 317.095957
291.401725 22.144750 317.131824
290.476921 23.917728 317.167690
289.552116 25.690706 317.203557
288.627312 27.463684 317.239423
287.702508 29.236662 317.275290
286.777703 31.009640 317.311156
-122.300110 122.708304 311.799525
-123.955957 122.912649 312.902436
-125.611804 123.116994 314.005347
-127.267651 123.321339 315.108258
-128.923499 123.525684 316.211170
-130.579346 123.730029 317.314081
-132.235193 123.934374 318.416992
-133.891040 124.138719 319.519903
-135.546887 124.343064 320.622814
-137.202735 124.547409 321.725726
-138.858582 124.751754 322.828637
-140.514429 124.956099 323.931548
-142.170276 125.160444 325.034459
-143.826123 125.364789 326.137370
-145.481971 125.569134 327.240282
-147.137818 125.773479 328.343193
-148.793665 125.977824 329.446104
-150.449512 126.182170 330.549015
-152.105360 126.386515 331.651926
-153.761207 126.590860 332.754838
-155.417054 126.795205 333.857749
-157.072901 126.999550 334.960660
-158.728748 127.203895 336.063571
-160.384596 127.408240 337.166482
-162.040443 127.612585 338.269394
-163.696290 127.816930 339.372305
-165.352137 128.021275 340.475216
-167.007984 128.225620 341.578127
-168.663832 128.429965 342.681038
-170.319679 128.634310 343.783950
-171.975526 128.838655 344.886861
-173.631373 129.043000 345.989772
-175.287221 129.247345 347.092683
-176.943068 129.451690 348.195595
-178.598915 129.656035 349.298506
-180.254762 129.860380 350.401417
-181.910609 130.064725 351.504328
-183.566457 130.269070 352.607239
-185.222304 130.473415 353.710151
-186.878151 130.677760 354.813062
-188.533998 130.882105 355.915973
-190.189845 131.086450 357.018884
-191.845693 131.290795 358.121795
-193.501540 131.495140 359.224707
-195.157387 131.699485 360.327618
-196.813234 131.903830 361.430529
-198.469081 132.108175 362.533440
-200.124929 132.312520 363.636351
-201.780776 132.516865 364.739263
-203.436623 132.721210 365.842174
-205.092470 132.925555 366.945085
-206.748318 133.129900 368.047996
-208.404165 133.334245 369.150907
-210.060012 133.538590 370.253819
-211.715859 133.742935 371.356730
-213.371706 133.947280 372.459641
-215.027554 134.151625 373.562552
-216.683401 134.355970 374.665463
-218.339248 134.560315 375.768375
-219.995095 134.764660 376.871286
-221.650942 134.969005 377.974197
-223.306790 135.173350 379.077108
-224.962637 135.377695 380.180019
-226.618484 135.582040 381.282931
-228.274331 135.786385 382.385842
-229.930179 135.990730 383.488753
-231.586026 136.195075 384.591664
-233.241873 136.399420 385.694575
-234.897720 136.603765 386.797487
-236.553567 136.808110 387.900398
84.311060 332.169820 -323.940303
85.583265 332.307434 -322.403241
86.855469 332.445047 -320.866179
88.127674 332.582660 -319.329118
89.399878 332.720274 -317.792056
90.672082 332.857887 -316.254994
91.944287 332.995500 -314.717933
93.216491 333.133113 -313.180871
94.488695 333.270727 -311.643809
95.760900 333.408340 -310.106748
97.033104 333.545953 -308.569686
98.305309 333.683567 -307.032624
99.577513 333.821180 -305.495563
100.849717 333.958793 -303.958501
102.121922 334.096406 -302.421439
103.394126 334.234020 -300.884378
104.666331 334.371633 -299.347316
105.938535 334.509246 -297.810254
107.210739 334.646860 -296.273193
108.482944 334.784473 -294.736131
109.755148 334.922086 -293.199069
111.027353 335.059699 -291.662008
112.299557 335.197313 -290.124946
113.571761 335.334926 -288.587884
114.843966 335.472539 -287.050823
116.116170 335.610153 -285.513761
117.388375 335.747766 -283.976699
118.660579 335.885379 -282.439638
119.932783 336.022992 -280.902576
121.204988 336.160606 -279.365514
122.477192 336.298219 -277.828453
123.749396 336.435832 -276.291391
125.021601 336.573446 -274.754329
126.293805 336.711059 -273.217268
127.566010 336.848672 -271.680206
128.838214 336.986285 -270.143144
130.110418 337.123899 -268.606083
131.382623 337.261512 -267.069021
132.654827 337.399125 -265.531959
133.927032 337.536739 -263.994898
135.199236 337.674352 -262.457836
136.471440 337.811965 -260.920774
137.743645 337.949578 -259.383713
139.015849 338.087192 -257.846651
140.288054 338.224805 -256.309589
141.560258 338.362418 -254.772528
142.832462 338.500032 -253.235466
144.104667 338.637645 -251.698404
145.376871 338.775258 -250.161343
146.649075 338.912871 -248.624281
147.921280 339.050485 -247.087219
149.193484 339.188098 -245.550158
150.465689 339.325711 -244.013096
151.737893 339.463325 -242.476034
153.010097 339.600938 -240.938973
154.282302 339.738551 -239.401911
155.554506 339.876164 -237.864849
156.826711 340.013778 -236.327788
158.098915 340.151391 -234.790726
159.371119 340.289004 -233.253664
160.643324 340.426618 -231.716603
161.915528 340.564231 -230.179541
163.187733 340.701844 -228.642479
164.459937 340.839457 -227.105418
165.732141 340.977071 -225.568356
167.004346 341.114684 -224.031294
168.276550 341.252297 -222.494233
169.548755 341.389911 -220.957171
170.820959 341.527524 -219.420109
172.093163 341.665137 -217.883048
-49.735642 -259.910926 2.298164
-50.565151 -259.034734 0.703108
-51.394660 -258.158542 -0.891948
-52.224169 -257.282350 -2.487003
-53.053678 -256.406158 -4.082059
-53.883187 -255.529966 -5.677114
-54.712696 -254.653774 -7.272170
-55.542205 -253.777582 -8.867226
-56.371714 -252.901390 -10.462281
-57.201223 -252.025198 -12.057337
-58.030732 -251.149006 -13.652393
-58.860241 -250.272814 -15.247448
-59.689750 -249.396622 -16.842504
-60.519259 -248.520430 -18.437559
-61.348768 -247.644238 -20.032615
-62.178277 -246.768046 -21.627671
-63.007786 -245.891854 -23.222726
-63.837295 -245.015662 -24.817782
-64.666804 -244.139470 -26.412838
-65.496313 -243.263278 -28.007893
-66.325822 -242.387086 -29.602949
-67.155331 -241.510894 -31.198004
-67.984840 -240.634702 -32.793060
-68.814349 -239.758510 -34.388116
-69.643858 -238.882318 -35.983171
-70.473367 -238.006126 -37.578227
-71.302876 -237.129934 -39.173283
-72.132385 -236.253742 -40.768338
-72.961894 -235.377550 -42.363394
-73.791403 -234.501358 -43.958449
-74.620912 -233.625166 -45.553505
-75.450421 -232.748974 -47.148561
-76.279930 -231.872782 -48.743616
-77.109439 -230.996590 -50.338672
-77.938948 -230.120398 -51.933728
-78.768457 -229.244206 -53.528783
-79.597966 -228.368014 -55.123839
-80.427475 -227.491822 -56.718894
-81.256984 -226.615630 -58.313950
-82.086493 -225.739438 -59.909006
-82.916002 -224.863246 -61.504061
-83.745511 -223.987054 -63.099117
-84.575020 -223.110862 -64.694173
-85.404529 -222.234670 -66.289228
-86.234038 -221.358478 -67.884284
-87.063547 -220.482286 -69.479339
-87.893056 -219.606094 -71.074395
-88.722565 -218.729902 -72.669451
-89.552074 -217.853710 -74.264506
-90.381583 -216.977518 -75.859562
-91.211092 -216.101327 -77.454618
-92.040600 -215.225135 -79.049673
-92.870109 -214.348943 -80.644729
-93.699618 -213.472751 -82.239784
-94.529127 -212.596559 -83.834840
-95.358636 -211.720367 -85.429896
-96.188145 -210.844175 -87.024951
-97.017654 -209.967983 -88.620007
-97.847163 -209.091791 -90.215063
-98.676672 -208.215599 -91.810118
-99.506181 -207.339407 -93.405174
-100.335690 -206.463215 -95.000229
-101.165199 -205.587023 -96.595285
-101.994708 -204.710831 -98.190341
-102.824217 -203.834639 -99.785396
-103.653726 -202.958447 -101.380452
-104.483235 -202.082255 -102.975508
-105.312744 -201.206063 -104.570563
-106.142253 -200.329871 -106.165619
-106.971762 -199.453679 -107.760674
-323.638946 -322.555783 80.306028
-322.324736 -322.742325 78.810015
-321.010526 -322.928868 77.314003
-319.696315 -323.115410 75.817990
-318.382105 -323.301952 74.321977
-317.067895 -323.488495 72.825965
-315.753685 -323.675037 71.329952
-314.439475 -323.861580 69.833939
-313.125265 -324.048122 68.337927
-311.811055 -324.234664 66.841914
-310.496845 -324.421207 65.345902
-309.182635 -324.607749 63.849889
-307.868425 -324.794291 62.353876
-306.554215 -324.980834 60.857864
-305.240005 -325.167376 59.361851
-303.925795 -325.353918 57.865838
-302.611585 -325.540461 56.369826
-301.297375 -325.727003 54.873813
-299.983164 -325.913545 53.377800
-298.668954 -326.100088 51.881788
-297.354744 -326.286630 50.385775
-296.040534 -326.473172 48.889762
-294.726324 -326.659715 47.393750
-293.412114 -326.846257 45.897737
-292.097904 -327.032799 44.401724
-290.783694 -327.219342 42.905712
-289.469484 -327.405884 41.409699
-288.155274 -327.592426 39.913686
-286.841064 -327.778969 38.417674
-285.526854 -327.965511 36.921661
-284.212644 -328.152053 35.425648
-282.898434 -328.338596 33.929636
-281.584224 -328.525138 32.433623
-280.270014 -328.711680 30.937610
-278.955803 -328.898223 29.441598
-277.641593 -329.084765 27.945585
-276.327383 -329.271307 26.449572
-275.013173 -329.457850 24.953560
-273.698963 -329.644392 23.457547
-272.384753 -329.830935 21.961535
-271.070543 -330.017477 20.465522
-269.756333 -330.204019 18.969509
-268.442123 -330.390562 17.473497
-267.127913 -330.577104 15.977484
-265.813703 -330.763646 14.481471
-264.499493 -330.950189 12.985459
-263.185283 -331.136731 11.489446
-261.871073 -331.323273 9.993433
-260.556863 -331.509816 8.497421
-259.242652 -331.696358 7.001408
-257.928442 -331.882900 5.505395
-256.614232 -332.069443 4.009383
-255.300022 -332.255985 2.513370
-253.985812 -332.442527 1.017357
-252.671602 -332.629070 -0.478655
-251.357392 -332.815612 -1.974668
-250.043182 -333.002154 -3.470681
-248.728972 -333.188697 -4.966693
-247.414762 -333.375239 -6.462706
-246.100552 -333.561781 -7.958719
-244.786342 -333.748324 -9.454731
-243.472132 -333.934866 -10.950744
-242.157922 -334.121408 -12.446757
-240.843712 -334.307951 -13.942769
-239.529502 -334.494493 -15.438782
-238.215291 -334.681035 -16.934794
-236.901081 -334.867578 -18.430807
-235.586871 -335.054120 -19.926820
-234.272661 -335.240662 -21.422832
-232.958451 -335.427205 -22.918845
-173.704307 -267.099556 -225.009883
-171.801375 -267.214292 -224.405161
-169.898444 -267.329027 -223.800439
-167.995513 -267.443762 -223.195717
-166.092582 -267.558498 -222.590995
-164.189651 -267.673233 -221.986273
-162.286719 -267.787969 -221.381552
-160.383788 -267.902704 -220.776830
-158.480857 -268.017440 -220.172108
-156.577926 -268.132175 -219.567386
-154.674995 -268.246911 -218.962664
-152.772063 -268.361646 -218.357942
-150.869132 -268.476382 -217.753220
-148.966201 -268.591117 -217.148498
-147.063270 -268.705853 -216.543776
-145.160339 -268.820588 -215.939054
-143.257408 -268.935324 -215.334332
-141.354476 -269.050059 -214.729610
-139.451545 -269.164795 -214.124888
-137.548614 -269.279530 -213.520166
-135.645683 -269.394266 -212.915444
-133.742752 -269.509001 -212.310722
-131.839820 -269.623737 -211.706000
-129.936889 -269.738472 -211.101278
-128.033958 -269.853208 -210.496557
-126.131027 -269.967943 -209.891835
-124.228096 -270.082679 -209.287113
-122.325164 -270.197414 -208.682391
-120.422233 -270.312150 -208.077669
-118.519302 -270.426885 -207.472947
-116.616371 -270.541621 -206.868225
-114.713440 -270.656356 -206.263503
-112.810508 -270.771092 -205.658781
-110.907577 -270.885827 -205.054059
-109.004646 -271.000562 -204.449337
-107.101715 -271.115298 -203.844615
-105.198784 -271.230033 -203.239893
-103.295852 -271.344769 -202.635171
-101.392921 -271.459504 -202.030449
-99.489990 -271.574240 -201.425727
-97.587059 -271.688975 -200.821005
-95.684128 -271.803711 -200.216283
-93.781196 -271.918446 -199.611562
-91.878265 -272.033182 -199.006840
-89.975334 -272.147917 -198.402118
-88.072403 -272.262653 -197.797396
-86.169472 -272.377388 -197.192674
-84.266540 -272.492124 -196.587952
-82.363609 -272.606859 -195.983230
-80.460678 -272.721595 -195.378508
-78.557747 -272.836330 -194.773786
-76.654816 -272.951066 -194.169064
-74.751884 -273.065801 -193.564342
-72.848953 -273.180537 -192.959620
-70.946022 -273.295272 -192.354898
-69.043091 -273.410008 -191.750176
-67.140160 -273.524743 -191.145454
-65.237228 -273.639479 -190.540732
-63.334297 -273.754214 -189.936010
-61.431366 -273.868950 -189.331288
-59.528435 -273.983685 -188.726567
-57.625504 -274.098421 -188.121845
-55.722572 -274.213156 -187.517123
-53.819641 -274.327891 -186.912401
-51.916710 -274.442627 -186.307679
-50.013779 -274.557362 -185.702957
-48.110848 -274.672098 -185.098235
-46.207916 -274.786833 -184.493513
-44.304985 -274.901569 -183.888791
-42.402054 -275.016304 -183.284069
-238.771728 -242.884307 170.462969
-237.959057 -243.540439 168.757373
-237.146386 -244.196571 167.051778
-236.333715 -244.852702 165.346182
-235.521044 -245.508834 163.640586
-234.708373 -246.164966 161.934990
-233.895703 -246.821098 160.229394
-233.083032 -247.477229 158.523798
-232.270361 -248.133361 156.818203
-231.457690 -248.789493 155.112607
-230.645019 -249.445625 153.407011
-229.832348 -250.101757 151.701415
-229.019677 -250.757888 149.995819
-228.207007 -251.414020 148.290223
-227.394336 -252.070152 146.584627
-226.581665 -252.726284 144.879032
-225.768994 -253.382415 143.173436
-224.956323 -254.038547 141.467840
-224.143652 -254.694679 139.762244
-223.330981 -255.350811 138.056648
-222.518311 -256.006943 136.351052
-221.705640 -256.663074 134.645457
-220.892969 -257.319206 132.939861
-220.080298 -257.975338 131.234265
-219.267627 -258.631470 129.528669
-218.454956 -259.287601 127.823073
-217.642285 -259.943733 126.117477
-216.829614 -260.599865 124.411882
-216.016944 -261.255997 122.706286
-215.204273 -261.912129 121.000690
-214.391602 -262.568260 119.295094
-213.578931 -263.224392 117.589498
-212.766260 -263.880524 115.883902
-211.953589 -264.536656 114.178307
-211.140918 -265.192787 112.472711
-210.328248 -265.848919 110.767115
-209.515577 -266.505051 109.061519
-208.702906 -267.161183 107.355923
-207.890235 -267.817314 105.650327
-207.077564 -268.473446 103.944732
-206.264893 -269.129578 102.239136
-205.452222 -269.785710 100.533540
-204.639552 -270.441842 98.827944
-203.826881 -271.097973 97.122348
-203.014210 -271.754105 95.416752
-202.201539 -272.410237 93.711157
-201.388868 -273.066369 92.005561
-200.576197 -273.722500 90.299965
-199.763526 -274.378632 88.594369
-198.950855 -275.034764 86.888773
-198.138185 -275.690896 85.183177
-197.325514 -276.347028 83.477581
-196.512843 -277.003159 81.771986
-195.700172 -277.659291 80.066390
-194.887501 -278.315423 78.360794
-194.074830 -278.971555 76.655198
-193.262159 -279.627686 74.949602
-192.449489 -280.283818 73.244006
-191.636818 -280.939950 71.538411
-190.824147 -281.596082 69.832815
-190.011476 -282.252213 68.127219
-189.198805 -282.908345 66.421623
-188.386134 -283.564477 64.716027
-187.573463 -284.220609 63.010431
-186.760793 -284.876741 61.304836
-185.948122 -285.532872 59.599240
-185.135451 -286.189004 57.893644
-184.322780 -286.845136 56.188048
-183.510109 -287.501268 54.482452
-182.697438 -288.157399 52.776856
125.287788 211.844437 184.298751
126.326729 213.486306 183.824547
127.365670 215.128174 183.350343
128.404610 216.770043 182.876139
129.443551 218.411912 182.401935
130.482492 220.053780 181.927731
131.521432 221.695649 181.453527
132.560373 223.337518 180.979323
133.599314 224.979386 180.505118
134.638255 226.621255 180.030914
135.677195 228.263124 179.556710
136.716136 229.904992 179.082506
137.755077 231.546861 178.608302
138.794018 233.188729 178.134098
139.832958 234.830598 177.659894
140.871899 236.472467 177.185689
141.910840 238.114335 176.711485
142.949781 239.756204 176.237281
143.988721 241.398073 175.763077
145.027662 243.039941 175.288873
146.066603 244.681810 174.814669
147.105543 246.323678 174.340465
148.144484 247.965547 173.866261
149.183425 249.607416 173.392056
150.222366 251.249284 172.917852
151.261306 252.891153 172.443648
152.300247 254.533022 171.969444
153.339188 256.174890 171.495240
154.378129 257.816759 171.021036
155.417069 259.458628 170.546832
156.456010 261.100496 170.072628
157.494951 262.742365 169.598423
158.533892 264.384233 169.124219
159.572832 266.026102 168.650015
160.611773 267.667971 168.175811
161.650714 269.309839 167.701607
162.689654 270.951708 167.227403
163.728595 272.593577 166.753199
164.767536 274.235445 166.278995
165.806477 275.877314 165.804790
166.845417 277.519182 165.330586
167.884358 279.161051 164.856382
168.923299 280.802920 164.382178
169.962240 282.444788 163.907974
171.001180 284.086657 163.433770
172.040121 285.728526 162.959566
173.079062 287.370394 162.485362
174.118003 289.012263 162.011157
175.156943 290.654131 161.536953
176.195884 292.296000 161.062749
177.234825 293.937869 160.588545
178.273765 295.579737 160.114341
179.312706 297.221606 159.640137
180.351647 298.863475 159.165933
181.390588 300.505343 158.691729
182.429528 302.147212 158.217524
183.468469 303.789081 157.743320
184.507410 305.430949 157.269116
185.546351 307.072818 156.794912
186.585291 308.714686 156.320708
187.624232 310.356555 155.846504
188.663173 311.998424 155.372300
189.702114 313.640292 154.898096
190.741054 315.282161 154.423891
191.779995 316.924030 153.949687
192.818936 318.565898 153.475483
193.857877 320.207767 153.001279
194.896817 321.849635 152.527075
195.935758 323.491504 152.052871
196.974699 325.133373 151.578667
345.779374 -34.992006 241.039277
344.279786 -33.824147 241.661644
342.780198 -32.656288 242.284012
341.280610 -31.488429 242.906379
339.781023 -30.320570 243.528747
338.281435 -29.152711 244.151114
336.781847 -27.984852 244.773482
335.282259 -26.816993 245.395850
333.782671 -25.649134 246.018217
332.283083 -24.481275 246.640585
330.783495 -23.313416 247.262952
329.283907 -22.145556 247.885320
327.784319 -20.977697 248.507687
326.284732 -19.809838 249.130055
324.785144 -18.641979 249.752422
323.285556 -17.474120 250.374790
321.785968 -16.306261 250.997157
320.286380 -15.138402 251.619525
318.786792 -13.970543 252.241892
317.287204 -12.802684 252.864260
315.787616 -11.634825 253.486627
314.288028 -10.466966 254.108995
312.788440 -9.299107 254.731362
311.288853 -8.131248 255.353730
309.789265 -6.963389 255.976098
308.289677 -5.795530 256.598465
306.790089 -4.627670 257.220833
305.290501 -3.459811 257.843200
303.790913 -2.291952 258.465568
302.291325 -1.124093 259.087935
300.791737 0.043766 259.710303
299.292149 1.211625 260.332670
297.792561 2.379484 260.955038
296.292974 3.547343 261.577405
294.793386 4.715202 262.199773
293.293798 5.883061 262.822140
291.794210 7.050920 263.444508
290.294622 8.218779 264.066875
288.795034 9.386638 264.689243
287.295446 10.554497 265.311610
285.795858 11.722356 265.933978
284.296270 12.890216 266.556345
282.796682 14.058075 267.178713
281.297095 15.225934 267.801081
279.797507 16.393793 268.423448
278.297919 17.561652 269.045816
276.798331 18.729511 269.668183
275.298743 19.897370 270.290551
273.799155 21.065229 270.912918
272.299567 22.233088 271.535286
270.799979 23.400947 272.157653
269.300391 24.568806 272.780021
267.800804 25.736665 273.402388
266.301216 26.904524 274.024756
264.801628 28.072383 274.647123
263.302040 29.240242 275.269491
261.802452 30.408102 275.891858
260.302864 31.575961 276.514226
258.803276 32.743820 277.136593
257.303688 33.911679 277.758961
255.804100 35.079538 278.381328
254.304512 36.247397 279.003696
252.804925 37.415256 279.626064
251.305337 38.583115 280.248431
249.805749 39.750974 280.870799
248.306161 40.918833 281.493166
246.806573 42.086692 282.115534
245.306985 43.254551 282.737901
243.807397 44.422410 283.360269
242.307809 45.590269 283.982636
-58.363892 359.886531 326.444630
-60.053085 359.782801 327.510401
-61.742278 359.679071 328.576172
-63.431471 359.575341 329.641943
-65.120663 359.471611 330.707714
-66.809856 359.367881 331.773485
-68.499049 359.264150 332.839256
-70.188242 359.160420 333.905027
-71.877435 359.056690 334.970797
-73.566627 358.952960 336.036568
-75.255820 358.849230 337.102339
-76.945013 358.745500 338.168110
-78.634206 358.641770 339.233881
-80.323399 358.538040 340.299652
-82.012591 358.434309 341.365423
-83.701784 358.330579 342.431194
-85.390977 358.226849 343.496965
-87.080170 358.123119 344.562736
-88.769363 358.019389 345.628507
-90.458556 357.915659 346.694278
-92.147748 357.811929 347.760049
-93.836941 357.708199 348.825820
-95.526134 357.604468 349.891591
-97.215327 357.500738 350.957362
-98.904520 357.397008 352.023133
-100.593712 357.293278 353.088904
-102.282905 357.189548 354.154674
-103.972098 357.085818 355.220445
-105.661291 356.982088 356.286216
-107.350484 356.878357 357.351987
-109.039676 356.774627 358.417758
-110.728869 356.670897 359.483529
-112.418062 356.567167 360.549300
-114.107255 356.463437 361.615071
-115.796448 356.359707 362.680842
-117.485641 356.255977 363.746613
-119.174833 356.152247 364.812384
-120.864026 356.048516 365.878155
-122.553219 355.944786 366.943926
-124.242412 355.841056 368.009697
-125.931605 355.737326 369.075468
-127.620797 355.633596 370.141239
-129.309990 355.529866 371.207010
-130.999183 355.426136 372.272780
-132.688376 355.322406 373.338551
-134.377569 355.218675 374.404322
-136.066761 355.114945 375.470093
-137.755954 355.011215 376.535864
-139.445147 354.907485 377.601635
-141.134340 354.803755 378.667406
-142.823533 354.700025 379.733177
-144.512726 354.596295 380.798948
-146.201918 354.492564 381.864719
-147.891111 354.388834 382.930490
-149.580304 354.285104 383.996261
-151.269497 354.181374 385.062032
-152.958690 354.077644 386.127803
-154.647882 353.973914 387.193574
-156.337075 353.870184 388.259345
-158.026268 353.766454 389.325116
-159.715461 353.662723 390.390887
-161.404654 353.558993 391.456657
-163.093846 353.455263 392.522428
-164.783039 353.351533 393.588199
-166.472232 353.247803 394.653970
-168.161425 353.144073 395.719741
-169.850618 353.040343 396.785512
-171.539811 352.936613 397.851283
-173.229003 352.832882 398.917054
-174.918196 352.729152 399.982825
55.786185 82.005985 -229.642802
55.600239 83.119729 -227.992045
55.414293 84.233473 -226.341288
55.228347 85.347217 -224.690531
55.042401 86.460960 -223.039774
54.856455 87.574704 -221.389017
54.670509 88.688448 -219.738260
54.484563 89.802192 -218.087502
54.298617 90.915935 -216.436745
54.112671 92.029679 -214.785988
53.926725 93.143423 -213.135231
53.740779 94.257167 -211.484474
53.554833 95.370910 -209.833717
53.368888 96.484654 -208.182960
53.182942 97.598398 -206.532203
52.996996 98.712142 -204.881446
52.811050 99.825885 -203.230689
52.625104 100.939629 -201.579932
52.439158 102.053373 -199.929175
52.253212 103.167117 -198.278417
52.067266 104.280860 -196.627660
51.881320 105.394604 -194.976903
51.695374 106.508348 -193.326146
51.509428 107.622092 -191.675389
51.323482 108.735835 -190.024632
51.137536 109.849579 -188.373875
50.951590 110.963323 -186.723118
50.765644 112.077067 -185.072361
50.579698 113.190811 -183.421604
50.393753 114.304554 -181.770847
50.207807 115.418298 -180.120090
50.021861 116.532042 -178.469332
49.835915 117.645786 -176.818575
49.649969 118.759529 -175.167818
49.464023 119.873273 -173.517061
49.278077 120.987017 -171.866304
49.092131 122.100761 -170.215547
48.906185 123.214504 -168.564790
48.720239 124.328248 -166.914033
48.534293 125.441992 -165.263276
48.348347 126.555736 -163.612519
48.162401 127.669479 -161.961762
47.976455 128.783223 -160.311005
47.790509 129.896967 -158.660247
47.604563 131.010711 -157.009490
47.418618 132.124454 -155.358733
47.232672 133.238198 -153.707976
47.046726 134.351942 -152.057219
46.860780 135.465686 -150.406462
46.674834 136.579429 -148.755705
46.488888 137.693173 -147.104948
46.302942 138.806917 -145.454191
46.116996 139.920661 -143.803434
45.931050 141.034404 -142.152677
45.745104 142.148148 -140.501920
45.559158 143.261892 -138.851162
45.373212 144.375636 -137.200405
45.187266 145.489380 -135.549648
45.001320 146.603123 -133.898891
44.815374 147.716867 -132.248134
44.629429 148.830611 -130.597377
44.443483 149.944355 -128.946620
44.257537 151.058098 -127.295863
44.071591 152.171842 -125.645106
43.885645 153.285586 -123.994349
43.699699 154.399330 -122.343592
43.513753 155.513073 -120.692835
43.327807 156.626817 -119.042077
43.141861 157.740561 -117.391320
42.955915 158.854305 -115.740563
336.048268 189.020348 206.086820
334.513269 189.326206 204.841737
332.978271 189.632064 203.596654
331.443273 189.937922 202.351572
329.908274 190.243780 201.106489
328.373276 190.549638 199.861406
326.838278 190.855496 198.616323
325.303279 191.161354 197.371241
323.768281 191.467212 196.126158
322.233283 191.773070 194.881075
320.698284 192.078928 193.635993
319.163286 192.384786 192.390910
317.628288 192.690644 191.145827
316.093289 192.996501 189.900744
314.558291 193.302359 188.655662
313.023293 193.608217 187.410579
311.488294 193.914075 186.165496
309.953296 194.219933 184.920413
308.418298 194.525791 183.675331
306.883299 194.831649 182.430248
305.348301 195.137507 181.185165
303.813303 195.443365 179.940083
302.278304 195.749223 178.695000
300.743306 196.055081 177.449917
299.208307 196.360939 176.204834
297.673309 196.666797 174.959752
296.138311 196.972655 173.714669
294.603312 197.278513 172.469586
293.068314 197.584371 171.224504
291.533316 197.890229 169.979421
289.998317 198.196087 168.734338
288.463319 198.501945 167.489255
286.928321 198.807803 166.244173
285.393322 199.113661 164.999090
283.858324 199.419519 163.754007
282.323326 199.725377 162.508925
280.788327 200.031235 161.263842
279.253329 200.337093 160.018759
277.718331 200.642951 158.773676
276.183332 200.948809 157.528594
274.648334 201.254667 156.283511
273.113336 201.560525 155.038428
271.578337 201.866383 153.793346
270.043339 202.172241 152.548263
268.508341 202.478099 151.303180
266.973342 202.783957 150.058097
265.438344 203.089815 148.813015
263.903346 203.395673 147.567932
262.368347 203.701531 146.322849
260.833349 204.007389 145.077767
259.298350 204.313247 143.832684
257.763352 204.619105 142.587601
256.228354 204.924963 141.342518
254.693355 205.230821 140.097436
253.158357 205.536679 138.852353
251.623359 205.842537 137.607270
250.088360 206.148395 136.362187
248.553362 206.454253 135.117105
247.018364 206.760111 133.872022
245.483365 207.065969 132.626939
243.948367 207.371827 131.381857
242.413369 207.677685 130.136774
240.878370 207.983543 128.891691
239.343372 208.289401 127.646608
237.808374 208.595259 126.401526
236.273375 208.901117 125.156443
234.738377 209.206975 123.911360
233.203379 209.512833 122.666278
231.668380 209.818691 121.421195
230.133382 210.124549 120.176112
98.224274 86.015374 52.156374
96.526044 85.057413 52.601714
94.827815 84.099452 53.047054
93.129585 83.141491 53.492394
91.431356 82.183530 53.937734
89.733127 81.225569 54.383074
88.034897 80.267608 54.828414
86.336668 79.309647 55.273754
84.638438 78.351686 55.719094
82.940209 77.393726 56.164434
81.241979 76.435765 56.609774
79.543750 75.477804 57.055114
77.845520 74.519843 57.500454
76.147291 73.561882 57.945793
74.449062 72.603921 58.391133
72.750832 71.645960 58.836473
71.052603 70.687999 59.281813
69.354373 69.730038 59.727153
67.656144 68.772077 60.172493
65.957914 67.814116 60.617833
64.259685 66.856156 61.063173
62.561455 65.898195 61.508513
60.863226 64.940234 61.953853
59.164997 63.982273 62.399193
57.466767 63.024312 62.844533
55.768538 62.066351 63.289873
54.070308 61.108390 63.735213
52.372079 60.150429 64.180552
50.673849 59.192468 64.625892
48.975620 58.234507 65.071232
47.277390 57.276546 65.516572
45.579161 56.318585 65.961912
43.880932 55.360625 66.407252
42.182702 54.402664 66.852592
40.484473 53.444703 67.297932
38.786243 52.486742 67.743272
37.088014 51.528781 68.188612
35.389784 50.570820 68.633952
33.691555 49.612859 69.079292
31.993326 48.654898 69.524632
30.295096 47.696937 69.969972
28.596867 46.738976 70.415311
26.898637 45.781015 70.860651
25.200408 44.823054 71.305991
23.502178 43.865094 71.751331
21.803949 42.907133 72.196671
20.105719 41.949172 72.642011
18.407490 40.991211 73.087351
16.709261 40.033250 73.532691
15.011031 39.075289 73.978031
13.312802 38.117328 74.423371
11.614572 37.159367 74.868711
9.916343 36.201406 75.314051
8.218113 35.243445 75.759391
6.519884 34.285484 76.204730
4.821654 33.327524 76.650070
3.123425 32.369563 77.095410
1.425196 31.411602 77.540750
-0.273034 30.453641 77.986090
-1.971263 29.495680 78.431430
-3.669493 28.537719 78.876770
-5.367722 27.579758 79.322110
-7.065952 26.621797 79.767450
-8.764181 25.663836 80.212790
-10.462411 24.705875 80.658130
-12.160640 23.747914 81.103470
-13.858869 22.789953 81.548810
-15.557099 21.831993 81.994150
-17.255328 20.874032 82.439489
-18.953558 19.916071 82.884829
306.875485 -61.697175 -169.239106
306.565114 -62.247580 -171.136664
306.254742 -62.797985 -173.034221
305.944371 -63.348391 -174.931778
305.634000 -63.898796 -176.829336
305.323629 -64.449202 -178.726893
305.013258 -64.999607 -180.624450
304.702887 -65.550012 -182.522007
304.392516 -66.100418 -184.419565
304.082145 -66.650823 -186.317122
303.771774 -67.201229 -188.214679
303.461403 -67.751634 -190.112237
303.151031 -68.302039 -192.009794
302.840660 -68.852445 -193.907351
302.530289 -69.402850 -195.804908
302.219918 -69.953256 -197.702466
301.909547 -70.503661 -199.600023
301.599176 -71.054066 -201.497580
301.288805 -71.604472 -203.395138
300.978434 -72.154877 -205.292695
300.668063 -72.705283 -207.190252
300.357692 -73.255688 -209.087809
300.047320 -73.806093 -210.985367
299.736949 -74.356499 -212.882924
299.426578 -74.906904 -214.780481
299.116207 -75.457310 -216.678039
298.805836 -76.007715 -218.575596
298.495465 -76.558120 -220.473153
298.185094 -77.108526 -222.370711
297.874723 -77.658931 -224.268268
297.564352 -78.209337 -226.165825
297.253981 -78.759742 -228.063382
296.943609 -79.310147 -229.960940
296.633238 -79.860553 -231.858497
296.322867 -80.410958 -233.756054
296.012496 -80.961364 -235.653612
295.702125 -81.511769 -237.551169
295.391754 -82.062174 -239.448726
295.081383 -82.612580 -241.346283
294.771012 -83.162985 -243.243841
294.460641 -83.713391 -245.141398
294.150270 -84.263796 -247.038955
293.839898 -84.814201 -248.936513
293.529527 -85.364607 -250.834070
293.219156 -85.915012 -252.731627
292.908785 -86.465418 -254.629184
292.598414 -87.015823 -256.526742
292.288043 -87.566228 -258.424299
291.977672 -88.116634 -260.321856
291.667301 -88.667039 -262.219414
291.356930 -89.217445 -264.116971
291.046559 -89.767850 -266.014528
290.736187 -90.318255 -267.912086
290.425816 -90.868661 -269.809643
290.115445 -91.419066 -271.707200
289.805074 -91.969472 -273.604757
289.494703 -92.519877 -275.502315
289.184332 -93.070282 -277.399872
288.873961 -93.620688 -279.297429
288.563590 -94.171093 -281.194987
288.253219 -94.721499 -283.092544
287.942848 -95.271904 -284.990101
287.632476 -95.822309 -286.887658
287.322105 -96.372715 -288.785216
287.011734 -96.923120 -290.682773
286.701363 -97.473525 -292.580330
286.390992 -98.023931 -294.477888
286.080621 -98.574336 -296.375445
285.770250 -99.124742 -298.273002
285.459879 -99.675147 -300.170560
280.886669 -202.060639 80.730697
281.646178 -200.622976 79.566107
282.405687 -199.185312 78.401517
283.165195 -197.747648 77.236927
283.924704 -196.309984 76.072337
284.684212 -194.872321 74.907747
285.443721 -193.434657 73.743157
286.203230 -191.996993 72.578567
286.962738 -190.559329 71.413977
287.722247 -189.121666 70.249387
288.481755 -187.684002 69.084797
289.241264 -186.246338 67.920208
290.000773 -184.808675 66.755618
290.760281 -183.371011 65.591028
291.519790 -181.933347 64.426438
292.279299 -180.495683 63.261848
293.038807 -179.058020 62.097258
293.798316 -177.620356 60.932668
294.557824 -176.182692 59.768078
295.317333 -174.745028 58.603488
296.076842 -173.307365 57.438898
296.836350 -171.869701 56.274308
297.595859 -170.432037 55.109718
298.355367 -168.994374 53.945129
299.114876 -167.556710 52.780539
299.874385 -166.119046 51.615949
300.633893 -164.681382 50.451359
301.393402 -163.243719 49.286769
302.152911 -161.806055 48.122179
302.912419 -160.368391 46.957589
303.671928 -158.930727 45.792999
304.431436 -157.493064 44.628409
305.190945 -156.055400 43.463819
305.950454 -154.617736 42.299229
306.709962 -153.180073 41.134639
307.469471 -151.742409 39.970050
308.228979 -150.304745 38.805460
308.988488 -148.867081 37.640870
309.747997 -147.429418 36.476280
310.507505 -145.991754 35.311690
311.267014 -144.554090 34.147100
312.026523 -143.116426 32.982510
312.786031 -141.678763 31.817920
313.545540 -140.241099 30.653330
314.305048 -138.803435 29.488740
315.064557 -137.365772 28.324150
315.824066 -135.928108 27.159560
316.583574 -134.490444 25.994971
317.343083 -133.052780 24.830381
318.102591 -131.615117 23.665791
318.862100 -130.177453 22.501201
319.621609 -128.739789 21.336611
320.381117 -127.302125 20.172021
321.140626 -125.864462 19.007431
321.900135 -124.426798 17.842841
322.659643 -122.989134 16.678251
323.419152 -121.551471 15.513661
324.178660 -120.113807 14.349071
324.938169 -118.676143 13.184482
325.697678 -117.238479 12.019892
326.457186 -115.800816 10.855302
327.216695 -114.363152 9.690712
327.976203 -112.925488 8.526122
328.735712 -111.487824 7.361532
329.495221 -110.050161 6.196942
330.254729 -108.612497 5.032352
331.014238 -107.174833 3.867762
331.773747 -105.737170 2.703172
332.533255 -104.299506 1.538582
333.292764 -102.861842 0.373992
392.250345 210.576255 338.118133
390.295504 210.393902 337.736893
388.340663 210.211549 337.355653
386.385822 210.029196 336.974413
384.430981 209.846843 336.593173
382.476140 209.664490 336.211932
380.521299 209.482137 335.830692
378.566458 209.299784 335.449452
376.611617 209.117431 335.068212
374.656776 208.935078 334.686971
372.701935 208.752724 334.305731
370.747094 208.570371 333.924491
368.792253 208.388018 333.543251
366.837412 208.205665 333.162011
364.882571 208.023312 332.780770
362.927730 207.840959 332.399530
360.972889 207.658606 332.018290
359.018048 207.476253 331.637050
357.063207 207.293900 331.255810
355.108366 207.111547 330.874569
353.153525 206.929194 330.493329
351.198684 206.746841 330.112089
349.243844 206.564488 329.730849
347.289003 206.382135 329.349608
345.334162 206.199782 328.968368
343.379321 206.017429 328.587128
341.424480 205.835076 328.205888
339.469639 205.652722 327.824648
337.514798 205.470369 327.443407
335.559957 205.288016 327.062167
333.605116 205.105663 326.680927
331.650275 204.923310 326.299687
329.695434 204.740957 325.918447
327.740593 204.558604 325.537206
325.785752 204.376251 325.155966
323.830911 204.193898 324.774726
321.876070 204.011545 324.393486
319.921229 203.829192 324.012245
317.966388 203.646839 323.631005
316.011547 203.464486 323.249765
314.056706 203.282133 322.868525
312.101865 203.099780 322.487285
310.147024 202.917427 322.106044
308.192183 202.735073 321.724804
306.237342 202.552720 321.343564
304.282501 202.370367 320.962324
302.327660 202.188014 320.581084
300.372819 202.005661 320.199843
298.417978 201.823308 319.818603
296.463137 201.640955 319.437363
294.508296 201.458602 319.056123
292.553455 201.276249 318.674882
290.598614 201.093896 318.293642
288.643773 200.911543 317.912402
286.688932 200.729190 317.531162
284.734091 200.546837 317.149922
282.779250 200.364484 316.768681
280.824409 200.182131 316.387441
278.869568 199.999778 316.006201
276.914727 199.817424 315.624961
274.959886 199.635071 315.243721
273.005045 199.452718 314.862480
271.050204 199.270365 314.481240
269.095363 199.088012 314.100000
267.140522 198.905659 313.718760
265.185681 198.723306 313.337519
263.230840 198.540953 312.956279
261.275999 198.358600 312.575039
259.321158 198.176247 312.193799
257.366317 197.993894 311.812559
142.328371 -181.155226 -57.695024
141.814836 -179.222511 -57.665113
141.301301 -177.289796 -57.635202
140.787765 -175.357081 -57.605291
140.274230 -173.424366 -57.575379
139.760695 -171.491651 -57.545468
139.247160 -169.558936 -57.515557
138.733625 -167.626222 -57.485646
138.220089 -165.693507 -57.455734
137.706554 -163.760792 -57.425823
137.193019 -161.828077 -57.395912
136.679484 -159.895362 -57.366001
136.165949 -157.962647 -57.336090
135.652413 -156.029932 -57.306178
135.138878 -154.097217 -57.276267
134.625343 -152.164502 -57.246356
134.111808 -150.231787 -57.216445
133.598273 -148.299072 -57.186534
133.084737 -146.366358 -57.156622
132.571202 -144.433643 -57.126711
132.057667 -142.500928 -57.096800
131.544132 -140.568213 -57.066889
131.030597 -138.635498 -57.036978
130.517061 -136.702783 -57.007066
130.003526 -134.770068 -56.977155
129.489991 -132.837353 -56.947244
128.976456 -130.904638 -56.917333
128.462921 -128.971923 -56.887421
127.949386 -127.039208 -56.857510
127.435850 -125.106494 -56.827599
126.922315 -123.173779 -56.797688
126.408780 -121.241064 -56.767777
125.895245 -119.308349 -56.737865
125.381710 -117.375634 -56.707954
124.868174 -115.442919 -56.678043
124.354639 -113.510204 -56.648132
123.841104 -111.577489 -56.618221
123.327569 -109.644774 -56.588309
122.814034 -107.712059 -56.558398
122.300498 -105.779344 -56.528487
121.786963 -103.846629 -56.498576
121.273428 -101.913915 -56.468664
120.759893 -99.981200 -56.438753
120.246358 -98.048485 -56.408842
119.732822 -96.115770 -56.378931
119.219287 -94.183055 -56.349020
118.705752 -92.250340 -56.319108
118.192217 -90.317625 -56.289197
117.678682 -88.384910 -56.259286
117.165147 -86.452195 -56.229375
116.651611 -84.519480 -56.199464
116.138076 -82.586765 -56.169552
115.624541 -80.654051 -56.139641
115.111006 -78.721336 -56.109730
114.597471 -76.788621 -56.079819
114.083935 -74.855906 -56.049908
113.570400 -72.923191 -56.019996
113.056865 -70.990476 -55.990085
112.543330 -69.057761 -55.960174
112.029795 -67.125046 -55.930263
111.516259 -65.192331 -55.900351
111.002724 -63.259616 -55.870440
110.489189 -61.326901 -55.840529
109.975654 -59.394187 -55.810618
109.462119 -57.461472 -55.780707
108.948583 -55.528757 -55.750795
108.435048 -53.596042 -55.720884
107.921513 -51.663327 -55.690973
107.407978 -49.730612 -55.661062
106.894443 -47.797897 -55.631151
226.389753 -252.193294 173.625307
227.961364 -251.546021 174.679383
229.532975 -250.898747 175.733459
231.104586 -250.251474 176.787535
232.676197 -249.604201 177.841612
234.247808 -248.956928 178.895688
235.819419 -248.309655 179.949764
237.391030 -247.662382 181.003840
238.962641 -247.015109 182.057917
240.534252 -246.367836 183.111993
242.105863 -245.720563 184.166069
243.677473 -245.073290 185.220145
245.249084 -244.426017 186.274221
246.820695 -243.778743 187.328298
248.392306 -243.131470 188.382374
249.963917 -242.484197 189.436450
251.535528 -241.836924 190.490526
253.107139 -241.189651 191.544603
254.678750 -240.542378 192.598679
256.250361 -239.895105 193.652755
257.821972 -239.247832 194.706831
259.393582 -238.600559 195.760908
260.965193 -237.953286 196.814984
262.536804 -237.306012 197.869060
264.108415 -236.658739 198.923136
265.680026 -236.011466 199.977213
267.251637 -235.364193 201.031289
268.823248 -234.716920 202.085365
270.394859 -234.069647 203.139441
271.966470 -233.422374 204.193518
273.538081 -232.775101 205.247594
275.109691 -232.127828 206.301670
276.681302 -231.480555 207.355746
278.252913 -230.833282 208.409822
279.824524 -230.186008 209.463899
281.396135 -229.538735 210.517975
282.967746 -228.891462 211.572051
284.539357 -228.244189 212.626127
286.110968 -227.596916 213.680204
287.682579 -226.949643 214.734280
289.254190 -226.302370 215.788356
290.825801 -225.655097 216.842432
292.397411 -225.007824 217.896509
293.969022 -224.360551 218.950585
295.540633 -223.713278 220.004661
297.112244 -223.066004 221.058737
298.683855 -222.418731 222.112814
300.255466 -221.771458 223.166890
301.827077 -221.124185 224.220966
303.398688 -220.476912 225.275042
304.970299 -219.829639 226.329118
306.541910 -219.182366 227.383195
308.113520 -218.535093 228.437271
309.685131 -217.887820 229.491347
311.256742 -217.240547 230.545423
312.828353 -216.593273 231.599500
314.399964 -215.946000 232.653576
315.971575 -215.298727 233.707652
317.543186 -214.651454 234.761728
319.114797 -214.004181 235.815805
320.686408 -213.356908 236.869881
322.258019 -212.709635 237.923957
323.829629 -212.062362 238.978033
325.401240 -211.415089 240.032110
326.972851 -210.767816 241.086186
328.544462 -210.120543 242.140262
330.116073 -209.473269 243.194338
331.687684 -208.825996 244.248414
333.259295 -208.178723 245.302491
334.830906 -207.531450 246.356567
136.836108 -99.262061 -389.910081
134.881232 -98.854855 -389.797633
132.926356 -98.447650 -389.685185
130.971481 -98.040444 -389.572737
129.016605 -97.633238 -389.460289
127.061729 -97.226032 -389.347841
125.106854 -96.818826 -389.235393
123.151978 -96.411621 -389.122945
121.197102 -96.004415 -389.010497
119.242226 -95.597209 -388.898049
117.287351 -95.190003 -388.785601
115.332475 -94.782798 -388.673153
113.377599 -94.375592 -388.560705
111.422724 -93.968386 -388.448257
109.467848 -93.561180 -388.335809
107.512972 -93.153975 -388.223361
105.558097 -92.746769 -388.110913
103.603221 -92.339563 -387.998465
101.648345 -91.932357 -387.886017
99.693470 -91.525151 -387.773569
97.738594 -91.117946 -387.661121
95.783718 -90.710740 -387.548673
93.828843 -90.303534 -387.436225
91.873967 -89.896328 -387.323777
89.919091 -89.489123 -387.211329
87.964216 -89.081917 -387.098881
86.009340 -88.674711 -386.986433
84.054464 -88.267505 -386.873985
82.099589 -87.860300 -386.761537
80.144713 -87.453094 -386.649090
78.189837 -87.045888 -386.536642
76.234962 -86.638682 -386.424194
74.280086 -86.231477 -386.311746
72.325210 -85.824271 -386.199298
70.370335 -85.417065 -386.086850
68.415459 -85.009859 -385.974402
66.460583 -84.602653 -385.861954
64.505707 -84.195448 -385.749506
62.550832 -83.788242 -385.637058
60.595956 -83.381036 -385.524610
58.641080 -82.973830 -385.412162
56.686205 -82.566625 -385.299714
54.731329 -82.159419 -385.187266
52.776453 -81.752213 -385.074818
50.821578 -81.345007 -384.962370
48.866702 -80.937802 -384.849922
46.911826 -80.530596 -384.737474
44.956951 -80.123390 -384.625026
43.002075 -79.716184 -384.512578
41.047199 -79.308979 -384.400130
39.092324 -78.901773 -384.287682
37.137448 -78.494567 -384.175234
35.182572 -78.087361 -384.062786
33.227697 -77.680155 -383.950338
31.272821 -77.272950 -383.837890
29.317945 -76.865744 -383.725442
27.363070 -76.458538 -383.612994
25.408194 -76.051332 -383.500546
23.453318 -75.644127 -383.388098
21.498443 -75.236921 -383.275650
19.543567 -74.829715 -383.163202
17.588691 -74.422509 -383.050754
15.633816 -74.015304 -382.938306
13.678940 -73.608098 -382.825858
11.724064 -73.200892 -382.713410
9.769188 -72.793686 -382.600962
7.814313 -72.386480 -382.488515
5.859437 -71.979275 -382.376067
3.904561 -71.572069 -382.263619
1.949686 -71.164863 -382.151171
-1.516806 -34.103213 -284.423537
-2.234216 -32.587033 -285.512814
-2.951626 -31.070854 -286.602090
-3.669035 -29.554674 -287.691366
-4.386445 -28.038494 -288.780642
-5.103855 -26.522315 -289.869919
-5.821265 -25.006135 -290.959195
-6.538674 -23.489956 -292.048471
-7.256084 -21.973776 -293.137748
-7.973494 -20.457596 -294.227024
-8.690903 -18.941417 -295.316300
-9.408313 -17.425237 -296.405576
-10.125723 -15.909058 -297.494853
-10.843132 -14.392878 -298.584129
-11.560542 -12.876699 -299.673405
-12.277952 -11.360519 -300.762681
-12.995361 -9.844339 -301.851958
-13.712771 -8.328160 -302.941234
-14.430181 -6.811980 -304.030510
-15.147591 -5.295801 -305.119786
-15.865000 -3.779621 -306.209063
-16.582410 -2.263441 -307.298339
-17.299820 -0.747262 -308.387615
-18.017229 0.768918 -309.476891
-18.734639 2.285097 -310.566168
-19.452049 3.801277 -311.655444
-20.169458 5.317457 -312.744720
-20.886868 6.833636 -313.833997
-21.604278 8.349816 -314.923273
-22.321687 9.865995 -316.012549
-23.039097 11.382175 -317.101825
-23.756507 12.898355 -318.191102
-24.473917 14.414534 -319.280378
-25.191326 15.930714 -320.369654
-25.908736 17.446893 -321.458930
-26.626146 18.963073 -322.548207
-27.343555 20.479253 -323.637483
-28.060965 21.995432 -324.726759
-28.778375 23.511612 -325.816035
-29.495784 25.027791 -326.905312
-30.213194 26.543971 -327.994588
-30.930604 28.060150 -329.083864
-31.648014 29.576330 -330.173140
-32.365423 31.092510 -331.262417
-33.082833 32.608689 -332.351693
-33.800243 34.124869 -333.440969
-34.517652 35.641048 -334.530246
-35.235062 37.157228 -335.619522
-35.952472 38.673408 -336.708798
-36.669881 40.189587 -337.798074
-37.387291 41.705767 -338.887351
-38.104701 43.221946 -339.976627
-38.822110 44.738126 -341.065903
-39.539520 46.254306 -342.155179
-40.256930 47.770485 -343.244456
-40.974340 49.286665 -344.333732
-41.691749 50.802844 -345.423008
-42.409159 52.319024 -346.512284
-43.126569 53.835204 -347.601561
-43.843978 55.351383 -348.690837
-44.561388 56.867563 -349.780113
-45.278798 58.383742 -350.869389
-45.996207 59.899922 -351.958666
-46.713617 61.416101 -353.047942
-47.431027 62.932281 -354.137218
-48.148436 64.448461 -355.226495
-48.865846 65.964640 -356.315771
-49.583256 67.480820 -357.405047
-50.300666 68.996999 -358.494323
-51.018075 70.513179 -359.583600
-104.490037 38.409884 -126.834329
-104.674966 36.422423 -126.708623
-104.859895 34.434962 -126.582918
-105.044823 32.447502 -126.457213
-105.229752 30.460041 -126.331508
-105.414681 28.472581 -126.205802
-105.599610 26.485120 -126.080097
-105.784538 24.497660 -125.954392
-105.969467 22.510199 -125.828687
-106.154396 20.522738 -125.702981
-106.339325 18.535278 -125.577276
-106.524253 16.547817 -125.451571
-106.709182 14.560357 -125.325866
-106.894111 12.572896 -125.200160
-107.079040 10.585436 -125.074455
-107.263968 8.597975 -124.948750
-107.448897 6.610514 -124.823045
-107.633826 4.623054 -124.697339
-107.818754 2.635593 -124.571634
-108.003683 0.648133 -124.445929
-108.188612 -1.339328 -124.320224
-108.373541 -3.326789 -124.194518
-108.558469 -5.314249 -124.068813
-108.743398 -7.301710 -123.943108
-108.928327 -9.289170 -123.817403
-109.113256 -11.276631 -123.691697
-109.298184 -13.264091 -123.565992
-109.483113 -15.251552 -123.440287
-109.668042 -17.239013 -123.314582
-109.852971 -19.226473 -123.188876
-110.037899 -21.213934 -123.063171
-110.222828 -23.201394 -122.937466
-110.407757 -25.188855 -122.811761
-110.592686 -27.176315 -122.686055
-110.777614 -29.163776 -122.560350
-110.962543 -31.151237 -122.434645
-111.147472 -33.138697 -122.308940
-111.332400 -35.126158 -122.183234
-111.517329 -37.113618 -122.057529
-111.702258 -39.101079 -121.931824
-111.887187 -41.088539 -121.806119
-112.072115 -43.076000 -121.680413
-112.257044 -45.063461 -121.554708
-112.441973 -47.050921 -121.429003
-112.626902 -49.038382 -121.303298
-112.811830 -51.025842 -121.177592
-112.996759 -53.013303 -121.051887
-113.181688 -55.000764 -120.926182
-113.366617 -56.988224 -120.800476
-113.551545 -58.975685 -120.674771
-113.736474 -60.963145 -120.549066
-113.921403 -62.950606 -120.423361
-114.106332 -64.938066 -120.297655
-114.291260 -66.925527 -120.171950
-114.476189 -68.912988 -120.046245
-114.661118 -70.900448 -119.920540
-114.846046 -72.887909 -119.794834
-115.030975 -74.875369 -119.669129
-115.215904 -76.862830 -119.543424
-115.400833 -78.850290 -119.417719
-115.585761 -80.837751 -119.292013
-115.770690 -82.825212 -119.166308
-115.955619 -84.812672 -119.040603
-116.140548 -86.800133 -118.914898
-116.325476 -88.787593 -118.789192
-116.510405 -90.775054 -118.663487
-116.695334 -92.762515 -118.537782
-116.880263 -94.749975 -118.412077
-117.065191 -96.737436 -118.286371
-117.250120 -98.724896 -118.160666
399.938426 318.788750 16.734737
398.157171 317.964394 17.118879
396.375915 317.140038 17.503021
394.594659 316.315681 17.887163
392.813403 315.491325 18.271304
391.032148 314.666969 18.655446
389.250892 313.842613 19.039588
387.469636 313.018257 19.423730
385.688380 312.193900 19.807871
383.907125 311.369544 20.192013
382.125869 310.545188 20.576155
380.344613 309.720832 20.960296
378.563357 308.896476 21.344438
376.782102 308.072119 21.728580
375.000846 307.247763 22.112722
373.219590 306.423407 22.496863
371.438335 305.599051 22.881005
369.657079 304.774695 23.265147
367.875823 303.950338 23.649288
366.094567 303.125982 24.033430
364.313312 302.301626 24.417572
362.532056 301.477270 24.801714
360.750800 300.652914 25.185855
358.969544 299.828557 25.569997
357.188289 299.004201 25.954139
355.407033 298.179845 26.338280
353.625777 297.355489 26.722422
351.844521 296.531133 27.106564
350.063266 295.706776 27.490706
348.282010 294.882420 27.874847
346.500754 294.058064 28.258989
344.719498 293.233708 28.643131
342.938243 292.409352 29.027272
341.156987 291.584995 29.411414
339.375731 290.760639 29.795556
337.594476 289.936283 30.179698
335.813220 289.111927 30.563839
334.031964 288.287571 30.947981
332.250708 287.463214 31.332123
330.469453 286.638858 31.716264
328.688197 285.814502 32.100406
326.906941 284.990146 32.484548
325.125685 284.165790 32.868690
323.344430 283.341433 33.252831
321.563174 282.517077 33.636973
319.781918 281.692721 34.021115
318.000662 280.868365 34.405256
316.219407 280.044009 34.789398
314.438151 279.219652 35.173540
312.656895 278.395296 35.557682
310.875639 277.570940 35.941823
309.094384 276.746584 36.325965
307.313128 275.922228 36.710107
305.531872 275.097871 37.094248
303.750617 274.273515 37.478390
301.969361 273.449159 37.862532
300.188105 272.624803 38.246674
298.406849 271.800447 38.630815
296.625594 270.976090 39.014957
294.844338 270.151734 39.399099
293.063082 269.327378 39.783241
291.281826 268.503022 40.167382
289.500571 267.678666 40.551524
287.719315 266.854309 40.935666
285.938059 266.029953 41.319807
284.156803 265.205597 41.703949
282.375548 264.381241 42.088091
280.594292 263.556885 42.472233
278.813036 262.732528 42.856374
277.031781 261.908172 43.240516
-278.967388 196.465499 19.330117
-279.521350 197.763563 20.747210
-280.075313 199.061628 22.164304
-280.629275 200.359693 23.581397
-281.183237 201.657758 24.998490
-281.737200 202.955823 26.415584
-282.291162 204.253887 27.832677
-282.845125 205.551952 29.249771
-283.399087 206.850017 30.666864
-283.953049 208.148082 32.083957
-284.507012 209.446146 33.501051
-285.060974 210.744211 34.918144
-285.614936 212.042276 36.335237
-286.168899 213.340341 37.752331
-286.722861 214.638405 39.169424
-287.276823 215.936470 40.586517
-287.830786 217.234535 42.003611
-288.384748 218.532600 43.420704
-288.938711 219.830665 44.837797
-289.492673 221.128729 46.254891
-290.046635 222.426794 47.671984
-290.600598 223.724859 49.089077
-291.154560 225.022924 50.506171
-291.708522 226.320988 51.923264
-292.262485 227.619053 53.340358
-292.816447 228.917118 54.757451
-293.370409 230.215183 56.174544
-293.924372 231.513247 57.591638
-294.478334 232.811312 59.008731
-295.032296 234.109377 60.425824
-295.586259 235.407442 61.842918
-296.140221 236.705506 63.260011
-296.694184 238.003571 64.677104
-297.248146 239.301636 66.094198
-297.802108 240.599701 67.511291
-298.356071 241.897766 68.928384
-298.910033 243.195830 70.345478
-299.463995 244.493895 71.762571
-300.017958 245.791960 73.179664
-300.571920 247.090025 74.596758
-301.125882 248.388089 76.013851
-301.679845 249.686154 77.430945
-302.233807 250.984219 78.848038
-302.787769 252.282284 80.265131
-303.341732 253.580348 81.682225
-303.895694 254.878413 83.099318
-304.449657 256.176478 84.516411
-305.003619 257.474543 85.933505
-305.557581 258.772607 87.350598
-306.111544 260.070672 88.767691
-306.665506 261.368737 90.184785
-307.219468 262.666802 91.601878
-307.773431 263.964867 93.018971
-308.327393 265.262931 94.436065
-308.881355 266.560996 95.853158
-309.435318 267.859061 97.270251
-309.989280 269.157126 98.687345
-310.543243 270.455190 100.104438
-311.097205 271.753255 101.521532
-311.651167 273.051320 102.938625
-312.205130 274.349385 104.355718
-312.759092 275.647449 105.772812
-313.313054 276.945514 107.189905
-313.867017 278.243579 108.606998
-314.420979 279.541644 110.024092
-314.974941 280.839708 111.441185
-315.528904 282.137773 112.858278
-316.082866 283.435838 114.275372
-316.636828 284.733903 115.692465
-317.190791 286.031968 117.109558
159.693121 -9.141086 -268.658727
157.748078 -8.681429 -268.584418
155.803034 -8.221773 -268.510110
153.857991 -7.762116 -268.435801
151.912947 -7.302460 -268.361493
149.967904 -6.842803 -268.287184
148.022860 -6.383147 -268.212875
146.077817 -5.923490 -268.138567
144.132773 -5.463833 -268.064258
142.187730 -5.004177 -267.989950
140.242686 -4.544520 -267.915641
138.297643 -4.084864 -267.841333
136.352599 -3.625207 -267.767024
134.407556 -3.165551 -267.692715
132.462513 -2.705894 -267.618407
130.517469 -2.246237 -267.544098
128.572426 -1.786581 -267.469790
126.627382 -1.326924 -267.395481
124.682339 -0.867268 -267.321173
122.737295 -0.407611 -267.246864
120.792252 0.052045 -267.172556
118.847208 0.511702 -267.098247
116.902165 0.971359 -267.023938
114.957121 1.431015 -266.949630
113.012078 1.890672 -266.875321
111.067034 2.350328 -266.801013
109.121991 2.809985 -266.726704
107.176947 3.269641 -266.652396
105.231904 3.729298 -266.578087
103.286861 4.188955 -266.503778
101.341817 4.648611 -266.429470
99.396774 5.108268 -266.355161
97.451730 5.567924 -266.280853
95.506687 6.027581 -266.206544
93.561643 6.487237 -266.132236
91.616600 6.946894 -266.057927
89.671556 7.406551 -265.983618
87.726513 7.866207 -265.909310
85.781469 8.325864 -265.835001
83.836426 8.785520 -265.760693
81.891382 9.245177 -265.686384
79.946339 9.704833 -265.612076
78.001296 10.164490 -265.537767
76.056252 10.624147 -265.463458
74.111209 11.083803 -265.389150
72.166165 11.543460 -265.314841
70.221122 12.003116 -265.240533
68.276078 12.462773 -265.166224
66.331035 12.922429 -265.091916
64.385991 13.382086 -265.017607
62.440948 13.841743 -264.943298
60.495904 14.301399 -264.868990
58.550861 14.761056 -264.794681
56.605817 15.220712 -264.720373
54.660774 15.680369 -264.646064
52.715731 16.140025 -264.571756
50.770687 16.599682 -264.497447
48.825644 17.059338 -264.423139
46.880600 17.518995 -264.348830
44.935557 17.978652 -264.274521
42.990513 18.438308 -264.200213
41.045470 18.897965 -264.125904
39.100426 19.357621 -264.051596
37.155383 19.817278 -263.977287
35.210339 20.276934 -263.902979
33.265296 20.736591 -263.828670
31.320252 21.196248 -263.754361
29.375209 21.655904 -263.680053
27.430165 22.115561 -263.605744
25.485122 22.575217 -263.531436
-308.239535 172.923909 35.018189
-307.928069 174.891109 34.836227
-307.616602 176.858310 34.654265
-307.305135 178.825511 34.472303
-306.993669 180.792711 34.290341
-306.682202 182.759912 34.108379
-306.370736 184.727113 33.926418
-306.059269 186.694313 33.744456
-305.747803 188.661514 33.562494
-305.436336 190.628715 33.380532
-305.124870 192.595915 33.198570
-304.813403 194.563116 33.016608
-304.501937 196.530317 32.834647
-304.190470 198.497517 32.652685
-303.879004 200.464718 32.470723
-303.567537 202.431919 32.288761
-303.256071 204.399119 32.106799
-302.944604 206.366320 31.924837
-302.633137 208.333521 31.742876
-302.321671 210.300721 31.560914
-302.010204 212.267922 31.378952
-301.698738 214.235123 31.196990
-301.387271 216.202323 31.015028
-301.075805 218.169524 30.833066
-300.764338 220.136725 30.651105
-300.452872 222.103925 30.469143
-300.141405 224.071126 30.287181
-299.829939 226.038327 30.105219
-299.518472 228.005527 29.923257
-299.207006 229.972728 29.741295
-298.895539 231.939929 29.559334
-298.584073 233.907129 29.377372
-298.272606 235.874330 29.195410
-297.961139 237.841531 29.013448
-297.649673 239.808731 28.831486
-297.338206 241.775932 28.649524
-297.026740 243.743133 28.467563
-296.715273 245.710333 28.285601
-296.403807 247.677534 28.103639
-296.092340 249.644735 27.921677
-295.780874 251.611935 27.739715
-295.469407 253.579136 27.557753
-295.157941 255.546337 27.375792
-294.846474 257.513537 27.193830
-294.535008 259.480738 27.011868
-294.223541 261.447939 26.829906
-293.912075 263.415140 26.647944
-293.600608 265.382340 26.465982
-293.289142 267.349541 26.284021
-292.977675 269.316742 26.102059
-292.666208 271.283942 25.920097
-292.354742 273.251143 25.738135
-292.043275 275.218344 25.556173
-291.731809 277.185544 25.374211
-291.420342 279.152745 25.192250
-291.108876 281.119946 25.010288
-290.797409 283.087146 24.828326
-290.485943 285.054347 24.646364
-290.174476 287.021548 24.464402
-289.863010 288.988748 24.282440
-289.551543 290.955949 24.100479
-289.240077 292.923150 23.918517
-288.928610 294.890350 23.736555
-288.617144 296.857551 23.554593
-288.305677 298.824752 23.372631
-287.994210 300.791952 23.190669
-287.682744 302.759153 23.008708
-287.371277 304.726354 22.826746
-287.059811 306.693554 22.644784
-286.748344 308.660755 22.462822
-90.894502 280.016477 -29.643670
-92.875103 280.133843 -29.391791
-94.855705 280.251209 -29.139913
-96.836306 280.368574 -28.888034
-98.816908 280.485940 -28.636155
-100.797509 280.603306 -28.384277
-102.778111 280.720672 -28.132398
-104.758713 280.838038 -27.880519
-106.739314 280.955404 -27.628641
-108.719916 281.072769 -27.376762
-110.700517 281.190135 -27.124883
-112.681119 281.307501 -26.873005
-114.661720 281.424867 -26.621126
-116.642322 281.542233 -26.369247
-118.622923 281.659599 -26.117369
-120.603525 281.776965 -25.865490
-122.584126 281.894330 -25.613611
-124.564728 282.011696 -25.361733
-126.545329 282.129062 -25.109854
-128.525931 282.246428 -24.857975
-130.506532 282.363794 -24.606096
-132.487134 282.481160 -24.354218
-134.467735 282.598525 -24.102339
-136.448337 282.715891 -23.850460
-138.428938 282.833257 -23.598582
-140.409540 282.950623 -23.346703
-142.390141 283.067989 -23.094824
-144.370743 283.185355 -22.842946
-146.351344 283.302720 -22.591067
-148.331946 283.420086 -22.339188
-150.312548 283.537452 -22.087310
-152.293149 283.654818 -21.835431
-154.273751 283.772184 -21.583552
-156.254352 283.889550 -21.331674
-158.234954 284.006916 -21.079795
-160.215555 284.124281 -20.827916
-162.196157 284.241647 -20.576038
-164.176758 284.359013 -20.324159
-166.157360 284.476379 -20.072280
-168.137961 284.593745 -19.820402
-170.118563 284.711111 -19.568523
-172.099164 284.828476 -19.316644
-174.079766 284.945842 -19.064765
-176.060367 285.063208 -18.812887
-178.040969 285.180574 -18.561008
-180.021570 285.297940 -18.309129
-182.002172 285.415306 -18.057251
-183.982773 285.532671 -17.805372
-185.963375 285.650037 -17.553493
-187.943976 285.767403 -17.301615
-189.924578 285.884769 -17.049736
-191.905179 286.002135 -16.797857
-193.885781 286.119501 -16.545979
-195.866383 286.236867 -16.294100
-197.846984 286.354232 -16.042221
-199.827586 286.471598 -15.790343
-201.808187 286.588964 -15.538464
-203.788789 286.706330 -15.286585
-205.769390 286.823696 -15.034707
-207.749992 286.941062 -14.782828
-209.730593 287.058427 -14.530949
-211.711195 287.175793 -14.279071
-213.691796 287.293159 -14.027192
-215.672398 287.410525 -13.775313
-217.652999 287.527891 -13.523434
-219.633601 287.645257 -13.271556
-221.614202 287.762622 -13.019677
-223.594804 287.879988 -12.767798
-225.575405 287.997354 -12.515920
-227.556007 288.114720 -12.264041
327.877971 -373.615006 -185.130444
328.922965 -373.118345 -183.499090
329.967959 -372.621685 -181.867736
331.012954 -372.125024 -180.236382
332.057948 -371.628364 -178.605029
333.102942 -371.131703 -176.973675
334.147937 -370.635042 -175.342321
335.192931 -370.138382 -173.710967
336.237926 -369.641721 -172.079614
337.282920 -369.145061 -170.448260
338.327914 -368.648400 -168.816906
339.372909 -368.151739 -167.185552
340.417903 -367.655079 -165.554199
341.462897 -367.158418 -163.922845
342.507892 -366.661758 -162.291491
343.552886 -366.165097 -160.660137
344.597880 -365.668436 -159.028784
345.642875 -365.171776 -157.397430
346.687869 -364.675115 -155.766076
347.732863 -364.178455 -154.134722
348.777858 -363.681794 -152.503369
349.822852 -363.185133 -150.872015
350.867846 -362.688473 -149.240661
351.912841 -362.191812 -147.609307
352.957835 -361.695152 -145.977954
354.002829 -361.198491 -144.346600
355.047824 -360.701830 -142.715246
356.092818 -360.205170 -141.083892
357.137812 -359.708509 -139.452539
358.182807 -359.211849 -137.821185
359.227801 -358.715188 -136.189831
360.272795 -358.218527 -134.558477
361.317790 -357.721867 -132.927123
362.362784 -357.225206 -131.295770
363.407778 -356.728546 -129.664416
364.452773 -356.231885 -128.033062
365.497767 -355.735224 -126.401708
366.542761 -355.238564 -124.770355
367.587756 -354.741903 -123.139001
368.632750 -354.245243 -121.507647
369.677744 -353.748582 -119.876293
370.722739 -353.251921 -118.244940
371.767733 -352.755261 -116.613586
372.812727 -352.258600 -114.982232
373.857722 -351.761940 -113.350878
374.902716 -351.265279 -111.719525
375.947710 -350.768618 -110.088171
376.992705 -350.271958 -108.456817
378.037699 -349.775297 -106.825463
379.082693 -349.278637 -105.194110
380.127688 -348.781976 -103.562756
381.172682 -348.285315 -101.931402
382.217676 -347.788655 -100.300048
383.262671 -347.291994 -98.668695
384.307665 -346.795334 -97.037341
385.352659 -346.298673 -95.405987
386.397654 -345.802012 -93.774633
387.442648 -345.305352 -92.143280
388.487642 -344.808691 -90.511926
389.532637 -344.312031 -88.880572
390.577631 -343.815370 -87.249218
391.622625 -343.318709 -85.617865
392.667620 -342.822049 -83.986511
393.712614 -342.325388 -82.355157
394.757608 -341.828728 -80.723803
395.802603 -341.332067 -79.092449
396.847597 -340.835406 -77.461096
397.892591 -340.338746 -75.829742
398.937586 -339.842085 -74.198388
399.982580 -339.345425 -72.567034
-229.393549 63.865022 294.227930
-229.528098 62.794141 292.544151
-229.662647 61.723260 290.860373
-229.797197 60.652379 289.176594
-229.931746 59.581498 287.492816
-230.066295 58.510617 285.809037
-230.200844 57.439735 284.125259
-230.335394 56.368854 282.441480
-230.469943 55.297973 280.757702
-230.604492 54.227092 279.073923
-230.739041 53.156211 277.390145
-230.873591 52.085330 275.706366
-231.008140 51.014449 274.022588
-231.142689 49.943567 272.338809
-231.277238 48.872686 270.655031
-231.411788 47.801805 268.971252
-231.546337 46.730924 267.287474
-231.680886 45.660043 265.603695
-231.815435 44.589162 263.919917
-231.949985 43.518281 262.236138
-232.084534 42.447399 260.552360
-232.219083 41.376518 258.868581
-232.353632 40.305637 257.184802
-232.488182 39.234756 255.501024
-232.622731 38.163875 253.817245
-232.757280 37.092994 252.133467
-232.891829 36.022113 250.449688
-233.026379 34.951232 248.765910
-233.160928 33.880350 247.082131
-233.295477 32.809469 245.398353
-233.430027 31.738588 243.714574
-233.564576 30.667707 242.030796
-233.699125 29.596826 240.347017
-233.833674 28.525945 238.663239
-233.968224 27.455064 236.979460
-234.102773 26.384182 235.295682
-234.237322 25.313301 233.611903
-234.371871 24.242420 231.928125
-234.506421 23.171539 230.244346
-234.640970 22.100658 228.560568
-234.775519 21.029777 226.876789
-234.910068 19.958896 225.193011
-235.044618 18.888014 223.509232
-235.179167 17.817133 221.825454
-235.313716 16.746252 220.141675
-235.448265 15.675371 218.457897
-235.582815 14.604490 216.774118
-235.717364 13.533609 215.090340
-235.851913 12.462728 213.406561
-235.986462 11.391846 211.722783
-236.121012 10.320965 210.039004
-236.255561 9.250084 208.355226
-236.390110 8.179203 206.671447
-236.524659 7.108322 204.987669
-236.659209 6.037441 203.303890
-236.793758 4.966560 201.620112
-236.928307 3.895678 199.936333
-237.062856 2.824797 198.252554
-237.197406 1.753916 196.568776
-237.331955 0.683035 194.884997
-237.466504 -0.387846 193.201219
-237.601053 -1.458727 191.517440
-237.735603 -2.529608 189.833662
-237.870152 -3.600489 188.149883
-238.004701 -4.671371 186.466105
-238.139250 -5.742252 184.782326
-238.273800 -6.813133 183.098548
-238.408349 -7.884014 181.414769
-238.542898 -8.954895 179.730991
-238.677447 -10.025776 178.047212
398.825107 -155.436782 2.836891
397.262950 -156.556604 3.389758
395.700793 -157.676427 3.942624
394.138635 -158.796250 4.495490
392.576478 -159.916073 5.048357
391.014321 -161.035896 5.601223
389.452163 -162.155719 6.154089
387.890006 -163.275542 6.706955
386.327849 -164.395365 7.259822
384.765691 -165.515188 7.812688
383.203534 -166.635011 8.365554
381.641377 -167.754833 8.918420
380.079219 -168.874656 9.471287
378.517062 -169.994479 10.024153
376.954905 -171.114302 10.577019
375.392747 -172.234125 11.129886
373.830590 -173.353948 11.682752
372.268433 -174.473771 12.235618
370.706275 -175.593594 12.788484
369.144118 -176.713417 13.341351
367.581961 -177.833240 13.894217
366.019803 -178.953062 14.447083
364.457646 -180.072885 14.999950
362.895489 -181.192708 15.552816
361.333331 -182.312531 16.105682
359.771174 -183.432354 16.658548
358.209017 -184.552177 17.211415
356.646859 -185.672000 17.764281
355.084702 -186.791823 18.317147
353.522545 -187.911646 18.870013
351.960387 -189.031469 19.422880
350.398230 -190.151291 19.975746
348.836073 -191.271114 20.528612
347.273915 -192.390937 21.081479
345.711758 -193.510760 21.634345
344.149601 -194.630583 22.187211
342.587443 -195.750406 22.740077
341.025286 -196.870229 23.292944
339.463129 -197.990052 23.845810
337.900971 -199.109875 24.398676
336.338814 -200.229698 24.951543
334.776657 -201.349520 25.504409
333.214499 -202.469343 26.057275
331.652342 -203.589166 26.610141
330.090184 -204.708989 27.163008
328.528027 -205.828812 27.715874
326.965870 -206.948635 28.268740
325.403712 -208.068458 28.821606
323.841555 -209.188281 29.374473
322.279398 -210.308104 29.927339
320.717240 -211.427926 30.480205
319.155083 -212.547749 31.033072
317.592926 -213.667572 31.585938
316.030768 -214.787395 32.138804
314.468611 -215.907218 32.691670
312.906454 -217.027041 33.244537
311.344296 -218.146864 33.797403
309.782139 -219.266687 34.350269
308.219982 -220.386510 34.903136
306.657824 -221.506333 35.456002
305.095667 -222.626155 36.008868
303.533510 -223.745978 36.561734
301.971352 -224.865801 37.114601
300.409195 -225.985624 37.667467
298.847038 -227.105447 38.220333
297.284880 -228.225270 38.773200
295.722723 -229.345093 39.326066
294.160566 -230.464916 39.878932
292.598408 -231.584739 40.431798
291.036251 -232.704562 40.984665
41.358438 -267.374175 336.912311
42.282081 -267.993097 335.249836
43.205723 -268.612019 333.587362
44.129365 -269.230940 331.924888
45.053008 -269.849862 330.262414
45.976650 -270.468783 328.599939
46.900293 -271.087705 326.937465
47.823935 -271.706627 325.274991
48.747577 -272.325548 323.612516
49.671220 -272.944470 321.950042
50.594862 -273.563392 320.287568
51.518504 -274.182313 318.625094
52.442147 -274.801235 316.962619
53.365789 -275.420156 315.300145
54.289432 -276.039078 313.637671
55.213074 -276.658000 311.975196
56.136716 -277.276921 310.312722
57.060359 -277.895843 308.650248
57.984001 -278.514765 306.987774
58.907644 -279.133686 305.325299
59.831286 -279.752608 303.662825
60.754928 -280.371529 302.000351
61.678571 -280.990451 300.337876
62.602213 -281.609373 298.675402
63.525856 -282.228294 297.012928
64.449498 -282.847216 295.350454
65.373140 -283.466138 293.687979
66.296783 -284.085059 292.025505
67.220425 -284.703981 290.363031
68.144067 -285.322902 288.700556
69.067710 -285.941824 287.038082
69.991352 -286.560746 285.375608
70.914995 -287.179667 283.713134
71.838637 -287.798589 282.050659
72.762279 -288.417511 280.388185
73.685922 -289.036432 278.725711
74.609564 -289.655354 277.063236
75.533207 -290.274275 275.400762
76.456849 -290.893197 273.738288
77.380491 -291.512119 272.075814
78.304134 -292.131040 270.413339
79.227776 -292.749962 268.750865
80.151419 -293.368884 267.088391
81.075061 -293.987805 265.425916
81.998703 -294.606727 263.763442
82.922346 -295.225648 262.100968
83.845988 -295.844570 260.438493
84.769630 -296.463492 258.776019
85.693273 -297.082413 257.113545
86.616915 -297.701335 255.451071
87.540558 -298.320257 253.788596
88.464200 -298.939178 252.126122
89.387842 -299.558100 250.463648
90.311485 -300.177021 248.801173
91.235127 -300.795943 247.138699
92.158770 -301.414865 245.476225
93.082412 -302.033786 243.813751
94.006054 -302.652708 242.151276
94.929697 -303.271630 240.488802
95.853339 -303.890551 238.826328
96.776982 -304.509473 237.163853
97.700624 -305.128394 235.501379
98.624266 -305.747316 233.838905
99.547909 -306.366238 232.176431
100.471551 -306.985159 230.513956
101.395194 -307.604081 228.851482
102.318836 -308.223003 227.189008
103.242478 -308.841924 225.526533
104.166121 -309.460846 223.864059
105.089763 -310.079767 222.201585
-344.676401 -116.135952 -339.240906
-343.052626 -117.298908 -339.136553
-341.428851 -118.461863 -339.032199
-339.805076 -119.624819 -338.927845
-338.181301 -120.787774 -338.823491
-336.557526 -121.950729 -338.719137
-334.933751 -123.113685 -338.614783
-333.309977 -124.276640 -338.510430
-331.686202 -125.439596 -338.406076
-330.062427 -126.602551 -338.301722
-328.438652 -127.765506 -338.197368
-326.814877 -128.928462 -338.093014
-325.191102 -130.091417 -337.988661
-323.567327 -131.254372 -337.884307
-321.943552 -132.417328 -337.779953
-320.319777 -133.580283 -337.675599
-318.696002 -134.743239 -337.571245
-317.072227 -135.906194 -337.466891
-315.448452 -137.069149 -337.362538
-313.824677 -138.232105 -337.258184
-312.200902 -139.395060 -337.153830
-310.577127 -140.558015 -337.049476
-308.953352 -141.720971 -336.945122
-307.329577 -142.883926 -336.840768
-305.705802 -144.046882 -336.736415
-304.082028 -145.209837 -336.632061
-302.458253 -146.372792 -336.527707
-300.834478 -147.535748 -336.423353
-299.210703 -148.698703 -336.318999
-297.586928 -149.861658 -336.214645
-295.963153 -151.024614 -336.110292
-294.339378 -152.187569 -336.005938
-292.715603 -153.350525 -335.901584
-291.091828 -154.513480 -335.797230
-289.468053 -155.676435 -335.692876
-287.844278 -156.839391 -335.588522
-286.220503 -158.002346 -335.484169
-284.596728 -159.165301 -335.379815
-282.972953 -160.328257 -335.275461
-281.349178 -161.491212 -335.171107
-279.725403 -162.654168 -335.066753
-278.101628 -163.817123 -334.962399
-276.477854 -164.980078 -334.858046
-274.854079 -166.143034 -334.753692
-273.230304 -167.305989 -334.649338
-271.606529 -168.468945 -334.544984
-269.982754 -169.631900 -334.440630
-268.358979 -170.794855 -334.336276
-266.735204 -171.957811 -334.231923
-265.111429 -173.120766 -334.127569
-263.487654 -174.283721 -334.023215
-261.863879 -175.446677 -333.918861
-260.240104 -176.609632 -333.814507
-258.616329 -177.772588 -333.710153
-256.992554 -178.935543 -333.605800
-255.368779 -180.098498 -333.501446
-253.745004 -181.261454 -333.397092
-252.121229 -182.424409 -333.292738
-250.497454 -183.587364 -333.188384
-248.873679 -184.750320 -333.084030
-247.249905 -185.913275 -332.979677
-245.626130 -187.076231 -332.875323
-244.002355 -188.239186 -332.770969
-242.378580 -189.402141 -332.666615
-240.754805 -190.565097 -332.562261
-239.131030 -191.728052 -332.457908
-237.507255 -192.891007 -332.353554
-235.883480 -194.053963 -332.249200
-234.259705 -195.216918 -332.144846
-232.635930 -196.379874 -332.040492
246.780476 -178.834042 -111.460029
245.697709 -180.387247 -112.104366
244.614943 -181.940452 -112.748703
243.532176 -183.493658 -113.393041
242.449410 -185.046863 -114.037378
241.366643 -186.600068 -114.681715
240.283877 -188.153273 -115.326052
239.201110 -189.706478 -115.970389
238.118344 -191.259684 -116.614726
237.035577 -192.812889 -117.259064
235.952811 -194.366094 -117.903401
234.870045 -195.919299 -118.547738
233.787278 -197.472504 -119.192075
232.704512 -199.025710 -119.836412
231.621745 -200.578915 -120.480749
230.538979 -202.132120 -121.125086
229.456212 -203.685325 -121.769424
228.373446 -205.238531 -122.413761
227.290679 -206.791736 -123.058098
226.207913 -208.344941 -123.702435
225.125146 -209.898146 -124.346772
224.042380 -211.451351 -124.991109
222.959613 -213.004557 -125.635446
221.876847 -214.557762 -126.279784
220.794080 -216.110967 -126.924121
219.711314 -217.664172 -127.568458
218.628547 -219.217377 -128.212795
217.545781 -220.770583 -128.857132
216.463015 -222.323788 -129.501469
215.380248 -223.876993 -130.145806
214.297482 -225.430198 -130.790144
213.214715 -226.983403 -131.434481
212.131949 -228.536609 -132.078818
211.049182 -230.089814 -132.723155
209.966416 -231.643019 -133.367492
208.883649 -233.196224 -134.011829
207.800883 -234.749429 -134.656166
206.718116 -236.302635 -135.300504
205.635350 -237.855840 -135.944841
204.552583 -239.409045 -136.589178
203.469817 -240.962250 -137.233515
202.387050 -242.515456 -137.877852
201.304284 -244.068661 -138.522189
200.221518 -245.621866 -139.166526
199.138751 -247.175071 -139.810864
198.055985 -248.728276 -140.455201
196.973218 -250.281482 -141.099538
195.890452 -251.834687 -141.743875
194.807685 -253.387892 -142.388212
193.724919 -254.941097 -143.032549
192.642152 -256.494302 -143.676886
191.559386 -258.047508 -144.321224
190.476619 -259.600713 -144.965561
189.393853 -261.153918 -145.609898
188.311086 -262.707123 -146.254235
187.228320 -264.260328 -146.898572
186.145553 -265.813534 -147.542909
185.062787 -267.366739 -148.187247
183.980021 -268.919944 -148.831584
182.897254 -270.473149 -149.475921
181.814488 -272.026354 -150.120258
180.731721 -273.579560 -150.764595
179.648955 -275.132765 -151.408932
178.566188 -276.685970 -152.053269
177.483422 -278.239175 -152.697607
176.400655 -279.792381 -153.341944
175.317889 -281.345586 -153.986281
174.235122 -282.898791 -154.630618
173.152356 -284.451996 -155.274955
172.069589 -286.005201 -155.919292
-176.506773 -80.204455 -100.608075
-175.748896 -81.639545 -101.776895
-174.991019 -83.074634 -102.945715
-174.233142 -84.509724 -104.114536
-173.475264 -85.944813 -105.283356
-172.717387 -87.379903 -106.452176
-171.959510 -88.814992 -107.620996
-171.201633 -90.250081 -108.789816
-170.443755 -91.685171 -109.958636
-169.685878 -93.120260 -111.127456
-168.928001 -94.555350 -112.296276
-168.170124 -95.990439 -113.465096
-167.412247 -97.425528 -114.633917
-166.654369 -98.860618 -115.802737
-165.896492 -100.295707 -116.971557
-165.138615 -101.730797 -118.140377
-164.380738 -103.165886 -119.309197
-163.622860 -104.600976 -120.478017
-162.864983 -106.036065 -121.646837
-162.107106 -107.471154 -122.815657
-161.349229 -108.906244 -123.984477
-160.591351 -110.341333 -125.153298
-159.833474 -111.776423 -126.322118
-159.075597 -113.211512 -127.490938
-158.317720 -114.646601 -128.659758
-157.559842 -116.081691 -129.828578
-156.801965 -117.516780 -130.997398
-156.044088 -118.951870 -132.166218
-155.286211 -120.386959 -133.335038
-154.528333 -121.822049 -134.503858
-153.770456 -123.257138 -135.672679
-153.012579 -124.692227 -136.841499
-152.254702 -126.127317 -138.010319
-151.496825 -127.562406 -139.179139
-150.738947 -128.997496 -140.347959
-149.981070 -130.432585 -141.516779
-149.223193 -131.867674 -142.685599
-148.465316 -133.302764 -143.854419
-147.707438 -134.737853 -145.023239
-146.949561 -136.172943 -146.192060
-146.191684 -137.608032 -147.360880
-145.433807 -139.043122 -148.529700
-144.675929 -140.478211 -149.698520
-143.918052 -141.913300 -150.867340
-143.160175 -143.348390 -152.036160
-142.402298 -144.783479 -153.204980
-141.644420 -146.218569 -154.373800
-140.886543 -147.653658 -155.542620
-140.128666 -149.088747 -156.711441
-139.370789 -150.523837 -157.880261
-138.612911 -151.958926 -159.049081
-137.855034 -153.394016 -160.217901
-137.097157 -154.829105 -161.386721
-136.339280 -156.264195 -162.555541
-135.581403 -157.699284 -163.724361
-134.823525 -159.134373 -164.893181
-134.065648 -160.569463 -166.062001
-133.307771 -162.004552 -167.230822
-132.549894 -163.439642 -168.399642
-131.792016 -164.874731 -169.568462
-131.034139 -166.309821 -170.737282
-130.276262 -167.744910 -171.906102
-129.518385 -169.179999 -173.074922
-128.760507 -170.615089 -174.243742
-128.002630 -172.050178 -175.412562
-127.244753 -173.485268 -176.581382
-126.486876 -174.920357 -177.750203
-125.728998 -176.355446 -178.919023
-124.971121 -177.790536 -180.087843
-124.213244 -179.225625 -181.256663
-219.473827 -313.938541 82.893514
-219.038050 -312.686374 81.396125
-218.602272 -311.434206 79.898736
-218.166495 -310.182039 78.401346
-217.730717 -308.929871 76.903957
-217.294940 -307.677704 75.406568
-216.859163 -306.425536 73.909179
-216.423385 -305.173369 72.411789
-215.987608 -303.921201 70.914400
-215.551830 -302.669034 69.417011
-215.116053 -301.416866 67.919621
-214.680276 -300.164699 66.422232
-214.244498 -298.912531 64.924843
-213.808721 -297.660364 63.427454
-213.372943 -296.408196 61.930064
-212.937166 -295.156029 60.432675
-212.501388 -293.903861 58.935286
-212.065611 -292.651694 57.437897
-211.629834 -291.399526 55.940507
-211.194056 -290.147359 54.443118
-210.758279 -288.895191 52.945729
-210.322501 -287.643024 51.448340
-209.886724 -286.390856 49.950950
-209.450947 -285.138689 48.453561
-209.015169 -283.886521 46.956172
-208.579392 -282.634354 45.458782
-208.143614 -281.382186 43.961393
-207.707837 -280.130019 42.464004
-207.272060 -278.877851 40.966615
-206.836282 -277.625684 39.469225
-206.400505 -276.373516 37.971836
-205.964727 -275.121349 36.474447
-205.528950 -273.869181 34.977058
-205.093172 -272.617014 33.479668
-204.657395 -271.364846 31.982279
-204.221618 -270.112679 30.484890
-203.785840 -268.860511 28.987501
-203.350063 -267.608344 27.490111
-202.914285 -266.356176 25.992722
-202.478508 -265.104009 24.495333
-202.042731 -263.851841 22.997943
-201.606953 -262.599674 21.500554
-201.171176 -261.347506 20.003165
-200.735398 -260.095339 18.505776
-200.299621 -258.843171 17.008386
-199.863844 -257.591004 15.510997
-199.428066 -256.338836 14.013608
-198.992289 -255.086669 12.516219
-198.556511 -253.834501 11.018829
-198.120734 -252.582334 9.521440
-197.684956 -251.330166 8.024051
-197.249179 -250.077999 6.526662
-196.813402 -248.825831 5.029272
-196.377624 -247.573664 3.531883
-195.941847 -246.321496 2.034494
-195.506069 -245.069329 0.537104
-195.070292 -243.817161 -0.960285
-194.634515 -242.564994 -2.457674
-194.198737 -241.312826 -3.955063
-193.762960 -240.060659 -5.452453
-193.327182 -238.808491 -6.949842
-192.891405 -237.556324 -8.447231
-192.455628 -236.304157 -9.944620
-192.019850 -235.051989 -11.442010
-191.584073 -233.799822 -12.939399
-191.148295 -232.547654 -14.436788
-190.712518 -231.295487 -15.934177
-190.276740 -230.043319 -17.431567
-189.840963 -228.791152 -18.928956
-189.405186 -227.538984 -20.426345
-114.865545 -333.658907 -47.179171
-116.658970 -334.124104 -46.426032
-118.452395 -334.589301 -45.672893
-120.245819 -335.054498 -44.919753
-122.039244 -335.519696 -44.166614
-123.832669 -335.984893 -43.413475
-125.626094 -336.450090 -42.660335
-127.419519 -336.915287 -41.907196
-129.212944 -337.380485 -41.154057
-131.006369 -337.845682 -40.400917
-132.799793 -338.310879 -39.647778
-134.593218 -338.776076 -38.894639
-136.386643 -339.241274 -38.141499
-138.180068 -339.706471 -37.388360
-139.973493 -340.171668 -36.635221
-141.766918 -340.636865 -35.882081
-143.560342 -341.102062 -35.128942
-145.353767 -341.567260 -34.375803
-147.147192 -342.032457 -33.622663
-148.940617 -342.497654 -32.869524
-150.734042 -342.962851 -32.116385
-152.527467 -343.428049 -31.363245
-154.320892 -343.893246 -30.610106
-156.114316 -344.358443 -29.856967
-157.907741 -344.823640 -29.103827
-159.701166 -345.288837 -28.350688
-161.494591 -345.754035 -27.597549
-163.288016 -346.219232 -26.844409
-165.081441 -346.684429 -26.091270
-166.874865 -347.149626 -25.338131
-168.668290 -347.614824 -24.584991
-170.461715 -348.080021 -23.831852
-172.255140 -348.545218 -23.078713
-174.048565 -349.010415 -22.325573
-175.841990 -349.475612 -21.572434
-177.635415 -349.940810 -20.819295
-179.428839 -350.406007 -20.066155
-181.222264 -350.871204 -19.313016
-183.015689 -351.336401 -18.559877
-184.809114 -351.801599 -17.806737
-186.602539 -352.266796 -17.053598
-188.395964 -352.731993 -16.300459
-190.189388 -353.197190 -15.547319
-191.982813 -353.662387 -14.794180
-193.776238 -354.127585 -14.041041
-195.569663 -354.592782 -13.287901
-197.363088 -355.057979 -12.534762
-199.156513 -355.523176 -11.781623
-200.949938 -355.988374 -11.028483
-202.743362 -356.453571 -10.275344
-204.536787 -356.918768 -9.522204
-206.330212 -357.383965 -8.769065
-208.123637 -357.849162 -8.015926
-209.917062 -358.314360 -7.262786
-211.710487 -358.779557 -6.509647
-213.503911 -359.244754 -5.756508
-215.297336 -359.709951 -5.003368
-217.090761 -360.175149 -4.250229
-218.884186 -360.640346 -3.497090
-220.677611 -361.105543 -2.743950
-222.471036 -361.570740 -1.990811
-224.264461 -362.035937 -1.237672
-226.057885 -362.501135 -0.484532
-227.851310 -362.966332 0.268607
-229.644735 -363.431529 1.021746
-231.438160 -363.896726 1.774886
-233.231585 -364.361924 2.528025
-235.025010 -364.827121 3.281164
-236.818435 -365.292318 4.034304
-238.611859 -365.757515 4.787443
140.977938 -223.346530 356.181418
142.617619 -224.490383 356.236612
144.257300 -225.634236 356.291807
145.896980 -226.778090 356.347002
147.536661 -227.921943 356.402197
149.176342 -229.065796 356.457391
150.816023 -230.209650 356.512586
152.455703 -231.353503 356.567781
154.095384 -232.497357 356.622976
155.735065 -233.641210 356.678171
157.374746 -234.785063 356.733365
159.014426 -235.928917 356.788560
160.654107 -237.072770 356.843755
162.293788 -238.216623 356.898950
163.933469 -239.360477 356.954145
165.573149 -240.504330 357.009339
167.212830 -241.648184 357.064534
168.852511 -242.792037 357.119729
170.492192 -243.935890 357.174924
172.131872 -245.079744 357.230119
173.771553 -246.223597 357.285313
175.411234 -247.367450 357.340508
177.050915 -248.511304 357.395703
178.690596 -249.655157 357.450898
180.330276 -250.799011 357.506093
181.969957 -251.942864 357.561287
183.609638 -253.086717 357.616482
185.249319 -254.230571 357.671677
186.888999 -255.374424 357.726872
188.528680 -256.518277 357.782067
190.168361 -257.662131 357.837261
191.808042 -258.805984 357.892456
193.447722 -259.949837 357.947651
195.087403 -261.093691 358.002846
196.727084 -262.237544 358.058041
198.366765 -263.381398 358.113235
200.006445 -264.525251 358.168430
201.646126 -265.669104 358.223625
203.285807 -266.812958 358.278820
204.925488 -267.956811 358.334015
206.565169 -269.100664 358.389209
208.204849 -270.244518 358.444404
209.844530 -271.388371 358.499599
211.484211 -272.532225 358.554794
213.123892 -273.676078 358.609988
214.763572 -274.819931 358.665183
216.403253 -275.963785 358.720378
218.042934 -277.107638 358.775573
219.682615 -278.251491 358.830768
221.322295 -279.395345 358.885962
222.961976 -280.539198 358.941157
224.601657 -281.683051 358.996352
226.241338 -282.826905 359.051547
227.881018 -283.970758 359.106742
229.520699 -285.114612 359.161936
231.160380 -286.258465 359.217131
232.800061 -287.402318 359.272326
234.439741 -288.546172 359.327521
236.079422 -289.690025 359.382716
237.719103 -290.833878 359.437910
239.358784 -291.977732 359.493105
240.998465 -293.121585 359.548300
242.638145 -294.265439 359.603495
244.277826 -295.409292 359.658690
245.917507 -296.553145 359.713884
247.557188 -297.696999 359.769079
249.196868 -298.840852 359.824274
250.836549 -299.984705 359.879469
252.476230 -301.128559 359.934664
254.115911 -302.272412 359.989858
-175.668690 70.475540 194.362149
-176.902998 71.836923 193.572771
-178.137306 73.198307 192.783392
-179.371614 74.559691 191.994014
-180.605922 75.921075 191.204636
-181.840230 77.282459 190.415258
-183.074538 78.643843 189.625880
-184.308846 80.005227 188.836502
-185.543154 81.366611 188.047123
-186.777462 82.727995 187.257745
-188.011769 84.089378 186.468367
-189.246077 85.450762 185.678989
-190.480385 86.812146 184.889611
-191.714693 88.173530 184.100233
-192.949001 89.534914 183.310854
-194.183309 90.896298 182.521476
-195.417617 92.257682 181.732098
-196.651925 93.619066 180.942720
-197.886233 94.980450 180.153342
-199.120541 96.341833 179.363964
-200.354849 97.703217 178.574585
-201.589156 99.064601 177.785207
-202.823464 100.425985 176.995829
-204.057772 101.787369 176.206451
-205.292080 103.148753 175.417073
-206.526388 104.510137 174.627695
-207.760696 105.871521 173.838316
-208.995004 107.232905 173.048938
-210.229312 108.594288 172.259560
-211.463620 109.955672 171.470182
-212.697928 111.317056 170.680804
-213.932236 112.678440 169.891426
-215.166543 114.039824 169.102047
-216.400851 115.401208 168.312669
-217.635159 116.762592 167.523291
-218.869467 118.123976 166.733913
-220.103775 119.485360 165.944535
-221.338083 120.846743 165.155156
-222.572391 122.208127 164.365778
-223.806699 123.569511 163.576400
-225.041007 124.930895 162.787022
-226.275315 126.292279 161.997644
-227.509623 127.653663 161.208266
-228.743930 129.015047 160.418887
-229.978238 130.376431 159.629509
-231.212546 131.737815 158.840131
-232.446854 133.099198 158.050753
-233.681162 134.460582 157.261375
-234.915470 135.821966 156.471997
-236.149778 137.183350 155.682618
-237.384086 138.544734 154.893240
-238.618394 139.906118 154.103862
-239.852702 141.267502 153.314484
-241.087010 142.628886 152.525106
-242.321317 143.990269 151.735728
-243.555625 145.351653 150.946349
-244.789933 146.713037 150.156971
-246.024241 148.074421 149.367593
-247.258549 149.435805 148.578215
-248.492857 150.797189 147.788837
-249.727165 152.158573 146.999459
-250.961473 153.519957 146.210080
-252.195781 154.881341 145.420702
-253.430089 156.242724 144.631324
-254.664397 157.604108 143.841946
-255.898704 158.965492 143.052568
-257.133012 160.326876 142.263190
-258.367320 161.688260 141.473811
-259.601628 163.049644 140.684433
-260.835936 164.411028 139.895055
-9.067518 6.468370 363.977545
-11.032389 6.503770 364.349067
-12.997261 6.539171 364.720589
-14.962132 6.574572 365.092111
-16.927003 6.609972 365.463633
-18.891874 6.645373 365.835155
-20.856745 6.680774 366.206676
-22.821616 6.716175 366.578198
-24.786487 6.751575 366.949720
-26.751358 6.786976 367.321242
-28.716229 6.822377 367.692764
-30.681100 6.857778 368.064286
-32.645971 6.893178 368.435808
-34.610842 6.928579 368.807330
-36.575713 6.963980 369.178852
-38.540584 6.999380 369.550374
-40.505455 7.034781 369.921896
-42.470326 7.070182 370.293417
-44.435197 7.105583 370.664939
-46.400068 7.140983 371.036461
-48.364939 7.176384 371.407983
-50.329811 7.211785 371.779505
-52.294682 7.247186 372.151027
-54.259553 7.282586 372.522549
-56.224424 7.317987 372.894071
-58.189295 7.353388 373.265593
-60.154166 7.388789 373.637115
-62.119037 7.424189 374.008637
-64.083908 7.459590 374.380159
-66.048779 7.494991 374.751680
-68.013650 7.530391 375.123202
-69.978521 7.565792 375.494724
-71.943392 7.601193 375.866246
-73.908263 7.636594 376.237768
-75.873134 7.671994 376.609290
-77.838005 7.707395 376.980812
-79.802876 7.742796 377.352334
-81.767747 7.778197 377.723856
-83.732618 7.813597 378.095378
-85.697489 7.848998 378.466900
-87.662361 7.884399 378.838421
-89.627232 7.919800 379.209943
-91.592103 7.955200 379.581465
-93.556974 7.990601 379.952987
-95.521845 8.026002 380.324509
-97.486716 8.061402 380.696031
-99.451587 8.096803 381.067553
-101.416458 8.132204 381.439075
-103.381329 8.167605 381.810597
-105.346200 8.203005 382.182119
-107.311071 8.238406 382.553641
-109.275942 8.273807 382.925163
-111.240813 8.309208 383.296684
-113.205684 8.344608 383.668206
-115.170555 8.380009 384.039728
-117.135426 8.415410 384.411250
-119.100297 8.450810 384.782772
-121.065168 8.486211 385.154294
-123.030039 8.521612 385.525816
-124.994911 8.557013 385.897338
-126.959782 8.592413 386.268860
-128.924653 8.627814 386.640382
-130.889524 8.663215 387.011904
-132.854395 8.698616 387.383426
-134.819266 8.734016 387.754947
-136.784137 8.769417 388.126469
-138.749008 8.804818 388.497991
-140.713879 8.840219 388.869513
-142.678750 8.875619 389.241035
-144.643621 8.911020 389.612557
-337.752564 199.276551 323.497641
-335.953701 200.148519 323.558991
-334.154839 201.020488 323.620341
-332.355976 201.892457 323.681691
-330.557113 202.764425 323.743042
-328.758251 203.636394 323.804392
-326.959388 204.508362 323.865742
-325.160525 205.380331 323.927092
-323.361663 206.252300 323.988442
-321.562800 207.124268 324.049792
-319.763937 207.996237 324.111142
-317.965074 208.868205 324.172492
-316.166212 209.740174 324.233842
-314.367349 210.612143 324.295192
-312.568486 211.484111 324.356542
-310.769624 212.356080 324.417892
-308.970761 213.228048 324.479242
-307.171898 214.100017 324.540592
-305.373036 214.971986 324.601942
-303.574173 215.843954 324.663292
-301.775310 216.715923 324.724642
-299.976448 217.587891 324.785992
-298.177585 218.459860 324.847342
-296.378722 219.331829 324.908692
-294.579860 220.203797 324.970042
-292.780997 221.075766 325.031392
-290.982134 221.947735 325.092742
-289.183272 222.819703 325.154092
-287.384409 223.691672 325.215442
-285.585546 224.563640 325.276792
-283.786684 225.435609 325.338142
-281.987821 226.307578 325.399493
-280.188958 227.179546 325.460843
-278.390096 228.051515 325.522193
-276.591233 228.923483 325.583543
-274.792370 229.795452 325.644893
-272.993508 230.667421 325.706243
-271.194645 231.539389 325.767593
-269.395782 232.411358 325.828943
-267.596920 233.283326 325.890293
-265.798057 234.155295 325.951643
-263.999194 235.027264 326.012993
-262.200332 235.899232 326.074343
-260.401469 236.771201 326.135693
-258.602606 237.643169 326.197043
-256.803743 238.515138 326.258393
-255.004881 239.387107 326.319743
-253.206018 240.259075 326.381093
-251.407155 241.131044 326.442443
-249.608293 242.003012 326.503793
-247.809430 242.874981 326.565143
-246.010567 243.746950 326.626493
-244.211705 244.618918 326.687843
-242.412842 245.490887 326.749193
-240.613979 246.362855 326.810543
-238.815117 247.234824 326.871893
-237.016254 248.106793 326.933243
-235.217391 248.978761 326.994593
-233.418529 249.850730 327.055943
-231.619666 250.722698 327.117294
-229.820803 251.594667 327.178644
-228.021941 252.466636 327.239994
-226.223078 253.338604 327.301344
-224.424215 254.210573 327.362694
-222.625353 255.082541 327.424044
-220.826490 255.954510 327.485394
-219.027627 256.826479 327.546744
-217.228765 257.698447 327.608094
-215.429902 258.570416 327.669444
-213.631039 259.442384 327.730794
150.379300 4.456616 -341.503580
150.998853 6.309833 -341.929890
151.618407 8.163050 -342.356200
152.237961 10.016267 -342.782510
152.857514 11.869484 -343.208820
153.477068 13.722701 -343.635130
154.096621 15.575918 -344.061440
154.716175 17.429134 -344.487750
155.335729 19.282351 -344.914060
155.955282 21.135568 -345.340370
156.574836 22.988785 -345.766681
157.194389 24.842002 -346.192991
157.813943 26.695219 -346.619301
158.433497 28.548436 -347.045611
159.053050 30.401653 -347.471921
159.672604 32.254870 -347.898231
160.292157 34.108087 -348.324541
160.911711 35.961304 -348.750851
161.531265 37.814521 -349.177161
162.150818 39.667738 -349.603471
162.770372 41.520955 -350.029781
163.389925 43.374172 -350.456091
164.009479 45.227389 -350.882401
164.629032 47.080606 -351.308711
165.248586 48.933823 -351.735021
165.868140 50.787040 -352.161331
166.487693 52.640257 -352.587641
167.107247 54.493474 -353.013951
167.726800 56.346691 -353.440261
168.346354 58.199908 -353.866571
168.965908 60.053125 -354.292881
169.585461 61.906342 -354.719191
170.205015 63.759559 -355.145501
170.824568 65.612776 -355.571811
171.444122 67.465992 -355.998121
172.063676 69.319209 -356.424431
172.683229 71.172426 -356.850741
173.302783 73.025643 -357.277051
173.922336 74.878860 -357.703361
174.541890 76.732077 -358.129671
175.161443 78.585294 -358.555981
175.780997 80.438511 -358.982291
176.400551 82.291728 -359.408601
177.020104 84.144945 -359.834911
177.639658 85.998162 -360.261221
178.259211 87.851379 -360.687531
178.878765 89.704596 -361.113841
179.498319 91.557813 -361.540152
180.117872 93.411030 -361.966462
180.737426 95.264247 -362.392772
181.356979 97.117464 -362.819082
181.976533 98.970681 -363.245392
182.596087 100.823898 -363.671702
183.215640 102.677115 -364.098012
183.835194 104.530332 -364.524322
184.454747 106.383549 -364.950632
185.074301 108.236766 -365.376942
185.693855 110.089983 -365.803252
186.313408 111.943200 -366.229562
186.932962 113.796417 -366.655872
187.552515 115.649633 -367.082182
188.172069 117.502850 -367.508492
188.791622 119.356067 -367.934802
189.411176 121.209284 -368.361112
190.030730 123.062501 -368.787422
190.650283 124.915718 -369.213732
191.269837 126.768935 -369.640042
191.889390 128.622152 -370.066352
192.508944 130.475369 -370.492662
193.128498 132.328586 -370.918972
35.846820 228.384080 -319.614574
36.901048 226.809463 -318.974896
37.955276 225.234847 -318.335218
39.009504 223.660231 -317.695540
40.063731 222.085615 -317.055862
41.117959 220.510999 -316.416184
42.172187 218.936383 -315.776506
43.226415 217.361767 -315.136828
44.280642 215.787151 -314.497150
45.334870 214.212534 -313.857472
46.389098 212.637918 -313.217794
47.443326 211.063302 -312.578116
48.497553 209.488686 -311.938438
49.551781 207.914070 -311.298760
50.606009 206.339454 -310.659082
51.660237 204.764838 -310.019404
52.714464 203.190222 -309.379726
53.768692 201.615606 -308.740048
54.822920 200.040989 -308.100370
55.877148 198.466373 -307.460692
56.931375 196.891757 -306.821014
57.985603 195.317141 -306.181336
59.039831 193.742525 -305.541658
60.094059 192.167909 -304.901980
61.148286 190.593293 -304.262302
62.202514 189.018677 -303.622624
63.256742 187.444060 -302.982946
64.310970 185.869444 -302.343268
65.365197 184.294828 -301.703590
66.419425 182.720212 -301.063912
67.473653 181.145596 -300.424234
68.527881 179.570980 -299.784556
69.582108 177.996364 -299.144878
70.636336 176.421748 -298.505200
71.690564 174.847132 -297.865522
72.744792 173.272515 -297.225844
73.799020 171.697899 -296.586166
74.853247 170.123283 -295.946488
75.907475 168.548667 -295.306810
76.961703 166.974051 -294.667132
78.015931 165.399435 -294.027454
79.070158 163.824819 -293.387776
80.124386 162.250203 -292.748098
81.178614 160.675586 -292.108420
82.232842 159.100970 -291.468742
83.287069 157.526354 -290.829064
84.341297 155.951738 -290.189386
85.395525 154.377122 -289.549708
86.449753 152.802506 -288.910030
87.503980 151.227890 -288.270352
88.558208 149.653274 -287.630674
89.612436 148.078658 -286.990996
90.666664 146.504041 -286.351318
91.720891 144.929425 -285.711640
92.775119 143.354809 -285.071963
93.829347 141.780193 -284.432285
94.883575 140.205577 -283.792607
95.937802 138.630961 -283.152929
96.992030 137.056345 -282.513251
98.046258 135.481729 -281.873573
99.100486 133.907112 -281.233895
100.154713 132.332496 -280.594217
101.208941 130.757880 -279.954539
102.263169 129.183264 -279.314861
103.317397 127.608648 -278.675183
104.371624 126.034032 -278.035505
105.425852 124.459416 -277.395827
106.480080 122.884800 -276.756149
107.534308 121.310184 -276.116471
108.588535 119.735567 -275.476793
-99.864402 196.586381 36.185469
-99.912569 198.571139 36.427167
-99.960736 200.555896 36.668866
-100.008903 202.540653 36.910565
-100.057070 204.525411 37.152263
-100.105237 206.510168 37.393962
-100.153405 208.494925 37.635660
-100.201572 210.479683 37.877359
-100.249739 212.464440 38.119058
-100.297906 214.449197 38.360756
-100.346073 216.433955 38.602455
-100.394240 218.418712 38.844154
-100.442407 220.403469 39.085852
-100.490574 222.388227 39.327551
-100.538741 224.372984 39.569250
-100.586908 226.357741 39.810948
-100.635075 228.342499 40.052647
-100.683242 230.327256 40.294345
-100.731409 232.312013 40.536044
-100.779576 234.296771 40.777743
-100.827743 236.281528 41.019441
-100.875911 238.266285 41.261140
-100.924078 240.251043 41.502839
-100.972245 242.235800 41.744537
-101.020412 244.220557 41.986236
-101.068579 246.205315 42.227935
-101.116746 248.190072 42.469633
-101.164913 250.174830 42.711332
-101.213080 252.159587 42.953030
-101.261247 254.144344 43.194729
-101.309414 256.129102 43.436428
-101.357581 258.113859 43.678126
-101.405748 260.098616 43.919825
-101.453915 262.083374 44.161524
-101.502082 264.068131 44.403222
-101.550249 266.052888 44.644921
-101.598417 268.037646 44.886620
-101.646584 270.022403 45.128318
-101.694751 272.007160 45.370017
-101.742918 273.991918 45.611715
-101.791085 275.976675 45.853414
-101.839252 277.961432 46.095113
-101.887419 279.946190 46.336811
-101.935586 281.930947 46.578510
-101.983753 283.915704 46.820209
-102.031920 285.900462 47.061907
-102.080087 287.885219 47.303606
-102.128254 289.869976 47.545305
-102.176421 291.854734 47.787003
-102.224588 293.839491 48.028702
-102.272755 295.824248 48.270400
-102.320923 297.809006 48.512099
-102.369090 299.793763 48.753798
-102.417257 301.778520 48.995496
-102.465424 303.763278 49.237195
-102.513591 305.748035 49.478894
-102.561758 307.732792 49.720592
-102.609925 309.717550 49.962291
-102.658092 311.702307 50.203990
-102.706259 313.687064 50.445688
-102.754426 315.671822 50.687387
-102.802593 317.656579 50.929085
-102.850760 319.641336 51.170784
-102.898927 321.626094 51.412483
-102.947094 323.610851 51.654181
-102.995261 325.595608 51.895880
-103.043429 327.580366 52.137579
-103.091596 329.565123 52.379277
-103.139763 331.549880 52.620976
-103.187930 333.534638 52.862675
115.997089 96.211987 -337.050075
114.925003 96.524364 -335.390842
113.852917 96.836740 -333.731610
112.780831 97.149116 -332.072377
111.708745 97.461492 -330.413145
110.636659 97.773868 -328.753912
109.564573 98.086245 -327.094680
108.492487 98.398621 -325.435447
107.420401 98.710997 -323.776214
106.348315 99.023373 -322.116982
105.276229 99.335749 -320.457749
104.204143 99.648125 -318.798517
103.132057 99.960502 -317.139284
102.059971 100.272878 -315.480052
100.987885 100.585254 -313.820819
99.915799 100.897630 -312.161587
98.843713 101.210006 -310.502354
97.771627 101.522383 -308.843121
96.699541 101.834759 -307.183889
95.627455 102.147135 -305.524656
94.555369 102.459511 -303.865424
93.483283 102.771887 -302.206191
92.411197 103.084263 -300.546959
91.339111 103.396640 -298.887726
90.267025 103.709016 -297.228493
89.194939 104.021392 -295.569261
88.122853 104.333768 -293.910028
87.050767 104.646144 -292.250796
85.978681 104.958520 -290.591563
84.906595 105.270897 -288.932331
83.834509 105.583273 -287.273098
82.762423 105.895649 -285.613865
81.690337 106.208025 -283.954633
80.618251 106.520401 -282.295400
79.546165 106.832778 -280.636168
78.474079 107.145154 -278.976935
77.401993 107.457530 -277.317703
76.329907 107.769906 -275.658470
75.257821 108.082282 -273.999237
74.185735 108.394658 -272.340005
73.113649 108.707035 -270.680772
72.041563 109.019411 -269.021540
70.969477 109.331787 -267.362307
69.897391 109.644163 -265.703075
68.825305 109.956539 -264.043842
67.753219 110.268916 -262.384609
66.681133 110.581292 -260.725377
65.609047 110.893668 -259.066144
64.536961 111.206044 -257.406912
63.464875 111.518420 -255.747679
62.392789 111.830796 -254.088447
61.320703 112.143173 -252.429214
60.248617 112.455549 -250.769981
59.176531 112.767925 -249.110749
58.104445 113.080301 -247.451516
57.032359 113.392677 -245.792284
55.960273 113.705054 -244.133051
54.888187 114.017430 -242.473819
53.816101 114.329806 -240.814586
52.744015 114.642182 -239.155353
51.671929 114.954558 -237.496121
50.599843 115.266934 -235.836888
49.527757 115.579311 -234.177656
48.455671 115.891687 -232.518423
47.383585 116.204063 -230.859191
46.311499 116.516439 -229.199958
45.239413 116.828815 -227.540725
44.167327 117.141191 -225.881493
43.095241 117.453568 -224.222260
42.023155 117.765944 -222.563028
359.877714 -191.617320 -272.465011
358.430140 -192.933288 -272.049369
356.982566 -194.249256 -271.633727
355.534992 -195.565224 -271.218085
354.087419 -196.881192 -270.802443
352.639845 -198.197161 -270.386800
351.192271 -199.513129 -269.971158
349.744698 -200.829097 -269.555516
348.297124 -202.145065 -269.139874
346.849550 -203.461033 -268.724232
345.401977 -204.777001 -268.308590
343.954403 -206.092969 -267.892948
342.506829 -207.408937 -267.477306
341.059255 -208.724905 -267.061664
339.611682 -210.040873 -266.646021
338.164108 -211.356841 -266.230379
336.716534 -212.672809 -265.814737
335.268961 -213.988778 -265.399095
333.821387 -215.304746 -264.983453
332.373813 -216.620714 -264.567811
330.926239 -217.936682 -264.152169
329.478666 -219.252650 -263.736527
328.031092 -220.568618 -263.320884
326.583518 -221.884586 -262.905242
325.135945 -223.200554 -262.489600
323.688371 -224.516522 -262.073958
322.240797 -225.832490 -261.658316
320.793224 -227.148458 -261.242674
319.345650 -228.464426 -260.827032
317.898076 -229.780395 -260.411390
316.450502 -231.096363 -259.995747
315.002929 -232.412331 -259.580105
313.555355 -233.728299 -259.164463
312.107781 -235.044267 -258.748821
310.660208 -236.360235 -258.333179
309.212634 -237.676203 -257.917537
307.765060 -238.992171 -257.501895
306.317487 -240.308139 -257.086253
304.869913 -241.624107 -256.670610
303.422339 -242.940075 -256.254968
301.974765 -244.256043 -255.839326
300.527192 -245.572012 -255.423684
299.079618 -246.887980 -255.008042
297.632044 -248.203948 -254.592400
296.184471 -249.519916 -254.176758
294.736897 -250.835884 -253.761116
293.289323 -252.151852 -253.345473
291.841749 -253.467820 -252.929831
290.394176 -254.783788 -252.514189
288.946602 -256.099756 -252.098547
287.499028 -257.415724 -251.682905
286.051455 -258.731692 -251.267263
284.603881 -260.047660 -250.851621
283.156307 -261.363629 -250.435979
281.708734 -262.679597 -250.020336
280.261160 -263.995565 -249.604694
278.813586 -265.311533 -249.189052
277.366012 -266.627501 -248.773410
275.918439 -267.943469 -248.357768
274.470865 -269.259437 -247.942126
273.023291 -270.575405 -247.526484
271.575718 -271.891373 -247.110842
270.128144 -273.207341 -246.695199
268.680570 -274.523309 -246.279557
267.232997 -275.839277 -245.863915
265.785423 -277.155246 -245.448273
264.337849 -278.471214 -245.032631
262.890275 -279.787182 -244.616989
261.442702 -281.103150 -244.201347
259.995128 -282.419118 -243.785705
-187.238904 -183.327902 288.886647
-186.161861 -183.128240 287.213292
-185.084819 -182.928578 285.539938
-184.007777 -182.728916 283.866583
-182.930735 -182.529255 282.193228
-181.853693 -182.329593 280.519874
-180.776651 -182.129931 278.846519
-179.699609 -181.930270 277.173165
-178.622567 -181.730608 275.499810
-177.545524 -181.530946 273.826456
-176.468482 -181.331285 272.153101
-175.391440 -181.131623 270.479747
-174.314398 -180.931961 268.806392
-173.237356 -180.732300 267.133038
-172.160314 -180.532638 265.459683
-171.083272 -180.332976 263.786328
-170.006229 -180.133315 262.112974
-168.929187 -179.933653 260.439619
-167.852145 -179.733991 258.766265
-166.775103 -179.534330 257.092910
-165.698061 -179.334668 255.419556
-164.621019 -179.135006 253.746201
-163.543977 -178.935345 252.072847
-162.466934 -178.735683 250.399492
-161.389892 -178.536021 248.726137
-160.312850 -178.336360 247.052783
-159.235808 -178.136698 245.379428
-158.158766 -177.937036 243.706074
-157.081724 -177.737375 242.032719
-156.004682 -177.537713 240.359365
-154.927639 -177.338051 238.686010
-153.850597 -177.138390 237.012656
-152.773555 -176.938728 235.339301
-151.696513 -176.739066 233.665947
-150.619471 -176.539405 231.992592
-149.542429 -176.339743 230.319237
-148.465387 -176.140081 228.645883
-147.388345 -175.940420 226.972528
-146.311302 -175.740758 225.299174
-145.234260 -175.541096 223.625819
-144.157218 -175.341435 221.952465
-143.080176 -175.141773 220.279110
-142.003134 -174.942111 218.605756
-140.926092 -174.742450 216.932401
-139.849050 -174.542788 215.259046
-138.772007 -174.343126 213.585692
-137.694965 -174.143464 211.912337
-136.617923 -173.943803 210.238983
-135.540881 -173.744141 208.565628
-134.463839 -173.544479 206.892274
-133.386797 -173.344818 205.218919
-132.309755 -173.145156 203.545565
-131.232712 -172.945494 201.872210
-130.155670 -172.745833 200.198856
-129.078628 -172.546171 198.525501
-128.001586 -172.346509 196.852146
-126.924544 -172.146848 195.178792
-125.847502 -171.947186 193.505437
-124.770460 -171.747524 191.832083
-123.693417 -171.547863 190.158728
-122.616375 -171.348201 188.485374
-121.539333 -171.148539 186.812019
-120.462291 -170.948878 185.138665
-119.385249 -170.749216 183.465310
-118.308207 -170.549554 181.791955
-117.231165 -170.349893 180.118601
-116.154123 -170.150231 178.445246
-115.077080 -169.950569 176.771892
-114.000038 -169.750908 175.098537
-112.922996 -169.551246 173.425183
-96.951941 207.365688 -98.670527
-97.046824 209.230565 -97.954126
-97.141706 211.095442 -97.237725
-97.236588 212.960319 -96.521324
-97.331471 214.825196 -95.804923
-97.426353 216.690074 -95.088522
-97.521235 218.554951 -94.372121
-97.616118 220.419828 -93.655720
-97.711000 222.284705 -92.939319
-97.805882 224.149582 -92.222918
-97.900765 226.014460 -91.506517
-97.995647 227.879337 -90.790116
-98.090529 229.744214 -90.073715
-98.185412 231.609091 -89.357314
-98.280294 233.473968 -88.640913
-98.375176 235.338846 -87.924512
-98.470059 237.203723 -87.208111
-98.564941 239.068600 -86.491710
-98.659823 240.933477 -85.775309
-98.754706 242.798354 -85.058908
-98.849588 244.663231 -84.342507
-98.944470 246.528109 -83.626106
-99.039353 248.392986 -82.909705
-99.134235 250.257863 -82.193304
-99.229117 252.122740 -81.476903
-99.324000 253.987617 -80.760502
-99.418882 255.852495 -80.044101
-99.513764 257.717372 -79.327700
-99.608647 259.582249 -78.611299
-99.703529 261.447126 -77.894898
-99.798411 263.312003 -77.178497
-99.893293 265.176881 -76.462096
-99.988176 267.041758 -75.745695
-100.083058 268.906635 -75.029294
-100.177940 270.771512 -74.312893
-100.272823 272.636389 -73.596492
-100.367705 274.501267 -72.880091
-100.462587 276.366144 -72.163690
-100.557470 278.231021 -71.447289
-100.652352 280.095898 -70.730888
-100.747234 281.960775 -70.014487
-100.842117 283.825653 -69.298086
-100.936999 285.690530 -68.581685
-101.031881 287.555407 -67.865284
-101.126764 289.420284 -67.148883
-101.221646 291.285161 -66.432482
-101.316528 293.150038 -65.716081
-101.411411 295.014916 -64.999680
-101.506293 296.879793 -64.283279
-101.601175 298.744670 -63.566878
-101.696058 300.609547 -62.850477
-101.790940 302.474424 -62.134076
-101.885822 304.339302 -61.417675
-101.980705 306.204179 -60.701274
-102.075587 308.069056 -59.984873
-102.170469 309.933933 -59.268472
-102.265352 311.798810 -58.552071
-102.360234 313.663688 -57.835670
-102.455116 315.528565 -57.119269
-102.549999 317.393442 -56.402868
-102.644881 319.258319 -55.686467
-102.739763 321.123196 -54.970066
-102.834646 322.988074 -54.253665
-102.929528 324.852951 -53.537264
-103.024410 326.717828 -52.820863
-103.119293 328.582705 -52.104462
-103.214175 330.447582 -51.388061
-103.309057 332.312460 -50.671660
-103.403940 334.177337 -49.955259
-103.498822 336.042214 -49.238858
162.750869 170.077238 -279.085524
161.205880 169.585507 -277.914538
159.660890 169.093775 -276.743552
158.115901 168.602044 -275.572566
156.570912 168.110312 -274.401581
155.025922 167.618581 -273.230595
153.480933 167.126849 -272.059609
151.935944 166.635118 -270.888623
150.390954 166.143386 -269.717637
148.845965 165.651655 -268.546651
147.300975 165.159923 -267.375665
145.755986 164.668192 -266.204679
144.210997 164.176460 -265.033693
142.666007 163.684729 -263.862708
141.121018 163.192997 -262.691722
139.576028 162.701266 -261.520736
138.031039 162.209534 -260.349750
136.486050 161.717803 -259.178764
134.941060 161.226071 -258.007778
133.396071 160.734340 -256.836792
131.851082 160.242608 -255.665806
130.306092 159.750877 -254.494821
128.761103 159.259145 -253.323835
127.216113 158.767414 -252.152849
125.671124 158.275682 -250.981863
124.126135 157.783951 -249.810877
122.581145 157.292219 -248.639891
121.036156 156.800488 -247.468905
119.491166 156.308757 -246.297919
117.946177 155.817025 -245.126933
116.401188 155.325294 -243.955948
114.856198 154.833562 -242.784962
113.311209 154.341831 -241.613976
111.766220 153.850099 -240.442990
110.221230 153.358368 -239.272004
108.676241 152.866636 -238.101018
107.131251 152.374905 -236.930032
105.586262 151.883173 -235.759046
104.041273 151.391442 -234.588060
102.496283 150.899710 -233.417075
100.951294 150.407979 -232.246089
99.406304 149.916247 -231.075103
97.861315 149.424516 -229.904117
96.316326 148.932784 -228.733131
94.771336 148.441053 -227.562145
93.226347 147.949321 -226.391159
91.681358 147.457590 -225.220173
90.136368 146.965858 -224.049187
88.591379 146.474127 -222.878202
87.046389 145.982395 -221.707216
85.501400 145.490664 -220.536230
83.956411 144.998932 -219.365244
82.411421 144.507201 -218.194258
80.866432 144.015469 -217.023272
79.321442 143.523738 -215.852286
77.776453 143.032006 -214.681300
76.231464 142.540275 -213.510315
74.686474 142.048543 -212.339329
73.141485 141.556812 -211.168343
71.596496 141.065080 -209.997357
70.051506 140.573349 -208.826371
68.506517 140.081617 -207.655385
66.961527 139.589886 -206.484399
65.416538 139.098154 -205.313413
63.871549 138.606423 -204.142427
62.326559 138.114691 -202.971442
60.781570 137.622960 -201.800456
59.236580 137.131228 -200.629470
57.691591 136.639497 -199.458484
56.146602 136.147765 -198.287498
379.949782 -143.620247 -54.306399
378.000477 -143.246502 -54.552421
376.051173 -142.872758 -54.798443
374.101868 -142.499014 -55.044464
372.152563 -142.125270 -55.290486
370.203259 -141.751525 -55.536508
368.253954 -141.377781 -55.782530
366.304650 -141.004037 -56.028552
364.355345 -140.630292 -56.274574
362.406040 -140.256548 -56.520596
360.456736 -139.882804 -56.766618
358.507431 -139.509060 -57.012640
356.558127 -139.135315 -57.258662
354.608822 -138.761571 -57.504684
352.659517 -138.387827 -57.750705
350.710213 -138.014083 -57.996727
348.760908 -137.640338 -58.242749
346.811604 -137.266594 -58.488771
344.862299 -136.892850 -58.734793
342.912994 -136.519106 -58.980815
340.963690 -136.145361 -59.226837
339.014385 -135.771617 -59.472859
337.065081 -135.397873 -59.718881
335.115776 -135.024129 -59.964903
333.166471 -134.650384 -60.210925
331.217167 -134.276640 -60.456947
329.267862 -133.902896 -60.702968
327.318558 -133.529152 -60.948990
325.369253 -133.155407 -61.195012
323.419948 -132.781663 -61.441034
321.470644 -132.407919 -61.687056
319.521339 -132.034174 -61.933078
317.572034 -131.660430 -62.179100
315.622730 -131.286686 -62.425122
313.673425 -130.912942 -62.671144
311.724121 -130.539197 -62.917166
309.774816 -130.165453 -63.163188
307.825511 -129.791709 -63.409209
305.876207 -129.417965 -63.655231
303.926902 -129.044220 -63.901253
301.977598 -128.670476 -64.147275
300.028293 -128.296732 -64.393297
298.078988 -127.922988 -64.639319
296.129684 -127.549243 -64.885341
294.180379 -127.175499 -65.131363
292.231075 -126.801755 -65.377385
290.281770 -126.428011 -65.623407
288.332465 -126.054266 -65.869429
286.383161 -125.680522 -66.115450
284.433856 -125.306778 -66.361472
282.484552 -124.933033 -66.607494
280.535247 -124.559289 -66.853516
278.585942 -124.185545 -67.099538
276.636638 -123.811801 -67.345560
274.687333 -123.438056 -67.591582
272.738029 -123.064312 -67.837604
270.788724 -122.690568 -68.083626
268.839419 -122.316824 -68.329648
266.890115 -121.943079 -68.575670
264.940810 -121.569335 -68.821692
262.991506 -121.195591 -69.067713
261.042201 -120.821847 -69.313735
259.092896 -120.448102 -69.559757
257.143592 -120.074358 -69.805779
255.194287 -119.700614 -70.051801
253.244983 -119.326870 -70.297823
251.295678 -118.953125 -70.543845
249.346373 -118.579381 -70.789867
247.397069 -118.205637 -71.035889
245.447764 -117.831893 -71.281911
-81.427331 32.556007 352.669525
-82.771605 31.079597 352.784163
-84.115879 29.603188 352.898801
-85.460154 28.126778 353.013439
-86.804428 26.650368 353.128076
-88.148702 25.173959 353.242714
-89.492976 23.697549 353.357352
-90.837250 22.221139 353.471990
-92.181524 20.744730 353.586628
-93.525798 19.268320 353.701265
-94.870072 17.791910 353.815903
-96.214346 16.315501 353.930541
-97.558620 14.839091 354.045179
-98.902894 13.362681 354.159816
-100.247168 11.886272 354.274454
-101.591442 10.409862 354.389092
-102.935716 8.933452 354.503730
-104.279990 7.457043 354.618367
-105.624264 5.980633 354.733005
-106.968538 4.504223 354.847643
-108.312812 3.027814 354.962281
-109.657086 1.551404 355.076918
-111.001360 0.074994 355.191556
-112.345634 -1.401415 355.306194
-113.689908 -2.877825 355.420832
-115.034182 -4.354234 355.535470
-116.378456 -5.830644 355.650107
-117.722730 -7.307054 355.764745
-119.067005 -8.783463 355.879383
-120.411279 -10.259873 355.994021
-121.755553 -11.736283 356.108658
-123.099827 -13.212692 356.223296
-124.444101 -14.689102 356.337934
-125.788375 -16.165512 356.452572
-127.132649 -17.641921 356.567209
-128.476923 -19.118331 356.681847
-129.821197 -20.594741 356.796485
-131.165471 -22.071150 356.911123
-132.509745 -23.547560 357.025760
-133.854019 -25.023970 357.140398
-135.198293 -26.500379 357.255036
-136.542567 -27.976789 357.369674
-137.886841 -29.453199 357.484312
-139.231115 -30.929608 357.598949
-140.575389 -32.406018 357.713587
-141.919663 -33.882428 357.828225
-143.263937 -35.358837 357.942863
-144.608211 -36.835247 358.057500
-145.952485 -38.311657 358.172138
-147.296759 -39.788066 358.286776
-148.641033 -41.264476 358.401414
-149.985307 -42.740886 358.516051
-151.329581 -44.217295 358.630689
-152.673855 -45.693705 358.745327
-154.018130 -47.170115 358.859965
-155.362404 -48.646524 358.974602
-156.706678 -50.122934 359.089240
-158.050952 -51.599344 359.203878
-159.395226 -53.075753 359.318516
-160.739500 -54.552163 359.433153
-162.083774 -56.028573 359.547791
-163.428048 -57.504982 359.662429
-164.772322 -58.981392 359.777067
-166.116596 -60.457802 359.891705
-167.460870 -61.934211 360.006342
-168.805144 -63.410621 360.120980
-170.149418 -64.887031 360.235618
-171.493692 -66.363440 360.350256
-172.837966 -67.839850 360.464893
-174.182240 -69.316260 360.579531
-81.145932 -257.514093 -43.762457
-79.449705 -257.824577 -42.749337
-77.753477 -258.135061 -41.736217
-76.057250 -258.445545 -40.723097
-74.361022 -258.756030 -39.709977
-72.664795 -259.066514 -38.696857
-70.968567 -259.376998 -37.683737
-69.272340 -259.687482 -36.670617
-67.576112 -259.997966 -35.657498
-65.879885 -260.308451 -34.644378
-64.183657 -260.618935 -33.631258
-62.487430 -260.929419 -32.618138
-60.791202 -261.239903 -31.605018
-59.094975 -261.550387 -30.591898
-57.398747 -261.860872 -29.578778
-55.702520 -262.171356 -28.565658
-54.006293 -262.481840 -27.552539
-52.310065 -262.792324 -26.539419
-50.613838 -263.102808 -25.526299
-48.917610 -263.413292 -24.513179
-47.221383 -263.723777 -23.500059
-45.525155 -264.034261 -22.486939
-43.828928 -264.344745 -21.473819
-42.132700 -264.655229 -20.460699
-40.436473 -264.965713 -19.447580
-38.740245 -265.276198 -18.434460
-37.044018 -265.586682 -17.421340
-35.347790 -265.897166 -16.408220
-33.651563 -266.207650 -15.395100
-31.955335 -266.518134 -14.381980
-30.259108 -266.828618 -13.368860
-28.562880 -267.139103 -12.355740
-26.866653 -267.449587 -11.342621
-25.170425 -267.760071 -10.329501
-23.474198 -268.070555 -9.316381
-21.777970 -268.381039 -8.303261
-20.081743 -268.691524 -7.290141
-18.385515 -269.002008 -6.277021
-16.689288 -269.312492 -5.263901
-14.993060 -269.622976 -4.250781
-13.296833 -269.933460 -3.237662
-11.600605 -270.243944 -2.224542
-9.904378 -270.554429 -1.211422
-8.208150 -270.864913 -0.198302
-6.511923 -271.175397 0.814818
-4.815695 -271.485881 1.827938
-3.119468 -271.796365 2.841058
-1.423240 -272.106850 3.854178
0.272987 -272.417334 4.867297
1.969215 -272.727818 5.880417
3.665442 -273.038302 6.893537
5.361670 -273.348786 7.906657
7.057897 -273.659270 8.919777
8.754124 -273.969755 9.932897
10.450352 -274.280239 10.946017
12.146579 -274.590723 11.959137
13.842807 -274.901207 12.972256
15.539034 -275.211691 13.985376
17.235262 -275.522176 14.998496
18.931489 -275.832660 16.011616
20.627717 -276.143144 17.024736
22.323944 -276.453628 18.037856
24.020172 -276.764112 19.050976
25.716399 -277.074596 20.064096
27.412627 -277.385081 21.077215
29.108854 -277.695565 22.090335
30.805082 -278.006049 23.103455
32.501309 -278.316533 24.116575
34.197537 -278.627017 25.129695
35.893764 -278.937502 26.142815
317.644060 -169.785778 -218.087882
315.701348 -170.142294 -218.402153
313.758636 -170.498810 -218.716424
311.815924 -170.855326 -219.030695
309.873212 -171.211842 -219.344967
307.930500 -171.568359 -219.659238
305.987788 -171.924875 -219.973509
304.045076 -172.281391 -220.287780
302.102364 -172.637907 -220.602051
300.159652 -172.994423 -220.916323
298.216940 -173.350939 -221.230594
296.274228 -173.707455 -221.544865
294.331516 -174.063971 -221.859136
292.388804 -174.420487 -222.173407
290.446092 -174.777003 -222.487679
288.503380 -175.133519 -222.801950
286.560668 -175.490036 -223.116221
284.617956 -175.846552 -223.430492
282.675244 -176.203068 -223.744764
280.732532 -176.559584 -224.059035
278.789820 -176.916100 -224.373306
276.847108 -177.272616 -224.687577
274.904396 -177.629132 -225.001848
272.961684 -177.985648 -225.316120
271.018972 -178.342164 -225.630391
269.076260 -178.698680 -225.944662
267.133548 -179.055196 -226.258933
265.190836 -179.411713 -226.573204
263.248124 -179.768229 -226.887476
261.305412 -180.124745 -227.201747
259.362700 -180.481261 -227.516018
257.419988 -180.837777 -227.830289
255.477276 -181.194293 -228.144560
253.534564 -181.550809 -228.458832
251.591853 -181.907325 -228.773103
249.649141 -182.263841 -229.087374
247.706429 -182.620357 -229.401645
245.763717 -182.976873 -229.715916
243.821005 -183.333390 -230.030188
241.878293 -183.689906 -230.344459
239.935581 -184.046422 -230.658730
237.992869 -184.402938 -230.973001
236.050157 -184.759454 -231.287272
234.107445 -185.115970 -231.601544
232.164733 -185.472486 -231.915815
230.222021 -185.829002 -232.230086
228.279309 -186.185518 -232.544357
226.336597 -186.542034 -232.858629
224.393885 -186.898550 -233.172900
222.451173 -187.255066 -233.487171
220.508461 -187.611583 -233.801442
218.565749 -187.968099 -234.115713
216.623037 -188.324615 -234.429985
214.680325 -188.681131 -234.744256
212.737613 -189.037647 -235.058527
210.794901 -189.394163 -235.372798
208.852189 -189.750679 -235.687069
206.909477 -190.107195 -236.001341
204.966765 -190.463711 -236.315612
203.024053 -190.820227 -236.629883
201.081341 -191.176743 -236.944154
199.138629 -191.533260 -237.258425
197.195917 -191.889776 -237.572697
195.253205 -192.246292 -237.886968
193.310493 -192.602808 -238.201239
191.367781 -192.959324 -238.515510
189.425069 -193.315840 -238.829781
187.482357 -193.672356 -239.144053
185.539645 -194.028872 -239.458324
183.596933 -194.385388 -239.772595
-244.647665 267.349612 191.246901
-245.272201 269.174685 191.775165
-245.896738 270.999759 192.303428
-246.521274 272.824832 192.831692
-247.145810 274.649905 193.359955
-247.770347 276.474978 193.888219
-248.394883 278.300051 194.416483
-249.019419 280.125124 194.944746
-249.643956 281.950197 195.473010
-250.268492 283.775271 196.001273
-250.893028 285.600344 196.529537
-251.517565 287.425417 197.057800
-252.142101 289.250490 197.586064
-252.766637 291.075563 198.114328
-253.391174 292.900636 198.642591
-254.015710 294.725709 199.170855
-254.640246 296.550782 199.699118
-255.264783 298.375856 200.227382
-255.889319 300.200929 200.755645
-256.513855 302.026002 201.283909
-257.138392 303.851075 201.812173
-257.762928 305.676148 202.340436
-258.387464 307.501221 202.868700
-259.012001 309.326294 203.396963
-259.636537 311.151368 203.925227
-260.261073 312.976441 204.453491
-260.885610 314.801514 204.981754
-261.510146 316.626587 205.510018
-262.134682 318.451660 206.038281
-262.759219 320.276733 206.566545
-263.383755 322.101806 207.094808
-264.008291 323.926880 207.623072
-264.632828 325.751953 208.151336
-265.257364 327.577026 208.679599
-265.881900 329.402099 209.207863
-266.506437 331.227172 209.736126
-267.130973 333.052245 210.264390
-267.755509 334.877318 210.792654
-268.380046 336.702392 211.320917
-269.004582 338.527465 211.849181
-269.629118 340.352538 212.377444
-270.253655 342.177611 212.905708
-270.878191 344.002684 213.433971
-271.502727 345.827757 213.962235
-272.127264 347.652830 214.490499
-272.751800 349.477904 215.018762
-273.376336 351.302977 215.547026
-274.000873 353.128050 216.075289
-274.625409 354.953123 216.603553
-275.249945 356.778196 217.131816
-275.874482 358.603269 217.660080
-276.499018 360.428342 218.188344
-277.123554 362.253415 218.716607
-277.748091 364.078489 219.244871
-278.372627 365.903562 219.773134
-278.997163 367.728635 220.301398
-279.621700 369.553708 220.829662
-280.246236 371.378781 221.357925
-280.870772 373.203854 221.886189
-281.495309 375.028927 222.414452
-282.119845 376.854001 222.942716
-282.744381 378.679074 223.470979
-283.368918 380.504147 223.999243
-283.993454 382.329220 224.527507
-284.617990 384.154293 225.055770
-285.242527 385.979366 225.584034
-285.867063 387.804439 226.112297
-286.491599 389.629513 226.640561
-287.116136 391.454586 227.168825
-287.740672 393.279659 227.697088
-178.916373 -143.649310 -301.638968
-180.807919 -143.106848 -301.281492
-182.699465 -142.564386 -300.924016
-184.591011 -142.021924 -300.566540
-186.482557 -141.479462 -300.209064
-188.374103 -140.937000 -299.851588
-190.265649 -140.394538 -299.494112
-192.157195 -139.852076 -299.136636
-194.048741 -139.309614 -298.779160
-195.940287 -138.767152 -298.421684
-197.831832 -138.224690 -298.064208
-199.723378 -137.682228 -297.706732
-201.614924 -137.139766 -297.349256
-203.506470 -136.597304 -296.991780
-205.398016 -136.054842 -296.634304
-207.289562 -135.512380 -296.276828
-209.181108 -134.969918 -295.919353
-211.072654 -134.427456 -295.561877
-212.964200 -133.884994 -295.204401
-214.855746 -133.342532 -294.846925
-216.747292 -132.800070 -294.489449
-218.638838 -132.257608 -294.131973
-220.530383 -131.715146 -293.774497
-222.421929 -131.172684 -293.417021
-224.313475 -130.630222 -293.059545
-226.205021 -130.087760 -292.702069
-228.096567 -129.545298 -292.344593
-229.988113 -129.002836 -291.987117
-231.879659 -128.460374 -291.629641
-233.771205 -127.917912 -291.272165
-235.662751 -127.375450 -290.914689
-237.554297 -126.832988 -290.557213
-239.445843 -126.290526 -290.199737
-241.337388 -125.748064 -289.842262
-243.228934 -125.205602 -289.484786
-245.120480 -124.663140 -289.127310
-247.012026 -124.120678 -288.769834
-248.903572 -123.578216 -288.412358
-250.795118 -123.035754 -288.054882
-252.686664 -122.493292 -287.697406
-254.578210 -121.950830 -287.339930
-256.469756 -121.408368 -286.982454
-258.361302 -120.865906 -286.624978
-260.252848 -120.323444 -286.267502
-262.144394 -119.780982 -285.910026
-264.035939 -119.238520 -285.552550
-265.927485 -118.696058 -285.195074
-267.819031 -118.153596 -284.837598
-269.710577 -117.611134 -284.480122
-271.602123 -117.068672 -284.122647
-273.493669 -116.526210 -283.765171
-275.385215 -115.983748 -283.407695
-277.276761 -115.441286 -283.050219
-279.168307 -114.898824 -282.692743
-281.059853 -114.356362 -282.335267
-282.951399 -113.813901 -281.977791
-284.842944 -113.271439 -281.620315
-286.734490 -112.728977 -281.262839
-288.626036 -112.186515 -280.905363
-290.517582 -111.644053 -280.547887
-292.409128 -111.101591 -280.190411
-294.300674 -110.559129 -279.832935
-296.192220 -110.016667 -279.475459
-298.083766 -109.474205 -279.117983
-299.975312 -108.931743 -278.760507
-301.866858 -108.389281 -278.403031
-303.758404 -107.846819 -278.045556
-305.649950 -107.304357 -277.688080
-307.541495 -106.761895 -277.330604
-309.433041 -106.219433 -276.973128
-278.930806 -70.699303 -243.133023
-279.948481 -69.103721 -242.486143
-280.966156 -67.508138 -241.839264
-281.983831 -65.912555 -241.192384
-283.001507 -64.316973 -240.545504
-284.019182 -62.721390 -239.898624
-285.036857 -61.125808 -239.251744
-286.054532 -59.530225 -238.604864
-287.072207 -57.934642 -237.957985
-288.089882 -56.339060 -237.311105
-289.107557 -54.743477 -236.664225
-290.125232 -53.147894 -236.017345
-291.142907 -51.552312 -235.370465
-292.160582 -49.956729 -234.723586
-293.178257 -48.361146 -234.076706
-294.195932 -46.765564 -233.429826
-295.213607 -45.169981 -232.782946
-296.231283 -43.574399 -232.136066
-297.248958 -41.978816 -231.489187
-298.266633 -40.383233 -230.842307
-299.284308 -38.787651 -230.195427
-300.301983 -37.192068 -229.548547
-301.319658 -35.596485 -228.901667
-302.337333 -34.000903 -228.254788
-303.355008 -32.405320 -227.607908
-304.372683 -30.809737 -226.961028
-305.390358 -29.214155 -226.314148
-306.408033 -27.618572 -225.667268
-307.425708 -26.022990 -225.020388
-308.443383 -24.427407 -224.373509
-309.461059 -22.831824 -223.726629
-310.478734 -21.236242 -223.079749
-311.496409 -19.640659 -222.432869
-312.514084 -18.045076 -221.785989
-313.531759 -16.449494 -221.139110
-314.549434 -14.853911 -220.492230
-315.567109 -13.258328 -219.845350
-316.584784 -11.662746 -219.198470
-317.602459 -10.067163 -218.551590
-318.620134 -8.471581 -217.904711
-319.637809 -6.875998 -217.257831
-320.655484 -5.280415 -216.610951
-321.673159 -3.684833 -215.964071
-322.690835 -2.089250 -215.317191
-323.708510 -0.493667 -214.670312
-324.726185 1.101915 -214.023432
-325.743860 2.697498 -213.376552
-326.761535 4.293081 -212.729672
-327.779210 5.888663 -212.082792
-328.796885 7.484246 -211.435912
-329.814560 9.079828 -210.789033
-330.832235 10.675411 -210.142153
-331.849910 12.270994 -209.495273
-332.867585 13.866576 -208.848393
-333.885260 15.462159 -208.201513
-334.902935 17.057742 -207.554634
-335.920611 18.653324 -206.907754
-336.938286 20.248907 -206.260874
-337.955961 21.844490 -205.613994
-338.973636 23.440072 -204.967114
-339.991311 25.035655 -204.320235
-341.008986 26.631237 -203.673355
-342.026661 28.226820 -203.026475
-343.044336 29.822403 -202.379595
-344.062011 31.417985 -201.732715
-345.079686 33.013568 -201.085836
-346.097361 34.609151 -200.438956
-347.115036 36.204733 -199.792076
-348.132711 37.800316 -199.145196
-349.150387 39.395899 -198.498316
369.952896 20.913071 100.627208
368.525546 19.582997 101.067181
367.098196 18.252923 101.507154
365.670847 16.922849 101.947126
364.243497 15.592775 102.387099
362.816148 14.262701 102.827072
361.388798 12.932627 103.267045
359.961449 11.602552 103.707017
358.534099 10.272478 104.146990
357.106749 8.942404 104.586963
355.679400 7.612330 105.026936
354.252050 6.282256 105.466908
352.824701 4.952182 105.906881
351.397351 3.622108 106.346854
349.970002 2.292034 106.786827
348.542652 0.961959 107.226799
347.115302 -0.368115 107.666772
345.687953 -1.698189 108.106745
344.260603 -3.028263 108.546718
342.833254 -4.358337 108.986690
341.405904 -5.688411 109.426663
339.978555 -7.018485 109.866636
338.551205 -8.348559 110.306609
337.123855 -9.678634 110.746581
335.696506 -11.008708 111.186554
334.269156 -12.338782 111.626527
332.841807 -13.668856 112.066500
331.414457 -14.998930 112.506472
329.987108 -16.329004 112.946445
328.559758 -17.659078 113.386418
327.132409 -18.989153 113.826391
325.705059 -20.319227 114.266363
324.277709 -21.649301 114.706336
322.850360 -22.979375 115.146309
321.423010 -24.309449 115.586282
319.995661 -25.639523 116.026254
318.568311 -26.969597 116.466227
317.140962 -28.299671 116.906200
315.713612 -29.629746 117.346173
314.286262 -30.959820 117.786145
312.858913 -32.289894 118.226118
311.431563 -33.619968 118.666091
310.004214 -34.950042 119.106064
308.576864 -36.280116 119.546036
307.149515 -37.610190 119.986009
305.722165 -38.940265 120.425982
304.294815 -40.270339 120.865955
302.867466 -41.600413 121.305927
301.440116 -42.930487 121.745900
300.012767 -44.260561 122.185873
298.585417 -45.590635 122.625846
297.158068 -46.920709 123.065818
295.730718 -48.250783 123.505791
294.303368 -49.580858 123.945764
292.876019 -50.910932 124.385737
291.448669 -52.241006 124.825709
290.021320 -53.571080 125.265682
288.593970 -54.901154 125.705655
287.166621 -56.231228 126.145628
285.739271 -57.561302 126.585600
284.311922 -58.891376 127.025573
282.884572 -60.221451 127.465546
281.457222 -61.551525 127.905519
280.029873 -62.881599 128.345491
278.602523 -64.211673 128.785464
277.175174 -65.541747 129.225437
275.747824 -66.871821 129.665410
274.320475 -68.201895 130.105382
272.893125 -69.531970 130.545355
271.465775 -70.862044 130.985328
234.253314 175.796801 -49.347432
234.489012 173.935839 -48.653699
234.724710 172.074877 -47.959966
234.960408 170.213915 -47.266232
235.196106 168.352952 -46.572499
235.431804 166.491990 -45.878766
235.667503 164.631028 -45.185032
235.903201 162.770066 -44.491299
236.138899 160.909104 -43.797565
236.374597 159.048141 -43.103832
236.610295 157.187179 -42.410099
236.845993 155.326217 -41.716365
237.081691 153.465255 -41.022632
237.317390 151.604292 -40.328899
237.553088 149.743330 -39.635165
237.788786 147.882368 -38.941432
238.024484 146.021406 -38.247699
238.260182 144.160444 -37.553965
238.495880 142.299481 -36.860232
238.731578 140.438519 -36.166499
238.967276 138.577557 -35.472765
239.202975 136.716595 -34.779032
239.438673 134.855632 -34.085298
239.674371 132.994670 -33.391565
239.910069 131.133708 -32.697832
240.145767 129.272746 -32.004098
240.381465 127.411783 -31.310365
240.617163 125.550821 -30.616632
240.852861 123.689859 -29.922898
241.088560 121.828897 -29.229165
241.324258 119.967935 -28.535432
241.559956 118.106972 -27.841698
241.795654 116.246010 -27.147965
242.031352 114.385048 -26.454232
242.267050 112.524086 -25.760498
242.502748 110.663123 -25.066765
242.738447 108.802161 -24.373032
242.974145 106.941199 -23.679298
243.209843 105.080237 -22.985565
243.445541 103.219274 -22.291831
243.681239 101.358312 -21.598098
243.916937 99.497350 -20.904365
244.152635 97.636388 -20.210631
244.388333 95.775426 -19.516898
244.624032 93.914463 -18.823165
244.859730 92.053501 -18.129431
245.095428 90.192539 -17.435698
245.331126 88.331577 -16.741965
245.566824 86.470614 -16.048231
245.802522 84.609652 -15.354498
246.038220 82.748690 -14.660765
246.273918 80.887728 -13.967031
246.509617 79.026765 -13.273298
246.745315 77.165803 -12.579564
246.981013 75.304841 -11.885831
247.216711 73.443879 -11.192098
247.452409 71.582917 -10.498364
247.688107 69.721954 -9.804631
247.923805 67.860992 -9.110898
248.159503 66.000030 -8.417164
248.395202 64.139068 -7.723431
248.630900 62.278105 -7.029698
248.866598 60.417143 -6.335964
249.102296 58.556181 -5.642231
249.337994 56.695219 -4.948498
249.573692 54.834256 -4.254764
249.809390 52.973294 -3.561031
250.045089 51.112332 -2.867297
250.280787 49.251370 -2.173564
250.516485 47.390408 -1.479831
173.912389 247.273806 98.313149
172.433551 246.616294 99.488188
170.954713 245.958782 100.663227
169.475874 245.301271 101.838265
167.997036 244.643759 103.013304
166.518198 243.986247 104.188343
165.039360 243.328735 105.363381
163.560522 242.671223 106.538420
162.081684 242.013711 107.713458
160.602845 241.356200 108.888497
159.124007 240.698688 110.063536
157.645169 240.041176 111.238574
156.166331 239.383664 112.413613
154.687493 238.726152 113.588652
153.208654 238.068641 114.763690
151.729816 237.411129 115.938729
150.250978 236.753617 117.113768
148.772140 236.096105 118.288806
147.293302 235.438593 119.463845
145.814463 234.781081 120.638883
144.335625 234.123570 121.813922
142.856787 233.466058 122.988961
141.377949 232.808546 124.163999
139.899111 232.151034 125.339038
138.420272 231.493522 126.514077
136.941434 230.836011 127.689115
135.462596 230.178499 128.864154
133.983758 229.520987 130.039193
132.504920 228.863475 131.214231
131.026081 228.205963 132.389270
129.547243 227.548451 133.564309
128.068405 226.890940 134.739347
126.589567 226.233428 135.914386
125.110729 225.575916 137.089424
123.631891 224.918404 138.264463
122.153052 224.260892 139.439502
120.674214 223.603381 140.614540
119.195376 222.945869 141.789579
117.716538 222.288357 142.964618
116.237700 221.630845 144.139656
114.758861 220.973333 145.314695
113.280023 220.315821 146.489734
111.801185 219.658310 147.664772
110.322347 219.000798 148.839811
108.843509 218.343286 150.014849
107.364670 217.685774 151.189888
105.885832 217.028262 152.364927
104.406994 216.370751 153.539965
102.928156 215.713239 154.715004
101.449318 215.055727 155.890043
99.970479 214.398215 157.065081
98.491641 213.740703 158.240120
97.012803 213.083191 159.415159
95.533965 212.425680 160.590197
94.055127 211.768168 161.765236
92.576288 211.110656 162.940275
91.097450 210.453144 164.115313
89.618612 209.795632 165.290352
88.139774 209.138121 166.465390
86.660936 208.480609 167.640429
85.182098 207.823097 168.815468
83.703259 207.165585 169.990506
82.224421 206.508073 171.165545
80.745583 205.850561 172.340584
79.266745 205.193050 173.515622
77.787907 204.535538 174.690661
76.309068 203.878026 175.865700
74.830230 203.220514 177.040738
73.351392 202.563002 178.215777
71.872554 201.905491 179.390816
-289.854516 366.928260 225.957711
-289.737369 364.952476 225.670384
-289.620222 362.976693 225.383057
-289.503076 361.000910 225.095729
-289.385929 359.025126 224.808402
-289.268782 357.049343 224.521074
-289.151636 355.073560 224.233747
-289.034489 353.097776 223.946420
-288.917342 351.121993 223.659092
-288.800195 349.146210 223.371765
-288.683049 347.170427 223.084438
-288.565902 345.194643 222.797110
-288.448755 343.218860 222.509783
-288.331609 341.243077 222.222456
-288.214462 339.267293 221.935128
-288.097315 337.291510 221.647801
-287.980169 335.315727 221.360474
-287.863022 333.339943 221.073146
-287.745875 331.364160 220.785819
-287.628728 329.388377 220.498492
-287.511582 327.412594 220.211164
-287.394435 325.436810 219.923837
-287.277288 323.461027 219.636510
-287.160142 321.485244 219.349182
-287.042995 319.509460 219.061855
-286.925848 317.533677 218.774528
-286.808702 315.557894 218.487200
-286.691555 313.582110 218.199873
-286.574408 311.606327 217.912545
-286.457261 309.630544 217.625218
-286.340115 307.654761 217.337891
-286.222968 305.678977 217.050563
-286.105821 303.703194 216.763236
-285.988675 301.727411 216.475909
-285.871528 299.751627 216.188581
-285.754381 297.775844 215.901254
-285.637235 295.800061 215.613927
-285.520088 293.824277 215.326599
-285.402941 291.848494 215.039272
-285.285794 289.872711 214.751945
-285.168648 287.896928 214.464617
-285.051501 285.921144 214.177290
-284.934354 283.945361 213.889963
-284.817208 281.969578 213.602635
-284.700061 279.993794 213.315308
-284.582914 278.018011 213.027981
-284.465768 276.042228 212.740653
-284.348621 274.066444 212.453326
-284.231474 272.090661 212.165999
-284.114328 270.114878 211.878671
-283.997181 268.139095 211.591344
-283.880034 266.163311 211.304016
-283.762887 264.187528 211.016689
-283.645741 262.211745 210.729362
-283.528594 260.235961 210.442034
-283.411447 258.260178 210.154707
-283.294301 256.284395 209.867380
-283.177154 254.308611 209.580052
-283.060007 252.332828 209.292725
-282.942861 250.357045 209.005398
-282.825714 248.381262 208.718070
-282.708567 246.405478 208.430743
-282.591420 244.429695 208.143416
-282.474274 242.453912 207.856088
-282.357127 240.478128 207.568761
-282.239980 238.502345 207.281434
-282.122834 236.526562 206.994106
-282.005687 234.550778 206.706779
-281.888540 232.574995 206.419452
-281.771394 230.599212 206.132124
-120.661922 310.430215 399.999054
-122.402727 309.767539 399.270730
-124.143533 309.104863 398.542406
-125.884339 308.442188 397.814082
-127.625145 307.779512 397.085758
-129.365950 307.116836 396.357434
-131.106756 306.454160 395.629110
-132.847562 305.791484 394.900785
-134.588367 305.128808 394.172461
-136.329173 304.466132 393.444137
-138.069979 303.803456 392.715813
-139.810785 303.140780 391.987489
-141.551590 302.478104 391.259165
-143.292396 301.815428 390.530841
-145.033202 301.152752 389.802516
-146.774007 300.490076 389.074192
-148.514813 299.827400 388.345868
-150.255619 299.164724 387.617544
-151.996425 298.502049 386.889220
-153.737230 297.839373 386.160896
-155.478036 297.176697 385.432572
-157.218842 296.514021 384.704248
-158.959648 295.851345 383.975923
-160.700453 295.188669 383.247599
-162.441259 294.525993 382.519275
-164.182065 293.863317 381.790951
-165.922870 293.200641 381.062627
-167.663676 292.537965 380.334303
-169.404482 291.875289 379.605979
-171.145288 291.212613 378.877654
-172.886093 290.549937 378.149330
-174.626899 289.887261 377.421006
-176.367705 289.224586 376.692682
-178.108511 288.561910 375.964358
-179.849316 287.899234 375.236034
-181.590122 287.236558 374.507710
-183.330928 286.573882 373.779386
-185.071733 285.911206 373.051061
-186.812539 285.248530 372.322737
-188.553345 284.585854 371.594413
-190.294151 283.923178 370.866089
-192.034956 283.260502 370.137765
-193.775762 282.597826 369.409441
-195.516568 281.935150 368.681117
-197.257373 281.272474 367.952792
-198.998179 280.609798 367.224468
-200.738985 279.947123 366.496144
-202.479791 279.284447 365.767820
-204.220596 278.621771 365.039496
-205.961402 277.959095 364.311172
-207.702208 277.296419 363.582848
-209.443014 276.633743 362.854524
-211.183819 275.971067 362.126199
-212.924625 275.308391 361.397875
-214.665431 274.645715 360.669551
-216.406236 273.983039 359.941227
-218.147042 273.320363 359.212903
-219.887848 272.657687 358.484579
-221.628654 271.995011 357.756255
-223.369459 271.332335 357.027930
-225.110265 270.669659 356.299606
-226.851071 270.006984 355.571282
-228.591877 269.344308 354.842958
-230.332682 268.681632 354.114634
-232.073488 268.018956 353.386310
-233.814294 267.356280 352.657986
-235.555099 266.693604 351.929662
-237.295905 266.030928 351.201337
-239.036711 265.368252 350.473013
-240.777517 264.705576 349.744689
300.536073 -23.538313 129.004368
299.447536 -23.550963 130.682142
298.358998 -23.563614 132.359916
297.270461 -23.576264 134.037690
296.181923 -23.588914 135.715464
295.093386 -23.601564 137.393239
294.004849 -23.614214 139.071013
292.916311 -23.626864 140.748787
291.827774 -23.639515 142.426561
290.739236 -23.652165 144.104335
289.650699 -23.664815 145.782110
288.562161 -23.677465 147.459884
287.473624 -23.690115 149.137658
286.385087 -23.702765 150.815432
285.296549 -23.715416 152.493206
284.208012 -23.728066 154.170981
283.119474 -23.740716 155.848755
282.030937 -23.753366 157.526529
280.942399 -23.766016 159.204303
279.853862 -23.778666 160.882077
278.765325 -23.791316 162.559852
277.676787 -23.803967 164.237626
276.588250 -23.816617 165.915400
275.499712 -23.829267 167.593174
274.411175 -23.841917 169.270948
273.322638 -23.854567 170.948723
272.234100 -23.867217 172.626497
271.145563 -23.879868 174.304271
270.057025 -23.892518 175.982045
268.968488 -23.905168 177.659819
267.879950 -23.917818 179.337594
266.791413 -23.930468 181.015368
265.702876 -23.943118 182.693142
264.614338 -23.955769 184.370916
263.525801 -23.968419 186.048690
262.437263 -23.981069 187.726465
261.348726 -23.993719 189.404239
260.260189 -24.006369 191.082013
259.171651 -24.019019 192.759787
258.083114 -24.031670 194.437561
256.994576 -24.044320 196.115336
255.906039 -24.056970 197.793110
254.817501 -24.069620 199.470884
253.728964 -24.082270 201.148658
252.640427 -24.094920 202.826432
251.551889 -24.107570 204.504207
250.463352 -24.120221 206.181981
249.374814 -24.132871 207.859755
248.286277 -24.145521 209.537529
247.197739 -24.158171 211.215303
246.109202 -24.170821 212.893078
245.020665 -24.183471 214.570852
243.932127 -24.196122 216.248626
242.843590 -24.208772 217.926400
241.755052 -24.221422 219.604174
240.666515 -24.234072 221.281949
239.577978 -24.246722 222.959723
238.489440 -24.259372 224.637497
237.400903 -24.272023 226.315271
236.312365 -24.284673 227.993045
235.223828 -24.297323 229.670820
234.135290 -24.309973 231.348594
233.046753 -24.322623 233.026368
231.958216 -24.335273 234.704142
230.869678 -24.347923 236.381916
229.781141 -24.360574 238.059691
228.692603 -24.373224 239.737465
227.604066 -24.385874 241.415239
226.515529 -24.398524 243.093013
225.426991 -24.411174 244.770787
-11.721227 167.918874 377.733763
-11.954917 168.171180 375.763552
-12.188607 168.423486 373.793342
-12.422297 168.675792 371.823131
-12.655987 168.928098 369.852920
-12.889677 169.180403 367.882709
-13.123367 169.432709 365.912498
-13.357057 169.685015 363.942287
-13.590747 169.937321 361.972076
-13.824437 170.189627 360.001866
-14.058127 170.441933 358.031655
-14.291817 170.694238 356.061444
-14.525507 170.946544 354.091233
-14.759197 171.198850 352.121022
-14.992887 171.451156 350.150811
-15.226577 171.703462 348.180601
-15.460267 171.955767 346.210390
-15.693957 172.208073 344.240179
-15.927647 172.460379 342.269968
-16.161337 172.712685 340.299757
-16.395027 172.964991 338.329546
-16.628717 173.217297 336.359336
-16.862407 173.469602 334.389125
-17.096097 173.721908 332.418914
-17.329787 173.974214 330.448703
-17.563477 174.226520 328.478492
-17.797167 174.478826 326.508281
-18.030857 174.731131 324.538071
-18.264547 174.983437 322.567860
-18.498237 175.235743 320.597649
-18.731927 175.488049 318.627438
-18.965617 175.740355 316.657227
-19.199307 175.992661 314.687016
-19.432997 176.244966 312.716805
-19.666687 176.497272 310.746595
-19.900377 176.749578 308.776384
-20.134067 177.001884 306.806173
-20.367757 177.254190 304.835962
-20.601447 177.506495 302.865751
-20.835137 177.758801 300.895540
-21.068827 178.011107 298.925330
-21.302517 178.263413 296.955119
-21.536207 178.515719 294.984908
-21.769897 178.768025 293.014697
-22.003587 179.020330 291.044486
-22.237277 179.272636 289.074275
-22.470967 179.524942 287.104065
-22.704657 179.777248 285.133854
-22.938347 180.029554 283.163643
-23.172037 180.281859 281.193432
-23.405727 180.534165 279.223221
-23.639417 180.786471 277.253010
-23.873107 181.038777 275.282800
-24.106797 181.291083 273.312589
-24.340487 181.543388 271.342378
-24.574177 181.795694 269.372167
-24.807867 182.048000 267.401956
-25.041557 182.300306 265.431745
-25.275247 182.552612 263.461534
-25.508937 182.804918 261.491324
-25.742627 183.057223 259.521113
-25.976317 183.309529 257.550902
-26.210007 183.561835 255.580691
-26.443697 183.814141 253.610480
-26.677387 184.066447 251.640269
-26.911077 184.318752 249.670059
-27.144767 184.571058 247.699848
-27.378457 184.823364 245.729637
-27.612148 185.075670 243.759426
-27.845838 185.327976 241.789215
295.450425 337.485077 228.398460
294.508947 335.845937 229.051789
293.567468 334.206797 229.705118
292.625989 332.567658 230.358447
291.684510 330.928518 231.011775
290.743031 329.289378 231.665104
289.801552 327.650239 232.318433
288.860074 326.011099 232.971762
287.918595 324.371959 233.625091
286.977116 322.732820 234.278420
286.035637 321.093680 234.931749
285.094158 319.454540 235.585078
284.152679 317.815400 236.238407
283.211201 316.176261 236.891736
282.269722 314.537121 237.545064
281.328243 312.897981 238.198393
280.386764 311.258842 238.851722
279.445285 309.619702 239.505051
278.503806 307.980562 240.158380
277.562328 306.341423 240.811709
276.620849 304.702283 241.465038
275.679370 303.063143 242.118367
274.737891 301.424003 242.771696
273.796412 299.784864 243.425025
272.854933 298.145724 244.078353
271.913455 296.506584 244.731682
270.971976 294.867445 245.385011
270.030497 293.228305 246.038340
269.089018 291.589165 246.691669
268.147539 289.950026 247.344998
267.206060 288.310886 247.998327
266.264582 286.671746 248.651656
265.323103 285.032606 249.304985
264.381624 283.393467 249.958314
263.440145 281.754327 250.611642
262.498666 280.115187 251.264971
261.557187 278.476048 251.918300
260.615709 276.836908 252.571629
259.674230 275.197768 253.224958
258.732751 273.558629 253.878287
257.791272 271.919489 254.531616
256.849793 270.280349 255.184945
255.908314 268.641209 255.838274
254.966836 267.002070 256.491603
254.025357 265.362930 257.144932
253.083878 263.723790 257.798260
252.142399 262.084651 258.451589
251.200920 260.445511 259.104918
250.259441 258.806371 259.758247
249.317963 257.167232 260.411576
248.376484 255.528092 261.064905
247.435005 253.888952 261.718234
246.493526 252.249812 262.371563
245.552047 250.610673 263.024892
244.610568 248.971533 263.678221
243.669090 247.332393 264.331549
242.727611 245.693254 264.984878
241.786132 244.054114 265.638207
240.844653 242.414974 266.291536
239.903174 240.775835 266.944865
238.961695 239.136695 267.598194
238.020217 237.497555 268.251523
237.078738 235.858415 268.904852
236.137259 234.219276 269.558181
235.195780 232.580136 270.211510
234.254301 230.940996 270.864838
233.312822 229.301857 271.518167
232.371344 227.662717 272.171496
231.429865 226.023577 272.824825
230.488386 224.384438 273.478154
43.675084 -216.966136 171.970076
42.596962 -215.285645 172.086700
41.518840 -213.605154 172.203324
40.440717 -211.924662 172.319948
39.362595 -210.244171 172.436572
38.284473 -208.563680 172.553196
37.206350 -206.883188 172.669820
36.128228 -205.202697 172.786444
35.050106 -203.522206 172.903068
33.971983 -201.841714 173.019692
32.893861 -200.161223 173.136315
31.815738 -198.480732 173.252939
30.737616 -196.800240 173.369563
29.659494 -195.119749 173.486187
28.581371 -193.439258 173.602811
27.503249 -191.758766 173.719435
26.425127 -190.078275 173.836059
25.347004 -188.397784 173.952683
24.268882 -186.717292 174.069307
23.190760 -185.036801 174.185931
22.112637 -183.356310 174.302554
21.034515 -181.675818 174.419178
19.956393 -179.995327 174.535802
18.878270 -178.314836 174.652426
17.800148 -176.634344 174.769050
16.722026 -174.953853 174.885674
15.643903 -173.273362 175.002298
14.565781 -171.592871 175.118922
13.487659 -169.912379 175.235546
12.409536 -168.231888 175.352170
11.331414 -166.551397 175.468793
10.253292 -164.870905 175.585417
9.175169 -163.190414 175.702041
8.097047 -161.509923 175.818665
7.018925 -159.829431 175.935289
5.940802 -158.148940 176.051913
4.862680 -156.468449 176.168537
3.784558 -154.787957 176.285161
2.706435 -153.107466 176.401785
1.628313 -151.426975 176.518409
0.550190 -149.746483 176.635032
-0.527932 -148.065992 176.751656
-1.606054 -146.385501 176.868280
-2.684177 -144.705009 176.984904
-3.762299 -143.024518 177.101528
-4.840421 -141.344027 177.218152
-5.918544 -139.663535 177.334776
-6.996666 -137.983044 177.451400
-8.074788 -136.302553 177.568024
-9.152911 -134.622062 177.684648
-10.231033 -132.941570 177.801272
-11.309155 -131.261079 177.917895
-12.387278 -129.580588 178.034519
-13.465400 -127.900096 178.151143
-14.543522 -126.219605 178.267767
-15.621645 -124.539114 178.384391
-16.699767 -122.858622 178.501015
-17.777889 -121.178131 178.617639
-18.856012 -119.497640 178.734263
-19.934134 -117.817148 178.850887
-21.012256 -116.136657 178.967511
-22.090379 -114.456166 179.084134
-23.168501 -112.775674 179.200758
-24.246623 -111.095183 179.317382
-25.324746 -109.414692 179.434006
-26.402868 -107.734200 179.550630
-27.480990 -106.053709 179.667254
-28.559113 -104.373218 179.783878
-29.637235 -102.692726 179.900502
-30.715358 -101.012235 180.017126
315.768353 -18.349444 -239.160672
314.172190 -19.432121 -239.689893
312.576027 -20.514797 -240.219115
310.979864 -21.597474 -240.748336
309.383701 -22.680150 -241.277558
307.787538 -23.762827 -241.806779
306.191375 -24.845503 -242.336001
304.595212 -25.928180 -242.865222
302.999049 -27.010856 -243.394444
301.402886 -28.093533 -243.923665
299.806723 -29.176209 -244.452887
298.210560 -30.258885 -244.982108
296.614397 -31.341562 -245.511330
295.018234 -32.424238 -246.040551
293.422071 -33.506915 -246.569773
291.825908 -34.589591 -247.098994
290.229745 -35.672268 -247.628216
288.633582 -36.754944 -248.157437
287.037419 -37.837621 -248.686659
285.441256 -38.920297 -249.215880
283.845093 -40.002974 -249.745102
282.248930 -41.085650 -250.274323
280.652767 -42.168326 -250.803545
279.056604 -43.251003 -251.332766
277.460441 -44.333679 -251.861988
275.864278 -45.416356 -252.391209
274.268115 -46.499032 -252.920431
272.671952 -47.581709 -253.449652
271.075789 -48.664385 -253.978874
269.479626 -49.747062 -254.508095
267.883463 -50.829738 -255.037317
266.287300 -51.912415 -255.566538
264.691137 -52.995091 -256.095760
263.094974 -54.077767 -256.624981
261.498811 -55.160444 -257.154203
259.902648 -56.243120 -257.683424
258.306485 -57.325797 -258.212646
256.710322 -58.408473 -258.741867
255.114159 -59.491150 -259.271089
253.517996 -60.573826 -259.800310
251.921833 -61.656503 -260.329532
250.325670 -62.739179 -260.858753
248.729507 -63.821856 -261.387975
247.133344 -64.904532 -261.917196
245.537181 -65.987208 -262.446418
243.941018 -67.069885 -262.975639
242.344855 -68.152561 -263.504861
240.748692 -69.235238 -264.034082
239.152529 -70.317914 -264.563304
237.556366 -71.400591 -265.092525
235.960203 -72.483267 -265.621746
234.364040 -73.565944 -266.150968
232.767877 -74.648620 -266.680189
231.171714 -75.731296 -267.209411
229.575551 -76.813973 -267.738632
227.979388 -77.896649 -268.267854
226.383225 -78.979326 -268.797075
224.787062 -80.062002 -269.326297
223.190899 -81.144679 -269.855518
221.594736 -82.227355 -270.384740
219.998573 -83.310032 -270.913961
218.402410 -84.392708 -271.443183
216.806247 -85.475385 -271.972404
215.210084 -86.558061 -272.501626
213.613921 -87.640737 -273.030847
212.017758 -88.723414 -273.560069
210.421595 -89.806090 -274.089290
208.825432 -90.888767 -274.618512
207.229269 -91.971443 -275.147733
205.633106 -93.054120 -275.676955
-272.802171 185.394271 326.105641
-273.602956 184.628077 324.440801
-274.403741 183.861883 322.775962
-275.204526 183.095689 321.111123
-276.005311 182.329495 319.446283
-276.806096 181.563301 317.781444
-277.606880 180.797107 316.116604
-278.407665 180.030913 314.451765
-279.208450 179.264718 312.786926
-280.009235 178.498524 311.122086
-280.810020 177.732330 309.457247
-281.610805 176.966136 307.792407
-282.411590 176.199942 306.127568
-283.212375 175.433748 304.462729
-284.013160 174.667554 302.797889
-284.813945 173.901360 301.133050
-285.614729 173.135166 299.468210
-286.415514 172.368972 297.803371
-287.216299 171.602778 296.138532
-288.017084 170.836584 294.473692
-288.817869 170.070390 292.808853
-289.618654 169.304196 291.144013
-290.419439 168.538002 289.479174
-291.220224 167.771808 287.814335
-292.021009 167.005613 286.149495
-292.821794 166.239419 284.484656
-293.622578 165.473225 282.819817
-294.423363 164.707031 281.154977
-295.224148 163.940837 279.490138
-296.024933 163.174643 277.825298
-296.825718 162.408449 276.160459
-297.626503 161.642255 274.495620
-298.427288 160.876061 272.830780
-299.228073 160.109867 271.165941
-300.028858 159.343673 269.501101
-300.829643 158.577479 267.836262
-301.630427 157.811285 266.171423
-302.431212 157.045091 264.506583
-303.231997 156.278897 262.841744
-304.032782 155.512703 261.176904
-304.833567 154.746508 259.512065
-305.634352 153.980314 257.847226
-306.435137 153.214120 256.182386
-307.235922 152.447926 254.517547
-308.036707 151.681732 252.852707
-308.837492 150.915538 251.187868
-309.638276 150.149344 249.523029
-310.439061 149.383150 247.858189
-311.239846 148.616956 246.193350
-312.040631 147.850762 244.528510
-312.841416 147.084568 242.863671
-313.642201 146.318374 241.198832
-314.442986 145.552180 239.533992
-315.243771 144.785986 237.869153
-316.044556 144.019792 236.204314
-316.845341 143.253598 234.539474
-317.646125 142.487403 232.874635
-318.446910 141.721209 231.209795
-319.247695 140.955015 229.544956
-320.048480 140.188821 227.880117
-320.849265 139.422627 226.215277
-321.650050 138.656433 224.550438
-322.450835 137.890239 222.885598
-323.251620 137.124045 221.220759
-324.052405 136.357851 219.555920
-324.853190 135.591657 217.891080
-325.653974 134.825463 216.226241
-326.454759 134.059269 214.561401
-327.255544 133.293075 212.896562
-328.056329 132.526881 211.231723
-335.529558 -23.772777 -116.940901
-333.617711 -24.350473 -117.046311
-331.705865 -24.928169 -117.151721
-329.794019 -25.505865 -117.257131
-327.882173 -26.083561 -117.362541
-325.970327 -26.661257 -117.467950
-324.058480 -27.238953 -117.573360
-322.146634 -27.816649 -117.678770
-320.234788 -28.394346 -117.784180
-318.322942 -28.972042 -117.889590
-316.411095 -29.549738 -117.995000
-314.499249 -30.127434 -118.100409
-312.587403 -30.705130 -118.205819
-310.675557 -31.282826 -118.311229
-308.763711 -31.860522 -118.416639
-306.851864 -32.438218 -118.522049
-304.940018 -33.015914 -118.627459
-303.028172 -33.593611 -118.732869
-301.116326 -34.171307 -118.838278
-299.204479 -34.749003 -118.943688
-297.292633 -35.326699 -119.049098
-295.380787 -35.904395 -119.154508
-293.468941 -36.482091 -119.259918
-291.557095 -37.059787 -119.365328
-289.645248 -37.637483 -119.470737
-287.733402 -38.215179 -119.576147
-285.821556 -38.792875 -119.681557
-283.909710 -39.370572 -119.786967
-281.997863 -39.948268 -119.892377
-280.086017 -40.525964 -119.997787
-278.174171 -41.103660 -120.103196
-276.262325 -41.681356 -120.208606
-274.350479 -42.259052 -120.314016
-272.438632 -42.836748 -120.419426
-270.526786 -43.414444 -120.524836
-268.614940 -43.992140 -120.630246
-266.703094 -44.569837 -120.735655
-264.791247 -45.147533 -120.841065
-262.879401 -45.725229 -120.946475
-260.967555 -46.302925 -121.051885
-259.055709 -46.880621 -121.157295
-257.143863 -47.458317 -121.262705
-255.232016 -48.036013 -121.368114
-253.320170 -48.613709 -121.473524
-251.408324 -49.191405 -121.578934
-249.496478 -49.769102 -121.684344
-247.584631 -50.346798 -121.789754
-245.672785 -50.924494 -121.895164
-243.760939 -51.502190 -122.000573
-241.849093 -52.079886 -122.105983
-239.937247 -52.657582 -122.211393
-238.025400 -53.235278 -122.316803
-236.113554 -53.812974 -122.422213
-234.201708 -54.390670 -122.527623
-232.289862 -54.968366 -122.633032
-230.378015 -55.546063 -122.738442
-228.466169 -56.123759 -122.843852
-226.554323 -56.701455 -122.949262
-224.642477 -57.279151 -123.054672
-222.730631 -57.856847 -123.160082
-220.818784 -58.434543 -123.265491
-218.906938 -59.012239 -123.370901
-216.995092 -59.589935 -123.476311
-215.083246 -60.167631 -123.581721
-213.171399 -60.745328 -123.687131
-211.259553 -61.323024 -123.792541
-209.347707 -61.900720 -123.897950
-207.435861 -62.478416 -124.003360
-205.524015 -63.056112 -124.108770
-203.612168 -63.633808 -124.214180
352.376127 282.519996 -76.194521
350.871918 283.792229 -75.849880
349.367708 285.064462 -75.505239
347.863499 286.336695 -75.160598
346.359290 287.608929 -74.815956
344.855081 288.881162 -74.471315
343.350872 290.153395 -74.126674
341.846662 291.425628 -73.782032
340.342453 292.697861 -73.437391
338.838244 293.970094 -73.092750
337.334035 295.242327 -72.748109
335.829825 296.514560 -72.403467
334.325616 297.786793 -72.058826
332.821407 299.059026 -71.714185
331.317198 300.331260 -71.369543
329.812989 301.603493 -71.024902
328.308779 302.875726 -70.680261
326.804570 304.147959 -70.335620
325.300361 305.420192 -69.990978
323.796152 306.692425 -69.646337
322.291943 307.964658 -69.301696
320.787733 309.236891 -68.957055
319.283524 310.509124 -68.612413
317.779315 311.781357 -68.267772
316.275106 313.053591 -67.923131
314.770897 314.325824 -67.578489
313.266687 315.598057 -67.233848
311.762478 316.870290 -66.889207
310.258269 318.142523 -66.544566
308.754060 319.414756 -66.199924
307.249851 320.686989 -65.855283
305.745641 321.959222 -65.510642
304.241432 323.231455 -65.166000
302.737223 324.503688 -64.821359
301.233014 325.775922 -64.476718
299.728805 327.048155 -64.132077
298.224595 328.320388 -63.787435
296.720386 329.592621 -63.442794
295.216177 330.864854 -63.098153
293.711968 332.137087 -62.753512
292.207759 333.409320 -62.408870
290.703549 334.681553 -62.064229
289.199340 335.953786 -61.719588
287.695131 337.226019 -61.374946
286.190922 338.498252 -61.030305
284.686713 339.770486 -60.685664
283.182503 341.042719 -60.341023
281.678294 342.314952 -59.996381
280.174085 343.587185 -59.651740
278.669876 344.859418 -59.307099
277.165666 346.131651 -58.962457
275.661457 347.403884 -58.617816
274.157248 348.676117 -58.273175
272.653039 349.948350 -57.928534
271.148830 351.220583 -57.583892
269.644620 352.492817 -57.239251
268.140411 353.765050 -56.894610
266.636202 355.037283 -56.549968
265.131993 356.309516 -56.205327
263.627784 357.581749 -55.860686
262.123574 358.853982 -55.516045
260.619365 360.126215 -55.171403
259.115156 361.398448 -54.826762
257.610947 362.670681 -54.482121
256.106738 363.942914 -54.137480
254.602528 365.215148 -53.792838
253.098319 366.487381 -53.448197
251.594110 367.759614 -53.103556
250.089901 369.031847 -52.758914
248.585692 370.304080 -52.414273
80.176953 -216.247955 -240.542644
80.191910 -215.208733 -238.833904
80.206868 -214.169511 -237.125164
80.221826 -213.130288 -235.416423
80.236784 -212.091066 -233.707683
80.251742 -211.051843 -231.998943
80.266700 -210.012621 -230.290203
80.281658 -208.973398 -228.581463
80.296616 -207.934176 -226.872722
80.311574 -206.894954 -225.163982
80.326532 -205.855731 -223.455242
80.341490 -204.816509 -221.746502
80.356448 -203.777286 -220.037762
80.371406 -202.738064 -218.329021
80.386364 -201.698842 -216.620281
80.401322 -200.659619 -214.911541
80.416280 -199.620397 -213.202801
80.431237 -198.581174 -211.494061
80.446195 -197.541952 -209.785321
80.461153 -196.502730 -208.076580
80.476111 -195.463507 -206.367840
80.491069 -194.424285 -204.659100
80.506027 -193.385062 -202.950360
80.520985 -192.345840 -201.241620
80.535943 -191.306617 -199.532879
80.550901 -190.267395 -197.824139
80.565859 -189.228173 -196.115399
80.580817 -188.188950 -194.406659
80.595775 -187.149728 -192.697919
80.610733 -186.110505 -190.989178
80.625691 -185.071283 -189.280438
80.640649 -184.032061 -187.571698
80.655607 -182.992838 -185.862958
80.670564 -181.953616 -184.154218
80.685522 -180.914393 -182.445477
80.700480 -179.875171 -180.736737
80.715438 -178.835948 -179.027997
80.730396 -177.796726 -177.319257
80.745354 -176.757504 -175.610517
80.760312 -175.718281 -173.901777
80.775270 -174.679059 -172.193036
80.790228 -173.639836 -170.484296
80.805186 -172.600614 -168.775556
80.820144 -171.561392 -167.066816
80.835102 -170.522169 -165.358076
80.850060 -169.482947 -163.649335
80.865018 -168.443724 -161.940595
80.879976 -167.404502 -160.231855
80.894934 -166.365280 -158.523115
80.909891 -165.326057 -156.814375
80.924849 -164.286835 -155.105634
80.939807 -163.247612 -153.396894
80.954765 -162.208390 -151.688154
80.969723 -161.169167 -149.979414
80.984681 -160.129945 -148.270674
80.999639 -159.090723 -146.561933
81.014597 -158.051500 -144.853193
81.029555 -157.012278 -143.144453
81.044513 -155.973055 -141.435713
81.059471 -154.933833 -139.726973
81.074429 -153.894611 -138.018233
81.089387 -152.855388 -136.309492
81.104345 -151.816166 -134.600752
81.119303 -150.776943 -132.892012
81.134260 -149.737721 -131.183272
81.149218 -148.698499 -129.474532
81.164176 -147.659276 -127.765791
81.179134 -146.620054 -126.057051
81.194092 -145.580831 -124.348311
81.209050 -144.541609 -122.639571
-36.851964 -194.993050 47.549907
-35.131161 -194.089492 47.078293
-33.410357 -193.185935 46.606678
-31.689554 -192.282378 46.135063
-29.968750 -191.378821 45.663449
-28.247947 -190.475264 45.191834
-26.527144 -189.571707 44.720219
-24.806340 -188.668150 44.248605
-23.085537 -187.764593 43.776990
-21.364734 -186.861036 43.305375
-19.643930 -185.957479 42.833761
-17.923127 -185.053922 42.362146
-16.202323 -184.150365 41.890531
-14.481520 -183.246808 41.418917
-12.760717 -182.343251 40.947302
-11.039913 -181.439694 40.475687
-9.319110 -180.536137 40.004073
-7.598307 -179.632580 39.532458
-5.877503 -178.729023 39.060843
-4.156700 -177.825465 38.589229
-2.435896 -176.921908 38.117614
-0.715093 -176.018351 37.645999
1.005710 -175.114794 37.174385
2.726514 -174.211237 36.702770
4.447317 -173.307680 36.231155
6.168120 -172.404123 35.759541
7.888924 -171.500566 35.287926
9.609727 -170.597009 34.816311
11.330530 -169.693452 34.344696
13.051334 -168.789895 33.873082
14.772137 -167.886338 33.401467
16.492941 -166.982781 32.929852
18.213744 -166.079224 32.458238
19.934547 -165.175667 31.986623
21.655351 -164.272110 31.515008
23.376154 -163.368553 31.043394
25.096957 -162.464995 30.571779
26.817761 -161.561438 30.100164
28.538564 -160.657881 29.628550
30.259368 -159.754324 29.156935
31.980171 -158.850767 28.685320
33.700974 -157.947210 28.213706
35.421778 -157.043653 27.742091
37.142581 -156.140096 27.270476
38.863384 -155.236539 26.798862
40.584188 -154.332982 26.327247
42.304991 -153.429425 25.855632
44.025795 -152.525868 25.384018
45.746598 -151.622311 24.912403
47.467401 -150.718754 24.440788
49.188205 -149.815197 23.969174
50.909008 -148.911640 23.497559
52.629811 -148.008083 23.025944
54.350615 -147.104526 22.554330
56.071418 -146.200968 22.082715
57.792221 -145.297411 21.611100
59.513025 -144.393854 21.139485
61.233828 -143.490297 20.667871
62.954632 -142.586740 20.196256
64.675435 -141.683183 19.724641
66.396238 -140.779626 19.253027
68.117042 -139.876069 18.781412
69.837845 -138.972512 18.309797
71.558648 -138.068955 17.838183
73.279452 -137.165398 17.366568
75.000255 -136.261841 16.894953
76.721059 -135.358284 16.423339
78.441862 -134.454727 15.951724
80.162665 -133.551170 15.480109
81.883469 -132.647613 15.008495
207.476581 342.730103 86.864055
209.346004 343.293096 87.297989
211.215427 343.856089 87.731922
213.084849 344.419082 88.165856
214.954272 344.982075 88.599789
216.823694 345.545068 89.033722
218.693117 346.108061 89.467656
220.562539 346.671054 89.901589
222.431962 347.234047 90.335523
224.301384 347.797040 90.769456
226.170807 348.360033 91.203390
228.040229 348.923026 91.637323
229.909652 349.486019 92.071256
231.779075 350.049012 92.505190
233.648497 350.612005 92.939123
235.517920 351.174998 93.373057
237.387342 351.737991 93.806990
239.256765 352.300984 94.240923
241.126187 352.863977 94.674857
242.995610 353.426970 95.108790
244.865032 353.989963 95.542724
246.734455 354.552956 95.976657
248.603878 355.115949 96.410590
250.473300 355.678942 96.844524
252.342723 356.241935 97.278457
254.212145 356.804928 97.712391
256.081568 357.367921 98.146324
257.950990 357.930914 98.580258
259.820413 358.493907 99.014191
261.689835 359.056900 99.448124
263.559258 359.619893 99.882058
265.428681 360.182886 100.315991
267.298103 360.745879 100.749925
269.167526 361.308872 101.183858
271.036948 361.871865 101.617791
272.906371 362.434858 102.051725
274.775793 362.997851 102.485658
276.645216 363.560844 102.919592
278.514638 364.123837 103.353525
280.384061 364.686830 103.787459
282.253484 365.249823 104.221392
284.122906 365.812816 104.655325
285.992329 366.375809 105.089259
287.861751 366.938802 105.523192
289.731174 367.501795 105.957126
291.600596 368.064788 106.391059
293.470019 368.627781 106.824992
295.339441 369.190774 107.258926
297.208864 369.753767 107.692859
299.078286 370.316760 108.126793
300.947709 370.879753 108.560726
302.817132 371.442746 108.994659
304.686554 372.005739 109.428593
306.555977 372.568732 109.862526
308.425399 373.131725 110.296460
310.294822 373.694718 110.730393
312.164244 374.257711 111.164327
314.033667 374.820704 111.598260
315.903089 375.383697 112.032193
317.772512 375.946690 112.466127
319.641935 376.509683 112.900060
321.511357 377.072676 113.333994
323.380780 377.635669 113.767927
325.250202 378.198662 114.201860
327.119625 378.761655 114.635794
328.989047 379.324648 115.069727
330.858470 379.887641 115.503661
332.727892 380.450634 115.937594
334.597315 381.013627 116.371527
336.466738 381.576620 116.805461
-396.844636 -139.458841 -154.704389
-395.964259 -137.674240 -154.904723
-395.083881 -135.889638 -155.105057
-394.203504 -134.105037 -155.305391
-393.323127 -132.320436 -155.505725
-392.442749 -130.535834 -155.706059
-391.562372 -128.751233 -155.906393
-390.681994 -126.966632 -156.106727
-389.801617 -125.182030 -156.307061
-388.921239 -123.397429 -156.507395
-388.040862 -121.612828 -156.707729
-387.160484 -119.828227 -156.908063
-386.280107 -118.043625 -157.108397
-385.399729 -116.259024 -157.308731
-384.519352 -114.474423 -157.509065
-383.638975 -112.689821 -157.709399
-382.758597 -110.905220 -157.909733
-381.878220 -109.120619 -158.110067
-380.997842 -107.336017 -158.310401
-380.117465 -105.551416 -158.510735
-379.237087 -103.766815 -158.711069
-378.356710 -101.982213 -158.911403
-377.476332 -100.197612 -159.111736
-376.595955 -98.413011 -159.312070
-375.715577 -96.628409 -159.512404
-374.835200 -94.843808 -159.712738
-373.954822 -93.059207 -159.913072
-373.074445 -91.274606 -160.113406
-372.194068 -89.490004 -160.313740
-371.313690 -87.705403 -160.514074
-370.433313 -85.920802 -160.714408
-369.552935 -84.136200 -160.914742
-368.672558 -82.351599 -161.115076
-367.792180 -80.566998 -161.315410
-366.911803 -78.782396 -161.515744
-366.031425 -76.997795 -161.716078
-365.151048 -75.213194 -161.916412
-364.270670 -73.428592 -162.116746
-363.390293 -71.643991 -162.317080
-362.509916 -69.859390 -162.517414
-361.629538 -68.074789 -162.717748
-360.749161 -66.290187 -162.918082
-359.868783 -64.505586 -163.118416
-358.988406 -62.720985 -163.318750
-358.108028 -60.936383 -163.519083
-357.227651 -59.151782 -163.719417
-356.347273 -57.367181 -163.919751
-355.466896 -55.582579 -164.120085
-354.586518 -53.797978 -164.320419
-353.706141 -52.013377 -164.520753
-352.825763 -50.228775 -164.721087
-351.945386 -48.444174 -164.921421
-351.065009 -46.659573 -165.121755
-350.184631 -44.874971 -165.322089
-349.304254 -43.090370 -165.522423
-348.423876 -41.305769 -165.722757
-347.543499 -39.521168 -165.923091
-346.663121 -37.736566 -166.123425
-345.782744 -35.951965 -166.323759
-344.902366 -34.167364 -166.524093
-344.021989 -32.382762 -166.724427
-343.141611 -30.598161 -166.924761
-342.261234 -28.813560 -167.125095
-341.380857 -27.028958 -167.325429
-340.500479 -25.244357 -167.525763
-339.620102 -23.459756 -167.726097
-338.739724 -21.675154 -167.926430
-337.859347 -19.890553 -168.126764
-336.978969 -18.105952 -168.327098
-336.098592 -16.321350 -168.527432
189.837222 201.334005 210.617249
187.872980 200.957504 210.617448
185.908738 200.581002 210.617647
183.944496 200.204501 210.617846
181.980254 199.827999 210.618044
180.016012 199.451498 210.618243
178.051770 199.074996 210.618442
176.087528 198.698495 210.618641
174.123286 198.321993 210.618840
172.159044 197.945492 210.619038
170.194802 197.568990 210.619237
168.230560 197.192489 210.619436
166.266318 196.815987 210.619635
164.302076 196.439486 210.619834
162.337834 196.062984 210.620032
160.373592 195.686483 210.620231
158.409350 195.309981 210.620430
156.445108 194.933480 210.620629
154.480866 194.556978 210.620828
152.516624 194.180477 210.621026
150.552382 193.803975 210.621225
148.588140 193.427474 210.621424
146.623898 193.050973 210.621623
144.659656 192.674471 210.621822
142.695414 192.297970 210.622020
140.731172 191.921468 210.622219
138.766930 191.544967 210.622418
136.802688 191.168465 210.622617
134.838446 190.791964 210.622816
132.874204 190.415462 210.623014
130.909962 190.038961 210.623213
128.945720 189.662459 210.623412
126.981478 189.285958 210.623611
125.017236 188.909456 210.623810
123.052994 188.532955 210.624008
121.088752 188.156453 210.624207
119.124510 187.779952 210.624406
117.160269 187.403450 210.624605
115.196027 187.026949 210.624804
113.231785 186.650447 210.625002
111.267543 186.273946 210.625201
109.303301 185.897444 210.625400
107.339059 185.520943 210.625599
105.374817 185.144441 210.625798
103.410575 184.767940 210.625996
101.446333 184.391438 210.626195
99.482091 184.014937 210.626394
97.517849 183.638435 210.626593
95.553607 183.261934 210.626792
93.589365 182.885432 210.626990
91.625123 182.508931 210.627189
89.660881 182.132429 210.627388
87.696639 181.755928 210.627587
85.732397 181.379427 210.627786
83.768155 181.002925 210.627984
81.803913 180.626424 210.628183
79.839671 180.249922 210.628382
77.875429 179.873421 210.628581
75.911187 179.496919 210.628780
73.946945 179.120418 210.628978
71.982703 178.743916 210.629177
70.018461 178.367415 210.629376
68.054219 177.990913 210.629575
66.089977 177.614412 210.629774
64.125735 177.237910 210.629972
62.161493 176.861409 210.630171
60.197251 176.484907 210.630370
58.233009 176.108406 210.630569
56.268767 175.731904 210.630768
54.304525 175.355403 210.630966
-140.738075 -210.998271 129.473642
-141.467072 -212.850671 129.666463
-142.196069 -214.703070 129.859284
-142.925065 -216.555470 130.052104
-143.654062 -218.407869 130.244925
-144.383059 -220.260269 130.437746
-145.112055 -222.112668 130.630567
-145.841052 -223.965068 130.823388
-146.570049 -225.817467 131.016209
-147.299045 -227.669867 131.209030
-148.028042 -229.522266 131.401851
-148.757039 -231.374666 131.594671
-149.486035 -233.227065 131.787492
-150.215032 -235.079465 131.980313
-150.944029 -236.931864 132.173134
-151.673025 -238.784264 132.365955
-152.402022 -240.636663 132.558776
-153.131019 -242.489063 132.751597
-153.860015 -244.341462 132.944418
-154.589012 -246.193862 133.137238
-155.318009 -248.046262 133.330059
-156.047005 -249.898661 133.522880
-156.776002 -251.751061 133.715701
-157.504998 -253.603460 133.908522
-158.233995 -255.455860 134.101343
-158.962992 -257.308259 134.294164
-159.691988 -259.160659 134.486985
-160.420985 -261.013058 134.679805
-161.149982 -262.865458 134.872626
-161.878978 -264.717857 135.065447
-162.607975 -266.570257 135.258268
-163.336972 -268.422656 135.451089
-164.065968 -270.275056 135.643910
-164.794965 -272.127455 135.836731
-165.523962 -273.979855 136.029552
-166.252958 -275.832254 136.222372
-166.981955 -277.684654 136.415193
-167.710952 -279.537053 136.608014
-168.439948 -281.389453 136.800835
-169.168945 -283.241852 136.993656
-169.897942 -285.094252 137.186477
-170.626938 -286.946651 137.379298
-171.355935 -288.799051 137.572119
-172.084932 -290.651451 137.764939
-172.813928 -292.503850 137.957760
-173.542925 -294.356250 138.150581
-174.271922 -296.208649 138.343402
-175.000918 -298.061049 138.536223
-175.729915 -299.913448 138.729044
-176.458911 -301.765848 138.921865
-177.187908 -303.618247 139.114686
-177.916905 -305.470647 139.307506
-178.645901 -307.323046 139.500327
-179.374898 -309.175446 139.693148
-180.103895 -311.027845 139.885969
-180.832891 -312.880245 140.078790
-181.561888 -314.732644 140.271611
-182.290885 -316.585044 140.464432
-183.019881 -318.437443 140.657253
-183.748878 -320.289843 140.850073
-184.477875 -322.142242 141.042894
-185.206871 -323.994642 141.235715
-185.935868 -325.847041 141.428536
-186.664865 -327.699441 141.621357
-187.393861 -329.551841 141.814178
-188.122858 -331.404240 142.006999
-188.851855 -333.256640 142.199820
-189.580851 -335.109039 142.392640
-190.309848 -336.961439 142.585461
-191.038845 -338.813838 142.778282
177.019292 -49.679561 277.239954
178.269517 -48.136946 277.000634
179.519742 -46.594330 276.761313
180.769968 -45.051714 276.521992
182.020193 -43.509099 276.282672
183.270418 -41.966483 276.043351
184.520643 -40.423868 275.804030
185.770868 -38.881252 275.564710
187.021093 -37.338636 275.325389
188.271318 -35.796021 275.086068
189.521543 -34.253405 274.846748
190.771768 -32.710790 274.607427
192.021993 -31.168174 274.368106
193.272218 -29.625558 274.128786
194.522443 -28.082943 273.889465
195.772668 -26.540327 273.650144
197.022894 -24.997712 273.410823
198.273119 -23.455096 273.171503
199.523344 -21.912481 272.932182
200.773569 -20.369865 272.692861
202.023794 -18.827249 272.453541
203.274019 -17.284634 272.214220
204.524244 -15.742018 271.974899
205.774469 -14.199403 271.735579
207.024694 -12.656787 271.496258
208.274919 -11.114171 271.256937
209.525144 -9.571556 271.017617
210.775369 -8.028940 270.778296
212.025594 -6.486325 270.538975
213.275820 -4.943709 270.299655
214.526045 -3.401093 270.060334
215.776270 -1.858478 269.821013
217.026495 -0.315862 269.581693
218.276720 1.226753 269.342372
219.526945 2.769369 269.103051
220.777170 4.311985 268.863731
222.027395 5.854600 268.624410
223.277620 7.397216 268.385089
224.527845 8.939831 268.145769
225.778070 10.482447 267.906448
227.028295 12.025063 267.667127
228.278520 13.567678 267.427807
229.528746 15.110294 267.188486
230.778971 16.652909 266.949165
232.029196 18.195525 266.709844
233.279421 19.738141 266.470524
234.529646 21.280756 266.231203
235.779871 22.823372 265.991882
237.030096 24.365987 265.752562
238.280321 25.908603 265.513241
239.530546 27.451218 265.273920
240.780771 28.993834 265.034600
242.030996 30.536450 264.795279
243.281221 32.079065 264.555958
244.531446 33.621681 264.316638
245.781671 35.164296 264.077317
247.031897 36.706912 263.837996
248.282122 38.249528 263.598676
249.532347 39.792143 263.359355
250.782572 41.334759 263.120034
252.032797 42.877374 262.880714
253.283022 44.419990 262.641393
254.533247 45.962606 262.402072
255.783472 47.505221 262.162752
257.033697 49.047837 261.923431
258.283922 50.590452 261.684110
259.534147 52.133068 261.444790
260.784372 53.675684 261.205469
262.034597 55.218299 260.966148
263.284823 56.760915 260.726828
378.661012 -298.643366 -234.038709
377.965946 -299.591207 -232.420537
377.270880 -300.539048 -230.802365
376.575814 -301.486889 -229.184193
375.880749 -302.434731 -227.566021
375.185683 -303.382572 -225.947849
374.490617 -304.330413 -224.329677
373.795551 -305.278254 -222.711505
373.100485 -306.226095 -221.093333
372.405420 -307.173936 -219.475161
371.710354 -308.121778 -217.856989
371.015288 -309.069619 -216.238817
370.320222 -310.017460 -214.620645
369.625157 -310.965301 -213.002473
368.930091 -311.913142 -211.384300
368.235025 -312.860984 -209.766128
367.539959 -313.808825 -208.147956
366.844894 -314.756666 -206.529784
366.149828 -315.704507 -204.911612
365.454762 -316.652348 -203.293440
364.759696 -317.600190 -201.675268
364.064630 -318.548031 -200.057096
363.369565 -319.495872 -198.438924
362.674499 -320.443713 -196.820752
361.979433 -321.391554 -195.202580
361.284367 -322.339395 -193.584408
360.589302 -323.287237 -191.966236
359.894236 -324.235078 -190.348064
359.199170 -325.182919 -188.729892
358.504104 -326.130760 -187.111720
357.809039 -327.078601 -185.493548
357.113973 -328.026443 -183.875376
356.418907 -328.974284 -182.257204
355.723841 -329.922125 -180.639032
355.028775 -330.869966 -179.020860
354.333710 -331.817807 -177.402688
353.638644 -332.765648 -175.784516
352.943578 -333.713490 -174.166344
352.248512 -334.661331 -172.548172
351.553447 -335.609172 -170.930000
350.858381 -336.557013 -169.311828
350.163315 -337.504854 -167.693656
349.468249 -338.452696 -166.075484
348.773184 -339.400537 -164.457312
348.078118 -340.348378 -162.839140
347.383052 -341.296219 -161.220968
346.687986 -342.244060 -159.602796
345.992920 -343.191901 -157.984624
345.297855 -344.139743 -156.366452
344.602789 -345.087584 -154.748280
343.907723 -346.035425 -153.130108
343.212657 -346.983266 -151.511936
342.517592 -347.931107 -149.893764
341.822526 -348.878949 -148.275592
341.127460 -349.826790 -146.657420
340.432394 -350.774631 -145.039248
339.737329 -351.722472 -143.421076
339.042263 -352.670313 -141.802904
338.347197 -353.618155 -140.184732
337.652131 -354.565996 -138.566560
336.957065 -355.513837 -136.948388
336.262000 -356.461678 -135.330216
335.566934 -357.409519 -133.712044
334.871868 -358.357360 -132.093872
334.176802 -359.305202 -130.475700
333.481737 -360.253043 -128.857528
332.786671 -361.200884 -127.239356
332.091605 -362.148725 -125.621184
331.396539 -363.096566 -124.003012
330.701474 -364.044408 -122.384840
160.732569 34.912994 -144.161397
162.444286 33.973002 -144.593185
164.156003 33.033011 -145.024972
165.867720 32.093019 -145.456760
167.579437 31.153028 -145.888547
169.291154 30.213036 -146.320334
171.002871 29.273044 -146.752122
172.714589 28.333053 -147.183909
174.426306 27.393061 -147.615697
176.138023 26.453070 -148.047484
177.849740 25.513078 -148.479272
179.561457 24.573087 -148.911059
181.273174 23.633095 -149.342847
182.984891 22.693103 -149.774634
184.696608 21.753112 -150.206421
186.408325 20.813120 -150.638209
188.120042 19.873129 -151.069996
189.831760 18.933137 -151.501784
191.543477 17.993146 -151.933571
193.255194 17.053154 -152.365359
194.966911 16.113162 -152.797146
196.678628 15.173171 -153.228934
198.390345 14.233179 -153.660721
200.102062 13.293188 -154.092508
201.813779 12.353196 -154.524296
203.525496 11.413205 -154.956083
205.237214 10.473213 -155.387871
206.948931 9.533221 -155.819658
208.660648 8.593230 -156.251446
210.372365 7.653238 -156.683233
212.084082 6.713247 -157.115021
213.795799 5.773255 -157.546808
215.507516 4.833264 -157.978595
217.219233 3.893272 -158.410383
218.930950 2.953280 -158.842170
220.642667 2.013289 -159.273958
222.354385 1.073297 -159.705745
224.066102 0.133306 -160.137533
225.777819 -0.806686 -160.569320
227.489536 -1.746677 -161.001108
229.201253 -2.686669 -161.432895
230.912970 -3.626661 -161.864682
232.624687 -4.566652 -162.296470
234.336404 -5.506644 -162.728257
236.048121 -6.446635 -163.160045
237.759839 -7.386627 -163.591832
239.471556 -8.326618 -164.023620
241.183273 -9.266610 -164.455407
242.894990 -10.206602 -164.887195
244.606707 -11.146593 -165.318982
246.318424 -12.086585 -165.750769
248.030141 -13.026576 -166.182557
249.741858 -13.966568 -166.614344
251.453575 -14.906559 -167.046132
253.165292 -15.846551 -167.477919
254.877010 -16.786543 -167.909707
256.588727 -17.726534 -168.341494
258.300444 -18.666526 -168.773282
260.012161 -19.606517 -169.205069
261.723878 -20.546509 -169.636856
263.435595 -21.486500 -170.068644
265.147312 -22.426492 -170.500431
266.859029 -23.366484 -170.932219
268.570746 -24.306475 -171.364006
270.282464 -25.246467 -171.795794
271.994181 -26.186458 -172.227581
273.705898 -27.126450 -172.659369
275.417615 -28.066442 -173.091156
277.129332 -29.006433 -173.522943
278.841049 -29.946425 -173.954731
283.244214 -83.404303 -61.333344
283.074708 -84.958641 -60.086226
282.905202 -86.512979 -58.839109
282.735696 -88.067316 -57.591991
282.566190 -89.621654 -56.344874
282.396684 -91.175992 -55.097757
282.227178 -92.730330 -53.850639
282.057672 -94.284667 -52.603522
281.888166 -95.839005 -51.356404
281.718660 -97.393343 -50.109287
281.549154 -98.947681 -48.862169
281.379648 -100.502018 -47.615052
281.210142 -102.056356 -46.367934
281.040636 -103.610694 -45.120817
280.871130 -105.165031 -43.873699
280.701624 -106.719369 -42.626582
280.532118 -108.273707 -41.379465
280.362612 -109.828045 -40.132347
280.193106 -111.382382 -38.885230
280.023600 -112.936720 -37.638112
279.854094 -114.491058 -36.390995
279.684588 -116.045396 -35.143877
279.515082 -117.599733 -33.896760
279.345576 -119.154071 -32.649642
279.176070 -120.708409 -31.402525
279.006564 -122.262746 -30.155407
278.837058 -123.817084 -28.908290
278.667552 -125.371422 -27.661173
278.498046 -126.925760 -26.414055
278.328540 -128.480097 -25.166938
278.159034 -130.034435 -23.919820
277.989528 -131.588773 -22.672703
277.820022 -133.143110 -21.425585
277.650516 -134.697448 -20.178468
277.481010 -136.251786 -18.931350
277.311504 -137.806124 -17.684233
277.141998 -139.360461 -16.437115
276.972492 -140.914799 -15.189998
276.802986 -142.469137 -13.942881
276.633480 -144.023475 -12.695763
276.463974 -145.577812 -11.448646
276.294468 -147.132150 -10.201528
276.124962 -148.686488 -8.954411
275.955456 -150.240825 -7.707293
275.785950 -151.795163 -6.460176
275.616444 -153.349501 -5.213058
275.446938 -154.903839 -3.965941
275.277432 -156.458176 -2.718823
275.107926 -158.012514 -1.471706
274.938420 -159.566852 -0.224589
274.768914 -161.121190 1.022529
274.599408 -162.675527 2.269646
274.429902 -164.229865 3.516764
274.260396 -165.784203 4.763881
274.090890 -167.338540 6.010999
273.921384 -168.892878 7.258116
273.751878 -170.447216 8.505234
273.582372 -172.001554 9.752351
273.412866 -173.555891 10.999469
273.243360 -175.110229 12.246586
273.073854 -176.664567 13.493703
272.904348 -178.218905 14.740821
272.734842 -179.773242 15.987938
272.565336 -181.327580 17.235056
272.395830 -182.881918 18.482173
272.226323 -184.436255 19.729291
272.056817 -185.990593 20.976408
271.887311 -187.544931 22.223526
271.717805 -189.099269 23.470643
271.548299 -190.653606 24.717761
-283.232281 242.918489 -136.605057
-281.952162 243.571777 -135.214189
-280.672043 244.225064 -133.823322
-279.391925 244.878352 -132.432455
-278.111806 245.531639 -131.041588
-276.831687 246.184927 -129.650720
-275.551569 246.838214 -128.259853
-274.271450 247.491502 -126.868986
-272.991331 248.144789 -125.478119
-271.711213 248.798077 -124.087252
-270.431094 249.451364 -122.696384
-269.150975 250.104652 -121.305517
-267.870857 250.757939 -119.914650
-266.590738 251.411227 -118.523783
-265.310619 252.064514 -117.132916
-264.030500 252.717802 -115.742048
-262.750382 253.371089 -114.351181
-261.470263 254.024377 -112.960314
-260.190144 254.677664 -111.569447
-258.910026 255.330952 -110.178580
-257.629907 255.984239 -108.787712
-256.349788 256.637527 -107.396845
-255.069670 257.290814 -106.005978
-253.789551 257.944102 -104.615111
-252.509432 258.597389 -103.224243
-251.229314 259.250677 -101.833376
-249.949195 259.903964 -100.442509
-248.669076 260.557252 -99.051642
-247.388957 261.210539 -97.660775
-246.108839 261.863827 -96.269907
-244.828720 262.517114 -94.879040
-243.548601 263.170402 -93.488173
-242.268483 263.823689 -92.097306
-240.988364 264.476977 -90.706439
-239.708245 265.130264 -89.315571
-238.428127 265.783551 -87.924704
-237.148008 266.436839 -86.533837
-235.867889 267.090126 -85.142970
-234.587771 267.743414 -83.752103
-233.307652 268.396701 -82.361235
-232.027533 269.049989 -80.970368
-230.747414 269.703276 -79.579501
-229.467296 270.356564 -78.188634
-228.187177 271.009851 -76.797766
-226.907058 271.663139 -75.406899
-225.626940 272.316426 -74.016032
-224.346821 272.969714 -72.625165
-223.066702 273.623001 -71.234298
-221.786584 274.276289 -69.843430
-220.506465 274.929576 -68.452563
-219.226346 275.582864 -67.061696
-217.946228 276.236151 -65.670829
-216.666109 276.889439 -64.279962
-215.385990 277.542726 -62.889094
-214.105872 278.196014 -61.498227
-212.825753 278.849301 -60.107360
-211.545634 279.502589 -58.716493
-210.265515 280.155876 -57.325626
-208.985397 280.809164 -55.934758
-207.705278 281.462451 -54.543891
-206.425159 282.115739 -53.153024
-205.145041 282.769026 -51.762157
-203.864922 283.422314 -50.371289
-202.584803 284.075601 -48.980422
-201.304685 284.728889 -47.589555
-200.024566 285.382176 -46.198688
-198.744447 286.035464 -44.807821
-197.464329 286.688751 -43.416953
-196.184210 287.342039 -42.026086
-194.904091 287.995326 -40.635219
169.734478 28.438567 90.855922
170.672181 29.495220 89.440225
171.609883 30.551874 88.024528
172.547585 31.608527 86.608830
173.485287 32.665180 85.193133
174.422989 33.721833 83.777436
175.360691 34.778486 82.361738
176.298393 35.835140 80.946041
177.236095 36.891793 79.530344
178.173797 37.948446 78.114646
179.111499 39.005099 76.698949
180.049201 40.061752 75.283252
180.986903 41.118405 73.867554
181.924605 42.175059 72.451857
182.862307 43.231712 71.036160
183.800009 44.288365 69.620462
184.737711 45.345018 68.204765
185.675413 46.401671 66.789068
186.613115 47.458324 65.373370
187.550817 48.514978 63.957673
188.488519 49.571631 62.541976
189.426221 50.628284 61.126278
190.363924 51.684937 59.710581
191.301626 52.741590 58.294884
192.239328 53.798244 56.879186
193.177030 54.854897 55.463489
194.114732 55.911550 54.047792
195.052434 56.968203 52.632094
195.990136 58.024856 51.216397
196.927838 59.081509 49.800700
197.865540 60.138163 48.385002
198.803242 61.194816 46.969305
199.740944 62.251469 45.553608
200.678646 63.308122 44.137910
201.616348 64.364775 42.722213
202.554050 65.421429 41.306516
203.491752 66.478082 39.890818
204.429454 67.534735 38.475121
205.367156 68.591388 37.059424
206.304858 69.648041 35.643726
207.242560 70.704694 34.228029
208.180262 71.761348 32.812332
209.117964 72.818001 31.396634
210.055666 73.874654 29.980937
210.993369 74.931307 28.565240
211.931071 75.987960 27.149542
212.868773 77.044613 25.733845
213.806475 78.101267 24.318148
214.744177 79.157920 22.902450
215.681879 80.214573 21.486753
216.619581 81.271226 20.071056
217.557283 82.327879 18.655358
218.494985 83.384533 17.239661
219.432687 84.441186 15.823964
220.370389 85.497839 14.408266
221.308091 86.554492 12.992569
222.245793 87.611145 11.576872
223.183495 88.667798 10.161174
224.121197 89.724452 8.745477
225.058899 90.781105 7.329780
225.996601 91.837758 5.914082
226.934303 92.894411 4.498385
227.872005 93.951064 3.082688
228.809707 95.007717 1.666990
229.747409 96.064371 0.251293
230.685111 97.121024 -1.164404
231.622814 98.177677 -2.580102
232.560516 99.234330 -3.995799
233.498218 100.290983 -5.411496
234.435920 101.347637 -6.827194
220.181842 -99.526566 -253.560491
220.232544 -97.541426 -253.798499
220.283246 -95.556285 -254.036506
220.333947 -93.571145 -254.274513
220.384649 -91.586005 -254.512521
220.435350 -89.600865 -254.750528
220.486052 -87.615724 -254.988535
220.536754 -85.630584 -255.226542
220.587455 -83.645444 -255.464550
220.638157 -81.660303 -255.702557
220.688859 -79.675163 -255.940564
220.739560 -77.690023 -256.178572
220.790262 -75.704883 -256.416579
220.840964 -73.719742 -256.654586
220.891665 -71.734602 -256.892594
220.942367 -69.749462 -257.130601
220.993068 -67.764322 -257.368608
221.043770 -65.779181 -257.606616
221.094472 -63.794041 -257.844623
221.145173 -61.808901 -258.082630
221.195875 -59.823761 -258.320637
221.246577 -57.838620 -258.558645
221.297278 -55.853480 -258.796652
221.347980 -53.868340 -259.034659
221.398681 -51.883200 -259.272667
221.449383 -49.898059 -259.510674
221.500085 -47.912919 -259.748681
221.550786 -45.927779 -259.986689
221.601488 -43.942638 -260.224696
221.652190 -41.957498 -260.462703
221.702891 -39.972358 -260.700710
221.753593 -37.987218 -260.938718
221.804294 -36.002077 -261.176725
221.854996 -34.016937 -261.414732
221.905698 -32.031797 -261.652740
221.956399 -30.046657 -261.890747
222.007101 -28.061516 -262.128754
222.057803 -26.076376 -262.366762
222.108504 -24.091236 -262.604769
222.159206 -22.106096 -262.842776
222.209907 -20.120955 -263.080783
222.260609 -18.135815 -263.318791
222.311311 -16.150675 -263.556798
222.362012 -14.165534 -263.794805
222.412714 -12.180394 -264.032813
222.463416 -10.195254 -264.270820
222.514117 -8.210114 -264.508827
222.564819 -6.224973 -264.746835
222.615520 -4.239833 -264.984842
222.666222 -2.254693 -265.222849
222.716924 -0.269553 -265.460857
222.767625 1.715588 -265.698864
222.818327 3.700728 -265.936871
222.869029 5.685868 -266.174878
222.919730 7.671008 -266.412886
222.970432 9.656149 -266.650893
223.021133 11.641289 -266.888900
223.071835 13.626429 -267.126908
223.122537 15.611569 -267.364915
223.173238 17.596710 -267.602922
223.223940 19.581850 -267.840930
223.274642 21.566990 -268.078937
223.325343 23.552131 -268.316944
223.376045 25.537271 -268.554951
223.426746 27.522411 -268.792959
223.477448 29.507551 -269.030966
223.528150 31.492692 -269.268973
223.578851 33.477832 -269.506981
223.629553 35.462972 -269.744988
223.680255 37.448112 -269.982995
279.924872 -111.480563 -218.367123
279.623958 -111.231791 -220.328644
279.323044 -110.983018 -222.290164
279.022130 -110.734246 -224.251685
278.721217 -110.485473 -226.213206
278.420303 -110.236701 -228.174726
278.119389 -109.987928 -230.136247
277.818475 -109.739155 -232.097767
277.517561 -109.490383 -234.059288
277.216647 -109.241610 -236.020809
276.915733 -108.992838 -237.982329
276.614819 -108.744065 -239.943850
276.313906 -108.495292 -241.905370
276.012992 -108.246520 -243.866891
275.712078 -107.997747 -245.828411
275.411164 -107.748975 -247.789932
275.110250 -107.500202 -249.751453
274.809336 -107.251430 -251.712973
274.508422 -107.002657 -253.674494
274.207508 -106.753884 -255.636014
273.906595 -106.505112 -257.597535
273.605681 -106.256339 -259.559056
273.304767 -106.007567 -261.520576
273.003853 -105.758794 -263.482097
272.702939 -105.510022 -265.443617
272.402025 -105.261249 -267.405138
272.101111 -105.012476 -269.366659
271.800197 -104.763704 -271.328179
271.499283 -104.514931 -273.289700
271.198370 -104.266159 -275.251220
270.897456 -104.017386 -277.212741
270.596542 -103.768614 -279.174262
270.295628 -103.519841 -281.135782
269.994714 -103.271068 -283.097303
269.693800 -103.022296 -285.058823
269.392886 -102.773523 -287.020344
269.091972 -102.524751 -288.981865
268.791059 -102.275978 -290.943385
268.490145 -102.027206 -292.904906
268.189231 -101.778433 -294.866426
267.888317 -101.529660 -296.827947
267.587403 -101.280888 -298.789468
267.286489 -101.032115 -300.750988
266.985575 -100.783343 -302.712509
266.684661 -100.534570 -304.674029
266.383748 -100.285797 -306.635550
266.082834 -100.037025 -308.597070
265.781920 -99.788252 -310.558591
265.481006 -99.539480 -312.520112
265.180092 -99.290707 -314.481632
264.879178 -99.041935 -316.443153
264.578264 -98.793162 -318.404673
264.277350 -98.544389 -320.366194
263.976437 -98.295617 -322.327715
263.675523 -98.046844 -324.289235
263.374609 -97.798072 -326.250756
263.073695 -97.549299 -328.212276
262.772781 -97.300527 -330.173797
262.471867 -97.051754 -332.135318
262.170953 -96.802981 -334.096838
261.870039 -96.554209 -336.058359
261.569125 -96.305436 -338.019879
261.268212 -96.056664 -339.981400
260.967298 -95.807891 -341.942921
260.666384 -95.559119 -343.904441
260.365470 -95.310346 -345.865962
260.064556 -95.061573 -347.827482
259.763642 -94.812801 -349.789003
259.462728 -94.564028 -351.750524
259.161814 -94.315256 -353.712044
137.624090 -129.222441 195.921536
137.763049 -127.326979 196.544364
137.902007 -125.431517 197.167191
138.040965 -123.536056 197.790019
138.179924 -121.640594 198.412847
138.318882 -119.745132 199.035675
138.457840 -117.849670 199.658503
138.596799 -115.954208 200.281331
138.735757 -114.058746 200.904159
138.874715 -112.163284 201.526986
139.013673 -110.267822 202.149814
139.152632 -108.372360 202.772642
139.291590 -106.476898 203.395470
139.430548 -104.581436 204.018298
139.569507 -102.685974 204.641126
139.708465 -100.790512 205.263954
139.847423 -98.895050 205.886782
139.986382 -96.999588 206.509609
140.125340 -95.104126 207.132437
140.264298 -93.208664 207.755265
140.403257 -91.313202 208.378093
140.542215 -89.417740 209.000921
140.681173 -87.522278 209.623749
140.820132 -85.626816 210.246577
140.959090 -83.731354 210.869405
141.098048 -81.835892 211.492232
141.237007 -79.940431 212.115060
141.375965 -78.044969 212.737888
141.514923 -76.149507 213.360716
141.653882 -74.254045 213.983544
141.792840 -72.358583 214.606372
141.931798 -70.463121 215.229200
142.070756 -68.567659 215.852027
142.209715 -66.672197 216.474855
142.348673 -64.776735 217.097683
142.487631 -62.881273 217.720511
142.626590 -60.985811 218.343339
142.765548 -59.090349 218.966167
142.904506 -57.194887 219.588995
143.043465 -55.299425 220.211823
143.182423 -53.403963 220.834650
143.321381 -51.508501 221.457478
143.460340 -49.613039 222.080306
143.599298 -47.717577 222.703134
143.738256 -45.822115 223.325962
143.877215 -43.926653 223.948790
144.016173 -42.031191 224.571618
144.155131 -40.135729 225.194446
144.294090 -38.240267 225.817273
144.433048 -36.344805 226.440101
144.572006 -34.449344 227.062929
144.710965 -32.553882 227.685757
144.849923 -30.658420 228.308585
144.988881 -28.762958 228.931413
145.127839 -26.867496 229.554241
145.266798 -24.972034 230.177068
145.405756 -23.076572 230.799896
145.544714 -21.181110 231.422724
145.683673 -19.285648 232.045552
145.822631 -17.390186 232.668380
145.961589 -15.494724 233.291208
146.100548 -13.599262 233.914036
146.239506 -11.703800 234.536864
146.378464 -9.808338 235.159691
146.517423 -7.912876 235.782519
146.656381 -6.017414 236.405347
146.795339 -4.121952 237.028175
146.934298 -2.226490 237.651003
147.073256 -0.331028 238.273831
147.212214 1.564434 238.896659
218.685065 90.985630 -89.103023
218.561007 90.475678 -87.173111
218.436950 89.965726 -85.243200
218.312892 89.455774 -83.313288
218.188835 88.945822 -81.383377
218.064777 88.435870 -79.453465
217.940720 87.925917 -77.523554
217.816662 87.415965 -75.593642
217.692605 86.906013 -73.663731
217.568547 86.396061 -71.733819
217.444490 85.886109 -69.803907
217.320432 85.376157 -67.873996
217.196375 84.866205 -65.944084
217.072317 84.356253 -64.014173
216.948259 83.846301 -62.084261
216.824202 83.336349 -60.154350
216.700144 82.826397 -58.224438
216.576087 82.316445 -56.294527
216.452029 81.806493 -54.364615
216.327972 81.296540 -52.434703
216.203914 80.786588 -50.504792
216.079857 80.276636 -48.574880
215.955799 79.766684 -46.644969
215.831742 79.256732 -44.715057
215.707684 78.746780 -42.785146
215.583627 78.236828 -40.855234
215.459569 77.726876 -38.925323
215.335511 77.216924 -36.995411
215.211454 76.706972 -35.065500
215.087396 76.197020 -33.135588
214.963339 75.687068 -31.205676
214.839281 75.177116 -29.275765
214.715224 74.667163 -27.345853
214.591166 74.157211 -25.415942
214.467109 73.647259 -23.486030
214.343051 73.137307 -21.556119
214.218994 72.627355 -19.626207
214.094936 72.117403 -17.696296
213.970879 71.607451 -15.766384
213.846821 71.097499 -13.836472
213.722764 70.587547 -11.906561
213.598706 70.077595 -9.976649
213.474648 69.567643 -8.046738
213.350591 69.057691 -6.116826
213.226533 68.547738 -4.186915
213.102476 68.037786 -2.257003
212.978418 67.527834 -0.327092
212.854361 67.017882 1.602820
212.730303 66.507930 3.532732
212.606246 65.997978 5.462643
212.482188 65.488026 7.392555
212.358131 64.978074 9.322466
212.234073 64.468122 11.252378
212.110016 63.958170 13.182289
211.985958 63.448218 15.112201
211.861900 62.938266 17.042112
211.737843 62.428314 18.972024
211.613785 61.918361 20.901936
211.489728 61.408409 22.831847
211.365670 60.898457 24.761759
211.241613 60.388505 26.691670
211.117555 59.878553 28.621582
210.993498 59.368601 30.551493
210.869440 58.858649 32.481405
210.745383 58.348697 34.411316
210.621325 57.838745 36.341228
210.497268 57.328793 38.271140
210.373210 56.818841 40.201051
210.249152 56.308889 42.130963
210.125095 55.798937 44.060874
156.122819 47.915325 -128.709744
155.669772 46.032928 -128.208419
155.216725 44.150530 -127.707093
154.763678 42.268132 -127.205768
154.310631 40.385735 -126.704442
153.857583 38.503337 -126.203117
153.404536 36.620939 -125.701791
152.951489 34.738542 -125.200466
152.498442 32.856144 -124.699140
152.045394 30.973746 -124.197815
151.592347 29.091349 -123.696489
151.139300 27.208951 -123.195164
150.686253 25.326553 -122.693838
150.233206 23.444156 -122.192513
149.780158 21.561758 -121.691187
149.327111 19.679360 -121.189862
148.874064 17.796963 -120.688536
148.421017 15.914565 -120.187211
147.967970 14.032167 -119.685885
147.514922 12.149770 -119.184560
147.061875 10.267372 -118.683234
146.608828 8.384974 -118.181909
146.155781 6.502577 -117.680583
145.702733 4.620179 -117.179258
145.249686 2.737781 -116.677932
144.796639 0.855384 -116.176607
144.343592 -1.027014 -115.675281
143.890545 -2.909412 -115.173956
143.437497 -4.791809 -114.672630
142.984450 -6.674207 -114.171305
142.531403 -8.556605 -113.669980
142.078356 -10.439002 -113.168654
141.625309 -12.321400 -112.667329
141.172261 -14.203798 -112.166003
140.719214 -16.086195 -111.664678
140.266167 -17.968593 -111.163352
139.813120 -19.850991 -110.662027
139.360073 -21.733388 -110.160701
138.907025 -23.615786 -109.659376
138.453978 -25.498184 -109.158050
138.000931 -27.380581 -108.656725
137.547884 -29.262979 -108.155399
137.094836 -31.145377 -107.654074
136.641789 -33.027774 -107.152748
136.188742 -34.910172 -106.651423
135.735695 -36.792570 -106.150097
135.282648 -38.674967 -105.648772
134.829600 -40.557365 -105.147446
134.376553 -42.439763 -104.646121
133.923506 -44.322160 -104.144795
133.470459 -46.204558 -103.643470
133.017412 -48.086956 -103.142144
132.564364 -49.969353 -102.640819
132.111317 -51.851751 -102.139493
131.658270 -53.734149 -101.638168
131.205223 -55.616546 -101.136842
130.752175 -57.498944 -100.635517
130.299128 -59.381342 -100.134191
129.846081 -61.263739 -99.632866
129.393034 -63.146137 -99.131540
128.939987 -65.028535 -98.630215
128.486939 -66.910932 -98.128889
128.033892 -68.793330 -97.627564
127.580845 -70.675728 -97.126238
127.127798 -72.558125 -96.624913
126.674751 -74.440523 -96.123587
126.221703 -76.322921 -95.622262
125.768656 -78.205318 -95.120936
125.315609 -80.087716 -94.619611
124.862562 -81.970114 -94.118285
-255.667837 211.104902 -257.648536
-254.488179 212.606742 -257.054495
-253.308520 214.108581 -256.460455
-252.128862 215.610421 -255.866414
-250.949203 217.112260 -255.272373
-249.769545 218.614100 -254.678333
-248.589886 220.115939 -254.084292
-247.410228 221.617778 -253.490252
-246.230570 223.119618 -252.896211
-245.050911 224.621457 -252.302171
-243.871253 226.123297 -251.708130
-242.691594 227.625136 -251.114089
-241.511936 229.126976 -250.520049
-240.332277 230.628815 -249.926008
-239.152619 232.130655 -249.331968
-237.972961 233.632494 -248.737927
-236.793302 235.134334 -248.143886
-235.613644 236.636173 -247.549846
-234.433985 238.138013 -246.955805
-233.254327 239.639852 -246.361765
-232.074669 241.141692 -245.767724
-230.895010 242.643531 -245.173683
-229.715352 244.145370 -244.579643
-228.535693 245.647210 -243.985602
-227.356035 247.149049 -243.391562
-226.176376 248.650889 -242.797521
-224.996718 250.152728 -242.203481
-223.817060 251.654568 -241.609440
-222.637401 253.156407 -241.015399
-221.457743 254.658247 -240.421359
-220.278084 256.160086 -239.827318
-219.098426 257.661926 -239.233278
-217.918767 259.163765 -238.639237
-216.739109 260.665605 -238.045196
-215.559451 262.167444 -237.451156
-214.379792 263.669284 -236.857115
-213.200134 265.171123 -236.263075
-212.020475 266.672963 -235.669034
-210.840817 268.174802 -235.074993
-209.661159 269.676641 -234.480953
-208.481500 271.178481 -233.886912
-207.301842 272.680320 -233.292872
-206.122183 274.182160 -232.698831
-204.942525 275.683999 -232.104791
-203.762866 277.185839 -231.510750
-202.583208 278.687678 -230.916709
-201.403550 280.189518 -230.322669
-200.223891 281.691357 -229.728628
-199.044233 283.193197 -229.134588
-197.864574 284.695036 -228.540547
-196.684916 286.196876 -227.946506
-195.505257 287.698715 -227.352466
-194.325599 289.200555 -226.758425
-193.145941 290.702394 -226.164385
-191.966282 292.204233 -225.570344
-190.786624 293.706073 -224.976304
-189.606965 295.207912 -224.382263
-188.427307 296.709752 -223.788222
-187.247648 298.211591 -223.194182
-186.067990 299.713431 -222.600141
-184.888332 301.215270 -222.006101
-183.708673 302.717110 -221.412060
-182.529015 304.218949 -220.818019
-181.349356 305.720789 -220.223979
-180.169698 307.222628 -219.629938
-178.990040 308.724468 -219.035898
-177.810381 310.226307 -218.441857
-176.630723 311.728147 -217.847816
-175.451064 313.229986 -217.253776
-174.271406 314.731825 -216.659735
230.427509 254.627373 70.292193
232.316426 254.878595 69.684839
234.205343 255.129817 69.077484
236.094260 255.381039 68.470130
237.983177 255.632261 67.862776
239.872095 255.883483 67.255421
241.761012 256.134705 66.648067
243.649929 256.385927 66.040712
245.538846 256.637149 65.433358
247.427763 256.888371 64.826004
249.316681 257.139594 64.218649
251.205598 257.390816 63.611295
253.094515 257.642038 63.003941
254.983432 257.893260 62.396586
256.872349 258.144482 61.789232
258.761266 258.395704 61.181877
260.650184 258.646926 60.574523
262.539101 258.898148 59.967169
264.428018 259.149370 59.359814
266.316935 259.400592 58.752460
268.205852 259.651814 58.145106
270.094770 259.903037 57.537751
271.983687 260.154259 56.930397
273.872604 260.405481 56.323042
275.761521 260.656703 55.715688
277.650438 260.907925 55.108334
279.539355 261.159147 54.500979
281.428273 261.410369 53.893625
283.317190 261.661591 53.286270
285.206107 261.912813 52.678916
287.095024 262.164035 52.071562
288.983941 262.415257 51.464207
290.872859 262.666479 50.856853
292.761776 262.917702 50.249499
294.650693 263.168924 49.642144
296.539610 263.420146 49.034790
298.428527 263.671368 48.427435
300.317444 263.922590 47.820081
302.206362 264.173812 47.212727
304.095279 264.425034 46.605372
305.984196 264.676256 45.998018
307.873113 264.927478 45.390664
309.762030 265.178700 44.783309
311.650948 265.429922 44.175955
313.539865 265.681144 43.568600
315.428782 265.932367 42.961246
317.317699 266.183589 42.353892
319.206616 266.434811 41.746537
321.095533 266.686033 41.139183
322.984451 266.937255 40.531829
324.873368 267.188477 39.924474
326.762285 267.439699 39.317120
328.651202 267.690921 38.709765
330.540119 267.942143 38.102411
332.429037 268.193365 37.495057
334.317954 268.444587 36.887702
336.206871 268.695810 36.280348
338.095788 268.947032 35.672993
339.984705 269.198254 35.065639
341.873622 269.449476 34.458285
343.762540 269.700698 33.850930
345.651457 269.951920 33.243576
347.540374 270.203142 32.636222
349.429291 270.454364 32.028867
351.318208 270.705586 31.421513
353.207126 270.956808 30.814158
355.096043 271.208030 30.206804
356.984960 271.459252 29.599450
358.873877 271.710475 28.992095
360.762794 271.961697 28.384741
279.560776 -268.433861 106.778755
278.953845 -266.819636 105.765882
278.346915 -265.205410 104.753008
277.739985 -263.591185 103.740135
277.133054 -261.976960 102.727262
276.526124 -260.362735 101.714388
275.919193 -258.748510 100.701515
275.312263 -257.134285 99.688641
274.705332 -255.520059 98.675768
274.098402 -253.905834 97.662894
273.491472 -252.291609 96.650021
272.884541 -250.677384 95.637148
272.277611 -249.063159 94.624274
271.670680 -247.448933 93.611401
271.063750 -245.834708 92.598527
270.456820 -244.220483 91.585654
269.849889 -242.606258 90.572781
269.242959 -240.992033 89.559907
268.636028 -239.377808 88.547034
268.029098 -237.763582 87.534160
267.422167 -236.149357 86.521287
266.815237 -234.535132 85.508414
266.208307 -232.920907 84.495540
265.601376 -231.306682 83.482667
264.994446 -229.692456 82.469793
264.387515 -228.078231 81.456920
263.780585 -226.464006 80.444047
263.173655 -224.849781 79.431173
262.566724 -223.235556 78.418300
261.959794 -221.621331 77.405426
261.352863 -220.007105 76.392553
260.745933 -218.392880 75.379680
260.139003 -216.778655 74.366806
259.532072 -215.164430 73.353933
258.925142 -213.550205 72.341059
258.318211 -211.935980 71.328186
257.711281 -210.321754 70.315312
257.104350 -208.707529 69.302439
256.497420 -207.093304 68.289566
255.890490 -205.479079 67.276692
255.283559 -203.864854 66.263819
254.676629 -202.250628 65.250945
254.069698 -200.636403 64.238072
253.462768 -199.022178 63.225199
252.855838 -197.407953 62.212325
252.248907 -195.793728 61.199452
251.641977 -194.179503 60.186578
251.035046 -192.565277 59.173705
250.428116 -190.951052 58.160832
249.821185 -189.336827 57.147958
249.214255 -187.722602 56.135085
248.607325 -186.108377 55.122211
248.000394 -184.494151 54.109338
247.393464 -182.879926 53.096465
246.786533 -181.265701 52.083591
246.179603 -179.651476 51.070718
245.572673 -178.037251 50.057844
244.965742 -176.423026 49.044971
244.358812 -174.808800 48.032097
243.751881 -173.194575 47.019224
243.144951 -171.580350 46.006351
242.538020 -169.966125 44.993477
241.931090 -168.351900 43.980604
241.324160 -166.737674 42.967730
240.717229 -165.123449 41.954857
240.110299 -163.509224 40.941984
239.503368 -161.894999 39.929110
238.896438 -160.280774 38.916237
238.289508 -158.666549 37.903363
237.682577 -157.052323 36.890490
304.024858 282.777343 -195.934338
302.677175 283.505243 -194.648293
301.329492 284.233144 -193.362249
299.981808 284.961045 -192.076204
298.634125 285.688946 -190.790160
297.286442 286.416846 -189.504115
295.938759 287.144747 -188.218071
294.591075 287.872648 -186.932026
293.243392 288.600549 -185.645982
291.895709 289.328449 -184.359937
290.548026 290.056350 -183.073893
289.200342 290.784251 -181.787848
287.852659 291.512151 -180.501804
286.504976 292.240052 -179.215759
285.157293 292.967953 -177.929715
283.809609 293.695854 -176.643670
282.461926 294.423754 -175.357626
281.114243 295.151655 -174.071581
279.766560 295.879556 -172.785537
278.418876 296.607456 -171.499492
277.071193 297.335357 -170.213448
275.723510 298.063258 -168.927403
274.375827 298.791159 -167.641359
273.028143 299.519059 -166.355314
271.680460 300.246960 -165.069270
270.332777 300.974861 -163.783225
268.985094 301.702761 -162.497181
267.637410 302.430662 -161.211136
266.289727 303.158563 -159.925092
264.942044 303.886464 -158.639048
263.594361 304.614364 -157.353003
262.246677 305.342265 -156.066959
260.898994 306.070166 -154.780914
259.551311 306.798066 -153.494870
258.203628 307.525967 -152.208825
256.855944 308.253868 -150.922781
255.508261 308.981769 -149.636736
254.160578 309.709669 -148.350692
252.812895 310.437570 -147.064647
251.465211 311.165471 -145.778603
250.117528 311.893371 -144.492558
248.769845 312.621272 -143.206514
247.422162 313.349173 -141.920469
246.074478 314.077074 -140.634425
244.726795 314.804974 -139.348380
243.379112 315.532875 -138.062336
242.031429 316.260776 -136.776291
240.683745 316.988676 -135.490247
239.336062 317.716577 -134.204202
237.988379 318.444478 -132.918158
236.640696 319.172379 -131.632113
235.293012 319.900279 -130.346069
233.945329 320.628180 -129.060024
232.597646 321.356081 -127.773980
231.249963 322.083982 -126.487935
229.902279 322.811882 -125.201891
228.554596 323.539783 -123.915847
227.206913 324.267684 -122.629802
225.859230 324.995584 -121.343758
224.511546 325.723485 -120.057713
223.163863 326.451386 -118.771669
221.816180 327.179287 -117.485624
220.468497 327.907187 -116.199580
219.120813 328.635088 -114.913535
217.773130 329.362989 -113.627491
216.425447 330.090889 -112.341446
215.077764 330.818790 -111.055402
213.730080 331.546691 -109.769357
212.382397 332.274592 -108.483313
211.034714 333.002492 -107.197268
363.754971 124.373151 -373.123915
364.153081 126.308678 -372.815301
364.551191 128.244206 -372.506687
364.949302 130.179733 -372.198074
365.347412 132.115260 -371.889460
365.745523 134.050787 -371.580846
366.143633 135.986314 -371.272232
366.541744 137.921842 -370.963618
366.939854 139.857369 -370.655005
367.337964 141.792896 -370.346391
367.736075 143.728423 -370.037777
368.134185 145.663950 -369.729163
368.532296 147.599478 -369.420549
368.930406 149.535005 -369.111936
369.328517 151.470532 -368.803322
369.726627 153.406059 -368.494708
370.124737 155.341587 -368.186094
370.522848 157.277114 -367.877480
370.920958 159.212641 -367.568866
371.319069 161.148168 -367.260253
371.717179 163.083695 -366.951639
372.115289 165.019223 -366.643025
372.513400 166.954750 -366.334411
372.911510 168.890277 -366.025797
373.309621 170.825804 -365.717184
373.707731 172.761331 -365.408570
374.105842 174.696859 -365.099956
374.503952 176.632386 -364.791342
374.902062 178.567913 -364.482728
375.300173 180.503440 -364.174115
375.698283 182.438968 -363.865501
376.096394 184.374495 -363.556887
376.494504 186.310022 -363.248273
376.892615 188.245549 -362.939659
377.290725 190.181076 -362.631046
377.688835 192.116604 -362.322432
378.086946 194.052131 -362.013818
378.485056 195.987658 -361.705204
378.883167 197.923185 -361.396590
379.281277 199.858713 -361.087976
379.679387 201.794240 -360.779363
380.077498 203.729767 -360.470749
380.475608 205.665294 -360.162135
380.873719 207.600821 -359.853521
381.271829 209.536349 -359.544907
381.669940 211.471876 -359.236294
382.068050 213.407403 -358.927680
382.466160 215.342930 -358.619066
382.864271 217.278457 -358.310452
383.262381 219.213985 -358.001838
383.660492 221.149512 -357.693225
384.058602 223.085039 -357.384611
384.456713 225.020566 -357.075997
384.854823 226.956094 -356.767383
385.252933 228.891621 -356.458769
385.651044 230.827148 -356.150155
386.049154 232.762675 -355.841542
386.447265 234.698202 -355.532928
386.845375 236.633730 -355.224314
387.243485 238.569257 -354.915700
387.641596 240.504784 -354.607086
388.039706 242.440311 -354.298473
388.437817 244.375839 -353.989859
388.835927 246.311366 -353.681245
389.234038 248.246893 -353.372631
389.632148 250.182420 -353.064017
390.030258 252.117947 -352.755404
390.428369 254.053475 -352.446790
390.826479 255.989002 -352.138176
391.224590 257.924529 -351.829562
2.959336 36.093240 173.072094
1.352692 36.421581 174.217034
-0.253952 36.749922 175.361974
-1.860595 37.078263 176.506914
-3.467239 37.406604 177.651855
-5.073883 37.734945 178.796795
-6.680526 38.063286 179.941735
-8.287170 38.391627 181.086676
-9.893814 38.719968 182.231616
-11.500458 39.048309 183.376556
-13.107101 39.376650 184.521496
-14.713745 39.704991 185.666437
-16.320389 40.033332 186.811377
-17.927032 40.361673 187.956317
-19.533676 40.690014 189.101257
-21.140320 41.018355 190.246198
-22.746963 41.346696 191.391138
-24.353607 41.675037 192.536078
-25.960251 42.003378 193.681019
-27.566895 42.331719 194.825959
-29.173538 42.660060 195.970899
-30.780182 42.988401 197.115839
-32.386826 43.316742 198.260780
-33.993469 43.645083 199.405720
-35.600113 43.973424 200.550660
-37.206757 44.301764 201.695600
-38.813400 44.630105 202.840541
-40.420044 44.958446 203.985481
-42.026688 45.286787 205.130421
-43.633332 45.615128 206.275362
-45.239975 45.943469 207.420302
-46.846619 46.271810 208.565242
-48.453263 46.600151 209.710182
-50.059906 46.928492 210.855123
-51.666550 47.256833 212.000063
-53.273194 47.585174 213.145003
-54.879837 47.913515 214.289943
-56.486481 48.241856 215.434884
-58.093125 48.570197 216.579824
-59.699769 48.898538 217.724764
-61.306412 49.226879 218.869705
-62.913056 49.555220 220.014645
-64.519700 49.883561 221.159585
-66.126343 50.211902 222.304525
-67.732987 50.540243 223.449466
-69.339631 50.868584 224.594406
-70.946274 51.196925 225.739346
-72.552918 51.525266 226.884286
-74.159562 51.853607 228.029227
-75.766206 52.181948 229.174167
-77.372849 52.510289 230.319107
-78.979493 52.838630 231.464048
-80.586137 53.166971 232.608988
-82.192780 53.495312 233.753928
-83.799424 53.823653 234.898868
-85.406068 54.151994 236.043809
-87.012711 54.480335 237.188749
-88.619355 54.808676 238.333689
-90.225999 55.137017 239.478630
-91.832643 55.465358 240.623570
-93.439286 55.793699 241.768510
-95.045930 56.122040 242.913450
-96.652574 56.450381 244.058391
-98.259217 56.778722 245.203331
-99.865861 57.107062 246.348271
-101.472505 57.435403 247.493211
-103.079148 57.763744 248.638152
-104.685792 58.092085 249.783092
-106.292436 58.420426 250.928032
-107.899080 58.748767 252.072973
-313.903915 -167.382546 107.552360
-314.410133 -166.670334 105.753333
-314.916351 -165.958123 103.954306
-315.422569 -165.245911 102.155279
-315.928786 -164.533700 100.356252
-316.435004 -163.821489 98.557224
-316.941222 -163.109277 96.758197
-317.447439 -162.397066 94.959170
-317.953657 -161.684854 93.160143
-318.459875 -160.972643 91.361116
-318.966093 -160.260431 89.562089
-319.472310 -159.548220 87.763062
-319.978528 -158.836009 85.964035
-320.484746 -158.123797 84.165008
-320.990963 -157.411586 82.365981
-321.497181 -156.699374 80.566953
-322.003399 -155.987163 78.767926
-322.509617 -155.274951 76.968899
-323.015834 -154.562740 75.169872
-323.522052 -153.850528 73.370845
-324.028270 -153.138317 71.571818
-324.534487 -152.426106 69.772791
-325.040705 -151.713894 67.973764
-325.546923 -151.001683 66.174737
-326.053141 -150.289471 64.375710
-326.559358 -149.577260 62.576683
-327.065576 -148.865048 60.777655
-327.571794 -148.152837 58.978628
-328.078011 -147.440625 57.179601
-328.584229 -146.728414 55.380574
-329.090447 -146.016203 53.581547
-329.596665 -145.303991 51.782520
-330.102882 -144.591780 49.983493
-330.609100 -143.879568 48.184466
-331.115318 -143.167357 46.385439
-331.621535 -142.455145 44.586412
-332.127753 -141.742934 42.787384
-332.633971 -141.030722 40.988357
-333.140188 -140.318511 39.189330
-333.646406 -139.606300 37.390303
-334.152624 -138.894088 35.591276
-334.658842 -138.181877 33.792249
-335.165059 -137.469665 31.993222
-335.671277 -136.757454 30.194195
-336.177495 -136.045242 28.395168
-336.683712 -135.333031 26.596141
-337.189930 -134.620819 24.797114
-337.696148 -133.908608 22.998086
-338.202366 -133.196397 21.199059
-338.708583 -132.484185 19.400032
-339.214801 -131.771974 17.601005
-339.721019 -131.059762 15.801978
-340.227236 -130.347551 14.002951
-340.733454 -129.635339 12.203924
-341.239672 -128.923128 10.404897
-341.745890 -128.210916 8.605870
-342.252107 -127.498705 6.806843
-342.758325 -126.786494 5.007815
-343.264543 -126.074282 3.208788
-343.770760 -125.362071 1.409761
-344.276978 -124.649859 -0.389266
-344.783196 -123.937648 -2.188293
-345.289414 -123.225436 -3.987320
-345.795631 -122.513225 -5.786347
-346.301849 -121.801013 -7.585374
-346.808067 -121.088802 -9.384401
-347.314284 -120.376591 -11.183428
-347.820502 -119.664379 -12.982455
-348.326720 -118.952168 -14.781483
-348.832938 -118.239956 -16.580510
-11.580565 14.278756 -101.239585
-12.307925 12.939569 -99.944391
-13.035285 11.600383 -98.649198
-13.762645 10.261196 -97.354004
-14.490005 8.922009 -96.058811
-15.217365 7.582822 -94.763617
-15.944725 6.243636 -93.468424
-16.672085 4.904449 -92.173230
-17.399445 3.565262 -90.878036
-18.126805 2.226075 -89.582843
-18.854165 0.886889 -88.287649
-19.581525 -0.452298 -86.992456
-20.308885 -1.791485 -85.697262
-21.036244 -3.130672 -84.402069
-21.763604 -4.469858 -83.106875
-22.490964 -5.809045 -81.811681
-23.218324 -7.148232 -80.516488
-23.945684 -8.487418 -79.221294
-24.673044 -9.826605 -77.926101
-25.400404 -11.165792 -76.630907
-26.127764 -12.504979 -75.335714
-26.855124 -13.844165 -74.040520
-27.582484 -15.183352 -72.745327
-28.309844 -16.522539 -71.450133
-29.037204 -17.861726 -70.154939
-29.764564 -19.200912 -68.859746
-30.491924 -20.540099 -67.564552
-31.219284 -21.879286 -66.269359
-31.946644 -23.218473 -64.974165
-32.674004 -24.557659 -63.678972
-33.401364 -25.896846 -62.383778
-34.128724 -27.236033 -61.088584
-34.856084 -28.575220 -59.793391
-35.583444 -29.914406 -58.498197
-36.310804 -31.253593 -57.203004
-37.038164 -32.592780 -55.907810
-37.765524 -33.931966 -54.612617
-38.492884 -35.271153 -53.317423
-39.220244 -36.610340 -52.022230
-39.947604 -37.949527 -50.727036
-40.674964 -39.288713 -49.431842
-41.402324 -40.627900 -48.136649
-42.129684 -41.967087 -46.841455
-42.857043 -43.306274 -45.546262
-43.584403 -44.645460 -44.251068
-44.311763 -45.984647 -42.955875
-45.039123 -47.323834 -41.660681
-45.766483 -48.663021 -40.365487
-46.493843 -50.002207 -39.070294
-47.221203 -51.341394 -37.775100
-47.948563 -52.680581 -36.479907
-48.675923 -54.019768 -35.184713
-49.403283 -55.358954 -33.889520
-50.130643 -56.698141 -32.594326
-50.858003 -58.037328 -31.299133
-51.585363 -59.376514 -30.003939
-52.312723 -60.715701 -28.708745
-53.040083 -62.054888 -27.413552
-53.767443 -63.394075 -26.118358
-54.494803 -64.733261 -24.823165
-55.222163 -66.072448 -23.527971
-55.949523 -67.411635 -22.232778
-56.676883 -68.750822 -20.937584
-57.404243 -70.090008 -19.642391
-58.131603 -71.429195 -18.347197
-58.858963 -72.768382 -17.052003
-59.586323 -74.107569 -15.756810
-60.313683 -75.446755 -14.461616
-61.041043 -76.785942 -13.166423
-61.768403 -78.125129 -11.871229
75.268242 78.628990 -268.299005
74.356008 80.394210 -268.526663
73.443775 82.159430 -268.754322
72.531541 83.924650 -268.981981
71.619308 85.689870 -269.209639
70.707074 87.455089 -269.437298
69.794840 89.220309 -269.664957
68.882607 90.985529 -269.892615
67.970373 92.750749 -270.120274
67.058140 94.515969 -270.347933
66.145906 96.281189 -270.575592
65.233673 98.046409 -270.803250
64.321439 99.811629 -271.030909
63.409205 101.576849 -271.258568
62.496972 103.342069 -271.486226
61.584738 105.107289 -271.713885
60.672505 106.872509 -271.941544
59.760271 108.637729 -272.169203
58.848038 110.402949 -272.396861
57.935804 112.168169 -272.624520
57.023570 113.933388 -272.852179
56.111337 115.698608 -273.079837
55.199103 117.463828 -273.307496
54.286870 119.229048 -273.535155
53.374636 120.994268 -273.762814
52.462403 122.759488 -273.990472
51.550169 124.524708 -274.218131
50.637935 126.289928 -274.445790
49.725702 128.055148 -274.673448
48.813468 129.820368 -274.901107
47.901235 131.585588 -275.128766
46.989001 133.350808 -275.356425
46.076767 135.116028 -275.584083
45.164534 136.881248 -275.811742
44.252300 138.646468 -276.039401
43.340067 140.411687 -276.267059
42.427833 142.176907 -276.494718
41.515600 143.942127 -276.722377
40.603366 145.707347 -276.950035
39.691132 147.472567 -277.177694
38.778899 149.237787 -277.405353
37.866665 151.003007 -277.633012
36.954432 152.768227 -277.860670
36.042198 154.533447 -278.088329
35.129965 156.298667 -278.315988
34.217731 158.063887 -278.543646
33.305497 159.829107 -278.771305
32.393264 161.594327 -278.998964
31.481030 163.359547 -279.226623
30.568797 165.124767 -279.454281
29.656563 166.889986 -279.681940
28.744330 168.655206 -279.909599
27.832096 170.420426 -280.137257
26.919862 172.185646 -280.364916
26.007629 173.950866 -280.592575
25.095395 175.716086 -280.820234
24.183162 177.481306 -281.047892
23.270928 179.246526 -281.275551
22.358694 181.011746 -281.503210
21.446461 182.776966 -281.730868
20.534227 184.542186 -281.958527
19.621994 186.307406 -282.186186
18.709760 188.072626 -282.413844
17.797527 189.837846 -282.641503
16.885293 191.603066 -282.869162
15.973059 193.368285 -283.096821
15.060826 195.133505 -283.324479
14.148592 196.898725 -283.552138
13.236359 198.663945 -283.779797
12.324125 200.429165 -284.007455
44.311333 257.108500 190.030845
44.924491 259.011680 189.986739
45.537649 260.914859 189.942633
46.150807 262.818039 189.898527
46.763965 264.721218 189.854421
47.377123 266.624398 189.810315
47.990281 268.527577 189.766209
48.603439 270.430757 189.722103
49.216597 272.333936 189.677997
49.829755 274.237115 189.633891
50.442913 276.140295 189.589785
51.056071 278.043474 189.545679
51.669229 279.946654 189.501573
52.282387 281.849833 189.457467
52.895545 283.753013 189.413361
53.508703 285.656192 189.369255
54.121861 287.559371 189.325149
54.735019 289.462551 189.281043
55.348177 291.365730 189.236937
55.961335 293.268910 189.192831
56.574492 295.172089 189.148725
57.187650 297.075269 189.104619
57.800808 298.978448 189.060513
58.413966 300.881628 189.016407
59.027124 302.784807 188.972300
59.640282 304.687986 188.928194
60.253440 306.591166 188.884088
60.866598 308.494345 188.839982
61.479756 310.397525 188.795876
62.092914 312.300704 188.751770
62.706072 314.203884 188.707664
63.319230 316.107063 188.663558
63.932388 318.010243 188.619452
64.545546 319.913422 188.575346
65.158704 321.816601 188.531240
65.771862 323.719781 188.487134
66.385020 325.622960 188.443028
66.998178 327.526140 188.398922
67.611336 329.429319 188.354816
68.224494 331.332499 188.310710
68.837652 333.235678 188.266604
69.450810 335.138857 188.222498
70.063968 337.042037 188.178392
70.677126 338.945216 188.134286
71.290283 340.848396 188.090180
71.903441 342.751575 188.046074
72.516599 344.654755 188.001968
73.129757 346.557934 187.957862
73.742915 348.461114 187.913756
74.356073 350.364293 187.869650
74.969231 352.267472 187.825544
75.582389 354.170652 187.781438
76.195547 356.073831 187.737332
76.808705 357.977011 187.693226
77.421863 359.880190 187.649120
78.035021 361.783370 187.605014
78.648179 363.686549 187.560908
79.261337 365.589728 187.516802
79.874495 367.492908 187.472696
80.487653 369.396087 187.428589
81.100811 371.299267 187.384483
81.713969 373.202446 187.340377
82.327127 375.105626 187.296271
82.940285 377.008805 187.252165
83.553443 378.911985 187.208059
84.166601 380.815164 187.163953
84.779759 382.718343 187.119847
85.392917 384.621523 187.075741
86.006074 386.524702 187.031635
86.619232 388.427882 186.987529
91.258271 -275.462965 -309.193823
92.621494 -274.756898 -310.475655
93.984716 -274.050831 -311.757487
95.347939 -273.344764 -313.039318
96.711162 -272.638697 -314.321150
98.074385 -271.932630 -315.602981
99.437608 -271.226562 -316.884813
100.800831 -270.520495 -318.166645
102.164054 -269.814428 -319.448476
103.527277 -269.108361 -320.730308
104.890500 -268.402294 -322.012140
106.253723 -267.696227 -323.293971
107.616946 -266.990160 -324.575803
108.980169 -266.284093 -325.857635
110.343392 -265.578025 -327.139466
111.706615 -264.871958 -328.421298
113.069838 -264.165891 -329.703129
114.433061 -263.459824 -330.984961
115.796284 -262.753757 -332.266793
117.159507 -262.047690 -333.548624
118.522730 -261.341623 -334.830456
119.885953 -260.635556 -336.112288
121.249176 -259.929489 -337.394119
122.612399 -259.223421 -338.675951
123.975622 -258.517354 -339.957783
125.338845 -257.811287 -341.239614
126.702068 -257.105220 -342.521446
128.065291 -256.399153 -343.803278
129.428514 -255.693086 -345.085109
130.791737 -254.987019 -346.366941
132.154960 -254.280952 -347.648772
133.518183 -253.574885 -348.930604
134.881406 -252.868817 -350.212436
136.244629 -252.162750 -351.494267
137.607852 -251.456683 -352.776099
138.971075 -250.750616 -354.057931
140.334298 -250.044549 -355.339762
141.697520 -249.338482 -356.621594
143.060743 -248.632415 -357.903426
144.423966 -247.926348 -359.185257
145.787189 -247.220280 -360.467089
147.150412 -246.514213 -361.748921
148.513635 -245.808146 -363.030752
149.876858 -245.102079 -364.312584
151.240081 -244.396012 -365.594415
152.603304 -243.689945 -366.876247
153.966527 -242.983878 -368.158079
155.329750 -242.277811 -369.439910
156.692973 -241.571744 -370.721742
158.056196 -240.865676 -372.003574
159.419419 -240.159609 -373.285405
160.782642 -239.453542 -374.567237
162.145865 -238.747475 -375.849069
163.509088 -238.041408 -377.130900
164.872311 -237.335341 -378.412732
166.235534 -236.629274 -379.694564
167.598757 -235.923207 -380.976395
168.961980 -235.217140 -382.258227
170.325203 -234.511072 -383.540058
171.688426 -233.805005 -384.821890
173.051649 -233.098938 -386.103722
174.414872 -232.392871 -387.385553
175.778095 -231.686804 -388.667385
177.141318 -230.980737 -389.949217
178.504541 -230.274670 -391.231048
179.867764 -229.568603 -392.512880
181.230987 -228.862535 -393.794712
182.594210 -228.156468 -395.076543
183.957433 -227.450401 -396.358375
185.320656 -226.744334 -397.640206
326.406136 -74.322664 -198.400361
327.367009 -76.069893 -198.245720
328.327882 -77.817122 -198.091079
329.288755 -79.564351 -197.936438
330.249628 -81.311580 -197.781796
331.210501 -83.058810 -197.627155
332.171373 -84.806039 -197.472514
333.132246 -86.553268 -197.317873
334.093119 -88.300497 -197.163232
335.053992 -90.047726 -197.008591
336.014865 -91.794955 -196.853950
336.975738 -93.542184 -196.699309
337.936610 -95.289413 -196.544668
338.897483 -97.036642 -196.390027
339.858356 -98.783872 -196.235386
340.819229 -100.531101 -196.080745
341.780102 -102.278330 -195.926104
342.740974 -104.025559 -195.771463
343.701847 -105.772788 -195.616822
344.662720 -107.520017 -195.462181
345.623593 -109.267246 -195.307540
346.584466 -111.014475 -195.152899
347.545339 -112.761704 -194.998258
348.506211 -114.508934 -194.843617
349.467084 -116.256163 -194.688976
350.427957 -118.003392 -194.534334
351.388830 -119.750621 -194.379693
352.349703 -121.497850 -194.225052
353.310576 -123.245079 -194.070411
354.271448 -124.992308 -193.915770
355.232321 -126.739537 -193.761129
356.193194 -128.486766 -193.606488
357.154067 -130.233996 -193.451847
358.114940 -131.981225 -193.297206
359.075812 -133.728454 -193.142565
360.036685 -135.475683 -192.987924
360.997558 -137.222912 -192.833283
361.958431 -138.970141 -192.678642
362.919304 -140.717370 -192.524001
363.880177 -142.464599 -192.369360
364.841049 -144.211828 -192.214719
365.801922 -145.959058 -192.060078
366.762795 -147.706287 -191.905437
367.723668 -149.453516 -191.750796
368.684541 -151.200745 -191.596155
369.645414 -152.947974 -191.441514
370.606286 -154.695203 -191.286873
371.567159 -156.442432 -191.132231
372.528032 -158.189661 -190.977590
373.488905 -159.936890 -190.822949
374.449778 -161.684120 -190.668308
375.410651 -163.431349 -190.513667
376.371523 -165.178578 -190.359026
377.332396 -166.925807 -190.204385
378.293269 -168.673036 -190.049744
379.254142 -170.420265 -189.895103
380.215015 -172.167494 -189.740462
381.175887 -173.914723 -189.585821
382.136760 -175.661952 -189.431180
383.097633 -177.409182 -189.276539
384.058506 -179.156411 -189.121898
385.019379 -180.903640 -188.967257
385.980252 -182.650869 -188.812616
386.941124 -184.398098 -188.657975
387.901997 -186.145327 -188.503334
388.862870 -187.892556 -188.348693
389.823743 -189.639785 -188.194052
390.784616 -191.387014 -188.039411
391.745489 -193.134244 -187.884769
392.706361 -194.881473 -187.730128
-33.643868 14.083061 -231.796812
-34.077271 15.986526 -231.362087
-34.510674 17.889990 -230.927362
-34.944077 19.793454 -230.492638
-35.377481 21.696918 -230.057913
-35.810884 23.600383 -229.623189
-36.244287 25.503847 -229.188464
-36.677690 27.407311 -228.753740
-37.111093 29.310776 -228.319015
-37.544496 31.214240 -227.884290
-37.977899 33.117704 -227.449566
-38.411302 35.021168 -227.014841
-38.844706 36.924633 -226.580117
-39.278109 38.828097 -226.145392
-39.711512 40.731561 -225.710668
-40.144915 42.635026 -225.275943
-40.578318 44.538490 -224.841219
-41.011721 46.441954 -224.406494
-41.445124 48.345418 -223.971769
-41.878527 50.248883 -223.537045
-42.311930 52.152347 -223.102320
-42.745334 54.055811 -222.667596
-43.178737 55.959276 -222.232871
-43.612140 57.862740 -221.798147
-44.045543 59.766204 -221.363422
-44.478946 61.669668 -220.928697
-44.912349 63.573133 -220.493973
-45.345752 65.476597 -220.059248
-45.779155 67.380061 -219.624524
-46.212559 69.283526 -219.189799
-46.645962 71.186990 -218.755075
-47.079365 73.090454 -218.320350
-47.512768 74.993918 -217.885625
-47.946171 76.897383 -217.450901
-48.379574 78.800847 -217.016176
-48.812977 80.704311 -216.581452
-49.246380 82.607776 -216.146727
-49.679783 84.511240 -215.712003
-50.113187 86.414704 -215.277278
-50.546590 88.318168 -214.842554
-50.979993 90.221633 -214.407829
-51.413396 92.125097 -213.973104
-51.846799 94.028561 -213.538380
-52.280202 95.932026 -213.103655
-52.713605 97.835490 -212.668931
-53.147008 99.738954 -212.234206
-53.580412 101.642418 -211.799482
-54.013815 103.545883 -211.364757
-54.447218 105.449347 -210.930032
-54.880621 107.352811 -210.495308
-55.314024 109.256276 -210.060583
-55.747427 111.159740 -209.625859
-56.180830 113.063204 -209.191134
-56.614233 114.966669 -208.756410
-57.047636 116.870133 -208.321685
-57.481040 118.773597 -207.886961
-57.914443 120.677061 -207.452236
-58.347846 122.580526 -207.017511
-58.781249 124.483990 -206.582787
-59.214652 126.387454 -206.148062
-59.648055 128.290919 -205.713338
-60.081458 130.194383 -205.278613
-60.514861 132.097847 -204.843889
-60.948265 134.001311 -204.409164
-61.381668 135.904776 -203.974439
-61.815071 137.808240 -203.539715
-62.248474 139.711704 -203.104990
-62.681877 141.615169 -202.670266
-63.115280 143.518633 -202.235541
-63.548683 145.422097 -201.800817
-308.480467 -75.698461 -142.688270
-308.458196 -75.015731 -140.808541
-308.435926 -74.333002 -138.928811
-308.413655 -73.650272 -137.049081
-308.391385 -72.967543 -135.169351
-308.369114 -72.284813 -133.289621
-308.346844 -71.602084 -131.409891
-308.324573 -70.919354 -129.530161
-308.302303 -70.236625 -127.650431
-308.280032 -69.553895 -125.770701
-308.257762 -68.871166 -123.890971
-308.235491 -68.188436 -122.011242
-308.213221 -67.505707 -120.131512
-308.190950 -66.822977 -118.251782
-308.168679 -66.140248 -116.372052
-308.146409 -65.457518 -114.492322
-308.124138 -64.774789 -112.612592
-308.101868 -64.092060 -110.732862
-308.079597 -63.409330 -108.853132
-308.057327 -62.726601 -106.973402
-308.035056 -62.043871 -105.093672
-308.012786 -61.361142 -103.213943
-307.990515 -60.678412 -101.334213
-307.968245 -59.995683 -99.454483
-307.945974 -59.312953 -97.574753
-307.923704 -58.630224 -95.695023
-307.901433 -57.947494 -93.815293
-307.879163 -57.264765 -91.935563
-307.856892 -56.582035 -90.055833
-307.834622 -55.899306 -88.176103
-307.812351 -55.216576 -86.296373
-307.790081 -54.533847 -84.416644
-307.767810 -53.851117 -82.536914
-307.745540 -53.168388 -80.657184
-307.723269 -52.485658 -78.777454
-307.700998 -51.802929 -76.897724
-307.678728 -51.120199 -75.017994
-307.656457 -50.437470 -73.138264
-307.634187 -49.754741 -71.258534
-307.611916 -49.072011 -69.378804
-307.589646 -48.389282 -67.499075
-307.567375 -47.706552 -65.619345
-307.545105 -47.023823 -63.739615
-307.522834 -46.341093 -61.859885
-307.500564 -45.658364 -59.980155
-307.478293 -44.975634 -58.100425
-307.456023 -44.292905 -56.220695
-307.433752 -43.610175 -54.340965
-307.411482 -42.927446 -52.461235
-307.389211 -42.244716 -50.581505
-307.366941 -41.561987 -48.701776
-307.344670 -40.879257 -46.822046
-307.322400 -40.196528 -44.942316
-307.300129 -39.513798 -43.062586
-307.277859 -38.831069 -41.182856
-307.255588 -38.148339 -39.303126
-307.233317 -37.465610 -37.423396
-307.211047 -36.782880 -35.543666
-307.188776 -36.100151 -33.663936
-307.166506 -35.417422 -31.784206
-307.144235 -34.734692 -29.904477
-307.121965 -34.051963 -28.024747
-307.099694 -33.369233 -26.145017
-307.077424 -32.686504 -24.265287
-307.055153 -32.003774 -22.385557
-307.032883 -31.321045 -20.505827
-307.010612 -30.638315 -18.626097
-306.988342 -29.955586 -16.746367
-306.966071 -29.272856 -14.866637
-306.943801 -28.590127 -12.986907
74.452321 -80.133347 -224.652487
73.661239 -78.316422 -224.922626
72.870156 -76.499498 -225.192764
72.079074 -74.682574 -225.462902
71.287991 -72.865650 -225.733041
70.496909 -71.048726 -226.003179
69.705826 -69.231801 -226.273318
68.914744 -67.414877 -226.543456
68.123661 -65.597953 -226.813594
67.332579 -63.781029 -227.083733
66.541496 -61.964104 -227.353871
65.750414 -60.147180 -227.624009
64.959331 -58.330256 -227.894148
64.168249 -56.513332 -228.164286
63.377166 -54.696407 -228.434425
62.586083 -52.879483 -228.704563
61.795001 -51.062559 -228.974701
61.003918 -49.245635 -229.244840
60.212836 -47.428710 -229.514978
59.421753 -45.611786 -229.785116
58.630671 -43.794862 -230.055255
57.839588 -41.977938 -230.325393
57.048506 -40.161013 -230.595532
56.257423 -38.344089 -230.865670
55.466341 -36.527165 -231.135808
54.675258 -34.710241 -231.405947
53.884176 -32.893317 -231.676085
53.093093 -31.076392 -231.946223
52.302011 -29.259468 -232.216362
51.510928 -27.442544 -232.486500
50.719845 -25.625620 -232.756639
49.928763 -23.808695 -233.026777
49.137680 -21.991771 -233.296915
48.346598 -20.174847 -233.567054
47.555515 -18.357923 -233.837192
46.764433 -16.540998 -234.107330
45.973350 -14.724074 -234.377469
45.182268 -12.907150 -234.647607
44.391185 -11.090226 -234.917746
43.600103 -9.273301 -235.187884
42.809020 -7.456377 -235.458022
42.017938 -5.639453 -235.728161
41.226855 -3.822529 -235.998299
40.435773 -2.005604 -236.268437
39.644690 -0.188680 -236.538576
38.853607 1.628244 -236.808714
38.062525 3.445168 -237.078853
37.271442 5.262092 -237.348991
36.480360 7.079017 -237.619129
35.689277 8.895941 -237.889268
34.898195 10.712865 -238.159406
34.107112 12.529789 -238.429544
33.316030 14.346714 -238.699683
32.524947 16.163638 -238.969821
31.733865 17.980562 -239.239960
30.942782 19.797486 -239.510098
30.151700 21.614411 -239.780236
29.360617 23.431335 -240.050375
28.569535 25.248259 -240.320513
27.778452 27.065183 -240.590651
26.987369 28.882108 -240.860790
26.196287 30.699032 -241.130928
25.405204 32.515956 -241.401067
24.614122 34.332880 -241.671205
23.823039 36.149804 -241.941343
23.031957 37.966729 -242.211482
22.240874 39.783653 -242.481620
21.449792 41.600577 -242.751759
20.658709 43.417501 -243.021897
19.867627 45.234426 -243.292035
141.128909 -228.585914 34.204997
139.896167 -228.903020 32.662341
138.663425 -229.220126 31.119684
137.430683 -229.537232 29.577027
136.197940 -229.854338 28.034370
134.965198 -230.171444 26.491713
133.732456 -230.488550 24.949056
132.499713 -230.805655 23.406399
131.266971 -231.122761 21.863742
130.034229 -231.439867 20.321085
128.801487 -231.756973 18.778428
127.568744 -232.074079 17.235771
126.336002 -232.391185 15.693114
125.103260 -232.708291 14.150458
123.870518 -233.025396 12.607801
122.637775 -233.342502 11.065144
121.405033 -233.659608 9.522487
120.172291 -233.976714 7.979830
118.939548 -234.293820 6.437173
117.706806 -234.610926 4.894516
116.474064 -234.928032 3.351859
115.241322 -235.245137 1.809202
114.008579 -235.562243 0.266545
112.775837 -235.879349 -1.276112
111.543095 -236.196455 -2.818769
110.310353 -236.513561 -4.361425
109.077610 -236.830667 -5.904082
107.844868 -237.147772 -7.446739
106.612126 -237.464878 -8.989396
105.379383 -237.781984 -10.532053
104.146641 -238.099090 -12.074710
102.913899 -238.416196 -13.617367
101.681157 -238.733302 -15.160024
100.448414 -239.050408 -16.702681
99.215672 -239.367513 -18.245338
97.982930 -239.684619 -19.787995
96.750188 -240.001725 -21.330652
95.517445 -240.318831 -22.873309
94.284703 -240.635937 -24.415965
93.051961 -240.953043 -25.958622
91.819218 -241.270149 -27.501279
90.586476 -241.587254 -29.043936
89.353734 -241.904360 -30.586593
88.120992 -242.221466 -32.129250
86.888249 -242.538572 -33.671907
85.655507 -242.855678 -35.214564
84.422765 -243.172784 -36.757221
83.190023 -243.489889 -38.299878
81.957280 -243.806995 -39.842535
80.724538 -244.124101 -41.385192
79.491796 -244.441207 -42.927848
78.259053 -244.758313 -44.470505
77.026311 -245.075419 -46.013162
75.793569 -245.392525 -47.555819
74.560827 -245.709630 -49.098476
73.328084 -246.026736 -50.641133
72.095342 -246.343842 -52.183790
70.862600 -246.660948 -53.726447
69.629858 -246.978054 -55.269104
68.397115 -247.295160 -56.811761
67.164373 -247.612266 -58.354418
65.931631 -247.929371 -59.897075
64.698889 -248.246477 -61.439732
63.466146 -248.563583 -62.982388
62.233404 -248.880689 -64.525045
61.000662 -249.197795 -66.067702
59.767919 -249.514901 -67.610359
58.535177 -249.832006 -69.153016
57.302435 -250.149112 -70.695673
56.069693 -250.466218 -72.238330
23.330739 278.733558 16.496758
22.360489 277.795341 17.972686
21.390239 276.857125 19.448615
20.419989 275.918908 20.924543
19.449739 274.980691 22.400471
18.479490 274.042474 23.876400
17.509240 273.104258 25.352328
16.538990 272.166041 26.828257
15.568740 271.227824 28.304185
14.598490 270.289607 29.780113
13.628240 269.351391 31.256042
12.657991 268.413174 32.731970
11.687741 267.474957 34.207898
10.717491 266.536740 35.683827
9.747241 265.598524 37.159755
8.776991 264.660307 38.635684
7.806741 263.722090 40.111612
6.836491 262.783873 41.587540
5.866242 261.845657 43.063469
4.895992 260.907440 44.539397
3.925742 259.969223 46.015325
2.955492 259.031007 47.491254
1.985242 258.092790 48.967182
1.014992 257.154573 50.443111
0.044743 256.216356 51.919039
-0.925507 255.278140 53.394967
-1.895757 254.339923 54.870896
-2.866007 253.401706 56.346824
-3.836257 252.463489 57.822753
-4.806507 251.525273 59.298681
-5.776757 250.587056 60.774609
-6.747006 249.648839 62.250538
-7.717256 248.710622 63.726466
-8.687506 247.772406 65.202394
-9.657756 246.834189 66.678323
-10.628006 245.895972 68.154251
-11.598256 244.957755 69.630180
-12.568505 244.019539 71.106108
-13.538755 243.081322 72.582036
-14.509005 242.143105 74.057965
-15.479255 241.204888 75.533893
-16.449505 240.266672 77.009821
-17.419755 239.328455 78.485750
-18.390005 238.390238 79.961678
-19.360254 237.452021 81.437607
-20.330504 236.513805 82.913535
-21.300754 235.575588 84.389463
-22.271004 234.637371 85.865392
-23.241254 233.699155 87.341320
-24.211504 232.760938 88.817249
-25.181753 231.822721 90.293177
-26.152003 230.884504 91.769105
-27.122253 229.946288 93.245034
-28.092503 229.008071 94.720962
-29.062753 228.069854 96.196890
-30.033003 227.131637 97.672819
-31.003253 226.193421 99.148747
-31.973502 225.255204 100.624676
-32.943752 224.316987 102.100604
-33.914002 223.378770 103.576532
-34.884252 222.440554 105.052461
-35.854502 221.502337 106.528389
-36.824752 220.564120 108.004317
-37.795001 219.625903 109.480246
-38.765251 218.687687 110.956174
-39.735501 217.749470 112.432103
-40.705751 216.811253 113.908031
-41.676001 215.873036 115.383959
-42.646251 214.934820 116.859888
-43.616501 213.996603 118.335816
-23.877944 89.028908 142.453844
-22.215563 87.927404 142.301594
-20.553182 86.825901 142.149344
-18.890801 85.724398 141.997094
-17.228420 84.622895 141.844844
-15.566039 83.521392 141.692594
-13.903658 82.419888 141.540345
-12.241276 81.318385 141.388095
-10.578895 80.216882 141.235845
-8.916514 79.115379 141.083595
-7.254133 78.013876 140.931345
-5.591752 76.912373 140.779095
-3.929371 75.810869 140.626845
-2.266990 74.709366 140.474596
-0.604609 73.607863 140.322346
1.057772 72.506360 140.170096
2.720153 71.404857 140.017846
4.382534 70.303353 139.865596
6.044915 69.201850 139.713346
7.707296 68.100347 139.561096
9.369677 66.998844 139.408847
11.032058 65.897341 139.256597
12.694439 64.795837 139.104347
14.356820 63.694334 138.952097
16.019201 62.592831 138.799847
17.681582 61.491328 138.647597
19.343963 60.389825 138.495348
21.006344 59.288321 138.343098
22.668725 58.186818 138.190848
24.331106 57.085315 138.038598
25.993487 55.983812 137.886348
27.655868 54.882309 137.734098
29.318249 53.780805 137.581848
30.980630 52.679302 137.429599
32.643011 51.577799 137.277349
34.305392 50.476296 137.125099
35.967773 49.374793 136.972849
37.630155 48.273289 136.820599
39.292536 47.171786 136.668349
40.954917 46.070283 136.516099
42.617298 44.968780 136.363850
44.279679 43.867277 136.211600
45.942060 42.765774 136.059350
47.604441 41.664270 135.907100
49.266822 40.562767 135.754850
50.929203 39.461264 135.602600
52.591584 38.359761 135.450351
54.253965 37.258258 135.298101
55.916346 36.156754 135.145851
57.578727 35.055251 134.993601
59.241108 33.953748 134.841351
60.903489 32.852245 134.689101
62.565870 31.750742 134.536851
64.228251 30.649238 134.384602
65.890632 29.547735 134.232352
67.553013 28.446232 134.080102
69.215394 27.344729 133.927852
70.877775 26.243226 133.775602
72.540156 25.141722 133.623352
74.202537 24.040219 133.471102
75.864918 22.938716 133.318853
77.527299 21.837213 133.166603
79.189680 20.735710 133.014353
80.852061 19.634206 132.862103
82.514442 18.532703 132.709853
84.176823 17.431200 132.557603
85.839204 16.329697 132.405353
87.501586 15.228194 132.253104
89.163967 14.126691 132.100854
90.826348 13.025187 131.948604
-251.583973 36.766085 325.499963
-250.205450 37.609238 324.321504
-248.826927 38.452392 323.143045
-247.448404 39.295546 321.964586
-246.069881 40.138700 320.786127
-244.691358 40.981854 319.607668
-243.312835 41.825008 318.429209
-241.934312 42.668161 317.250750
-240.555789 43.511315 316.072290
-239.177266 44.354469 314.893831
-237.798743 45.197623 313.715372
-236.420220 46.040777 312.536913
-235.041697 46.883930 311.358454
-233.663173 47.727084 310.179995
-232.284650 48.570238 309.001536
-230.906127 49.413392 307.823077
-229.527604 50.256546 306.644618
-228.149081 51.099700 305.466159
-226.770558 51.942853 304.287700
-225.392035 52.786007 303.109241
-224.013512 53.629161 301.930782
-222.634989 54.472315 300.752323
-221.256466 55.315469 299.573864
-219.877943 56.158622 298.395404
-218.499420 57.001776 297.216945
-217.120897 57.844930 296.038486
-215.742373 58.688084 294.860027
-214.363850 59.531238 293.681568
-212.985327 60.374392 292.503109
-211.606804 61.217545 291.324650
-210.228281 62.060699 290.146191
-208.849758 62.903853 288.967732
-207.471235 63.747007 287.789273
-206.092712 64.590161 286.610814
-204.714189 65.433314 285.432355
-203.335666 66.276468 284.253896
-201.957143 67.119622 283.075437
-200.578620 67.962776 281.896978
-199.200097 68.805930 280.718518
-197.821574 69.649084 279.540059
-196.443050 70.492237 278.361600
-195.064527 71.335391 277.183141
-193.686004 72.178545 276.004682
-192.307481 73.021699 274.826223
-190.928958 73.864853 273.647764
-189.550435 74.708006 272.469305
-188.171912 75.551160 271.290846
-186.793389 76.394314 270.112387
-185.414866 77.237468 268.933928
-184.036343 78.080622 267.755469
-182.657820 78.923776 266.577010
-181.279297 79.766929 265.398551
-179.900774 80.610083 264.220092
-178.522250 81.453237 263.041632
-177.143727 82.296391 261.863173
-175.765204 83.139545 260.684714
-174.386681 83.982698 259.506255
-173.008158 84.825852 258.327796
-171.629635 85.669006 257.149337
-170.251112 86.512160 255.970878
-168.872589 87.355314 254.792419
-167.494066 88.198468 253.613960
-166.115543 89.041621 252.435501
-164.737020 89.884775 251.257042
-163.358497 90.727929 250.078583
-161.979974 91.571083 248.900124
-160.601451 92.414237 247.721665
-159.222927 93.257390 246.543205
-157.844404 94.100544 245.364746
-156.465881 94.943698 244.186287
374.318236 -234.554973 -74.493061
372.753748 -233.339853 -74.217634
371.189259 -232.124733 -73.942208
369.624771 -230.909613 -73.666781
368.060283 -229.694494 -73.391355
366.495794 -228.479374 -73.115928
364.931306 -227.264254 -72.840502
363.366818 -226.049134 -72.565075
361.802329 -224.834014 -72.289648
360.237841 -223.618894 -72.014222
358.673353 -222.403774 -71.738795
357.108864 -221.188654 -71.463369
355.544376 -219.973534 -71.187942
353.979887 -218.758414 -70.912516
352.415399 -217.543294 -70.637089
350.850911 -216.328174 -70.361663
349.286422 -215.113054 -70.086236
347.721934 -213.897934 -69.810810
346.157446 -212.682814 -69.535383
344.592957 -211.467695 -69.259956
343.028469 -210.252575 -68.984530
341.463981 -209.037455 -68.709103
339.899492 -207.822335 -68.433677
338.335004 -206.607215 -68.158250
336.770516 -205.392095 -67.882824
335.206027 -204.176975 -67.607397
333.641539 -202.961855 -67.331971
332.077051 -201.746735 -67.056544
330.512562 -200.531615 -66.781118
328.948074 -199.316495 -66.505691
327.383586 -198.101375 -66.230265
325.819097 -196.886255 -65.954838
324.254609 -195.671135 -65.679411
322.690121 -194.456015 -65.403985
321.125632 -193.240896 -65.128558
319.561144 -192.025776 -64.853132
317.996656 -190.810656 -64.577705
316.432167 -189.595536 -64.302279
314.867679 -188.380416 -64.026852
313.303191 -187.165296 -63.751426
311.738702 -185.950176 -63.475999
310.174214 -184.735056 -63.200573
308.609726 -183.519936 -62.925146
307.045237 -182.304816 -62.649720
305.480749 -181.089696 -62.374293
303.916261 -179.874576 -62.098866
302.351772 -178.659456 -61.823440
300.787284 -177.444336 -61.548013
299.222796 -176.229216 -61.272587
297.658307 -175.014097 -60.997160
296.093819 -173.798977 -60.721734
294.529331 -172.583857 -60.446307
292.964842 -171.368737 -60.170881
291.400354 -170.153617 -59.895454
289.835866 -168.938497 -59.620028
288.271377 -167.723377 -59.344601
286.706889 -166.508257 -59.069174
285.142400 -165.293137 -58.793748
283.577912 -164.078017 -58.518321
282.013424 -162.862897 -58.242895
280.448935 -161.647777 -57.967468
278.884447 -160.432657 -57.692042
277.319959 -159.217537 -57.416615
275.755470 -158.002417 -57.141189
274.190982 -156.787298 -56.865762
272.626494 -155.572178 -56.590336
271.062005 -154.357058 -56.314909
269.497517 -153.141938 -56.039483
267.933029 -151.926818 -55.764056
266.368540 -150.711698 -55.488629
-399.993169 -354.114219 88.389484
-398.784448 -352.528407 88.545019
-397.575726 -350.942595 88.700554
-396.367004 -349.356782 88.856090
-395.158282 -347.770970 89.011625
-393.949560 -346.185158 89.167161
-392.740838 -344.599346 89.322696
-391.532116 -343.013534 89.478231
-390.323394 -341.427722 89.633767
-389.114673 -339.841909 89.789302
-387.905951 -338.256097 89.944838
-386.697229 -336.670285 90.100373
-385.488507 -335.084473 90.255909
-384.279785 -333.498661 90.411444
-383.071063 -331.912849 90.566979
-381.862341 -330.327037 90.722515
-380.653620 -328.741224 90.878050
-379.444898 -327.155412 91.033586
-378.236176 -325.569600 91.189121
-377.027454 -323.983788 91.344656
-375.818732 -322.397976 91.500192
-374.610010 -320.812164 91.655727
-373.401288 -319.226352 91.811263
-372.192566 -317.640539 91.966798
-370.983845 -316.054727 92.122334
-369.775123 -314.468915 92.277869
-368.566401 -312.883103 92.433404
-367.357679 -311.297291 92.588940
-366.148957 -309.711479 92.744475
-364.940235 -308.125666 92.900011
-363.731513 -306.539854 93.055546
-362.522791 -304.954042 93.211081
-361.314070 -303.368230 93.366617
-360.105348 -301.782418 93.522152
-358.896626 -300.196606 93.677688
-357.687904 -298.610794 93.833223
-356.479182 -297.024981 93.988758
-355.270460 -295.439169 94.144294
-354.061738 -293.853357 94.299829
-352.853016 -292.267545 94.455365
-351.644295 -290.681733 94.610900
-350.435573 -289.095921 94.766436
-349.226851 -287.510109 94.921971
-348.018129 -285.924296 95.077506
-346.809407 -284.338484 95.233042
-345.600685 -282.752672 95.388577
-344.391963 -281.166860 95.544113
-343.183242 -279.581048 95.699648
-341.974520 -277.995236 95.855183
-340.765798 -276.409423 96.010719
-339.557076 -274.823611 96.166254
-338.348354 -273.237799 96.321790
-337.139632 -271.651987 96.477325
-335.930910 -270.066175 96.632861
-334.722188 -268.480363 96.788396
-333.513467 -266.894551 96.943931
-332.304745 -265.308738 97.099467
-331.096023 -263.722926 97.255002
-329.887301 -262.137114 97.410538
-328.678579 -260.551302 97.566073
-327.469857 -258.965490 97.721608
-326.261135 -257.379678 97.877144
-325.052413 -255.793866 98.032679
-323.843692 -254.208053 98.188215
-322.634970 -252.622241 98.343750
-321.426248 -251.036429 98.499286
-320.217526 -249.450617 98.654821
-319.008804 -247.864805 98.810356
-317.800082 -246.278993 98.965892
-316.591360 -244.693180 99.121427
-375.850816 -251.737197 102.859915
-374.182442 -250.722152 103.291437
-372.514068 -249.707106 103.722959
-370.845694 -248.692061 104.154480
-369.177320 -247.677015 104.586002
-367.508946 -246.661970 105.017524
-365.840572 -245.646925 105.449045
-364.172198 -244.631879 105.880567
-362.503824 -243.616834 106.312089
-360.835450 -242.601788 106.743610
-359.167076 -241.586743 107.175132
-357.498702 -240.571698 107.606654
-355.830328 -239.556652 108.038175
-354.161954 -238.541607 108.469697
-352.493580 -237.526562 108.901219
-350.825206 -236.511516 109.332740
-349.156832 -235.496471 109.764262
-347.488458 -234.481425 110.195784
-345.820084 -233.466380 110.627305
-344.151710 -232.451335 111.058827
-342.483336 -231.436289 111.490349
-340.814962 -230.421244 111.921870
-339.146588 -229.406198 112.353392
-337.478213 -228.391153 112.784914
-335.809839 -227.376108 113.216435
-334.141465 -226.361062 113.647957
-332.473091 -225.346017 114.079479
-330.804717 -224.330972 114.511000
-329.136343 -223.315926 114.942522
-327.467969 -222.300881 115.374044
-325.799595 -221.285835 115.805565
-324.131221 -220.270790 116.237087
-322.462847 -219.255745 116.668609
-320.794473 -218.240699 117.100130
-319.126099 -217.225654 117.531652
-317.457725 -216.210608 117.963174
-315.789351 -215.195563 118.394695
-314.120977 -214.180518 118.826217
-312.452603 -213.165472 119.257739
-310.784229 -212.150427 119.689260
-309.115855 -211.135382 120.120782
-307.447481 -210.120336 120.552304
-305.779107 -209.105291 120.983825
-304.110733 -208.090245 121.415347
-302.442359 -207.075200 121.846869
-300.773985 -206.060155 122.278390
-299.105611 -205.045109 122.709912
-297.437237 -204.030064 123.141434
-295.768863 -203.015018 123.572955
-294.100489 -201.999973 124.004477
-292.432115 -200.984928 124.435999
-290.763741 -199.969882 124.867520
-289.095366 -198.954837 125.299042
-287.426992 -197.939792 125.730564
-285.758618 -196.924746 126.162085
-284.090244 -195.909701 126.593607
-282.421870 -194.894655 127.025129
-280.753496 -193.879610 127.456650
-279.085122 -192.864565 127.888172
-277.416748 -191.849519 128.319694
-275.748374 -190.834474 128.751215
-274.080000 -189.819428 129.182737
-272.411626 -188.804383 129.614259
-270.743252 -187.789338 130.045780
-269.074878 -186.774292 130.477302
-267.406504 -185.759247 130.908824
-265.738130 -184.744201 131.340345
-264.069756 -183.729156 131.771867
-262.401382 -182.714111 132.203389
-260.733008 -181.699065 132.634910
-126.751802 289.060311 -264.417206
-127.416867 287.174509 -264.379278
-128.081933 285.288707 -264.341351
-128.746999 283.402905 -264.303424
-129.412065 281.517103 -264.265497
-130.077130 279.631301 -264.227569
-130.742196 277.745499 -264.189642
-131.407262 275.859697 -264.151715
-132.072328 273.973895 -264.113787
-132.737394 272.088093 -264.075860
-133.402459 270.202291 -264.037933
-134.067525 268.316489 -264.000006
-134.732591 266.430687 -263.962078
-135.397657 264.544885 -263.924151
-136.062723 262.659083 -263.886224
-136.727788 260.773281 -263.848296
-137.392854 258.887479 -263.810369
-138.057920 257.001677 -263.772442
-138.722986 255.115875 -263.734514
-139.388052 253.230073 -263.696587
-140.053117 251.344271 -263.658660
-140.718183 249.458469 -263.620733
-141.383249 247.572668 -263.582805
-142.048315 245.686866 -263.544878
-142.713381 243.801064 -263.506951
-143.378446 241.915262 -263.469023
-144.043512 240.029460 -263.431096
-144.708578 238.143658 -263.393169
-145.373644 236.257856 -263.355242
-146.038710 234.372054 -263.317314
-146.703775 232.486252 -263.279387
-147.368841 230.600450 -263.241460
-148.033907 228.714648 -263.203532
-148.698973 226.828846 -263.165605
-149.364038 224.943044 -263.127678
-150.029104 223.057242 -263.089751
-150.694170 221.171440 -263.051823
-151.359236 219.285638 -263.013896
-152.024302 217.399836 -262.975969
-152.689367 215.514034 -262.938041
-153.354433 213.628232 -262.900114
-154.019499 211.742430 -262.862187
-154.684565 209.856628 -262.824260
-155.349631 207.970826 -262.786332
-156.014696 206.085025 -262.748405
-156.679762 204.199223 -262.710478
-157.344828 202.313421 -262.672550
-158.009894 200.427619 -262.634623
-158.674960 198.541817 -262.596696
-159.340025 196.656015 -262.558768
-160.005091 194.770213 -262.520841
-160.670157 192.884411 -262.482914
-161.335223 190.998609 -262.444987
-162.000289 189.112807 -262.407059
-162.665354 187.227005 -262.369132
-163.330420 185.341203 -262.331205
-163.995486 183.455401 -262.293277
-164.660552 181.569599 -262.255350
-165.325617 179.683797 -262.217423
-165.990683 177.797995 -262.179496
-166.655749 175.912193 -262.141568
-167.320815 174.026391 -262.103641
-167.985881 172.140589 -262.065714
-168.650946 170.254787 -262.027786
-169.316012 168.368985 -261.989859
-169.981078 166.483183 -261.951932
-170.646144 164.597382 -261.914005
-171.311210 162.711580 -261.876077
-171.976275 160.825778 -261.838150
-172.641341 158.939976 -261.800223
-235.041934 58.744769 9.855708
-236.048648 60.198947 8.921955
-237.055362 61.653125 7.988203
-238.062077 63.107302 7.054451
-239.068791 64.561480 6.120699
-240.075505 66.015658 5.186947
-241.082219 67.469836 4.253195
-242.088933 68.924014 3.319442
-243.095648 70.378192 2.385690
-244.102362 71.832370 1.451938
-245.109076 73.286548 0.518186
-246.115790 74.740726 -0.415566
-247.122505 76.194903 -1.349318
-248.129219 77.649081 -2.283071
-249.135933 79.103259 -3.216823
-250.142647 80.557437 -4.150575
-251.149362 82.011615 -5.084327
-252.156076 83.465793 -6.018079
-253.162790 84.919971 -6.951832
-254.169504 86.374149 -7.885584
-255.176218 87.828327 -8.819336
-256.182933 89.282504 -9.753088
-257.189647 90.736682 -10.686840
-258.196361 92.190860 -11.620592
-259.203075 93.645038 -12.554345
-260.209790 95.099216 -13.488097
-261.216504 96.553394 -14.421849
-262.223218 98.007572 -15.355601
-263.229932 99.461750 -16.289353
-264.236647 100.915927 -17.223105
-265.243361 102.370105 -18.156858
-266.250075 103.824283 -19.090610
-267.256789 105.278461 -20.024362
-268.263503 106.732639 -20.958114
-269.270218 108.186817 -21.891866
-270.276932 109.640995 -22.825619
-271.283646 111.095173 -23.759371
-272.290360 112.549351 -24.693123
-273.297075 114.003528 -25.626875
-274.303789 115.457706 -26.560627
-275.310503 116.911884 -27.494379
-276.317217 118.366062 -28.428132
-277.323932 119.820240 -29.361884
-278.330646 121.274418 -30.295636
-279.337360 122.728596 -31.229388
-280.344074 124.182774 -32.163140
-281.350788 125.636952 -33.096892
-282.357503 127.091129 -34.030645
-283.364217 128.545307 -34.964397
-284.370931 129.999485 -35.898149
-285.377645 131.453663 -36.831901
-286.384360 132.907841 -37.765653
-287.391074 134.362019 -38.699405
-288.397788 135.816197 -39.633158
-289.404502 137.270375 -40.566910
-290.411217 138.724553 -41.500662
-291.417931 140.178730 -42.434414
-292.424645 141.632908 -43.368166
-293.431359 143.087086 -44.301919
-294.438073 144.541264 -45.235671
-295.444788 145.995442 -46.169423
-296.451502 147.449620 -47.103175
-297.458216 148.903798 -48.036927
-298.464930 150.357976 -48.970679
-299.471645 151.812154 -49.904432
-300.478359 153.266331 -50.838184
-301.485073 154.720509 -51.771936
-302.491787 156.174687 -52.705688
-303.498502 157.628865 -53.639440
-304.505216 159.083043 -54.573192
121.397867 -249.262169 -46.974286
121.997264 -247.755106 -48.144536
122.596660 -246.248043 -49.314785
123.196057 -244.740980 -50.485035
123.795453 -243.233917 -51.655285
124.394850 -241.726854 -52.825534
124.994247 -240.219790 -53.995784
125.593643 -238.712727 -55.166034
126.193040 -237.205664 -56.336283
126.792437 -235.698601 -57.506533
127.391833 -234.191538 -58.676783
127.991230 -232.684475 -59.847032
128.590626 -231.177411 -61.017282
129.190023 -229.670348 -62.187532
129.789420 -228.163285 -63.357781
130.388816 -226.656222 -64.528031
130.988213 -225.149159 -65.698281
131.587610 -223.642095 -66.868530
132.187006 -222.135032 -68.038780
132.786403 -220.627969 -69.209030
133.385799 -219.120906 -70.379279
133.985196 -217.613843 -71.549529
134.584593 -216.106780 -72.719779
135.183989 -214.599716 -73.890028
135.783386 -213.092653 -75.060278
136.382782 -211.585590 -76.230528
136.982179 -210.078527 -77.400777
137.581576 -208.571464 -78.571027
138.180972 -207.064401 -79.741277
138.780369 -205.557337 -80.911526
139.379766 -204.050274 -82.081776
139.979162 -202.543211 -83.252026
140.578559 -201.036148 -84.422275
141.177955 -199.529085 -85.592525
141.777352 -198.022022 -86.762775
142.376749 -196.514958 -87.933024
142.976145 -195.007895 -89.103274
143.575542 -193.500832 -90.273524
144.174939 -191.993769 -91.443773
144.774335 -190.486706 -92.614023
145.373732 -188.979642 -93.784273
145.973128 -187.472579 -94.954522
146.572525 -185.965516 -96.124772
147.171922 -184.458453 -97.295022
147.771318 -182.951390 -98.465271
148.370715 -181.444327 -99.635521
148.970112 -179.937263 -100.805771
149.569508 -178.430200 -101.976020
150.168905 -176.923137 -103.146270
150.768301 -175.416074 -104.316520
151.367698 -173.909011 -105.486769
151.967095 -172.401948 -106.657019
152.566491 -170.894884 -107.827269
153.165888 -169.387821 -108.997518
153.765284 -167.880758 -110.167768
154.364681 -166.373695 -111.338018
154.964078 -164.866632 -112.508267
155.563474 -163.359568 -113.678517
156.162871 -161.852505 -114.848767
156.762268 -160.345442 -116.019016
157.361664 -158.838379 -117.189266
157.961061 -157.331316 -118.359516
158.560457 -155.824253 -119.529765
159.159854 -154.317189 -120.700015
159.759251 -152.810126 -121.870265
160.358647 -151.303063 -123.040514
160.958044 -149.796000 -124.210764
161.557441 -148.288937 -125.381014
162.156837 -146.781874 -126.551263
162.756234 -145.274810 -127.721513
190.332569 354.137147 202.379973
189.892461 353.679232 204.276448
189.452354 353.221317 206.172924
189.012247 352.763401 208.069399
188.572140 352.305486 209.965875
188.132032 351.847570 211.862350
187.691925 351.389655 213.758826
187.251818 350.931739 215.655301
186.811711 350.473824 217.551776
186.371603 350.015908 219.448252
185.931496 349.557993 221.344727
185.491389 349.100078 223.241203
185.051282 348.642162 225.137678
184.611174 348.184247 227.034154
184.171067 347.726331 228.930629
183.730960 347.268416 230.827104
183.290853 346.810500 232.723580
182.850745 346.352585 234.620055
182.410638 345.894669 236.516531
181.970531 345.436754 238.413006
181.530423 344.978839 240.309482
181.090316 344.520923 242.205957
180.650209 344.063008 244.102432
180.210102 343.605092 245.998908
179.769994 343.147177 247.895383
179.329887 342.689261 249.791859
178.889780 342.231346 251.688334
178.449673 341.773430 253.584810
178.009565 341.315515 255.481285
177.569458 340.857600 257.377760
177.129351 340.399684 259.274236
176.689244 339.941769 261.170711
176.249136 339.483853 263.067187
175.809029 339.025938 264.963662
175.368922 338.568022 266.860138
174.928815 338.110107 268.756613
174.488707 337.652191 270.653088
174.048600 337.194276 272.549564
173.608493 336.736360 274.446039
173.168386 336.278445 276.342515
172.728278 335.820530 278.238990
172.288171 335.362614 280.135466
171.848064 334.904699 282.031941
171.407956 334.446783 283.928416
170.967849 333.988868 285.824892
170.527742 333.530952 287.721367
170.087635 333.073037 289.617843
169.647527 332.615121 291.514318
169.207420 332.157206 293.410793
168.767313 331.699291 295.307269
168.327206 331.241375 297.203744
167.887098 330.783460 299.100220
167.446991 330.325544 300.996695
167.006884 329.867629 302.893171
166.566777 329.409713 304.789646
166.126669 328.951798 306.686121
165.686562 328.493882 308.582597
165.246455 328.035967 310.479072
164.806348 327.578052 312.375548
164.366240 327.120136 314.272023
163.926133 326.662221 316.168499
163.486026 326.204305 318.064974
163.045918 325.746390 319.961449
162.605811 325.288474 321.857925
162.165704 324.830559 323.754400
161.725597 324.372643 325.650876
161.285489 323.914728 327.547351
160.845382 323.456813 329.443827
160.405275 322.998897 331.340302
159.965168 322.540982 333.236777
86.565484 -118.512806 -181.946849
87.005549 -116.577771 -182.195812
87.445614 -114.642736 -182.444774
87.885680 -112.707701 -182.693737
88.325745 -110.772666 -182.942700
88.765811 -108.837631 -183.191663
89.205876 -106.902596 -183.440625
89.645941 -104.967561 -183.689588
90.086007 -103.032527 -183.938551
90.526072 -101.097492 -184.187513
90.966138 -99.162457 -184.436476
91.406203 -97.227422 -184.685439
91.846269 -95.292387 -184.934402
92.286334 -93.357352 -185.183364
92.726399 -91.422317 -185.432327
93.166465 -89.487282 -185.681290
93.606530 -87.552248 -185.930252
94.046596 -85.617213 -186.179215
94.486661 -83.682178 -186.428178
94.926726 -81.747143 -186.677141
95.366792 -79.812108 -186.926103
95.806857 -77.877073 -187.175066
96.246923 -75.942038 -187.424029
96.686988 -74.007003 -187.672992
97.127053 -72.071968 -187.921954
97.567119 -70.136934 -188.170917
98.007184 -68.201899 -188.419880
98.447250 -66.266864 -188.668842
98.887315 -64.331829 -188.917805
99.327381 -62.396794 -189.166768
99.767446 -60.461759 -189.415731
100.207511 -58.526724 -189.664693
100.647577 -56.591689 -189.913656
101.087642 -54.656655 -190.162619
101.527708 -52.721620 -190.411581
101.967773 -50.786585 -190.660544
102.407838 -48.851550 -190.909507
102.847904 -46.916515 -191.158470
103.287969 -44.981480 -191.407432
103.728035 -43.046445 -191.656395
104.168100 -41.111410 -191.905358
104.608166 -39.176375 -192.154320
105.048231 -37.241341 -192.403283
105.488296 -35.306306 -192.652246
105.928362 -33.371271 -192.901209
106.368427 -31.436236 -193.150171
106.808493 -29.501201 -193.399134
107.248558 -27.566166 -193.648097
107.688623 -25.631131 -193.897059
108.128689 -23.696096 -194.146022
108.568754 -21.761062 -194.394985
109.008820 -19.826027 -194.643948
109.448885 -17.890992 -194.892910
109.888950 -15.955957 -195.141873
110.329016 -14.020922 -195.390836
110.769081 -12.085887 -195.639798
111.209147 -10.150852 -195.888761
111.649212 -8.215817 -196.137724
112.089278 -6.280782 -196.386687
112.529343 -4.345748 -196.635649
112.969408 -2.410713 -196.884612
113.409474 -0.475678 -197.133575
113.849539 1.459357 -197.382537
114.289605 3.394392 -197.631500
114.729670 5.329427 -197.880463
115.169735 7.264462 -198.129426
115.609801 9.199497 -198.378388
116.049866 11.134531 -198.627351
116.489932 13.069566 -198.876314
116.929997 15.004601 -199.125277
222.213482 3.867847 -67.984815
223.590398 5.056045 -68.816852
224.967315 6.244244 -69.648888
226.344231 7.432443 -70.480925
227.721148 8.620641 -71.312962
229.098064 9.808840 -72.144999
230.474981 10.997038 -72.977035
231.851897 12.185237 -73.809072
233.228814 13.373435 -74.641109
234.605731 14.561634 -75.473145
235.982647 15.749832 -76.305182
237.359564 16.938031 -77.137219
238.736480 18.126229 -77.969256
240.113397 19.314428 -78.801292
241.490313 20.502626 -79.633329
242.867230 21.690825 -80.465366
244.244146 22.879023 -81.297403
245.621063 24.067222 -82.129439
246.997979 25.255420 -82.961476
248.374896 26.443619 -83.793513
249.751812 27.631818 -84.625549
251.128729 28.820016 -85.457586
252.505646 30.008215 -86.289623
253.882562 31.196413 -87.121660
255.259479 32.384612 -87.953696
256.636395 33.572810 -88.785733
258.013312 34.761009 -89.617770
259.390228 35.949207 -90.449806
260.767145 37.137406 -91.281843
262.144061 38.325604 -92.113880
263.520978 39.513803 -92.945917
264.897894 40.702001 -93.777953
266.274811 41.890200 -94.609990
267.651727 43.078398 -95.442027
269.028644 44.266597 -96.274063
270.405560 45.454796 -97.106100
271.782477 46.642994 -97.938137
273.159394 47.831193 -98.770174
274.536310 49.019391 -99.602210
275.913227 50.207590 -100.434247
277.290143 51.395788 -101.266284
278.667060 52.583987 -102.098321
280.043976 53.772185 -102.930357
281.420893 54.960384 -103.762394
282.797809 56.148582 -104.594431
284.174726 57.336781 -105.426467
285.551642 58.524979 -106.258504
286.928559 59.713178 -107.090541
288.305475 60.901376 -107.922578
289.682392 62.089575 -108.754614
291.059309 63.277773 -109.586651
292.436225 64.465972 -110.418688
293.813142 65.654171 -111.250724
295.190058 66.842369 -112.082761
296.566975 68.030568 -112.914798
297.943891 69.218766 -113.746835
299.320808 70.406965 -114.578871
300.697724 71.595163 -115.410908
302.074641 72.783362 -116.242945
303.451557 73.971560 -117.074981
304.828474 75.159759 -117.907018
306.205390 76.347957 -118.739055
307.582307 77.536156 -119.571092
308.959223 78.724354 -120.403128
310.336140 79.912553 -121.235165
311.713057 81.100751 -122.067202
313.089973 82.288950 -122.899239
314.466890 83.477149 -123.731275
315.843806 84.665347 -124.563312
317.220723 85.853546 -125.395349
363.489234 208.407423 88.862549
363.933209 207.079093 90.290283
364.377185 205.750763 91.718017
364.821160 204.422433 93.145752
365.265136 203.094103 94.573486
365.709111 201.765773 96.001220
366.153087 200.437443 97.428955
366.597062 199.109113 98.856689
367.041038 197.780783 100.284423
367.485013 196.452453 101.712157
367.928989 195.124123 103.139892
368.372964 193.795793 104.567626
368.816940 192.467463 105.995360
369.260915 191.139133 107.423095
369.704891 189.810803 108.850829
370.148867 188.482473 110.278563
370.592842 187.154143 111.706297
371.036818 185.825813 113.134032
371.480793 184.497483 114.561766
371.924769 183.169153 115.989500
372.368744 181.840823 117.417235
372.812720 180.512493 118.844969
373.256695 179.184163 120.272703
373.700671 177.855833 121.700438
374.144646 176.527503 123.128172
374.588622 175.199173 124.555906
375.032597 173.870843 125.983640
375.476573 172.542513 127.411375
375.920548 171.214183 128.839109
376.364524 169.885853 130.266843
376.808499 168.557523 131.694578
377.252475 167.229194 133.122312
377.696450 165.900864 134.550046
378.140426 164.572534 135.977780
378.584401 163.244204 137.405515
379.028377 161.915874 138.833249
379.472352 160.587544 140.260983
379.916328 159.259214 141.688718
380.360303 157.930884 143.116452
380.804279 156.602554 144.544186
381.248254 155.274224 145.971921
381.692230 153.945894 147.399655
382.136206 152.617564 148.827389
382.580181 151.289234 150.255123
383.024157 149.960904 151.682858
383.468132 148.632574 153.110592
383.912108 147.304244 154.538326
384.356083 145.975914 155.966061
384.800059 144.647584 157.393795
385.244034 143.319254 158.821529
385.688010 141.990924 160.249263
386.131985 140.662594 161.676998
386.575961 139.334264 163.104732
387.019936 138.005934 164.532466
387.463912 136.677604 165.960201
387.907887 135.349274 167.387935
388.351863 134.020944 168.815669
388.795838 132.692614 170.243404
389.239814 131.364284 171.671138
389.683789 130.035954 173.098872
390.127765 128.707624 174.526606
390.571740 127.379294 175.954341
391.015716 126.050964 177.382075
391.459691 124.722634 178.809809
391.903667 123.394304 180.237544
392.347642 122.065974 181.665278
392.791618 120.737644 183.093012
393.235593 119.409314 184.520746
393.679569 118.080984 185.948481
394.123545 116.752654 187.376215
-333.140948 56.235186 88.820937
-332.881474 54.259424 88.650538
-332.621999 52.283661 88.480139
-332.362524 50.307899 88.309740
-332.103049 48.332136 88.139342
-331.843575 46.356374 87.968943
-331.584100 44.380612 87.798544
-331.324625 42.404849 87.628145
-331.065151 40.429087 87.457747
-330.805676 38.453324 87.287348
-330.546201 36.477562 87.116949
-330.286726 34.501799 86.946550
-330.027252 32.526037 86.776152
-329.767777 30.550275 86.605753
-329.508302 28.574512 86.435354
-329.248827 26.598750 86.264955
-328.989353 24.622987 86.094557
-328.729878 22.647225 85.924158
-328.470403 20.671462 85.753759
-328.210929 18.695700 85.583360
-327.951454 16.719938 85.412962
-327.691979 14.744175 85.242563
-327.432504 12.768413 85.072164
-327.173030 10.792650 84.901765
-326.913555 8.816888 84.731367
-326.654080 6.841126 84.560968
-326.394606 4.865363 84.390569
-326.135131 2.889601 84.220170
-325.875656 0.913838 84.049772
-325.616181 -1.061924 83.879373
-325.356707 -3.037687 83.708974
-325.097232 -5.013449 83.538575
-324.837757 -6.989211 83.368177
-324.578282 -8.964974 83.197778
-324.318808 -10.940736 83.027379
-324.059333 -12.916499 82.856980
-323.799858 -14.892261 82.686582
-323.540384 -16.868023 82.516183
-323.280909 -18.843786 82.345784
-323.021434 -20.819548 82.175385
-322.761959 -22.795311 82.004987
-322.502485 -24.771073 81.834588
-322.243010 -26.746836 81.664189
-321.983535 -28.722598 81.493791
-321.724061 -30.698360 81.323392
-321.464586 -32.674123 81.152993
-321.205111 -34.649885 80.982594
-320.945636 -36.625648 80.812196
-320.686162 -38.601410 80.641797
-320.426687 -40.577173 80.471398
-320.167212 -42.552935 80.300999
-319.907737 -44.528697 80.130601
-319.648263 -46.504460 79.960202
-319.388788 -48.480222 79.789803
-319.129313 -50.455985 79.619404
-318.869839 -52.431747 79.449006
-318.610364 -54.407509 79.278607
-318.350889 -56.383272 79.108208
-318.091414 -58.359034 78.937809
-317.831940 -60.334797 78.767411
-317.572465 -62.310559 78.597012
-317.312990 -64.286322 78.426613
-317.053516 -66.262084 78.256214
-316.794041 -68.237846 78.085816
-316.534566 -70.213609 77.915417
-316.275091 -72.189371 77.745018
-316.015617 -74.165134 77.574619
-315.756142 -76.140896 77.404221
-315.496667 -78.116658 77.233822
-315.237193 -80.092421 77.063423
47.050784 253.132811 -287.117283
47.954974 251.680474 -288.153216
48.859165 250.228138 -289.189149
49.763355 248.775801 -290.225083
50.667546 247.323464 -291.261016
51.571736 245.871128 -292.296949
52.475927 244.418791 -293.332882
53.380118 242.966455 -294.368816
54.284308 241.514118 -295.404749
55.188499 240.061781 -296.440682
56.092689 238.609445 -297.476615
56.996880 237.157108 -298.512549
57.901071 235.704771 -299.548482
58.805261 234.252435 -300.584415
59.709452 232.800098 -301.620348
60.613642 231.347762 -302.656282
61.517833 229.895425 -303.692215
62.422023 228.443088 -304.728148
63.326214 226.990752 -305.764081
64.230405 225.538415 -306.800015
65.134595 224.086078 -307.835948
66.038786 222.633742 -308.871881
66.942976 221.181405 -309.907814
67.847167 219.729069 -310.943748
68.751357 218.276732 -311.979681
69.655548 216.824395 -313.015614
70.559739 215.372059 -314.051547
71.463929 213.919722 -315.087481
72.368120 212.467385 -316.123414
73.272310 211.015049 -317.159347
74.176501 209.562712 -318.195281
75.080692 208.110376 -319.231214
75.984882 206.658039 -320.267147
76.889073 205.205702 -321.303080
77.793263 203.753366 -322.339014
78.697454 202.301029 -323.374947
79.601644 200.848692 -324.410880
80.505835 199.396356 -325.446813
81.410026 197.944019 -326.482747
82.314216 196.491682 -327.518680
83.218407 195.039346 -328.554613
84.122597 193.587009 -329.590546
85.026788 192.134673 -330.626480
85.930978 190.682336 -331.662413
86.835169 189.229999 -332.698346
87.739360 187.777663 -333.734279
88.643550 186.325326 -334.770213
89.547741 184.872989 -335.806146
90.451931 183.420653 -336.842079
91.356122 181.968316 -337.878012
92.260313 180.515980 -338.913946
93.164503 179.063643 -339.949879
94.068694 177.611306 -340.985812
94.972884 176.158970 -342.021745
95.877075 174.706633 -343.057679
96.781265 173.254296 -344.093612
97.685456 171.801960 -345.129545
98.589647 170.349623 -346.165478
99.493837 168.897287 -347.201412
100.398028 167.444950 -348.237345
101.302218 165.992613 -349.273278
102.206409 164.540277 -350.309212
103.110599 163.087940 -351.345145
104.014790 161.635603 -352.381078
104.918981 160.183267 -353.417011
105.823171 158.730930 -354.452945
106.727362 157.278594 -355.488878
107.631552 155.826257 -356.524811
108.535743 154.373920 -357.560744
109.439934 152.921584 -358.596678
168.771859 366.275549 370.616130
169.418533 364.456987 370.092062
170.065207 362.638426 369.567995
170.711880 360.819864 369.043927
171.358554 359.001303 368.519860
172.005228 357.182741 367.995792
172.651901 355.364179 367.471725
173.298575 353.545618 366.947657
173.945249 351.727056 366.423589
174.591922 349.908495 365.899522
175.238596 348.089933 365.375454
175.885270 346.271371 364.851387
176.531944 344.452810 364.327319
177.178617 342.634248 363.803252
177.825291 340.815687 363.279184
178.471965 338.997125 362.755116
179.118638 337.178563 362.231049
179.765312 335.360002 361.706981
180.411986 333.541440 361.182914
181.058659 331.722878 360.658846
181.705333 329.904317 360.134778
182.352007 328.085755 359.610711
182.998680 326.267194 359.086643
183.645354 324.448632 358.562576
184.292028 322.630070 358.038508
184.938701 320.811509 357.514441
185.585375 318.992947 356.990373
186.232049 317.174386 356.466305
186.878722 315.355824 355.942238
187.525396 313.537262 355.418170
188.172070 311.718701 354.894103
188.818743 309.900139 354.370035
189.465417 308.081578 353.845968
190.112091 306.263016 353.321900
190.758764 304.444454 352.797832
191.405438 302.625893 352.273765
192.052112 300.807331 351.749697
192.698785 298.988769 351.225630
193.345459 297.170208 350.701562
193.992133 295.351646 350.177494
194.638806 293.533085 349.653427
195.285480 291.714523 349.129359
195.932154 289.895961 348.605292
196.578827 288.077400 348.081224
197.225501 286.258838 347.557157
197.872175 284.440277 347.033089
198.518848 282.621715 346.509021
199.165522 280.803153 345.984954
199.812196 278.984592 345.460886
200.458869 277.166030 344.936819
201.105543 275.347469 344.412751
201.752217 273.528907 343.888684
202.398890 271.710345 343.364616
203.045564 269.891784 342.840548
203.692238 268.073222 342.316481
204.338911 266.254660 341.792413
204.985585 264.436099 341.268346
205.632259 262.617537 340.744278
206.278932 260.798976 340.220210
206.925606 258.980414 339.696143
207.572280 257.161852 339.172075
208.218953 255.343291 338.648008
208.865627 253.524729 338.123940
209.512301 251.706168 337.599873
210.158974 249.887606 337.075805
210.805648 248.069044 336.551737
211.452322 246.250483 336.027670
212.098996 244.431921 335.503602
212.745669 242.613360 334.979535
213.392343 240.794798 334.455467
99.614503 -319.029610 -15.004251
100.444418 -318.741068 -13.207592
101.274333 -318.452525 -11.410933
102.104248 -318.163983 -9.614273
102.934163 -317.875440 -7.817614
103.764078 -317.586898 -6.020955
104.593993 -317.298355 -4.224296
105.423907 -317.009813 -2.427636
106.253822 -316.721270 -0.630977
107.083737 -316.432728 1.165682
107.913652 -316.144185 2.962341
108.743567 -315.855643 4.759001
109.573482 -315.567100 6.555660
110.403397 -315.278558 8.352319
111.233312 -314.990015 10.148978
112.063227 -314.701473 11.945638
112.893142 -314.412931 13.742297
113.723057 -314.124388 15.538956
114.552971 -313.835846 17.335615
115.382886 -313.547303 19.132275
116.212801 -313.258761 20.928934
117.042716 -312.970218 22.725593
117.872631 -312.681676 24.522253
118.702546 -312.393133 26.318912
119.532461 -312.104591 28.115571
120.362376 -311.816048 29.912230
121.192291 -311.527506 31.708890
122.022206 -311.238963 33.505549
122.852121 -310.950421 35.302208
123.682035 -310.661878 37.098867
124.511950 -310.373336 38.895527
125.341865 -310.084793 40.692186
126.171780 -309.796251 42.488845
127.001695 -309.507708 44.285504
127.831610 -309.219166 46.082164
128.661525 -308.930623 47.878823
129.491440 -308.642081 49.675482
130.321355 -308.353539 51.472141
131.151270 -308.064996 53.268801
131.981184 -307.776454 55.065460
132.811099 -307.487911 56.862119
133.641014 -307.199369 58.658778
134.470929 -306.910826 60.455438
135.300844 -306.622284 62.252097
136.130759 -306.333741 64.048756
136.960674 -306.045199 65.845415
137.790589 -305.756656 67.642075
138.620504 -305.468114 69.438734
139.450419 -305.179571 71.235393
140.280334 -304.891029 73.032052
141.110248 -304.602486 74.828712
141.940163 -304.313944 76.625371
142.770078 -304.025401 78.422030
143.599993 -303.736859 80.218689
144.429908 -303.448316 82.015349
145.259823 -303.159774 83.812008
146.089738 -302.871231 85.608667
146.919653 -302.582689 87.405327
147.749568 -302.294147 89.201986
148.579483 -302.005604 90.998645
149.409398 -301.717062 92.795304
150.239312 -301.428519 94.591964
151.069227 -301.139977 96.388623
151.899142 -300.851434 98.185282
152.729057 -300.562892 99.981941
153.558972 -300.274349 101.778601
154.388887 -299.985807 103.575260
155.218802 -299.697264 105.371919
156.048717 -299.408722 107.168578
156.878632 -299.120179 108.965238
-156.073244 15.000660 275.915939
-154.512865 14.344649 276.981240
-152.952485 13.688638 278.046540
-151.392106 13.032627 279.111841
-149.831727 12.376616 280.177142
-148.271347 11.720605 281.242443
-146.710968 11.064594 282.307743
-145.150588 10.408583 283.373044
-143.590209 9.752572 284.438345
-142.029830 9.096561 285.503646
-140.469450 8.440550 286.568946
-138.909071 7.784539 287.634247
-137.348691 7.128528 288.699548
-135.788312 6.472517 289.764849
-134.227933 5.816506 290.830149
-132.667553 5.160495 291.895450
-131.107174 4.504484 292.960751
-129.546794 3.848473 294.026052
-127.986415 3.192462 295.091352
-126.426036 2.536451 296.156653
-124.865656 1.880440 297.221954
-123.305277 1.224429 298.287255
-121.744898 0.568418 299.352555
-120.184518 -0.087593 300.417856
-118.624139 -0.743604 301.483157
-117.063759 -1.399615 302.548458
-115.503380 -2.055626 303.613759
-113.943001 -2.711637 304.679059
-112.382621 -3.367648 305.744360
-110.822242 -4.023659 306.809661
-109.261862 -4.679670 307.874962
-107.701483 -5.335681 308.940262
-106.141104 -5.991692 310.005563
-104.580724 -6.647703 311.070864
-103.020345 -7.303714 312.136165
-101.459965 -7.959725 313.201465
-99.899586 -8.615736 314.266766
-98.339207 -9.271747 315.332067
-96.778827 -9.927758 316.397368
-95.218448 -10.583769 317.462668
-93.658068 -11.239780 318.527969
-92.097689 -11.895791 319.593270
-90.537310 -12.551802 320.658571
-88.976930 -13.207813 321.723871
-87.416551 -13.863824 322.789172
-85.856171 -14.519835 323.854473
-84.295792 -15.175846 324.919774
-82.735413 -15.831857 325.985074
-81.175033 -16.487868 327.050375
-79.614654 -17.143879 328.115676
-78.054274 -17.799890 329.180977
-76.493895 -18.455901 330.246278
-74.933516 -19.111912 331.311578
-73.373136 -19.767923 332.376879
-71.812757 -20.423934 333.442180
-70.252377 -21.079945 334.507481
-68.691998 -21.735956 335.572781
-67.131619 -22.391967 336.638082
-65.571239 -23.047978 337.703383
-64.010860 -23.703989 338.768684
-62.450481 -24.360000 339.833984
-60.890101 -25.016011 340.899285
-59.329722 -25.672022 341.964586
-57.769342 -26.328033 343.029887
-56.208963 -26.984044 344.095187
-54.648584 -27.640055 345.160488
-53.088204 -28.296066 346.225789
-51.527825 -28.952077 347.291090
-49.967445 -29.608088 348.356390
-48.407066 -30.264099 349.421691
147.092107 393.860424 -290.429190
147.474078 391.914855 -290.166782
147.856049 389.969285 -289.904375
148.238020 388.023716 -289.641967
148.619991 386.078147 -289.379559
149.001963 384.132577 -289.117151
149.383934 382.187008 -288.854744
149.765905 380.241438 -288.592336
150.147876 378.295869 -288.329928
150.529847 376.350300 -288.067520
150.911818 374.404730 -287.805113
151.293789 372.459161 -287.542705
151.675760 370.513591 -287.280297
152.057731 368.568022 -287.017889
152.439702 366.622453 -286.755482
152.821673 364.676883 -286.493074
153.203644 362.731314 -286.230666
153.585615 360.785745 -285.968258
153.967586 358.840175 -285.705851
154.349557 356.894606 -285.443443
154.731529 354.949036 -285.181035
155.113500 353.003467 -284.918627
155.495471 351.057898 -284.656219
155.877442 349.112328 -284.393812
156.259413 347.166759 -284.131404
156.641384 345.221189 -283.868996
157.023355 343.275620 -283.606588
157.405326 341.330051 -283.344181
157.787297 339.384481 -283.081773
158.169268 337.438912 -282.819365
158.551239 335.493342 -282.556957
158.933210 333.547773 -282.294550
159.315181 331.602204 -282.032142
159.697152 329.656634 -281.769734
160.079123 327.711065 -281.507326
160.461095 325.765495 -281.244919
160.843066 323.819926 -280.982511
161.225037 321.874357 -280.720103
161.607008 319.928787 -280.457695
161.988979 317.983218 -280.195288
162.370950 316.037648 -279.932880
162.752921 314.092079 -279.670472
163.134892 312.146510 -279.408064
163.516863 310.200940 -279.145656
163.898834 308.255371 -278.883249
164.280805 306.309801 -278.620841
164.662776 304.364232 -278.358433
165.044747 302.418663 -278.096025
165.426718 300.473093 -277.833618
165.808690 298.527524 -277.571210
166.190661 296.581954 -277.308802
166.572632 294.636385 -277.046394
166.954603 292.690816 -276.783987
167.336574 290.745246 -276.521579
167.718545 288.799677 -276.259171
168.100516 286.854108 -275.996763
168.482487 284.908538 -275.734356
168.864458 282.962969 -275.471948
169.246429 281.017399 -275.209540
169.628400 279.071830 -274.947132
170.010371 277.126261 -274.684725
170.392342 275.180691 -274.422317
170.774313 273.235122 -274.159909
171.156284 271.289552 -273.897501
171.538256 269.343983 -273.635094
171.920227 267.398414 -273.372686
172.302198 265.452844 -273.110278
172.684169 263.507275 -272.847870
173.066140 261.561705 -272.585462
173.448111 259.616136 -272.323055
-184.654042 146.340423 -233.324614
-184.248150 148.239288 -232.845487
-183.842259 150.138153 -232.366360
-183.436367 152.037019 -231.887233
-183.030475 153.935884 -231.408106
-182.624584 155.834749 -230.928979
-182.218692 157.733614 -230.449851
-181.812800 159.632480 -229.970724
-181.406909 161.531345 -229.491597
-181.001017 163.430210 -229.012470
-180.595126 165.329076 -228.533343
-180.189234 167.227941 -228.054216
-179.783342 169.126806 -227.575089
-179.377451 171.025671 -227.095962
-178.971559 172.924537 -226.616835
-178.565668 174.823402 -226.137708
-178.159776 176.722267 -225.658581
-177.753884 178.621132 -225.179454
-177.347993 180.519998 -224.700327
-176.942101 182.418863 -224.221200
-176.536209 184.317728 -223.742073
-176.130318 186.216593 -223.262946
-175.724426 188.115459 -222.783819
-175.318535 190.014324 -222.304692
-174.912643 191.913189 -221.825565
-174.506751 193.812054 -221.346438
-174.100860 195.710920 -220.867310
-173.694968 197.609785 -220.388183
-173.289076 199.508650 -219.909056
-172.883185 201.407515 -219.429929
-172.477293 203.306381 -218.950802
-172.071402 205.205246 -218.471675
-171.665510 207.104111 -217.992548
-171.259618 209.002976 -217.513421
-170.853727 210.901842 -217.034294
-170.447835 212.800707 -216.555167
-170.041943 214.699572 -216.076040
-169.636052 216.598437 -215.596913
-169.230160 218.497303 -215.117786
-168.824269 220.396168 -214.638659
-168.418377 222.295033 -214.159532
-168.012485 224.193898 -213.680405
-167.606594 226.092764 -213.201278
-167.200702 227.991629 -212.722151
-166.794810 229.890494 -212.243024
-166.388919 231.789359 -211.763896
-165.983027 233.688225 -211.284769
-165.577136 235.587090 -210.805642
-165.171244 237.485955 -210.326515
-164.765352 239.384820 -209.847388
-164.359461 241.283686 -209.368261
-163.953569 243.182551 -208.889134
-163.547677 245.081416 -208.410007
-163.141786 246.980282 -207.930880
-162.735894 248.879147 -207.451753
-162.330003 250.778012 -206.972626
-161.924111 252.676877 -206.493499
-161.518219 254.575743 -206.014372
-161.112328 256.474608 -205.535245
-160.706436 258.373473 -205.056118
-160.300544 260.272338 -204.576991
-159.894653 262.171204 -204.097864
-159.488761 264.070069 -203.618737
-159.082870 265.968934 -203.139610
-158.676978 267.867799 -202.660483
-158.271086 269.766665 -202.181355
-157.865195 271.665530 -201.702228
-157.459303 273.564395 -201.223101
-157.053412 275.463260 -200.743974
-156.647520 277.362126 -200.264847
72.536555 225.569626 333.009291
73.678879 223.928026 332.993691
74.821204 222.286426 332.978091
75.963528 220.644825 332.962491
77.105853 219.003225 332.946891
78.248178 217.361625 332.931291
79.390502 215.720025 332.915691
80.532827 214.078425 332.900091
81.675151 212.436824 332.884491
82.817476 210.795224 332.868891
83.959800 209.153624 332.853291
85.102125 207.512024 332.837691
86.244450 205.870424 332.822091
87.386774 204.228823 332.806491
88.529099 202.587223 332.790891
89.671423 200.945623 332.775291
90.813748 199.304023 332.759691
91.956072 197.662423 332.744091
93.098397 196.020822 332.728491
94.240722 194.379222 332.712891
95.383046 192.737622 332.697291
96.525371 191.096022 332.681691
97.667695 189.454422 332.666091
98.810020 187.812821 332.650491
99.952344 186.171221 332.634891
101.094669 184.529621 332.619291
102.236994 182.888021 332.603691
103.379318 181.246421 332.588091
104.521643 179.604820 332.572491
105.663967 177.963220 332.556891
106.806292 176.321620 332.541291
107.948616 174.680020 332.525691
109.090941 173.038420 332.510091
110.233266 171.396819 332.494491
111.375590 169.755219 332.478891
112.517915 168.113619 332.463291
113.660239 166.472019 332.447691
114.802564 164.830419 332.432091
115.944888 163.188818 332.416491
117.087213 161.547218 332.400891
118.229538 159.905618 332.385291
119.371862 158.264018 332.369691
120.514187 156.622418 332.354091
121.656511 154.980817 332.338491
122.798836 153.339217 332.322891
123.941160 151.697617 332.307291
125.083485 150.056017 332.291691
126.225810 148.414417 332.276091
127.368134 146.772816 332.260491
128.510459 145.131216 332.244891
129.652783 143.489616 332.229291
130.795108 141.848016 332.213690
131.937432 140.206416 332.198090
133.079757 138.564815 332.182490
134.222082 136.923215 332.166890
135.364406 135.281615 332.151290
136.506731 133.640015 332.135690
137.649055 131.998415 332.120090
138.791380 130.356814 332.104490
139.933704 128.715214 332.088890
141.076029 127.073614 332.073290
142.218354 125.432014 332.057690
143.360678 123.790414 332.042090
144.503003 122.148813 332.026490
145.645327 120.507213 332.010890
146.787652 118.865613 331.995290
147.929976 117.224013 331.979690
149.072301 115.582413 331.964090
150.214626 113.940813 331.948490
151.356950 112.299212 331.932890
287.278673 -46.285510 -60.217256
288.046739 -44.448137 -60.032495
288.814806 -42.610765 -59.847734
289.582872 -40.773392 -59.662973
290.350939 -38.936020 -59.478212
291.119005 -37.098648 -59.293452
291.887072 -35.261275 -59.108691
292.655138 -33.423903 -58.923930
293.423205 -31.586531 -58.739169
294.191271 -29.749158 -58.554408
294.959338 -27.911786 -58.369647
295.727404 -26.074414 -58.184886
296.495471 -24.237041 -58.000125
297.263537 -22.399669 -57.815364
298.031604 -20.562296 -57.630603
298.799670 -18.724924 -57.445842
299.567737 -16.887552 -57.261081
300.335803 -15.050179 -57.076320
301.103870 -13.212807 -56.891559
301.871936 -11.375435 -56.706798
302.640003 -9.538062 -56.522038
303.408069 -7.700690 -56.337277
304.176136 -5.863317 -56.152516
304.944202 -4.025945 -55.967755
305.712269 -2.188573 -55.782994
306.480336 -0.351200 -55.598233
307.248402 1.486172 -55.413472
308.016469 3.323544 -55.228711
308.784535 5.160917 -55.043950
309.552602 6.998289 -54.859189
310.320668 8.835662 -54.674428
311.088735 10.673034 -54.489667
311.856801 12.510406 -54.304906
312.624868 14.347779 -54.120145
313.392934 16.185151 -53.935384
314.161001 18.022523 -53.750623
314.929067 19.859896 -53.565863
315.697134 21.697268 -53.381102
316.465200 23.534640 -53.196341
317.233267 25.372013 -53.011580
318.001333 27.209385 -52.826819
318.769400 29.046758 -52.642058
319.537466 30.884130 -52.457297
320.305533 32.721502 -52.272536
321.073599 34.558875 -52.087775
321.841666 36.396247 -51.903014
322.609732 38.233619 -51.718253
323.377799 40.070992 -51.533492
324.145865 41.908364 -51.348731
324.913932 43.745737 -51.163970
325.681998 45.583109 -50.979209
326.450065 47.420481 -50.794449
327.218132 49.257854 -50.609688
327.986198 51.095226 -50.424927
328.754265 52.932598 -50.240166
329.522331 54.769971 -50.055405
330.290398 56.607343 -49.870644
331.058464 58.444715 -49.685883
331.826531 60.282088 -49.501122
332.594597 62.119460 -49.316361
333.362664 63.956833 -49.131600
334.130730 65.794205 -48.946839
334.898797 67.631577 -48.762078
335.666863 69.468950 -48.577317
336.434930 71.306322 -48.392556
337.202996 73.143694 -48.207795
337.971063 74.981067 -48.023035
338.739129 76.818439 -47.838274
339.507196 78.655812 -47.653513
340.275262 80.493184 -47.468752
-362.765051 83.744609 -139.455000
-362.336884 84.316800 -141.322959
-361.908718 84.888991 -143.190917
-361.480551 85.461182 -145.058876
-361.052384 86.033373 -146.926835
-360.624217 86.605564 -148.794794
-360.196051 87.177755 -150.662753
-359.767884 87.749946 -152.530712
-359.339717 88.322137 -154.398671
-358.911551 88.894328 -156.266630
-358.483384 89.466519 -158.134589
-358.055217 90.038710 -160.002548
-357.627050 90.610901 -161.870507
-357.198884 91.183092 -163.738466
-356.770717 91.755284 -165.606425
-356.342550 92.327475 -167.474384
-355.914383 92.899666 -169.342343
-355.486217 93.471857 -171.210302
-355.058050 94.044048 -173.078261
-354.629883 94.616239 -174.946220
-354.201717 95.188430 -176.814179
-353.773550 95.760621 -178.682138
-353.345383 96.332812 -180.550097
-352.917216 96.905003 -182.418056
-352.489050 97.477194 -184.286015
-352.060883 98.049385 -186.153974
-351.632716 98.621576 -188.021933
-351.204549 99.193767 -189.889892
-350.776383 99.765958 -191.757850
-350.348216 100.338149 -193.625809
-349.920049 100.910340 -195.493768
-349.491883 101.482531 -197.361727
-349.063716 102.054722 -199.229686
-348.635549 102.626913 -201.097645
-348.207382 103.199104 -202.965604
-347.779216 103.771295 -204.833563
-347.351049 104.343486 -206.701522
-346.922882 104.915677 -208.569481
-346.494716 105.487868 -210.437440
-346.066549 106.060059 -212.305399
-345.638382 106.632250 -214.173358
-345.210215 107.204441 -216.041317
-344.782049 107.776632 -217.909276
-344.353882 108.348823 -219.777235
-343.925715 108.921014 -221.645194
-343.497548 109.493205 -223.513153
-343.069382 110.065396 -225.381112
-342.641215 110.637587 -227.249071
-342.213048 111.209778 -229.117030
-341.784882 111.781969 -230.984989
-341.356715 112.354161 -232.852948
-340.928548 112.926352 -234.720907
-340.500381 113.498543 -236.588866
-340.072215 114.070734 -238.456825
-339.644048 114.642925 -240.324784
-339.215881 115.215116 -242.192742
-338.787714 115.787307 -244.060701
-338.359548 116.359498 -245.928660
-337.931381 116.931689 -247.796619
-337.503214 117.503880 -249.664578
-337.075048 118.076071 -251.532537
-336.646881 118.648262 -253.400496
-336.218714 119.220453 -255.268455
-335.790547 119.792644 -257.136414
-335.362381 120.364835 -259.004373
-334.934214 120.937026 -260.872332
-334.506047 121.509217 -262.740291
-334.077881 122.081408 -264.608250
-333.649714 122.653599 -266.476209
-333.221547 123.225790 -268.344168
146.889594 229.197282 -110.839405
145.421890 227.839273 -110.880113
143.954186 226.481265 -110.920822
142.486482 225.123256 -110.961530
141.018778 223.765247 -111.002239
139.551074 222.407239 -111.042947
138.083370 221.049230 -111.083656
136.615665 219.691221 -111.124364
135.147961 218.333213 -111.165073
133.680257 216.975204 -111.205781
132.212553 215.617196 -111.246490
130.744849 214.259187 -111.287198
129.277145 212.901178 -111.327907
127.809441 211.543170 -111.368615
126.341737 210.185161 -111.409324
124.874032 208.827152 -111.450032
123.406328 207.469144 -111.490741
121.938624 206.111135 -111.531449
120.470920 204.753127 -111.572158
119.003216 203.395118 -111.612866
117.535512 202.037109 -111.653575
116.067808 200.679101 -111.694283
114.600104 199.321092 -111.734992
113.132399 197.963083 -111.775700
111.664695 196.605075 -111.816409
110.196991 195.247066 -111.857117
108.729287 193.889058 -111.897826
107.261583 192.531049 -111.938534
105.793879 191.173040 -111.979243
104.326175 189.815032 -112.019951
102.858471 188.457023 -112.060660
101.390766 187.099014 -112.101368
99.923062 185.741006 -112.142077
98.455358 184.382997 -112.182785
96.987654 183.024989 -112.223494
95.519950 181.666980 -112.264202
94.052246 180.308971 -112.304911
92.584542 178.950963 -112.345620
91.116838 177.592954 -112.386328
89.649134 176.234945 -112.427037
88.181429 174.876937 -112.467745
86.713725 173.518928 -112.508454
85.246021 172.160920 -112.549162
83.778317 170.802911 -112.589871
82.310613 169.444902 -112.630579
80.842909 168.086894 -112.671288
79.375205 166.728885 -112.711996
77.907501 165.370876 -112.752705
76.439796 164.012868 -112.793413
74.972092 162.654859 -112.834122
73.504388 161.296851 -112.874830
72.036684 159.938842 -112.915539
70.568980 158.580833 -112.956247
69.101276 157.222825 -112.996956
67.633572 155.864816 -113.037664
66.165868 154.506807 -113.078373
64.698163 153.148799 -113.119081
63.230459 151.790790 -113.159790
61.762755 150.432782 -113.200498
60.295051 149.074773 -113.241207
58.827347 147.716764 -113.281915
57.359643 146.358756 -113.322624
55.891939 145.000747 -113.363332
54.424235 143.642738 -113.404041
52.956530 142.284730 -113.444749
51.488826 140.926721 -113.485458
50.021122 139.568713 -113.526166
48.553418 138.210704 -113.566875
47.085714 136.852695 -113.607583
45.618010 135.494687 -113.648292
-262.703002 -166.273690 -206.696103
-261.078475 -165.375214 -207.440183
-259.453949 -164.476738 -208.184263
-257.829422 -163.578262 -208.928343
-256.204896 -162.679787 -209.672422
-254.580369 -161.781311 -210.416502
-252.955843 -160.882835 -211.160582
-251.331316 -159.984359 -211.904662
-249.706790 -159.085883 -212.648742
-248.082263 -158.187408 -213.392822
-246.457737 -157.288932 -214.136902
-244.833210 -156.390456 -214.880982
-243.208684 -155.491980 -215.625062
-241.584157 -154.593505 -216.369142
-239.959631 -153.695029 -217.113222
-238.335104 -152.796553 -217.857302
-236.710578 -151.898077 -218.601382
-235.086052 -150.999601 -219.345462
-233.461525 -150.101126 -220.089542
-231.836999 -149.202650 -220.833622
-230.212472 -148.304174 -221.577702
-228.587946 -147.405698 -222.321782
-226.963419 -146.507222 -223.065861
-225.338893 -145.608747 -223.809941
-223.714366 -144.710271 -224.554021
-222.089840 -143.811795 -225.298101
-220.465313 -142.913319 -226.042181
-218.840787 -142.014843 -226.786261
-217.216260 -141.116368 -227.530341
-215.591734 -140.217892 -228.274421
-213.967207 -139.319416 -229.018501
-212.342681 -138.420940 -229.762581
-210.718154 -137.522464 -230.506661
-209.093628 -136.623989 -231.250741
-207.469101 -135.725513 -231.994821
-205.844575 -134.827037 -232.738901
-204.220048 -133.928561 -233.482981
-202.595522 -133.030086 -234.227061
-200.970995 -132.131610 -234.971141
-199.346469 -131.233134 -235.715220
-197.721942 -130.334658 -236.459300
-196.097416 -129.436182 -237.203380
-194.472889 -128.537707 -237.947460
-192.848363 -127.639231 -238.691540
-191.223836 -126.740755 -239.435620
-189.599310 -125.842279 -240.179700
-187.974784 -124.943803 -240.923780
-186.350257 -124.045328 -241.667860
-184.725731 -123.146852 -242.411940
-183.101204 -122.248376 -243.156020
-181.476678 -121.349900 -243.900100
-179.852151 -120.451424 -244.644180
-178.227625 -119.552949 -245.388260
-176.603098 -118.654473 -246.132340
-174.978572 -117.755997 -246.876420
-173.354045 -116.857521 -247.620500
-171.729519 -115.959046 -248.364580
-170.104992 -115.060570 -249.108659
-168.480466 -114.162094 -249.852739
-166.855939 -113.263618 -250.596819
-165.231413 -112.365142 -251.340899
-163.606886 -111.466667 -252.084979
-161.982360 -110.568191 -252.829059
-160.357833 -109.669715 -253.573139
-158.733307 -108.771239 -254.317219
-157.108780 -107.872763 -255.061299
-155.484254 -106.974288 -255.805379
-153.859727 -106.075812 -256.549459
-152.235201 -105.177336 -257.293539
-150.610674 -104.278860 -258.037619
-36.240848 321.652361 -300.869777
-36.591626 319.946933 -299.885669
-36.942405 318.241504 -298.901561
-37.293184 316.536076 -297.917454
-37.643963 314.830647 -296.933346
-37.994741 313.125219 -295.949238
-38.345520 311.419791 -294.965130
-38.696299 309.714362 -293.981023
-39.047078 308.008934 -292.996915
-39.397856 306.303505 -292.012807
-39.748635 304.598077 -291.028699
-40.099414 302.892648 -290.044592
-40.450193 301.187220 -289.060484
-40.800971 299.481791 -288.076376
-41.151750 297.776363 -287.092268
-41.502529 296.070934 -286.108161
-41.853308 294.365506 -285.124053
-42.204086 292.660078 -284.139945
-42.554865 290.954649 -283.155837
-42.905644 289.249221 -282.171730
-43.256423 287.543792 -281.187622
-43.607201 285.838364 -280.203514
-43.957980 284.132935 -279.219406
-44.308759 282.427507 -278.235299
-44.659538 280.722078 -277.251191
-45.010316 279.016650 -276.267083
-45.361095 277.311221 -275.282975
-45.711874 275.605793 -274.298868
-46.062653 273.900365 -273.314760
-46.413431 272.194936 -272.330652
-46.764210 270.489508 -271.346544
-47.114989 268.784079 -270.362437
-47.465768 267.078651 -269.378329
-47.816546 265.373222 -268.394221
-48.167325 263.667794 -267.410113
-48.518104 261.962365 -266.426006
-48.868883 260.256937 -265.441898
-49.219661 258.551508 -264.457790
-49.570440 256.846080 -263.473682
-49.921219 255.140652 -262.489575
-50.271997 253.435223 -261.505467
-50.622776 251.729795 -260.521359
-50.973555 250.024366 -259.537251
-51.324334 248.318938 -258.553144
-51.675112 246.613509 -257.569036
-52.025891 244.908081 -256.584928
-52.376670 243.202652 -255.600820
-52.727449 241.497224 -254.616713
-53.078227 239.791795 -253.632605
-53.429006 238.086367 -252.648497
-53.779785 236.380939 -251.664390
-54.130564 234.675510 -250.680282
-54.481342 232.970082 -249.696174
-54.832121 231.264653 -248.712066
-55.182900 229.559225 -247.727959
-55.533679 227.853796 -246.743851
-55.884457 226.148368 -245.759743
-56.235236 224.442939 -244.775635
-56.586015 222.737511 -243.791528
-56.936794 221.032082 -242.807420
-57.287572 219.326654 -241.823312
-57.638351 217.621226 -240.839204
-57.989130 215.915797 -239.855097
-58.339909 214.210369 -238.870989
-58.690687 212.504940 -237.886881
-59.041466 210.799512 -236.902773
-59.392245 209.094083 -235.918666
-59.743024 207.388655 -234.934558
-60.093802 205.683226 -233.950450
-60.444581 203.977798 -232.966342
-141.354185 -201.614778 278.731209
-143.140792 -201.517441 277.837585
-144.927398 -201.420105 276.943962
-146.714004 -201.322768 276.050338
-148.500611 -201.225432 275.156714
-150.287217 -201.128095 274.263090
-152.073823 -201.030758 273.369467
-153.860430 -200.933422 272.475843
-155.647036 -200.836085 271.582219
-157.433642 -200.738748 270.688595
-159.220249 -200.641412 269.794972
-161.006855 -200.544075 268.901348
-162.793461 -200.446738 268.007724
-164.580068 -200.349402 267.114100
-166.366674 -200.252065 266.220477
-168.153280 -200.154728 265.326853
-169.939887 -200.057392 264.433229
-171.726493 -199.960055 263.539605
-173.513099 -199.862719 262.645982
-175.299706 -199.765382 261.752358
-177.086312 -199.668045 260.858734
-178.872918 -199.570709 259.965110
-180.659525 -199.473372 259.071487
-182.446131 -199.376035 258.177863
-184.232737 -199.278699 257.284239
-186.019344 -199.181362 256.390615
-187.805950 -199.084025 255.496992
-189.592556 -198.986689 254.603368
-191.379163 -198.889352 253.709744
-193.165769 -198.792016 252.816120
-194.952375 -198.694679 251.922497
-196.738982 -198.597342 251.028873
-198.525588 -198.500006 250.135249
-200.312194 -198.402669 249.241626
-202.098801 -198.305332 248.348002
-203.885407 -198.207996 247.454378
-205.672013 -198.110659 246.560754
-207.458620 -198.013322 245.667131
-209.245226 -197.915986 244.773507
-211.031832 -197.818649 243.879883
-212.818439 -197.721312 242.986259
-214.605045 -197.623976 242.092636
-216.391651 -197.526639 241.199012
-218.178258 -197.429303 240.305388
-219.964864 -197.331966 239.411764
-221.751470 -197.234629 238.518141
-223.538077 -197.137293 237.624517
-225.324683 -197.039956 236.730893
-227.111289 -196.942619 235.837269
-228.897896 -196.845283 234.943646
-230.684502 -196.747946 234.050022
-232.471108 -196.650609 233.156398
-234.257715 -196.553273 232.262774
-236.044321 -196.455936 231.369151
-237.830927 -196.358600 230.475527
-239.617534 -196.261263 229.581903
-241.404140 -196.163926 228.688279
-243.190746 -196.066590 227.794656
-244.977353 -195.969253 226.901032
-246.763959 -195.871916 226.007408
-248.550565 -195.774580 225.113784
-250.337172 -195.677243 224.220161
-252.123778 -195.579906 223.326537
-253.910384 -195.482570 222.432913
-255.696991 -195.385233 221.539289
-257.483597 -195.287896 220.645666
-259.270203 -195.190560 219.752042
-261.056810 -195.093223 218.858418
-262.843416 -194.995887 217.964795
-264.630022 -194.898550 217.071171
-171.409981 -51.731594 -324.533013
-173.090176 -50.646724 -324.533232
-174.770372 -49.561853 -324.533452
-176.450567 -48.476983 -324.533671
-178.130762 -47.392113 -324.533891
-179.810958 -46.307243 -324.534110
-181.491153 -45.222372 -324.534330
-183.171348 -44.137502 -324.534550
-184.851544 -43.052632 -324.534769
-186.531739 -41.967762 -324.534989
-188.211934 -40.882891 -324.535208
-189.892130 -39.798021 -324.535428
-191.572325 -38.713151 -324.535647
-193.252520 -37.628280 -324.535867
-194.932716 -36.543410 -324.536086
-196.612911 -35.458540 -324.536306
-198.293107 -34.373670 -324.536525
-199.973302 -33.288799 -324.536745
-201.653497 -32.203929 -324.536964
-203.333693 -31.119059 -324.537184
-205.013888 -30.034189 -324.537404
-206.694083 -28.949318 -324.537623
-208.374279 -27.864448 -324.537843
-210.054474 -26.779578 -324.538062
-211.734669 -25.694707 -324.538282
-213.414865 -24.609837 -324.538501
-215.095060 -23.524967 -324.538721
-216.775255 -22.440097 -324.538940
-218.455451 -21.355226 -324.539160
-220.135646 -20.270356 -324.539379
-221.815842 -19.185486 -324.539599
-223.496037 -18.100616 -324.539819
-225.176232 -17.015745 -324.540038
-226.856428 -15.930875 -324.540258
-228.536623 -14.846005 -324.540477
-230.216818 -13.761134 -324.540697
-231.897014 -12.676264 -324.540916
-233.577209 -11.591394 -324.541136
-235.257404 -10.506524 -324.541355
-236.937600 -9.421653 -324.541575
-238.617795 -8.336783 -324.541794
-240.297990 -7.251913 -324.542014
-241.978186 -6.167042 -324.542233
-243.658381 -5.082172 -324.542453
-245.338577 -3.997302 -324.542673
-247.018772 -2.912432 -324.542892
-248.698967 -1.827561 -324.543112
-250.379163 -0.742691 -324.543331
-252.059358 0.342179 -324.543551
-253.739553 1.427049 -324.543770
-255.419749 2.511920 -324.543990
-257.099944 3.596790 -324.544209
-258.780139 4.681660 -324.544429
-260.460335 5.766531 -324.544648
-262.140530 6.851401 -324.544868
-263.820725 7.936271 -324.545088
-265.500921 9.021141 -324.545307
-267.181116 10.106012 -324.545527
-268.861312 11.190882 -324.545746
-270.541507 12.275752 -324.545966
-272.221702 13.360622 -324.546185
-273.901898 14.445493 -324.546405
-275.582093 15.530363 -324.546624
-277.262288 16.615233 -324.546844
-278.942484 17.700104 -324.547063
-280.622679 18.784974 -324.547283
-282.302874 19.869844 -324.547503
-283.983070 20.954714 -324.547722
-285.663265 22.039585 -324.547942
-287.343460 23.124455 -324.548161
225.608975 -319.257013 -243.584985
226.651160 -317.645121 -243.023153
227.693345 -316.033229 -242.461321
228.735530 -314.421337 -241.899489
229.777715 -312.809445 -241.337657
230.819899 -311.197553 -240.775825
231.862084 -309.585661 -240.213993
232.904269 -307.973769 -239.652161
233.946454 -306.361877 -239.090329
234.988639 -304.749985 -238.528498
236.030824 -303.138093 -237.966666
237.073009 -301.526201 -237.404834
238.115194 -299.914309 -236.843002
239.157379 -298.302418 -236.281170
240.199563 -296.690526 -235.719338
241.241748 -295.078634 -235.157506
242.283933 -293.466742 -234.595674
243.326118 -291.854850 -234.033842
244.368303 -290.242958 -233.472011
245.410488 -288.631066 -232.910179
246.452673 -287.019174 -232.348347
247.494858 -285.407282 -231.786515
248.537042 -283.795390 -231.224683
249.579227 -282.183498 -230.662851
250.621412 -280.571606 -230.101019
251.663597 -278.959714 -229.539187
252.705782 -277.347822 -228.977356
253.747967 -275.735930 -228.415524
254.790152 -274.124039 -227.853692
255.832337 -272.512147 -227.291860
256.874521 -270.900255 -226.730028
257.916706 -269.288363 -226.168196
258.958891 -267.676471 -225.606364
260.001076 -266.064579 -225.044532
261.043261 -264.452687 -224.482700
262.085446 -262.840795 -223.920869
263.127631 -261.228903 -223.359037
264.169816 -259.617011 -222.797205
265.212000 -258.005119 -222.235373
266.254185 -256.393227 -221.673541
267.296370 -254.781335 -221.111709
268.338555 -253.169443 -220.549877
269.380740 -251.557551 -219.988045
270.422925 -249.945660 -219.426213
271.465110 -248.333768 -218.864382
272.507295 -246.721876 -218.302550
273.549480 -245.109984 -217.740718
274.591664 -243.498092 -217.178886
275.633849 -241.886200 -216.617054
276.676034 -240.274308 -216.055222
277.718219 -238.662416 -215.493390
278.760404 -237.050524 -214.931558
279.802589 -235.438632 -214.369726
280.844774 -233.826740 -213.807895
281.886959 -232.214848 -213.246063
282.929143 -230.602956 -212.684231
283.971328 -228.991064 -212.122399
285.013513 -227.379172 -211.560567
286.055698 -225.767280 -210.998735
287.097883 -224.155389 -210.436903
288.140068 -222.543497 -209.875071
289.182253 -220.931605 -209.313240
290.224438 -219.319713 -208.751408
291.266622 -217.707821 -208.189576
292.308807 -216.095929 -207.627744
293.350992 -214.484037 -207.065912
294.393177 -212.872145 -206.504080
295.435362 -211.260253 -205.942248
296.477547 -209.648361 -205.380416
297.519732 -208.036469 -204.818584
-37.649735 3.625536 -26.339592
-37.323605 5.246813 -27.464358
-36.997474 6.868090 -28.589125
-36.671344 8.489366 -29.713892
-36.345214 10.110643 -30.838658
-36.019083 11.731920 -31.963425
-35.692953 13.353197 -33.088192
-35.366823 14.974474 -34.212958
-35.040692 16.595751 -35.337725
-34.714562 18.217028 -36.462492
-34.388431 19.838305 -37.587258
-34.062301 21.459582 -38.712025
-33.736171 23.080859 -39.836792
-33.410040 24.702136 -40.961558
-33.083910 26.323413 -42.086325
-32.757779 27.944690 -43.211091
-32.431649 29.565967 -44.335858
-32.105519 31.187244 -45.460625
-31.779388 32.808521 -46.585391
-31.453258 34.429798 -47.710158
-31.127127 36.051075 -48.834925
-30.800997 37.672352 -49.959691
-30.474867 39.293629 -51.084458
-30.148736 40.914906 -52.209225
-29.822606 42.536183 -53.333991
-29.496475 44.157460 -54.458758
-29.170345 45.778736 -55.583524
-28.844215 47.400013 -56.708291
-28.518084 49.021290 -57.833058
-28.191954 50.642567 -58.957824
-27.865824 52.263844 -60.082591
-27.539693 53.885121 -61.207358
-27.213563 55.506398 -62.332124
-26.887432 57.127675 -63.456891
-26.561302 58.748952 -64.581658
-26.235172 60.370229 -65.706424
-25.909041 61.991506 -66.831191
-25.582911 63.612783 -67.955958
-25.256780 65.234060 -69.080724
-24.930650 66.855337 -70.205491
-24.604520 68.476614 -71.330257
-24.278389 70.097891 -72.455024
-23.952259 71.719168 -73.579791
-23.626128 73.340445 -74.704557
-23.299998 74.961722 -75.829324
-22.973868 76.582999 -76.954091
-22.647737 78.204276 -78.078857
-22.321607 79.825553 -79.203624
-21.995477 81.446830 -80.328391
-21.669346 83.068107 -81.453157
-21.343216 84.689383 -82.577924
-21.017085 86.310660 -83.702690
-20.690955 87.931937 -84.827457
-20.364825 89.553214 -85.952224
-20.038694 91.174491 -87.076990
-19.712564 92.795768 -88.201757
-19.386433 94.417045 -89.326524
-19.060303 96.038322 -90.451290
-18.734173 97.659599 -91.576057
-18.408042 99.280876 -92.700824
-18.081912 100.902153 -93.825590
-17.755781 102.523430 -94.950357
-17.429651 104.144707 -96.075124
-17.103521 105.765984 -97.199890
-16.777390 107.387261 -98.324657
-16.451260 109.008538 -99.449423
-16.125130 110.629815 -100.574190
-15.798999 112.251092 -101.698957
-15.472869 113.872369 -102.823723
-15.146738 115.493646 -103.948490
60.221701 266.851220 -369.303069
58.275394 267.272116 -369.489438
56.329086 267.693011 -369.675807
54.382778 268.113907 -369.862177
52.436471 268.534803 -370.048546
50.490163 268.955699 -370.234916
48.543856 269.376594 -370.421285
46.597548 269.797490 -370.607654
44.651240 270.218386 -370.794024
42.704933 270.639281 -370.980393
40.758625 271.060177 -371.166762
38.812318 271.481073 -371.353132
36.866010 271.901969 -371.539501
34.919703 272.322864 -371.725871
32.973395 272.743760 -371.912240
31.027087 273.164656 -372.098609
29.080780 273.585552 -372.284979
27.134472 274.006447 -372.471348
25.188165 274.427343 -372.657718
23.241857 274.848239 -372.844087
21.295549 275.269135 -373.030456
19.349242 275.690030 -373.216826
17.402934 276.110926 -373.403195
15.456627 276.531822 -373.589564
13.510319 276.952718 -373.775934
11.564011 277.373613 -373.962303
9.617704 277.794509 -374.148673
7.671396 278.215405 -374.335042
5.725089 278.636300 -374.521411
3.778781 279.057196 -374.707781
1.832473 279.478092 -374.894150
-0.113834 279.898988 -375.080519
-2.060142 280.319883 -375.266889
-4.006449 280.740779 -375.453258
-5.952757 281.161675 -375.639628
-7.899064 281.582571 -375.825997
-9.845372 282.003466 -376.012366
-11.791680 282.424362 -376.198736
-13.737987 282.845258 -376.385105
-15.684295 283.266154 -376.571475
-17.630602 283.687049 -376.757844
-19.576910 284.107945 -376.944213
-21.523218 284.528841 -377.130583
-23.469525 284.949737 -377.316952
-25.415833 285.370632 -377.503321
-27.362140 285.791528 -377.689691
-29.308448 286.212424 -377.876060
-31.254756 286.633320 -378.062430
-33.201063 287.054215 -378.248799
-35.147371 287.475111 -378.435168
-37.093678 287.896007 -378.621538
-39.039986 288.316902 -378.807907
-40.986293 288.737798 -378.994276
-42.932601 289.158694 -379.180646
-44.878909 289.579590 -379.367015
-46.825216 290.000485 -379.553385
-48.771524 290.421381 -379.739754
-50.717831 290.842277 -379.926123
-52.664139 291.263173 -380.112493
-54.610447 291.684068 -380.298862
-56.556754 292.104964 -380.485232
-58.503062 292.525860 -380.671601
-60.449369 292.946756 -380.857970
-62.395677 293.367651 -381.044340
-64.341985 293.788547 -381.230709
-66.288292 294.209443 -381.417078
-68.234600 294.630339 -381.603448
-70.180907 295.051234 -381.789817
-72.127215 295.472130 -381.976187
-74.073522 295.893026 -382.162556
231.478238 -332.076396 327.702367
230.159044 -330.575206 327.623904
228.839850 -329.074016 327.545442
227.520656 -327.572827 327.466979
226.201462 -326.071637 327.388516
224.882268 -324.570447 327.310054
223.563074 -323.069257 327.231591
222.243880 -321.568067 327.153129
220.924686 -320.066878 327.074666
219.605492 -318.565688 326.996204
218.286298 -317.064498 326.917741
216.967104 -315.563308 326.839278
215.647910 -314.062118 326.760816
214.328716 -312.560929 326.682353
213.009522 -311.059739 326.603891
211.690328 -309.558549 326.525428
210.371134 -308.057359 326.446965
209.051940 -306.556169 326.368503
207.732746 -305.054980 326.290040
206.413552 -303.553790 326.211578
205.094358 -302.052600 326.133115
203.775164 -300.551410 326.054653
202.455970 -299.050220 325.976190
201.136776 -297.549031 325.897727
199.817582 -296.047841 325.819265
198.498388 -294.546651 325.740802
197.179194 -293.045461 325.662340
195.860000 -291.544271 325.583877
194.540806 -290.043082 325.505415
193.221612 -288.541892 325.426952
191.902418 -287.040702 325.348489
190.583224 -285.539512 325.270027
189.264030 -284.038322 325.191564
187.944836 -282.537133 325.113102
186.625642 -281.035943 325.034639
185.306448 -279.534753 324.956176
183.987254 -278.033563 324.877714
182.668060 -276.532373 324.799251
181.348866 -275.031183 324.720789
180.029672 -273.529994 324.642326
178.710478 -272.028804 324.563864
177.391284 -270.527614 324.485401
176.072090 -269.026424 324.406938
174.752896 -267.525234 324.328476
173.433702 -266.024045 324.250013
172.114508 -264.522855 324.171551
170.795314 -263.021665 324.093088
169.476120 -261.520475 324.014626
168.156926 -260.019285 323.936163
166.837732 -258.518096 323.857700
165.518538 -257.016906 323.779238
164.199344 -255.515716 323.700775
162.880150 -254.014526 323.622313
161.560957 -252.513336 323.543850
160.241763 -251.012147 323.465388
158.922569 -249.510957 323.386925
157.603375 -248.009767 323.308462
156.284181 -246.508577 323.230000
154.964987 -245.007387 323.151537
153.645793 -243.506198 323.073075
152.326599 -242.005008 322.994612
151.007405 -240.503818 322.916149
149.688211 -239.002628 322.837687
148.369017 -237.501438 322.759224
147.049823 -236.000249 322.680762
145.730629 -234.499059 322.602299
144.411435 -232.997869 322.523837
143.092241 -231.496679 322.445374
141.773047 -229.995489 322.366911
140.453853 -228.494300 322.288449
-271.058643 -144.731642 193.579351
-269.120369 -144.932530 194.029618
-267.182096 -145.133419 194.479886
-265.243823 -145.334307 194.930153
-263.305550 -145.535196 195.380420
-261.367277 -145.736085 195.830688
-259.429003 -145.936973 196.280955
-257.490730 -146.137862 196.731223
-255.552457 -146.338751 197.181490
-253.614184 -146.539639 197.631758
-251.675911 -146.740528 198.082025
-249.737637 -146.941416 198.532293
-247.799364 -147.142305 198.982560
-245.861091 -147.343194 199.432828
-243.922818 -147.544082 199.883095
-241.984545 -147.744971 200.333362
-240.046271 -147.945860 200.783630
-238.107998 -148.146748 201.233897
-236.169725 -148.347637 201.684165
-234.231452 -148.548525 202.134432
-232.293179 -148.749414 202.584700
-230.354906 -148.950303 203.034967
-228.416632 -149.151191 203.485235
-226.478359 -149.352080 203.935502
-224.540086 -149.552969 204.385769
-222.601813 -149.753857 204.836037
-220.663540 -149.954746 205.286304
-218.725266 -150.155635 205.736572
-216.786993 -150.356523 206.186839
-214.848720 -150.557412 206.637107
-212.910447 -150.758300 207.087374
-210.972174 -150.959189 207.537642
-209.033900 -151.160078 207.987909
-207.095627 -151.360966 208.438177
-205.157354 -151.561855 208.888444
-203.219081 -151.762744 209.338711
-201.280808 -151.963632 209.788979
-199.342534 -152.164521 210.239246
-197.404261 -152.365409 210.689514
-195.465988 -152.566298 211.139781
-193.527715 -152.767187 211.590049
-191.589442 -152.968075 212.040316
-189.651168 -153.168964 212.490584
-187.712895 -153.369853 212.940851
-185.774622 -153.570741 213.391119
-183.836349 -153.771630 213.841386
-181.898076 -153.972519 214.291653
-179.959802 -154.173407 214.741921
-178.021529 -154.374296 215.192188
-176.083256 -154.575184 215.642456
-174.144983 -154.776073 216.092723
-172.206710 -154.976962 216.542991
-170.268436 -155.177850 216.993258
-168.330163 -155.378739 217.443526
-166.391890 -155.579628 217.893793
-164.453617 -155.780516 218.344061
-162.515344 -155.981405 218.794328
-160.577070 -156.182293 219.244595
-158.638797 -156.383182 219.694863
-156.700524 -156.584071 220.145130
-154.762251 -156.784959 220.595398
-152.823978 -156.985848 221.045665
-150.885705 -157.186737 221.495933
-148.947431 -157.387625 221.946200
-147.009158 -157.588514 222.396468
-145.070885 -157.789403 222.846735
-143.132612 -157.990291 223.297002
-141.194339 -158.191180 223.747270
-139.256065 -158.392068 224.197537
-137.317792 -158.592957 224.647805
48.610131 367.250816 -98.953359
50.288025 366.280645 -98.459962
51.965919 365.310474 -97.966565
53.643812 364.340302 -97.473168
55.321706 363.370131 -96.979770
56.999599 362.399960 -96.486373
58.677493 361.429789 -95.992976
60.355387 360.459618 -95.499579
62.033280 359.489446 -95.006182
63.711174 358.519275 -94.512784
65.389068 357.549104 -94.019387
67.066961 356.578933 -93.525990
68.744855 355.608761 -93.032593
70.422748 354.638590 -92.539195
72.100642 353.668419 -92.045798
73.778536 352.698248 -91.552401
75.456429 351.728077 -91.059004
77.134323 350.757905 -90.565607
78.812217 349.787734 -90.072209
80.490110 348.817563 -89.578812
82.168004 347.847392 -89.085415
83.845897 346.877221 -88.592018
85.523791 345.907049 -88.098621
87.201685 344.936878 -87.605223
88.879578 343.966707 -87.111826
90.557472 342.996536 -86.618429
92.235366 342.026364 -86.125032
93.913259 341.056193 -85.631635
95.591153 340.086022 -85.138237
97.269046 339.115851 -84.644840
98.946940 338.145680 -84.151443
100.624834 337.175508 -83.658046
102.302727 336.205337 -83.164649
103.980621 335.235166 -82.671251
105.658515 334.264995 -82.177854
107.336408 333.294824 -81.684457
109.014302 332.324652 -81.191060
110.692195 331.354481 -80.697662
112.370089 330.384310 -80.204265
114.047983 329.414139 -79.710868
115.725876 328.443967 -79.217471
117.403770 327.473796 -78.724074
119.081664 326.503625 -78.230676
120.759557 325.533454 -77.737279
122.437451 324.563283 -77.243882
124.115344 323.593111 -76.750485
125.793238 322.622940 -76.257088
127.471132 321.652769 -75.763690
129.149025 320.682598 -75.270293
130.826919 319.712427 -74.776896
132.504812 318.742255 -74.283499
134.182706 317.772084 -73.790102
135.860600 316.801913 -73.296704
137.538493 315.831742 -72.803307
139.216387 314.861570 -72.309910
140.894281 313.891399 -71.816513
142.572174 312.921228 -71.323116
144.250068 311.951057 -70.829718
145.927961 310.980886 -70.336321
147.605855 310.010714 -69.842924
149.283749 309.040543 -69.349527
150.961642 308.070372 -68.856129
152.639536 307.100201 -68.362732
154.317430 306.130030 -67.869335
155.995323 305.159858 -67.375938
157.673217 304.189687 -66.882541
159.351110 303.219516 -66.389143
161.029004 302.249345 -65.895746
162.706898 301.279173 -65.402349
164.384791 300.309002 -64.908952
13.096275 -259.723491 219.829521
12.618067 -261.404958 220.801110
12.139860 -263.086426 221.772698
11.661653 -264.767894 222.744287
11.183446 -266.449361 223.715875
10.705238 -268.130829 224.687464
10.227031 -269.812296 225.659053
9.748824 -271.493764 226.630641
9.270616 -273.175232 227.602230
8.792409 -274.856699 228.573818
8.314202 -276.538167 229.545407
7.835994 -278.219635 230.516996
7.357787 -279.901102 231.488584
6.879580 -281.582570 232.460173
6.401373 -283.264038 233.431761
5.923165 -284.945505 234.403350
5.444958 -286.626973 235.374939
4.966751 -288.308440 236.346527
4.488543 -289.989908 237.318116
4.010336 -291.671376 238.289704
3.532129 -293.352843 239.261293
3.053921 -295.034311 240.232881
2.575714 -296.715779 241.204470
2.097507 -298.397246 242.176059
1.619300 -300.078714 243.147647
1.141092 -301.760181 244.119236
0.662885 -303.441649 245.090824
0.184678 -305.123117 246.062413
-0.293530 -306.804584 247.034002
-0.771737 -308.486052 248.005590
-1.249944 -310.167520 248.977179
-1.728152 -311.848987 249.948767
-2.206359 -313.530455 250.920356
-2.684566 -315.211923 251.891944
-3.162773 -316.893390 252.863533
-3.640981 -318.574858 253.835122
-4.119188 -320.256325 254.806710
-4.597395 -321.937793 255.778299
-5.075603 -323.619261 256.749887
-5.553810 -325.300728 257.721476
-6.032017 -326.982196 258.693065
-6.510225 -328.663664 259.664653
-6.988432 -330.345131 260.636242
-7.466639 -332.026599 261.607830
-7.944846 -333.708066 262.579419
-8.423054 -335.389534 263.551008
-8.901261 -337.071002 264.522596
-9.379468 -338.752469 265.494185
-9.857676 -340.433937 266.465773
-10.335883 -342.115405 267.437362
-10.814090 -343.796872 268.408950
-11.292298 -345.478340 269.380539
-11.770505 -347.159808 270.352128
-12.248712 -348.841275 271.323716
-12.726919 -350.522743 272.295305
-13.205127 -352.204210 273.266893
-13.683334 -353.885678 274.238482
-14.161541 -355.567146 275.210071
-14.639749 -357.248613 276.181659
-15.117956 -358.930081 277.153248
-15.596163 -360.611549 278.124836
-16.074371 -362.293016 279.096425
-16.552578 -363.974484 280.068014
-17.030785 -365.655951 281.039602
-17.508992 -367.337419 282.011191
-17.987200 -369.018887 282.982779
-18.465407 -370.700354 283.954368
-18.943614 -372.381822 284.925956
-19.421822 -374.063290 285.897545
-19.900029 -375.744757 286.869134
347.244202 178.779053 196.884536
345.927696 177.597219 197.817315
344.611189 176.415384 198.750095
343.294683 175.233549 199.682874
341.978177 174.051714 200.615654
340.661670 172.869879 201.548433
339.345164 171.688044 202.481213
338.028658 170.506210 203.413992
336.712151 169.324375 204.346772
335.395645 168.142540 205.279551
334.079139 166.960705 206.212330
332.762632 165.778870 207.145110
331.446126 164.597035 208.077889
330.129620 163.415201 209.010669
328.813113 162.233366 209.943448
327.496607 161.051531 210.876228
326.180101 159.869696 211.809007
324.863594 158.687861 212.741787
323.547088 157.506027 213.674566
322.230582 156.324192 214.607345
320.914075 155.142357 215.540125
319.597569 153.960522 216.472904
318.281062 152.778687 217.405684
316.964556 151.596852 218.338463
315.648050 150.415018 219.271243
314.331543 149.233183 220.204022
313.015037 148.051348 221.136802
311.698531 146.869513 222.069581
310.382024 145.687678 223.002360
309.065518 144.505843 223.935140
307.749012 143.324009 224.867919
306.432505 142.142174 225.800699
305.115999 140.960339 226.733478
303.799493 139.778504 227.666258
302.482986 138.596669 228.599037
301.166480 137.414834 229.531817
299.849974 136.233000 230.464596
298.533467 135.051165 231.397375
297.216961 133.869330 232.330155
295.900455 132.687495 233.262934
294.583948 131.505660 234.195714
293.267442 130.323826 235.128493
291.950936 129.141991 236.061273
290.634429 127.960156 236.994052
289.317923 126.778321 237.926832
288.001417 125.596486 238.859611
286.684910 124.414651 239.792390
285.368404 123.232817 240.725170
284.051898 122.050982 241.657949
282.735391 120.869147 242.590729
281.418885 119.687312 243.523508
280.102378 118.505477 244.456288
278.785872 117.323642 245.389067
277.469366 116.141808 246.321847
276.152859 114.959973 247.254626
274.836353 113.778138 248.187405
273.519847 112.596303 249.120185
272.203340 111.414468 250.052964
270.886834 110.232634 250.985744
269.570328 109.050799 251.918523
268.253821 107.868964 252.851303
266.937315 106.687129 253.784082
265.620809 105.505294 254.716862
264.304302 104.323459 255.649641
262.987796 103.141625 256.582420
261.671290 101.959790 257.515200
260.354783 100.777955 258.447979
259.038277 99.596120 259.380759
257.721771 98.414285 260.313538
256.405264 97.232450 261.246318
149.461007 -275.155475 -61.523725
149.430481 -273.179537 -61.215928
149.399955 -271.203600 -60.908131
149.369429 -269.227662 -60.600333
149.338903 -267.251725 -60.292536
149.308377 -265.275787 -59.984739
149.277851 -263.299850 -59.676942
149.247326 -261.323912 -59.369145
149.216800 -259.347975 -59.061347
149.186274 -257.372037 -58.753550
149.155748 -255.396100 -58.445753
149.125222 -253.420162 -58.137956
149.094696 -251.444225 -57.830159
149.064170 -249.468287 -57.522361
149.033644 -247.492349 -57.214564
149.003118 -245.516412 -56.906767
148.972592 -243.540474 -56.598970
148.942066 -241.564537 -56.291173
148.911540 -239.588599 -55.983375
148.881014 -237.612662 -55.675578
148.850488 -235.636724 -55.367781
148.819962 -233.660787 -55.059984
148.789436 -231.684849 -54.752186
148.758910 -229.708912 -54.444389
148.728384 -227.732974 -54.136592
148.697858 -225.757037 -53.828795
148.667332 -223.781099 -53.520998
148.636806 -221.805162 -53.213200
148.606280 -219.829224 -52.905403
148.575754 -217.853287 -52.597606
148.545228 -215.877349 -52.289809
148.514702 -213.901412 -51.982012
148.484176 -211.925474 -51.674214
148.453650 -209.949537 -51.366417
148.423124 -207.973599 -51.058620
148.392598 -205.997662 -50.750823
148.362072 -204.021724 -50.443025
148.331546 -202.045787 -50.135228
148.301020 -200.069849 -49.827431
148.270494 -198.093912 -49.519634
148.239968 -196.117974 -49.211837
148.209442 -194.142037 -48.904039
148.178916 -192.166099 -48.596242
148.148390 -190.190162 -48.288445
148.117864 -188.214224 -47.980648
148.087338 -186.238287 -47.672851
148.056812 -184.262349 -47.365053
148.026286 -182.286412 -47.057256
147.995760 -180.310474 -46.749459
147.965234 -178.334537 -46.441662
147.934708 -176.358599 -46.133864
147.904182 -174.382662 -45.826067
147.873656 -172.406724 -45.518270
147.843130 -170.430787 -45.210473
147.812604 -168.454849 -44.902676
147.782078 -166.478912 -44.594878
147.751552 -164.502974 -44.287081
147.721026 -162.527037 -43.979284
147.690500 -160.551099 -43.671487
147.659974 -158.575162 -43.363690
147.629448 -156.599224 -43.055892
147.598923 -154.623287 -42.748095
147.568397 -152.647349 -42.440298
147.537871 -150.671412 -42.132501
147.507345 -148.695474 -41.824703
147.476819 -146.719537 -41.516906
147.446293 -144.743599 -41.209109
147.415767 -142.767662 -40.901312
147.385241 -140.791724 -40.593515
147.354715 -138.815787 -40.285717
-98.537341 -18.241057 18.309462
-97.654900 -17.509826 19.948547
-96.772458 -16.778594 21.587631
-95.890017 -16.047363 23.226716
-95.007575 -15.316132 24.865800
-94.125134 -14.584901 26.504885
-93.242692 -13.853670 28.143969
-92.360251 -13.122439 29.783054
-91.477809 -12.391207 31.422138
-90.595368 -11.659976 33.061223
-89.712926 -10.928745 34.700307
-88.830485 -10.197514 36.339392
-87.948043 -9.466283 37.978476
-87.065602 -8.735052 39.617561
-86.183160 -8.003820 41.256645
-85.300719 -7.272589 42.895730
-84.418277 -6.541358 44.534814
-83.535836 -5.810127 46.173899
-82.653395 -5.078896 47.812983
-81.770953 -4.347665 49.452068
-80.888512 -3.616433 51.091152
-80.006070 -2.885202 52.730237
-79.123629 -2.153971 54.369321
-78.241187 -1.422740 56.008406
-77.358746 -0.691509 57.647490
-76.476304 0.039722 59.286575
-75.593863 0.770954 60.925659
-74.711421 1.502185 62.564744
-73.828980 2.233416 64.203828
-72.946538 2.964647 65.842913
-72.064097 3.695878 67.481997
-71.181655 4.427109 69.121082
-70.299214 5.158341 70.760166
-69.416772 5.889572 72.399251
-68.534331 6.620803 74.038335
-67.651889 7.352034 75.677420
-66.769448 8.083265 77.316504
-65.887006 8.814496 78.955589
-65.004565 9.545728 80.594674
-64.122123 10.276959 82.233758
-63.239682 11.008190 83.872843
-62.357240 11.739421 85.511927
-61.474799 12.470652 87.151012
-60.592357 13.201883 88.790096
-59.709916 13.933115 90.429181
-58.827475 14.664346 92.068265
-57.945033 15.395577 93.707350
-57.062592 16.126808 95.346434
-56.180150 16.858039 96.985519
-55.297709 17.589270 98.624603
-54.415267 18.320502 100.263688
-53.532826 19.051733 101.902772
-52.650384 19.782964 103.541857
-51.767943 20.514195 105.180941
-50.885501 21.245426 106.820026
-50.003060 21.976657 108.459110
-49.120618 22.707889 110.098195
-48.238177 23.439120 111.737279
-47.355735 24.170351 113.376364
-46.473294 24.901582 115.015448
-45.590852 25.632813 116.654533
-44.708411 26.364044 118.293617
-43.825969 27.095276 119.932702
-42.943528 27.826507 121.571786
-42.061086 28.557738 123.210871
-41.178645 29.288969 124.849955
-40.296203 30.020200 126.489040
-39.413762 30.751431 128.128124
-38.531320 31.482663 129.767209
-37.648879 32.213894 131.406293
-304.493367 20.193547 -76.736502
-303.734113 20.280425 -78.584740
-302.974858 20.367303 -80.432979
-302.215603 20.454181 -82.281217
-301.456348 20.541060 -84.129455
-300.697094 20.627938 -85.977693
-299.937839 20.714816 -87.825931
-299.178584 20.801694 -89.674170
-298.419329 20.888572 -91.522408
-297.660075 20.975450 -93.370646
-296.900820 21.062328 -95.218884
-296.141565 21.149206 -97.067122
-295.382310 21.236084 -98.915361
-294.623056 21.322962 -100.763599
-293.863801 21.409841 -102.611837
-293.104546 21.496719 -104.460075
-292.345291 21.583597 -106.308313
-291.586037 21.670475 -108.156552
-290.826782 21.757353 -110.004790
-290.067527 21.844231 -111.853028
-289.308273 21.931109 -113.701266
-288.549018 22.017987 -115.549504
-287.789763 22.104865 -117.397743
-287.030508 22.191744 -119.245981
-286.271254 22.278622 -121.094219
-285.511999 22.365500 -122.942457
-284.752744 22.452378 -124.790695
-283.993489 22.539256 -126.638934
-283.234235 22.626134 -128.487172
-282.474980 22.713012 -130.335410
-281.715725 22.799890 -132.183648
-280.956470 22.886768 -134.031886
-280.197216 22.973646 -135.880125
-279.437961 23.060525 -137.728363
-278.678706 23.147403 -139.576601
-277.919451 23.234281 -141.424839
-277.160197 23.321159 -143.273077
-276.400942 23.408037 -145.121316
-275.641687 23.494915 -146.969554
-274.882432 23.581793 -148.817792
-274.123178 23.668671 -150.666030
-273.363923 23.755549 -152.514268
-272.604668 23.842427 -154.362507
-271.845414 23.929306 -156.210745
-271.086159 24.016184 -158.058983
-270.326904 24.103062 -159.907221
-269.567649 24.189940 -161.755459
-268.808395 24.276818 -163.603698
-268.049140 24.363696 -165.451936
-267.289885 24.450574 -167.300174
-266.530630 24.537452 -169.148412
-265.771376 24.624330 -170.996650
-265.012121 24.711208 -172.844889
-264.252866 24.798087 -174.693127
-263.493611 24.884965 -176.541365
-262.734357 24.971843 -178.389603
-261.975102 25.058721 -180.237841
-261.215847 25.145599 -182.086080
-260.456592 25.232477 -183.934318
-259.697338 25.319355 -185.782556
-258.938083 25.406233 -187.630794
-258.178828 25.493111 -189.479032
-257.419574 25.579989 -191.327271
-256.660319 25.666868 -193.175509
-255.901064 25.753746 -195.023747
-255.141809 25.840624 -196.871985
-254.382555 25.927502 -198.720223
-253.623300 26.014380 -200.568462
-252.864045 26.101258 -202.416700
-252.104790 26.188136 -204.264938
52.872141 -236.748254 75.328316
52.627628 -238.159735 76.724001
52.383115 -239.571215 78.119686
52.138602 -240.982696 79.515370
51.894089 -242.394176 80.911055
51.649576 -243.805657 82.306740
51.405063 -245.217137 83.702425
51.160550 -246.628618 85.098110
50.916037 -248.040098 86.493794
50.671524 -249.451579 87.889479
50.427011 -250.863059 89.285164
50.182498 -252.274540 90.680849
49.937984 -253.686020 92.076534
49.693471 -255.097501 93.472218
49.448958 -256.508981 94.867903
49.204445 -257.920462 96.263588
48.959932 -259.331942 97.659273
48.715419 -260.743423 99.054958
48.470906 -262.154903 100.450643
48.226393 -263.566384 101.846327
47.981880 -264.977864 103.242012
47.737367 -266.389345 104.637697
47.492854 -267.800825 106.033382
47.248340 -269.212306 107.429067
47.003827 -270.623786 108.824751
46.759314 -272.035267 110.220436
46.514801 -273.446747 111.616121
46.270288 -274.858228 113.011806
46.025775 -276.269708 114.407491
45.781262 -277.681189 115.803176
45.536749 -279.092669 117.198860
45.292236 -280.504150 118.594545
45.047723 -281.915630 119.990230
44.803210 -283.327111 121.385915
44.558697 -284.738591 122.781600
44.314183 -286.150072 124.177284
44.069670 -287.561553 125.572969
43.825157 -288.973033 126.968654
43.580644 -290.384514 128.364339
43.336131 -291.795994 129.760024
43.091618 -293.207475 131.155709
42.847105 -294.618955 132.551393
42.602592 -296.030436 133.947078
42.358079 -297.441916 135.342763
42.113566 -298.853397 136.738448
41.869053 -300.264877 138.134133
41.624539 -301.676358 139.529817
41.380026 -303.087838 140.925502
41.135513 -304.499319 142.321187
40.891000 -305.910799 143.716872
40.646487 -307.322280 145.112557
40.401974 -308.733760 146.508242
40.157461 -310.145241 147.903926
39.912948 -311.556721 149.299611
39.668435 -312.968202 150.695296
39.423922 -314.379682 152.090981
39.179409 -315.791163 153.486666
38.934896 -317.202643 154.882350
38.690382 -318.614124 156.278035
38.445869 -320.025604 157.673720
38.201356 -321.437085 159.069405
37.956843 -322.848565 160.465090
37.712330 -324.260046 161.860775
37.467817 -325.671526 163.256459
37.223304 -327.083007 164.652144
36.978791 -328.494487 166.047829
36.734278 -329.905968 167.443514
36.489765 -331.317448 168.839199
36.245252 -332.728929 170.234883
36.000738 -334.140409 171.630568
251.710005 307.973251 59.461194
252.777376 307.050730 58.043564
253.844748 306.128210 56.625934
254.912119 305.205689 55.208305
255.979490 304.283169 53.790675
257.046862 303.360648 52.373045
258.114233 302.438128 50.955415
259.181604 301.515607 49.537785
260.248976 300.593087 48.120156
261.316347 299.670566 46.702526
262.383719 298.748046 45.284896
263.451090 297.825525 43.867266
264.518461 296.903005 42.449636
265.585833 295.980484 41.032007
266.653204 295.057964 39.614377
267.720575 294.135443 38.196747
268.787947 293.212923 36.779117
269.855318 292.290402 35.361487
270.922690 291.367882 33.943858
271.990061 290.445361 32.526228
273.057432 289.522841 31.108598
274.124804 288.600320 29.690968
275.192175 287.677800 28.273338
276.259546 286.755279 26.855708
277.326918 285.832759 25.438079
278.394289 284.910238 24.020449
279.461660 283.987718 22.602819
280.529032 283.065197 21.185189
281.596403 282.142677 19.767559
282.663775 281.220156 18.349930
283.731146 280.297636 16.932300
284.798517 279.375115 15.514670
285.865889 278.452595 14.097040
286.933260 277.530074 12.679410
288.000631 276.607554 11.261781
289.068003 275.685033 9.844151
290.135374 274.762513 8.426521
291.202746 273.839992 7.008891
292.270117 272.917472 5.591261
293.337488 271.994951 4.173631
294.404860 271.072431 2.756002
295.472231 270.149910 1.338372
296.539602 269.227390 -0.079258
297.606974 268.304869 -1.496888
298.674345 267.382349 -2.914518
299.741716 266.459828 -4.332147
300.809088 265.537308 -5.749777
301.876459 264.614787 -7.167407
302.943831 263.692267 -8.585037
304.011202 262.769746 -10.002667
305.078573 261.847226 -11.420296
306.145945 260.924705 -12.837926
307.213316 260.002185 -14.255556
308.280687 259.079664 -15.673186
309.348059 258.157144 -17.090816
310.415430 257.234623 -18.508445
311.482802 256.312103 -19.926075
312.550173 255.389582 -21.343705
313.617544 254.467062 -22.761335
314.684916 253.544541 -24.178965
315.752287 252.622021 -25.596595
316.819658 251.699500 -27.014224
317.887030 250.776979 -28.431854
318.954401 249.854459 -29.849484
320.021772 248.931938 -31.267114
321.089144 248.009418 -32.684744
322.156515 247.086897 -34.102373
323.223887 246.164377 -35.520003
324.291258 245.241856 -36.937633
325.358629 244.319336 -38.355263
255.537304 -215.775269 236.431629
256.669710 -216.938029 237.600237
257.802117 -218.100789 238.768845
258.934523 -219.263549 239.937453
260.066930 -220.426309 241.106061
261.199337 -221.589068 242.274669
262.331743 -222.751828 243.443277
263.464150 -223.914588 244.611885
264.596556 -225.077348 245.780493
265.728963 -226.240108 246.949101
266.861369 -227.402868 248.117709
267.993776 -228.565628 249.286317
269.126183 -229.728388 250.454925
270.258589 -230.891147 251.623533
271.390996 -232.053907 252.792142
272.523402 -233.216667 253.960750
273.655809 -234.379427 255.129358
274.788215 -235.542187 256.297966
275.920622 -236.704947 257.466574
277.053029 -237.867707 258.635182
278.185435 -239.030467 259.803790
279.317842 -240.193226 260.972398
280.450248 -241.355986 262.141006
281.582655 -242.518746 263.309614
282.715061 -243.681506 264.478222
283.847468 -244.844266 265.646830
284.979875 -246.007026 266.815438
286.112281 -247.169786 267.984046
287.244688 -248.332546 269.152654
288.377094 -249.495306 270.321263
289.509501 -250.658065 271.489871
290.641907 -251.820825 272.658479
291.774314 -252.983585 273.827087
292.906721 -254.146345 274.995695
294.039127 -255.309105 276.164303
295.171534 -256.471865 277.332911
296.303940 -257.634625 278.501519
297.436347 -258.797385 279.670127
298.568753 -259.960144 280.838735
299.701160 -261.122904 282.007343
300.833567 -262.285664 283.175951
301.965973 -263.448424 284.344559
303.098380 -264.611184 285.513167
304.230786 -265.773944 286.681775
305.363193 -266.936704 287.850384
306.495600 -268.099464 289.018992
307.628006 -269.262223 290.187600
308.760413 -270.424983 291.356208
309.892819 -271.587743 292.524816
311.025226 -272.750503 293.693424
312.157632 -273.913263 294.862032
313.290039 -275.076023 296.030640
314.422446 -276.238783 297.199248
315.554852 -277.401543 298.367856
316.687259 -278.564302 299.536464
317.819665 -279.727062 300.705072
318.952072 -280.889822 301.873680
320.084478 -282.052582 303.042288
321.216885 -283.215342 304.210896
322.349292 -284.378102 305.379505
323.481698 -285.540862 306.548113
324.614105 -286.703622 307.716721
325.746511 -287.866382 308.885329
326.878918 -289.029141 310.053937
328.011324 -290.191901 311.222545
329.143731 -291.354661 312.391153
330.276138 -292.517421 313.559761
331.408544 -293.680181 314.728369
332.540951 -294.842941 315.896977
333.673357 -296.005701 317.065585
167.724609 -48.058168 24.551426
168.945697 -46.571681 25.098511
170.166784 -45.085194 25.645595
171.387872 -43.598707 26.192680
172.608959 -42.112220 26.739765
173.830047 -40.625733 27.286850
175.051134 -39.139246 27.833935
176.272222 -37.652759 28.381020
177.493310 -36.166272 28.928105
178.714397 -34.679785 29.475190
179.935485 -33.193299 30.022274
181.156572 -31.706812 30.569359
182.377660 -30.220325 31.116444
183.598747 -28.733838 31.663529
184.819835 -27.247351 32.210614
186.040922 -25.760864 32.757699
187.262010 -24.274377 33.304784
188.483097 -22.787890 33.851868
189.704185 -21.301403 34.398953
190.925272 -19.814916 34.946038
192.146360 -18.328429 35.493123
193.367448 -16.841942 36.040208
194.588535 -15.355455 36.587293
195.809623 -13.868968 37.134378
197.030710 -12.382482 37.681462
198.251798 -10.895995 38.228547
199.472885 -9.409508 38.775632
200.693973 -7.923021 39.322717
201.915060 -6.436534 39.869802
203.136148 -4.950047 40.416887
204.357235 -3.463560 40.963972
205.578323 -1.977073 41.511057
206.799410 -0.490586 42.058141
208.020498 0.995901 42.605226
209.241585 2.482388 43.152311
210.462673 3.968875 43.699396
211.683761 5.455362 44.246481
212.904848 6.941848 44.793566
214.125936 8.428335 45.340651
215.347023 9.914822 45.887735
216.568111 11.401309 46.434820
217.789198 12.887796 46.981905
219.010286 14.374283 47.528990
220.231373 15.860770 48.076075
221.452461 17.347257 48.623160
222.673548 18.833744 49.170245
223.894636 20.320231 49.717330
225.115723 21.806718 50.264414
226.336811 23.293205 50.811499
227.557899 24.779692 51.358584
228.778986 26.266178 51.905669
230.000074 27.752665 52.452754
231.221161 29.239152 52.999839
232.442249 30.725639 53.546924
233.663336 32.212126 54.094008
234.884424 33.698613 54.641093
236.105511 35.185100 55.188178
237.326599 36.671587 55.735263
238.547686 38.158074 56.282348
239.768774 39.644561 56.829433
240.989861 41.131048 57.376518
242.210949 42.617535 57.923603
243.432036 44.104022 58.470687
244.653124 45.590509 59.017772
245.874212 47.076995 59.564857
247.095299 48.563482 60.111942
248.316387 50.049969 60.659027
249.537474 51.536456 61.206112
250.758562 53.022943 61.753197
251.979649 54.509430 62.300281
-384.065492 244.879201 58.798564
-382.871284 243.328768 59.210908
-381.677076 241.778336 59.623252
-380.482868 240.227904 60.035596
-379.288660 238.677472 60.447940
-378.094452 237.127040 60.860284
-376.900244 235.576608 61.272628
-375.706036 234.026175 61.684972
-374.511829 232.475743 62.097316
-373.317621 230.925311 62.509660
-372.123413 229.374879 62.922004
-370.929205 227.824447 63.334348
-369.734997 226.274014 63.746692
-368.540789 224.723582 64.159036
-367.346581 223.173150 64.571380
-366.152373 221.622718 64.983724
-364.958166 220.072286 65.396068
-363.763958 218.521854 65.808412
-362.569750 216.971421 66.220756
-361.375542 215.420989 66.633100
-360.181334 213.870557 67.045444
-358.987126 212.320125 67.457788
-357.792918 210.769693 67.870132
-356.598710 209.219260 68.282476
-355.404503 207.668828 68.694820
-354.210295 206.118396 69.107164
-353.016087 204.567964 69.519508
-351.821879 203.017532 69.931852
-350.627671 201.467100 70.344196
-349.433463 199.916667 70.756540
-348.239255 198.366235 71.168884
-347.045047 196.815803 71.581228
-345.850839 195.265371 71.993572
-344.656632 193.714939 72.405916
-343.462424 192.164506 72.818260
-342.268216 190.614074 73.230604
-341.074008 189.063642 73.642948
-339.879800 187.513210 74.055292
-338.685592 185.962778 74.467636
-337.491384 184.412346 74.879980
-336.297176 182.861913 75.292324
-335.102969 181.311481 75.704668
-333.908761 179.761049 76.117012
-332.714553 178.210617 76.529357
-331.520345 176.660185 76.941701
-330.326137 175.109752 77.354045
-329.131929 173.559320 77.766389
-327.937721 172.008888 78.178733
-326.743513 170.458456 78.591077
-325.549306 168.908024 79.003421
-324.355098 167.357592 79.415765
-323.160890 165.807159 79.828109
-321.966682 164.256727 80.240453
-320.772474 162.706295 80.652797
-319.578266 161.155863 81.065141
-318.384058 159.605431 81.477485
-317.189850 158.054998 81.889829
-315.995642 156.504566 82.302173
-314.801435 154.954134 82.714517
-313.607227 153.403702 83.126861
-312.413019 151.853270 83.539205
-311.218811 150.302838 83.951549
-310.024603 148.752405 84.363893
-308.830395 147.201973 84.776237
-307.636187 145.651541 85.188581
-306.441979 144.101109 85.600925
-305.247772 142.550677 86.013269
-304.053564 141.000244 86.425613
-302.859356 139.449812 86.837957
-301.665148 137.899380 87.250301
86.216499 -19.610628 -122.728988
86.040299 -21.533818 -122.209090
85.864098 -23.457008 -121.689193
85.687898 -25.380198 -121.169295
85.511698 -27.303388 -120.649398
85.335497 -29.226578 -120.129500
85.159297 -31.149768 -119.609602
84.983097 -33.072958 -119.089705
84.806897 -34.996148 -118.569807
84.630696 -36.919338 -118.049910
84.454496 -38.842528 -117.530012
84.278296 -40.765719 -117.010114
84.102096 -42.688909 -116.490217
83.925895 -44.612099 -115.970319
83.749695 -46.535289 -115.450422
83.573495 -48.458479 -114.930524
83.397294 -50.381669 -114.410626
83.221094 -52.304859 -113.890729
83.044894 -54.228049 -113.370831
82.868694 -56.151239 -112.850934
82.692493 -58.074429 -112.331036
82.516293 -59.997619 -111.811139
82.340093 -61.920809 -111.291241
82.163893 -63.843999 -110.771343
81.987692 -65.767189 -110.251446
81.811492 -67.690379 -109.731548
81.635292 -69.613569 -109.211651
81.459091 -71.536759 -108.691753
81.282891 -73.459949 -108.171855
81.106691 -75.383139 -107.651958
80.930491 -77.306329 -107.132060
80.754290 -79.229519 -106.612163
80.578090 -81.152709 -106.092265
80.401890 -83.075900 -105.572367
80.225690 -84.999090 -105.052470
80.049489 -86.922280 -104.532572
79.873289 -88.845470 -104.012675
79.697089 -90.768660 -103.492777
79.520888 -92.691850 -102.972879
79.344688 -94.615040 -102.452982
79.168488 -96.538230 -101.933084
78.992288 -98.461420 -101.413187
78.816087 -100.384610 -100.893289
78.639887 -102.307800 -100.373391
78.463687 -104.230990 -99.853494
78.287486 -106.154180 -99.333596
78.111286 -108.077370 -98.813699
77.935086 -110.000560 -98.293801
77.758886 -111.923750 -97.773904
77.582685 -113.846940 -97.254006
77.406485 -115.770130 -96.734108
77.230285 -117.693320 -96.214211
77.054085 -119.616510 -95.694313
76.877884 -121.539700 -95.174416
76.701684 -123.462891 -94.654518
76.525484 -125.386081 -94.134620
76.349283 -127.309271 -93.614723
76.173083 -129.232461 -93.094825
75.996883 -131.155651 -92.574928
75.820683 -133.078841 -92.055030
75.644482 -135.002031 -91.535132
75.468282 -136.925221 -91.015235
75.292082 -138.848411 -90.495337
75.115882 -140.771601 -89.975440
74.939681 -142.694791 -89.455542
74.763481 -144.617981 -88.935644
74.587281 -146.541171 -88.415747
74.411080 -148.464361 -87.895849
74.234880 -150.387551 -87.375952
74.058680 -152.310741 -86.856054
-336.784643 101.673658 250.777335
-335.181261 101.170788 251.861903
-333.577878 100.667917 252.946471
-331.974496 100.165047 254.031039
-330.371114 99.662176 255.115606
-328.767732 99.159306 256.200174
-327.164350 98.656435 257.284742
-325.560968 98.153565 258.369310
-323.957586 97.650694 259.453878
-322.354204 97.147824 260.538445
-320.750822 96.644953 261.623013
-319.147440 96.142083 262.707581
-317.544058 95.639212 263.792149
-315.940676 95.136342 264.876717
-314.337294 94.633471 265.961284
-312.733912 94.130601 267.045852
-311.130530 93.627731 268.130420
-309.527148 93.124860 269.214988
-307.923766 92.621990 270.299556
-306.320384 92.119119 271.384123
-304.717002 91.616249 272.468691
-303.113619 91.113378 273.553259
-301.510237 90.610508 274.637827
-299.906855 90.107637 275.722394
-298.303473 89.604767 276.806962
-296.700091 89.101896 277.891530
-295.096709 88.599026 278.976098
-293.493327 88.096155 280.060666
-291.889945 87.593285 281.145233
-290.286563 87.090414 282.229801
-288.683181 86.587544 283.314369
-287.079799 86.084674 284.398937
-285.476417 85.581803 285.483505
-283.873035 85.078933 286.568072
-282.269653 84.576062 287.652640
-280.666271 84.073192 288.737208
-279.062889 83.570321 289.821776
-277.459507 83.067451 290.906344
-275.856125 82.564580 291.990911
-274.252743 82.061710 293.075479
-272.649360 81.558839 294.160047
-271.045978 81.055969 295.244615
-269.442596 80.553098 296.329183
-267.839214 80.050228 297.413750
-266.235832 79.547358 298.498318
-264.632450 79.044487 299.582886
-263.029068 78.541617 300.667454
-261.425686 78.038746 301.752021
-259.822304 77.535876 302.836589
-258.218922 77.033005 303.921157
-256.615540 76.530135 305.005725
-255.012158 76.027264 306.090293
-253.408776 75.524394 307.174860
-251.805394 75.021523 308.259428
-250.202012 74.518653 309.343996
-248.598630 74.015782 310.428564
-246.995248 73.512912 311.513132
-245.391866 73.010041 312.597699
-243.788484 72.507171 313.682267
-242.185101 72.004301 314.766835
-240.581719 71.501430 315.851403
-238.978337 70.998560 316.935971
-237.374955 70.495689 318.020538
-235.771573 69.992819 319.105106
-234.168191 69.489948 320.189674
-232.564809 68.987078 321.274242
-230.961427 68.484207 322.358809
-229.358045 67.981337 323.443377
-227.754663 67.478466 324.527945
-226.151281 66.975596 325.612513
-266.197592 -359.535492 -150.404764
-265.212949 -357.796113 -150.333789
-264.228306 -356.056733 -150.262814
-263.243663 -354.317354 -150.191839
-262.259020 -352.577975 -150.120864
-261.274377 -350.838595 -150.049890
-260.289734 -349.099216 -149.978915
-259.305091 -347.359836 -149.907940
-258.320449 -345.620457 -149.836965
-257.335806 -343.881077 -149.765990
-256.351163 -342.141698 -149.695015
-255.366520 -340.402318 -149.624040
-254.381877 -338.662939 -149.553065
-253.397234 -336.923559 -149.482090
-252.412591 -335.184180 -149.411116
-251.427948 -333.444800 -149.340141
-250.443305 -331.705421 -149.269166
-249.458662 -329.966041 -149.198191
-248.474020 -328.226662 -149.127216
-247.489377 -326.487282 -149.056241
-246.504734 -324.747903 -148.985266
-245.520091 -323.008524 -148.914291
-244.535448 -321.269144 -148.843316
-243.550805 -319.529765 -148.772342
-242.566162 -317.790385 -148.701367
-241.581519 -316.051006 -148.630392
-240.596876 -314.311626 -148.559417
-239.612233 -312.572247 -148.488442
-238.627591 -310.832867 -148.417467
-237.642948 -309.093488 -148.346492
-236.658305 -307.354108 -148.275517
-235.673662 -305.614729 -148.204542
-234.689019 -303.875349 -148.133568
-233.704376 -302.135970 -148.062593
-232.719733 -300.396590 -147.991618
-231.735090 -298.657211 -147.920643
-230.750447 -296.917832 -147.849668
-229.765805 -295.178452 -147.778693
-228.781162 -293.439073 -147.707718
-227.796519 -291.699693 -147.636743
-226.811876 -289.960314 -147.565769
-225.827233 -288.220934 -147.494794
-224.842590 -286.481555 -147.423819
-223.857947 -284.742175 -147.352844
-222.873304 -283.002796 -147.281869
-221.888661 -281.263416 -147.210894
-220.904018 -279.524037 -147.139919
-219.919376 -277.784657 -147.068944
-218.934733 -276.045278 -146.997969
-217.950090 -274.305898 -146.926995
-216.965447 -272.566519 -146.856020
-215.980804 -270.827140 -146.785045
-214.996161 -269.087760 -146.714070
-214.011518 -267.348381 -146.643095
-213.026875 -265.609001 -146.572120
-212.042232 -263.869622 -146.501145
-211.057589 -262.130242 -146.430170
-210.072947 -260.390863 -146.359195
-209.088304 -258.651483 -146.288221
-208.103661 -256.912104 -146.217246
-207.119018 -255.172724 -146.146271
-206.134375 -253.433345 -146.075296
-205.149732 -251.693965 -146.004321
-204.165089 -249.954586 -145.933346
-203.180446 -248.215206 -145.862371
-202.195803 -246.475827 -145.791396
-201.211161 -244.736448 -145.720421
-200.226518 -242.997068 -145.649447
-199.241875 -241.257689 -145.578472
-198.257232 -239.518309 -145.507497
-100.262543 362.971974 62.719098
-99.253186 361.718094 63.906103
-98.243828 360.464213 65.093108
-97.234470 359.210332 66.280113
-96.225112 357.956452 67.467117
-95.215754 356.702571 68.654122
-94.206397 355.448690 69.841127
-93.197039 354.194810 71.028131
-92.187681 352.940929 72.215136
-91.178323 351.687048 73.402141
-90.168966 350.433168 74.589145
-89.159608 349.179287 75.776150
-88.150250 347.925406 76.963155
-87.140892 346.671526 78.150160
-86.131534 345.417645 79.337164
-85.122177 344.163764 80.524169
-84.112819 342.909884 81.711174
-83.103461 341.656003 82.898178
-82.094103 340.402122 84.085183
-81.084746 339.148242 85.272188
-80.075388 337.894361 86.459193
-79.066030 336.640480 87.646197
-78.056672 335.386600 88.833202
-77.047314 334.132719 90.020207
-76.037957 332.878838 91.207211
-75.028599 331.624958 92.394216
-74.019241 330.371077 93.581221
-73.009883 329.117196 94.768225
-72.000526 327.863316 95.955230
-70.991168 326.609435 97.142235
-69.981810 325.355554 98.329240
-68.972452 324.101674 99.516244
-67.963094 322.847793 100.703249
-66.953737 321.593912 101.890254
-65.944379 320.340032 103.077258
-64.935021 319.086151 104.264263
-63.925663 317.832271 105.451268
-62.916305 316.578390 106.638273
-61.906948 315.324509 107.825277
-60.897590 314.070629 109.012282
-59.888232 312.816748 110.199287
-58.878874 311.562867 111.386291
-57.869517 310.308987 112.573296
-56.860159 309.055106 113.760301
-55.850801 307.801225 114.947305
-54.841443 306.547345 116.134310
-53.832085 305.293464 117.321315
-52.822728 304.039583 118.508320
-51.813370 302.785703 119.695324
-50.804012 301.531822 120.882329
-49.794654 300.277941 122.069334
-48.785297 299.024061 123.256338
-47.775939 297.770180 124.443343
-46.766581 296.516299 125.630348
-45.757223 295.262419 126.817352
-44.747865 294.008538 128.004357
-43.738508 292.754657 129.191362
-42.729150 291.500777 130.378367
-41.719792 290.246896 131.565371
-40.710434 288.993015 132.752376
-39.701077 287.739135 133.939381
-38.691719 286.485254 135.126385
-37.682361 285.231373 136.313390
-36.673003 283.977493 137.500395
-35.663645 282.723612 138.687400
-34.654288 281.469731 139.874404
-33.644930 280.215851 141.061409
-32.635572 278.961970 142.248414
-31.626214 277.708089 143.435418
-30.616857 276.454209 144.622423
187.653611 -159.126530 119.209808
187.421591 -160.033893 117.442647
187.189570 -160.941257 115.675486
186.957550 -161.848620 113.908325
186.725530 -162.755984 112.141164
186.493509 -163.663347 110.374003
186.261489 -164.570711 108.606842
186.029468 -165.478074 106.839681
185.797448 -166.385438 105.072521
185.565427 -167.292802 103.305360
185.333407 -168.200165 101.538199
185.101387 -169.107529 99.771038
184.869366 -170.014892 98.003877
184.637346 -170.922256 96.236716
184.405325 -171.829619 94.469555
184.173305 -172.736983 92.702394
183.941284 -173.644347 90.935233
183.709264 -174.551710 89.168072
183.477244 -175.459074 87.400911
183.245223 -176.366437 85.633750
183.013203 -177.273801 83.866589
182.781182 -178.181164 82.099428
182.549162 -179.088528 80.332267
182.317141 -179.995892 78.565106
182.085121 -180.903255 76.797945
181.853100 -181.810619 75.030784
181.621080 -182.717982 73.263623
181.389060 -183.625346 71.496462
181.157039 -184.532709 69.729301
180.925019 -185.440073 67.962140
180.692998 -186.347437 66.194979
180.460978 -187.254800 64.427818
180.228957 -188.162164 62.660657
179.996937 -189.069527 60.893496
179.764917 -189.976891 59.126335
179.532896 -190.884254 57.359174
179.300876 -191.791618 55.592014
179.068855 -192.698981 53.824853
178.836835 -193.606345 52.057692
178.604814 -194.513709 50.290531
178.372794 -195.421072 48.523370
178.140774 -196.328436 46.756209
177.908753 -197.235799 44.989048
177.676733 -198.143163 43.221887
177.444712 -199.050526 41.454726
177.212692 -199.957890 39.687565
176.980671 -200.865254 37.920404
176.748651 -201.772617 36.153243
176.516631 -202.679981 34.386082
176.284610 -203.587344 32.618921
176.052590 -204.494708 30.851760
175.820569 -205.402071 29.084599
175.588549 -206.309435 27.317438
175.356528 -207.216799 25.550277
175.124508 -208.124162 23.783116
174.892487 -209.031526 22.015955
174.660467 -209.938889 20.248794
174.428447 -210.846253 18.481633
174.196426 -211.753616 16.714472
173.964406 -212.660980 14.947311
173.732385 -213.568343 13.180150
173.500365 -214.475707 11.412989
173.268344 -215.383071 9.645828
173.036324 -216.290434 7.878667
172.804304 -217.197798 6.111506
172.572283 -218.105161 4.344346
172.340263 -219.012525 2.577185
172.108242 -219.919888 0.810024
171.876222 -220.827252 -0.957137
171.644201 -221.734616 -2.724298
216.369280 136.972322 -188.338225
214.938778 137.485895 -187.038262
213.508275 137.999468 -185.738298
212.077772 138.513040 -184.438335
210.647269 139.026613 -183.138371
209.216767 139.540186 -181.838408
207.786264 140.053759 -180.538444
206.355761 140.567332 -179.238481
204.925259 141.080905 -177.938518
203.494756 141.594477 -176.638554
202.064253 142.108050 -175.338591
200.633750 142.621623 -174.038627
199.203248 143.135196 -172.738664
197.772745 143.648769 -171.438700
196.342242 144.162341 -170.138737
194.911740 144.675914 -168.838773
193.481237 145.189487 -167.538810
192.050734 145.703060 -166.238847
190.620232 146.216633 -164.938883
189.189729 146.730206 -163.638920
187.759226 147.243778 -162.338956
186.328723 147.757351 -161.038993
184.898221 148.270924 -159.739029
183.467718 148.784497 -158.439066
182.037215 149.298070 -157.139102
180.606713 149.811643 -155.839139
179.176210 150.325215 -154.539176
177.745707 150.838788 -153.239212
176.315204 151.352361 -151.939249
174.884702 151.865934 -150.639285
173.454199 152.379507 -149.339322
172.023696 152.893080 -148.039358
170.593194 153.406652 -146.739395
169.162691 153.920225 -145.439431
167.732188 154.433798 -144.139468
166.301686 154.947371 -142.839505
164.871183 155.460944 -141.539541
163.440680 155.974517 -140.239578
162.010177 156.488089 -138.939614
160.579675 157.001662 -137.639651
159.149172 157.515235 -136.339687
157.718669 158.028808 -135.039724
156.288167 158.542381 -133.739760
154.857664 159.055954 -132.439797
153.427161 159.569526 -131.139834
151.996658 160.083099 -129.839870
150.566156 160.596672 -128.539907
149.135653 161.110245 -127.239943
147.705150 161.623818 -125.939980
146.274648 162.137391 -124.640016
144.844145 162.650963 -123.340053
143.413642 163.164536 -122.040089
141.983140 163.678109 -120.740126
140.552637 164.191682 -119.440163
139.122134 164.705255 -118.140199
137.691631 165.218828 -116.840236
136.261129 165.732400 -115.540272
134.830626 166.245973 -114.240309
133.400123 166.759546 -112.940345
131.969621 167.273119 -111.640382
130.539118 167.786692 -110.340418
129.108615 168.300265 -109.040455
127.678112 168.813837 -107.740492
126.247610 169.327410 -106.440528
124.817107 169.840983 -105.140565
123.386604 170.354556 -103.840601
121.956102 170.868129 -102.540638
120.525599 171.381701 -101.240674
119.095096 171.895274 -99.940711
117.664594 172.408847 -98.640747
1.025044 -386.083688 390.134577
-0.324524 -384.906162 389.244578
-1.674091 -383.728636 388.354578
-3.023659 -382.551110 387.464579
-4.373227 -381.373584 386.574579
-5.722795 -380.196058 385.684580
-7.072363 -379.018532 384.794580
-8.421931 -377.841006 383.904581
-9.771499 -376.663480 383.014581
-11.121067 -375.485955 382.124581
-12.470635 -374.308429 381.234582
-13.820203 -373.130903 380.344582
-15.169770 -371.953377 379.454583
-16.519338 -370.775851 378.564583
-17.868906 -369.598325 377.674584
-19.218474 -368.420799 376.784584
-20.568042 -367.243273 375.894585
-21.917610 -366.065747 375.004585
-23.267178 -364.888221 374.114585
-24.616746 -363.710695 373.224586
-25.966314 -362.533170 372.334586
-27.315882 -361.355644 371.444587
-28.665449 -360.178118 370.554587
-30.015017 -359.000592 369.664588
-31.364585 -357.823066 368.774588
-32.714153 -356.645540 367.884589
-34.063721 -355.468014 366.994589
-35.413289 -354.290488 366.104589
-36.762857 -353.112962 365.214590
-38.112425 -351.935436 364.324590
-39.461993 -350.757910 363.434591
-40.811561 -349.580384 362.544591
-42.161128 -348.402859 361.654592
-43.510696 -347.225333 360.764592
-44.860264 -346.047807 359.874593
-46.209832 -344.870281 358.984593
-47.559400 -343.692755 358.094593
-48.908968 -342.515229 357.204594
-50.258536 -341.337703 356.314594
-51.608104 -340.160177 355.424595
-52.957672 -338.982651 354.534595
-54.307240 -337.805125 353.644596
-55.656807 -336.627599 352.754596
-57.006375 -335.450074 351.864597
-58.355943 -334.272548 350.974597
-59.705511 -333.095022 350.084597
-61.055079 -331.917496 349.194598
-62.404647 -330.739970 348.304598
-63.754215 -329.562444 347.414599
-65.103783 -328.384918 346.524599
-66.453351 -327.207392 345.634600
-67.802919 -326.029866 344.744600
-69.152486 -324.852340 343.854601
-70.502054 -323.674814 342.964601
-71.851622 -322.497288 342.074601
-73.201190 -321.319763 341.184602
-74.550758 -320.142237 340.294602
-75.900326 -318.964711 339.404603
-77.249894 -317.787185 338.514603
-78.599462 -316.609659 337.624604
-79.949030 -315.432133 336.734604
-81.298598 -314.254607 335.844605
-82.648165 -313.077081 334.954605
-83.997733 -311.899555 334.064605
-85.347301 -310.722029 333.174606
-86.696869 -309.544503 332.284606
-88.046437 -308.366977 331.394607
-89.396005 -307.189452 330.504607
-90.745573 -306.011926 329.614608
-92.095141 -304.834400 328.724608
348.351128 -312.370488 145.978277
349.099430 -310.637646 145.316989
349.847733 -308.904804 144.655701
350.596035 -307.171962 143.994412
351.344337 -305.439120 143.333124
352.092639 -303.706278 142.671836
352.840942 -301.973436 142.010547
353.589244 -300.240594 141.349259
354.337546 -298.507752 140.687971
355.085848 -296.774910 140.026683
355.834151 -295.042068 139.365394
356.582453 -293.309226 138.704106
357.330755 -291.576384 138.042818
358.079057 -289.843542 137.381529
358.827360 -288.110700 136.720241
359.575662 -286.377858 136.058953
360.323964 -284.645016 135.397665
361.072266 -282.912174 134.736376
361.820569 -281.179332 134.075088
362.568871 -279.446490 133.413800
363.317173 -277.713647 132.752511
364.065475 -275.980805 132.091223
364.813778 -274.247963 131.429935
365.562080 -272.515121 130.768646
366.310382 -270.782279 130.107358
367.058684 -269.049437 129.446070
367.806987 -267.316595 128.784782
368.555289 -265.583753 128.123493
369.303591 -263.850911 127.462205
370.051893 -262.118069 126.800917
370.800196 -260.385227 126.139628
371.548498 -258.652385 125.478340
372.296800 -256.919543 124.817052
373.045102 -255.186701 124.155764
373.793404 -253.453859 123.494475
374.541707 -251.721017 122.833187
375.290009 -249.988175 122.171899
376.038311 -248.255333 121.510610
376.786613 -246.522491 120.849322
377.534916 -244.789649 120.188034
378.283218 -243.056807 119.526746
379.031520 -241.323965 118.865457
379.779822 -239.591123 118.204169
380.528125 -237.858280 117.542881
381.276427 -236.125438 116.881592
382.024729 -234.392596 116.220304
382.773031 -232.659754 115.559016
383.521334 -230.926912 114.897727
384.269636 -229.194070 114.236439
385.017938 -227.461228 113.575151
385.766240 -225.728386 112.913863
386.514543 -223.995544 112.252574
387.262845 -222.262702 111.591286
388.011147 -220.529860 110.929998
388.759449 -218.797018 110.268709
389.507752 -217.064176 109.607421
390.256054 -215.331334 108.946133
391.004356 -213.598492 108.284845
391.752658 -211.865650 107.623556
392.500961 -210.132808 106.962268
393.249263 -208.399966 106.300980
393.997565 -206.667124 105.639691
394.745867 -204.934282 104.978403
395.494170 -203.201440 104.317115
396.242472 -201.468598 103.655827
396.990774 -199.735756 102.994538
397.739076 -198.002913 102.333250
398.487379 -196.270071 101.671962
399.235681 -194.537229 101.010673
399.983983 -192.804387 100.349385
79.402099 -147.190751 300.655123
81.145543 -146.341213 300.166563
82.888986 -145.491676 299.678003
84.632430 -144.642139 299.189443
86.375873 -143.792601 298.700883
88.119317 -142.943064 298.212323
89.862760 -142.093527 297.723763
91.606204 -141.243989 297.235203
93.349647 -140.394452 296.746643
95.093091 -139.544915 296.258082
96.836534 -138.695377 295.769522
98.579978 -137.845840 295.280962
100.323421 -136.996303 294.792402
102.066865 -136.146765 294.303842
103.810309 -135.297228 293.815282
105.553752 -134.447691 293.326722
107.297196 -133.598153 292.838162
109.040639 -132.748616 292.349602
110.784083 -131.899079 291.861041
112.527526 -131.049541 291.372481
114.270970 -130.200004 290.883921
116.014413 -129.350467 290.395361
117.757857 -128.500929 289.906801
119.501300 -127.651392 289.418241
121.244744 -126.801855 288.929681
122.988187 -125.952317 288.441121
124.731631 -125.102780 287.952561
126.475074 -124.253243 287.464001
128.218518 -123.403705 286.975440
129.961962 -122.554168 286.486880
131.705405 -121.704631 285.998320
133.448849 -120.855093 285.509760
135.192292 -120.005556 285.021200
136.935736 -119.156019 284.532640
138.679179 -118.306481 284.044080
140.422623 -117.456944 283.555520
142.166066 -116.607407 283.066960
143.909510 -115.757869 282.578399
145.652953 -114.908332 282.089839
147.396397 -114.058795 281.601279
149.139840 -113.209257 281.112719
150.883284 -112.359720 280.624159
152.626727 -111.510183 280.135599
154.370171 -110.660645 279.647039
156.113614 -109.811108 279.158479
157.857058 -108.961571 278.669919
159.600502 -108.112033 278.181359
161.343945 -107.262496 277.692798
163.087389 -106.412959 277.204238
164.830832 -105.563421 276.715678
166.574276 -104.713884 276.227118
168.317719 -103.864347 275.738558
170.061163 -103.014809 275.249998
171.804606 -102.165272 274.761438
173.548050 -101.315735 274.272878
175.291493 -100.466197 273.784318
177.034937 -99.616660 273.295758
178.778380 -98.767123 272.807197
180.521824 -97.917585 272.318637
182.265267 -97.068048 271.830077
184.008711 -96.218511 271.341517
185.752155 -95.368973 270.852957
187.495598 -94.519436 270.364397
189.239042 -93.669899 269.875837
190.982485 -92.820361 269.387277
192.725929 -91.970824 268.898717
194.469372 -91.121287 268.410156
196.212816 -90.271749 267.921596
197.956259 -89.422212 267.433036
199.699703 -88.572675 266.944476
112.641898 283.814185 360.836242
111.156907 282.556526 361.297864
109.671916 281.298867 361.759486
108.186924 280.041208 362.221108
106.701933 278.783549 362.682729
105.216941 277.525890 363.144351
103.731950 276.268231 363.605973
102.246958 275.010573 364.067595
100.761967 273.752914 364.529216
99.276975 272.495255 364.990838
97.791984 271.237596 365.452460
96.306993 269.979937 365.914082
94.822001 268.722278 366.375703
93.337010 267.464620 366.837325
91.852018 266.206961 367.298947
90.367027 264.949302 367.760569
88.882035 263.691643 368.222190
87.397044 262.433984 368.683812
85.912052 261.176325 369.145434
84.427061 259.918666 369.607056
82.942070 258.661008 370.068677
81.457078 257.403349 370.530299
79.972087 256.145690 370.991921
78.487095 254.888031 371.453543
77.002104 253.630372 371.915164
75.517112 252.372713 372.376786
74.032121 251.115055 372.838408
72.547129 249.857396 373.300030
71.062138 248.599737 373.761651
69.577147 247.342078 374.223273
68.092155 246.084419 374.684895
66.607164 244.826760 375.146517
65.122172 243.569101 375.608138
63.637181 242.311443 376.069760
62.152189 241.053784 376.531382
60.667198 239.796125 376.993004
59.182206 238.538466 377.454625
57.697215 237.280807 377.916247
56.212223 236.023148 378.377869
54.727232 234.765490 378.839491
53.242241 233.507831 379.301112
51.757249 232.250172 379.762734
50.272258 230.992513 380.224356
48.787266 229.734854 380.685977
47.302275 228.477195 381.147599
45.817283 227.219537 381.609221
44.332292 225.961878 382.070843
42.847300 224.704219 382.532464
41.362309 223.446560 382.994086
39.877318 222.188901 383.455708
38.392326 220.931242 383.917330
36.907335 219.673583 384.378951
35.422343 218.415925 384.840573
33.937352 217.158266 385.302195
32.452360 215.900607 385.763817
30.967369 214.642948 386.225438
29.482377 213.385289 386.687060
27.997386 212.127630 387.148682
26.512395 210.869972 387.610304
25.027403 209.612313 388.071925
23.542412 208.354654 388.533547
22.057420 207.096995 388.995169
20.572429 205.839336 389.456791
19.087437 204.581677 389.918412
17.602446 203.324018 390.380034
16.117454 202.066360 390.841656
14.632463 200.808701 391.303278
13.147472 199.551042 391.764899
11.662480 198.293383 392.226521
10.177489 197.035724 392.688143
263.250855 28.676349 -19.101266
262.754735 27.216832 -20.375502
262.258615 25.757316 -21.649738
261.762495 24.297800 -22.923973
261.266375 22.838283 -24.198209
260.770255 21.378767 -25.472445
260.274135 19.919250 -26.746681
259.778015 18.459734 -28.020916
259.281895 17.000217 -29.295152
258.785775 15.540701 -30.569388
258.289655 14.081184 -31.843624
257.793535 12.621668 -33.117859
257.297415 11.162152 -34.392095
256.801295 9.702635 -35.666331
256.305175 8.243119 -36.940567
255.809055 6.783602 -38.214802
255.312935 5.324086 -39.489038
254.816815 3.864569 -40.763274
254.320695 2.405053 -42.037510
253.824576 0.945536 -43.311745
253.328456 -0.513980 -44.585981
252.832336 -1.973497 -45.860217
252.336216 -3.433013 -47.134453
251.840096 -4.892529 -48.408688
251.343976 -6.352046 -49.682924
250.847856 -7.811562 -50.957160
250.351736 -9.271079 -52.231396
249.855616 -10.730595 -53.505631
249.359496 -12.190112 -54.779867
248.863376 -13.649628 -56.054103
248.367256 -15.109145 -57.328339
247.871136 -16.568661 -58.602574
247.375016 -18.028177 -59.876810
246.878896 -19.487694 -61.151046
246.382776 -20.947210 -62.425282
245.886656 -22.406727 -63.699517
245.390536 -23.866243 -64.973753
244.894416 -25.325760 -66.247989
244.398296 -26.785276 -67.522225
243.902176 -28.244793 -68.796460
243.406056 -29.704309 -70.070696
242.909937 -31.163825 -71.344932
242.413817 -32.623342 -72.619168
241.917697 -34.082858 -73.893403
241.421577 -35.542375 -75.167639
240.925457 -37.001891 -76.441875
240.429337 -38.461408 -77.716110
239.933217 -39.920924 -78.990346
239.437097 -41.380441 -80.264582
238.940977 -42.839957 -81.538818
238.444857 -44.299473 -82.813053
237.948737 -45.758990 -84.087289
237.452617 -47.218506 -85.361525
236.956497 -48.678023 -86.635761
236.460377 -50.137539 -87.909996
235.964257 -51.597056 -89.184232
235.468137 -53.056572 -90.458468
234.972017 -54.516089 -91.732704
234.475897 -55.975605 -93.006939
233.979777 -57.435121 -94.281175
233.483657 -58.894638 -95.555411
232.987537 -60.354154 -96.829647
232.491418 -61.813671 -98.103882
231.995298 -63.273187 -99.378118
231.499178 -64.732704 -100.652354
231.003058 -66.192220 -101.926590
230.506938 -67.651737 -103.200825
230.010818 -69.111253 -104.475061
229.514698 -70.570769 -105.749297
229.018578 -72.030286 -107.023533
-173.464824 111.971621 295.845333
-172.461877 111.699276 294.136554
-171.458931 111.426930 292.427774
-170.455985 111.154585 290.718995
-169.453038 110.882240 289.010216
-168.450092 110.609895 287.301436
-167.447146 110.337550 285.592657
-166.444199 110.065205 283.883878
-165.441253 109.792859 282.175099
-164.438307 109.520514 280.466319
-163.435360 109.248169 278.757540
-162.432414 108.975824 277.048761
-161.429468 108.703479 275.339981
-160.426521 108.431134 273.631202
-159.423575 108.158788 271.922423
-158.420629 107.886443 270.213643
-157.417682 107.614098 268.504864
-156.414736 107.341753 266.796085
-155.411790 107.069408 265.087305
-154.408843 106.797063 263.378526
-153.405897 106.524717 261.669747
-152.402951 106.252372 259.960967
-151.400004 105.980027 258.252188
-150.397058 105.707682 256.543409
-149.394112 105.435337 254.834630
-148.391165 105.162991 253.125850
-147.388219 104.890646 251.417071
-146.385273 104.618301 249.708292
-145.382326 104.345956 247.999512
-144.379380 104.073611 246.290733
-143.376434 103.801266 244.581954
-142.373487 103.528920 242.873174
-141.370541 103.256575 241.164395
-140.367595 102.984230 239.455616
-139.364648 102.711885 237.746836
-138.361702 102.439540 236.038057
-137.358756 102.167195 234.329278
-136.355809 101.894849 232.620498
-135.352863 101.622504 230.911719
-134.349916 101.350159 229.202940
-133.346970 101.077814 227.494161
-132.344024 100.805469 225.785381
-131.341077 100.533123 224.076602
-130.338131 100.260778 222.367823
-129.335185 99.988433 220.659043
-128.332238 99.716088 218.950264
-127.329292 99.443743 217.241485
-126.326346 99.171398 215.532705
-125.323399 98.899052 213.823926
-124.320453 98.626707 212.115147
-123.317507 98.354362 210.406367
-122.314560 98.082017 208.697588
-121.311614 97.809672 206.988809
-120.308668 97.537327 205.280029
-119.305721 97.264981 203.571250
-118.302775 96.992636 201.862471
-117.299829 96.720291 200.153692
-116.296882 96.447946 198.444912
-115.293936 96.175601 196.736133
-114.290990 95.903256 195.027354
-113.288043 95.630910 193.318574
-112.285097 95.358565 191.609795
-111.282151 95.086220 189.901016
-110.279204 94.813875 188.192236
-109.276258 94.541530 186.483457
-108.273312 94.269184 184.774678
-107.270365 93.996839 183.065898
-106.267419 93.724494 181.357119
-105.264473 93.452149 179.648340
-104.261526 93.179804 177.939560
-37.994551 -243.600147 79.359362
-37.610127 -244.396810 77.565610
-37.225703 -245.193472 75.771858
-36.841279 -245.990135 73.978105
-36.456854 -246.786797 72.184353
-36.072430 -247.583460 70.390601
-35.688006 -248.380122 68.596849
-35.303581 -249.176784 66.803097
-34.919157 -249.973447 65.009345
-34.534733 -250.770109 63.215592
-34.150308 -251.566772 61.421840
-33.765884 -252.363434 59.628088
-33.381460 -253.160097 57.834336
-32.997036 -253.956759 56.040584
-32.612611 -254.753422 54.246831
-32.228187 -255.550084 52.453079
-31.843763 -256.346746 50.659327
-31.459338 -257.143409 48.865575
-31.074914 -257.940071 47.071823
-30.690490 -258.736734 45.278071
-30.306065 -259.533396 43.484318
-29.921641 -260.330059 41.690566
-29.537217 -261.126721 39.896814
-29.152793 -261.923384 38.103062
-28.768368 -262.720046 36.309310
-28.383944 -263.516708 34.515557
-27.999520 -264.313371 32.721805
-27.615095 -265.110033 30.928053
-27.230671 -265.906696 29.134301
-26.846247 -266.703358 27.340549
-26.461822 -267.500021 25.546797
-26.077398 -268.296683 23.753044
-25.692974 -269.093346 21.959292
-25.308550 -269.890008 20.165540
-24.924125 -270.686671 18.371788
-24.539701 -271.483333 16.578036
-24.155277 -272.279995 14.784283
-23.770852 -273.076658 12.990531
-23.386428 -273.873320 11.196779
-23.002004 -274.669983 9.403027
-22.617579 -275.466645 7.609275
-22.233155 -276.263308 5.815522
-21.848731 -277.059970 4.021770
-21.464307 -277.856633 2.228018
-21.079882 -278.653295 0.434266
-20.695458 -279.449957 -1.359486
-20.311034 -280.246620 -3.153238
-19.926609 -281.043282 -4.946991
-19.542185 -281.839945 -6.740743
-19.157761 -282.636607 -8.534495
-18.773336 -283.433270 -10.328247
-18.388912 -284.229932 -12.121999
-18.004488 -285.026595 -13.915752
-17.620064 -285.823257 -15.709504
-17.235639 -286.619920 -17.503256
-16.851215 -287.416582 -19.297008
-16.466791 -288.213244 -21.090760
-16.082366 -289.009907 -22.884512
-15.697942 -289.806569 -24.678265
-15.313518 -290.603232 -26.472017
-14.929093 -291.399894 -28.265769
-14.544669 -292.196557 -30.059521
-14.160245 -292.993219 -31.853273
-13.775820 -293.789882 -33.647026
-13.391396 -294.586544 -35.440778
-13.006972 -295.383206 -37.234530
-12.622548 -296.179869 -39.028282
-12.238123 -296.976531 -40.822034
-11.853699 -297.773194 -42.615786
-11.469275 -298.569856 -44.409539
160.739903 -226.537696 10.975059
159.994869 -228.393646 10.955700
159.249835 -230.249596 10.936341
158.504801 -232.105545 10.916982
157.759768 -233.961495 10.897624
157.014734 -235.817445 10.878265
156.269700 -237.673395 10.858906
155.524666 -239.529345 10.839547
154.779632 -241.385295 10.820189
154.034598 -243.241244 10.800830
153.289564 -245.097194 10.781471
152.544530 -246.953144 10.762112
151.799496 -248.809094 10.742754
151.054462 -250.665044 10.723395
150.309429 -252.520993 10.704036
149.564395 -254.376943 10.684677
148.819361 -256.232893 10.665319
148.074327 -258.088843 10.645960
147.329293 -259.944793 10.626601
146.584259 -261.800743 10.607242
145.839225 -263.656692 10.587884
145.094191 -265.512642 10.568525
144.349157 -267.368592 10.549166
143.604123 -269.224542 10.529807
142.859090 -271.080492 10.510449
142.114056 -272.936441 10.491090
141.369022 -274.792391 10.471731
140.623988 -276.648341 10.452372
139.878954 -278.504291 10.433014
139.133920 -280.360241 10.413655
138.388886 -282.216191 10.394296
137.643852 -284.072140 10.374937
136.898818 -285.928090 10.355579
136.153784 -287.784040 10.336220
135.408751 -289.639990 10.316861
134.663717 -291.495940 10.297502
133.918683 -293.351889 10.278144
133.173649 -295.207839 10.258785
132.428615 -297.063789 10.239426
131.683581 -298.919739 10.220067
130.938547 -300.775689 10.200709
130.193513 -302.631639 10.181350
129.448479 -304.487588 10.161991
128.703445 -306.343538 10.142632
127.958412 -308.199488 10.123274
127.213378 -310.055438 10.103915
126.468344 -311.911388 10.084556
125.723310 -313.767337 10.065197
124.978276 -315.623287 10.045839
124.233242 -317.479237 10.026480
123.488208 -319.335187 10.007121
122.743174 -321.191137 9.987762
121.998140 -323.047087 9.968403
121.253106 -324.903036 9.949045
120.508073 -326.758986 9.929686
119.763039 -328.614936 9.910327
119.018005 -330.470886 9.890968
118.272971 -332.326836 9.871610
117.527937 -334.182785 9.852251
116.782903 -336.038735 9.832892
116.037869 -337.894685 9.813533
115.292835 -339.750635 9.794175
114.547801 -341.606585 9.774816
113.802767 -343.462535 9.755457
113.057734 -345.318484 9.736098
112.312700 -347.174434 9.716740
111.567666 -349.030384 9.697381
110.822632 -350.886334 9.678022
110.077598 -352.742284 9.658663
109.332564 -354.598233 9.639305
-91.430658 73.464646 214.687448
-89.691017 72.685867 215.293381
-87.951377 71.907089 215.899314
-86.211736 71.128310 216.505247
-84.472096 70.349532 217.111180
-82.732455 69.570753 217.717112
-80.992814 68.791975 218.323045
-79.253174 68.013196 218.928978
-77.513533 67.234418 219.534911
-75.773893 66.455639 220.140844
-74.034252 65.676861 220.746777
-72.294612 64.898082 221.352710
-70.554971 64.119304 221.958643
-68.815330 63.340525 222.564576
-67.075690 62.561747 223.170509
-65.336049 61.782968 223.776442
-63.596409 61.004190 224.382375
-61.856768 60.225411 224.988308
-60.117128 59.446633 225.594241
-58.377487 58.667854 226.200174
-56.637846 57.889076 226.806107
-54.898206 57.110297 227.412040
-53.158565 56.331519 228.017973
-51.418925 55.552740 228.623906
-49.679284 54.773962 229.229839
-47.939644 53.995183 229.835771
-46.200003 53.216405 230.441704
-44.460362 52.437626 231.047637
-42.720722 51.658848 231.653570
-40.981081 50.880069 232.259503
-39.241441 50.101291 232.865436
-37.501800 49.322512 233.471369
-35.762160 48.543734 234.077302
-34.022519 47.764955 234.683235
-32.282878 46.986177 235.289168
-30.543238 46.207398 235.895101
-28.803597 45.428620 236.501034
-27.063957 44.649841 237.106967
-25.324316 43.871063 237.712900
-23.584676 43.092284 238.318833
-21.845035 42.313506 238.924766
-20.105394 41.534727 239.530699
-18.365754 40.755949 240.136632
-16.626113 39.977170 240.742565
-14.886473 39.198392 241.348498
-13.146832 38.419613 241.954431
-11.407192 37.640835 242.560363
-9.667551 36.862056 243.166296
-7.927910 36.083278 243.772229
-6.188270 35.304499 244.378162
-4.448629 34.525721 244.984095
-2.708989 33.746942 245.590028
-0.969348 32.968164 246.195961
0.770292 32.189385 246.801894
2.509933 31.410607 247.407827
4.249574 30.631828 248.013760
5.989214 29.853050 248.619693
7.728855 29.074271 249.225626
9.468495 28.295493 249.831559
11.208136 27.516714 250.437492
12.947776 26.737936 251.043425
14.687417 25.959157 251.649358
16.427058 25.180379 252.255291
18.166698 24.401600 252.861224
19.906339 23.622822 253.467157
21.645979 22.844043 254.073090
23.385620 22.065265 254.679022
25.125260 21.286486 255.284955
26.864901 20.507708 255.890888
28.604542 19.728929 256.496821
-197.191564 234.449054 301.830978
-197.656518 232.574117 302.349082
-198.121473 230.699181 302.867186
-198.586427 228.824245 303.385289
-199.051382 226.949309 303.903393
-199.516336 225.074373 304.421497
-199.981291 223.199436 304.939600
-200.446245 221.324500 305.457704
-200.911200 219.449564 305.975808
-201.376154 217.574628 306.493911
-201.841109 215.699691 307.012015
-202.306063 213.824755 307.530119
-202.771018 211.949819 308.048222
-203.235973 210.074883 308.566326
-203.700927 208.199947 309.084430
-204.165882 206.325010 309.602534
-204.630836 204.450074 310.120637
-205.095791 202.575138 310.638741
-205.560745 200.700202 311.156845
-206.025700 198.825265 311.674948
-206.490654 196.950329 312.193052
-206.955609 195.075393 312.711156
-207.420563 193.200457 313.229259
-207.885518 191.325521 313.747363
-208.350472 189.450584 314.265467
-208.815427 187.575648 314.783570
-209.280381 185.700712 315.301674
-209.745336 183.825776 315.819778
-210.210291 181.950839 316.337882
-210.675245 180.075903 316.855985
-211.140200 178.200967 317.374089
-211.605154 176.326031 317.892193
-212.070109 174.451095 318.410296
-212.535063 172.576158 318.928400
-213.000018 170.701222 319.446504
-213.464972 168.826286 319.964607
-213.929927 166.951350 320.482711
-214.394881 165.076413 321.000815
-214.859836 163.201477 321.518918
-215.324790 161.326541 322.037022
-215.789745 159.451605 322.555126
-216.254699 157.576668 323.073230
-216.719654 155.701732 323.591333
-217.184609 153.826796 324.109437
-217.649563 151.951860 324.627541
-218.114518 150.076924 325.145644
-218.579472 148.201987 325.663748
-219.044427 146.327051 326.181852
-219.509381 144.452115 326.699955
-219.974336 142.577179 327.218059
-220.439290 140.702242 327.736163
-220.904245 138.827306 328.254266
-221.369199 136.952370 328.772370
-221.834154 135.077434 329.290474
-222.299108 133.202498 329.808578
-222.764063 131.327561 330.326681
-223.229018 129.452625 330.844785
-223.693972 127.577689 331.362889
-224.158927 125.702753 331.880992
-224.623881 123.827816 332.399096
-225.088836 121.952880 332.917200
-225.553790 120.077944 333.435303
-226.018745 118.203008 333.953407
-226.483699 116.328072 334.471511
-226.948654 114.453135 334.989614
-227.413608 112.578199 335.507718
-227.878563 110.703263 336.025822
-228.343517 108.828327 336.543925
-228.808472 106.953390 337.062029
-229.273426 105.078454 337.580133
384.116390 -105.566861 -357.724320
382.684047 -106.651185 -356.845322
381.251705 -107.735509 -355.966325
379.819363 -108.819834 -355.087328
378.387021 -109.904158 -354.208330
376.954679 -110.988483 -353.329333
375.522337 -112.072807 -352.450335
374.089994 -113.157131 -351.571338
372.657652 -114.241456 -350.692340
371.225310 -115.325780 -349.813343
369.792968 -116.410105 -348.934345
368.360626 -117.494429 -348.055348
366.928283 -118.578753 -347.176351
365.495941 -119.663078 -346.297353
364.063599 -120.747402 -345.418356
362.631257 -121.831727 -344.539358
361.198915 -122.916051 -343.660361
359.766573 -124.000375 -342.781363
358.334230 -125.084700 -341.902366
356.901888 -126.169024 -341.023369
355.469546 -127.253349 -340.144371
354.037204 -128.337673 -339.265374
352.604862 -129.421997 -338.386376
351.172520 -130.506322 -337.507379
349.740177 -131.590646 -336.628381
348.307835 -132.674971 -335.749384
346.875493 -133.759295 -334.870386
345.443151 -134.843619 -333.991389
344.010809 -135.927944 -333.112392
342.578467 -137.012268 -332.233394
341.146124 -138.096593 -331.354397
339.713782 -139.180917 -330.475399
338.281440 -140.265241 -329.596402
336.849098 -141.349566 -328.717404
335.416756 -142.433890 -327.838407
333.984414 -143.518215 -326.959410
332.552071 -144.602539 -326.080412
331.119729 -145.686863 -325.201415
329.687387 -146.771188 -324.322417
328.255045 -147.855512 -323.443420
326.822703 -148.939837 -322.564422
325.390361 -150.024161 -321.685425
323.958018 -151.108485 -320.806427
322.525676 -152.192810 -319.927430
321.093334 -153.277134 -319.048433
319.660992 -154.361459 -318.169435
318.228650 -155.445783 -317.290438
316.796307 -156.530107 -316.411440
315.363965 -157.614432 -315.532443
313.931623 -158.698756 -314.653445
312.499281 -159.783081 -313.774448
311.066939 -160.867405 -312.895451
309.634597 -161.951729 -312.016453
308.202254 -163.036054 -311.137456
306.769912 -164.120378 -310.258458
305.337570 -165.204703 -309.379461
303.905228 -166.289027 -308.500463
302.472886 -167.373351 -307.621466
301.040544 -168.457676 -306.742468
299.608201 -169.542000 -305.863471
298.175859 -170.626325 -304.984474
296.743517 -171.710649 -304.105476
295.311175 -172.794973 -303.226479
293.878833 -173.879298 -302.347481
292.446491 -174.963622 -301.468484
291.014148 -176.047947 -300.589486
289.581806 -177.132271 -299.710489
288.149464 -178.216595 -298.831491
286.717122 -179.300920 -297.952494
285.284780 -180.385244 -297.073497
196.993726 -216.568874 -220.696429
195.578355 -215.156035 -220.721149
194.162984 -213.743196 -220.745870
192.747613 -212.330357 -220.770591
191.332243 -210.917518 -220.795311
189.916872 -209.504679 -220.820032
188.501501 -208.091840 -220.844753
187.086130 -206.679000 -220.869473
185.670760 -205.266161 -220.894194
184.255389 -203.853322 -220.918915
182.840018 -202.440483 -220.943636
181.424647 -201.027644 -220.968356
180.009276 -199.614805 -220.993077
178.593906 -198.201965 -221.017798
177.178535 -196.789126 -221.042518
175.763164 -195.376287 -221.067239
174.347793 -193.963448 -221.091960
172.932423 -192.550609 -221.116680
171.517052 -191.137770 -221.141401
170.101681 -189.724931 -221.166122
168.686310 -188.312091 -221.190843
167.270939 -186.899252 -221.215563
165.855569 -185.486413 -221.240284
164.440198 -184.073574 -221.265005
163.024827 -182.660735 -221.289725
161.609456 -181.247896 -221.314446
160.194086 -179.835057 -221.339167
158.778715 -178.422217 -221.363888
157.363344 -177.009378 -221.388608
155.947973 -175.596539 -221.413329
154.532602 -174.183700 -221.438050
153.117232 -172.770861 -221.462770
151.701861 -171.358022 -221.487491
150.286490 -169.945183 -221.512212
148.871119 -168.532343 -221.536932
147.455749 -167.119504 -221.561653
146.040378 -165.706665 -221.586374
144.625007 -164.293826 -221.611095
143.209636 -162.880987 -221.635815
141.794265 -161.468148 -221.660536
140.378895 -160.055308 -221.685257
138.963524 -158.642469 -221.709977
137.548153 -157.229630 -221.734698
136.132782 -155.816791 -221.759419
134.717412 -154.403952 -221.784139
133.302041 -152.991113 -221.808860
131.886670 -151.578274 -221.833581
130.471299 -150.165434 -221.858302
129.055929 -148.752595 -221.883022
127.640558 -147.339756 -221.907743
126.225187 -145.926917 -221.932464
124.809816 -144.514078 -221.957184
123.394445 -143.101239 -221.981905
121.979075 -141.688400 -222.006626
120.563704 -140.275560 -222.031347
119.148333 -138.862721 -222.056067
117.732962 -137.449882 -222.080788
116.317592 -136.037043 -222.105509
114.902221 -134.624204 -222.130229
113.486850 -133.211365 -222.154950
112.071479 -131.798526 -222.179671
110.656108 -130.385686 -222.204391
109.240738 -128.972847 -222.229112
107.825367 -127.560008 -222.253833
106.409996 -126.147169 -222.278554
104.994625 -124.734330 -222.303274
103.579255 -123.321491 -222.327995
102.163884 -121.908652 -222.352716
100.748513 -120.495812 -222.377436
99.333142 -119.082973 -222.402157
-308.683530 -32.875061 287.839503
-307.483252 -31.698906 286.755071
-306.282975 -30.522751 285.670639
-305.082697 -29.346596 284.586207
-303.882419 -28.170441 283.501775
-302.682142 -26.994286 282.417343
-301.481864 -25.818131 281.332911
-300.281586 -24.641976 280.248479
-299.081309 -23.465821 279.164047
-297.881031 -22.289666 278.079615
-296.680753 -21.113511 276.995183
-295.480476 -19.937356 275.910751
-294.280198 -18.761201 274.826319
-293.079920 -17.585046 273.741887
-291.879643 -16.408891 272.657455
-290.679365 -15.232736 271.573023
-289.479087 -14.056580 270.488591
-288.278810 -12.880425 269.404159
-287.078532 -11.704270 268.319727
-285.878254 -10.528115 267.235295
-284.677977 -9.351960 266.150863
-283.477699 -8.175805 265.066431
-282.277421 -6.999650 263.981999
-281.077143 -5.823495 262.897567
-279.876866 -4.647340 261.813135
-278.676588 -3.471185 260.728703
-277.476310 -2.295030 259.644271
-276.276033 -1.118875 258.559839
-275.075755 0.057280 257.475407
-273.875477 1.233435 256.390975
-272.675200 2.409590 255.306543
-271.474922 3.585745 254.222111
-270.274644 4.761900 253.137679
-269.074367 5.938055 252.053247
-267.874089 7.114211 250.968815
-266.673811 8.290366 249.884383
-265.473534 9.466521 248.799951
-264.273256 10.642676 247.715519
-263.072978 11.818831 246.631087
-261.872701 12.994986 245.546655
-260.672423 14.171141 244.462223
-259.472145 15.347296 243.377791
-258.271868 16.523451 242.293359
-257.071590 17.699606 241.208927
-255.871312 18.875761 240.124495
-254.671034 20.051916 239.040063
-253.470757 21.228071 237.955631
-252.270479 22.404226 236.871199
-251.070201 23.580381 235.786767
-249.869924 24.756536 234.702335
-248.669646 25.932691 233.617903
-247.469368 27.108847 232.533471
-246.269091 28.285002 231.449039
-245.068813 29.461157 230.364607
-243.868535 30.637312 229.280175
-242.668258 31.813467 228.195743
-241.467980 32.989622 227.111311
-240.267702 34.165777 226.026879
-239.067425 35.341932 224.942447
-237.867147 36.518087 223.858015
-236.666869 37.694242 222.773583
-235.466592 38.870397 221.689151
-234.266314 40.046552 220.604719
-233.066036 41.222707 219.520287
-231.865759 42.398862 218.435855
-230.665481 43.575017 217.351423
-229.465203 44.751172 216.266991
-228.264925 45.927327 215.182559
-227.064648 47.103482 214.098127
-225.864370 48.279638 213.013695
-31.330056 -4.803112 -328.002134
-32.823117 -3.485341 -328.187199
-34.316177 -2.167570 -328.372265
-35.809238 -0.849799 -328.557330
-37.302298 0.467972 -328.742396
-38.795359 1.785744 -328.927462
-40.288420 3.103515 -329.112527
-41.781480 4.421286 -329.297593
-43.274541 5.739057 -329.482658
-44.767601 7.056828 -329.667724
-46.260662 8.374600 -329.852790
-47.753722 9.692371 -330.037855
-49.246783 11.010142 -330.222921
-50.739843 12.327913 -330.407986
-52.232904 13.645684 -330.593052
-53.725964 14.963456 -330.778118
-55.219025 16.281227 -330.963183
-56.712086 17.598998 -331.148249
-58.205146 18.916769 -331.333314
-59.698207 20.234540 -331.518380
-61.191267 21.552312 -331.703445
-62.684328 22.870083 -331.888511
-64.177388 24.187854 -332.073577
-65.670449 25.505625 -332.258642
-67.163509 26.823396 -332.443708
-68.656570 28.141168 -332.628773
-70.149630 29.458939 -332.813839
-71.642691 30.776710 -332.998905
-73.135752 32.094481 -333.183970
-74.628812 33.412252 -333.369036
-76.121873 34.730024 -333.554101
-77.614933 36.047795 -333.739167
-79.107994 37.365566 -333.924233
-80.601054 38.683337 -334.109298
-82.094115 40.001108 -334.294364
-83.587175 41.318880 -334.479429
-85.080236 42.636651 -334.664495
-86.573296 43.954422 -334.849561
-88.066357 45.272193 -335.034626
-89.559418 46.589964 -335.219692
-91.052478 47.907736 -335.404757
-92.545539 49.225507 -335.589823
-94.038599 50.543278 -335.774889
-95.531660 51.861049 -335.959954
-97.024720 53.178820 -336.145020
-98.517781 54.496592 -336.330085
-100.010841 55.814363 -336.515151
-101.503902 57.132134 -336.700217
-102.996962 58.449905 -336.885282
-104.490023 59.767676 -337.070348
-105.983084 61.085448 -337.255413
-107.476144 62.403219 -337.440479
-108.969205 63.720990 -337.625545
-110.462265 65.038761 -337.810610
-111.955326 66.356532 -337.995676
-113.448386 67.674304 -338.180741
-114.941447 68.992075 -338.365807
-116.434507 70.309846 -338.550873
-117.927568 71.627617 -338.735938
-119.420628 72.945388 -338.921004
-120.913689 74.263160 -339.106069
-122.406750 75.580931 -339.291135
-123.899810 76.898702 -339.476201
-125.392871 78.216473 -339.661266
-126.885931 79.534244 -339.846332
-128.378992 80.852016 -340.031397
-129.872052 82.169787 -340.216463
-131.365113 83.487558 -340.401529
-132.858173 84.805329 -340.586594
-134.351234 86.123100 -340.771660
7.521197 129.393815 -363.818805
8.065416 128.753960 -362.003754
8.609636 128.114106 -360.188703
9.153856 127.474251 -358.373652
9.698076 126.834397 -356.558601
10.242296 126.194542 -354.743549
10.786516 125.554687 -352.928498
11.330736 124.914833 -351.113447
11.874955 124.274978 -349.298396
12.419175 123.635124 -347.483344
12.963395 122.995269 -345.668293
13.507615 122.355415 -343.853242
14.051835 121.715560 -342.038191
14.596055 121.075706 -340.223140
15.140274 120.435851 -338.408088
15.684494 119.795997 -336.593037
16.228714 119.156142 -334.777986
16.772934 118.516288 -332.962935
17.317154 117.876433 -331.147883
17.861374 117.236578 -329.332832
18.405594 116.596724 -327.517781
18.949813 115.956869 -325.702730
19.494033 115.317015 -323.887679
20.038253 114.677160 -322.072627
20.582473 114.037306 -320.257576
21.126693 113.397451 -318.442525
21.670913 112.757597 -316.627474
22.215132 112.117742 -314.812423
22.759352 111.477888 -312.997371
23.303572 110.838033 -311.182320
23.847792 110.198179 -309.367269
24.392012 109.558324 -307.552218
24.936232 108.918469 -305.737166
25.480452 108.278615 -303.922115
26.024671 107.638760 -302.107064
26.568891 106.998906 -300.292013
27.113111 106.359051 -298.476962
27.657331 105.719197 -296.661910
28.201551 105.079342 -294.846859
28.745771 104.439488 -293.031808
29.289991 103.799633 -291.216757
29.834210 103.159779 -289.401705
30.378430 102.519924 -287.586654
30.922650 101.880070 -285.771603
31.466870 101.240215 -283.956552
32.011090 100.600360 -282.141501
32.555310 99.960506 -280.326449
33.099529 99.320651 -278.511398
33.643749 98.680797 -276.696347
34.187969 98.040942 -274.881296
34.732189 97.401088 -273.066244
35.276409 96.761233 -271.251193
35.820629 96.121379 -269.436142
36.364849 95.481524 -267.621091
36.909068 94.841670 -265.806040
37.453288 94.201815 -263.990988
37.997508 93.561960 -262.175937
38.541728 92.922106 -260.360886
39.085948 92.282251 -258.545835
39.630168 91.642397 -256.730784
40.174387 91.002542 -254.915732
40.718607 90.362688 -253.100681
41.262827 89.722833 -251.285630
41.807047 89.082979 -249.470579
42.351267 88.443124 -247.655527
42.895487 87.803270 -245.840476
43.439707 87.163415 -244.025425
43.983926 86.523561 -242.210374
44.528146 85.883706 -240.395323
45.072366 85.243851 -238.580271
-170.765377 -76.841184 -38.873897
-172.387907 -75.684780 -39.047468
-174.010436 -74.528375 -39.221038
-175.632966 -73.371971 -39.394608
-177.255496 -72.215567 -39.568179
-178.878025 -71.059162 -39.741749
-180.500555 -69.902758 -39.915320
-182.123084 -68.746353 -40.088890
-183.745614 -67.589949 -40.262461
-185.368143 -66.433544 -40.436031
-186.990673 -65.277140 -40.609602
-188.613202 -64.120735 -40.783172
-190.235732 -62.964331 -40.956743
-191.858261 -61.807927 -41.130313
-193.480791 -60.651522 -41.303884
-195.103320 -59.495118 -41.477454
-196.725850 -58.338713 -41.651025
-198.348379 -57.182309 -41.824595
-199.970909 -56.025904 -41.998166
-201.593438 -54.869500 -42.171736
-203.215968 -53.713095 -42.345306
-204.838497 -52.556691 -42.518877
-206.461027 -51.400287 -42.692447
-208.083556 -50.243882 -42.866018
-209.706086 -49.087478 -43.039588
-211.328616 -47.931073 -43.213159
-212.951145 -46.774669 -43.386729
-214.573675 -45.618264 -43.560300
-216.196204 -44.461860 -43.733870
-217.818734 -43.305456 -43.907441
-219.441263 -42.149051 -44.081011
-221.063793 -40.992647 -44.254582
-222.686322 -39.836242 -44.428152
-224.308852 -38.679838 -44.601723
-225.931381 -37.523433 -44.775293
-227.553911 -36.367029 -44.948863
-229.176440 -35.210624 -45.122434
-230.798970 -34.054220 -45.296004
-232.421499 -32.897816 -45.469575
-234.044029 -31.741411 -45.643145
-235.666558 -30.585007 -45.816716
-237.289088 -29.428602 -45.990286
-238.911617 -28.272198 -46.163857
-240.534147 -27.115793 -46.337427
-242.156677 -25.959389 -46.510998
-243.779206 -24.802984 -46.684568
-245.401736 -23.646580 -46.858139
-247.024265 -22.490176 -47.031709
-248.646795 -21.333771 -47.205280
-250.269324 -20.177367 -47.378850
-251.891854 -19.020962 -47.552421
-253.514383 -17.864558 -47.725991
-255.136913 -16.708153 -47.899561
-256.759442 -15.551749 -48.073132
-258.381972 -14.395344 -48.246702
-260.004501 -13.238940 -48.420273
-261.627031 -12.082536 -48.593843
-263.249560 -10.926131 -48.767414
-264.872090 -9.769727 -48.940984
-266.494619 -8.613322 -49.114555
-268.117149 -7.456918 -49.288125
-269.739678 -6.300513 -49.461696
-271.362208 -5.144109 -49.635266
-272.984738 -3.987705 -49.808837
-274.607267 -2.831300 -49.982407
-276.229797 -1.674896 -50.155978
-277.852326 -0.518491 -50.329548
-279.474856 0.637913 -50.503119
-281.097385 1.794318 -50.676689
-282.719915 2.950722 -50.850259
-257.906485 227.436375 17.763014
-256.997189 225.657260 17.852062
-256.087894 223.878144 17.941109
-255.178598 222.099029 18.030157
-254.269302 220.319914 18.119205
-253.360006 218.540798 18.208252
-252.450710 216.761683 18.297300
-251.541414 214.982568 18.386348
-250.632118 213.203452 18.475395
-249.722822 211.424337 18.564443
-248.813526 209.645222 18.653491
-247.904230 207.866106 18.742538
-246.994934 206.086991 18.831586
-246.085638 204.307876 18.920634
-245.176342 202.528760 19.009681
-244.267046 200.749645 19.098729
-243.357750 198.970530 19.187777
-242.448454 197.191414 19.276824
-241.539158 195.412299 19.365872
-240.629862 193.633184 19.454920
-239.720566 191.854068 19.543967
-238.811270 190.074953 19.633015
-237.901974 188.295838 19.722063
-236.992678 186.516722 19.811110
-236.083383 184.737607 19.900158
-235.174087 182.958492 19.989206
-234.264791 181.179376 20.078253
-233.355495 179.400261 20.167301
-232.446199 177.621146 20.256349
-231.536903 175.842030 20.345396
-230.627607 174.062915 20.434444
-229.718311 172.283800 20.523492
-228.809015 170.504684 20.612539
-227.899719 168.725569 20.701587
-226.990423 166.946454 20.790635
-226.081127 165.167338 20.879682
-225.171831 163.388223 20.968730
-224.262535 161.609108 21.057778
-223.353239 159.829992 21.146825
-222.443943 158.050877 21.235873
-221.534647 156.271762 21.324921
-220.625351 154.492646 21.413968
-219.716055 152.713531 21.503016
-218.806759 150.934416 21.592064
-217.897463 149.155300 21.681111
-216.988168 147.376185 21.770159
-216.078872 145.597070 21.859207
-215.169576 143.817954 21.948254
-214.260280 142.038839 22.037302
-213.350984 140.259724 22.126350
-212.441688 138.480608 22.215397
-211.532392 136.701493 22.304445
-210.623096 134.922378 22.393493
-209.713800 133.143262 22.482540
-208.804504 131.364147 22.571588
-207.895208 129.585031 22.660636
-206.985912 127.805916 22.749683
-206.076616 126.026801 22.838731
-205.167320 124.247685 22.927779
-204.258024 122.468570 23.016826
-203.348728 120.689455 23.105874
-202.439432 118.910339 23.194922
-201.530136 117.131224 23.283969
-200.620840 115.352109 23.373017
-199.711544 113.572993 23.462065
-198.802248 111.793878 23.551112
-197.892953 110.014763 23.640160
-196.983657 108.235647 23.729208
-196.074361 106.456532 23.818255
-195.165065 104.677417 23.907303
-223.789734 275.787124 -135.651784
-224.613700 275.777198 -133.829428
-225.437666 275.767272 -132.007072
-226.261632 275.757346 -130.184716
-227.085598 275.747420 -128.362360
-227.909564 275.737494 -126.540004
-228.733530 275.727568 -124.717648
-229.557496 275.717642 -122.895292
-230.381462 275.707716 -121.072936
-231.205428 275.697790 -119.250580
-232.029394 275.687864 -117.428224
-232.853360 275.677938 -115.605868
-233.677326 275.668012 -113.783512
-234.501292 275.658086 -111.961156
-235.325258 275.648160 -110.138800
-236.149224 275.638234 -108.316444
-236.973190 275.628308 -106.494088
-237.797156 275.618382 -104.671731
-238.621122 275.608456 -102.849375
-239.445088 275.598530 -101.027019
-240.269054 275.588604 -99.204663
-241.093020 275.578678 -97.382307
-241.916986 275.568752 -95.559951
-242.740952 275.558826 -93.737595
-243.564918 275.548900 -91.915239
-244.388884 275.538974 -90.092883
-245.212850 275.529048 -88.270527
-246.036816 275.519122 -86.448171
-246.860782 275.509196 -84.625815
-247.684748 275.499270 -82.803459
-248.508714 275.489344 -80.981103
-249.332680 275.479418 -79.158747
-250.156646 275.469492 -77.336391
-250.980612 275.459566 -75.514035
-251.804578 275.449640 -73.691679
-252.628544 275.439714 -71.869323
-253.452510 275.429788 -70.046967
-254.276476 275.419863 -68.224611
-255.100442 275.409937 -66.402255
-255.924408 275.400011 -64.579899
-256.748374 275.390085 -62.757543
-257.572340 275.380159 -60.935187
-258.396306 275.370233 -59.112831
-259.220272 275.360307 -57.290475
-260.044238 275.350381 -55.468118
-260.868204 275.340455 -53.645762
-261.692170 275.330529 -51.823406
-262.516136 275.320603 -50.001050
-263.340102 275.310677 -48.178694
-264.164068 275.300751 -46.356338
-264.988034 275.290825 -44.533982
-265.812000 275.280899 -42.711626
-266.635966 275.270973 -40.889270
-267.459932 275.261047 -39.066914
-268.283898 275.251121 -37.244558
-269.107864 275.241195 -35.422202
-269.931830 275.231269 -33.599846
-270.755796 275.221343 -31.777490
-271.579762 275.211417 -29.955134
-272.403728 275.201491 -28.132778
-273.227694 275.191565 -26.310422
-274.051660 275.181639 -24.488066
-274.875626 275.171713 -22.665710
-275.699592 275.161787 -20.843354
-276.523558 275.151861 -19.020998
-277.347524 275.141935 -17.198642
-278.171490 275.132009 -15.376286
-278.995456 275.122083 -13.553930
-279.819422 275.112157 -11.731574
-280.643388 275.102231 -9.909218
