197.632429 -356.520202 -144.005583
199.056206 -355.123503 -143.856964
200.479984 -353.726803 -143.708346
201.903762 -352.330103 -143.559727
203.327539 -350.933404 -143.411109
204.751317 -349.536704 -143.262490
206.175094 -348.140004 -143.113872
207.598872 -346.743305 -142.965253
209.022650 -345.346605 -142.816635
210.446427 -343.949905 -142.668016
211.870205 -342.553206 -142.519397
213.293982 -341.156506 -142.370779
214.717760 -339.759806 -142.222160
216.141538 -338.363107 -142.073542
217.565315 -336.966407 -141.924923
218.989093 -335.569707 -141.776305
220.412870 -334.173008 -141.627686
221.836648 -332.776308 -141.479068
223.260425 -331.379608 -141.330449
224.684203 -329.982909 -141.181831
226.107981 -328.586209 -141.033212
227.531758 -327.189509 -140.884593
228.955536 -325.792810 -140.735975
230.379313 -324.396110 -140.587356
231.803091 -322.999411 -140.438738
233.226869 -321.602711 -140.290119
234.650646 -320.206011 -140.141501
236.074424 -318.809312 -139.992882
237.498201 -317.412612 -139.844264
238.921979 -316.015912 -139.695645
240.345756 -314.619213 -139.547027
241.769534 -313.222513 -139.398408
243.193312 -311.825813 -139.249789
244.617089 -310.429114 -139.101171
246.040867 -309.032414 -138.952552
247.464644 -307.635714 -138.803934
248.888422 -306.239015 -138.655315
250.312200 -304.842315 -138.506697
251.735977 -303.445615 -138.358078
253.159755 -302.048916 -138.209460
254.583532 -300.652216 -138.060841
256.007310 -299.255516 -137.912222
257.431087 -297.858817 -137.763604
258.854865 -296.462117 -137.614985
260.278643 -295.065418 -137.466367
261.702420 -293.668718 -137.317748
263.126198 -292.272018 -137.169130
264.549975 -290.875319 -137.020511
265.973753 -289.478619 -136.871893
267.397531 -288.081919 -136.723274
268.821308 -286.685220 -136.574656
270.245086 -285.288520 -136.426037
271.668863 -283.891820 -136.277418
273.092641 -282.495121 -136.128800
274.516419 -281.098421 -135.980181
275.940196 -279.701721 -135.831563
277.363974 -278.305022 -135.682944
278.787751 -276.908322 -135.534326
280.211529 -275.511622 -135.385707
281.635306 -274.114923 -135.237089
283.059084 -272.718223 -135.088470
284.482862 -271.321523 -134.939851
285.906639 -269.924824 -134.791233
287.330417 -268.528124 -134.642614
288.754194 -267.131425 -134.493996
290.177972 -265.734725 -134.345377
291.601750 -264.338025 -134.196759
293.025527 -262.941326 -134.048140
294.449305 -261.544626 -133.899522
295.873082 -260.147926 -133.750903
102.023789 -152.586781 79.110516
100.376435 -151.452799 79.128081
98.729081 -150.318816 79.145645
97.081727 -149.184834 79.163209
95.434373 -148.050851 79.180773
93.787019 -146.916869 79.198338
92.139665 -145.782886 79.215902
90.492311 -144.648904 79.233466
88.844957 -143.514922 79.251030
87.197603 -142.380939 79.268595
85.550249 -141.246957 79.286159
83.902895 -140.112974 79.303723
82.255541 -138.978992 79.321287
80.608187 -137.845009 79.338852
78.960833 -136.711027 79.356416
77.313479 -135.577044 79.373980
75.666125 -134.443062 79.391544
74.018771 -133.309080 79.409109
72.371417 -132.175097 79.426673
70.724063 -131.041115 79.444237
69.076709 -129.907132 79.461801
67.429354 -128.773150 79.479366
65.782000 -127.639167 79.496930
64.134646 -126.505185 79.514494
62.487292 -125.371202 79.532058
60.839938 -124.237220 79.549623
59.192584 -123.103238 79.567187
57.545230 -121.969255 79.584751
55.897876 -120.835273 79.602315
54.250522 -119.701290 79.619879
52.603168 -118.567308 79.637444
50.955814 -117.433325 79.655008
49.308460 -116.299343 79.672572
47.661106 -115.165360 79.690136
46.013752 -114.031378 79.707701
44.366398 -112.897396 79.725265
42.719044 -111.763413 79.742829
41.071690 -110.629431 79.760393
39.424336 -109.495448 79.777958
37.776982 -108.361466 79.795522
36.129628 -107.227483 79.813086
34.482274 -106.093501 79.830650
32.834920 -104.959519 79.848215
31.187566 -103.825536 79.865779
29.540212 -102.691554 79.883343
27.892858 -101.557571 79.900907
26.245504 -100.423589 79.918472
24.598150 -99.289606 79.936036
22.950796 -98.155624 79.953600
21.303441 -97.021641 79.971164
19.656087 -95.887659 79.988729
18.008733 -94.753677 80.006293
16.361379 -93.619694 80.023857
14.714025 -92.485712 80.041421
13.066671 -91.351729 80.058986
11.419317 -90.217747 80.076550
9.771963 -89.083764 80.094114
8.124609 -87.949782 80.111678
6.477255 -86.815799 80.129243
4.829901 -85.681817 80.146807
3.182547 -84.547835 80.164371
1.535193 -83.413852 80.181935
-0.112161 -82.279870 80.199500
-1.759515 -81.145887 80.217064
-3.406869 -80.011905 80.234628
-5.054223 -78.877922 80.252192
-6.701577 -77.743940 80.269756
-8.348931 -76.609957 80.287321
-9.996285 -75.475975 80.304885
-11.643639 -74.341993 80.322449
22.910767 206.465958 63.167080
21.968384 207.383869 61.660643
21.026001 208.301780 60.154206
20.083618 209.219692 58.647768
19.141235 210.137603 57.141331
18.198852 211.055514 55.634894
17.256470 211.973425 54.128456
16.314087 212.891336 52.622019
15.371704 213.809248 51.115581
14.429321 214.727159 49.609144
13.486938 215.645070 48.102707
12.544555 216.562981 46.596269
11.602172 217.480892 45.089832
10.659789 218.398804 43.583395
9.717406 219.316715 42.076957
8.775023 220.234626 40.570520
7.832641 221.152537 39.064083
6.890258 222.070449 37.557645
5.947875 222.988360 36.051208
5.005492 223.906271 34.544771
4.063109 224.824182 33.038333
3.120726 225.742093 31.531896
2.178343 226.660005 30.025459
1.235960 227.577916 28.519021
0.293577 228.495827 27.012584
-0.648805 229.413738 25.506147
-1.591188 230.331649 23.999709
-2.533571 231.249561 22.493272
-3.475954 232.167472 20.986834
-4.418337 233.085383 19.480397
-5.360720 234.003294 17.973960
-6.303103 234.921206 16.467522
-7.245486 235.839117 14.961085
-8.187869 236.757028 13.454648
-9.130251 237.674939 11.948210
-10.072634 238.592850 10.441773
-11.015017 239.510762 8.935336
-11.957400 240.428673 7.428898
-12.899783 241.346584 5.922461
-13.842166 242.264495 4.416024
-14.784549 243.182406 2.909586
-15.726932 244.100318 1.403149
-16.669315 245.018229 -0.103288
-17.611697 245.936140 -1.609726
-18.554080 246.854051 -3.116163
-19.496463 247.771963 -4.622600
-20.438846 248.689874 -6.129038
-21.381229 249.607785 -7.635475
-22.323612 250.525696 -9.141913
-23.265995 251.443607 -10.648350
-24.208378 252.361519 -12.154787
-25.150761 253.279430 -13.661225
-26.093143 254.197341 -15.167662
-27.035526 255.115252 -16.674099
-27.977909 256.033163 -18.180537
-28.920292 256.951075 -19.686974
-29.862675 257.868986 -21.193411
-30.805058 258.786897 -22.699849
-31.747441 259.704808 -24.206286
-32.689824 260.622720 -25.712723
-33.632207 261.540631 -27.219161
-34.574589 262.458542 -28.725598
-35.516972 263.376453 -30.232035
-36.459355 264.294364 -31.738473
-37.401738 265.212276 -33.244910
-38.344121 266.130187 -34.751348
-39.286504 267.048098 -36.257785
-40.228887 267.966009 -37.764222
-41.171270 268.883920 -39.270660
-42.113653 269.801832 -40.777097
313.939227 -261.250374 -214.700982
311.972172 -260.902926 -214.800854
310.005117 -260.555478 -214.900726
308.038062 -260.208030 -215.000598
306.071007 -259.860582 -215.100469
304.103952 -259.513134 -215.200341
302.136897 -259.165686 -215.300213
300.169842 -258.818238 -215.400085
298.202787 -258.470790 -215.499956
296.235731 -258.123343 -215.599828
294.268676 -257.775895 -215.699700
292.301621 -257.428447 -215.799571
290.334566 -257.080999 -215.899443
288.367511 -256.733551 -215.999315
286.400456 -256.386103 -216.099187
284.433401 -256.038655 -216.199058
282.466346 -255.691207 -216.298930
280.499291 -255.343759 -216.398802
278.532236 -254.996312 -216.498674
276.565181 -254.648864 -216.598545
274.598126 -254.301416 -216.698417
272.631071 -253.953968 -216.798289
270.664016 -253.606520 -216.898160
268.696961 -253.259072 -216.998032
266.729906 -252.911624 -217.097904
264.762851 -252.564176 -217.197776
262.795795 -252.216728 -217.297647
260.828740 -251.869281 -217.397519
258.861685 -251.521833 -217.497391
256.894630 -251.174385 -217.597263
254.927575 -250.826937 -217.697134
252.960520 -250.479489 -217.797006
250.993465 -250.132041 -217.896878
249.026410 -249.784593 -217.996749
247.059355 -249.437145 -218.096621
245.092300 -249.089697 -218.196493
243.125245 -248.742250 -218.296365
241.158190 -248.394802 -218.396236
239.191135 -248.047354 -218.496108
237.224080 -247.699906 -218.595980
235.257025 -247.352458 -218.695852
233.289970 -247.005010 -218.795723
231.322915 -246.657562 -218.895595
229.355859 -246.310114 -218.995467
227.388804 -245.962666 -219.095338
225.421749 -245.615219 -219.195210
223.454694 -245.267771 -219.295082
221.487639 -244.920323 -219.394954
219.520584 -244.572875 -219.494825
217.553529 -244.225427 -219.594697
215.586474 -243.877979 -219.694569
213.619419 -243.530531 -219.794441
211.652364 -243.183083 -219.894312
209.685309 -242.835635 -219.994184
207.718254 -242.488188 -220.094056
205.751199 -242.140740 -220.193927
203.784144 -241.793292 -220.293799
201.817089 -241.445844 -220.393671
199.850034 -241.098396 -220.493543
197.882979 -240.750948 -220.593414
195.915923 -240.403500 -220.693286
193.948868 -240.056052 -220.793158
191.981813 -239.708604 -220.893030
190.014758 -239.361157 -220.992901
188.047703 -239.013709 -221.092773
186.080648 -238.666261 -221.192645
184.113593 -238.318813 -221.292516
182.146538 -237.971365 -221.392388
180.179483 -237.623917 -221.492260
178.212428 -237.276469 -221.592132
110.466159 32.131245 355.309641
108.941744 32.857496 354.237859
107.417330 33.583748 353.166076
105.892915 34.310000 352.094294
104.368500 35.036252 351.022511
102.844085 35.762504 349.950729
101.319670 36.488756 348.878946
99.795256 37.215008 347.807164
98.270841 37.941260 346.735382
96.746426 38.667512 345.663599
95.222011 39.393764 344.591817
93.697596 40.120016 343.520034
92.173181 40.846268 342.448252
90.648767 41.572520 341.376469
89.124352 42.298772 340.304687
87.599937 43.025024 339.232904
86.075522 43.751276 338.161122
84.551107 44.477528 337.089340
83.026693 45.203780 336.017557
81.502278 45.930032 334.945775
79.977863 46.656284 333.873992
78.453448 47.382536 332.802210
76.929033 48.108788 331.730427
75.404619 48.835040 330.658645
73.880204 49.561291 329.586863
72.355789 50.287543 328.515080
70.831374 51.013795 327.443298
69.306959 51.740047 326.371515
67.782545 52.466299 325.299733
66.258130 53.192551 324.227950
64.733715 53.918803 323.156168
63.209300 54.645055 322.084386
61.684885 55.371307 321.012603
60.160471 56.097559 319.940821
58.636056 56.823811 318.869038
57.111641 57.550063 317.797256
55.587226 58.276315 316.725473
54.062811 59.002567 315.653691
52.538396 59.728819 314.581908
51.013982 60.455071 313.510126
49.489567 61.181323 312.438344
47.965152 61.907575 311.366561
46.440737 62.633827 310.294779
44.916322 63.360079 309.222996
43.391908 64.086331 308.151214
41.867493 64.812583 307.079431
40.343078 65.538835 306.007649
38.818663 66.265086 304.935867
37.294248 66.991338 303.864084
35.769834 67.717590 302.792302
34.245419 68.443842 301.720519
32.721004 69.170094 300.648737
31.196589 69.896346 299.576954
29.672174 70.622598 298.505172
28.147760 71.348850 297.433390
26.623345 72.075102 296.361607
25.098930 72.801354 295.289825
23.574515 73.527606 294.218042
22.050100 74.253858 293.146260
20.525685 74.980110 292.074477
19.001271 75.706362 291.002695
17.476856 76.432614 289.930912
15.952441 77.158866 288.859130
14.428026 77.885118 287.787348
12.903611 78.611370 286.715565
11.379197 79.337622 285.643783
9.854782 80.063874 284.572000
8.330367 80.790126 283.500218
6.805952 81.516378 282.428435
5.281537 82.242630 281.356653
-298.174468 173.612626 118.399815
-297.567159 174.878015 116.975045
-296.959851 176.143403 115.550276
-296.352542 177.408792 114.125506
-295.745234 178.674180 112.700736
-295.137926 179.939568 111.275967
-294.530617 181.204957 109.851197
-293.923309 182.470345 108.426427
-293.316000 183.735734 107.001657
-292.708692 185.001122 105.576888
-292.101384 186.266510 104.152118
-291.494075 187.531899 102.727348
-290.886767 188.797287 101.302579
-290.279458 190.062676 99.877809
-289.672150 191.328064 98.453039
-289.064842 192.593452 97.028270
-288.457533 193.858841 95.603500
-287.850225 195.124229 94.178730
-287.242916 196.389618 92.753960
-286.635608 197.655006 91.329191
-286.028300 198.920394 89.904421
-285.420991 200.185783 88.479651
-284.813683 201.451171 87.054882
-284.206374 202.716560 85.630112
-283.599066 203.981948 84.205342
-282.991758 205.247336 82.780573
-282.384449 206.512725 81.355803
-281.777141 207.778113 79.931033
-281.169832 209.043502 78.506263
-280.562524 210.308890 77.081494
-279.955215 211.574278 75.656724
-279.347907 212.839667 74.231954
-278.740599 214.105055 72.807185
-278.133290 215.370444 71.382415
-277.525982 216.635832 69.957645
-276.918673 217.901220 68.532876
-276.311365 219.166609 67.108106
-275.704057 220.431997 65.683336
-275.096748 221.697386 64.258566
-274.489440 222.962774 62.833797
-273.882131 224.228162 61.409027
-273.274823 225.493551 59.984257
-272.667515 226.758939 58.559488
-272.060206 228.024328 57.134718
-271.452898 229.289716 55.709948
-270.845589 230.555104 54.285179
-270.238281 231.820493 52.860409
-269.630973 233.085881 51.435639
-269.023664 234.351270 50.010869
-268.416356 235.616658 48.586100
-267.809047 236.882046 47.161330
-267.201739 238.147435 45.736560
-266.594430 239.412823 44.311791
-265.987122 240.678212 42.887021
-265.379814 241.943600 41.462251
-264.772505 243.208988 40.037482
-264.165197 244.474377 38.612712
-263.557888 245.739765 37.187942
-262.950580 247.005154 35.763173
-262.343272 248.270542 34.338403
-261.735963 249.535930 32.913633
-261.128655 250.801319 31.488863
-260.521346 252.066707 30.064094
-259.914038 253.332096 28.639324
-259.306730 254.597484 27.214554
-258.699421 255.862872 25.789785
-258.092113 257.128261 24.365015
-257.484804 258.393649 22.940245
-256.877496 259.659038 21.515476
-256.270188 260.924426 20.090706
210.163587 -5.255269 -68.686571
211.526822 -4.427596 -69.893447
212.890056 -3.599923 -71.100323
214.253290 -2.772250 -72.307199
215.616524 -1.944577 -73.514075
216.979759 -1.116904 -74.720951
218.342993 -0.289231 -75.927827
219.706227 0.538442 -77.134703
221.069461 1.366115 -78.341579
222.432696 2.193788 -79.548455
223.795930 3.021461 -80.755331
225.159164 3.849134 -81.962207
226.522398 4.676807 -83.169083
227.885633 5.504480 -84.375959
229.248867 6.332153 -85.582835
230.612101 7.159826 -86.789711
231.975335 7.987500 -87.996587
233.338570 8.815173 -89.203463
234.701804 9.642846 -90.410339
236.065038 10.470519 -91.617215
237.428272 11.298192 -92.824091
238.791507 12.125865 -94.030967
240.154741 12.953538 -95.237843
241.517975 13.781211 -96.444719
242.881209 14.608884 -97.651595
244.244444 15.436557 -98.858471
245.607678 16.264230 -100.065347
246.970912 17.091903 -101.272223
248.334146 17.919576 -102.479099
249.697381 18.747249 -103.685975
251.060615 19.574922 -104.892851
252.423849 20.402595 -106.099727
253.787083 21.230269 -107.306603
255.150318 22.057942 -108.513479
256.513552 22.885615 -109.720355
257.876786 23.713288 -110.927231
259.240020 24.540961 -112.134107
260.603255 25.368634 -113.340983
261.966489 26.196307 -114.547859
263.329723 27.023980 -115.754735
264.692957 27.851653 -116.961611
266.056192 28.679326 -118.168487
267.419426 29.506999 -119.375363
268.782660 30.334672 -120.582239
270.145895 31.162345 -121.789115
271.509129 31.990018 -122.995991
272.872363 32.817691 -124.202867
274.235597 33.645365 -125.409743
275.598832 34.473038 -126.616619
276.962066 35.300711 -127.823495
278.325300 36.128384 -129.030371
279.688534 36.956057 -130.237247
281.051769 37.783730 -131.444123
282.415003 38.611403 -132.650999
283.778237 39.439076 -133.857875
285.141471 40.266749 -135.064751
286.504706 41.094422 -136.271627
287.867940 41.922095 -137.478503
289.231174 42.749768 -138.685379
290.594408 43.577441 -139.892255
291.957643 44.405114 -141.099131
293.320877 45.232787 -142.306007
294.684111 46.060460 -143.512883
296.047345 46.888134 -144.719759
297.410580 47.715807 -145.926635
298.773814 48.543480 -147.133511
300.137048 49.371153 -148.340387
301.500282 50.198826 -149.547263
302.863517 51.026499 -150.754139
304.226751 51.854172 -151.961015
-114.369754 142.685538 206.750740
-113.750105 142.388856 204.872439
-113.130457 142.092173 202.994138
-112.510809 141.795491 201.115837
-111.891160 141.498808 199.237536
-111.271512 141.202126 197.359234
-110.651863 140.905443 195.480933
-110.032215 140.608760 193.602632
-109.412567 140.312078 191.724331
-108.792918 140.015395 189.846030
-108.173270 139.718713 187.967729
-107.553621 139.422030 186.089427
-106.933973 139.125348 184.211126
-106.314325 138.828665 182.332825
-105.694676 138.531983 180.454524
-105.075028 138.235300 178.576223
-104.455380 137.938618 176.697921
-103.835731 137.641935 174.819620
-103.216083 137.345253 172.941319
-102.596434 137.048570 171.063018
-101.976786 136.751888 169.184717
-101.357138 136.455205 167.306415
-100.737489 136.158523 165.428114
-100.117841 135.861840 163.549813
-99.498192 135.565158 161.671512
-98.878544 135.268475 159.793211
-98.258896 134.971793 157.914909
-97.639247 134.675110 156.036608
-97.019599 134.378428 154.158307
-96.399951 134.081745 152.280006
-95.780302 133.785063 150.401705
-95.160654 133.488380 148.523404
-94.541005 133.191698 146.645102
-93.921357 132.895015 144.766801
-93.301709 132.598332 142.888500
-92.682060 132.301650 141.010199
-92.062412 132.004967 139.131898
-91.442763 131.708285 137.253596
-90.823115 131.411602 135.375295
-90.203467 131.114920 133.496994
-89.583818 130.818237 131.618693
-88.964170 130.521555 129.740392
-88.344521 130.224872 127.862090
-87.724873 129.928190 125.983789
-87.105225 129.631507 124.105488
-86.485576 129.334825 122.227187
-85.865928 129.038142 120.348886
-85.246280 128.741460 118.470584
-84.626631 128.444777 116.592283
-84.006983 128.148095 114.713982
-83.387334 127.851412 112.835681
-82.767686 127.554730 110.957380
-82.148038 127.258047 109.079079
-81.528389 126.961365 107.200777
-80.908741 126.664682 105.322476
-80.289092 126.368000 103.444175
-79.669444 126.071317 101.565874
-79.049796 125.774635 99.687573
-78.430147 125.477952 97.809271
-77.810499 125.181270 95.930970
-77.190851 124.884587 94.052669
-76.571202 124.587904 92.174368
-75.951554 124.291222 90.296067
-75.331905 123.994539 88.417765
-74.712257 123.697857 86.539464
-74.092609 123.401174 84.661163
-73.472960 123.104492 82.782862
-72.853312 122.807809 80.904561
-72.233663 122.511127 79.026259
-71.614015 122.214444 77.147958
-283.217266 191.827826 127.150062
-282.065990 190.279574 126.623299
-280.914714 188.731322 126.096537
-279.763438 187.183070 125.569774
-278.612162 185.634817 125.043011
-277.460886 184.086565 124.516249
-276.309610 182.538313 123.989486
-275.158334 180.990061 123.462723
-274.007057 179.441809 122.935961
-272.855781 177.893557 122.409198
-271.704505 176.345305 121.882435
-270.553229 174.797053 121.355673
-269.401953 173.248801 120.828910
-268.250677 171.700549 120.302147
-267.099401 170.152297 119.775385
-265.948125 168.604045 119.248622
-264.796849 167.055793 118.721859
-263.645572 165.507541 118.195097
-262.494296 163.959289 117.668334
-261.343020 162.411037 117.141571
-260.191744 160.862785 116.614809
-259.040468 159.314533 116.088046
-257.889192 157.766281 115.561283
-256.737916 156.218028 115.034521
-255.586640 154.669776 114.507758
-254.435364 153.121524 113.980995
-253.284087 151.573272 113.454233
-252.132811 150.025020 112.927470
-250.981535 148.476768 112.400707
-249.830259 146.928516 111.873945
-248.678983 145.380264 111.347182
-247.527707 143.832012 110.820419
-246.376431 142.283760 110.293657
-245.225155 140.735508 109.766894
-244.073879 139.187256 109.240131
-242.922602 137.639004 108.713369
-241.771326 136.090752 108.186606
-240.620050 134.542500 107.659843
-239.468774 132.994248 107.133080
-238.317498 131.445996 106.606318
-237.166222 129.897744 106.079555
-236.014946 128.349492 105.552792
-234.863670 126.801240 105.026030
-233.712394 125.252987 104.499267
-232.561118 123.704735 103.972504
-231.409841 122.156483 103.445742
-230.258565 120.608231 102.918979
-229.107289 119.059979 102.392216
-227.956013 117.511727 101.865454
-226.804737 115.963475 101.338691
-225.653461 114.415223 100.811928
-224.502185 112.866971 100.285166
-223.350909 111.318719 99.758403
-222.199633 109.770467 99.231640
-221.048356 108.222215 98.704878
-219.897080 106.673963 98.178115
-218.745804 105.125711 97.651352
-217.594528 103.577459 97.124590
-216.443252 102.029207 96.597827
-215.291976 100.480955 96.071064
-214.140700 98.932703 95.544302
-212.989424 97.384451 95.017539
-211.838148 95.836198 94.490776
-210.686871 94.287946 93.964014
-209.535595 92.739694 93.437251
-208.384319 91.191442 92.910488
-207.233043 89.643190 92.383726
-206.081767 88.094938 91.856963
-204.930491 86.546686 91.330200
-203.779215 84.998434 90.803438
186.934129 221.953172 197.445143
187.417178 223.864099 197.105996
187.900228 225.775027 196.766850
188.383277 227.685954 196.427704
188.866327 229.596881 196.088558
189.349376 231.507808 195.749412
189.832426 233.418736 195.410265
190.315475 235.329663 195.071119
190.798525 237.240590 194.731973
191.281574 239.151517 194.392827
191.764624 241.062445 194.053681
192.247673 242.973372 193.714534
192.730723 244.884299 193.375388
193.213772 246.795227 193.036242
193.696822 248.706154 192.697096
194.179871 250.617081 192.357949
194.662921 252.528008 192.018803
195.145970 254.438936 191.679657
195.629020 256.349863 191.340511
196.112069 258.260790 191.001365
196.595119 260.171717 190.662218
197.078168 262.082645 190.323072
197.561218 263.993572 189.983926
198.044267 265.904499 189.644780
198.527317 267.815426 189.305634
199.010366 269.726354 188.966487
199.493416 271.637281 188.627341
199.976465 273.548208 188.288195
200.459515 275.459136 187.949049
200.942564 277.370063 187.609903
201.425614 279.280990 187.270756
201.908663 281.191917 186.931610
202.391712 283.102845 186.592464
202.874762 285.013772 186.253318
203.357811 286.924699 185.914171
203.840861 288.835626 185.575025
204.323910 290.746554 185.235879
204.806960 292.657481 184.896733
205.290009 294.568408 184.557587
205.773059 296.479336 184.218440
206.256108 298.390263 183.879294
206.739158 300.301190 183.540148
207.222207 302.212117 183.201002
207.705257 304.123045 182.861856
208.188306 306.033972 182.522709
208.671356 307.944899 182.183563
209.154405 309.855826 181.844417
209.637455 311.766754 181.505271
210.120504 313.677681 181.166125
210.603554 315.588608 180.826978
211.086603 317.499536 180.487832
211.569653 319.410463 180.148686
212.052702 321.321390 179.809540
212.535752 323.232317 179.470393
213.018801 325.143245 179.131247
213.501851 327.054172 178.792101
213.984900 328.965099 178.452955
214.467950 330.876026 178.113809
214.950999 332.786954 177.774662
215.434049 334.697881 177.435516
215.917098 336.608808 177.096370
216.400148 338.519735 176.757224
216.883197 340.430663 176.418078
217.366247 342.341590 176.078931
217.849296 344.252517 175.739785
218.332346 346.163445 175.400639
218.815395 348.074372 175.061493
219.298445 349.985299 174.722347
219.781494 351.896226 174.383200
220.264544 353.807154 174.044054
-138.808968 20.911987 -390.520492
-139.177577 20.897513 -388.554807
-139.546185 20.883040 -386.589122
-139.914793 20.868566 -384.623436
-140.283401 20.854093 -382.657751
-140.652009 20.839619 -380.692066
-141.020618 20.825145 -378.726381
-141.389226 20.810672 -376.760695
-141.757834 20.796198 -374.795010
-142.126442 20.781725 -372.829325
-142.495051 20.767251 -370.863640
-142.863659 20.752778 -368.897954
-143.232267 20.738304 -366.932269
-143.600875 20.723830 -364.966584
-143.969483 20.709357 -363.000899
-144.338092 20.694883 -361.035213
-144.706700 20.680410 -359.069528
-145.075308 20.665936 -357.103843
-145.443916 20.651463 -355.138158
-145.812525 20.636989 -353.172472
-146.181133 20.622516 -351.206787
-146.549741 20.608042 -349.241102
-146.918349 20.593568 -347.275417
-147.286957 20.579095 -345.309732
-147.655566 20.564621 -343.344046
-148.024174 20.550148 -341.378361
-148.392782 20.535674 -339.412676
-148.761390 20.521201 -337.446991
-149.129999 20.506727 -335.481305
-149.498607 20.492254 -333.515620
-149.867215 20.477780 -331.549935
-150.235823 20.463306 -329.584250
-150.604431 20.448833 -327.618564
-150.973040 20.434359 -325.652879
-151.341648 20.419886 -323.687194
-151.710256 20.405412 -321.721509
-152.078864 20.390939 -319.755823
-152.447473 20.376465 -317.790138
-152.816081 20.361991 -315.824453
-153.184689 20.347518 -313.858768
-153.553297 20.333044 -311.893082
-153.921905 20.318571 -309.927397
-154.290514 20.304097 -307.961712
-154.659122 20.289624 -305.996027
-155.027730 20.275150 -304.030341
-155.396338 20.260677 -302.064656
-155.764947 20.246203 -300.098971
-156.133555 20.231729 -298.133286
-156.502163 20.217256 -296.167600
-156.870771 20.202782 -294.201915
-157.239379 20.188309 -292.236230
-157.607988 20.173835 -290.270545
-157.976596 20.159362 -288.304859
-158.345204 20.144888 -286.339174
-158.713812 20.130414 -284.373489
-159.082421 20.115941 -282.407804
-159.451029 20.101467 -280.442118
-159.819637 20.086994 -278.476433
-160.188245 20.072520 -276.510748
-160.556853 20.058047 -274.545063
-160.925462 20.043573 -272.579377
-161.294070 20.029100 -270.613692
-161.662678 20.014626 -268.648007
-162.031286 20.000152 -266.682322
-162.399895 19.985679 -264.716636
-162.768503 19.971205 -262.750951
-163.137111 19.956732 -260.785266
-163.505719 19.942258 -258.819581
-163.874327 19.927785 -256.853895
-164.242936 19.913311 -254.888210
188.922492 -30.827000 120.814366
187.160628 -29.886046 120.712189
185.398764 -28.945091 120.610011
183.636900 -28.004137 120.507834
181.875036 -27.063182 120.405657
180.113172 -26.122228 120.303479
178.351308 -25.181274 120.201302
176.589444 -24.240319 120.099124
174.827580 -23.299365 119.996947
173.065716 -22.358410 119.894770
171.303852 -21.417456 119.792592
169.541988 -20.476502 119.690415
167.780124 -19.535547 119.588237
166.018260 -18.594593 119.486060
164.256396 -17.653638 119.383882
162.494532 -16.712684 119.281705
160.732668 -15.771730 119.179528
158.970804 -14.830775 119.077350
157.208941 -13.889821 118.975173
155.447077 -12.948866 118.872995
153.685213 -12.007912 118.770818
151.923349 -11.066958 118.668641
150.161485 -10.126003 118.566463
148.399621 -9.185049 118.464286
146.637757 -8.244094 118.362108
144.875893 -7.303140 118.259931
143.114029 -6.362186 118.157754
141.352165 -5.421231 118.055576
139.590301 -4.480277 117.953399
137.828437 -3.539322 117.851221
136.066573 -2.598368 117.749044
134.304709 -1.657414 117.646867
132.542845 -0.716459 117.544689
130.780981 0.224495 117.442512
129.019117 1.165450 117.340334
127.257253 2.106404 117.238157
125.495389 3.047358 117.135979
123.733525 3.988313 117.033802
121.971661 4.929267 116.931625
120.209797 5.870222 116.829447
118.447934 6.811176 116.727270
116.686070 7.752130 116.625092
114.924206 8.693085 116.522915
113.162342 9.634039 116.420738
111.400478 10.574994 116.318560
109.638614 11.515948 116.216383
107.876750 12.456902 116.114205
106.114886 13.397857 116.012028
104.353022 14.338811 115.909851
102.591158 15.279766 115.807673
100.829294 16.220720 115.705496
99.067430 17.161674 115.603318
97.305566 18.102629 115.501141
95.543702 19.043583 115.398964
93.781838 19.984538 115.296786
92.019974 20.925492 115.194609
90.258110 21.866446 115.092431
88.496246 22.807401 114.990254
86.734382 23.748355 114.888077
84.972518 24.689310 114.785899
83.210654 25.630264 114.683722
81.448790 26.571218 114.581544
79.686927 27.512173 114.479367
77.925063 28.453127 114.377189
76.163199 29.394082 114.275012
74.401335 30.335036 114.172835
72.639471 31.275990 114.070657
70.877607 32.216945 113.968480
69.115743 33.157899 113.866302
67.353879 34.098854 113.764125
-37.155727 202.762435 -387.411314
-37.174842 202.299760 -385.465661
-37.193958 201.837086 -383.520007
-37.213073 201.374412 -381.574354
-37.232189 200.911737 -379.628700
-37.251305 200.449063 -377.683047
-37.270420 199.986388 -375.737394
-37.289536 199.523714 -373.791740
-37.308651 199.061040 -371.846087
-37.327767 198.598365 -369.900434
-37.346882 198.135691 -367.954780
-37.365998 197.673016 -366.009127
-37.385114 197.210342 -364.063474
-37.404229 196.747668 -362.117820
-37.423345 196.284993 -360.172167
-37.442460 195.822319 -358.226513
-37.461576 195.359645 -356.280860
-37.480691 194.896970 -354.335207
-37.499807 194.434296 -352.389553
-37.518923 193.971621 -350.443900
-37.538038 193.508947 -348.498247
-37.557154 193.046273 -346.552593
-37.576269 192.583598 -344.606940
-37.595385 192.120924 -342.661287
-37.614500 191.658249 -340.715633
-37.633616 191.195575 -338.769980
-37.652732 190.732901 -336.824326
-37.671847 190.270226 -334.878673
-37.690963 189.807552 -332.933020
-37.710078 189.344877 -330.987366
-37.729194 188.882203 -329.041713
-37.748309 188.419529 -327.096060
-37.767425 187.956854 -325.150406
-37.786541 187.494180 -323.204753
-37.805656 187.031506 -321.259100
-37.824772 186.568831 -319.313446
-37.843887 186.106157 -317.367793
-37.863003 185.643482 -315.422140
-37.882118 185.180808 -313.476486
-37.901234 184.718134 -311.530833
-37.920350 184.255459 -309.585179
-37.939465 183.792785 -307.639526
-37.958581 183.330110 -305.693873
-37.977696 182.867436 -303.748219
-37.996812 182.404762 -301.802566
-38.015927 181.942087 -299.856913
-38.035043 181.479413 -297.911259
-38.054159 181.016738 -295.965606
-38.073274 180.554064 -294.019953
-38.092390 180.091390 -292.074299
-38.111505 179.628715 -290.128646
-38.130621 179.166041 -288.182992
-38.149736 178.703366 -286.237339
-38.168852 178.240692 -284.291686
-38.187968 177.778018 -282.346032
-38.207083 177.315343 -280.400379
-38.226199 176.852669 -278.454726
-38.245314 176.389995 -276.509072
-38.264430 175.927320 -274.563419
-38.283545 175.464646 -272.617766
-38.302661 175.001971 -270.672112
-38.321777 174.539297 -268.726459
-38.340892 174.076623 -266.780805
-38.360008 173.613948 -264.835152
-38.379123 173.151274 -262.889499
-38.398239 172.688599 -260.943845
-38.417354 172.225925 -258.998192
-38.436470 171.763251 -257.052539
-38.455586 171.300576 -255.106885
-38.474701 170.837902 -253.161232
207.692273 191.738296 311.187217
209.300303 191.329375 312.303919
210.908333 190.920454 313.420620
212.516364 190.511533 314.537322
214.124394 190.102612 315.654024
215.732424 189.693691 316.770726
217.340454 189.284770 317.887428
218.948484 188.875849 319.004129
220.556514 188.466928 320.120831
222.164544 188.058007 321.237533
223.772574 187.649086 322.354235
225.380604 187.240165 323.470936
226.988634 186.831244 324.587638
228.596664 186.422323 325.704340
230.204694 186.013402 326.821042
231.812725 185.604481 327.937743
233.420755 185.195560 329.054445
235.028785 184.786639 330.171147
236.636815 184.377718 331.287849
238.244845 183.968797 332.404550
239.852875 183.559875 333.521252
241.460905 183.150954 334.637954
243.068935 182.742033 335.754656
244.676965 182.333112 336.871358
246.284995 181.924191 337.988059
247.893025 181.515270 339.104761
249.501055 181.106349 340.221463
251.109086 180.697428 341.338165
252.717116 180.288507 342.454866
254.325146 179.879586 343.571568
255.933176 179.470665 344.688270
257.541206 179.061744 345.804972
259.149236 178.652823 346.921673
260.757266 178.243902 348.038375
262.365296 177.834981 349.155077
263.973326 177.426060 350.271779
265.581356 177.017139 351.388480
267.189386 176.608218 352.505182
268.797416 176.199297 353.621884
270.405447 175.790376 354.738586
272.013477 175.381455 355.855288
273.621507 174.972534 356.971989
275.229537 174.563613 358.088691
276.837567 174.154692 359.205393
278.445597 173.745771 360.322095
280.053627 173.336850 361.438796
281.661657 172.927928 362.555498
283.269687 172.519007 363.672200
284.877717 172.110086 364.788902
286.485747 171.701165 365.905603
288.093778 171.292244 367.022305
289.701808 170.883323 368.139007
291.309838 170.474402 369.255709
292.917868 170.065481 370.372410
294.525898 169.656560 371.489112
296.133928 169.247639 372.605814
297.741958 168.838718 373.722516
299.349988 168.429797 374.839218
300.958018 168.020876 375.955919
302.566048 167.611955 377.072621
304.174078 167.203034 378.189323
305.782108 166.794113 379.306025
307.390139 166.385192 380.422726
308.998169 165.976271 381.539428
310.606199 165.567350 382.656130
312.214229 165.158429 383.772832
313.822259 164.749508 384.889533
315.430289 164.340587 386.006235
317.038319 163.931666 387.122937
318.646349 163.522745 388.239639
-116.303862 -179.073957 -357.212134
-116.074496 -177.134626 -356.780413
-115.845129 -175.195294 -356.348691
-115.615763 -173.255962 -355.916970
-115.386396 -171.316630 -355.485249
-115.157030 -169.377298 -355.053528
-114.927663 -167.437967 -354.621806
-114.698297 -165.498635 -354.190085
-114.468930 -163.559303 -353.758364
-114.239564 -161.619971 -353.326642
-114.010197 -159.680640 -352.894921
-113.780830 -157.741308 -352.463200
-113.551464 -155.801976 -352.031479
-113.322097 -153.862644 -351.599757
-113.092731 -151.923312 -351.168036
-112.863364 -149.983981 -350.736315
-112.633998 -148.044649 -350.304593
-112.404631 -146.105317 -349.872872
-112.175265 -144.165985 -349.441151
-111.945898 -142.226654 -349.009430
-111.716532 -140.287322 -348.577708
-111.487165 -138.347990 -348.145987
-111.257798 -136.408658 -347.714266
-111.028432 -134.469327 -347.282545
-110.799065 -132.529995 -346.850823
-110.569699 -130.590663 -346.419102
-110.340332 -128.651331 -345.987381
-110.110966 -126.711999 -345.555659
-109.881599 -124.772668 -345.123938
-109.652233 -122.833336 -344.692217
-109.422866 -120.894004 -344.260496
-109.193500 -118.954672 -343.828774
-108.964133 -117.015341 -343.397053
-108.734766 -115.076009 -342.965332
-108.505400 -113.136677 -342.533610
-108.276033 -111.197345 -342.101889
-108.046667 -109.258013 -341.670168
-107.817300 -107.318682 -341.238447
-107.587934 -105.379350 -340.806725
-107.358567 -103.440018 -340.375004
-107.129201 -101.500686 -339.943283
-106.899834 -99.561355 -339.511562
-106.670468 -97.622023 -339.079840
-106.441101 -95.682691 -338.648119
-106.211734 -93.743359 -338.216398
-105.982368 -91.804028 -337.784676
-105.753001 -89.864696 -337.352955
-105.523635 -87.925364 -336.921234
-105.294268 -85.986032 -336.489513
-105.064902 -84.046700 -336.057791
-104.835535 -82.107369 -335.626070
-104.606169 -80.168037 -335.194349
-104.376802 -78.228705 -334.762627
-104.147436 -76.289373 -334.330906
-103.918069 -74.350042 -333.899185
-103.688702 -72.410710 -333.467464
-103.459336 -70.471378 -333.035742
-103.229969 -68.532046 -332.604021
-103.000603 -66.592714 -332.172300
-102.771236 -64.653383 -331.740578
-102.541870 -62.714051 -331.308857
-102.312503 -60.774719 -330.877136
-102.083137 -58.835387 -330.445415
-101.853770 -56.896056 -330.013693
-101.624404 -54.956724 -329.581972
-101.395037 -53.017392 -329.150251
-101.165670 -51.078060 -328.718530
-100.936304 -49.138729 -328.286808
-100.706937 -47.199397 -327.855087
-100.477571 -45.260065 -327.423366
-81.769986 279.093299 -122.669318
-80.475381 277.569069 -122.642484
-79.180776 276.044839 -122.615649
-77.886171 274.520608 -122.588815
-76.591566 272.996378 -122.561981
-75.296961 271.472148 -122.535146
-74.002356 269.947917 -122.508312
-72.707751 268.423687 -122.481478
-71.413147 266.899457 -122.454644
-70.118542 265.375226 -122.427809
-68.823937 263.850996 -122.400975
-67.529332 262.326766 -122.374141
-66.234727 260.802535 -122.347306
-64.940122 259.278305 -122.320472
-63.645517 257.754075 -122.293638
-62.350912 256.229844 -122.266803
-61.056307 254.705614 -122.239969
-59.761702 253.181384 -122.213135
-58.467097 251.657154 -122.186301
-57.172493 250.132923 -122.159466
-55.877888 248.608693 -122.132632
-54.583283 247.084463 -122.105798
-53.288678 245.560232 -122.078963
-51.994073 244.036002 -122.052129
-50.699468 242.511772 -122.025295
-49.404863 240.987541 -121.998461
-48.110258 239.463311 -121.971626
-46.815653 237.939081 -121.944792
-45.521048 236.414850 -121.917958
-44.226443 234.890620 -121.891123
-42.931839 233.366390 -121.864289
-41.637234 231.842159 -121.837455
-40.342629 230.317929 -121.810620
-39.048024 228.793699 -121.783786
-37.753419 227.269468 -121.756952
-36.458814 225.745238 -121.730118
-35.164209 224.221008 -121.703283
-33.869604 222.696778 -121.676449
-32.574999 221.172547 -121.649615
-31.280394 219.648317 -121.622780
-29.985789 218.124087 -121.595946
-28.691184 216.599856 -121.569112
-27.396580 215.075626 -121.542277
-26.101975 213.551396 -121.515443
-24.807370 212.027165 -121.488609
-23.512765 210.502935 -121.461775
-22.218160 208.978705 -121.434940
-20.923555 207.454474 -121.408106
-19.628950 205.930244 -121.381272
-18.334345 204.406014 -121.354437
-17.039740 202.881783 -121.327603
-15.745135 201.357553 -121.300769
-14.450530 199.833323 -121.273935
-13.155926 198.309093 -121.247100
-11.861321 196.784862 -121.220266
-10.566716 195.260632 -121.193432
-9.272111 193.736402 -121.166597
-7.977506 192.212171 -121.139763
-6.682901 190.687941 -121.112929
-5.388296 189.163711 -121.086094
-4.093691 187.639480 -121.059260
-2.799086 186.115250 -121.032426
-1.504481 184.591020 -121.005592
-0.209876 183.066789 -120.978757
1.084728 181.542559 -120.951923
2.379333 180.018329 -120.925089
3.673938 178.494098 -120.898254
4.968543 176.969868 -120.871420
6.263148 175.445638 -120.844586
7.557753 173.921408 -120.817751
248.772235 8.395386 60.969579
249.797524 8.760355 62.647549
250.822812 9.125324 64.325518
251.848100 9.490292 66.003488
252.873389 9.855261 67.681457
253.898677 10.220230 69.359427
254.923966 10.585198 71.037396
255.949254 10.950167 72.715366
256.974543 11.315135 74.393335
257.999831 11.680104 76.071305
259.025119 12.045073 77.749274
260.050408 12.410041 79.427244
261.075696 12.775010 81.105213
262.100985 13.139979 82.783183
263.126273 13.504947 84.461152
264.151561 13.869916 86.139122
265.176850 14.234885 87.817091
266.202138 14.599853 89.495061
267.227427 14.964822 91.173030
268.252715 15.329790 92.850999
269.278003 15.694759 94.528969
270.303292 16.059728 96.206938
271.328580 16.424696 97.884908
272.353869 16.789665 99.562877
273.379157 17.154634 101.240847
274.404446 17.519602 102.918816
275.429734 17.884571 104.596786
276.455022 18.249540 106.274755
277.480311 18.614508 107.952725
278.505599 18.979477 109.630694
279.530888 19.344446 111.308664
280.556176 19.709414 112.986633
281.581464 20.074383 114.664603
282.606753 20.439351 116.342572
283.632041 20.804320 118.020542
284.657330 21.169289 119.698511
285.682618 21.534257 121.376481
286.707906 21.899226 123.054450
287.733195 22.264195 124.732420
288.758483 22.629163 126.410389
289.783772 22.994132 128.088358
290.809060 23.359101 129.766328
291.834349 23.724069 131.444297
292.859637 24.089038 133.122267
293.884925 24.454007 134.800236
294.910214 24.818975 136.478206
295.935502 25.183944 138.156175
296.960791 25.548912 139.834145
297.986079 25.913881 141.512114
299.011367 26.278850 143.190084
300.036656 26.643818 144.868053
301.061944 27.008787 146.546023
302.087233 27.373756 148.223992
303.112521 27.738724 149.901962
304.137809 28.103693 151.579931
305.163098 28.468662 153.257901
306.188386 28.833630 154.935870
307.213675 29.198599 156.613840
308.238963 29.563568 158.291809
309.264252 29.928536 159.969779
310.289540 30.293505 161.647748
311.314828 30.658473 163.325717
312.340117 31.023442 165.003687
313.365405 31.388411 166.681656
314.390694 31.753379 168.359626
315.415982 32.118348 170.037595
316.441270 32.483317 171.715565
317.466559 32.848285 173.393534
318.491847 33.213254 175.071504
319.517136 33.578223 176.749473
282.018185 -233.516508 216.235178
281.498207 -234.435062 214.536390
280.978230 -235.353616 212.837602
280.458252 -236.272170 211.138814
279.938275 -237.190724 209.440025
279.418297 -238.109279 207.741237
278.898320 -239.027833 206.042449
278.378342 -239.946387 204.343661
277.858365 -240.864941 202.644872
277.338387 -241.783495 200.946084
276.818410 -242.702050 199.247296
276.298432 -243.620604 197.548507
275.778455 -244.539158 195.849719
275.258477 -245.457712 194.150931
274.738500 -246.376266 192.452143
274.218522 -247.294821 190.753354
273.698545 -248.213375 189.054566
273.178567 -249.131929 187.355778
272.658590 -250.050483 185.656990
272.138612 -250.969037 183.958201
271.618635 -251.887592 182.259413
271.098657 -252.806146 180.560625
270.578680 -253.724700 178.861836
270.058702 -254.643254 177.163048
269.538725 -255.561808 175.464260
269.018747 -256.480362 173.765472
268.498770 -257.398917 172.066683
267.978792 -258.317471 170.367895
267.458815 -259.236025 168.669107
266.938837 -260.154579 166.970319
266.418860 -261.073133 165.271530
265.898882 -261.991688 163.572742
265.378905 -262.910242 161.873954
264.858927 -263.828796 160.175165
264.338950 -264.747350 158.476377
263.818972 -265.665904 156.777589
263.298995 -266.584459 155.078801
262.779017 -267.503013 153.380012
262.259040 -268.421567 151.681224
261.739062 -269.340121 149.982436
261.219085 -270.258675 148.283648
260.699107 -271.177230 146.584859
260.179130 -272.095784 144.886071
259.659152 -273.014338 143.187283
259.139175 -273.932892 141.488495
258.619197 -274.851446 139.789706
258.099220 -275.770001 138.090918
257.579242 -276.688555 136.392130
257.059265 -277.607109 134.693341
256.539287 -278.525663 132.994553
256.019310 -279.444217 131.295765
255.499332 -280.362772 129.596977
254.979355 -281.281326 127.898188
254.459377 -282.199880 126.199400
253.939400 -283.118434 124.500612
253.419422 -284.036988 122.801824
252.899445 -284.955542 121.103035
252.379467 -285.874097 119.404247
251.859490 -286.792651 117.705459
251.339512 -287.711205 116.006670
250.819535 -288.629759 114.307882
250.299557 -289.548313 112.609094
249.779580 -290.466868 110.910306
249.259602 -291.385422 109.211517
248.739625 -292.303976 107.512729
248.219647 -293.222530 105.813941
247.699670 -294.141084 104.115153
247.179692 -295.059639 102.416364
246.659715 -295.978193 100.717576
246.139737 -296.896747 99.018788
-161.729142 -155.679926 92.731468
-162.475120 -156.576303 91.106653
-163.221098 -157.472679 89.481837
-163.967076 -158.369055 87.857021
-164.713054 -159.265432 86.232206
-165.459032 -160.161808 84.607390
-166.205010 -161.058185 82.982574
-166.950989 -161.954561 81.357759
-167.696967 -162.850937 79.732943
-168.442945 -163.747314 78.108127
-169.188923 -164.643690 76.483312
-169.934901 -165.540066 74.858496
-170.680879 -166.436443 73.233680
-171.426857 -167.332819 71.608864
-172.172835 -168.229196 69.984049
-172.918814 -169.125572 68.359233
-173.664792 -170.021948 66.734417
-174.410770 -170.918325 65.109602
-175.156748 -171.814701 63.484786
-175.902726 -172.711077 61.859970
-176.648704 -173.607454 60.235155
-177.394682 -174.503830 58.610339
-178.140661 -175.400207 56.985523
-178.886639 -176.296583 55.360708
-179.632617 -177.192959 53.735892
-180.378595 -178.089336 52.111076
-181.124573 -178.985712 50.486261
-181.870551 -179.882088 48.861445
-182.616529 -180.778465 47.236629
-183.362507 -181.674841 45.611813
-184.108486 -182.571218 43.986998
-184.854464 -183.467594 42.362182
-185.600442 -184.363970 40.737366
-186.346420 -185.260347 39.112551
-187.092398 -186.156723 37.487735
-187.838376 -187.053100 35.862919
-188.584354 -187.949476 34.238104
-189.330332 -188.845852 32.613288
-190.076311 -189.742229 30.988472
-190.822289 -190.638605 29.363657
-191.568267 -191.534981 27.738841
-192.314245 -192.431358 26.114025
-193.060223 -193.327734 24.489210
-193.806201 -194.224111 22.864394
-194.552179 -195.120487 21.239578
-195.298158 -196.016863 19.614762
-196.044136 -196.913240 17.989947
-196.790114 -197.809616 16.365131
-197.536092 -198.705992 14.740315
-198.282070 -199.602369 13.115500
-199.028048 -200.498745 11.490684
-199.774026 -201.395122 9.865868
-200.520004 -202.291498 8.241053
-201.265983 -203.187874 6.616237
-202.011961 -204.084251 4.991421
-202.757939 -204.980627 3.366606
-203.503917 -205.877003 1.741790
-204.249895 -206.773380 0.116974
-204.995873 -207.669756 -1.507841
-205.741851 -208.566133 -3.132657
-206.487829 -209.462509 -4.757473
-207.233808 -210.358885 -6.382289
-207.979786 -211.255262 -8.007104
-208.725764 -212.151638 -9.631920
-209.471742 -213.048015 -11.256736
-210.217720 -213.944391 -12.881551
-210.963698 -214.840767 -14.506367
-211.709676 -215.737144 -16.131183
-212.455655 -216.633520 -17.755998
-213.201633 -217.529896 -19.380814
346.406782 -26.855859 -130.404298
344.480868 -27.393334 -130.448740
342.554954 -27.930809 -130.493183
340.629039 -28.468284 -130.537626
338.703125 -29.005758 -130.582069
336.777211 -29.543233 -130.626512
334.851297 -30.080708 -130.670955
332.925382 -30.618183 -130.715397
330.999468 -31.155657 -130.759840
329.073554 -31.693132 -130.804283
327.147640 -32.230607 -130.848726
325.221725 -32.768081 -130.893169
323.295811 -33.305556 -130.937612
321.369897 -33.843031 -130.982054
319.443982 -34.380506 -131.026497
317.518068 -34.917980 -131.070940
315.592154 -35.455455 -131.115383
313.666240 -35.992930 -131.159826
311.740325 -36.530405 -131.204269
309.814411 -37.067879 -131.248711
307.888497 -37.605354 -131.293154
305.962583 -38.142829 -131.337597
304.036668 -38.680303 -131.382040
302.110754 -39.217778 -131.426483
300.184840 -39.755253 -131.470926
298.258926 -40.292728 -131.515368
296.333011 -40.830202 -131.559811
294.407097 -41.367677 -131.604254
292.481183 -41.905152 -131.648697
290.555269 -42.442626 -131.693140
288.629354 -42.980101 -131.737583
286.703440 -43.517576 -131.782025
284.777526 -44.055051 -131.826468
282.851611 -44.592525 -131.870911
280.925697 -45.130000 -131.915354
278.999783 -45.667475 -131.959797
277.073869 -46.204950 -132.004240
275.147954 -46.742424 -132.048682
273.222040 -47.279899 -132.093125
271.296126 -47.817374 -132.137568
269.370212 -48.354848 -132.182011
267.444297 -48.892323 -132.226454
265.518383 -49.429798 -132.270897
263.592469 -49.967273 -132.315339
261.666555 -50.504747 -132.359782
259.740640 -51.042222 -132.404225
257.814726 -51.579697 -132.448668
255.888812 -52.117172 -132.493111
253.962897 -52.654646 -132.537554
252.036983 -53.192121 -132.581996
250.111069 -53.729596 -132.626439
248.185155 -54.267070 -132.670882
246.259240 -54.804545 -132.715325
244.333326 -55.342020 -132.759768
242.407412 -55.879495 -132.804211
240.481498 -56.416969 -132.848653
238.555583 -56.954444 -132.893096
236.629669 -57.491919 -132.937539
234.703755 -58.029393 -132.981982
232.777841 -58.566868 -133.026425
230.851926 -59.104343 -133.070868
228.926012 -59.641818 -133.115310
227.000098 -60.179292 -133.159753
225.074184 -60.716767 -133.204196
223.148269 -61.254242 -133.248639
221.222355 -61.791717 -133.293082
219.296441 -62.329191 -133.337525
217.370526 -62.866666 -133.381967
215.444612 -63.404141 -133.426410
213.518698 -63.941615 -133.470853
-237.234753 -27.051964 329.520461
-235.690788 -28.306498 329.314755
-234.146823 -29.561033 329.109050
-232.602858 -30.815567 328.903344
-231.058892 -32.070102 328.697638
-229.514927 -33.324636 328.491933
-227.970962 -34.579171 328.286227
-226.426997 -35.833705 328.080521
-224.883032 -37.088240 327.874816
-223.339066 -38.342774 327.669110
-221.795101 -39.597308 327.463404
-220.251136 -40.851843 327.257699
-218.707171 -42.106377 327.051993
-217.163206 -43.360912 326.846287
-215.619241 -44.615446 326.640582
-214.075275 -45.869981 326.434876
-212.531310 -47.124515 326.229170
-210.987345 -48.379050 326.023465
-209.443380 -49.633584 325.817759
-207.899415 -50.888119 325.612053
-206.355449 -52.142653 325.406348
-204.811484 -53.397187 325.200642
-203.267519 -54.651722 324.994936
-201.723554 -55.906256 324.789231
-200.179589 -57.160791 324.583525
-198.635623 -58.415325 324.377819
-197.091658 -59.669860 324.172114
-195.547693 -60.924394 323.966408
-194.003728 -62.178929 323.760702
-192.459763 -63.433463 323.554997
-190.915798 -64.687997 323.349291
-189.371832 -65.942532 323.143585
-187.827867 -67.197066 322.937880
-186.283902 -68.451601 322.732174
-184.739937 -69.706135 322.526468
-183.195972 -70.960670 322.320763
-181.652006 -72.215204 322.115057
-180.108041 -73.469739 321.909351
-178.564076 -74.724273 321.703646
-177.020111 -75.978807 321.497940
-175.476146 -77.233342 321.292235
-173.932180 -78.487876 321.086529
-172.388215 -79.742411 320.880823
-170.844250 -80.996945 320.675118
-169.300285 -82.251480 320.469412
-167.756320 -83.506014 320.263706
-166.212355 -84.760549 320.058001
-164.668389 -86.015083 319.852295
-163.124424 -87.269617 319.646589
-161.580459 -88.524152 319.440884
-160.036494 -89.778686 319.235178
-158.492529 -91.033221 319.029472
-156.948563 -92.287755 318.823767
-155.404598 -93.542290 318.618061
-153.860633 -94.796824 318.412355
-152.316668 -96.051359 318.206650
-150.772703 -97.305893 318.000944
-149.228737 -98.560428 317.795238
-147.684772 -99.814962 317.589533
-146.140807 -101.069496 317.383827
-144.596842 -102.324031 317.178121
-143.052877 -103.578565 316.972416
-141.508911 -104.833100 316.766710
-139.964946 -106.087634 316.561004
-138.420981 -107.342169 316.355299
-136.877016 -108.596703 316.149593
-135.333051 -109.851238 315.943887
-133.789086 -111.105772 315.738182
-132.245120 -112.360306 315.532476
-130.701155 -113.614841 315.326770
148.128203 208.568936 354.107882
148.021636 206.617789 353.681655
147.915068 204.666642 353.255428
147.808501 202.715495 352.829201
147.701934 200.764348 352.402975
147.595367 198.813201 351.976748
147.488800 196.862055 351.550521
147.382233 194.910908 351.124294
147.275666 192.959761 350.698067
147.169098 191.008614 350.271840
147.062531 189.057467 349.845613
146.955964 187.106320 349.419386
146.849397 185.155173 348.993159
146.742830 183.204027 348.566932
146.636263 181.252880 348.140705
146.529696 179.301733 347.714478
146.423129 177.350586 347.288252
146.316561 175.399439 346.862025
146.209994 173.448292 346.435798
146.103427 171.497145 346.009571
145.996860 169.545999 345.583344
145.890293 167.594852 345.157117
145.783726 165.643705 344.730890
145.677159 163.692558 344.304663
145.570592 161.741411 343.878436
145.464024 159.790264 343.452209
145.357457 157.839117 343.025982
145.250890 155.887971 342.599755
145.144323 153.936824 342.173528
145.037756 151.985677 341.747302
144.931189 150.034530 341.321075
144.824622 148.083383 340.894848
144.718055 146.132236 340.468621
144.611487 144.181089 340.042394
144.504920 142.229943 339.616167
144.398353 140.278796 339.189940
144.291786 138.327649 338.763713
144.185219 136.376502 338.337486
144.078652 134.425355 337.911259
143.972085 132.474208 337.485032
143.865517 130.523061 337.058805
143.758950 128.571915 336.632579
143.652383 126.620768 336.206352
143.545816 124.669621 335.780125
143.439249 122.718474 335.353898
143.332682 120.767327 334.927671
143.226115 118.816180 334.501444
143.119548 116.865033 334.075217
143.012980 114.913887 333.648990
142.906413 112.962740 333.222763
142.799846 111.011593 332.796536
142.693279 109.060446 332.370309
142.586712 107.109299 331.944082
142.480145 105.158152 331.517856
142.373578 103.207005 331.091629
142.267011 101.255859 330.665402
142.160443 99.304712 330.239175
142.053876 97.353565 329.812948
141.947309 95.402418 329.386721
141.840742 93.451271 328.960494
141.734175 91.500124 328.534267
141.627608 89.548977 328.108040
141.521041 87.597831 327.681813
141.414474 85.646684 327.255586
141.307906 83.695537 326.829359
141.201339 81.744390 326.403133
141.094772 79.793243 325.976906
140.988205 77.842096 325.550679
140.881638 75.890949 325.124452
140.775071 73.939802 324.698225
-267.543880 4.007069 87.660617
-266.836356 2.188371 87.222726
-266.128832 0.369674 86.784834
-265.421308 -1.449024 86.346942
-264.713784 -3.267721 85.909050
-264.006260 -5.086419 85.471158
-263.298736 -6.905116 85.033267
-262.591212 -8.723814 84.595375
-261.883688 -10.542511 84.157483
-261.176164 -12.361209 83.719591
-260.468640 -14.179906 83.281699
-259.761116 -15.998604 82.843808
-259.053592 -17.817301 82.405916
-258.346068 -19.635999 81.968024
-257.638544 -21.454696 81.530132
-256.931020 -23.273394 81.092240
-256.223496 -25.092091 80.654349
-255.515972 -26.910789 80.216457
-254.808448 -28.729486 79.778565
-254.100924 -30.548184 79.340673
-253.393401 -32.366881 78.902781
-252.685877 -34.185579 78.464890
-251.978353 -36.004276 78.026998
-251.270829 -37.822974 77.589106
-250.563305 -39.641671 77.151214
-249.855781 -41.460369 76.713322
-249.148257 -43.279066 76.275431
-248.440733 -45.097764 75.837539
-247.733209 -46.916461 75.399647
-247.025685 -48.735159 74.961755
-246.318161 -50.553856 74.523863
-245.610637 -52.372554 74.085972
-244.903113 -54.191251 73.648080
-244.195589 -56.009949 73.210188
-243.488065 -57.828646 72.772296
-242.780541 -59.647344 72.334404
-242.073017 -61.466041 71.896513
-241.365493 -63.284739 71.458621
-240.657969 -65.103436 71.020729
-239.950445 -66.922134 70.582837
-239.242921 -68.740831 70.144945
-238.535397 -70.559529 69.707054
-237.827873 -72.378226 69.269162
-237.120349 -74.196924 68.831270
-236.412825 -76.015621 68.393378
-235.705301 -77.834319 67.955486
-234.997777 -79.653016 67.517595
-234.290253 -81.471714 67.079703
-233.582729 -83.290411 66.641811
-232.875205 -85.109109 66.203919
-232.167681 -86.927806 65.766027
-231.460158 -88.746504 65.328136
-230.752634 -90.565201 64.890244
-230.045110 -92.383899 64.452352
-229.337586 -94.202596 64.014460
-228.630062 -96.021294 63.576568
-227.922538 -97.839991 63.138677
-227.215014 -99.658689 62.700785
-226.507490 -101.477386 62.262893
-225.799966 -103.296084 61.825001
-225.092442 -105.114781 61.387109
-224.384918 -106.933479 60.949218
-223.677394 -108.752176 60.511326
-222.969870 -110.570874 60.073434
-222.262346 -112.389571 59.635542
-221.554822 -114.208269 59.197650
-220.847298 -116.026966 58.759759
-220.139774 -117.845664 58.321867
-219.432250 -119.664361 57.883975
-218.724726 -121.483059 57.446083
116.892909 -8.087745 114.540161
115.385768 -9.205469 113.847903
113.878628 -10.323193 113.155645
112.371487 -11.440917 112.463387
110.864347 -12.558640 111.771129
109.357206 -13.676364 111.078871
107.850066 -14.794088 110.386613
106.342925 -15.911812 109.694355
104.835785 -17.029535 109.002098
103.328644 -18.147259 108.309840
101.821504 -19.264983 107.617582
100.314363 -20.382707 106.925324
98.807223 -21.500431 106.233066
97.300082 -22.618154 105.540808
95.792942 -23.735878 104.848550
94.285801 -24.853602 104.156292
92.778661 -25.971326 103.464034
91.271520 -27.089050 102.771776
89.764380 -28.206773 102.079518
88.257239 -29.324497 101.387260
86.750099 -30.442221 100.695002
85.242958 -31.559945 100.002744
83.735818 -32.677669 99.310486
82.228677 -33.795392 98.618228
80.721537 -34.913116 97.925970
79.214396 -36.030840 97.233713
77.707256 -37.148564 96.541455
76.200115 -38.266288 95.849197
74.692975 -39.384011 95.156939
73.185834 -40.501735 94.464681
71.678694 -41.619459 93.772423
70.171553 -42.737183 93.080165
68.664413 -43.854906 92.387907
67.157272 -44.972630 91.695649
65.650132 -46.090354 91.003391
64.142991 -47.208078 90.311133
62.635851 -48.325802 89.618875
61.128711 -49.443525 88.926617
59.621570 -50.561249 88.234359
58.114430 -51.678973 87.542101
56.607289 -52.796697 86.849843
55.100149 -53.914421 86.157585
53.593008 -55.032144 85.465328
52.085868 -56.149868 84.773070
50.578727 -57.267592 84.080812
49.071587 -58.385316 83.388554
47.564446 -59.503040 82.696296
46.057306 -60.620763 82.004038
44.550165 -61.738487 81.311780
43.043025 -62.856211 80.619522
41.535884 -63.973935 79.927264
40.028744 -65.091658 79.235006
38.521603 -66.209382 78.542748
37.014463 -67.327106 77.850490
35.507322 -68.444830 77.158232
34.000182 -69.562554 76.465974
32.493041 -70.680277 75.773716
30.985901 -71.798001 75.081458
29.478760 -72.915725 74.389200
27.971620 -74.033449 73.696943
26.464479 -75.151173 73.004685
24.957339 -76.268896 72.312427
23.450198 -77.386620 71.620169
21.943058 -78.504344 70.927911
20.435917 -79.622068 70.235653
18.928777 -80.739792 69.543395
17.421636 -81.857515 68.851137
15.914496 -82.975239 68.158879
14.407355 -84.092963 67.466621
12.900215 -85.210687 66.774363
21.741721 -244.028486 -154.228543
19.922396 -243.442370 -153.639878
18.103072 -242.856255 -153.051212
16.283747 -242.270139 -152.462547
14.464423 -241.684024 -151.873882
12.645098 -241.097909 -151.285217
10.825773 -240.511793 -150.696552
9.006449 -239.925678 -150.107887
7.187124 -239.339562 -149.519221
5.367799 -238.753447 -148.930556
3.548475 -238.167331 -148.341891
1.729150 -237.581216 -147.753226
-0.090174 -236.995101 -147.164561
-1.909499 -236.408985 -146.575896
-3.728824 -235.822870 -145.987230
-5.548148 -235.236754 -145.398565
-7.367473 -234.650639 -144.809900
-9.186797 -234.064523 -144.221235
-11.006122 -233.478408 -143.632570
-12.825447 -232.892293 -143.043904
-14.644771 -232.306177 -142.455239
-16.464096 -231.720062 -141.866574
-18.283420 -231.133946 -141.277909
-20.102745 -230.547831 -140.689244
-21.922070 -229.961715 -140.100579
-23.741394 -229.375600 -139.511913
-25.560719 -228.789485 -138.923248
-27.380043 -228.203369 -138.334583
-29.199368 -227.617254 -137.745918
-31.018693 -227.031138 -137.157253
-32.838017 -226.445023 -136.568588
-34.657342 -225.858907 -135.979922
-36.476666 -225.272792 -135.391257
-38.295991 -224.686676 -134.802592
-40.115316 -224.100561 -134.213927
-41.934640 -223.514446 -133.625262
-43.753965 -222.928330 -133.036597
-45.573289 -222.342215 -132.447931
-47.392614 -221.756099 -131.859266
-49.211939 -221.169984 -131.270601
-51.031263 -220.583868 -130.681936
-52.850588 -219.997753 -130.093271
-54.669912 -219.411638 -129.504605
-56.489237 -218.825522 -128.915940
-58.308562 -218.239407 -128.327275
-60.127886 -217.653291 -127.738610
-61.947211 -217.067176 -127.149945
-63.766535 -216.481060 -126.561280
-65.585860 -215.894945 -125.972614
-67.405185 -215.308830 -125.383949
-69.224509 -214.722714 -124.795284
-71.043834 -214.136599 -124.206619
-72.863158 -213.550483 -123.617954
-74.682483 -212.964368 -123.029289
-76.501808 -212.378252 -122.440623
-78.321132 -211.792137 -121.851958
-80.140457 -211.206021 -121.263293
-81.959781 -210.619906 -120.674628
-83.779106 -210.033791 -120.085963
-85.598431 -209.447675 -119.497298
-87.417755 -208.861560 -118.908632
-89.237080 -208.275444 -118.319967
-91.056404 -207.689329 -117.731302
-92.875729 -207.103213 -117.142637
-94.695054 -206.517098 -116.553972
-96.514378 -205.930983 -115.965306
-98.333703 -205.344867 -115.376641
-100.153027 -204.758752 -114.787976
-101.972352 -204.172636 -114.199311
-103.791677 -203.586521 -113.610646
30.192060 225.311032 114.966751
29.912097 223.790232 113.698371
29.632134 222.269432 112.429991
29.352172 220.748632 111.161611
29.072209 219.227832 109.893231
28.792247 217.707032 108.624851
28.512284 216.186232 107.356471
28.232322 214.665432 106.088090
27.952359 213.144632 104.819710
27.672397 211.623831 103.551330
27.392434 210.103031 102.282950
27.112471 208.582231 101.014570
26.832509 207.061431 99.746190
26.552546 205.540631 98.477810
26.272584 204.019831 97.209430
25.992621 202.499031 95.941050
25.712659 200.978231 94.672669
25.432696 199.457431 93.404289
25.152734 197.936631 92.135909
24.872771 196.415831 90.867529
24.592809 194.895031 89.599149
24.312846 193.374231 88.330769
24.032883 191.853430 87.062389
23.752921 190.332630 85.794009
23.472958 188.811830 84.525629
23.192996 187.291030 83.257249
22.913033 185.770230 81.988868
22.633071 184.249430 80.720488
22.353108 182.728630 79.452108
22.073146 181.207830 78.183728
21.793183 179.687030 76.915348
21.513220 178.166230 75.646968
21.233258 176.645430 74.378588
20.953295 175.124630 73.110208
20.673333 173.603830 71.841828
20.393370 172.083029 70.573447
20.113408 170.562229 69.305067
19.833445 169.041429 68.036687
19.553483 167.520629 66.768307
19.273520 165.999829 65.499927
18.993558 164.479029 64.231547
18.713595 162.958229 62.963167
18.433632 161.437429 61.694787
18.153670 159.916629 60.426407
17.873707 158.395829 59.158026
17.593745 156.875029 57.889646
17.313782 155.354229 56.621266
17.033820 153.833429 55.352886
16.753857 152.312628 54.084506
16.473895 150.791828 52.816126
16.193932 149.271028 51.547746
15.913969 147.750228 50.279366
15.634007 146.229428 49.010986
15.354044 144.708628 47.742606
15.074082 143.187828 46.474225
14.794119 141.667028 45.205845
14.514157 140.146228 43.937465
14.234194 138.625428 42.669085
13.954232 137.104628 41.400705
13.674269 135.583828 40.132325
13.394307 134.063028 38.863945
13.114344 132.542227 37.595565
12.834381 131.021427 36.327185
12.554419 129.500627 35.058804
12.274456 127.979827 33.790424
11.994494 126.459027 32.522044
11.714531 124.938227 31.253664
11.434569 123.417427 29.985284
11.154606 121.896627 28.716904
10.874644 120.375827 27.448524
-203.311728 102.758359 259.727278
-201.762686 101.559506 259.323272
-200.213644 100.360653 258.919266
-198.664602 99.161801 258.515260
-197.115560 97.962948 258.111254
-195.566518 96.764095 257.707248
-194.017475 95.565243 257.303242
-192.468433 94.366390 256.899236
-190.919391 93.167537 256.495230
-189.370349 91.968684 256.091224
-187.821307 90.769832 255.687218
-186.272265 89.570979 255.283211
-184.723223 88.372126 254.879205
-183.174181 87.173274 254.475199
-181.625139 85.974421 254.071193
-180.076097 84.775568 253.667187
-178.527054 83.576716 253.263181
-176.978012 82.377863 252.859175
-175.428970 81.179010 252.455169
-173.879928 79.980158 252.051163
-172.330886 78.781305 251.647157
-170.781844 77.582452 251.243151
-169.232802 76.383600 250.839145
-167.683760 75.184747 250.435139
-166.134718 73.985894 250.031133
-164.585676 72.787042 249.627127
-163.036634 71.588189 249.223121
-161.487591 70.389336 248.819115
-159.938549 69.190484 248.415109
-158.389507 67.991631 248.011103
-156.840465 66.792778 247.607097
-155.291423 65.593926 247.203091
-153.742381 64.395073 246.799085
-152.193339 63.196220 246.395079
-150.644297 61.997368 245.991073
-149.095255 60.798515 245.587067
-147.546213 59.599662 245.183061
-145.997171 58.400810 244.779055
-144.448128 57.201957 244.375049
-142.899086 56.003104 243.971043
-141.350044 54.804251 243.567037
-139.801002 53.605399 243.163031
-138.251960 52.406546 242.759025
-136.702918 51.207693 242.355019
-135.153876 50.008841 241.951013
-133.604834 48.809988 241.547007
-132.055792 47.611135 241.143001
-130.506750 46.412283 240.738995
-128.957708 45.213430 240.334989
-127.408665 44.014577 239.930983
-125.859623 42.815725 239.526977
-124.310581 41.616872 239.122971
-122.761539 40.418019 238.718965
-121.212497 39.219167 238.314959
-119.663455 38.020314 237.910953
-118.114413 36.821461 237.506947
-116.565371 35.622609 237.102941
-115.016329 34.423756 236.698935
-113.467287 33.224903 236.294929
-111.918244 32.026051 235.890923
-110.369202 30.827198 235.486917
-108.820160 29.628345 235.082911
-107.271118 28.429493 234.678905
-105.722076 27.230640 234.274899
-104.173034 26.031787 233.870893
-102.623992 24.832935 233.466887
-101.074950 23.634082 233.062881
-99.525908 22.435229 232.658875
-97.976866 21.236377 232.254869
-96.427824 20.037524 231.850863
188.990882 381.458646 -238.525754
190.648141 380.535514 -237.892256
192.305400 379.612382 -237.258758
193.962659 378.689251 -236.625260
195.619918 377.766119 -235.991763
197.277178 376.842987 -235.358265
198.934437 375.919855 -234.724767
200.591696 374.996723 -234.091269
202.248955 374.073591 -233.457771
203.906215 373.150459 -232.824274
205.563474 372.227327 -232.190776
207.220733 371.304196 -231.557278
208.877992 370.381064 -230.923780
210.535251 369.457932 -230.290282
212.192511 368.534800 -229.656785
213.849770 367.611668 -229.023287
215.507029 366.688536 -228.389789
217.164288 365.765404 -227.756291
218.821547 364.842273 -227.122793
220.478807 363.919141 -226.489295
222.136066 362.996009 -225.855798
223.793325 362.072877 -225.222300
225.450584 361.149745 -224.588802
227.107844 360.226613 -223.955304
228.765103 359.303481 -223.321806
230.422362 358.380350 -222.688309
232.079621 357.457218 -222.054811
233.736880 356.534086 -221.421313
235.394140 355.610954 -220.787815
237.051399 354.687822 -220.154317
238.708658 353.764690 -219.520820
240.365917 352.841558 -218.887322
242.023176 351.918427 -218.253824
243.680436 350.995295 -217.620326
245.337695 350.072163 -216.986828
246.994954 349.149031 -216.353331
248.652213 348.225899 -215.719833
250.309472 347.302767 -215.086335
251.966732 346.379635 -214.452837
253.623991 345.456503 -213.819339
255.281250 344.533372 -213.185842
256.938509 343.610240 -212.552344
258.595769 342.687108 -211.918846
260.253028 341.763976 -211.285348
261.910287 340.840844 -210.651850
263.567546 339.917712 -210.018353
265.224805 338.994580 -209.384855
266.882065 338.071449 -208.751357
268.539324 337.148317 -208.117859
270.196583 336.225185 -207.484361
271.853842 335.302053 -206.850864
273.511101 334.378921 -206.217366
275.168361 333.455789 -205.583868
276.825620 332.532657 -204.950370
278.482879 331.609526 -204.316872
280.140138 330.686394 -203.683375
281.797398 329.763262 -203.049877
283.454657 328.840130 -202.416379
285.111916 327.916998 -201.782881
286.769175 326.993866 -201.149383
288.426434 326.070734 -200.515886
290.083694 325.147603 -199.882388
291.740953 324.224471 -199.248890
293.398212 323.301339 -198.615392
295.055471 322.378207 -197.981894
296.712730 321.455075 -197.348397
298.369990 320.531943 -196.714899
300.027249 319.608811 -196.081401
301.684508 318.685679 -195.447903
303.341767 317.762548 -194.814405
229.298677 16.817530 -202.088180
230.944093 17.882579 -202.486018
232.589510 18.947628 -202.883855
234.234926 20.012678 -203.281693
235.880343 21.077727 -203.679530
237.525759 22.142776 -204.077368
239.171176 23.207825 -204.475205
240.816592 24.272874 -204.873043
242.462009 25.337924 -205.270880
244.107425 26.402973 -205.668718
245.752842 27.468022 -206.066555
247.398259 28.533071 -206.464393
249.043675 29.598120 -206.862230
250.689092 30.663169 -207.260068
252.334508 31.728219 -207.657905
253.979925 32.793268 -208.055743
255.625341 33.858317 -208.453580
257.270758 34.923366 -208.851418
258.916174 35.988415 -209.249255
260.561591 37.053465 -209.647093
262.207007 38.118514 -210.044930
263.852424 39.183563 -210.442768
265.497840 40.248612 -210.840605
267.143257 41.313661 -211.238443
268.788673 42.378711 -211.636280
270.434090 43.443760 -212.034118
272.079506 44.508809 -212.431955
273.724923 45.573858 -212.829793
275.370340 46.638907 -213.227630
277.015756 47.703957 -213.625468
278.661173 48.769006 -214.023305
280.306589 49.834055 -214.421143
281.952006 50.899104 -214.818980
283.597422 51.964153 -215.216818
285.242839 53.029202 -215.614655
286.888255 54.094252 -216.012493
288.533672 55.159301 -216.410330
290.179088 56.224350 -216.808168
291.824505 57.289399 -217.206005
293.469921 58.354448 -217.603843
295.115338 59.419498 -218.001681
296.760754 60.484547 -218.399518
298.406171 61.549596 -218.797356
300.051587 62.614645 -219.195193
301.697004 63.679694 -219.593031
303.342420 64.744744 -219.990868
304.987837 65.809793 -220.388706
306.633254 66.874842 -220.786543
308.278670 67.939891 -221.184381
309.924087 69.004940 -221.582218
311.569503 70.069989 -221.980056
313.214920 71.135039 -222.377893
314.860336 72.200088 -222.775731
316.505753 73.265137 -223.173568
318.151169 74.330186 -223.571406
319.796586 75.395235 -223.969243
321.442002 76.460285 -224.367081
323.087419 77.525334 -224.764918
324.732835 78.590383 -225.162756
326.378252 79.655432 -225.560593
328.023668 80.720481 -225.958431
329.669085 81.785531 -226.356268
331.314501 82.850580 -226.754106
332.959918 83.915629 -227.151943
334.605334 84.980678 -227.549781
336.250751 86.045727 -227.947618
337.896168 87.110776 -228.345456
339.541584 88.175826 -228.743293
341.187001 89.240875 -229.141131
342.832417 90.305924 -229.538968
132.001295 272.545628 -155.683783
133.432349 271.150290 -155.612244
134.863403 269.754953 -155.540705
136.294457 268.359615 -155.469166
137.725510 266.964278 -155.397627
139.156564 265.568940 -155.326088
140.587618 264.173603 -155.254549
142.018672 262.778265 -155.183010
143.449726 261.382928 -155.111471
144.880780 259.987590 -155.039932
146.311834 258.592253 -154.968393
147.742888 257.196915 -154.896854
149.173942 255.801578 -154.825315
150.604996 254.406240 -154.753777
152.036050 253.010903 -154.682238
153.467104 251.615565 -154.610699
154.898158 250.220228 -154.539160
156.329212 248.824890 -154.467621
157.760266 247.429553 -154.396082
159.191320 246.034215 -154.324543
160.622374 244.638878 -154.253004
162.053428 243.243540 -154.181465
163.484482 241.848203 -154.109926
164.915536 240.452865 -154.038387
166.346590 239.057528 -153.966848
167.777644 237.662190 -153.895309
169.208698 236.266853 -153.823770
170.639752 234.871515 -153.752231
172.070806 233.476178 -153.680692
173.501860 232.080840 -153.609153
174.932914 230.685503 -153.537614
176.363968 229.290165 -153.466075
177.795022 227.894828 -153.394536
179.226076 226.499490 -153.322997
180.657130 225.104153 -153.251458
182.088184 223.708815 -153.179920
183.519238 222.313478 -153.108381
184.950291 220.918140 -153.036842
186.381345 219.522803 -152.965303
187.812399 218.127465 -152.893764
189.243453 216.732128 -152.822225
190.674507 215.336791 -152.750686
192.105561 213.941453 -152.679147
193.536615 212.546116 -152.607608
194.967669 211.150778 -152.536069
196.398723 209.755441 -152.464530
197.829777 208.360103 -152.392991
199.260831 206.964766 -152.321452
200.691885 205.569428 -152.249913
202.122939 204.174091 -152.178374
203.553993 202.778753 -152.106835
204.985047 201.383416 -152.035296
206.416101 199.988078 -151.963757
207.847155 198.592741 -151.892218
209.278209 197.197403 -151.820679
210.709263 195.802066 -151.749140
212.140317 194.406728 -151.677601
213.571371 193.011391 -151.606063
215.002425 191.616053 -151.534524
216.433479 190.220716 -151.462985
217.864533 188.825378 -151.391446
219.295587 187.430041 -151.319907
220.726641 186.034703 -151.248368
222.157695 184.639366 -151.176829
223.588749 183.244028 -151.105290
225.019803 181.848691 -151.033751
226.450857 180.453353 -150.962212
227.881911 179.058016 -150.890673
229.312965 177.662678 -150.819134
230.744019 176.267341 -150.747595
-29.324476 -30.431158 41.757872
-30.741884 -29.829427 43.034146
-32.159292 -29.227696 44.310420
-33.576699 -28.625965 45.586694
-34.994107 -28.024233 46.862968
-36.411515 -27.422502 48.139241
-37.828923 -26.820771 49.415515
-39.246330 -26.219040 50.691789
-40.663738 -25.617309 51.968063
-42.081146 -25.015577 53.244337
-43.498554 -24.413846 54.520611
-44.915961 -23.812115 55.796884
-46.333369 -23.210384 57.073158
-47.750777 -22.608653 58.349432
-49.168185 -22.006922 59.625706
-50.585592 -21.405190 60.901980
-52.003000 -20.803459 62.178254
-53.420408 -20.201728 63.454527
-54.837815 -19.599997 64.730801
-56.255223 -18.998266 66.007075
-57.672631 -18.396535 67.283349
-59.090039 -17.794803 68.559623
-60.507446 -17.193072 69.835897
-61.924854 -16.591341 71.112170
-63.342262 -15.989610 72.388444
-64.759670 -15.387879 73.664718
-66.177077 -14.786147 74.940992
-67.594485 -14.184416 76.217266
-69.011893 -13.582685 77.493540
-70.429301 -12.980954 78.769813
-71.846708 -12.379223 80.046087
-73.264116 -11.777492 81.322361
-74.681524 -11.175760 82.598635
-76.098932 -10.574029 83.874909
-77.516339 -9.972298 85.151183
-78.933747 -9.370567 86.427456
-80.351155 -8.768836 87.703730
-81.768562 -8.167105 88.980004
-83.185970 -7.565373 90.256278
-84.603378 -6.963642 91.532552
-86.020786 -6.361911 92.808826
-87.438193 -5.760180 94.085099
-88.855601 -5.158449 95.361373
-90.273009 -4.556717 96.637647
-91.690417 -3.954986 97.913921
-93.107824 -3.353255 99.190195
-94.525232 -2.751524 100.466469
-95.942640 -2.149793 101.742742
-97.360048 -1.548062 103.019016
-98.777455 -0.946330 104.295290
-100.194863 -0.344599 105.571564
-101.612271 0.257132 106.847838
-103.029679 0.858863 108.124112
-104.447086 1.460594 109.400385
-105.864494 2.062325 110.676659
-107.281902 2.664057 111.952933
-108.699309 3.265788 113.229207
-110.116717 3.867519 114.505481
-111.534125 4.469250 115.781755
-112.951533 5.070981 117.058028
-114.368940 5.672713 118.334302
-115.786348 6.274444 119.610576
-117.203756 6.876175 120.886850
-118.621164 7.477906 122.163124
-120.038571 8.079637 123.439398
-121.455979 8.681368 124.715671
-122.873387 9.283100 125.991945
-124.290795 9.884831 127.268219
-125.708202 10.486562 128.544493
-127.125610 11.088293 129.820767
115.520637 201.264830 -243.845986
117.043165 200.381942 -244.795941
118.565693 199.499054 -245.745897
120.088222 198.616165 -246.695853
121.610750 197.733277 -247.645808
123.133278 196.850389 -248.595764
124.655807 195.967500 -249.545719
126.178335 195.084612 -250.495675
127.700863 194.201724 -251.445631
129.223392 193.318835 -252.395586
130.745920 192.435947 -253.345542
132.268448 191.553059 -254.295498
133.790977 190.670170 -255.245453
135.313505 189.787282 -256.195409
136.836033 188.904394 -257.145364
138.358562 188.021505 -258.095320
139.881090 187.138617 -259.045276
141.403618 186.255729 -259.995231
142.926147 185.372840 -260.945187
144.448675 184.489952 -261.895143
145.971203 183.607064 -262.845098
147.493732 182.724175 -263.795054
149.016260 181.841287 -264.745009
150.538788 180.958399 -265.694965
152.061317 180.075511 -266.644921
153.583845 179.192622 -267.594876
155.106373 178.309734 -268.544832
156.628902 177.426846 -269.494788
158.151430 176.543957 -270.444743
159.673958 175.661069 -271.394699
161.196487 174.778181 -272.344654
162.719015 173.895292 -273.294610
164.241543 173.012404 -274.244566
165.764072 172.129516 -275.194521
167.286600 171.246627 -276.144477
168.809128 170.363739 -277.094433
170.331657 169.480851 -278.044388
171.854185 168.597962 -278.994344
173.376713 167.715074 -279.944299
174.899242 166.832186 -280.894255
176.421770 165.949297 -281.844211
177.944298 165.066409 -282.794166
179.466826 164.183521 -283.744122
180.989355 163.300632 -284.694078
182.511883 162.417744 -285.644033
184.034411 161.534856 -286.593989
185.556940 160.651967 -287.543944
187.079468 159.769079 -288.493900
188.601996 158.886191 -289.443856
190.124525 158.003302 -290.393811
191.647053 157.120414 -291.343767
193.169581 156.237526 -292.293723
194.692110 155.354637 -293.243678
196.214638 154.471749 -294.193634
197.737166 153.588861 -295.143589
199.259695 152.705972 -296.093545
200.782223 151.823084 -297.043501
202.304751 150.940196 -297.993456
203.827280 150.057307 -298.943412
205.349808 149.174419 -299.893368
206.872336 148.291531 -300.843323
208.394865 147.408642 -301.793279
209.917393 146.525754 -302.743235
211.439921 145.642866 -303.693190
212.962450 144.759977 -304.643146
214.484978 143.877089 -305.593101
216.007506 142.994201 -306.543057
217.530035 142.111312 -307.493013
219.052563 141.228424 -308.442968
220.575091 140.345536 -309.392924
261.743707 -277.678579 325.824751
261.586498 -276.069964 324.646768
261.429289 -274.461350 323.468784
261.272079 -272.852735 322.290801
261.114870 -271.244120 321.112818
260.957661 -269.635506 319.934835
260.800452 -268.026891 318.756852
260.643242 -266.418277 317.578869
260.486033 -264.809662 316.400885
260.328824 -263.201047 315.222902
260.171615 -261.592433 314.044919
260.014405 -259.983818 312.866936
259.857196 -258.375204 311.688953
259.699987 -256.766589 310.510970
259.542778 -255.157974 309.332986
259.385568 -253.549360 308.155003
259.228359 -251.940745 306.977020
259.071150 -250.332131 305.799037
258.913941 -248.723516 304.621054
258.756731 -247.114901 303.443071
258.599522 -245.506287 302.265088
258.442313 -243.897672 301.087104
258.285104 -242.289058 299.909121
258.127894 -240.680443 298.731138
257.970685 -239.071828 297.553155
257.813476 -237.463214 296.375172
257.656267 -235.854599 295.197189
257.499057 -234.245985 294.019205
257.341848 -232.637370 292.841222
257.184639 -231.028755 291.663239
257.027430 -229.420141 290.485256
256.870220 -227.811526 289.307273
256.713011 -226.202912 288.129290
256.555802 -224.594297 286.951306
256.398593 -222.985682 285.773323
256.241383 -221.377068 284.595340
256.084174 -219.768453 283.417357
255.926965 -218.159839 282.239374
255.769756 -216.551224 281.061391
255.612546 -214.942609 279.883408
255.455337 -213.333995 278.705424
255.298128 -211.725380 277.527441
255.140919 -210.116766 276.349458
254.983709 -208.508151 275.171475
254.826500 -206.899536 273.993492
254.669291 -205.290922 272.815509
254.512082 -203.682307 271.637525
254.354872 -202.073693 270.459542
254.197663 -200.465078 269.281559
254.040454 -198.856463 268.103576
253.883245 -197.247849 266.925593
253.726035 -195.639234 265.747610
253.568826 -194.030620 264.569626
253.411617 -192.422005 263.391643
253.254408 -190.813390 262.213660
253.097198 -189.204776 261.035677
252.939989 -187.596161 259.857694
252.782780 -185.987547 258.679711
252.625571 -184.378932 257.501728
252.468361 -182.770317 256.323744
252.311152 -181.161703 255.145761
252.153943 -179.553088 253.967778
251.996734 -177.944474 252.789795
251.839524 -176.335859 251.611812
251.682315 -174.727244 250.433829
251.525106 -173.118630 249.255845
251.367897 -171.510015 248.077862
251.210687 -169.901401 246.899879
251.053478 -168.292786 245.721896
250.896269 -166.684171 244.543913
-72.200178 142.017822 168.556129
-70.368612 141.235767 168.739864
-68.537047 140.453713 168.923599
-66.705481 139.671658 169.107334
-64.873916 138.889604 169.291068
-63.042350 138.107549 169.474803
-61.210785 137.325494 169.658538
-59.379219 136.543440 169.842272
-57.547654 135.761385 170.026007
-55.716088 134.979331 170.209742
-53.884523 134.197276 170.393477
-52.052957 133.415221 170.577211
-50.221392 132.633167 170.760946
-48.389826 131.851112 170.944681
-46.558261 131.069058 171.128415
-44.726695 130.287003 171.312150
-42.895130 129.504948 171.495885
-41.063564 128.722894 171.679619
-39.231999 127.940839 171.863354
-37.400433 127.158785 172.047089
-35.568868 126.376730 172.230824
-33.737302 125.594676 172.414558
-31.905737 124.812621 172.598293
-30.074171 124.030566 172.782028
-28.242606 123.248512 172.965762
-26.411040 122.466457 173.149497
-24.579475 121.684403 173.333232
-22.747909 120.902348 173.516966
-20.916344 120.120293 173.700701
-19.084778 119.338239 173.884436
-17.253213 118.556184 174.068171
-15.421647 117.774130 174.251905
-13.590082 116.992075 174.435640
-11.758516 116.210020 174.619375
-9.926951 115.427966 174.803109
-8.095385 114.645911 174.986844
-6.263820 113.863857 175.170579
-4.432254 113.081802 175.354313
-2.600689 112.299747 175.538048
-0.769123 111.517693 175.721783
1.062442 110.735638 175.905518
2.894008 109.953584 176.089252
4.725573 109.171529 176.272987
6.557139 108.389474 176.456722
8.388704 107.607420 176.640456
10.220270 106.825365 176.824191
12.051835 106.043311 177.007926
13.883401 105.261256 177.191661
15.714966 104.479201 177.375395
17.546532 103.697147 177.559130
19.378097 102.915092 177.742865
21.209663 102.133038 177.926599
23.041228 101.350983 178.110334
24.872794 100.568928 178.294069
26.704359 99.786874 178.477803
28.535925 99.004819 178.661538
30.367490 98.222765 178.845273
32.199056 97.440710 179.029008
34.030621 96.658655 179.212742
35.862187 95.876601 179.396477
37.693752 95.094546 179.580212
39.525318 94.312492 179.763946
41.356883 93.530437 179.947681
43.188449 92.748382 180.131416
45.020014 91.966328 180.315150
46.851580 91.184273 180.498885
48.683145 90.402219 180.682620
50.514711 89.620164 180.866355
52.346276 88.838109 181.050089
54.177842 88.056055 181.233824
-267.482301 171.071546 -112.734560
-268.973130 171.630287 -111.524090
-270.463960 172.189027 -110.313620
-271.954789 172.747768 -109.103151
-273.445618 173.306509 -107.892681
-274.936448 173.865249 -106.682211
-276.427277 174.423990 -105.471742
-277.918106 174.982731 -104.261272
-279.408936 175.541471 -103.050802
-280.899765 176.100212 -101.840333
-282.390594 176.658953 -100.629863
-283.881424 177.217693 -99.419394
-285.372253 177.776434 -98.208924
-286.863082 178.335175 -96.998454
-288.353912 178.893915 -95.787985
-289.844741 179.452656 -94.577515
-291.335570 180.011397 -93.367045
-292.826400 180.570137 -92.156576
-294.317229 181.128878 -90.946106
-295.808058 181.687619 -89.735636
-297.298888 182.246359 -88.525167
-298.789717 182.805100 -87.314697
-300.280546 183.363841 -86.104227
-301.771376 183.922581 -84.893758
-303.262205 184.481322 -83.683288
-304.753034 185.040063 -82.472818
-306.243864 185.598803 -81.262349
-307.734693 186.157544 -80.051879
-309.225522 186.716285 -78.841410
-310.716351 187.275025 -77.630940
-312.207181 187.833766 -76.420470
-313.698010 188.392507 -75.210001
-315.188839 188.951247 -73.999531
-316.679669 189.509988 -72.789061
-318.170498 190.068729 -71.578592
-319.661327 190.627469 -70.368122
-321.152157 191.186210 -69.157652
-322.642986 191.744951 -67.947183
-324.133815 192.303692 -66.736713
-325.624645 192.862432 -65.526243
-327.115474 193.421173 -64.315774
-328.606303 193.979914 -63.105304
-330.097133 194.538654 -61.894834
-331.587962 195.097395 -60.684365
-333.078791 195.656136 -59.473895
-334.569621 196.214876 -58.263425
-336.060450 196.773617 -57.052956
-337.551279 197.332358 -55.842486
-339.042109 197.891098 -54.632017
-340.532938 198.449839 -53.421547
-342.023767 199.008580 -52.211077
-343.514597 199.567320 -51.000608
-345.005426 200.126061 -49.790138
-346.496255 200.684802 -48.579668
-347.987085 201.243542 -47.369199
-349.477914 201.802283 -46.158729
-350.968743 202.361024 -44.948259
-352.459573 202.919764 -43.737790
-353.950402 203.478505 -42.527320
-355.441231 204.037246 -41.316850
-356.932061 204.595986 -40.106381
-358.422890 205.154727 -38.895911
-359.913719 205.713468 -37.685441
-361.404549 206.272208 -36.474972
-362.895378 206.830949 -35.264502
-364.386207 207.389690 -34.054033
-365.877037 207.948430 -32.843563
-367.367866 208.507171 -31.633093
-368.858695 209.065912 -30.422624
-370.349525 209.624652 -29.212154
-144.831883 -69.682017 -308.120427
-146.125942 -69.404807 -306.620906
-147.420002 -69.127596 -305.121385
-148.714061 -68.850385 -303.621863
-150.008120 -68.573174 -302.122342
-151.302180 -68.295964 -300.622820
-152.596239 -68.018753 -299.123299
-153.890298 -67.741542 -297.623777
-155.184358 -67.464331 -296.124256
-156.478417 -67.187121 -294.624734
-157.772476 -66.909910 -293.125213
-159.066536 -66.632699 -291.625691
-160.360595 -66.355488 -290.126170
-161.654654 -66.078278 -288.626648
-162.948714 -65.801067 -287.127127
-164.242773 -65.523856 -285.627605
-165.536832 -65.246645 -284.128084
-166.830892 -64.969435 -282.628562
-168.124951 -64.692224 -281.129041
-169.419010 -64.415013 -279.629519
-170.713070 -64.137802 -278.129998
-172.007129 -63.860592 -276.630477
-173.301188 -63.583381 -275.130955
-174.595248 -63.306170 -273.631434
-175.889307 -63.028959 -272.131912
-177.183366 -62.751749 -270.632391
-178.477426 -62.474538 -269.132869
-179.771485 -62.197327 -267.633348
-181.065544 -61.920116 -266.133826
-182.359604 -61.642906 -264.634305
-183.653663 -61.365695 -263.134783
-184.947722 -61.088484 -261.635262
-186.241782 -60.811273 -260.135740
-187.535841 -60.534063 -258.636219
-188.829900 -60.256852 -257.136697
-190.123960 -59.979641 -255.637176
-191.418019 -59.702430 -254.137654
-192.712078 -59.425220 -252.638133
-194.006138 -59.148009 -251.138611
-195.300197 -58.870798 -249.639090
-196.594256 -58.593587 -248.139569
-197.888316 -58.316377 -246.640047
-199.182375 -58.039166 -245.140526
-200.476434 -57.761955 -243.641004
-201.770494 -57.484744 -242.141483
-203.064553 -57.207534 -240.641961
-204.358612 -56.930323 -239.142440
-205.652672 -56.653112 -237.642918
-206.946731 -56.375901 -236.143397
-208.240790 -56.098691 -234.643875
-209.534850 -55.821480 -233.144354
-210.828909 -55.544269 -231.644832
-212.122968 -55.267058 -230.145311
-213.417028 -54.989848 -228.645789
-214.711087 -54.712637 -227.146268
-216.005146 -54.435426 -225.646746
-217.299206 -54.158215 -224.147225
-218.593265 -53.881005 -222.647703
-219.887324 -53.603794 -221.148182
-221.181384 -53.326583 -219.648661
-222.475443 -53.049372 -218.149139
-223.769502 -52.772162 -216.649618
-225.063562 -52.494951 -215.150096
-226.357621 -52.217740 -213.650575
-227.651680 -51.940529 -212.151053
-228.945740 -51.663319 -210.651532
-230.239799 -51.386108 -209.152010
-231.533858 -51.108897 -207.652489
-232.827918 -50.831686 -206.152967
-234.121977 -50.554476 -204.653446
-34.044887 -364.756391 194.064539
-35.270758 -363.184444 193.902599
-36.496629 -361.612497 193.740659
-37.722500 -360.040551 193.578719
-38.948370 -358.468604 193.416779
-40.174241 -356.896657 193.254839
-41.400112 -355.324711 193.092899
-42.625983 -353.752764 192.930959
-43.851853 -352.180817 192.769019
-45.077724 -350.608871 192.607079
-46.303595 -349.036924 192.445139
-47.529466 -347.464977 192.283199
-48.755336 -345.893031 192.121258
-49.981207 -344.321084 191.959318
-51.207078 -342.749137 191.797378
-52.432949 -341.177191 191.635438
-53.658819 -339.605244 191.473498
-54.884690 -338.033297 191.311558
-56.110561 -336.461351 191.149618
-57.336432 -334.889404 190.987678
-58.562302 -333.317457 190.825738
-59.788173 -331.745511 190.663798
-61.014044 -330.173564 190.501858
-62.239915 -328.601617 190.339918
-63.465785 -327.029671 190.177978
-64.691656 -325.457724 190.016038
-65.917527 -323.885777 189.854097
-67.143398 -322.313831 189.692157
-68.369268 -320.741884 189.530217
-69.595139 -319.169937 189.368277
-70.821010 -317.597991 189.206337
-72.046881 -316.026044 189.044397
-73.272751 -314.454097 188.882457
-74.498622 -312.882151 188.720517
-75.724493 -311.310204 188.558577
-76.950364 -309.738257 188.396637
-78.176234 -308.166311 188.234697
-79.402105 -306.594364 188.072757
-80.627976 -305.022417 187.910817
-81.853847 -303.450471 187.748876
-83.079717 -301.878524 187.586936
-84.305588 -300.306577 187.424996
-85.531459 -298.734631 187.263056
-86.757330 -297.162684 187.101116
-87.983200 -295.590737 186.939176
-89.209071 -294.018791 186.777236
-90.434942 -292.446844 186.615296
-91.660813 -290.874897 186.453356
-92.886683 -289.302951 186.291416
-94.112554 -287.731004 186.129476
-95.338425 -286.159057 185.967536
-96.564296 -284.587111 185.805596
-97.790166 -283.015164 185.643655
-99.016037 -281.443217 185.481715
-100.241908 -279.871271 185.319775
-101.467779 -278.299324 185.157835
-102.693649 -276.727377 184.995895
-103.919520 -275.155431 184.833955
-105.145391 -273.583484 184.672015
-106.371262 -272.011538 184.510075
-107.597132 -270.439591 184.348135
-108.823003 -268.867644 184.186195
-110.048874 -267.295698 184.024255
-111.274745 -265.723751 183.862315
-112.500615 -264.151804 183.700375
-113.726486 -262.579858 183.538434
-114.952357 -261.007911 183.376494
-116.178228 -259.435964 183.214554
-117.404098 -257.864018 183.052614
-118.629969 -256.292071 182.890674
328.119808 -203.979234 376.529022
326.247065 -204.681151 376.541150
324.374322 -205.383068 376.553278
322.501580 -206.084985 376.565406
320.628837 -206.786902 376.577533
318.756094 -207.488819 376.589661
316.883351 -208.190736 376.601789
315.010609 -208.892653 376.613917
313.137866 -209.594570 376.626044
311.265123 -210.296487 376.638172
309.392380 -210.998404 376.650300
307.519638 -211.700321 376.662428
305.646895 -212.402238 376.674555
303.774152 -213.104155 376.686683
301.901409 -213.806072 376.698811
300.028666 -214.507989 376.710939
298.155924 -215.209906 376.723066
296.283181 -215.911823 376.735194
294.410438 -216.613740 376.747322
292.537695 -217.315657 376.759450
290.664953 -218.017574 376.771577
288.792210 -218.719491 376.783705
286.919467 -219.421408 376.795833
285.046724 -220.123325 376.807961
283.173982 -220.825242 376.820088
281.301239 -221.527159 376.832216
279.428496 -222.229076 376.844344
277.555753 -222.930993 376.856472
275.683010 -223.632910 376.868599
273.810268 -224.334827 376.880727
271.937525 -225.036744 376.892855
270.064782 -225.738661 376.904982
268.192039 -226.440578 376.917110
266.319297 -227.142495 376.929238
264.446554 -227.844412 376.941366
262.573811 -228.546329 376.953493
260.701068 -229.248246 376.965621
258.828326 -229.950163 376.977749
256.955583 -230.652080 376.989877
255.082840 -231.353997 377.002004
253.210097 -232.055914 377.014132
251.337355 -232.757831 377.026260
249.464612 -233.459748 377.038388
247.591869 -234.161665 377.050515
245.719126 -234.863581 377.062643
243.846383 -235.565498 377.074771
241.973641 -236.267415 377.086899
240.100898 -236.969332 377.099026
238.228155 -237.671249 377.111154
236.355412 -238.373166 377.123282
234.482670 -239.075083 377.135410
232.609927 -239.777000 377.147537
230.737184 -240.478917 377.159665
228.864441 -241.180834 377.171793
226.991699 -241.882751 377.183921
225.118956 -242.584668 377.196048
223.246213 -243.286585 377.208176
221.373470 -243.988502 377.220304
219.500728 -244.690419 377.232432
217.627985 -245.392336 377.244559
215.755242 -246.094253 377.256687
213.882499 -246.796170 377.268815
212.009756 -247.498087 377.280943
210.137014 -248.200004 377.293070
208.264271 -248.901921 377.305198
206.391528 -249.603838 377.317326
204.518785 -250.305755 377.329454
202.646043 -251.007672 377.341581
200.773300 -251.709589 377.353709
198.900557 -252.411506 377.365837
-9.562452 308.802068 -87.056656
-8.362199 307.242854 -86.698546
-7.161946 305.683639 -86.340436
-5.961694 304.124424 -85.982326
-4.761441 302.565209 -85.624216
-3.561189 301.005994 -85.266106
-2.360936 299.446779 -84.907997
-1.160683 297.887565 -84.549887
0.039569 296.328350 -84.191777
1.239822 294.769135 -83.833667
2.440075 293.209920 -83.475557
3.640327 291.650705 -83.117447
4.840580 290.091490 -82.759337
6.040833 288.532276 -82.401227
7.241085 286.973061 -82.043117
8.441338 285.413846 -81.685007
9.641590 283.854631 -81.326898
10.841843 282.295416 -80.968788
12.042096 280.736201 -80.610678
13.242348 279.176987 -80.252568
14.442601 277.617772 -79.894458
15.642854 276.058557 -79.536348
16.843106 274.499342 -79.178238
18.043359 272.940127 -78.820128
19.243612 271.380912 -78.462018
20.443864 269.821698 -78.103908
21.644117 268.262483 -77.745798
22.844369 266.703268 -77.387689
24.044622 265.144053 -77.029579
25.244875 263.584838 -76.671469
26.445127 262.025623 -76.313359
27.645380 260.466409 -75.955249
28.845633 258.907194 -75.597139
30.045885 257.347979 -75.239029
31.246138 255.788764 -74.880919
32.446391 254.229549 -74.522809
33.646643 252.670334 -74.164699
34.846896 251.111120 -73.806589
36.047148 249.551905 -73.448480
37.247401 247.992690 -73.090370
38.447654 246.433475 -72.732260
39.647906 244.874260 -72.374150
40.848159 243.315045 -72.016040
42.048412 241.755831 -71.657930
43.248664 240.196616 -71.299820
44.448917 238.637401 -70.941710
45.649170 237.078186 -70.583600
46.849422 235.518971 -70.225490
48.049675 233.959756 -69.867380
49.249928 232.400542 -69.509271
50.450180 230.841327 -69.151161
51.650433 229.282112 -68.793051
52.850685 227.722897 -68.434941
54.050938 226.163682 -68.076831
55.251191 224.604467 -67.718721
56.451443 223.045253 -67.360611
57.651696 221.486038 -67.002501
58.851949 219.926823 -66.644391
60.052201 218.367608 -66.286281
61.252454 216.808393 -65.928171
62.452707 215.249178 -65.570062
63.652959 213.689964 -65.211952
64.853212 212.130749 -64.853842
66.053464 210.571534 -64.495732
67.253717 209.012319 -64.137622
68.453970 207.453104 -63.779512
69.654222 205.893889 -63.421402
70.854475 204.334675 -63.063292
72.054728 202.775460 -62.705182
73.254980 201.216245 -62.347072
140.762824 316.956139 270.350513
142.198516 315.652202 269.862111
143.634207 314.348264 269.373709
145.069899 313.044326 268.885307
146.505590 311.740389 268.396905
147.941282 310.436451 267.908503
149.376973 309.132514 267.420101
150.812665 307.828576 266.931700
152.248357 306.524638 266.443298
153.684048 305.220701 265.954896
155.119740 303.916763 265.466494
156.555431 302.612826 264.978092
157.991123 301.308888 264.489690
159.426814 300.004950 264.001288
160.862506 298.701013 263.512886
162.298198 297.397075 263.024484
163.733889 296.093137 262.536082
165.169581 294.789200 262.047680
166.605272 293.485262 261.559278
168.040964 292.181325 261.070877
169.476655 290.877387 260.582475
170.912347 289.573449 260.094073
172.348039 288.269512 259.605671
173.783730 286.965574 259.117269
175.219422 285.661637 258.628867
176.655113 284.357699 258.140465
178.090805 283.053761 257.652063
179.526496 281.749824 257.163661
180.962188 280.445886 256.675259
182.397880 279.141949 256.186857
183.833571 277.838011 255.698456
185.269263 276.534073 255.210054
186.704954 275.230136 254.721652
188.140646 273.926198 254.233250
189.576337 272.622261 253.744848
191.012029 271.318323 253.256446
192.447721 270.014385 252.768044
193.883412 268.710448 252.279642
195.319104 267.406510 251.791240
196.754795 266.102572 251.302838
198.190487 264.798635 250.814436
199.626178 263.494697 250.326034
201.061870 262.190760 249.837633
202.497562 260.886822 249.349231
203.933253 259.582884 248.860829
205.368945 258.278947 248.372427
206.804636 256.975009 247.884025
208.240328 255.671072 247.395623
209.676019 254.367134 246.907221
211.111711 253.063196 246.418819
212.547403 251.759259 245.930417
213.983094 250.455321 245.442015
215.418786 249.151384 244.953613
216.854477 247.847446 244.465212
218.290169 246.543508 243.976810
219.725860 245.239571 243.488408
221.161552 243.935633 243.000006
222.597244 242.631696 242.511604
224.032935 241.327758 242.023202
225.468627 240.023820 241.534800
226.904318 238.719883 241.046398
228.340010 237.415945 240.557996
229.775701 236.112008 240.069594
231.211393 234.808070 239.581192
232.647085 233.504132 239.092790
234.082776 232.200195 238.604389
235.518468 230.896257 238.115987
236.954159 229.592319 237.627585
238.389851 228.288382 237.139183
239.825542 226.984444 236.650781
267.799362 42.103386 190.989189
267.061732 43.929974 190.643532
266.324102 45.756562 190.297874
265.586472 47.583150 189.952217
264.848842 49.409738 189.606560
264.111212 51.236326 189.260902
263.373582 53.062913 188.915245
262.635952 54.889501 188.569588
261.898322 56.716089 188.223930
261.160692 58.542677 187.878273
260.423062 60.369265 187.532616
259.685432 62.195852 187.186958
258.947803 64.022440 186.841301
258.210173 65.849028 186.495644
257.472543 67.675616 186.149986
256.734913 69.502204 185.804329
255.997283 71.328792 185.458672
255.259653 73.155379 185.113014
254.522023 74.981967 184.767357
253.784393 76.808555 184.421700
253.046763 78.635143 184.076042
252.309133 80.461731 183.730385
251.571503 82.288318 183.384728
250.833873 84.114906 183.039070
250.096243 85.941494 182.693413
249.358613 87.768082 182.347756
248.620983 89.594670 182.002098
247.883353 91.421257 181.656441
247.145723 93.247845 181.310784
246.408093 95.074433 180.965126
245.670463 96.901021 180.619469
244.932833 98.727609 180.273812
244.195203 100.554197 179.928154
243.457573 102.380784 179.582497
242.719943 104.207372 179.236840
241.982313 106.033960 178.891182
241.244683 107.860548 178.545525
240.507053 109.687136 178.199868
239.769423 111.513723 177.854210
239.031793 113.340311 177.508553
238.294163 115.166899 177.162896
237.556533 116.993487 176.817238
236.818904 118.820075 176.471581
236.081274 120.646662 176.125924
235.343644 122.473250 175.780266
234.606014 124.299838 175.434609
233.868384 126.126426 175.088952
233.130754 127.953014 174.743294
232.393124 129.779602 174.397637
231.655494 131.606189 174.051980
230.917864 133.432777 173.706322
230.180234 135.259365 173.360665
229.442604 137.085953 173.015008
228.704974 138.912541 172.669350
227.967344 140.739128 172.323693
227.229714 142.565716 171.978036
226.492084 144.392304 171.632378
225.754454 146.218892 171.286721
225.016824 148.045480 170.941064
224.279194 149.872067 170.595406
223.541564 151.698655 170.249749
222.803934 153.525243 169.904092
222.066304 155.351831 169.558434
221.328674 157.178419 169.212777
220.591044 159.005007 168.867120
219.853414 160.831594 168.521462
219.115784 162.658182 168.175805
218.378154 164.484770 167.830148
217.640524 166.311358 167.484490
216.902894 168.137946 167.138833
-33.199167 210.731823 286.038284
-33.989162 209.317690 287.211372
-34.779157 207.903556 288.384459
-35.569152 206.489423 289.557547
-36.359148 205.075290 290.730634
-37.149143 203.661156 291.903721
-37.939138 202.247023 293.076809
-38.729134 200.832889 294.249896
-39.519129 199.418756 295.422984
-40.309124 198.004622 296.596071
-41.099119 196.590489 297.769158
-41.889115 195.176356 298.942246
-42.679110 193.762222 300.115333
-43.469105 192.348089 301.288421
-44.259101 190.933955 302.461508
-45.049096 189.519822 303.634596
-45.839091 188.105688 304.807683
-46.629087 186.691555 305.980770
-47.419082 185.277422 307.153858
-48.209077 183.863288 308.326945
-48.999072 182.449155 309.500033
-49.789068 181.035021 310.673120
-50.579063 179.620888 311.846207
-51.369058 178.206754 313.019295
-52.159054 176.792621 314.192382
-52.949049 175.378487 315.365470
-53.739044 173.964354 316.538557
-54.529040 172.550221 317.711644
-55.319035 171.136087 318.884732
-56.109030 169.721954 320.057819
-56.899025 168.307820 321.230907
-57.689021 166.893687 322.403994
-58.479016 165.479553 323.577081
-59.269011 164.065420 324.750169
-60.059007 162.651287 325.923256
-60.849002 161.237153 327.096344
-61.638997 159.823020 328.269431
-62.428992 158.408886 329.442519
-63.218988 156.994753 330.615606
-64.008983 155.580619 331.788693
-64.798978 154.166486 332.961781
-65.588974 152.752353 334.134868
-66.378969 151.338219 335.307956
-67.168964 149.924086 336.481043
-67.958960 148.509952 337.654130
-68.748955 147.095819 338.827218
-69.538950 145.681685 340.000305
-70.328945 144.267552 341.173393
-71.118941 142.853419 342.346480
-71.908936 141.439285 343.519567
-72.698931 140.025152 344.692655
-73.488927 138.611018 345.865742
-74.278922 137.196885 347.038830
-75.068917 135.782751 348.211917
-75.858912 134.368618 349.385004
-76.648908 132.954484 350.558092
-77.438903 131.540351 351.731179
-78.228898 130.126218 352.904267
-79.018894 128.712084 354.077354
-79.808889 127.297951 355.250441
-80.598884 125.883817 356.423529
-81.388880 124.469684 357.596616
-82.178875 123.055550 358.769704
-82.968870 121.641417 359.942791
-83.758865 120.227284 361.115879
-84.548861 118.813150 362.288966
-85.338856 117.399017 363.462053
-86.128851 115.984883 364.635141
-86.918847 114.570750 365.808228
-87.708842 113.156616 366.981316
-139.003722 331.164222 170.650267
-137.435070 329.933315 170.494708
-135.866419 328.702408 170.339148
-134.297767 327.471501 170.183588
-132.729115 326.240594 170.028029
-131.160463 325.009687 169.872469
-129.591811 323.778779 169.716910
-128.023159 322.547872 169.561350
-126.454507 321.316965 169.405790
-124.885855 320.086058 169.250231
-123.317203 318.855151 169.094671
-121.748551 317.624244 168.939112
-120.179899 316.393337 168.783552
-118.611247 315.162430 168.627992
-117.042595 313.931523 168.472433
-115.473943 312.700616 168.316873
-113.905291 311.469708 168.161313
-112.336639 310.238801 168.005754
-110.767987 309.007894 167.850194
-109.199336 307.776987 167.694635
-107.630684 306.546080 167.539075
-106.062032 305.315173 167.383515
-104.493380 304.084266 167.227956
-102.924728 302.853359 167.072396
-101.356076 301.622452 166.916837
-99.787424 300.391545 166.761277
-98.218772 299.160637 166.605717
-96.650120 297.929730 166.450158
-95.081468 296.698823 166.294598
-93.512816 295.467916 166.139038
-91.944164 294.237009 165.983479
-90.375512 293.006102 165.827919
-88.806860 291.775195 165.672360
-87.238208 290.544288 165.516800
-85.669556 289.313381 165.361240
-84.100904 288.082474 165.205681
-82.532252 286.851566 165.050121
-80.963601 285.620659 164.894562
-79.394949 284.389752 164.739002
-77.826297 283.158845 164.583442
-76.257645 281.927938 164.427883
-74.688993 280.697031 164.272323
-73.120341 279.466124 164.116763
-71.551689 278.235217 163.961204
-69.983037 277.004310 163.805644
-68.414385 275.773403 163.650085
-66.845733 274.542495 163.494525
-65.277081 273.311588 163.338965
-63.708429 272.080681 163.183406
-62.139777 270.849774 163.027846
-60.571125 269.618867 162.872287
-59.002473 268.387960 162.716727
-57.433821 267.157053 162.561167
-55.865169 265.926146 162.405608
-54.296518 264.695239 162.250048
-52.727866 263.464332 162.094488
-51.159214 262.233424 161.938929
-49.590562 261.002517 161.783369
-48.021910 259.771610 161.627810
-46.453258 258.540703 161.472250
-44.884606 257.309796 161.316690
-43.315954 256.078889 161.161131
-41.747302 254.847982 161.005571
-40.178650 253.617075 160.850012
-38.609998 252.386168 160.694452
-37.041346 251.155261 160.538892
-35.472694 249.924353 160.383333
-33.904042 248.693446 160.227773
-32.335390 247.462539 160.072213
-30.766738 246.231632 159.916654
177.492425 -227.299302 -331.865085
179.360658 -227.436578 -331.164471
181.228892 -227.573854 -330.463858
183.097125 -227.711130 -329.763245
184.965358 -227.848407 -329.062631
186.833592 -227.985683 -328.362018
188.701825 -228.122959 -327.661405
190.570059 -228.260236 -326.960791
192.438292 -228.397512 -326.260178
194.306526 -228.534788 -325.559565
196.174759 -228.672064 -324.858951
198.042992 -228.809341 -324.158338
199.911226 -228.946617 -323.457725
201.779459 -229.083893 -322.757111
203.647693 -229.221169 -322.056498
205.515926 -229.358446 -321.355884
207.384160 -229.495722 -320.655271
209.252393 -229.632998 -319.954658
211.120626 -229.770275 -319.254044
212.988860 -229.907551 -318.553431
214.857093 -230.044827 -317.852818
216.725327 -230.182103 -317.152204
218.593560 -230.319380 -316.451591
220.461794 -230.456656 -315.750978
222.330027 -230.593932 -315.050364
224.198260 -230.731208 -314.349751
226.066494 -230.868485 -313.649138
227.934727 -231.005761 -312.948524
229.802961 -231.143037 -312.247911
231.671194 -231.280314 -311.547298
233.539428 -231.417590 -310.846684
235.407661 -231.554866 -310.146071
237.275894 -231.692142 -309.445457
239.144128 -231.829419 -308.744844
241.012361 -231.966695 -308.044231
242.880595 -232.103971 -307.343617
244.748828 -232.241247 -306.643004
246.617062 -232.378524 -305.942391
248.485295 -232.515800 -305.241777
250.353528 -232.653076 -304.541164
252.221762 -232.790353 -303.840551
254.089995 -232.927629 -303.139937
255.958229 -233.064905 -302.439324
257.826462 -233.202181 -301.738711
259.694696 -233.339458 -301.038097
261.562929 -233.476734 -300.337484
263.431162 -233.614010 -299.636870
265.299396 -233.751286 -298.936257
267.167629 -233.888563 -298.235644
269.035863 -234.025839 -297.535030
270.904096 -234.163115 -296.834417
272.772330 -234.300392 -296.133804
274.640563 -234.437668 -295.433190
276.508796 -234.574944 -294.732577
278.377030 -234.712220 -294.031964
280.245263 -234.849497 -293.331350
282.113497 -234.986773 -292.630737
283.981730 -235.124049 -291.930124
285.849964 -235.261325 -291.229510
287.718197 -235.398602 -290.528897
289.586431 -235.535878 -289.828283
291.454664 -235.673154 -289.127670
293.322897 -235.810431 -288.427057
295.191131 -235.947707 -287.726443
297.059364 -236.084983 -287.025830
298.927598 -236.222259 -286.325217
300.795831 -236.359536 -285.624603
302.664065 -236.496812 -284.923990
304.532298 -236.634088 -284.223377
306.400531 -236.771364 -283.522763
131.480716 -27.653150 334.987044
129.684505 -28.507766 335.195024
127.888293 -29.362383 335.403003
126.092082 -30.217000 335.610983
124.295871 -31.071617 335.818962
122.499660 -31.926234 336.026942
120.703449 -32.780850 336.234922
118.907238 -33.635467 336.442901
117.111026 -34.490084 336.650881
115.314815 -35.344701 336.858860
113.518604 -36.199318 337.066840
111.722393 -37.053935 337.274820
109.926182 -37.908551 337.482799
108.129970 -38.763168 337.690779
106.333759 -39.617785 337.898758
104.537548 -40.472402 338.106738
102.741337 -41.327019 338.314718
100.945126 -42.181635 338.522697
99.148915 -43.036252 338.730677
97.352703 -43.890869 338.938656
95.556492 -44.745486 339.146636
93.760281 -45.600103 339.354616
91.964070 -46.454720 339.562595
90.167859 -47.309336 339.770575
88.371648 -48.163953 339.978554
86.575436 -49.018570 340.186534
84.779225 -49.873187 340.394513
82.983014 -50.727804 340.602493
81.186803 -51.582420 340.810473
79.390592 -52.437037 341.018452
77.594380 -53.291654 341.226432
75.798169 -54.146271 341.434411
74.001958 -55.000888 341.642391
72.205747 -55.855505 341.850371
70.409536 -56.710121 342.058350
68.613325 -57.564738 342.266330
66.817113 -58.419355 342.474309
65.020902 -59.273972 342.682289
63.224691 -60.128589 342.890269
61.428480 -60.983205 343.098248
59.632269 -61.837822 343.306228
57.836058 -62.692439 343.514207
56.039846 -63.547056 343.722187
54.243635 -64.401673 343.930166
52.447424 -65.256290 344.138146
50.651213 -66.110906 344.346126
48.855002 -66.965523 344.554105
47.058791 -67.820140 344.762085
45.262579 -68.674757 344.970064
43.466368 -69.529374 345.178044
41.670157 -70.383990 345.386024
39.873946 -71.238607 345.594003
38.077735 -72.093224 345.801983
36.281523 -72.947841 346.009962
34.485312 -73.802458 346.217942
32.689101 -74.657075 346.425922
30.892890 -75.511691 346.633901
29.096679 -76.366308 346.841881
27.300468 -77.220925 347.049860
25.504256 -78.075542 347.257840
23.708045 -78.930159 347.465820
21.911834 -79.784775 347.673799
20.115623 -80.639392 347.881779
18.319412 -81.494009 348.089758
16.523201 -82.348626 348.297738
14.726989 -83.203243 348.505717
12.930778 -84.057859 348.713697
11.134567 -84.912476 348.921677
9.338356 -85.767093 349.129656
7.542145 -86.621710 349.337636
-399.988668 180.141437 -86.797509
-398.705950 181.439676 -87.615563
-397.423233 182.737915 -88.433617
-396.140516 184.036153 -89.251671
-394.857798 185.334392 -90.069725
-393.575081 186.632631 -90.887779
-392.292364 187.930870 -91.705833
-391.009646 189.229108 -92.523887
-389.726929 190.527347 -93.341941
-388.444212 191.825586 -94.159995
-387.161494 193.123825 -94.978049
-385.878777 194.422064 -95.796103
-384.596060 195.720302 -96.614157
-383.313342 197.018541 -97.432211
-382.030625 198.316780 -98.250265
-380.747908 199.615019 -99.068319
-379.465190 200.913257 -99.886373
-378.182473 202.211496 -100.704427
-376.899756 203.509735 -101.522481
-375.617038 204.807974 -102.340535
-374.334321 206.106213 -103.158589
-373.051604 207.404451 -103.976643
-371.768886 208.702690 -104.794697
-370.486169 210.000929 -105.612751
-369.203452 211.299168 -106.430805
-367.920734 212.597406 -107.248859
-366.638017 213.895645 -108.066913
-365.355300 215.193884 -108.884967
-364.072583 216.492123 -109.703021
-362.789865 217.790361 -110.521075
-361.507148 219.088600 -111.339129
-360.224431 220.386839 -112.157183
-358.941713 221.685078 -112.975237
-357.658996 222.983317 -113.793291
-356.376279 224.281555 -114.611345
-355.093561 225.579794 -115.429399
-353.810844 226.878033 -116.247453
-352.528127 228.176272 -117.065507
-351.245409 229.474510 -117.883561
-349.962692 230.772749 -118.701615
-348.679975 232.070988 -119.519669
-347.397257 233.369227 -120.337723
-346.114540 234.667466 -121.155777
-344.831823 235.965704 -121.973831
-343.549105 237.263943 -122.791885
-342.266388 238.562182 -123.609939
-340.983671 239.860421 -124.427993
-339.700953 241.158659 -125.246047
-338.418236 242.456898 -126.064101
-337.135519 243.755137 -126.882155
-335.852801 245.053376 -127.700209
-334.570084 246.351615 -128.518263
-333.287367 247.649853 -129.336317
-332.004649 248.948092 -130.154371
-330.721932 250.246331 -130.972425
-329.439215 251.544570 -131.790479
-328.156497 252.842808 -132.608533
-326.873780 254.141047 -133.426587
-325.591063 255.439286 -134.244641
-324.308345 256.737525 -135.062695
-323.025628 258.035764 -135.880749
-321.742911 259.334002 -136.698803
-320.460193 260.632241 -137.516857
-319.177476 261.930480 -138.334911
-317.894759 263.228719 -139.152965
-316.612041 264.526957 -139.971019
-315.329324 265.825196 -140.789073
-314.046607 267.123435 -141.607127
-312.763889 268.421674 -142.425181
-311.481172 269.719912 -143.243235
91.021401 237.035972 66.441475
89.974447 238.614495 65.799485
88.927494 240.193019 65.157495
87.880540 241.771542 64.515505
86.833586 243.350066 63.873515
85.786632 244.928590 63.231525
84.739679 246.507113 62.589535
83.692725 248.085637 61.947545
82.645771 249.664160 61.305555
81.598817 251.242684 60.663565
80.551864 252.821208 60.021576
79.504910 254.399731 59.379586
78.457956 255.978255 58.737596
77.411002 257.556778 58.095606
76.364048 259.135302 57.453616
75.317095 260.713826 56.811626
74.270141 262.292349 56.169636
73.223187 263.870873 55.527646
72.176233 265.449396 54.885656
71.129280 267.027920 54.243666
70.082326 268.606444 53.601676
69.035372 270.184967 52.959686
67.988418 271.763491 52.317696
66.941465 273.342014 51.675707
65.894511 274.920538 51.033717
64.847557 276.499062 50.391727
63.800603 278.077585 49.749737
62.753649 279.656109 49.107747
61.706696 281.234632 48.465757
60.659742 282.813156 47.823767
59.612788 284.391680 47.181777
58.565834 285.970203 46.539787
57.518881 287.548727 45.897797
56.471927 289.127250 45.255807
55.424973 290.705774 44.613817
54.378019 292.284298 43.971828
53.331065 293.862821 43.329838
52.284112 295.441345 42.687848
51.237158 297.019868 42.045858
50.190204 298.598392 41.403868
49.143250 300.176915 40.761878
48.096297 301.755439 40.119888
47.049343 303.333963 39.477898
46.002389 304.912486 38.835908
44.955435 306.491010 38.193918
43.908482 308.069533 37.551928
42.861528 309.648057 36.909938
41.814574 311.226581 36.267949
40.767620 312.805104 35.625959
39.720666 314.383628 34.983969
38.673713 315.962151 34.341979
37.626759 317.540675 33.699989
36.579805 319.119199 33.057999
35.532851 320.697722 32.416009
34.485898 322.276246 31.774019
33.438944 323.854769 31.132029
32.391990 325.433293 30.490039
31.345036 327.011817 29.848049
30.298083 328.590340 29.206059
29.251129 330.168864 28.564070
28.204175 331.747387 27.922080
27.157221 333.325911 27.280090
26.110267 334.904435 26.638100
25.063314 336.482958 25.996110
24.016360 338.061482 25.354120
22.969406 339.640005 24.712130
21.922452 341.218529 24.070140
20.875499 342.797053 23.428150
19.828545 344.375576 22.786160
18.781591 345.954100 22.144170
-348.893783 277.915229 -79.657301
-348.337306 279.668226 -78.871596
-347.780829 281.421224 -78.085891
-347.224351 283.174222 -77.300186
-346.667874 284.927219 -76.514481
-346.111397 286.680217 -75.728776
-345.554920 288.433214 -74.943071
-344.998443 290.186212 -74.157366
-344.441965 291.939210 -73.371661
-343.885488 293.692207 -72.585956
-343.329011 295.445205 -71.800251
-342.772534 297.198203 -71.014546
-342.216056 298.951200 -70.228841
-341.659579 300.704198 -69.443136
-341.103102 302.457196 -68.657431
-340.546625 304.210193 -67.871726
-339.990148 305.963191 -67.086021
-339.433670 307.716188 -66.300316
-338.877193 309.469186 -65.514611
-338.320716 311.222184 -64.728906
-337.764239 312.975181 -63.943201
-337.207762 314.728179 -63.157496
-336.651284 316.481177 -62.371790
-336.094807 318.234174 -61.586085
-335.538330 319.987172 -60.800380
-334.981853 321.740170 -60.014675
-334.425376 323.493167 -59.228970
-333.868898 325.246165 -58.443265
-333.312421 326.999162 -57.657560
-332.755944 328.752160 -56.871855
-332.199467 330.505158 -56.086150
-331.642990 332.258155 -55.300445
-331.086512 334.011153 -54.514740
-330.530035 335.764151 -53.729035
-329.973558 337.517148 -52.943330
-329.417081 339.270146 -52.157625
-328.860604 341.023144 -51.371920
-328.304126 342.776141 -50.586215
-327.747649 344.529139 -49.800510
-327.191172 346.282136 -49.014805
-326.634695 348.035134 -48.229100
-326.078218 349.788132 -47.443395
-325.521740 351.541129 -46.657690
-324.965263 353.294127 -45.871985
-324.408786 355.047125 -45.086280
-323.852309 356.800122 -44.300574
-323.295832 358.553120 -43.514869
-322.739354 360.306118 -42.729164
-322.182877 362.059115 -41.943459
-321.626400 363.812113 -41.157754
-321.069923 365.565110 -40.372049
-320.513446 367.318108 -39.586344
-319.956968 369.071106 -38.800639
-319.400491 370.824103 -38.014934
-318.844014 372.577101 -37.229229
-318.287537 374.330099 -36.443524
-317.731060 376.083096 -35.657819
-317.174582 377.836094 -34.872114
-316.618105 379.589091 -34.086409
-316.061628 381.342089 -33.300704
-315.505151 383.095087 -32.514999
-314.948674 384.848084 -31.729294
-314.392196 386.601082 -30.943589
-313.835719 388.354080 -30.157884
-313.279242 390.107077 -29.372179
-312.722765 391.860075 -28.586474
-312.166288 393.613073 -27.800769
-311.609810 395.366070 -27.015063
-311.053333 397.119068 -26.229358
-310.496856 398.872065 -25.443653
11.593134 110.575137 -224.949726
13.515803 110.061314 -225.148042
15.438473 109.547491 -225.346358
17.361142 109.033668 -225.544675
19.283811 108.519846 -225.742991
21.206480 108.006023 -225.941307
23.129149 107.492200 -226.139623
25.051818 106.978377 -226.337940
26.974488 106.464554 -226.536256
28.897157 105.950731 -226.734572
30.819826 105.436908 -226.932888
32.742495 104.923085 -227.131204
34.665164 104.409262 -227.329521
36.587833 103.895439 -227.527837
38.510503 103.381616 -227.726153
40.433172 102.867793 -227.924469
42.355841 102.353971 -228.122786
44.278510 101.840148 -228.321102
46.201179 101.326325 -228.519418
48.123848 100.812502 -228.717734
50.046517 100.298679 -228.916051
51.969187 99.784856 -229.114367
53.891856 99.271033 -229.312683
55.814525 98.757210 -229.510999
57.737194 98.243387 -229.709316
59.659863 97.729564 -229.907632
61.582532 97.215741 -230.105948
63.505202 96.701918 -230.304264
65.427871 96.188096 -230.502580
67.350540 95.674273 -230.700897
69.273209 95.160450 -230.899213
71.195878 94.646627 -231.097529
73.118547 94.132804 -231.295845
75.041216 93.618981 -231.494162
76.963886 93.105158 -231.692478
78.886555 92.591335 -231.890794
80.809224 92.077512 -232.089110
82.731893 91.563689 -232.287427
84.654562 91.049866 -232.485743
86.577231 90.536043 -232.684059
88.499901 90.022221 -232.882375
90.422570 89.508398 -233.080692
92.345239 88.994575 -233.279008
94.267908 88.480752 -233.477324
96.190577 87.966929 -233.675640
98.113246 87.453106 -233.873956
100.035915 86.939283 -234.072273
101.958585 86.425460 -234.270589
103.881254 85.911637 -234.468905
105.803923 85.397814 -234.667221
107.726592 84.883991 -234.865538
109.649261 84.370168 -235.063854
111.571930 83.856346 -235.262170
113.494600 83.342523 -235.460486
115.417269 82.828700 -235.658803
117.339938 82.314877 -235.857119
119.262607 81.801054 -236.055435
121.185276 81.287231 -236.253751
123.107945 80.773408 -236.452068
125.030614 80.259585 -236.650384
126.953284 79.745762 -236.848700
128.875953 79.231939 -237.047016
130.798622 78.718116 -237.245332
132.721291 78.204293 -237.443649
134.643960 77.690471 -237.641965
136.566629 77.176648 -237.840281
138.489299 76.662825 -238.038597
140.411968 76.149002 -238.236914
142.334637 75.635179 -238.435230
144.257306 75.121356 -238.633546
269.023784 239.326415 -92.862472
268.339349 240.983646 -93.748550
267.654915 242.640877 -94.634628
266.970480 244.298108 -95.520706
266.286046 245.955339 -96.406784
265.601611 247.612570 -97.292863
264.917176 249.269801 -98.178941
264.232742 250.927032 -99.065019
263.548307 252.584263 -99.951097
262.863872 254.241494 -100.837175
262.179438 255.898725 -101.723254
261.495003 257.555956 -102.609332
260.810568 259.213187 -103.495410
260.126134 260.870418 -104.381488
259.441699 262.527649 -105.267566
258.757264 264.184880 -106.153645
258.072830 265.842111 -107.039723
257.388395 267.499342 -107.925801
256.703960 269.156573 -108.811879
256.019526 270.813804 -109.697957
255.335091 272.471035 -110.584036
254.650656 274.128266 -111.470114
253.966222 275.785497 -112.356192
253.281787 277.442728 -113.242270
252.597352 279.099959 -114.128348
251.912918 280.757190 -115.014427
251.228483 282.414421 -115.900505
250.544049 284.071652 -116.786583
249.859614 285.728883 -117.672661
249.175179 287.386114 -118.558739
248.490745 289.043345 -119.444818
247.806310 290.700576 -120.330896
247.121875 292.357807 -121.216974
246.437441 294.015038 -122.103052
245.753006 295.672269 -122.989130
245.068571 297.329500 -123.875209
244.384137 298.986731 -124.761287
243.699702 300.643962 -125.647365
243.015267 302.301193 -126.533443
242.330833 303.958424 -127.419521
241.646398 305.615655 -128.305600
240.961963 307.272886 -129.191678
240.277529 308.930117 -130.077756
239.593094 310.587348 -130.963834
238.908659 312.244579 -131.849912
238.224225 313.901810 -132.735991
237.539790 315.559041 -133.622069
236.855355 317.216272 -134.508147
236.170921 318.873503 -135.394225
235.486486 320.530734 -136.280304
234.802052 322.187965 -137.166382
234.117617 323.845196 -138.052460
233.433182 325.502427 -138.938538
232.748748 327.159658 -139.824616
232.064313 328.816889 -140.710695
231.379878 330.474120 -141.596773
230.695444 332.131351 -142.482851
230.011009 333.788582 -143.368929
229.326574 335.445813 -144.255007
228.642140 337.103044 -145.141086
227.957705 338.760275 -146.027164
227.273270 340.417506 -146.913242
226.588836 342.074737 -147.799320
225.904401 343.731968 -148.685398
225.219966 345.389199 -149.571477
224.535532 347.046430 -150.457555
223.851097 348.703661 -151.343633
223.166662 350.360892 -152.229711
222.482228 352.018123 -153.115789
221.797793 353.675354 -154.001868
111.169974 162.634813 -132.799894
113.106627 162.173323 -132.609099
115.043280 161.711833 -132.418303
116.979932 161.250344 -132.227507
118.916585 160.788854 -132.036711
120.853238 160.327364 -131.845915
122.789891 159.865874 -131.655119
124.726544 159.404385 -131.464324
126.663196 158.942895 -131.273528
128.599849 158.481405 -131.082732
130.536502 158.019915 -130.891936
132.473155 157.558426 -130.701140
134.409808 157.096936 -130.510345
136.346461 156.635446 -130.319549
138.283113 156.173956 -130.128753
140.219766 155.712467 -129.937957
142.156419 155.250977 -129.747161
144.093072 154.789487 -129.556365
146.029725 154.327997 -129.365570
147.966378 153.866508 -129.174774
149.903030 153.405018 -128.983978
151.839683 152.943528 -128.793182
153.776336 152.482038 -128.602386
155.712989 152.020549 -128.411591
157.649642 151.559059 -128.220795
159.586295 151.097569 -128.029999
161.522947 150.636079 -127.839203
163.459600 150.174590 -127.648407
165.396253 149.713100 -127.457612
167.332906 149.251610 -127.266816
169.269559 148.790120 -127.076020
171.206211 148.328631 -126.885224
173.142864 147.867141 -126.694428
175.079517 147.405651 -126.503632
177.016170 146.944161 -126.312837
178.952823 146.482672 -126.122041
180.889476 146.021182 -125.931245
182.826128 145.559692 -125.740449
184.762781 145.098202 -125.549653
186.699434 144.636713 -125.358858
188.636087 144.175223 -125.168062
190.572740 143.713733 -124.977266
192.509393 143.252243 -124.786470
194.446045 142.790754 -124.595674
196.382698 142.329264 -124.404878
198.319351 141.867774 -124.214083
200.256004 141.406284 -124.023287
202.192657 140.944795 -123.832491
204.129310 140.483305 -123.641695
206.065962 140.021815 -123.450899
208.002615 139.560325 -123.260104
209.939268 139.098836 -123.069308
211.875921 138.637346 -122.878512
213.812574 138.175856 -122.687716
215.749226 137.714366 -122.496920
217.685879 137.252877 -122.306125
219.622532 136.791387 -122.115329
221.559185 136.329897 -121.924533
223.495838 135.868407 -121.733737
225.432491 135.406918 -121.542941
227.369143 134.945428 -121.352145
229.305796 134.483938 -121.161350
231.242449 134.022448 -120.970554
233.179102 133.560959 -120.779758
235.115755 133.099469 -120.588962
237.052408 132.637979 -120.398166
238.989060 132.176489 -120.207371
240.925713 131.715000 -120.016575
242.862366 131.253510 -119.825779
244.799019 130.792020 -119.634983
-87.867705 -60.940495 159.070637
-88.729157 -62.689904 159.515012
-89.590610 -64.439312 159.959387
-90.452062 -66.188721 160.403761
-91.313514 -67.938130 160.848136
-92.174967 -69.687539 161.292510
-93.036419 -71.436948 161.736885
-93.897871 -73.186356 162.181260
-94.759324 -74.935765 162.625634
-95.620776 -76.685174 163.070009
-96.482228 -78.434583 163.514383
-97.343681 -80.183992 163.958758
-98.205133 -81.933400 164.403132
-99.066585 -83.682809 164.847507
-99.928038 -85.432218 165.291882
-100.789490 -87.181627 165.736256
-101.650942 -88.931035 166.180631
-102.512395 -90.680444 166.625005
-103.373847 -92.429853 167.069380
-104.235299 -94.179262 167.513755
-105.096752 -95.928671 167.958129
-105.958204 -97.678079 168.402504
-106.819656 -99.427488 168.846878
-107.681109 -101.176897 169.291253
-108.542561 -102.926306 169.735627
-109.404013 -104.675715 170.180002
-110.265466 -106.425123 170.624377
-111.126918 -108.174532 171.068751
-111.988370 -109.923941 171.513126
-112.849823 -111.673350 171.957500
-113.711275 -113.422759 172.401875
-114.572727 -115.172167 172.846250
-115.434180 -116.921576 173.290624
-116.295632 -118.670985 173.734999
-117.157084 -120.420394 174.179373
-118.018537 -122.169803 174.623748
-118.879989 -123.919211 175.068123
-119.741441 -125.668620 175.512497
-120.602894 -127.418029 175.956872
-121.464346 -129.167438 176.401246
-122.325798 -130.916846 176.845621
-123.187251 -132.666255 177.289995
-124.048703 -134.415664 177.734370
-124.910155 -136.165073 178.178745
-125.771608 -137.914482 178.623119
-126.633060 -139.663890 179.067494
-127.494512 -141.413299 179.511868
-128.355965 -143.162708 179.956243
-129.217417 -144.912117 180.400618
-130.078869 -146.661526 180.844992
-130.940322 -148.410934 181.289367
-131.801774 -150.160343 181.733741
-132.663226 -151.909752 182.178116
-133.524679 -153.659161 182.622490
-134.386131 -155.408570 183.066865
-135.247583 -157.157978 183.511240
-136.109035 -158.907387 183.955614
-136.970488 -160.656796 184.399989
-137.831940 -162.406205 184.844363
-138.693392 -164.155613 185.288738
-139.554845 -165.905022 185.733113
-140.416297 -167.654431 186.177487
-141.277749 -169.403840 186.621862
-142.139202 -171.153249 187.066236
-143.000654 -172.902657 187.510611
-143.862106 -174.652066 187.954985
-144.723559 -176.401475 188.399360
-145.585011 -178.150884 188.843735
-146.446463 -179.900293 189.288109
-147.307916 -181.649701 189.732484
-225.023032 -239.055150 -158.985811
-224.484165 -240.834412 -159.723273
-223.945297 -242.613673 -160.460734
-223.406429 -244.392935 -161.198196
-222.867561 -246.172196 -161.935657
-222.328693 -247.951458 -162.673119
-221.789826 -249.730720 -163.410580
-221.250958 -251.509981 -164.148042
-220.712090 -253.289243 -164.885503
-220.173222 -255.068505 -165.622965
-219.634354 -256.847766 -166.360427
-219.095487 -258.627028 -167.097888
-218.556619 -260.406289 -167.835350
-218.017751 -262.185551 -168.572811
-217.478883 -263.964813 -169.310273
-216.940015 -265.744074 -170.047734
-216.401148 -267.523336 -170.785196
-215.862280 -269.302598 -171.522657
-215.323412 -271.081859 -172.260119
-214.784544 -272.861121 -172.997581
-214.245676 -274.640382 -173.735042
-213.706808 -276.419644 -174.472504
-213.167941 -278.198906 -175.209965
-212.629073 -279.978167 -175.947427
-212.090205 -281.757429 -176.684888
-211.551337 -283.536691 -177.422350
-211.012469 -285.315952 -178.159811
-210.473602 -287.095214 -178.897273
-209.934734 -288.874475 -179.634735
-209.395866 -290.653737 -180.372196
-208.856998 -292.432999 -181.109658
-208.318130 -294.212260 -181.847119
-207.779263 -295.991522 -182.584581
-207.240395 -297.770784 -183.322042
-206.701527 -299.550045 -184.059504
-206.162659 -301.329307 -184.796966
-205.623791 -303.108568 -185.534427
-205.084923 -304.887830 -186.271889
-204.546056 -306.667092 -187.009350
-204.007188 -308.446353 -187.746812
-203.468320 -310.225615 -188.484273
-202.929452 -312.004877 -189.221735
-202.390584 -313.784138 -189.959196
-201.851717 -315.563400 -190.696658
-201.312849 -317.342661 -191.434120
-200.773981 -319.121923 -192.171581
-200.235113 -320.901185 -192.909043
-199.696245 -322.680446 -193.646504
-199.157378 -324.459708 -194.383966
-198.618510 -326.238970 -195.121427
-198.079642 -328.018231 -195.858889
-197.540774 -329.797493 -196.596350
-197.001906 -331.576754 -197.333812
-196.463038 -333.356016 -198.071274
-195.924171 -335.135278 -198.808735
-195.385303 -336.914539 -199.546197
-194.846435 -338.693801 -200.283658
-194.307567 -340.473063 -201.021120
-193.768699 -342.252324 -201.758581
-193.229832 -344.031586 -202.496043
-192.690964 -345.810847 -203.233504
-192.152096 -347.590109 -203.970966
-191.613228 -349.369371 -204.708428
-191.074360 -351.148632 -205.445889
-190.535493 -352.927894 -206.183351
-189.996625 -354.707156 -206.920812
-189.457757 -356.486417 -207.658274
-188.918889 -358.265679 -208.395735
-188.380021 -360.044940 -209.133197
-187.841154 -361.824202 -209.870659
-378.271143 328.642552 -138.326130
-377.977175 327.935847 -136.478388
-377.683208 327.229142 -134.630645
-377.389240 326.522436 -132.782903
-377.095272 325.815731 -130.935161
-376.801304 325.109026 -129.087419
-376.507337 324.402321 -127.239677
-376.213369 323.695616 -125.391935
-375.919401 322.988911 -123.544193
-375.625434 322.282206 -121.696451
-375.331466 321.575501 -119.848709
-375.037498 320.868795 -118.000967
-374.743530 320.162090 -116.153224
-374.449563 319.455385 -114.305482
-374.155595 318.748680 -112.457740
-373.861627 318.041975 -110.609998
-373.567660 317.335270 -108.762256
-373.273692 316.628565 -106.914514
-372.979724 315.921860 -105.066772
-372.685756 315.215155 -103.219030
-372.391789 314.508449 -101.371288
-372.097821 313.801744 -99.523546
-371.803853 313.095039 -97.675804
-371.509886 312.388334 -95.828061
-371.215918 311.681629 -93.980319
-370.921950 310.974924 -92.132577
-370.627982 310.268219 -90.284835
-370.334015 309.561514 -88.437093
-370.040047 308.854809 -86.589351
-369.746079 308.148103 -84.741609
-369.452112 307.441398 -82.893867
-369.158144 306.734693 -81.046125
-368.864176 306.027988 -79.198383
-368.570208 305.321283 -77.350640
-368.276241 304.614578 -75.502898
-367.982273 303.907873 -73.655156
-367.688305 303.201168 -71.807414
-367.394338 302.494462 -69.959672
-367.100370 301.787757 -68.111930
-366.806402 301.081052 -66.264188
-366.512434 300.374347 -64.416446
-366.218467 299.667642 -62.568704
-365.924499 298.960937 -60.720962
-365.630531 298.254232 -58.873219
-365.336564 297.547527 -57.025477
-365.042596 296.840822 -55.177735
-364.748628 296.134116 -53.329993
-364.454660 295.427411 -51.482251
-364.160693 294.720706 -49.634509
-363.866725 294.014001 -47.786767
-363.572757 293.307296 -45.939025
-363.278789 292.600591 -44.091283
-362.984822 291.893886 -42.243541
-362.690854 291.187181 -40.395798
-362.396886 290.480476 -38.548056
-362.102919 289.773770 -36.700314
-361.808951 289.067065 -34.852572
-361.514983 288.360360 -33.004830
-361.221015 287.653655 -31.157088
-360.927048 286.946950 -29.309346
-360.633080 286.240245 -27.461604
-360.339112 285.533540 -25.613862
-360.045145 284.826835 -23.766120
-359.751177 284.120129 -21.918377
-359.457209 283.413424 -20.070635
-359.163241 282.706719 -18.222893
-358.869274 282.000014 -16.375151
-358.575306 281.293309 -14.527409
-358.281338 280.586604 -12.679667
-357.987371 279.879899 -10.831925
295.938820 256.973009 -303.247337
295.656465 255.112542 -302.569888
295.374110 253.252074 -301.892440
295.091755 251.391607 -301.214991
294.809400 249.531139 -300.537543
294.527046 247.670671 -299.860095
294.244691 245.810204 -299.182646
293.962336 243.949736 -298.505198
293.679981 242.089269 -297.827749
293.397626 240.228801 -297.150301
293.115271 238.368334 -296.472853
292.832916 236.507866 -295.795404
292.550561 234.647399 -295.117956
292.268206 232.786931 -294.440508
291.985851 230.926464 -293.763059
291.703496 229.065996 -293.085611
291.421141 227.205529 -292.408162
291.138786 225.345061 -291.730714
290.856431 223.484594 -291.053266
290.574076 221.624126 -290.375817
290.291722 219.763659 -289.698369
290.009367 217.903191 -289.020920
289.727012 216.042724 -288.343472
289.444657 214.182256 -287.666024
289.162302 212.321789 -286.988575
288.879947 210.461321 -286.311127
288.597592 208.600854 -285.633678
288.315237 206.740386 -284.956230
288.032882 204.879919 -284.278782
287.750527 203.019451 -283.601333
287.468172 201.158984 -282.923885
287.185817 199.298516 -282.246436
286.903462 197.438049 -281.568988
286.621107 195.577581 -280.891540
286.338753 193.717114 -280.214091
286.056398 191.856646 -279.536643
285.774043 189.996179 -278.859194
285.491688 188.135711 -278.181746
285.209333 186.275244 -277.504298
284.926978 184.414776 -276.826849
284.644623 182.554309 -276.149401
284.362268 180.693841 -275.471952
284.079913 178.833374 -274.794504
283.797558 176.972906 -274.117056
283.515203 175.112439 -273.439607
283.232848 173.251971 -272.762159
282.950493 171.391504 -272.084710
282.668138 169.531036 -271.407262
282.385784 167.670568 -270.729814
282.103429 165.810101 -270.052365
281.821074 163.949633 -269.374917
281.538719 162.089166 -268.697468
281.256364 160.228698 -268.020020
280.974009 158.368231 -267.342572
280.691654 156.507763 -266.665123
280.409299 154.647296 -265.987675
280.126944 152.786828 -265.310226
279.844589 150.926361 -264.632778
279.562234 149.065893 -263.955330
279.279879 147.205426 -263.277881
278.997524 145.344958 -262.600433
278.715169 143.484491 -261.922984
278.432814 141.624023 -261.245536
278.150460 139.763556 -260.568088
277.868105 137.903088 -259.890639
277.585750 136.042621 -259.213191
277.303395 134.182153 -258.535743
277.021040 132.321686 -257.858294
276.738685 130.461218 -257.180846
276.456330 128.600751 -256.503397
-58.558567 390.616550 -51.238841
-59.105319 389.543562 -49.642044
-59.652071 388.470575 -48.045247
-60.198824 387.397588 -46.448450
-60.745576 386.324601 -44.851653
-61.292328 385.251614 -43.254856
-61.839081 384.178627 -41.658059
-62.385833 383.105640 -40.061262
-62.932585 382.032653 -38.464465
-63.479338 380.959666 -36.867668
-64.026090 379.886679 -35.270871
-64.572842 378.813692 -33.674074
-65.119595 377.740705 -32.077277
-65.666347 376.667718 -30.480480
-66.213099 375.594731 -28.883683
-66.759852 374.521744 -27.286886
-67.306604 373.448757 -25.690089
-67.853356 372.375769 -24.093292
-68.400108 371.302782 -22.496495
-68.946861 370.229795 -20.899698
-69.493613 369.156808 -19.302901
-70.040365 368.083821 -17.706104
-70.587118 367.010834 -16.109307
-71.133870 365.937847 -14.512510
-71.680622 364.864860 -12.915713
-72.227375 363.791873 -11.318916
-72.774127 362.718886 -9.722119
-73.320879 361.645899 -8.125322
-73.867632 360.572912 -6.528525
-74.414384 359.499925 -4.931728
-74.961136 358.426938 -3.334931
-75.507889 357.353951 -1.738134
-76.054641 356.280964 -0.141337
-76.601393 355.207977 1.455460
-77.148146 354.134989 3.052257
-77.694898 353.062002 4.649054
-78.241650 351.989015 6.245851
-78.788403 350.916028 7.842648
-79.335155 349.843041 9.439445
-79.881907 348.770054 11.036242
-80.428660 347.697067 12.633039
-80.975412 346.624080 14.229836
-81.522164 345.551093 15.826633
-82.068916 344.478106 17.423430
-82.615669 343.405119 19.020227
-83.162421 342.332132 20.617024
-83.709173 341.259145 22.213821
-84.255926 340.186158 23.810618
-84.802678 339.113171 25.407415
-85.349430 338.040184 27.004212
-85.896183 336.967196 28.601009
-86.442935 335.894209 30.197806
-86.989687 334.821222 31.794603
-87.536440 333.748235 33.391400
-88.083192 332.675248 34.988197
-88.629944 331.602261 36.584994
-89.176697 330.529274 38.181791
-89.723449 329.456287 39.778588
-90.270201 328.383300 41.375385
-90.816954 327.310313 42.972182
-91.363706 326.237326 44.568979
-91.910458 325.164339 46.165776
-92.457211 324.091352 47.762573
-93.003963 323.018365 49.359370
-93.550715 321.945378 50.956167
-94.097467 320.872391 52.552964
-94.644220 319.799404 54.149761
-95.190972 318.726416 55.746558
-95.737724 317.653429 57.343355
-96.284477 316.580442 58.940152
-225.043215 -26.048315 206.645863
-225.119747 -27.454759 208.065743
-225.196279 -28.861202 209.485623
-225.272810 -30.267646 210.905503
-225.349342 -31.674089 212.325383
-225.425874 -33.080533 213.745263
-225.502405 -34.486977 215.165143
-225.578937 -35.893420 216.585023
-225.655469 -37.299864 218.004903
-225.732000 -38.706307 219.424783
-225.808532 -40.112751 220.844663
-225.885064 -41.519195 222.264543
-225.961595 -42.925638 223.684424
-226.038127 -44.332082 225.104304
-226.114658 -45.738525 226.524184
-226.191190 -47.144969 227.944064
-226.267722 -48.551413 229.363944
-226.344253 -49.957856 230.783824
-226.420785 -51.364300 232.203704
-226.497317 -52.770743 233.623584
-226.573848 -54.177187 235.043464
-226.650380 -55.583631 236.463344
-226.726912 -56.990074 237.883224
-226.803443 -58.396518 239.303104
-226.879975 -59.802961 240.722984
-226.956506 -61.209405 242.142864
-227.033038 -62.615849 243.562744
-227.109570 -64.022292 244.982624
-227.186101 -65.428736 246.402504
-227.262633 -66.835179 247.822384
-227.339165 -68.241623 249.242264
-227.415696 -69.648067 250.662144
-227.492228 -71.054510 252.082024
-227.568760 -72.460954 253.501904
-227.645291 -73.867397 254.921784
-227.721823 -75.273841 256.341664
-227.798355 -76.680285 257.761544
-227.874886 -78.086728 259.181424
-227.951418 -79.493172 260.601304
-228.027949 -80.899615 262.021184
-228.104481 -82.306059 263.441064
-228.181013 -83.712503 264.860944
-228.257544 -85.118946 266.280824
-228.334076 -86.525390 267.700704
-228.410608 -87.931833 269.120585
-228.487139 -89.338277 270.540465
-228.563671 -90.744721 271.960345
-228.640203 -92.151164 273.380225
-228.716734 -93.557608 274.800105
-228.793266 -94.964051 276.219985
-228.869798 -96.370495 277.639865
-228.946329 -97.776939 279.059745
-229.022861 -99.183382 280.479625
-229.099392 -100.589826 281.899505
-229.175924 -101.996269 283.319385
-229.252456 -103.402713 284.739265
-229.328987 -104.809157 286.159145
-229.405519 -106.215600 287.579025
-229.482051 -107.622044 288.998905
-229.558582 -109.028487 290.418785
-229.635114 -110.434931 291.838665
-229.711646 -111.841375 293.258545
-229.788177 -113.247818 294.678425
-229.864709 -114.654262 296.098305
-229.941240 -116.060705 297.518185
-230.017772 -117.467149 298.938065
-230.094304 -118.873593 300.357945
-230.170835 -120.280036 301.777825
-230.247367 -121.686480 303.197705
-230.323899 -123.092923 304.617585
-346.627629 11.301797 108.912554
-345.444228 10.196597 110.086476
-344.260827 9.091397 111.260399
-343.077426 7.986197 112.434321
-341.894024 6.880997 113.608244
-340.710623 5.775797 114.782167
-339.527222 4.670597 115.956089
-338.343821 3.565397 117.130012
-337.160419 2.460197 118.303934
-335.977018 1.354997 119.477857
-334.793617 0.249797 120.651780
-333.610216 -0.855404 121.825702
-332.426814 -1.960604 122.999625
-331.243413 -3.065804 124.173547
-330.060012 -4.171004 125.347470
-328.876611 -5.276204 126.521393
-327.693209 -6.381404 127.695315
-326.509808 -7.486604 128.869238
-325.326407 -8.591804 130.043160
-324.143006 -9.697004 131.217083
-322.959604 -10.802204 132.391006
-321.776203 -11.907404 133.564928
-320.592802 -13.012605 134.738851
-319.409401 -14.117805 135.912773
-318.225999 -15.223005 137.086696
-317.042598 -16.328205 138.260619
-315.859197 -17.433405 139.434541
-314.675796 -18.538605 140.608464
-313.492395 -19.643805 141.782386
-312.308993 -20.749005 142.956309
-311.125592 -21.854205 144.130232
-309.942191 -22.959405 145.304154
-308.758790 -24.064605 146.478077
-307.575388 -25.169805 147.651999
-306.391987 -26.275006 148.825922
-305.208586 -27.380206 149.999845
-304.025185 -28.485406 151.173767
-302.841783 -29.590606 152.347690
-301.658382 -30.695806 153.521612
-300.474981 -31.801006 154.695535
-299.291580 -32.906206 155.869458
-298.108178 -34.011406 157.043380
-296.924777 -35.116606 158.217303
-295.741376 -36.221806 159.391225
-294.557975 -37.327006 160.565148
-293.374573 -38.432206 161.739071
-292.191172 -39.537407 162.912993
-291.007771 -40.642607 164.086916
-289.824370 -41.747807 165.260838
-288.640968 -42.853007 166.434761
-287.457567 -43.958207 167.608684
-286.274166 -45.063407 168.782606
-285.090765 -46.168607 169.956529
-283.907363 -47.273807 171.130451
-282.723962 -48.379007 172.304374
-281.540561 -49.484207 173.478297
-280.357160 -50.589407 174.652219
-279.173758 -51.694608 175.826142
-277.990357 -52.799808 177.000064
-276.806956 -53.905008 178.173987
-275.623555 -55.010208 179.347910
-274.440153 -56.115408 180.521832
-273.256752 -57.220608 181.695755
-272.073351 -58.325808 182.869677
-270.889950 -59.431008 184.043600
-269.706549 -60.536208 185.217523
-268.523147 -61.641408 186.391445
-267.339746 -62.746608 187.565368
-266.156345 -63.851808 188.739290
-264.972944 -64.957009 189.913213
237.218944 30.351034 -257.099771
238.358428 31.833562 -256.390062
239.497913 33.316090 -255.680354
240.637398 34.798618 -254.970645
241.776882 36.281145 -254.260937
242.916367 37.763673 -253.551228
244.055851 39.246201 -252.841520
245.195336 40.728729 -252.131811
246.334820 42.211257 -251.422103
247.474305 43.693785 -250.712394
248.613789 45.176313 -250.002686
249.753274 46.658840 -249.292977
250.892758 48.141368 -248.583269
252.032243 49.623896 -247.873560
253.171727 51.106424 -247.163852
254.311212 52.588952 -246.454143
255.450696 54.071480 -245.744435
256.590181 55.554008 -245.034726
257.729665 57.036535 -244.325018
258.869150 58.519063 -243.615309
260.008634 60.001591 -242.905601
261.148119 61.484119 -242.195892
262.287604 62.966647 -241.486184
263.427088 64.449175 -240.776475
264.566573 65.931703 -240.066767
265.706057 67.414230 -239.357058
266.845542 68.896758 -238.647350
267.985026 70.379286 -237.937641
269.124511 71.861814 -237.227933
270.263995 73.344342 -236.518224
271.403480 74.826870 -235.808515
272.542964 76.309398 -235.098807
273.682449 77.791925 -234.389098
274.821933 79.274453 -233.679390
275.961418 80.756981 -232.969681
277.100902 82.239509 -232.259973
278.240387 83.722037 -231.550264
279.379871 85.204565 -230.840556
280.519356 86.687092 -230.130847
281.658840 88.169620 -229.421139
282.798325 89.652148 -228.711430
283.937810 91.134676 -228.001722
285.077294 92.617204 -227.292013
286.216779 94.099732 -226.582305
287.356263 95.582260 -225.872596
288.495748 97.064787 -225.162888
289.635232 98.547315 -224.453179
290.774717 100.029843 -223.743471
291.914201 101.512371 -223.033762
293.053686 102.994899 -222.324054
294.193170 104.477427 -221.614345
295.332655 105.959955 -220.904637
296.472139 107.442482 -220.194928
297.611624 108.925010 -219.485220
298.751108 110.407538 -218.775511
299.890593 111.890066 -218.065803
301.030077 113.372594 -217.356094
302.169562 114.855122 -216.646385
303.309046 116.337650 -215.936677
304.448531 117.820177 -215.226968
305.588016 119.302705 -214.517260
306.727500 120.785233 -213.807551
307.866985 122.267761 -213.097843
309.006469 123.750289 -212.388134
310.145954 125.232817 -211.678426
311.285438 126.715344 -210.968717
312.424923 128.197872 -210.259009
313.564407 129.680400 -209.549300
314.703892 131.162928 -208.839592
315.843376 132.645456 -208.129883
220.789670 22.060246 301.937246
222.640975 22.801593 301.785344
224.492281 23.542940 301.633443
226.343586 24.284287 301.481541
228.194891 25.025634 301.329640
230.046196 25.766981 301.177738
231.897501 26.508328 301.025837
233.748806 27.249675 300.873935
235.600111 27.991022 300.722034
237.451416 28.732369 300.570132
239.302721 29.473717 300.418231
241.154026 30.215064 300.266329
243.005331 30.956411 300.114428
244.856636 31.697758 299.962526
246.707941 32.439105 299.810625
248.559247 33.180452 299.658723
250.410552 33.921799 299.506822
252.261857 34.663146 299.354921
254.113162 35.404493 299.203019
255.964467 36.145840 299.051118
257.815772 36.887187 298.899216
259.667077 37.628534 298.747315
261.518382 38.369881 298.595413
263.369687 39.111228 298.443512
265.220992 39.852575 298.291610
267.072297 40.593922 298.139709
268.923602 41.335269 297.987807
270.774907 42.076616 297.835906
272.626213 42.817963 297.684004
274.477518 43.559311 297.532103
276.328823 44.300658 297.380201
278.180128 45.042005 297.228300
280.031433 45.783352 297.076398
281.882738 46.524699 296.924497
283.734043 47.266046 296.772595
285.585348 48.007393 296.620694
287.436653 48.748740 296.468792
289.287958 49.490087 296.316891
291.139263 50.231434 296.164989
292.990568 50.972781 296.013088
294.841873 51.714128 295.861186
296.693179 52.455475 295.709285
298.544484 53.196822 295.557383
300.395789 53.938169 295.405482
302.247094 54.679516 295.253580
304.098399 55.420863 295.101679
305.949704 56.162210 294.949777
307.801009 56.903557 294.797876
309.652314 57.644904 294.645974
311.503619 58.386252 294.494073
313.354924 59.127599 294.342171
315.206229 59.868946 294.190270
317.057534 60.610293 294.038368
318.908839 61.351640 293.886467
320.760145 62.092987 293.734565
322.611450 62.834334 293.582664
324.462755 63.575681 293.430762
326.314060 64.317028 293.278861
328.165365 65.058375 293.126959
330.016670 65.799722 292.975058
331.867975 66.541069 292.823156
333.719280 67.282416 292.671255
335.570585 68.023763 292.519353
337.421890 68.765110 292.367452
339.273195 69.506457 292.215550
341.124500 70.247804 292.063649
342.975805 70.989151 291.911747
344.827110 71.730498 291.759846
346.678416 72.471846 291.607944
348.529721 73.213193 291.456043
-127.552800 -84.335923 -85.241258
-128.066871 -85.371669 -83.609400
-128.580942 -86.407415 -81.977542
-129.095014 -87.443161 -80.345684
-129.609085 -88.478907 -78.713826
-130.123156 -89.514653 -77.081968
-130.637227 -90.550400 -75.450110
-131.151299 -91.586146 -73.818252
-131.665370 -92.621892 -72.186394
-132.179441 -93.657638 -70.554536
-132.693512 -94.693384 -68.922678
-133.207583 -95.729130 -67.290820
-133.721655 -96.764876 -65.658962
-134.235726 -97.800623 -64.027104
-134.749797 -98.836369 -62.395246
-135.263868 -99.872115 -60.763388
-135.777939 -100.907861 -59.131529
-136.292011 -101.943607 -57.499671
-136.806082 -102.979353 -55.867813
-137.320153 -104.015099 -54.235955
-137.834224 -105.050846 -52.604097
-138.348296 -106.086592 -50.972239
-138.862367 -107.122338 -49.340381
-139.376438 -108.158084 -47.708523
-139.890509 -109.193830 -46.076665
-140.404580 -110.229576 -44.444807
-140.918652 -111.265323 -42.812949
-141.432723 -112.301069 -41.181091
-141.946794 -113.336815 -39.549233
-142.460865 -114.372561 -37.917375
-142.974936 -115.408307 -36.285517
-143.489008 -116.444053 -34.653659
-144.003079 -117.479799 -33.021801
-144.517150 -118.515546 -31.389943
-145.031221 -119.551292 -29.758085
-145.545293 -120.587038 -28.126226
-146.059364 -121.622784 -26.494368
-146.573435 -122.658530 -24.862510
-147.087506 -123.694276 -23.230652
-147.601577 -124.730022 -21.598794
-148.115649 -125.765769 -19.966936
-148.629720 -126.801515 -18.335078
-149.143791 -127.837261 -16.703220
-149.657862 -128.873007 -15.071362
-150.171933 -129.908753 -13.439504
-150.686005 -130.944499 -11.807646
-151.200076 -131.980245 -10.175788
-151.714147 -133.015992 -8.543930
-152.228218 -134.051738 -6.912072
-152.742289 -135.087484 -5.280214
-153.256361 -136.123230 -3.648356
-153.770432 -137.158976 -2.016498
-154.284503 -138.194722 -0.384640
-154.798574 -139.230468 1.247219
-155.312646 -140.266215 2.879077
-155.826717 -141.301961 4.510935
-156.340788 -142.337707 6.142793
-156.854859 -143.373453 7.774651
-157.368930 -144.409199 9.406509
-157.883002 -145.444945 11.038367
-158.397073 -146.480691 12.670225
-158.911144 -147.516438 14.302083
-159.425215 -148.552184 15.933941
-159.939286 -149.587930 17.565799
-160.453358 -150.623676 19.197657
-160.967429 -151.659422 20.829515
-161.481500 -152.695168 22.461373
-161.995571 -153.730915 24.093231
-162.509643 -154.766661 25.725089
-163.023714 -155.802407 27.356947
224.043991 -157.049126 347.551340
224.971754 -157.795371 345.944364
225.899518 -158.541617 344.337388
226.827281 -159.287862 342.730412
227.755044 -160.034108 341.123435
228.682808 -160.780354 339.516459
229.610571 -161.526599 337.909483
230.538334 -162.272845 336.302507
231.466098 -163.019091 334.695531
232.393861 -163.765336 333.088554
233.321625 -164.511582 331.481578
234.249388 -165.257827 329.874602
235.177151 -166.004073 328.267626
236.104915 -166.750319 326.660649
237.032678 -167.496564 325.053673
237.960441 -168.242810 323.446697
238.888205 -168.989055 321.839721
239.815968 -169.735301 320.232745
240.743732 -170.481547 318.625768
241.671495 -171.227792 317.018792
242.599258 -171.974038 315.411816
243.527022 -172.720284 313.804840
244.454785 -173.466529 312.197863
245.382548 -174.212775 310.590887
246.310312 -174.959020 308.983911
247.238075 -175.705266 307.376935
248.165839 -176.451512 305.769958
249.093602 -177.197757 304.162982
250.021365 -177.944003 302.556006
250.949129 -178.690248 300.949030
251.876892 -179.436494 299.342054
252.804655 -180.182740 297.735077
253.732419 -180.928985 296.128101
254.660182 -181.675231 294.521125
255.587946 -182.421477 292.914149
256.515709 -183.167722 291.307172
257.443472 -183.913968 289.700196
258.371236 -184.660213 288.093220
259.298999 -185.406459 286.486244
260.226762 -186.152705 284.879267
261.154526 -186.898950 283.272291
262.082289 -187.645196 281.665315
263.010053 -188.391441 280.058339
263.937816 -189.137687 278.451363
264.865579 -189.883933 276.844386
265.793343 -190.630178 275.237410
266.721106 -191.376424 273.630434
267.648870 -192.122670 272.023458
268.576633 -192.868915 270.416481
269.504396 -193.615161 268.809505
270.432160 -194.361406 267.202529
271.359923 -195.107652 265.595553
272.287686 -195.853898 263.988576
273.215450 -196.600143 262.381600
274.143213 -197.346389 260.774624
275.070977 -198.092634 259.167648
275.998740 -198.838880 257.560672
276.926503 -199.585126 255.953695
277.854267 -200.331371 254.346719
278.782030 -201.077617 252.739743
279.709793 -201.823862 251.132767
280.637557 -202.570108 249.525790
281.565320 -203.316354 247.918814
282.493084 -204.062599 246.311838
283.420847 -204.808845 244.704862
284.348610 -205.555091 243.097886
285.276374 -206.301336 241.490909
286.204137 -207.047582 239.883933
287.131900 -207.793827 238.276957
288.059664 -208.540073 236.669981
108.822653 -295.315776 2.991020
106.982240 -295.412763 3.767856
105.141827 -295.509750 4.544693
103.301415 -295.606737 5.321529
101.461002 -295.703724 6.098365
99.620589 -295.800711 6.875201
97.780176 -295.897698 7.652037
95.939763 -295.994684 8.428873
94.099351 -296.091671 9.205709
92.258938 -296.188658 9.982545
90.418525 -296.285645 10.759381
88.578112 -296.382632 11.536217
86.737699 -296.479619 12.313053
84.897286 -296.576606 13.089889
83.056874 -296.673592 13.866725
81.216461 -296.770579 14.643561
79.376048 -296.867566 15.420397
77.535635 -296.964553 16.197233
75.695222 -297.061540 16.974069
73.854810 -297.158527 17.750905
72.014397 -297.255514 18.527741
70.173984 -297.352500 19.304577
68.333571 -297.449487 20.081413
66.493158 -297.546474 20.858249
64.652746 -297.643461 21.635086
62.812333 -297.740448 22.411922
60.971920 -297.837435 23.188758
59.131507 -297.934422 23.965594
57.291094 -298.031408 24.742430
55.450682 -298.128395 25.519266
53.610269 -298.225382 26.296102
51.769856 -298.322369 27.072938
49.929443 -298.419356 27.849774
48.089030 -298.516343 28.626610
46.248617 -298.613330 29.403446
44.408205 -298.710316 30.180282
42.567792 -298.807303 30.957118
40.727379 -298.904290 31.733954
38.886966 -299.001277 32.510790
37.046553 -299.098264 33.287626
35.206141 -299.195251 34.064462
33.365728 -299.292238 34.841298
31.525315 -299.389224 35.618134
29.684902 -299.486211 36.394970
27.844489 -299.583198 37.171806
26.004077 -299.680185 37.948642
24.163664 -299.777172 38.725479
22.323251 -299.874159 39.502315
20.482838 -299.971146 40.279151
18.642425 -300.068132 41.055987
16.802013 -300.165119 41.832823
14.961600 -300.262106 42.609659
13.121187 -300.359093 43.386495
11.280774 -300.456080 44.163331
9.440361 -300.553067 44.940167
7.599948 -300.650054 45.717003
5.759536 -300.747040 46.493839
3.919123 -300.844027 47.270675
2.078710 -300.941014 48.047511
0.238297 -301.038001 48.824347
-1.602116 -301.134988 49.601183
-3.442528 -301.231975 50.378019
-5.282941 -301.328962 51.154855
-7.123354 -301.425948 51.931691
-8.963767 -301.522935 52.708527
-10.804180 -301.619922 53.485363
-12.644592 -301.716909 54.262199
-14.485005 -301.813896 55.039035
-16.325418 -301.910883 55.815872
-18.165831 -302.007870 56.592708
-100.378619 -28.710671 -71.603512
-98.394633 -28.827300 -71.379461
-96.410648 -28.943930 -71.155409
-94.426662 -29.060559 -70.931358
-92.442677 -29.177189 -70.707307
-90.458691 -29.293818 -70.483255
-88.474706 -29.410448 -70.259204
-86.490720 -29.527077 -70.035153
-84.506735 -29.643707 -69.811102
-82.522749 -29.760336 -69.587050
-80.538764 -29.876966 -69.362999
-78.554778 -29.993595 -69.138948
-76.570793 -30.110224 -68.914896
-74.586807 -30.226854 -68.690845
-72.602821 -30.343483 -68.466794
-70.618836 -30.460113 -68.242743
-68.634850 -30.576742 -68.018691
-66.650865 -30.693372 -67.794640
-64.666879 -30.810001 -67.570589
-62.682894 -30.926631 -67.346537
-60.698908 -31.043260 -67.122486
-58.714923 -31.159889 -66.898435
-56.730937 -31.276519 -66.674383
-54.746952 -31.393148 -66.450332
-52.762966 -31.509778 -66.226281
-50.778981 -31.626407 -66.002230
-48.794995 -31.743037 -65.778178
-46.811010 -31.859666 -65.554127
-44.827024 -31.976296 -65.330076
-42.843039 -32.092925 -65.106024
-40.859053 -32.209554 -64.881973
-38.875067 -32.326184 -64.657922
-36.891082 -32.442813 -64.433870
-34.907096 -32.559443 -64.209819
-32.923111 -32.676072 -63.985768
-30.939125 -32.792702 -63.761717
-28.955140 -32.909331 -63.537665
-26.971154 -33.025961 -63.313614
-24.987169 -33.142590 -63.089563
-23.003183 -33.259219 -62.865511
-21.019198 -33.375849 -62.641460
-19.035212 -33.492478 -62.417409
-17.051227 -33.609108 -62.193358
-15.067241 -33.725737 -61.969306
-13.083256 -33.842367 -61.745255
-11.099270 -33.958996 -61.521204
-9.115284 -34.075626 -61.297152
-7.131299 -34.192255 -61.073101
-5.147313 -34.308884 -60.849050
-3.163328 -34.425514 -60.624998
-1.179342 -34.542143 -60.400947
0.804643 -34.658773 -60.176896
2.788629 -34.775402 -59.952845
4.772614 -34.892032 -59.728793
6.756600 -35.008661 -59.504742
8.740585 -35.125291 -59.280691
10.724571 -35.241920 -59.056639
12.708556 -35.358549 -58.832588
14.692542 -35.475179 -58.608537
16.676527 -35.591808 -58.384486
18.660513 -35.708438 -58.160434
20.644498 -35.825067 -57.936383
22.628484 -35.941697 -57.712332
24.612470 -36.058326 -57.488280
26.596455 -36.174956 -57.264229
28.580441 -36.291585 -57.040178
30.564426 -36.408214 -56.816126
32.548412 -36.524844 -56.592075
34.532397 -36.641473 -56.368024
36.516383 -36.758103 -56.143973
137.679488 146.282586 -199.898938
138.966322 147.710228 -199.345861
140.253157 149.137871 -198.792785
141.539992 150.565513 -198.239708
142.826827 151.993155 -197.686631
144.113661 153.420797 -197.133554
145.400496 154.848440 -196.580478
146.687331 156.276082 -196.027401
147.974166 157.703724 -195.474324
149.261000 159.131366 -194.921247
150.547835 160.559008 -194.368171
151.834670 161.986651 -193.815094
153.121505 163.414293 -193.262017
154.408339 164.841935 -192.708940
155.695174 166.269577 -192.155863
156.982009 167.697220 -191.602787
158.268844 169.124862 -191.049710
159.555679 170.552504 -190.496633
160.842513 171.980146 -189.943556
162.129348 173.407789 -189.390480
163.416183 174.835431 -188.837403
164.703018 176.263073 -188.284326
165.989852 177.690715 -187.731249
167.276687 179.118358 -187.178173
168.563522 180.546000 -186.625096
169.850357 181.973642 -186.072019
171.137191 183.401284 -185.518942
172.424026 184.828927 -184.965865
173.710861 186.256569 -184.412789
174.997696 187.684211 -183.859712
176.284530 189.111853 -183.306635
177.571365 190.539496 -182.753558
178.858200 191.967138 -182.200482
180.145035 193.394780 -181.647405
181.431870 194.822422 -181.094328
182.718704 196.250065 -180.541251
184.005539 197.677707 -179.988175
185.292374 199.105349 -179.435098
186.579209 200.532991 -178.882021
187.866043 201.960634 -178.328944
189.152878 203.388276 -177.775867
190.439713 204.815918 -177.222791
191.726548 206.243560 -176.669714
193.013382 207.671203 -176.116637
194.300217 209.098845 -175.563560
195.587052 210.526487 -175.010484
196.873887 211.954129 -174.457407
198.160721 213.381772 -173.904330
199.447556 214.809414 -173.351253
200.734391 216.237056 -172.798177
202.021226 217.664698 -172.245100
203.308061 219.092340 -171.692023
204.594895 220.519983 -171.138946
205.881730 221.947625 -170.585869
207.168565 223.375267 -170.032793
208.455400 224.802909 -169.479716
209.742234 226.230552 -168.926639
211.029069 227.658194 -168.373562
212.315904 229.085836 -167.820486
213.602739 230.513478 -167.267409
214.889573 231.941121 -166.714332
216.176408 233.368763 -166.161255
217.463243 234.796405 -165.608179
218.750078 236.224047 -165.055102
220.036912 237.651690 -164.502025
221.323747 239.079332 -163.948948
222.610582 240.506974 -163.395872
223.897417 241.934616 -162.842795
225.184252 243.362259 -162.289718
226.471086 244.789901 -161.736641
220.847913 -177.570893 178.104190
219.947997 -176.879828 179.751181
219.048081 -176.188763 181.398173
218.148166 -175.497698 183.045164
217.248250 -174.806632 184.692156
216.348335 -174.115567 186.339147
215.448419 -173.424502 187.986139
214.548504 -172.733437 189.633130
213.648588 -172.042372 191.280121
212.748673 -171.351307 192.927113
211.848757 -170.660241 194.574104
210.948841 -169.969176 196.221096
210.048926 -169.278111 197.868087
209.149010 -168.587046 199.515079
208.249095 -167.895981 201.162070
207.349179 -167.204916 202.809062
206.449264 -166.513850 204.456053
205.549348 -165.822785 206.103045
204.649433 -165.131720 207.750036
203.749517 -164.440655 209.397028
202.849602 -163.749590 211.044019
201.949686 -163.058525 212.691011
201.049770 -162.367459 214.338002
200.149855 -161.676394 215.984994
199.249939 -160.985329 217.631985
198.350024 -160.294264 219.278977
197.450108 -159.603199 220.925968
196.550193 -158.912134 222.572960
195.650277 -158.221068 224.219951
194.750362 -157.530003 225.866943
193.850446 -156.838938 227.513934
192.950530 -156.147873 229.160925
192.050615 -155.456808 230.807917
191.150699 -154.765742 232.454908
190.250784 -154.074677 234.101900
189.350868 -153.383612 235.748891
188.450953 -152.692547 237.395883
187.551037 -152.001482 239.042874
186.651122 -151.310417 240.689866
185.751206 -150.619351 242.336857
184.851290 -149.928286 243.983849
183.951375 -149.237221 245.630840
183.051459 -148.546156 247.277832
182.151544 -147.855091 248.924823
181.251628 -147.164026 250.571815
180.351713 -146.472960 252.218806
179.451797 -145.781895 253.865798
178.551882 -145.090830 255.512789
177.651966 -144.399765 257.159781
176.752051 -143.708700 258.806772
175.852135 -143.017635 260.453764
174.952219 -142.326569 262.100755
174.052304 -141.635504 263.747746
173.152388 -140.944439 265.394738
172.252473 -140.253374 267.041729
171.352557 -139.562309 268.688721
170.452642 -138.871244 270.335712
169.552726 -138.180178 271.982704
168.652811 -137.489113 273.629695
167.752895 -136.798048 275.276687
166.852979 -136.106983 276.923678
165.953064 -135.415918 278.570670
165.053148 -134.724852 280.217661
164.153233 -134.033787 281.864653
163.253317 -133.342722 283.511644
162.353402 -132.651657 285.158636
161.453486 -131.960592 286.805627
160.553571 -131.269527 288.452619
159.653655 -130.578461 290.099610
158.753739 -129.887396 291.746602
-8.149749 -379.507861 -336.101715
-8.072904 -377.755775 -335.140315
-7.996059 -376.003690 -334.178915
-7.919214 -374.251604 -333.217516
-7.842369 -372.499518 -332.256116
-7.765524 -370.747432 -331.294716
-7.688679 -368.995346 -330.333316
-7.611833 -367.243260 -329.371916
-7.534988 -365.491174 -328.410516
-7.458143 -363.739088 -327.449116
-7.381298 -361.987002 -326.487716
-7.304453 -360.234916 -325.526316
-7.227608 -358.482830 -324.564916
-7.150763 -356.730745 -323.603516
-7.073918 -354.978659 -322.642117
-6.997072 -353.226573 -321.680717
-6.920227 -351.474487 -320.719317
-6.843382 -349.722401 -319.757917
-6.766537 -347.970315 -318.796517
-6.689692 -346.218229 -317.835117
-6.612847 -344.466143 -316.873717
-6.536002 -342.714057 -315.912317
-6.459157 -340.961971 -314.950917
-6.382311 -339.209885 -313.989517
-6.305466 -337.457799 -313.028117
-6.228621 -335.705714 -312.066718
-6.151776 -333.953628 -311.105318
-6.074931 -332.201542 -310.143918
-5.998086 -330.449456 -309.182518
-5.921241 -328.697370 -308.221118
-5.844396 -326.945284 -307.259718
-5.767550 -325.193198 -306.298318
-5.690705 -323.441112 -305.336918
-5.613860 -321.689026 -304.375518
-5.537015 -319.936940 -303.414118
-5.460170 -318.184854 -302.452718
-5.383325 -316.432769 -301.491319
-5.306480 -314.680683 -300.529919
-5.229635 -312.928597 -299.568519
-5.152789 -311.176511 -298.607119
-5.075944 -309.424425 -297.645719
-4.999099 -307.672339 -296.684319
-4.922254 -305.920253 -295.722919
-4.845409 -304.168167 -294.761519
-4.768564 -302.416081 -293.800119
-4.691719 -300.663995 -292.838719
-4.614873 -298.911909 -291.877319
-4.538028 -297.159824 -290.915919
-4.461183 -295.407738 -289.954520
-4.384338 -293.655652 -288.993120
-4.307493 -291.903566 -288.031720
-4.230648 -290.151480 -287.070320
-4.153803 -288.399394 -286.108920
-4.076958 -286.647308 -285.147520
-4.000112 -284.895222 -284.186120
-3.923267 -283.143136 -283.224720
-3.846422 -281.391050 -282.263320
-3.769577 -279.638964 -281.301920
-3.692732 -277.886879 -280.340520
-3.615887 -276.134793 -279.379121
-3.539042 -274.382707 -278.417721
-3.462197 -272.630621 -277.456321
-3.385351 -270.878535 -276.494921
-3.308506 -269.126449 -275.533521
-3.231661 -267.374363 -274.572121
-3.154816 -265.622277 -273.610721
-3.077971 -263.870191 -272.649321
-3.001126 -262.118105 -271.687921
-2.924281 -260.366019 -270.726521
-2.847436 -258.613934 -269.765121
-368.591488 133.855877 -186.264517
-367.746688 134.966019 -184.831375
-366.901887 136.076161 -183.398233
-366.057087 137.186304 -181.965091
-365.212287 138.296446 -180.531949
-364.367486 139.406589 -179.098807
-363.522686 140.516731 -177.665665
-362.677886 141.626873 -176.232522
-361.833085 142.737016 -174.799380
-360.988285 143.847158 -173.366238
-360.143485 144.957300 -171.933096
-359.298684 146.067443 -170.499954
-358.453884 147.177585 -169.066812
-357.609084 148.287727 -167.633670
-356.764283 149.397870 -166.200528
-355.919483 150.508012 -164.767386
-355.074683 151.618154 -163.334243
-354.229882 152.728297 -161.901101
-353.385082 153.838439 -160.467959
-352.540282 154.948582 -159.034817
-351.695481 156.058724 -157.601675
-350.850681 157.168866 -156.168533
-350.005881 158.279009 -154.735391
-349.161080 159.389151 -153.302249
-348.316280 160.499293 -151.869107
-347.471480 161.609436 -150.435964
-346.626679 162.719578 -149.002822
-345.781879 163.829720 -147.569680
-344.937078 164.939863 -146.136538
-344.092278 166.050005 -144.703396
-343.247478 167.160148 -143.270254
-342.402677 168.270290 -141.837112
-341.557877 169.380432 -140.403970
-340.713077 170.490575 -138.970828
-339.868276 171.600717 -137.537685
-339.023476 172.710859 -136.104543
-338.178676 173.821002 -134.671401
-337.333875 174.931144 -133.238259
-336.489075 176.041286 -131.805117
-335.644275 177.151429 -130.371975
-334.799474 178.261571 -128.938833
-333.954674 179.371714 -127.505691
-333.109874 180.481856 -126.072549
-332.265073 181.591998 -124.639406
-331.420273 182.702141 -123.206264
-330.575473 183.812283 -121.773122
-329.730672 184.922425 -120.339980
-328.885872 186.032568 -118.906838
-328.041072 187.142710 -117.473696
-327.196271 188.252852 -116.040554
-326.351471 189.362995 -114.607412
-325.506671 190.473137 -113.174270
-324.661870 191.583279 -111.741127
-323.817070 192.693422 -110.307985
-322.972269 193.803564 -108.874843
-322.127469 194.913707 -107.441701
-321.282669 196.023849 -106.008559
-320.437868 197.133991 -104.575417
-319.593068 198.244134 -103.142275
-318.748268 199.354276 -101.709133
-317.903467 200.464418 -100.275991
-317.058667 201.574561 -98.842848
-316.213867 202.684703 -97.409706
-315.369066 203.794845 -95.976564
-314.524266 204.904988 -94.543422
-313.679466 206.015130 -93.110280
-312.834665 207.125273 -91.677138
-311.989865 208.235415 -90.243996
-311.145065 209.345557 -88.810854
-310.300264 210.455700 -87.377712
-199.420763 152.074263 301.638814
-201.248612 152.068370 300.827066
-203.076460 152.062478 300.015318
-204.904309 152.056586 299.203571
-206.732158 152.050693 298.391823
-208.560006 152.044801 297.580075
-210.387855 152.038908 296.768327
-212.215704 152.033016 295.956579
-214.043552 152.027124 295.144831
-215.871401 152.021231 294.333083
-217.699249 152.015339 293.521335
-219.527098 152.009447 292.709587
-221.354947 152.003554 291.897839
-223.182795 151.997662 291.086091
-225.010644 151.991770 290.274343
-226.838492 151.985877 289.462595
-228.666341 151.979985 288.650847
-230.494190 151.974093 287.839099
-232.322038 151.968200 287.027351
-234.149887 151.962308 286.215603
-235.977735 151.956415 285.403855
-237.805584 151.950523 284.592107
-239.633433 151.944631 283.780359
-241.461281 151.938738 282.968611
-243.289130 151.932846 282.156863
-245.116978 151.926954 281.345115
-246.944827 151.921061 280.533367
-248.772676 151.915169 279.721619
-250.600524 151.909277 278.909871
-252.428373 151.903384 278.098123
-254.256221 151.897492 277.286376
-256.084070 151.891600 276.474628
-257.911919 151.885707 275.662880
-259.739767 151.879815 274.851132
-261.567616 151.873923 274.039384
-263.395464 151.868030 273.227636
-265.223313 151.862138 272.415888
-267.051162 151.856245 271.604140
-268.879010 151.850353 270.792392
-270.706859 151.844461 269.980644
-272.534708 151.838568 269.168896
-274.362556 151.832676 268.357148
-276.190405 151.826784 267.545400
-278.018253 151.820891 266.733652
-279.846102 151.814999 265.921904
-281.673951 151.809107 265.110156
-283.501799 151.803214 264.298408
-285.329648 151.797322 263.486660
-287.157496 151.791430 262.674912
-288.985345 151.785537 261.863164
-290.813194 151.779645 261.051416
-292.641042 151.773753 260.239668
-294.468891 151.767860 259.427920
-296.296739 151.761968 258.616172
-298.124588 151.756075 257.804424
-299.952437 151.750183 256.992676
-301.780285 151.744291 256.180928
-303.608134 151.738398 255.369181
-305.435982 151.732506 254.557433
-307.263831 151.726614 253.745685
-309.091680 151.720721 252.933937
-310.919528 151.714829 252.122189
-312.747377 151.708937 251.310441
-314.575225 151.703044 250.498693
-316.403074 151.697152 249.686945
-318.230923 151.691260 248.875197
-320.058771 151.685367 248.063449
-321.886620 151.679475 247.251701
-323.714468 151.673582 246.439953
-325.542317 151.667690 245.628205
-273.870195 365.984646 257.565830
-273.689986 363.994800 257.655494
-273.509777 362.004955 257.745159
-273.329568 360.015109 257.834823
-273.149359 358.025264 257.924487
-272.969150 356.035418 258.014151
-272.788941 354.045573 258.103815
-272.608732 352.055727 258.193479
-272.428523 350.065882 258.283143
-272.248314 348.076036 258.372807
-272.068105 346.086191 258.462471
-271.887896 344.096346 258.552135
-271.707687 342.106500 258.641799
-271.527478 340.116655 258.731463
-271.347269 338.126809 258.821127
-271.167060 336.136964 258.910791
-270.986851 334.147118 259.000455
-270.806642 332.157273 259.090119
-270.626433 330.167427 259.179783
-270.446224 328.177582 259.269447
-270.266015 326.187736 259.359111
-270.085805 324.197891 259.448775
-269.905596 322.208045 259.538439
-269.725387 320.218200 259.628103
-269.545178 318.228354 259.717767
-269.364969 316.238509 259.807431
-269.184760 314.248663 259.897095
-269.004551 312.258818 259.986759
-268.824342 310.268972 260.076423
-268.644133 308.279127 260.166087
-268.463924 306.289281 260.255751
-268.283715 304.299436 260.345415
-268.103506 302.309590 260.435079
-267.923297 300.319745 260.524743
-267.743088 298.329899 260.614407
-267.562879 296.340054 260.704071
-267.382670 294.350208 260.793736
-267.202461 292.360363 260.883400
-267.022252 290.370517 260.973064
-266.842043 288.380672 261.062728
-266.661834 286.390826 261.152392
-266.481625 284.400981 261.242056
-266.301416 282.411135 261.331720
-266.121207 280.421290 261.421384
-265.940998 278.431444 261.511048
-265.760789 276.441599 261.600712
-265.580580 274.451753 261.690376
-265.400371 272.461908 261.780040
-265.220162 270.472062 261.869704
-265.039953 268.482217 261.959368
-264.859744 266.492371 262.049032
-264.679535 264.502526 262.138696
-264.499326 262.512680 262.228360
-264.319117 260.522835 262.318024
-264.138908 258.532989 262.407688
-263.958699 256.543144 262.497352
-263.778490 254.553298 262.587016
-263.598281 252.563453 262.676680
-263.418072 250.573608 262.766344
-263.237863 248.583762 262.856008
-263.057654 246.593917 262.945672
-262.877445 244.604071 263.035336
-262.697236 242.614226 263.125000
-262.517027 240.624380 263.214664
-262.336818 238.634535 263.304328
-262.156609 236.644689 263.393992
-261.976399 234.654844 263.483656
-261.796190 232.664998 263.573320
-261.615981 230.675153 263.662984
-261.435772 228.685307 263.752648
30.793822 290.877425 -9.361030
32.292904 292.170369 -9.076338
33.791986 293.463313 -8.791647
35.291067 294.756257 -8.506955
36.790149 296.049201 -8.222264
38.289231 297.342146 -7.937572
39.788313 298.635090 -7.652881
41.287395 299.928034 -7.368189
42.786476 301.220978 -7.083498
44.285558 302.513922 -6.798806
45.784640 303.806866 -6.514114
47.283722 305.099810 -6.229423
48.782804 306.392754 -5.944731
50.281885 307.685699 -5.660040
51.780967 308.978643 -5.375348
53.280049 310.271587 -5.090657
54.779131 311.564531 -4.805965
56.278213 312.857475 -4.521274
57.777294 314.150419 -4.236582
59.276376 315.443363 -3.951891
60.775458 316.736307 -3.667199
62.274540 318.029251 -3.382507
63.773622 319.322196 -3.097816
65.272703 320.615140 -2.813124
66.771785 321.908084 -2.528433
68.270867 323.201028 -2.243741
69.769949 324.493972 -1.959050
71.269031 325.786916 -1.674358
72.768112 327.079860 -1.389667
74.267194 328.372804 -1.104975
75.766276 329.665749 -0.820284
77.265358 330.958693 -0.535592
78.764440 332.251637 -0.250900
80.263521 333.544581 0.033791
81.762603 334.837525 0.318483
83.261685 336.130469 0.603174
84.760767 337.423413 0.887866
86.259849 338.716357 1.172557
87.758930 340.009301 1.457249
89.258012 341.302246 1.741940
90.757094 342.595190 2.026632
92.256176 343.888134 2.311323
93.755258 345.181078 2.596015
95.254339 346.474022 2.880707
96.753421 347.766966 3.165398
98.252503 349.059910 3.450090
99.751585 350.352854 3.734781
101.250667 351.645798 4.019473
102.749748 352.938743 4.304164
104.248830 354.231687 4.588856
105.747912 355.524631 4.873547
107.246994 356.817575 5.158239
108.746076 358.110519 5.442930
110.245157 359.403463 5.727622
111.744239 360.696407 6.012314
113.243321 361.989351 6.297005
114.742403 363.282296 6.581697
116.241485 364.575240 6.866388
117.740566 365.868184 7.151080
119.239648 367.161128 7.435771
120.738730 368.454072 7.720463
122.237812 369.747016 8.005154
123.736894 371.039960 8.289846
125.235975 372.332904 8.574537
126.735057 373.625848 8.859229
128.234139 374.918793 9.143921
129.733221 376.211737 9.428612
131.232302 377.504681 9.713304
132.731384 378.797625 9.997995
134.230466 380.090569 10.282687
166.210155 207.789000 30.807265
167.794332 206.933071 29.936767
169.378510 206.077141 29.066269
170.962687 205.221212 28.195772
172.546865 204.365282 27.325274
174.131042 203.509352 26.454777
175.715220 202.653423 25.584279
177.299397 201.797493 24.713781
178.883575 200.941564 23.843284
180.467753 200.085634 22.972786
182.051930 199.229704 22.102288
183.636108 198.373775 21.231791
185.220285 197.517845 20.361293
186.804463 196.661916 19.490796
188.388640 195.805986 18.620298
189.972818 194.950057 17.749800
191.556995 194.094127 16.879303
193.141173 193.238197 16.008805
194.725350 192.382268 15.138308
196.309528 191.526338 14.267810
197.893705 190.670409 13.397312
199.477883 189.814479 12.526815
201.062060 188.958549 11.656317
202.646238 188.102620 10.785819
204.230415 187.246690 9.915322
205.814593 186.390761 9.044824
207.398771 185.534831 8.174327
208.982948 184.678902 7.303829
210.567126 183.822972 6.433331
212.151303 182.967042 5.562834
213.735481 182.111113 4.692336
215.319658 181.255183 3.821839
216.903836 180.399254 2.951341
218.488013 179.543324 2.080843
220.072191 178.687394 1.210346
221.656368 177.831465 0.339848
223.240546 176.975535 -0.530649
224.824723 176.119606 -1.401147
226.408901 175.263676 -2.271645
227.993078 174.407747 -3.142142
229.577256 173.551817 -4.012640
231.161434 172.695887 -4.883138
232.745611 171.839958 -5.753635
234.329789 170.984028 -6.624133
235.913966 170.128099 -7.494630
237.498144 169.272169 -8.365128
239.082321 168.416239 -9.235626
240.666499 167.560310 -10.106123
242.250676 166.704380 -10.976621
243.834854 165.848451 -11.847118
245.419031 164.992521 -12.717616
247.003209 164.136592 -13.588114
248.587386 163.280662 -14.458611
250.171564 162.424732 -15.329109
251.755741 161.568803 -16.199607
253.339919 160.712873 -17.070104
254.924097 159.856944 -17.940602
256.508274 159.001014 -18.811099
258.092452 158.145084 -19.681597
259.676629 157.289155 -20.552095
261.260807 156.433225 -21.422592
262.844984 155.577296 -22.293090
264.429162 154.721366 -23.163587
266.013339 153.865437 -24.034085
267.597517 153.009507 -24.904583
269.181694 152.153577 -25.775080
270.765872 151.297648 -26.645578
272.350049 150.441718 -27.516075
273.934227 149.585789 -28.386573
275.518404 148.729859 -29.257071
164.878313 -304.890615 -96.820200
166.781681 -304.845830 -97.432723
168.685049 -304.801046 -98.045247
170.588417 -304.756262 -98.657770
172.491785 -304.711478 -99.270293
174.395153 -304.666694 -99.882817
176.298521 -304.621910 -100.495340
178.201889 -304.577125 -101.107863
180.105257 -304.532341 -101.720387
182.008625 -304.487557 -102.332910
183.911992 -304.442773 -102.945434
185.815360 -304.397989 -103.557957
187.718728 -304.353205 -104.170480
189.622096 -304.308421 -104.783004
191.525464 -304.263636 -105.395527
193.428832 -304.218852 -106.008050
195.332200 -304.174068 -106.620574
197.235568 -304.129284 -107.233097
199.138936 -304.084500 -107.845621
201.042304 -304.039716 -108.458144
202.945672 -303.994931 -109.070667
204.849040 -303.950147 -109.683191
206.752408 -303.905363 -110.295714
208.655776 -303.860579 -110.908238
210.559144 -303.815795 -111.520761
212.462511 -303.771011 -112.133284
214.365879 -303.726227 -112.745808
216.269247 -303.681442 -113.358331
218.172615 -303.636658 -113.970854
220.075983 -303.591874 -114.583378
221.979351 -303.547090 -115.195901
223.882719 -303.502306 -115.808425
225.786087 -303.457522 -116.420948
227.689455 -303.412737 -117.033471
229.592823 -303.367953 -117.645995
231.496191 -303.323169 -118.258518
233.399559 -303.278385 -118.871041
235.302927 -303.233601 -119.483565
237.206295 -303.188817 -120.096088
239.109662 -303.144033 -120.708612
241.013030 -303.099248 -121.321135
242.916398 -303.054464 -121.933658
244.819766 -303.009680 -122.546182
246.723134 -302.964896 -123.158705
248.626502 -302.920112 -123.771229
250.529870 -302.875328 -124.383752
252.433238 -302.830543 -124.996275
254.336606 -302.785759 -125.608799
256.239974 -302.740975 -126.221322
258.143342 -302.696191 -126.833845
260.046710 -302.651407 -127.446369
261.950078 -302.606623 -128.058892
263.853446 -302.561839 -128.671416
265.756814 -302.517054 -129.283939
267.660181 -302.472270 -129.896462
269.563549 -302.427486 -130.508986
271.466917 -302.382702 -131.121509
273.370285 -302.337918 -131.734032
275.273653 -302.293134 -132.346556
277.177021 -302.248349 -132.959079
279.080389 -302.203565 -133.571603
280.983757 -302.158781 -134.184126
282.887125 -302.113997 -134.796649
284.790493 -302.069213 -135.409173
286.693861 -302.024429 -136.021696
288.597229 -301.979645 -136.634220
290.500597 -301.934860 -137.246743
292.403965 -301.890076 -137.859266
294.307333 -301.845292 -138.471790
296.210700 -301.800508 -139.084313
-184.397096 79.183314 -215.339079
-184.519579 77.189478 -215.241001
-184.642062 75.195643 -215.142924
-184.764545 73.201808 -215.044846
-184.887029 71.207973 -214.946769
-185.009512 69.214138 -214.848692
-185.131995 67.220302 -214.750614
-185.254478 65.226467 -214.652537
-185.376961 63.232632 -214.554460
-185.499444 61.238797 -214.456382
-185.621927 59.244962 -214.358305
-185.744410 57.251127 -214.260228
-185.866894 55.257291 -214.162150
-185.989377 53.263456 -214.064073
-186.111860 51.269621 -213.965996
-186.234343 49.275786 -213.867918
-186.356826 47.281951 -213.769841
-186.479309 45.288116 -213.671764
-186.601792 43.294280 -213.573686
-186.724275 41.300445 -213.475609
-186.846758 39.306610 -213.377531
-186.969242 37.312775 -213.279454
-187.091725 35.318940 -213.181377
-187.214208 33.325104 -213.083299
-187.336691 31.331269 -212.985222
-187.459174 29.337434 -212.887145
-187.581657 27.343599 -212.789067
-187.704140 25.349764 -212.690990
-187.826623 23.355929 -212.592913
-187.949107 21.362093 -212.494835
-188.071590 19.368258 -212.396758
-188.194073 17.374423 -212.298681
-188.316556 15.380588 -212.200603
-188.439039 13.386753 -212.102526
-188.561522 11.392918 -212.004449
-188.684005 9.399082 -211.906371
-188.806488 7.405247 -211.808294
-188.928972 5.411412 -211.710216
-189.051455 3.417577 -211.612139
-189.173938 1.423742 -211.514062
-189.296421 -0.570094 -211.415984
-189.418904 -2.563929 -211.317907
-189.541387 -4.557764 -211.219830
-189.663870 -6.551599 -211.121752
-189.786353 -8.545434 -211.023675
-189.908837 -10.539269 -210.925598
-190.031320 -12.533105 -210.827520
-190.153803 -14.526940 -210.729443
-190.276286 -16.520775 -210.631366
-190.398769 -18.514610 -210.533288
-190.521252 -20.508445 -210.435211
-190.643735 -22.502281 -210.337134
-190.766218 -24.496116 -210.239056
-190.888702 -26.489951 -210.140979
-191.011185 -28.483786 -210.042902
-191.133668 -30.477621 -209.944824
-191.256151 -32.471456 -209.846747
-191.378634 -34.465292 -209.748669
-191.501117 -36.459127 -209.650592
-191.623600 -38.452962 -209.552515
-191.746083 -40.446797 -209.454437
-191.868567 -42.440632 -209.356360
-191.991050 -44.434467 -209.258283
-192.113533 -46.428303 -209.160205
-192.236016 -48.422138 -209.062128
-192.358499 -50.415973 -208.964051
-192.480982 -52.409808 -208.865973
-192.603465 -54.403643 -208.767896
-192.725948 -56.397479 -208.669819
-192.848432 -58.391314 -208.571741
-106.780724 134.177960 397.913538
-106.778249 134.783301 396.007349
-106.775773 135.388642 394.101160
-106.773297 135.993984 392.194972
-106.770821 136.599325 390.288783
-106.768346 137.204666 388.382594
-106.765870 137.810007 386.476405
-106.763394 138.415348 384.570216
-106.760918 139.020689 382.664027
-106.758442 139.626030 380.757838
-106.755967 140.231371 378.851649
-106.753491 140.836712 376.945461
-106.751015 141.442053 375.039272
-106.748539 142.047394 373.133083
-106.746064 142.652735 371.226894
-106.743588 143.258076 369.320705
-106.741112 143.863418 367.414516
-106.738636 144.468759 365.508327
-106.736160 145.074100 363.602138
-106.733685 145.679441 361.695949
-106.731209 146.284782 359.789761
-106.728733 146.890123 357.883572
-106.726257 147.495464 355.977383
-106.723782 148.100805 354.071194
-106.721306 148.706146 352.165005
-106.718830 149.311487 350.258816
-106.716354 149.916828 348.352627
-106.713878 150.522169 346.446438
-106.711403 151.127510 344.540250
-106.708927 151.732851 342.634061
-106.706451 152.338193 340.727872
-106.703975 152.943534 338.821683
-106.701500 153.548875 336.915494
-106.699024 154.154216 335.009305
-106.696548 154.759557 333.103116
-106.694072 155.364898 331.196927
-106.691596 155.970239 329.290738
-106.689121 156.575580 327.384550
-106.686645 157.180921 325.478361
-106.684169 157.786262 323.572172
-106.681693 158.391603 321.665983
-106.679218 158.996944 319.759794
-106.676742 159.602285 317.853605
-106.674266 160.207627 315.947416
-106.671790 160.812968 314.041227
-106.669314 161.418309 312.135039
-106.666839 162.023650 310.228850
-106.664363 162.628991 308.322661
-106.661887 163.234332 306.416472
-106.659411 163.839673 304.510283
-106.656936 164.445014 302.604094
-106.654460 165.050355 300.697905
-106.651984 165.655696 298.791716
-106.649508 166.261037 296.885527
-106.647032 166.866378 294.979339
-106.644557 167.471719 293.073150
-106.642081 168.077060 291.166961
-106.639605 168.682402 289.260772
-106.637129 169.287743 287.354583
-106.634654 169.893084 285.448394
-106.632178 170.498425 283.542205
-106.629702 171.103766 281.636016
-106.627226 171.709107 279.729828
-106.624750 172.314448 277.823639
-106.622275 172.919789 275.917450
-106.619799 173.525130 274.011261
-106.617323 174.130471 272.105072
-106.614847 174.735812 270.198883
-106.612372 175.341153 268.292694
-106.609896 175.946494 266.386505
-235.667396 -23.330281 52.072598
-234.957054 -21.958515 53.342902
-234.246712 -20.586749 54.613206
-233.536370 -19.214983 55.883510
-232.826028 -17.843217 57.153815
-232.115687 -16.471451 58.424119
-231.405345 -15.099685 59.694423
-230.695003 -13.727920 60.964727
-229.984661 -12.356154 62.235032
-229.274319 -10.984388 63.505336
-228.563978 -9.612622 64.775640
-227.853636 -8.240856 66.045944
-227.143294 -6.869090 67.316249
-226.432952 -5.497324 68.586553
-225.722610 -4.125559 69.856857
-225.012268 -2.753793 71.127161
-224.301927 -1.382027 72.397466
-223.591585 -0.010261 73.667770
-222.881243 1.361505 74.938074
-222.170901 2.733271 76.208379
-221.460559 4.105037 77.478683
-220.750218 5.476802 78.748987
-220.039876 6.848568 80.019291
-219.329534 8.220334 81.289596
-218.619192 9.592100 82.559900
-217.908850 10.963866 83.830204
-217.198508 12.335632 85.100508
-216.488167 13.707398 86.370813
-215.777825 15.079164 87.641117
-215.067483 16.450929 88.911421
-214.357141 17.822695 90.181725
-213.646799 19.194461 91.452030
-212.936458 20.566227 92.722334
-212.226116 21.937993 93.992638
-211.515774 23.309759 95.262942
-210.805432 24.681525 96.533247
-210.095090 26.053290 97.803551
-209.384748 27.425056 99.073855
-208.674407 28.796822 100.344160
-207.964065 30.168588 101.614464
-207.253723 31.540354 102.884768
-206.543381 32.912120 104.155072
-205.833039 34.283886 105.425377
-205.122698 35.655651 106.695681
-204.412356 37.027417 107.965985
-203.702014 38.399183 109.236289
-202.991672 39.770949 110.506594
-202.281330 41.142715 111.776898
-201.570988 42.514481 113.047202
-200.860647 43.886247 114.317506
-200.150305 45.258013 115.587811
-199.439963 46.629778 116.858115
-198.729621 48.001544 118.128419
-198.019279 49.373310 119.398723
-197.308938 50.745076 120.669028
-196.598596 52.116842 121.939332
-195.888254 53.488608 123.209636
-195.177912 54.860374 124.479940
-194.467570 56.232139 125.750245
-193.757228 57.603905 127.020549
-193.046887 58.975671 128.290853
-192.336545 60.347437 129.561158
-191.626203 61.719203 130.831462
-190.915861 63.090969 132.101766
-190.205519 64.462735 133.372070
-189.495178 65.834500 134.642375
-188.784836 67.206266 135.912679
-188.074494 68.578032 137.182983
-187.364152 69.949798 138.453287
-186.653810 71.321564 139.723592
-341.195511 -144.000273 -235.189123
-339.517156 -143.606930 -236.203225
-337.838800 -143.213586 -237.217328
-336.160444 -142.820243 -238.231430
-334.482089 -142.426900 -239.245533
-332.803733 -142.033556 -240.259635
-331.125378 -141.640213 -241.273737
-329.447022 -141.246870 -242.287840
-327.768667 -140.853526 -243.301942
-326.090311 -140.460183 -244.316045
-324.411956 -140.066840 -245.330147
-322.733600 -139.673496 -246.344249
-321.055244 -139.280153 -247.358352
-319.376889 -138.886810 -248.372454
-317.698533 -138.493466 -249.386557
-316.020178 -138.100123 -250.400659
-314.341822 -137.706780 -251.414761
-312.663467 -137.313436 -252.428864
-310.985111 -136.920093 -253.442966
-309.306756 -136.526750 -254.457069
-307.628400 -136.133406 -255.471171
-305.950044 -135.740063 -256.485273
-304.271689 -135.346720 -257.499376
-302.593333 -134.953376 -258.513478
-300.914978 -134.560033 -259.527580
-299.236622 -134.166690 -260.541683
-297.558267 -133.773346 -261.555785
-295.879911 -133.380003 -262.569888
-294.201556 -132.986660 -263.583990
-292.523200 -132.593316 -264.598092
-290.844845 -132.199973 -265.612195
-289.166489 -131.806630 -266.626297
-287.488133 -131.413286 -267.640400
-285.809778 -131.019943 -268.654502
-284.131422 -130.626600 -269.668604
-282.453067 -130.233256 -270.682707
-280.774711 -129.839913 -271.696809
-279.096356 -129.446570 -272.710912
-277.418000 -129.053226 -273.725014
-275.739645 -128.659883 -274.739116
-274.061289 -128.266540 -275.753219
-272.382933 -127.873196 -276.767321
-270.704578 -127.479853 -277.781424
-269.026222 -127.086510 -278.795526
-267.347867 -126.693166 -279.809628
-265.669511 -126.299823 -280.823731
-263.991156 -125.906480 -281.837833
-262.312800 -125.513136 -282.851936
-260.634445 -125.119793 -283.866038
-258.956089 -124.726450 -284.880140
-257.277733 -124.333106 -285.894243
-255.599378 -123.939763 -286.908345
-253.921022 -123.546420 -287.922447
-252.242667 -123.153076 -288.936550
-250.564311 -122.759733 -289.950652
-248.885956 -122.366390 -290.964755
-247.207600 -121.973046 -291.978857
-245.529245 -121.579703 -292.992959
-243.850889 -121.186360 -294.007062
-242.172533 -120.793016 -295.021164
-240.494178 -120.399673 -296.035267
-238.815822 -120.006330 -297.049369
-237.137467 -119.612986 -298.063471
-235.459111 -119.219643 -299.077574
-233.780756 -118.826300 -300.091676
-232.102400 -118.432956 -301.105779
-230.424045 -118.039613 -302.119881
-228.745689 -117.646270 -303.133983
-227.067334 -117.252926 -304.148086
-225.388978 -116.859583 -305.162188
-14.777837 -272.909494 137.785999
-15.480294 -273.446821 139.579831
-16.182752 -273.984148 141.373663
-16.885209 -274.521475 143.167495
-17.587666 -275.058803 144.961327
-18.290124 -275.596130 146.755159
-18.992581 -276.133457 148.548991
-19.695039 -276.670784 150.342823
-20.397496 -277.208111 152.136655
-21.099953 -277.745438 153.930487
-21.802411 -278.282765 155.724319
-22.504868 -278.820092 157.518151
-23.207325 -279.357420 159.311983
-23.909783 -279.894747 161.105815
-24.612240 -280.432074 162.899647
-25.314697 -280.969401 164.693479
-26.017155 -281.506728 166.487311
-26.719612 -282.044055 168.281143
-27.422069 -282.581382 170.074975
-28.124527 -283.118709 171.868807
-28.826984 -283.656037 173.662639
-29.529441 -284.193364 175.456471
-30.231899 -284.730691 177.250303
-30.934356 -285.268018 179.044135
-31.636813 -285.805345 180.837967
-32.339271 -286.342672 182.631799
-33.041728 -286.879999 184.425631
-33.744185 -287.417326 186.219463
-34.446643 -287.954654 188.013295
-35.149100 -288.491981 189.807127
-35.851558 -289.029308 191.600959
-36.554015 -289.566635 193.394791
-37.256472 -290.103962 195.188623
-37.958930 -290.641289 196.982455
-38.661387 -291.178616 198.776287
-39.363844 -291.715943 200.570119
-40.066302 -292.253271 202.363951
-40.768759 -292.790598 204.157783
-41.471216 -293.327925 205.951615
-42.173674 -293.865252 207.745447
-42.876131 -294.402579 209.539279
-43.578588 -294.939906 211.333111
-44.281046 -295.477233 213.126943
-44.983503 -296.014560 214.920775
-45.685960 -296.551888 216.714607
-46.388418 -297.089215 218.508439
-47.090875 -297.626542 220.302271
-47.793332 -298.163869 222.096103
-48.495790 -298.701196 223.889935
-49.198247 -299.238523 225.683767
-49.900705 -299.775850 227.477599
-50.603162 -300.313177 229.271431
-51.305619 -300.850505 231.065263
-52.008077 -301.387832 232.859095
-52.710534 -301.925159 234.652927
-53.412991 -302.462486 236.446759
-54.115449 -302.999813 238.240591
-54.817906 -303.537140 240.034423
-55.520363 -304.074467 241.828255
-56.222821 -304.611795 243.622087
-56.925278 -305.149122 245.415919
-57.627735 -305.686449 247.209751
-58.330193 -306.223776 249.003583
-59.032650 -306.761103 250.797415
-59.735107 -307.298430 252.591247
-60.437565 -307.835757 254.385079
-61.140022 -308.373084 256.178911
-61.842479 -308.910412 257.972743
-62.544937 -309.447739 259.766575
-63.247394 -309.985066 261.560407
326.192316 167.065078 232.083679
326.700513 165.130968 232.052827
327.208710 163.196857 232.021976
327.716907 161.262746 231.991125
328.225104 159.328636 231.960274
328.733301 157.394525 231.929422
329.241498 155.460414 231.898571
329.749695 153.526304 231.867720
330.257892 151.592193 231.836869
330.766089 149.658082 231.806017
331.274286 147.723972 231.775166
331.782483 145.789861 231.744315
332.290679 143.855750 231.713464
332.798876 141.921640 231.682612
333.307073 139.987529 231.651761
333.815270 138.053418 231.620910
334.323467 136.119308 231.590059
334.831664 134.185197 231.559207
335.339861 132.251086 231.528356
335.848058 130.316976 231.497505
336.356255 128.382865 231.466654
336.864452 126.448754 231.435802
337.372649 124.514644 231.404951
337.880846 122.580533 231.374100
338.389043 120.646422 231.343249
338.897240 118.712312 231.312397
339.405437 116.778201 231.281546
339.913634 114.844090 231.250695
340.421831 112.909980 231.219844
340.930028 110.975869 231.188992
341.438225 109.041758 231.158141
341.946422 107.107648 231.127290
342.454619 105.173537 231.096439
342.962816 103.239426 231.065587
343.471013 101.305316 231.034736
343.979210 99.371205 231.003885
344.487407 97.437095 230.973034
344.995604 95.502984 230.942182
345.503801 93.568873 230.911331
346.011998 91.634763 230.880480
346.520195 89.700652 230.849629
347.028392 87.766541 230.818777
347.536589 85.832431 230.787926
348.044786 83.898320 230.757075
348.552983 81.964209 230.726224
349.061180 80.030099 230.695372
349.569376 78.095988 230.664521
350.077573 76.161877 230.633670
350.585770 74.227767 230.602819
351.093967 72.293656 230.571968
351.602164 70.359545 230.541116
352.110361 68.425435 230.510265
352.618558 66.491324 230.479414
353.126755 64.557213 230.448563
353.634952 62.623103 230.417711
354.143149 60.688992 230.386860
354.651346 58.754881 230.356009
355.159543 56.820771 230.325158
355.667740 54.886660 230.294306
356.175937 52.952549 230.263455
356.684134 51.018439 230.232604
357.192331 49.084328 230.201753
357.700528 47.150217 230.170901
358.208725 45.216107 230.140050
358.716922 43.281996 230.109199
359.225119 41.347885 230.078348
359.733316 39.413775 230.047496
360.241513 37.479664 230.016645
360.749710 35.545553 229.985794
361.257907 33.611443 229.954943
-293.702697 293.101962 -157.040276
-291.786126 293.184881 -157.605856
-289.869555 293.267799 -158.171437
-287.952985 293.350717 -158.737017
-286.036414 293.433635 -159.302598
-284.119843 293.516553 -159.868178
-282.203273 293.599471 -160.433759
-280.286702 293.682390 -160.999340
-278.370131 293.765308 -161.564920
-276.453561 293.848226 -162.130501
-274.536990 293.931144 -162.696081
-272.620419 294.014062 -163.261662
-270.703849 294.096981 -163.827242
-268.787278 294.179899 -164.392823
-266.870707 294.262817 -164.958404
-264.954137 294.345735 -165.523984
-263.037566 294.428653 -166.089565
-261.120995 294.511572 -166.655145
-259.204425 294.594490 -167.220726
-257.287854 294.677408 -167.786306
-255.371283 294.760326 -168.351887
-253.454712 294.843244 -168.917468
-251.538142 294.926162 -169.483048
-249.621571 295.009081 -170.048629
-247.705000 295.091999 -170.614209
-245.788430 295.174917 -171.179790
-243.871859 295.257835 -171.745370
-241.955288 295.340753 -172.310951
-240.038718 295.423672 -172.876532
-238.122147 295.506590 -173.442112
-236.205576 295.589508 -174.007693
-234.289006 295.672426 -174.573273
-232.372435 295.755344 -175.138854
-230.455864 295.838263 -175.704434
-228.539294 295.921181 -176.270015
-226.622723 296.004099 -176.835596
-224.706152 296.087017 -177.401176
-222.789582 296.169935 -177.966757
-220.873011 296.252853 -178.532337
-218.956440 296.335772 -179.097918
-217.039869 296.418690 -179.663498
-215.123299 296.501608 -180.229079
-213.206728 296.584526 -180.794660
-211.290157 296.667444 -181.360240
-209.373587 296.750363 -181.925821
-207.457016 296.833281 -182.491401
-205.540445 296.916199 -183.056982
-203.623875 296.999117 -183.622563
-201.707304 297.082035 -184.188143
-199.790733 297.164954 -184.753724
-197.874163 297.247872 -185.319304
-195.957592 297.330790 -185.884885
-194.041021 297.413708 -186.450465
-192.124451 297.496626 -187.016046
-190.207880 297.579544 -187.581627
-188.291309 297.662463 -188.147207
-186.374738 297.745381 -188.712788
-184.458168 297.828299 -189.278368
-182.541597 297.911217 -189.843949
-180.625026 297.994135 -190.409529
-178.708456 298.077054 -190.975110
-176.791885 298.159972 -191.540691
-174.875314 298.242890 -192.106271
-172.958744 298.325808 -192.671852
-171.042173 298.408726 -193.237432
-169.125602 298.491645 -193.803013
-167.209032 298.574563 -194.368593
-165.292461 298.657481 -194.934174
-163.375890 298.740399 -195.499755
-161.459320 298.823317 -196.065335
268.791587 -119.967807 -351.749967
267.968243 -120.025328 -349.928211
267.144899 -120.082849 -348.106455
266.321555 -120.140370 -346.284698
265.498211 -120.197891 -344.462942
264.674868 -120.255412 -342.641186
263.851524 -120.312934 -340.819429
263.028180 -120.370455 -338.997673
262.204836 -120.427976 -337.175916
261.381492 -120.485497 -335.354160
260.558149 -120.543018 -333.532404
259.734805 -120.600539 -331.710647
258.911461 -120.658060 -329.888891
258.088117 -120.715581 -328.067134
257.264773 -120.773102 -326.245378
256.441430 -120.830623 -324.423622
255.618086 -120.888145 -322.601865
254.794742 -120.945666 -320.780109
253.971398 -121.003187 -318.958353
253.148054 -121.060708 -317.136596
252.324711 -121.118229 -315.314840
251.501367 -121.175750 -313.493083
250.678023 -121.233271 -311.671327
249.854679 -121.290792 -309.849571
249.031335 -121.348313 -308.027814
248.207992 -121.405834 -306.206058
247.384648 -121.463356 -304.384302
246.561304 -121.520877 -302.562545
245.737960 -121.578398 -300.740789
244.914616 -121.635919 -298.919032
244.091273 -121.693440 -297.097276
243.267929 -121.750961 -295.275520
242.444585 -121.808482 -293.453763
241.621241 -121.866003 -291.632007
240.797897 -121.923524 -289.810251
239.974553 -121.981045 -287.988494
239.151210 -122.038567 -286.166738
238.327866 -122.096088 -284.344981
237.504522 -122.153609 -282.523225
236.681178 -122.211130 -280.701469
235.857834 -122.268651 -278.879712
235.034491 -122.326172 -277.057956
234.211147 -122.383693 -275.236200
233.387803 -122.441214 -273.414443
232.564459 -122.498735 -271.592687
231.741115 -122.556256 -269.770930
230.917772 -122.613778 -267.949174
230.094428 -122.671299 -266.127418
229.271084 -122.728820 -264.305661
228.447740 -122.786341 -262.483905
227.624396 -122.843862 -260.662148
226.801053 -122.901383 -258.840392
225.977709 -122.958904 -257.018636
225.154365 -123.016425 -255.196879
224.331021 -123.073946 -253.375123
223.507677 -123.131467 -251.553367
222.684334 -123.188989 -249.731610
221.860990 -123.246510 -247.909854
221.037646 -123.304031 -246.088097
220.214302 -123.361552 -244.266341
219.390958 -123.419073 -242.444585
218.567615 -123.476594 -240.622828
217.744271 -123.534115 -238.801072
216.920927 -123.591636 -236.979316
216.097583 -123.649157 -235.157559
215.274239 -123.706678 -233.335803
214.450896 -123.764200 -231.514046
213.627552 -123.821721 -229.692290
212.804208 -123.879242 -227.870534
211.980864 -123.936763 -226.048777
299.708241 -260.628710 341.955243
300.473635 -258.830274 342.379270
301.239030 -257.031838 342.803296
302.004425 -255.233402 343.227323
302.769820 -253.434966 343.651350
303.535215 -251.636530 344.075377
304.300610 -249.838094 344.499404
305.066005 -248.039658 344.923430
305.831400 -246.241222 345.347457
306.596795 -244.442786 345.771484
307.362189 -242.644351 346.195511
308.127584 -240.845915 346.619538
308.892979 -239.047479 347.043564
309.658374 -237.249043 347.467591
310.423769 -235.450607 347.891618
311.189164 -233.652171 348.315645
311.954559 -231.853735 348.739672
312.719954 -230.055299 349.163698
313.485348 -228.256863 349.587725
314.250743 -226.458427 350.011752
315.016138 -224.659991 350.435779
315.781533 -222.861555 350.859806
316.546928 -221.063119 351.283833
317.312323 -219.264683 351.707859
318.077718 -217.466247 352.131886
318.843113 -215.667811 352.555913
319.608508 -213.869375 352.979940
320.373902 -212.070939 353.403967
321.139297 -210.272503 353.827993
321.904692 -208.474067 354.252020
322.670087 -206.675631 354.676047
323.435482 -204.877195 355.100074
324.200877 -203.078759 355.524101
324.966272 -201.280323 355.948127
325.731667 -199.481887 356.372154
326.497062 -197.683451 356.796181
327.262456 -195.885015 357.220208
328.027851 -194.086579 357.644235
328.793246 -192.288143 358.068261
329.558641 -190.489707 358.492288
330.324036 -188.691271 358.916315
331.089431 -186.892835 359.340342
331.854826 -185.094400 359.764369
332.620221 -183.295964 360.188395
333.385616 -181.497528 360.612422
334.151010 -179.699092 361.036449
334.916405 -177.900656 361.460476
335.681800 -176.102220 361.884503
336.447195 -174.303784 362.308530
337.212590 -172.505348 362.732556
337.977985 -170.706912 363.156583
338.743380 -168.908476 363.580610
339.508775 -167.110040 364.004637
340.274170 -165.311604 364.428664
341.039564 -163.513168 364.852690
341.804959 -161.714732 365.276717
342.570354 -159.916296 365.700744
343.335749 -158.117860 366.124771
344.101144 -156.319424 366.548798
344.866539 -154.520988 366.972824
345.631934 -152.722552 367.396851
346.397329 -150.924116 367.820878
347.162723 -149.125680 368.244905
347.928118 -147.327244 368.668932
348.693513 -145.528808 369.092958
349.458908 -143.730372 369.516985
350.224303 -141.931936 369.941012
350.989698 -140.133500 370.365039
351.755093 -138.335064 370.789066
352.520488 -136.536628 371.213092
-295.555861 -29.017074 -256.556475
-294.249413 -27.518701 -256.337222
-292.942966 -26.020327 -256.117970
-291.636519 -24.521953 -255.898717
-290.330071 -23.023580 -255.679464
-289.023624 -21.525206 -255.460212
-287.717176 -20.026833 -255.240959
-286.410729 -18.528459 -255.021706
-285.104282 -17.030085 -254.802453
-283.797834 -15.531712 -254.583201
-282.491387 -14.033338 -254.363948
-281.184940 -12.534965 -254.144695
-279.878492 -11.036591 -253.925442
-278.572045 -9.538217 -253.706190
-277.265597 -8.039844 -253.486937
-275.959150 -6.541470 -253.267684
-274.652703 -5.043097 -253.048431
-273.346255 -3.544723 -252.829179
-272.039808 -2.046349 -252.609926
-270.733360 -0.547976 -252.390673
-269.426913 0.950398 -252.171420
-268.120466 2.448771 -251.952168
-266.814018 3.947145 -251.732915
-265.507571 5.445519 -251.513662
-264.201123 6.943892 -251.294409
-262.894676 8.442266 -251.075157
-261.588229 9.940639 -250.855904
-260.281781 11.439013 -250.636651
-258.975334 12.937387 -250.417398
-257.668886 14.435760 -250.198146
-256.362439 15.934134 -249.978893
-255.055992 17.432507 -249.759640
-253.749544 18.930881 -249.540388
-252.443097 20.429255 -249.321135
-251.136649 21.927628 -249.101882
-249.830202 23.426002 -248.882629
-248.523755 24.924375 -248.663377
-247.217307 26.422749 -248.444124
-245.910860 27.921123 -248.224871
-244.604413 29.419496 -248.005618
-243.297965 30.917870 -247.786366
-241.991518 32.416243 -247.567113
-240.685070 33.914617 -247.347860
-239.378623 35.412991 -247.128607
-238.072176 36.911364 -246.909355
-236.765728 38.409738 -246.690102
-235.459281 39.908111 -246.470849
-234.152833 41.406485 -246.251596
-232.846386 42.904859 -246.032344
-231.539939 44.403232 -245.813091
-230.233491 45.901606 -245.593838
-228.927044 47.399979 -245.374585
-227.620596 48.898353 -245.155333
-226.314149 50.396727 -244.936080
-225.007702 51.895100 -244.716827
-223.701254 53.393474 -244.497575
-222.394807 54.891847 -244.278322
-221.088359 56.390221 -244.059069
-219.781912 57.888595 -243.839816
-218.475465 59.386968 -243.620564
-217.169017 60.885342 -243.401311
-215.862570 62.383715 -243.182058
-214.556122 63.882089 -242.962805
-213.249675 65.380463 -242.743553
-211.943228 66.878836 -242.524300
-210.636780 68.377210 -242.305047
-209.330333 69.875583 -242.085794
-208.023885 71.373957 -241.866542
-206.717438 72.872331 -241.647289
-205.410991 74.370704 -241.428036
-215.732097 -95.549463 80.584462
-214.398314 -94.060356 80.524600
-213.064531 -92.571249 80.464738
-211.730748 -91.082142 80.404876
-210.396966 -89.593035 80.345013
-209.063183 -88.103927 80.285151
-207.729400 -86.614820 80.225289
-206.395617 -85.125713 80.165427
-205.061834 -83.636606 80.105564
-203.728051 -82.147499 80.045702
-202.394268 -80.658392 79.985840
-201.060485 -79.169285 79.925978
-199.726703 -77.680178 79.866115
-198.392920 -76.191071 79.806253
-197.059137 -74.701964 79.746391
-195.725354 -73.212857 79.686529
-194.391571 -71.723750 79.626666
-193.057788 -70.234643 79.566804
-191.724005 -68.745536 79.506942
-190.390223 -67.256429 79.447080
-189.056440 -65.767322 79.387217
-187.722657 -64.278215 79.327355
-186.388874 -62.789108 79.267493
-185.055091 -61.300001 79.207631
-183.721308 -59.810894 79.147768
-182.387525 -58.321787 79.087906
-181.053743 -56.832680 79.028044
-179.719960 -55.343573 78.968182
-178.386177 -53.854466 78.908319
-177.052394 -52.365358 78.848457
-175.718611 -50.876251 78.788595
-174.384828 -49.387144 78.728733
-173.051045 -47.898037 78.668870
-171.717262 -46.408930 78.609008
-170.383480 -44.919823 78.549146
-169.049697 -43.430716 78.489284
-167.715914 -41.941609 78.429421
-166.382131 -40.452502 78.369559
-165.048348 -38.963395 78.309697
-163.714565 -37.474288 78.249835
-162.380782 -35.985181 78.189972
-161.047000 -34.496074 78.130110
-159.713217 -33.006967 78.070248
-158.379434 -31.517860 78.010386
-157.045651 -30.028753 77.950523
-155.711868 -28.539646 77.890661
-154.378085 -27.050539 77.830799
-153.044302 -25.561432 77.770937
-151.710519 -24.072325 77.711074
-150.376737 -22.583218 77.651212
-149.042954 -21.094111 77.591350
-147.709171 -19.605004 77.531488
-146.375388 -18.115897 77.471625
-145.041605 -16.626789 77.411763
-143.707822 -15.137682 77.351901
-142.374039 -13.648575 77.292039
-141.040257 -12.159468 77.232176
-139.706474 -10.670361 77.172314
-138.372691 -9.181254 77.112452
-137.038908 -7.692147 77.052590
-135.705125 -6.203040 76.992727
-134.371342 -4.713933 76.932865
-133.037559 -3.224826 76.873003
-131.703777 -1.735719 76.813141
-130.369994 -0.246612 76.753278
-129.036211 1.242495 76.693416
-127.702428 2.731602 76.633554
-126.368645 4.220709 76.573692
-125.034862 5.709816 76.513830
-123.701079 7.198923 76.453967
95.906430 -293.591969 190.184516
94.785449 -294.423851 188.752254
93.664469 -295.255732 187.319992
92.543488 -296.087614 185.887729
91.422507 -296.919495 184.455467
90.301527 -297.751376 183.023204
89.180546 -298.583258 181.590942
88.059565 -299.415139 180.158679
86.938585 -300.247021 178.726417
85.817604 -301.078902 177.294155
84.696623 -301.910784 175.861892
83.575643 -302.742665 174.429630
82.454662 -303.574547 172.997367
81.333681 -304.406428 171.565105
80.212701 -305.238309 170.132842
79.091720 -306.070191 168.700580
77.970739 -306.902072 167.268318
76.849759 -307.733954 165.836055
75.728778 -308.565835 164.403793
74.607797 -309.397717 162.971530
73.486817 -310.229598 161.539268
72.365836 -311.061479 160.107005
71.244856 -311.893361 158.674743
70.123875 -312.725242 157.242481
69.002894 -313.557124 155.810218
67.881914 -314.389005 154.377956
66.760933 -315.220887 152.945693
65.639952 -316.052768 151.513431
64.518972 -316.884649 150.081168
63.397991 -317.716531 148.648906
62.277010 -318.548412 147.216644
61.156030 -319.380294 145.784381
60.035049 -320.212175 144.352119
58.914068 -321.044057 142.919856
57.793088 -321.875938 141.487594
56.672107 -322.707820 140.055332
55.551126 -323.539701 138.623069
54.430146 -324.371582 137.190807
53.309165 -325.203464 135.758544
52.188184 -326.035345 134.326282
51.067204 -326.867227 132.894019
49.946223 -327.699108 131.461757
48.825243 -328.530990 130.029495
47.704262 -329.362871 128.597232
46.583281 -330.194752 127.164970
45.462301 -331.026634 125.732707
44.341320 -331.858515 124.300445
43.220339 -332.690397 122.868182
42.099359 -333.522278 121.435920
40.978378 -334.354160 120.003658
39.857397 -335.186041 118.571395
38.736417 -336.017922 117.139133
37.615436 -336.849804 115.706870
36.494455 -337.681685 114.274608
35.373475 -338.513567 112.842345
34.252494 -339.345448 111.410083
33.131513 -340.177330 109.977821
32.010533 -341.009211 108.545558
30.889552 -341.841093 107.113296
29.768571 -342.672974 105.681033
28.647591 -343.504855 104.248771
27.526610 -344.336737 102.816508
26.405630 -345.168618 101.384246
25.284649 -346.000500 99.951984
24.163668 -346.832381 98.519721
23.042688 -347.664263 97.087459
21.921707 -348.496144 95.655196
20.800726 -349.328025 94.222934
19.679746 -350.159907 92.790671
18.558765 -350.991788 91.358409
-261.460945 58.350640 386.746144
-261.616120 60.306240 386.356853
-261.771295 62.261841 385.967563
-261.926470 64.217441 385.578272
-262.081646 66.173042 385.188981
-262.236821 68.128642 384.799690
-262.391996 70.084243 384.410399
-262.547171 72.039843 384.021109
-262.702346 73.995444 383.631818
-262.857521 75.951044 383.242527
-263.012696 77.906645 382.853236
-263.167871 79.862245 382.463945
-263.323046 81.817846 382.074655
-263.478221 83.773446 381.685364
-263.633397 85.729047 381.296073
-263.788572 87.684647 380.906782
-263.943747 89.640248 380.517492
-264.098922 91.595848 380.128201
-264.254097 93.551449 379.738910
-264.409272 95.507049 379.349619
-264.564447 97.462650 378.960328
-264.719622 99.418250 378.571038
-264.874797 101.373851 378.181747
-265.029972 103.329452 377.792456
-265.185148 105.285052 377.403165
-265.340323 107.240653 377.013874
-265.495498 109.196253 376.624584
-265.650673 111.151854 376.235293
-265.805848 113.107454 375.846002
-265.961023 115.063055 375.456711
-266.116198 117.018655 375.067420
-266.271373 118.974256 374.678130
-266.426548 120.929856 374.288839
-266.581723 122.885457 373.899548
-266.736899 124.841057 373.510257
-266.892074 126.796658 373.120966
-267.047249 128.752258 372.731676
-267.202424 130.707859 372.342385
-267.357599 132.663459 371.953094
-267.512774 134.619060 371.563803
-267.667949 136.574660 371.174512
-267.823124 138.530261 370.785222
-267.978299 140.485861 370.395931
-268.133474 142.441462 370.006640
-268.288649 144.397062 369.617349
-268.443825 146.352663 369.228059
-268.599000 148.308263 368.838768
-268.754175 150.263864 368.449477
-268.909350 152.219464 368.060186
-269.064525 154.175065 367.670895
-269.219700 156.130665 367.281605
-269.374875 158.086266 366.892314
-269.530050 160.041866 366.503023
-269.685225 161.997467 366.113732
-269.840400 163.953067 365.724441
-269.995576 165.908668 365.335151
-270.150751 167.864268 364.945860
-270.305926 169.819869 364.556569
-270.461101 171.775469 364.167278
-270.616276 173.731070 363.777987
-270.771451 175.686671 363.388697
-270.926626 177.642271 362.999406
-271.081801 179.597872 362.610115
-271.236976 181.553472 362.220824
-271.392151 183.509073 361.831533
-271.547327 185.464673 361.442243
-271.702502 187.420274 361.052952
-271.857677 189.375874 360.663661
-272.012852 191.331475 360.274370
-272.168027 193.287075 359.885079
-359.987279 -62.323423 275.550028
-358.582240 -63.741791 275.668774
-357.177202 -65.160159 275.787521
-355.772164 -66.578526 275.906267
-354.367125 -67.996894 276.025014
-352.962087 -69.415261 276.143760
-351.557049 -70.833629 276.262507
-350.152010 -72.251996 276.381253
-348.746972 -73.670364 276.499999
-347.341934 -75.088732 276.618746
-345.936895 -76.507099 276.737492
-344.531857 -77.925467 276.856239
-343.126819 -79.343834 276.974985
-341.721781 -80.762202 277.093732
-340.316742 -82.180570 277.212478
-338.911704 -83.598937 277.331225
-337.506666 -85.017305 277.449971
-336.101627 -86.435672 277.568717
-334.696589 -87.854040 277.687464
-333.291551 -89.272408 277.806210
-331.886512 -90.690775 277.924957
-330.481474 -92.109143 278.043703
-329.076436 -93.527510 278.162450
-327.671397 -94.945878 278.281196
-326.266359 -96.364246 278.399943
-324.861321 -97.782613 278.518689
-323.456283 -99.200981 278.637435
-322.051244 -100.619348 278.756182
-320.646206 -102.037716 278.874928
-319.241168 -103.456084 278.993675
-317.836129 -104.874451 279.112421
-316.431091 -106.292819 279.231168
-315.026053 -107.711186 279.349914
-313.621014 -109.129554 279.468661
-312.215976 -110.547922 279.587407
-310.810938 -111.966289 279.706153
-309.405899 -113.384657 279.824900
-308.000861 -114.803024 279.943646
-306.595823 -116.221392 280.062393
-305.190784 -117.639759 280.181139
-303.785746 -119.058127 280.299886
-302.380708 -120.476495 280.418632
-300.975670 -121.894862 280.537379
-299.570631 -123.313230 280.656125
-298.165593 -124.731597 280.774871
-296.760555 -126.149965 280.893618
-295.355516 -127.568333 281.012364
-293.950478 -128.986700 281.131111
-292.545440 -130.405068 281.249857
-291.140401 -131.823435 281.368604
-289.735363 -133.241803 281.487350
-288.330325 -134.660171 281.606097
-286.925286 -136.078538 281.724843
-285.520248 -137.496906 281.843589
-284.115210 -138.915273 281.962336
-282.710172 -140.333641 282.081082
-281.305133 -141.752009 282.199829
-279.900095 -143.170376 282.318575
-278.495057 -144.588744 282.437322
-277.090018 -146.007111 282.556068
-275.684980 -147.425479 282.674814
-274.279942 -148.843847 282.793561
-272.874903 -150.262214 282.912307
-271.469865 -151.680582 283.031054
-270.064827 -153.098949 283.149800
-268.659788 -154.517317 283.268547
-267.254750 -155.935685 283.387293
-265.849712 -157.354052 283.506040
-264.444674 -158.772420 283.624786
-263.039635 -160.190787 283.743532
153.374709 176.842693 -326.777557
151.596018 177.634193 -326.319532
149.817327 178.425693 -325.861507
148.038636 179.217193 -325.403482
146.259946 180.008692 -324.945457
144.481255 180.800192 -324.487431
142.702564 181.591692 -324.029406
140.923873 182.383192 -323.571381
139.145182 183.174692 -323.113356
137.366492 183.966192 -322.655331
135.587801 184.757692 -322.197306
133.809110 185.549191 -321.739281
132.030419 186.340691 -321.281256
130.251728 187.132191 -320.823230
128.473038 187.923691 -320.365205
126.694347 188.715191 -319.907180
124.915656 189.506691 -319.449155
123.136965 190.298191 -318.991130
121.358274 191.089691 -318.533105
119.579584 191.881190 -318.075080
117.800893 192.672690 -317.617054
116.022202 193.464190 -317.159029
114.243511 194.255690 -316.701004
112.464820 195.047190 -316.242979
110.686130 195.838690 -315.784954
108.907439 196.630190 -315.326929
107.128748 197.421689 -314.868904
105.350057 198.213189 -314.410879
103.571366 199.004689 -313.952853
101.792676 199.796189 -313.494828
100.013985 200.587689 -313.036803
98.235294 201.379189 -312.578778
96.456603 202.170689 -312.120753
94.677913 202.962189 -311.662728
92.899222 203.753688 -311.204703
91.120531 204.545188 -310.746678
89.341840 205.336688 -310.288652
87.563149 206.128188 -309.830627
85.784459 206.919688 -309.372602
84.005768 207.711188 -308.914577
82.227077 208.502688 -308.456552
80.448386 209.294187 -307.998527
78.669695 210.085687 -307.540502
76.891005 210.877187 -307.082476
75.112314 211.668687 -306.624451
73.333623 212.460187 -306.166426
71.554932 213.251687 -305.708401
69.776241 214.043187 -305.250376
67.997551 214.834687 -304.792351
66.218860 215.626186 -304.334326
64.440169 216.417686 -303.876301
62.661478 217.209186 -303.418275
60.882787 218.000686 -302.960250
59.104097 218.792186 -302.502225
57.325406 219.583686 -302.044200
55.546715 220.375186 -301.586175
53.768024 221.166685 -301.128150
51.989333 221.958185 -300.670125
50.210643 222.749685 -300.212099
48.431952 223.541185 -299.754074
46.653261 224.332685 -299.296049
44.874570 225.124185 -298.838024
43.095880 225.915685 -298.379999
41.317189 226.707185 -297.921974
39.538498 227.498684 -297.463949
37.759807 228.290184 -297.005924
35.981116 229.081684 -296.547898
34.202426 229.873184 -296.089873
32.423735 230.664684 -295.631848
30.645044 231.456184 -295.173823
-193.169233 -166.714577 379.860942
-191.191675 -167.013326 379.857069
-189.214117 -167.312075 379.853196
-187.236560 -167.610824 379.849323
-185.259002 -167.909573 379.845449
-183.281445 -168.208323 379.841576
-181.303887 -168.507072 379.837703
-179.326330 -168.805821 379.833830
-177.348772 -169.104570 379.829957
-175.371215 -169.403320 379.826084
-173.393657 -169.702069 379.822211
-171.416099 -170.000818 379.818338
-169.438542 -170.299567 379.814465
-167.460984 -170.598316 379.810592
-165.483427 -170.897066 379.806719
-163.505869 -171.195815 379.802846
-161.528312 -171.494564 379.798972
-159.550754 -171.793313 379.795099
-157.573197 -172.092063 379.791226
-155.595639 -172.390812 379.787353
-153.618081 -172.689561 379.783480
-151.640524 -172.988310 379.779607
-149.662966 -173.287059 379.775734
-147.685409 -173.585809 379.771861
-145.707851 -173.884558 379.767988
-143.730294 -174.183307 379.764115
-141.752736 -174.482056 379.760242
-139.775179 -174.780806 379.756368
-137.797621 -175.079555 379.752495
-135.820063 -175.378304 379.748622
-133.842506 -175.677053 379.744749
-131.864948 -175.975802 379.740876
-129.887391 -176.274552 379.737003
-127.909833 -176.573301 379.733130
-125.932276 -176.872050 379.729257
-123.954718 -177.170799 379.725384
-121.977160 -177.469549 379.721511
-119.999603 -177.768298 379.717638
-118.022045 -178.067047 379.713765
-116.044488 -178.365796 379.709891
-114.066930 -178.664545 379.706018
-112.089373 -178.963295 379.702145
-110.111815 -179.262044 379.698272
-108.134258 -179.560793 379.694399
-106.156700 -179.859542 379.690526
-104.179142 -180.158292 379.686653
-102.201585 -180.457041 379.682780
-100.224027 -180.755790 379.678907
-98.246470 -181.054539 379.675034
-96.268912 -181.353288 379.671161
-94.291355 -181.652038 379.667287
-92.313797 -181.950787 379.663414
-90.336240 -182.249536 379.659541
-88.358682 -182.548285 379.655668
-86.381124 -182.847035 379.651795
-84.403567 -183.145784 379.647922
-82.426009 -183.444533 379.644049
-80.448452 -183.743282 379.640176
-78.470894 -184.042032 379.636303
-76.493337 -184.340781 379.632430
-74.515779 -184.639530 379.628557
-72.538221 -184.938279 379.624684
-70.560664 -185.237028 379.620810
-68.583106 -185.535778 379.616937
-66.605549 -185.834527 379.613064
-64.627991 -186.133276 379.609191
-62.650434 -186.432025 379.605318
-60.672876 -186.730775 379.601445
-58.695319 -187.029524 379.597572
-56.717761 -187.328273 379.593699
-147.854974 -309.632164 -41.161477
-149.850687 -309.685493 -41.041958
-151.846400 -309.738821 -40.922440
-153.842114 -309.792150 -40.802921
-155.837827 -309.845478 -40.683403
-157.833540 -309.898807 -40.563884
-159.829253 -309.952135 -40.444366
-161.824967 -310.005463 -40.324847
-163.820680 -310.058792 -40.205329
-165.816393 -310.112120 -40.085810
-167.812106 -310.165449 -39.966292
-169.807820 -310.218777 -39.846773
-171.803533 -310.272106 -39.727255
-173.799246 -310.325434 -39.607736
-175.794959 -310.378763 -39.488218
-177.790673 -310.432091 -39.368699
-179.786386 -310.485420 -39.249181
-181.782099 -310.538748 -39.129662
-183.777812 -310.592077 -39.010144
-185.773526 -310.645405 -38.890625
-187.769239 -310.698733 -38.771107
-189.764952 -310.752062 -38.651588
-191.760665 -310.805390 -38.532070
-193.756379 -310.858719 -38.412551
-195.752092 -310.912047 -38.293033
-197.747805 -310.965376 -38.173514
-199.743518 -311.018704 -38.053996
-201.739232 -311.072033 -37.934477
-203.734945 -311.125361 -37.814959
-205.730658 -311.178690 -37.695440
-207.726371 -311.232018 -37.575922
-209.722085 -311.285347 -37.456403
-211.717798 -311.338675 -37.336885
-213.713511 -311.392004 -37.217366
-215.709224 -311.445332 -37.097848
-217.704938 -311.498660 -36.978329
-219.700651 -311.551989 -36.858811
-221.696364 -311.605317 -36.739292
-223.692078 -311.658646 -36.619774
-225.687791 -311.711974 -36.500255
-227.683504 -311.765303 -36.380737
-229.679217 -311.818631 -36.261218
-231.674931 -311.871960 -36.141700
-233.670644 -311.925288 -36.022181
-235.666357 -311.978617 -35.902663
-237.662070 -312.031945 -35.783144
-239.657784 -312.085274 -35.663626
-241.653497 -312.138602 -35.544107
-243.649210 -312.191930 -35.424589
-245.644923 -312.245259 -35.305070
-247.640637 -312.298587 -35.185552
-249.636350 -312.351916 -35.066033
-251.632063 -312.405244 -34.946515
-253.627776 -312.458573 -34.826996
-255.623490 -312.511901 -34.707478
-257.619203 -312.565230 -34.587959
-259.614916 -312.618558 -34.468441
-261.610629 -312.671887 -34.348922
-263.606343 -312.725215 -34.229404
-265.602056 -312.778544 -34.109885
-267.597769 -312.831872 -33.990367
-269.593482 -312.885200 -33.870848
-271.589196 -312.938529 -33.751330
-273.584909 -312.991857 -33.631811
-275.580622 -313.045186 -33.512293
-277.576335 -313.098514 -33.392774
-279.572049 -313.151843 -33.273256
-281.567762 -313.205171 -33.153737
-283.563475 -313.258500 -33.034219
-285.559188 -313.311828 -32.914700
-89.252755 -283.118075 -51.287433
-90.872001 -284.289849 -51.216810
-92.491247 -285.461623 -51.146187
-94.110493 -286.633398 -51.075564
-95.729739 -287.805172 -51.004942
-97.348985 -288.976946 -50.934319
-98.968231 -290.148721 -50.863696
-100.587477 -291.320495 -50.793074
-102.206723 -292.492269 -50.722451
-103.825969 -293.664043 -50.651828
-105.445215 -294.835818 -50.581205
-107.064461 -296.007592 -50.510583
-108.683707 -297.179366 -50.439960
-110.302953 -298.351141 -50.369337
-111.922199 -299.522915 -50.298714
-113.541445 -300.694689 -50.228092
-115.160691 -301.866464 -50.157469
-116.779936 -303.038238 -50.086846
-118.399182 -304.210012 -50.016223
-120.018428 -305.381786 -49.945601
-121.637674 -306.553561 -49.874978
-123.256920 -307.725335 -49.804355
-124.876166 -308.897109 -49.733732
-126.495412 -310.068884 -49.663110
-128.114658 -311.240658 -49.592487
-129.733904 -312.412432 -49.521864
-131.353150 -313.584206 -49.451242
-132.972396 -314.755981 -49.380619
-134.591642 -315.927755 -49.309996
-136.210888 -317.099529 -49.239373
-137.830134 -318.271304 -49.168751
-139.449380 -319.443078 -49.098128
-141.068626 -320.614852 -49.027505
-142.687872 -321.786627 -48.956882
-144.307118 -322.958401 -48.886260
-145.926363 -324.130175 -48.815637
-147.545609 -325.301949 -48.745014
-149.164855 -326.473724 -48.674391
-150.784101 -327.645498 -48.603769
-152.403347 -328.817272 -48.533146
-154.022593 -329.989047 -48.462523
-155.641839 -331.160821 -48.391901
-157.261085 -332.332595 -48.321278
-158.880331 -333.504369 -48.250655
-160.499577 -334.676144 -48.180032
-162.118823 -335.847918 -48.109410
-163.738069 -337.019692 -48.038787
-165.357315 -338.191467 -47.968164
-166.976561 -339.363241 -47.897541
-168.595807 -340.535015 -47.826919
-170.215053 -341.706790 -47.756296
-171.834299 -342.878564 -47.685673
-173.453545 -344.050338 -47.615050
-175.072790 -345.222112 -47.544428
-176.692036 -346.393887 -47.473805
-178.311282 -347.565661 -47.403182
-179.930528 -348.737435 -47.332559
-181.549774 -349.909210 -47.261937
-183.169020 -351.080984 -47.191314
-184.788266 -352.252758 -47.120691
-186.407512 -353.424533 -47.050069
-188.026758 -354.596307 -46.979446
-189.646004 -355.768081 -46.908823
-191.265250 -356.939855 -46.838200
-192.884496 -358.111630 -46.767578
-194.503742 -359.283404 -46.696955
-196.122988 -360.455178 -46.626332
-197.742234 -361.626953 -46.555709
-199.361480 -362.798727 -46.485087
-200.980726 -363.970501 -46.414464
231.919062 46.700175 -102.993195
232.460541 45.947768 -101.220997
233.002020 45.195360 -99.448800
233.543499 44.442953 -97.676602
234.084977 43.690546 -95.904405
234.626456 42.938139 -94.132207
235.167935 42.185732 -92.360009
235.709414 41.433325 -90.587812
236.250893 40.680917 -88.815614
236.792371 39.928510 -87.043417
237.333850 39.176103 -85.271219
237.875329 38.423696 -83.499022
238.416808 37.671289 -81.726824
238.958287 36.918881 -79.954627
239.499765 36.166474 -78.182429
240.041244 35.414067 -76.410232
240.582723 34.661660 -74.638034
241.124202 33.909253 -72.865836
241.665681 33.156846 -71.093639
242.207159 32.404438 -69.321441
242.748638 31.652031 -67.549244
243.290117 30.899624 -65.777046
243.831596 30.147217 -64.004849
244.373075 29.394810 -62.232651
244.914553 28.642402 -60.460454
245.456032 27.889995 -58.688256
245.997511 27.137588 -56.916059
246.538990 26.385181 -55.143861
247.080469 25.632774 -53.371663
247.621947 24.880366 -51.599466
248.163426 24.127959 -49.827268
248.704905 23.375552 -48.055071
249.246384 22.623145 -46.282873
249.787863 21.870738 -44.510676
250.329341 21.118331 -42.738478
250.870820 20.365923 -40.966281
251.412299 19.613516 -39.194083
251.953778 18.861109 -37.421886
252.495257 18.108702 -35.649688
253.036735 17.356295 -33.877491
253.578214 16.603887 -32.105293
254.119693 15.851480 -30.333095
254.661172 15.099073 -28.560898
255.202651 14.346666 -26.788700
255.744129 13.594259 -25.016503
256.285608 12.841851 -23.244305
256.827087 12.089444 -21.472108
257.368566 11.337037 -19.699910
257.910045 10.584630 -17.927713
258.451523 9.832223 -16.155515
258.993002 9.079816 -14.383318
259.534481 8.327408 -12.611120
260.075960 7.575001 -10.838922
260.617439 6.822594 -9.066725
261.158917 6.070187 -7.294527
261.700396 5.317780 -5.522330
262.241875 4.565372 -3.750132
262.783354 3.812965 -1.977935
263.324833 3.060558 -0.205737
263.866311 2.308151 1.566460
264.407790 1.555744 3.338658
264.949269 0.803337 5.110855
265.490748 0.050929 6.883053
266.032227 -0.701478 8.655251
266.573705 -1.453885 10.427448
267.115184 -2.206292 12.199646
267.656663 -2.958699 13.971843
268.198142 -3.711107 15.744041
268.739621 -4.463514 17.516238
269.281099 -5.215921 19.288436
285.462588 12.432249 249.448602
286.587590 14.047237 249.803824
287.712592 15.662226 250.159046
288.837595 17.277214 250.514268
289.962597 18.892202 250.869490
291.087599 20.507190 251.224713
292.212602 22.122179 251.579935
293.337604 23.737167 251.935157
294.462606 25.352155 252.290379
295.587608 26.967144 252.645601
296.712611 28.582132 253.000824
297.837613 30.197120 253.356046
298.962615 31.812108 253.711268
300.087617 33.427097 254.066490
301.212620 35.042085 254.421712
302.337622 36.657073 254.776934
303.462624 38.272061 255.132157
304.587626 39.887050 255.487379
305.712629 41.502038 255.842601
306.837631 43.117026 256.197823
307.962633 44.732015 256.553045
309.087635 46.347003 256.908268
310.212638 47.961991 257.263490
311.337640 49.576979 257.618712
312.462642 51.191968 257.973934
313.587644 52.806956 258.329156
314.712647 54.421944 258.684379
315.837649 56.036932 259.039601
316.962651 57.651921 259.394823
318.087653 59.266909 259.750045
319.212656 60.881897 260.105267
320.337658 62.496886 260.460489
321.462660 64.111874 260.815712
322.587662 65.726862 261.170934
323.712665 67.341850 261.526156
324.837667 68.956839 261.881378
325.962669 70.571827 262.236600
327.087671 72.186815 262.591823
328.212674 73.801803 262.947045
329.337676 75.416792 263.302267
330.462678 77.031780 263.657489
331.587681 78.646768 264.012711
332.712683 80.261757 264.367934
333.837685 81.876745 264.723156
334.962687 83.491733 265.078378
336.087690 85.106721 265.433600
337.212692 86.721710 265.788822
338.337694 88.336698 266.144045
339.462696 89.951686 266.499267
340.587699 91.566674 266.854489
341.712701 93.181663 267.209711
342.837703 94.796651 267.564933
343.962705 96.411639 267.920155
345.087708 98.026628 268.275378
346.212710 99.641616 268.630600
347.337712 101.256604 268.985822
348.462714 102.871592 269.341044
349.587717 104.486581 269.696266
350.712719 106.101569 270.051489
351.837721 107.716557 270.406711
352.962723 109.331545 270.761933
354.087726 110.946534 271.117155
355.212728 112.561522 271.472377
356.337730 114.176510 271.827600
357.462732 115.791499 272.182822
358.587735 117.406487 272.538044
359.712737 119.021475 272.893266
360.837739 120.636463 273.248488
361.962741 122.251452 273.603710
363.087744 123.866440 273.958933
-243.270093 -73.423197 -80.255612
-242.726563 -72.434485 -78.604242
-242.183033 -71.445772 -76.952872
-241.639503 -70.457060 -75.301502
-241.095973 -69.468348 -73.650132
-240.552443 -68.479636 -71.998762
-240.008913 -67.490923 -70.347392
-239.465383 -66.502211 -68.696021
-238.921853 -65.513499 -67.044651
-238.378323 -64.524787 -65.393281
-237.834793 -63.536074 -63.741911
-237.291263 -62.547362 -62.090541
-236.747733 -61.558650 -60.439171
-236.204203 -60.569938 -58.787801
-235.660673 -59.581225 -57.136431
-235.117143 -58.592513 -55.485061
-234.573613 -57.603801 -53.833690
-234.030083 -56.615089 -52.182320
-233.486553 -55.626376 -50.530950
-232.943023 -54.637664 -48.879580
-232.399493 -53.648952 -47.228210
-231.855963 -52.660240 -45.576840
-231.312433 -51.671527 -43.925470
-230.768903 -50.682815 -42.274100
-230.225373 -49.694103 -40.622730
-229.681843 -48.705391 -38.971359
-229.138313 -47.716678 -37.319989
-228.594783 -46.727966 -35.668619
-228.051253 -45.739254 -34.017249
-227.507723 -44.750542 -32.365879
-226.964193 -43.761829 -30.714509
-226.420663 -42.773117 -29.063139
-225.877133 -41.784405 -27.411769
-225.333603 -40.795693 -25.760399
-224.790073 -39.806980 -24.109028
-224.246543 -38.818268 -22.457658
-223.703013 -37.829556 -20.806288
-223.159483 -36.840844 -19.154918
-222.615953 -35.852131 -17.503548
-222.072423 -34.863419 -15.852178
-221.528893 -33.874707 -14.200808
-220.985363 -32.885995 -12.549438
-220.441833 -31.897283 -10.898068
-219.898303 -30.908570 -9.246698
-219.354773 -29.919858 -7.595327
-218.811243 -28.931146 -5.943957
-218.267713 -27.942434 -4.292587
-217.724183 -26.953721 -2.641217
-217.180653 -25.965009 -0.989847
-216.637123 -24.976297 0.661523
-216.093593 -23.987585 2.312893
-215.550063 -22.998872 3.964263
-215.006533 -22.010160 5.615633
-214.463003 -21.021448 7.267004
-213.919473 -20.032736 8.918374
-213.375943 -19.044023 10.569744
-212.832413 -18.055311 12.221114
-212.288883 -17.066599 13.872484
-211.745353 -16.077887 15.523854
-211.201823 -15.089174 17.175224
-210.658293 -14.100462 18.826594
-210.114763 -13.111750 20.477964
-209.571233 -12.123038 22.129335
-209.027703 -11.134325 23.780705
-208.484173 -10.145613 25.432075
-207.940643 -9.156901 27.083445
-207.397113 -8.168189 28.734815
-206.853583 -7.179476 30.386185
-206.310053 -6.190764 32.037555
-205.766523 -5.202052 33.688925
100.037082 -186.421507 293.112146
98.972163 -186.017822 291.468070
97.907245 -185.614136 289.823994
96.842326 -185.210450 288.179918
95.777408 -184.806765 286.535842
94.712489 -184.403079 284.891765
93.647571 -183.999394 283.247689
92.582652 -183.595708 281.603613
91.517733 -183.192023 279.959537
90.452815 -182.788337 278.315461
89.387896 -182.384652 276.671385
88.322978 -181.980966 275.027308
87.258059 -181.577281 273.383232
86.193141 -181.173595 271.739156
85.128222 -180.769909 270.095080
84.063303 -180.366224 268.451004
82.998385 -179.962538 266.806928
81.933466 -179.558853 265.162852
80.868548 -179.155167 263.518775
79.803629 -178.751482 261.874699
78.738711 -178.347796 260.230623
77.673792 -177.944111 258.586547
76.608873 -177.540425 256.942471
75.543955 -177.136739 255.298395
74.479036 -176.733054 253.654318
73.414118 -176.329368 252.010242
72.349199 -175.925683 250.366166
71.284281 -175.521997 248.722090
70.219362 -175.118312 247.078014
69.154443 -174.714626 245.433938
68.089525 -174.310941 243.789861
67.024606 -173.907255 242.145785
65.959688 -173.503569 240.501709
64.894769 -173.099884 238.857633
63.829851 -172.696198 237.213557
62.764932 -172.292513 235.569481
61.700014 -171.888827 233.925404
60.635095 -171.485142 232.281328
59.570176 -171.081456 230.637252
58.505258 -170.677771 228.993176
57.440339 -170.274085 227.349100
56.375421 -169.870400 225.705024
55.310502 -169.466714 224.060948
54.245584 -169.063028 222.416871
53.180665 -168.659343 220.772795
52.115746 -168.255657 219.128719
51.050828 -167.851972 217.484643
49.985909 -167.448286 215.840567
48.920991 -167.044601 214.196491
47.856072 -166.640915 212.552414
46.791154 -166.237230 210.908338
45.726235 -165.833544 209.264262
44.661316 -165.429858 207.620186
43.596398 -165.026173 205.976110
42.531479 -164.622487 204.332034
41.466561 -164.218802 202.687957
40.401642 -163.815116 201.043881
39.336724 -163.411431 199.399805
38.271805 -163.007745 197.755729
37.206886 -162.604060 196.111653
36.141968 -162.200374 194.467577
35.077049 -161.796689 192.823500
34.012131 -161.393003 191.179424
32.947212 -160.989317 189.535348
31.882294 -160.585632 187.891272
30.817375 -160.181946 186.247196
29.752456 -159.778261 184.603120
28.687538 -159.374575 182.959044
27.622619 -158.970890 181.314967
26.557701 -158.567204 179.670891
-90.664531 -258.010767 16.400771
-90.836835 -256.519170 17.721926
-91.009140 -255.027573 19.043081
-91.181445 -253.535976 20.364235
-91.353750 -252.044379 21.685390
-91.526054 -250.552782 23.006545
-91.698359 -249.061185 24.327700
-91.870664 -247.569588 25.648854
-92.042968 -246.077991 26.970009
-92.215273 -244.586394 28.291164
-92.387578 -243.094797 29.612318
-92.559883 -241.603200 30.933473
-92.732187 -240.111604 32.254628
-92.904492 -238.620007 33.575782
-93.076797 -237.128410 34.896937
-93.249101 -235.636813 36.218092
-93.421406 -234.145216 37.539247
-93.593711 -232.653619 38.860401
-93.766016 -231.162022 40.181556
-93.938320 -229.670425 41.502711
-94.110625 -228.178828 42.823865
-94.282930 -226.687231 44.145020
-94.455234 -225.195634 45.466175
-94.627539 -223.704038 46.787329
-94.799844 -222.212441 48.108484
-94.972149 -220.720844 49.429639
-95.144453 -219.229247 50.750794
-95.316758 -217.737650 52.071948
-95.489063 -216.246053 53.393103
-95.661367 -214.754456 54.714258
-95.833672 -213.262859 56.035412
-96.005977 -211.771262 57.356567
-96.178282 -210.279665 58.677722
-96.350586 -208.788068 59.998876
-96.522891 -207.296472 61.320031
-96.695196 -205.804875 62.641186
-96.867501 -204.313278 63.962341
-97.039805 -202.821681 65.283495
-97.212110 -201.330084 66.604650
-97.384415 -199.838487 67.925805
-97.556719 -198.346890 69.246959
-97.729024 -196.855293 70.568114
-97.901329 -195.363696 71.889269
-98.073634 -193.872099 73.210423
-98.245938 -192.380502 74.531578
-98.418243 -190.888905 75.852733
-98.590548 -189.397309 77.173888
-98.762852 -187.905712 78.495042
-98.935157 -186.414115 79.816197
-99.107462 -184.922518 81.137352
-99.279767 -183.430921 82.458506
-99.452071 -181.939324 83.779661
-99.624376 -180.447727 85.100816
-99.796681 -178.956130 86.421970
-99.968985 -177.464533 87.743125
-100.141290 -175.972936 89.064280
-100.313595 -174.481339 90.385435
-100.485900 -172.989743 91.706589
-100.658204 -171.498146 93.027744
-100.830509 -170.006549 94.348899
-101.002814 -168.514952 95.670053
-101.175118 -167.023355 96.991208
-101.347423 -165.531758 98.312363
-101.519728 -164.040161 99.633517
-101.692033 -162.548564 100.954672
-101.864337 -161.056967 102.275827
-102.036642 -159.565370 103.596981
-102.208947 -158.073773 104.918136
-102.381251 -156.582177 106.239291
-102.553556 -155.090580 107.560446
257.201910 -143.330251 -15.683652
257.429820 -142.083191 -17.230551
257.657730 -140.836130 -18.777450
257.885641 -139.589070 -20.324349
258.113551 -138.342009 -21.871249
258.341461 -137.094949 -23.418148
258.569371 -135.847888 -24.965047
258.797281 -134.600828 -26.511946
259.025191 -133.353768 -28.058846
259.253102 -132.106707 -29.605745
259.481012 -130.859647 -31.152644
259.708922 -129.612586 -32.699543
259.936832 -128.365526 -34.246443
260.164742 -127.118466 -35.793342
260.392652 -125.871405 -37.340241
260.620563 -124.624345 -38.887140
260.848473 -123.377284 -40.434040
261.076383 -122.130224 -41.980939
261.304293 -120.883163 -43.527838
261.532203 -119.636103 -45.074737
261.760113 -118.389043 -46.621637
261.988023 -117.141982 -48.168536
262.215934 -115.894922 -49.715435
262.443844 -114.647861 -51.262334
262.671754 -113.400801 -52.809234
262.899664 -112.153741 -54.356133
263.127574 -110.906680 -55.903032
263.355484 -109.659620 -57.449931
263.583395 -108.412559 -58.996831
263.811305 -107.165499 -60.543730
264.039215 -105.918438 -62.090629
264.267125 -104.671378 -63.637528
264.495035 -103.424318 -65.184428
264.722945 -102.177257 -66.731327
264.950856 -100.930197 -68.278226
265.178766 -99.683136 -69.825125
265.406676 -98.436076 -71.372025
265.634586 -97.189016 -72.918924
265.862496 -95.941955 -74.465823
266.090406 -94.694895 -76.012722
266.318317 -93.447834 -77.559622
266.546227 -92.200774 -79.106521
266.774137 -90.953714 -80.653420
267.002047 -89.706653 -82.200319
267.229957 -88.459593 -83.747219
267.457867 -87.212532 -85.294118
267.685777 -85.965472 -86.841017
267.913688 -84.718411 -88.387916
268.141598 -83.471351 -89.934815
268.369508 -82.224291 -91.481715
268.597418 -80.977230 -93.028614
268.825328 -79.730170 -94.575513
269.053238 -78.483109 -96.122412
269.281149 -77.236049 -97.669312
269.509059 -75.988989 -99.216211
269.736969 -74.741928 -100.763110
269.964879 -73.494868 -102.310009
270.192789 -72.247807 -103.856909
270.420699 -71.000747 -105.403808
270.648610 -69.753686 -106.950707
270.876520 -68.506626 -108.497606
271.104430 -67.259566 -110.044506
271.332340 -66.012505 -111.591405
271.560250 -64.765445 -113.138304
271.788160 -63.518384 -114.685203
272.016071 -62.271324 -116.232103
272.243981 -61.024264 -117.779002
272.471891 -59.777203 -119.325901
272.699801 -58.530143 -120.872800
272.927711 -57.283082 -122.419700
221.867815 -104.559870 84.735388
223.518969 -105.666493 84.956913
225.170124 -106.773117 85.178437
226.821279 -107.879740 85.399962
228.472433 -108.986364 85.621487
230.123588 -110.092987 85.843012
231.774742 -111.199610 86.064537
233.425897 -112.306234 86.286062
235.077051 -113.412857 86.507587
236.728206 -114.519480 86.729111
238.379361 -115.626104 86.950636
240.030515 -116.732727 87.172161
241.681670 -117.839351 87.393686
243.332824 -118.945974 87.615211
244.983979 -120.052597 87.836736
246.635133 -121.159221 88.058260
248.286288 -122.265844 88.279785
249.937443 -123.372468 88.501310
251.588597 -124.479091 88.722835
253.239752 -125.585714 88.944360
254.890906 -126.692338 89.165885
256.542061 -127.798961 89.387409
258.193215 -128.905584 89.608934
259.844370 -130.012208 89.830459
261.495525 -131.118831 90.051984
263.146679 -132.225455 90.273509
264.797834 -133.332078 90.495034
266.448988 -134.438701 90.716558
268.100143 -135.545325 90.938083
269.751297 -136.651948 91.159608
271.402452 -137.758572 91.381133
273.053607 -138.865195 91.602658
274.704761 -139.971818 91.824183
276.355916 -141.078442 92.045707
278.007070 -142.185065 92.267232
279.658225 -143.291688 92.488757
281.309379 -144.398312 92.710282
282.960534 -145.504935 92.931807
284.611689 -146.611559 93.153332
286.262843 -147.718182 93.374856
287.913998 -148.824805 93.596381
289.565152 -149.931429 93.817906
291.216307 -151.038052 94.039431
292.867461 -152.144676 94.260956
294.518616 -153.251299 94.482481
296.169771 -154.357922 94.704005
297.820925 -155.464546 94.925530
299.472080 -156.571169 95.147055
301.123234 -157.677793 95.368580
302.774389 -158.784416 95.590105
304.425543 -159.891039 95.811630
306.076698 -160.997663 96.033155
307.727853 -162.104286 96.254679
309.379007 -163.210909 96.476204
311.030162 -164.317533 96.697729
312.681316 -165.424156 96.919254
314.332471 -166.530780 97.140779
315.983626 -167.637403 97.362304
317.634780 -168.744026 97.583828
319.285935 -169.850650 97.805353
320.937089 -170.957273 98.026878
322.588244 -172.063897 98.248403
324.239398 -173.170520 98.469928
325.890553 -174.277143 98.691453
327.541708 -175.383767 98.912977
329.192862 -176.490390 99.134502
330.844017 -177.597013 99.356027
332.495171 -178.703637 99.577552
334.146326 -179.810260 99.799077
335.797480 -180.916884 100.020602
-118.550607 -145.952215 -240.309929
-119.486263 -145.325197 -238.657236
-120.421919 -144.698178 -237.004542
-121.357575 -144.071160 -235.351848
-122.293230 -143.444141 -233.699155
-123.228886 -142.817123 -232.046461
-124.164542 -142.190105 -230.393768
-125.100198 -141.563086 -228.741074
-126.035854 -140.936068 -227.088380
-126.971510 -140.309049 -225.435687
-127.907165 -139.682031 -223.782993
-128.842821 -139.055013 -222.130300
-129.778477 -138.427994 -220.477606
-130.714133 -137.800976 -218.824913
-131.649789 -137.173958 -217.172219
-132.585445 -136.546939 -215.519525
-133.521100 -135.919921 -213.866832
-134.456756 -135.292902 -212.214138
-135.392412 -134.665884 -210.561445
-136.328068 -134.038866 -208.908751
-137.263724 -133.411847 -207.256057
-138.199380 -132.784829 -205.603364
-139.135035 -132.157810 -203.950670
-140.070691 -131.530792 -202.297977
-141.006347 -130.903774 -200.645283
-141.942003 -130.276755 -198.992589
-142.877659 -129.649737 -197.339896
-143.813315 -129.022718 -195.687202
-144.748971 -128.395700 -194.034509
-145.684626 -127.768682 -192.381815
-146.620282 -127.141663 -190.729122
-147.555938 -126.514645 -189.076428
-148.491594 -125.887627 -187.423734
-149.427250 -125.260608 -185.771041
-150.362906 -124.633590 -184.118347
-151.298561 -124.006571 -182.465654
-152.234217 -123.379553 -180.812960
-153.169873 -122.752535 -179.160266
-154.105529 -122.125516 -177.507573
-155.041185 -121.498498 -175.854879
-155.976841 -120.871479 -174.202186
-156.912496 -120.244461 -172.549492
-157.848152 -119.617443 -170.896798
-158.783808 -118.990424 -169.244105
-159.719464 -118.363406 -167.591411
-160.655120 -117.736388 -165.938718
-161.590776 -117.109369 -164.286024
-162.526431 -116.482351 -162.633331
-163.462087 -115.855332 -160.980637
-164.397743 -115.228314 -159.327943
-165.333399 -114.601296 -157.675250
-166.269055 -113.974277 -156.022556
-167.204711 -113.347259 -154.369863
-168.140367 -112.720240 -152.717169
-169.076022 -112.093222 -151.064475
-170.011678 -111.466204 -149.411782
-170.947334 -110.839185 -147.759088
-171.882990 -110.212167 -146.106395
-172.818646 -109.585149 -144.453701
-173.754302 -108.958130 -142.801007
-174.689957 -108.331112 -141.148314
-175.625613 -107.704093 -139.495620
-176.561269 -107.077075 -137.842927
-177.496925 -106.450057 -136.190233
-178.432581 -105.823038 -134.537540
-179.368237 -105.196020 -132.884846
-180.303892 -104.569001 -131.232152
-181.239548 -103.941983 -129.579459
-182.175204 -103.314965 -127.926765
-183.110860 -102.687946 -126.274072
-327.462337 181.902425 124.643617
-327.744127 183.633840 125.604242
-328.025917 185.365254 126.564866
-328.307706 187.096668 127.525490
-328.589496 188.828083 128.486114
-328.871285 190.559497 129.446738
-329.153075 192.290912 130.407362
-329.434865 194.022326 131.367987
-329.716654 195.753740 132.328611
-329.998444 197.485155 133.289235
-330.280233 199.216569 134.249859
-330.562023 200.947984 135.210483
-330.843813 202.679398 136.171107
-331.125602 204.410812 137.131732
-331.407392 206.142227 138.092356
-331.689181 207.873641 139.052980
-331.970971 209.605056 140.013604
-332.252761 211.336470 140.974228
-332.534550 213.067884 141.934852
-332.816340 214.799299 142.895477
-333.098129 216.530713 143.856101
-333.379919 218.262128 144.816725
-333.661709 219.993542 145.777349
-333.943498 221.724956 146.737973
-334.225288 223.456371 147.698597
-334.507078 225.187785 148.659222
-334.788867 226.919200 149.619846
-335.070657 228.650614 150.580470
-335.352446 230.382028 151.541094
-335.634236 232.113443 152.501718
-335.916026 233.844857 153.462343
-336.197815 235.576272 154.422967
-336.479605 237.307686 155.383591
-336.761394 239.039100 156.344215
-337.043184 240.770515 157.304839
-337.324974 242.501929 158.265463
-337.606763 244.233344 159.226088
-337.888553 245.964758 160.186712
-338.170342 247.696172 161.147336
-338.452132 249.427587 162.107960
-338.733922 251.159001 163.068584
-339.015711 252.890416 164.029208
-339.297501 254.621830 164.989833
-339.579290 256.353244 165.950457
-339.861080 258.084659 166.911081
-340.142870 259.816073 167.871705
-340.424659 261.547487 168.832329
-340.706449 263.278902 169.792953
-340.988238 265.010316 170.753578
-341.270028 266.741731 171.714202
-341.551818 268.473145 172.674826
-341.833607 270.204559 173.635450
-342.115397 271.935974 174.596074
-342.397186 273.667388 175.556698
-342.678976 275.398803 176.517323
-342.960766 277.130217 177.477947
-343.242555 278.861631 178.438571
-343.524345 280.593046 179.399195
-343.806134 282.324460 180.359819
-344.087924 284.055875 181.320443
-344.369714 285.787289 182.281068
-344.651503 287.518703 183.241692
-344.933293 289.250118 184.202316
-345.215083 290.981532 185.162940
-345.496872 292.712947 186.123564
-345.778662 294.444361 187.084188
-346.060451 296.175775 188.044813
-346.342241 297.907190 189.005437
-346.624031 299.638604 189.966061
-346.905820 301.370019 190.926685
-25.006599 -111.686101 -25.967693
-23.678289 -111.559732 -24.477853
-22.349979 -111.433362 -22.988013
-21.021669 -111.306993 -21.498173
-19.693359 -111.180623 -20.008333
-18.365049 -111.054254 -18.518493
-17.036739 -110.927884 -17.028653
-15.708429 -110.801515 -15.538813
-14.380119 -110.675145 -14.048973
-13.051809 -110.548775 -12.559133
-11.723499 -110.422406 -11.069293
-10.395189 -110.296036 -9.579453
-9.066879 -110.169667 -8.089613
-7.738569 -110.043297 -6.599773
-6.410259 -109.916928 -5.109933
-5.081949 -109.790558 -3.620093
-3.753639 -109.664189 -2.130253
-2.425329 -109.537819 -0.640412
-1.097019 -109.411450 0.849428
0.231291 -109.285080 2.339268
1.559601 -109.158711 3.829108
2.887910 -109.032341 5.318948
4.216220 -108.905971 6.808788
5.544530 -108.779602 8.298628
6.872840 -108.653232 9.788468
8.201150 -108.526863 11.278308
9.529460 -108.400493 12.768148
10.857770 -108.274124 14.257988
12.186080 -108.147754 15.747828
13.514390 -108.021385 17.237668
14.842700 -107.895015 18.727508
16.171010 -107.768646 20.217348
17.499320 -107.642276 21.707188
18.827630 -107.515907 23.197029
20.155940 -107.389537 24.686869
21.484250 -107.263167 26.176709
22.812560 -107.136798 27.666549
24.140870 -107.010428 29.156389
25.469180 -106.884059 30.646229
26.797490 -106.757689 32.136069
28.125800 -106.631320 33.625909
29.454110 -106.504950 35.115749
30.782420 -106.378581 36.605589
32.110729 -106.252211 38.095429
33.439039 -106.125842 39.585269
34.767349 -105.999472 41.075109
36.095659 -105.873103 42.564949
37.423969 -105.746733 44.054789
38.752279 -105.620363 45.544629
40.080589 -105.493994 47.034469
41.408899 -105.367624 48.524310
42.737209 -105.241255 50.014150
44.065519 -105.114885 51.503990
45.393829 -104.988516 52.993830
46.722139 -104.862146 54.483670
48.050449 -104.735777 55.973510
49.378759 -104.609407 57.463350
50.707069 -104.483038 58.953190
52.035379 -104.356668 60.443030
53.363689 -104.230299 61.932870
54.691999 -104.103929 63.422710
56.020309 -103.977559 64.912550
57.348619 -103.851190 66.402390
58.676929 -103.724820 67.892230
60.005238 -103.598451 69.382070
61.333548 -103.472081 70.871910
62.661858 -103.345712 72.361750
63.990168 -103.219342 73.851591
65.318478 -103.092973 75.341431
66.646788 -102.966603 76.831271
277.716792 231.379178 -362.677032
279.451367 230.405601 -362.468708
281.185942 229.432024 -362.260383
282.920516 228.458448 -362.052059
284.655091 227.484871 -361.843735
286.389666 226.511294 -361.635410
288.124240 225.537717 -361.427086
289.858815 224.564141 -361.218762
291.593390 223.590564 -361.010437
293.327964 222.616987 -360.802113
295.062539 221.643410 -360.593789
296.797114 220.669834 -360.385464
298.531688 219.696257 -360.177140
300.266263 218.722680 -359.968816
302.000838 217.749103 -359.760492
303.735412 216.775527 -359.552167
305.469987 215.801950 -359.343843
307.204562 214.828373 -359.135519
308.939137 213.854796 -358.927194
310.673711 212.881220 -358.718870
312.408286 211.907643 -358.510546
314.142861 210.934066 -358.302221
315.877435 209.960489 -358.093897
317.612010 208.986913 -357.885573
319.346585 208.013336 -357.677248
321.081159 207.039759 -357.468924
322.815734 206.066182 -357.260600
324.550309 205.092606 -357.052276
326.284883 204.119029 -356.843951
328.019458 203.145452 -356.635627
329.754033 202.171875 -356.427303
331.488607 201.198299 -356.218978
333.223182 200.224722 -356.010654
334.957757 199.251145 -355.802330
336.692331 198.277568 -355.594005
338.426906 197.303992 -355.385681
340.161481 196.330415 -355.177357
341.896055 195.356838 -354.969032
343.630630 194.383261 -354.760708
345.365205 193.409685 -354.552384
347.099779 192.436108 -354.344059
348.834354 191.462531 -354.135735
350.568929 190.488954 -353.927411
352.303503 189.515378 -353.719087
354.038078 188.541801 -353.510762
355.772653 187.568224 -353.302438
357.507227 186.594647 -353.094114
359.241802 185.621071 -352.885789
360.976377 184.647494 -352.677465
362.710951 183.673917 -352.469141
364.445526 182.700340 -352.260816
366.180101 181.726764 -352.052492
367.914675 180.753187 -351.844168
369.649250 179.779610 -351.635843
371.383825 178.806033 -351.427519
373.118399 177.832457 -351.219195
374.852974 176.858880 -351.010871
376.587549 175.885303 -350.802546
378.322123 174.911726 -350.594222
380.056698 173.938150 -350.385898
381.791273 172.964573 -350.177573
383.525847 171.990996 -349.969249
385.260422 171.017419 -349.760925
386.994997 170.043843 -349.552600
388.729571 169.070266 -349.344276
390.464146 168.096689 -349.135952
392.198721 167.123112 -348.927627
393.933295 166.149536 -348.719303
395.667870 165.175959 -348.510979
397.402445 164.202382 -348.302655
-20.403394 -242.411477 91.157360
-22.262803 -241.689005 91.013716
-24.122211 -240.966533 90.870071
-25.981620 -240.244061 90.726427
-27.841029 -239.521589 90.582783
-29.700437 -238.799116 90.439138
-31.559846 -238.076644 90.295494
-33.419254 -237.354172 90.151849
-35.278663 -236.631700 90.008205
-37.138071 -235.909228 89.864560
-38.997480 -235.186756 89.720916
-40.856889 -234.464283 89.577271
-42.716297 -233.741811 89.433627
-44.575706 -233.019339 89.289982
-46.435114 -232.296867 89.146338
-48.294523 -231.574395 89.002694
-50.153931 -230.851923 88.859049
-52.013340 -230.129450 88.715405
-53.872749 -229.406978 88.571760
-55.732157 -228.684506 88.428116
-57.591566 -227.962034 88.284471
-59.450974 -227.239562 88.140827
-61.310383 -226.517090 87.997182
-63.169791 -225.794617 87.853538
-65.029200 -225.072145 87.709893
-66.888609 -224.349673 87.566249
-68.748017 -223.627201 87.422605
-70.607426 -222.904729 87.278960
-72.466834 -222.182256 87.135316
-74.326243 -221.459784 86.991671
-76.185651 -220.737312 86.848027
-78.045060 -220.014840 86.704382
-79.904469 -219.292368 86.560738
-81.763877 -218.569896 86.417093
-83.623286 -217.847423 86.273449
-85.482694 -217.124951 86.129804
-87.342103 -216.402479 85.986160
-89.201511 -215.680007 85.842516
-91.060920 -214.957535 85.698871
-92.920329 -214.235063 85.555227
-94.779737 -213.512590 85.411582
-96.639146 -212.790118 85.267938
-98.498554 -212.067646 85.124293
-100.357963 -211.345174 84.980649
-102.217371 -210.622702 84.837004
-104.076780 -209.900230 84.693360
-105.936189 -209.177757 84.549716
-107.795597 -208.455285 84.406071
-109.655006 -207.732813 84.262427
-111.514414 -207.010341 84.118782
-113.373823 -206.287869 83.975138
-115.233231 -205.565397 83.831493
-117.092640 -204.842924 83.687849
-118.952049 -204.120452 83.544204
-120.811457 -203.397980 83.400560
-122.670866 -202.675508 83.256915
-124.530274 -201.953036 83.113271
-126.389683 -201.230564 82.969627
-128.249091 -200.508091 82.825982
-130.108500 -199.785619 82.682338
-131.967909 -199.063147 82.538693
-133.827317 -198.340675 82.395049
-135.686726 -197.618203 82.251404
-137.546134 -196.895731 82.107760
-139.405543 -196.173258 81.964115
-141.264951 -195.450786 81.820471
-143.124360 -194.728314 81.676826
-144.983769 -194.005842 81.533182
-146.843177 -193.283370 81.389538
-148.702586 -192.560898 81.245893
-314.232923 399.966201 121.586099
-313.869215 398.014009 121.348053
-313.505508 396.061818 121.110007
-313.141800 394.109627 120.871961
-312.778093 392.157436 120.633915
-312.414385 390.205244 120.395869
-312.050678 388.253053 120.157823
-311.686970 386.300862 119.919776
-311.323263 384.348670 119.681730
-310.959555 382.396479 119.443684
-310.595848 380.444288 119.205638
-310.232140 378.492096 118.967592
-309.868433 376.539905 118.729546
-309.504725 374.587714 118.491500
-309.141018 372.635522 118.253454
-308.777310 370.683331 118.015408
-308.413603 368.731140 117.777362
-308.049895 366.778948 117.539316
-307.686188 364.826757 117.301270
-307.322480 362.874566 117.063224
-306.958773 360.922375 116.825178
-306.595065 358.970183 116.587132
-306.231358 357.017992 116.349086
-305.867650 355.065801 116.111040
-305.503943 353.113609 115.872994
-305.140235 351.161418 115.634948
-304.776528 349.209227 115.396902
-304.412820 347.257035 115.158856
-304.049113 345.304844 114.920810
-303.685405 343.352653 114.682764
-303.321698 341.400461 114.444718
-302.957990 339.448270 114.206671
-302.594283 337.496079 113.968625
-302.230575 335.543887 113.730579
-301.866868 333.591696 113.492533
-301.503160 331.639505 113.254487
-301.139453 329.687313 113.016441
-300.775745 327.735122 112.778395
-300.412038 325.782931 112.540349
-300.048330 323.830740 112.302303
-299.684623 321.878548 112.064257
-299.320915 319.926357 111.826211
-298.957207 317.974166 111.588165
-298.593500 316.021974 111.350119
-298.229792 314.069783 111.112073
-297.866085 312.117592 110.874027
-297.502377 310.165400 110.635981
-297.138670 308.213209 110.397935
-296.774962 306.261018 110.159889
-296.411255 304.308826 109.921843
-296.047547 302.356635 109.683797
-295.683840 300.404444 109.445751
-295.320132 298.452252 109.207705
-294.956425 296.500061 108.969659
-294.592717 294.547870 108.731612
-294.229010 292.595678 108.493566
-293.865302 290.643487 108.255520
-293.501595 288.691296 108.017474
-293.137887 286.739105 107.779428
-292.774180 284.786913 107.541382
-292.410472 282.834722 107.303336
-292.046765 280.882531 107.065290
-291.683057 278.930339 106.827244
-291.319350 276.978148 106.589198
-290.955642 275.025957 106.351152
-290.591935 273.073765 106.113106
-290.228227 271.121574 105.875060
-289.864520 269.169383 105.637014
-289.500812 267.217191 105.398968
-289.137105 265.265000 105.160922
-61.907113 -103.702684 -123.813241
-62.437592 -105.379375 -122.860718
-62.968070 -107.056066 -121.908195
-63.498549 -108.732757 -120.955672
-64.029027 -110.409448 -120.003149
-64.559506 -112.086138 -119.050626
-65.089984 -113.762829 -118.098103
-65.620462 -115.439520 -117.145580
-66.150941 -117.116211 -116.193057
-66.681419 -118.792902 -115.240534
-67.211898 -120.469593 -114.288011
-67.742376 -122.146284 -113.335488
-68.272855 -123.822975 -112.382965
-68.803333 -125.499666 -111.430442
-69.333812 -127.176357 -110.477919
-69.864290 -128.853048 -109.525396
-70.394769 -130.529739 -108.572873
-70.925247 -132.206430 -107.620350
-71.455726 -133.883121 -106.667827
-71.986204 -135.559812 -105.715304
-72.516683 -137.236503 -104.762781
-73.047161 -138.913193 -103.810258
-73.577640 -140.589884 -102.857735
-74.108118 -142.266575 -101.905212
-74.638597 -143.943266 -100.952689
-75.169075 -145.619957 -100.000166
-75.699554 -147.296648 -99.047643
-76.230032 -148.973339 -98.095120
-76.760511 -150.650030 -97.142597
-77.290989 -152.326721 -96.190074
-77.821468 -154.003412 -95.237551
-78.351946 -155.680103 -94.285028
-78.882425 -157.356794 -93.332505
-79.412903 -159.033485 -92.379982
-79.943382 -160.710176 -91.427459
-80.473860 -162.386867 -90.474936
-81.004339 -164.063557 -89.522413
-81.534817 -165.740248 -88.569890
-82.065296 -167.416939 -87.617367
-82.595774 -169.093630 -86.664844
-83.126252 -170.770321 -85.712321
-83.656731 -172.447012 -84.759798
-84.187209 -174.123703 -83.807275
-84.717688 -175.800394 -82.854752
-85.248166 -177.477085 -81.902229
-85.778645 -179.153776 -80.949706
-86.309123 -180.830467 -79.997183
-86.839602 -182.507158 -79.044660
-87.370080 -184.183849 -78.092137
-87.900559 -185.860540 -77.139614
-88.431037 -187.537231 -76.187091
-88.961516 -189.213921 -75.234568
-89.491994 -190.890612 -74.282045
-90.022473 -192.567303 -73.329522
-90.552951 -194.243994 -72.376999
-91.083430 -195.920685 -71.424476
-91.613908 -197.597376 -70.471953
-92.144387 -199.274067 -69.519430
-92.674865 -200.950758 -68.566907
-93.205344 -202.627449 -67.614384
-93.735822 -204.304140 -66.661861
-94.266301 -205.980831 -65.709338
-94.796779 -207.657522 -64.756815
-95.327258 -209.334213 -63.804292
-95.857736 -211.010904 -62.851769
-96.388215 -212.687595 -61.899246
-96.918693 -214.364286 -60.946722
-97.449172 -216.040976 -59.994199
-97.979650 -217.717667 -59.041676
-98.510129 -219.394358 -58.089153
191.801205 320.592338 127.335156
190.801302 321.090795 125.676321
189.801399 321.589252 124.017485
188.801496 322.087710 122.358650
187.801592 322.586167 120.699815
186.801689 323.084624 119.040980
185.801786 323.583081 117.382145
184.801883 324.081538 115.723309
183.801980 324.579995 114.064474
182.802077 325.078452 112.405639
181.802174 325.576909 110.746804
180.802270 326.075366 109.087969
179.802367 326.573823 107.429133
178.802464 327.072281 105.770298
177.802561 327.570738 104.111463
176.802658 328.069195 102.452628
175.802755 328.567652 100.793793
174.802852 329.066109 99.134958
173.802948 329.564566 97.476122
172.803045 330.063023 95.817287
171.803142 330.561480 94.158452
170.803239 331.059937 92.499617
169.803336 331.558394 90.840782
168.803433 332.056852 89.181946
167.803529 332.555309 87.523111
166.803626 333.053766 85.864276
165.803723 333.552223 84.205441
164.803820 334.050680 82.546606
163.803917 334.549137 80.887770
162.804014 335.047594 79.228935
161.804111 335.546051 77.570100
160.804207 336.044508 75.911265
159.804304 336.542965 74.252430
158.804401 337.041423 72.593594
157.804498 337.539880 70.934759
156.804595 338.038337 69.275924
155.804692 338.536794 67.617089
154.804789 339.035251 65.958254
153.804885 339.533708 64.299418
152.804982 340.032165 62.640583
151.805079 340.530622 60.981748
150.805176 341.029079 59.322913
149.805273 341.527536 57.664078
148.805370 342.025994 56.005242
147.805467 342.524451 54.346407
146.805563 343.022908 52.687572
145.805660 343.521365 51.028737
144.805757 344.019822 49.369902
143.805854 344.518279 47.711066
142.805951 345.016736 46.052231
141.806048 345.515193 44.393396
140.806145 346.013650 42.734561
139.806241 346.512107 41.075726
138.806338 347.010565 39.416890
137.806435 347.509022 37.758055
136.806532 348.007479 36.099220
135.806629 348.505936 34.440385
134.806726 349.004393 32.781550
133.806822 349.502850 31.122714
132.806919 350.001307 29.463879
131.807016 350.499764 27.805044
130.807113 350.998221 26.146209
129.807210 351.496678 24.487374
128.807307 351.995136 22.828538
127.807404 352.493593 21.169703
126.807500 352.992050 19.510868
125.807597 353.490507 17.852033
124.807694 353.988964 16.193198
123.807791 354.487421 14.534362
122.807888 354.985878 12.875527
243.763265 392.328180 239.694076
244.363557 390.472784 239.250054
244.963848 388.617388 238.806032
245.564140 386.761992 238.362009
246.164431 384.906596 237.917987
246.764723 383.051200 237.473965
247.365014 381.195803 237.029943
247.965306 379.340407 236.585921
248.565597 377.485011 236.141898
249.165888 375.629615 235.697876
249.766180 373.774219 235.253854
250.366471 371.918823 234.809832
250.966763 370.063427 234.365809
251.567054 368.208031 233.921787
252.167346 366.352635 233.477765
252.767637 364.497239 233.033743
253.367928 362.641843 232.589721
253.968220 360.786447 232.145698
254.568511 358.931051 231.701676
255.168803 357.075655 231.257654
255.769094 355.220259 230.813632
256.369386 353.364863 230.369609
256.969677 351.509467 229.925587
257.569968 349.654071 229.481565
258.170260 347.798675 229.037543
258.770551 345.943279 228.593520
259.370843 344.087883 228.149498
259.971134 342.232487 227.705476
260.571426 340.377091 227.261454
261.171717 338.521695 226.817432
261.772009 336.666299 226.373409
262.372300 334.810903 225.929387
262.972591 332.955507 225.485365
263.572883 331.100110 225.041343
264.173174 329.244714 224.597320
264.773466 327.389318 224.153298
265.373757 325.533922 223.709276
265.974049 323.678526 223.265254
266.574340 321.823130 222.821232
267.174631 319.967734 222.377209
267.774923 318.112338 221.933187
268.375214 316.256942 221.489165
268.975506 314.401546 221.045143
269.575797 312.546150 220.601120
270.176089 310.690754 220.157098
270.776380 308.835358 219.713076
271.376672 306.979962 219.269054
271.976963 305.124566 218.825031
272.577254 303.269170 218.381009
273.177546 301.413774 217.936987
273.777837 299.558378 217.492965
274.378129 297.702982 217.048943
274.978420 295.847586 216.604920
275.578712 293.992190 216.160898
276.179003 292.136794 215.716876
276.779294 290.281398 215.272854
277.379586 288.426002 214.828831
277.979877 286.570606 214.384809
278.580169 284.715210 213.940787
279.180460 282.859814 213.496765
279.780752 281.004417 213.052743
280.381043 279.149021 212.608720
280.981334 277.293625 212.164698
281.581626 275.438229 211.720676
282.181917 273.582833 211.276654
282.782209 271.727437 210.832631
283.382500 269.872041 210.388609
283.982792 268.016645 209.944587
284.583083 266.161249 209.500565
285.183375 264.305853 209.056542
37.405034 254.470588 -399.444407
37.618277 254.330276 -397.460764
37.831520 254.189963 -395.477121
38.044763 254.049650 -393.493477
38.258006 253.909337 -391.509834
38.471249 253.769024 -389.526191
38.684492 253.628711 -387.542548
38.897735 253.488398 -385.558905
39.110978 253.348085 -383.575262
39.324221 253.207772 -381.591619
39.537464 253.067459 -379.607976
39.750707 252.927146 -377.624333
39.963950 252.786833 -375.640690
40.177193 252.646520 -373.657047
40.390436 252.506207 -371.673404
40.603679 252.365895 -369.689761
40.816923 252.225582 -367.706118
41.030166 252.085269 -365.722475
41.243409 251.944956 -363.738832
41.456652 251.804643 -361.755189
41.669895 251.664330 -359.771546
41.883138 251.524017 -357.787903
42.096381 251.383704 -355.804260
42.309624 251.243391 -353.820617
42.522867 251.103078 -351.836974
42.736110 250.962765 -349.853331
42.949353 250.822452 -347.869688
43.162596 250.682139 -345.886045
43.375839 250.541826 -343.902402
43.589082 250.401514 -341.918759
43.802325 250.261201 -339.935116
44.015568 250.120888 -337.951472
44.228811 249.980575 -335.967829
44.442054 249.840262 -333.984186
44.655297 249.699949 -332.000543
44.868540 249.559636 -330.016900
45.081783 249.419323 -328.033257
45.295026 249.279010 -326.049614
45.508269 249.138697 -324.065971
45.721512 248.998384 -322.082328
45.934755 248.858071 -320.098685
46.147998 248.717758 -318.115042
46.361241 248.577445 -316.131399
46.574485 248.437133 -314.147756
46.787728 248.296820 -312.164113
47.000971 248.156507 -310.180470
47.214214 248.016194 -308.196827
47.427457 247.875881 -306.213184
47.640700 247.735568 -304.229541
47.853943 247.595255 -302.245898
48.067186 247.454942 -300.262255
48.280429 247.314629 -298.278612
48.493672 247.174316 -296.294969
48.706915 247.034003 -294.311326
48.920158 246.893690 -292.327683
49.133401 246.753377 -290.344040
49.346644 246.613064 -288.360397
49.559887 246.472752 -286.376754
49.773130 246.332439 -284.393111
49.986373 246.192126 -282.409468
50.199616 246.051813 -280.425824
50.412859 245.911500 -278.442181
50.626102 245.771187 -276.458538
50.839345 245.630874 -274.474895
51.052588 245.490561 -272.491252
51.265831 245.350248 -270.507609
51.479074 245.209935 -268.523966
51.692317 245.069622 -266.540323
51.905560 244.929309 -264.556680
52.118803 244.788996 -262.573037
-287.646640 -305.186615 160.498739
-286.795917 -303.418986 160.888297
-285.945194 -301.651356 161.277855
-285.094471 -299.883726 161.667413
-284.243748 -298.116096 162.056971
-283.393025 -296.348467 162.446529
-282.542302 -294.580837 162.836087
-281.691579 -292.813207 163.225646
-280.840856 -291.045577 163.615204
-279.990134 -289.277947 164.004762
-279.139411 -287.510318 164.394320
-278.288688 -285.742688 164.783878
-277.437965 -283.975058 165.173436
-276.587242 -282.207428 165.562994
-275.736519 -280.439799 165.952553
-274.885796 -278.672169 166.342111
-274.035073 -276.904539 166.731669
-273.184350 -275.136909 167.121227
-272.333628 -273.369279 167.510785
-271.482905 -271.601650 167.900343
-270.632182 -269.834020 168.289901
-269.781459 -268.066390 168.679459
-268.930736 -266.298760 169.069018
-268.080013 -264.531131 169.458576
-267.229290 -262.763501 169.848134
-266.378567 -260.995871 170.237692
-265.527844 -259.228241 170.627250
-264.677122 -257.460611 171.016808
-263.826399 -255.692982 171.406366
-262.975676 -253.925352 171.795925
-262.124953 -252.157722 172.185483
-261.274230 -250.390092 172.575041
-260.423507 -248.622463 172.964599
-259.572784 -246.854833 173.354157
-258.722061 -245.087203 173.743715
-257.871338 -243.319573 174.133273
-257.020616 -241.551943 174.522832
-256.169893 -239.784314 174.912390
-255.319170 -238.016684 175.301948
-254.468447 -236.249054 175.691506
-253.617724 -234.481424 176.081064
-252.767001 -232.713795 176.470622
-251.916278 -230.946165 176.860180
-251.065555 -229.178535 177.249739
-250.214832 -227.410905 177.639297
-249.364110 -225.643275 178.028855
-248.513387 -223.875646 178.418413
-247.662664 -222.108016 178.807971
-246.811941 -220.340386 179.197529
-245.961218 -218.572756 179.587087
-245.110495 -216.805127 179.976645
-244.259772 -215.037497 180.366204
-243.409049 -213.269867 180.755762
-242.558326 -211.502237 181.145320
-241.707604 -209.734608 181.534878
-240.856881 -207.966978 181.924436
-240.006158 -206.199348 182.313994
-239.155435 -204.431718 182.703552
-238.304712 -202.664088 183.093111
-237.453989 -200.896459 183.482669
-236.603266 -199.128829 183.872227
-235.752543 -197.361199 184.261785
-234.901820 -195.593569 184.651343
-234.051098 -193.825940 185.040901
-233.200375 -192.058310 185.430459
-232.349652 -190.290680 185.820018
-231.498929 -188.523050 186.209576
-230.648206 -186.755420 186.599134
-229.797483 -184.987791 186.988692
-228.946760 -183.220161 187.378250
1.684402 -223.904792 -311.700375
3.307112 -224.705444 -310.848456
4.929823 -225.506096 -309.996536
6.552533 -226.306748 -309.144616
8.175243 -227.107399 -308.292696
9.797954 -227.908051 -307.440776
11.420664 -228.708703 -306.588856
13.043375 -229.509355 -305.736936
14.666085 -230.310007 -304.885017
16.288796 -231.110659 -304.033097
17.911506 -231.911311 -303.181177
19.534217 -232.711962 -302.329257
21.156927 -233.512614 -301.477337
22.779637 -234.313266 -300.625417
24.402348 -235.113918 -299.773498
26.025058 -235.914570 -298.921578
27.647769 -236.715222 -298.069658
29.270479 -237.515874 -297.217738
30.893190 -238.316525 -296.365818
32.515900 -239.117177 -295.513898
34.138611 -239.917829 -294.661978
35.761321 -240.718481 -293.810059
37.384031 -241.519133 -292.958139
39.006742 -242.319785 -292.106219
40.629452 -243.120437 -291.254299
42.252163 -243.921088 -290.402379
43.874873 -244.721740 -289.550459
45.497584 -245.522392 -288.698540
47.120294 -246.323044 -287.846620
48.743005 -247.123696 -286.994700
50.365715 -247.924348 -286.142780
51.988425 -248.725000 -285.290860
53.611136 -249.525651 -284.438940
55.233846 -250.326303 -283.587020
56.856557 -251.126955 -282.735101
58.479267 -251.927607 -281.883181
60.101978 -252.728259 -281.031261
61.724688 -253.528911 -280.179341
63.347398 -254.329563 -279.327421
64.970109 -255.130214 -278.475501
66.592819 -255.930866 -277.623582
68.215530 -256.731518 -276.771662
69.838240 -257.532170 -275.919742
71.460951 -258.332822 -275.067822
73.083661 -259.133474 -274.215902
74.706372 -259.934126 -273.363982
76.329082 -260.734777 -272.512062
77.951792 -261.535429 -271.660143
79.574503 -262.336081 -270.808223
81.197213 -263.136733 -269.956303
82.819924 -263.937385 -269.104383
84.442634 -264.738037 -268.252463
86.065345 -265.538689 -267.400543
87.688055 -266.339340 -266.548624
89.310766 -267.139992 -265.696704
90.933476 -267.940644 -264.844784
92.556186 -268.741296 -263.992864
94.178897 -269.541948 -263.140944
95.801607 -270.342600 -262.289024
97.424318 -271.143252 -261.437104
99.047028 -271.943903 -260.585185
100.669739 -272.744555 -259.733265
102.292449 -273.545207 -258.881345
103.915160 -274.345859 -258.029425
105.537870 -275.146511 -257.177505
107.160580 -275.947163 -256.325585
108.783291 -276.747815 -255.473666
110.406001 -277.548466 -254.621746
112.028712 -278.349118 -253.769826
113.651422 -279.149770 -252.917906
138.350760 -350.109034 358.623634
140.349166 -350.162267 358.683122
142.347573 -350.215499 358.742610
144.345979 -350.268732 358.802098
146.344385 -350.321965 358.861586
148.342791 -350.375197 358.921074
150.341198 -350.428430 358.980562
152.339604 -350.481663 359.040050
154.338010 -350.534895 359.099537
156.336416 -350.588128 359.159025
158.334822 -350.641361 359.218513
160.333229 -350.694593 359.278001
162.331635 -350.747826 359.337489
164.330041 -350.801059 359.396977
166.328447 -350.854291 359.456465
168.326854 -350.907524 359.515953
170.325260 -350.960757 359.575441
172.323666 -351.013989 359.634928
174.322072 -351.067222 359.694416
176.320479 -351.120455 359.753904
178.318885 -351.173687 359.813392
180.317291 -351.226920 359.872880
182.315697 -351.280153 359.932368
184.314104 -351.333385 359.991856
186.312510 -351.386618 360.051344
188.310916 -351.439851 360.110832
190.309322 -351.493083 360.170320
192.307728 -351.546316 360.229807
194.306135 -351.599548 360.289295
196.304541 -351.652781 360.348783
198.302947 -351.706014 360.408271
200.301353 -351.759246 360.467759
202.299760 -351.812479 360.527247
204.298166 -351.865712 360.586735
206.296572 -351.918944 360.646223
208.294978 -351.972177 360.705711
210.293385 -352.025410 360.765198
212.291791 -352.078642 360.824686
214.290197 -352.131875 360.884174
216.288603 -352.185108 360.943662
218.287009 -352.238340 361.003150
220.285416 -352.291573 361.062638
222.283822 -352.344806 361.122126
224.282228 -352.398038 361.181614
226.280634 -352.451271 361.241102
228.279041 -352.504504 361.300590
230.277447 -352.557736 361.360077
232.275853 -352.610969 361.419565
234.274259 -352.664202 361.479053
236.272666 -352.717434 361.538541
238.271072 -352.770667 361.598029
240.269478 -352.823900 361.657517
242.267884 -352.877132 361.717005
244.266291 -352.930365 361.776493
246.264697 -352.983598 361.835981
248.263103 -353.036830 361.895469
250.261509 -353.090063 361.954956
252.259915 -353.143296 362.014444
254.258322 -353.196528 362.073932
256.256728 -353.249761 362.133420
258.255134 -353.302994 362.192908
260.253540 -353.356226 362.252396
262.251947 -353.409459 362.311884
264.250353 -353.462692 362.371372
266.248759 -353.515924 362.430860
268.247165 -353.569157 362.490347
270.245572 -353.622390 362.549835
272.243978 -353.675622 362.609323
274.242384 -353.728855 362.668811
276.240790 -353.782088 362.728299
368.253599 36.231215 124.577646
366.604296 37.254052 125.060972
364.954993 38.276889 125.544298
363.305690 39.299726 126.027624
361.656387 40.322563 126.510949
360.007084 41.345400 126.994275
358.357781 42.368237 127.477601
356.708478 43.391075 127.960927
355.059175 44.413912 128.444253
353.409872 45.436749 128.927579
351.760569 46.459586 129.410905
350.111266 47.482423 129.894231
348.461963 48.505260 130.377556
346.812660 49.528097 130.860882
345.163357 50.550934 131.344208
343.514054 51.573771 131.827534
341.864751 52.596608 132.310860
340.215448 53.619445 132.794186
338.566145 54.642283 133.277512
336.916842 55.665120 133.760838
335.267539 56.687957 134.244164
333.618236 57.710794 134.727489
331.968933 58.733631 135.210815
330.319630 59.756468 135.694141
328.670327 60.779305 136.177467
327.021024 61.802142 136.660793
325.371721 62.824979 137.144119
323.722418 63.847816 137.627445
322.073115 64.870653 138.110771
320.423812 65.893491 138.594096
318.774509 66.916328 139.077422
317.125206 67.939165 139.560748
315.475903 68.962002 140.044074
313.826600 69.984839 140.527400
312.177297 71.007676 141.010726
310.527994 72.030513 141.494052
308.878691 73.053350 141.977378
307.229388 74.076187 142.460703
305.580085 75.099024 142.944029
303.930782 76.121862 143.427355
302.281479 77.144699 143.910681
300.632176 78.167536 144.394007
298.982873 79.190373 144.877333
297.333570 80.213210 145.360659
295.684267 81.236047 145.843985
294.034964 82.258884 146.327311
292.385661 83.281721 146.810636
290.736358 84.304558 147.293962
289.087055 85.327395 147.777288
287.437752 86.350232 148.260614
285.788449 87.373070 148.743940
284.139146 88.395907 149.227266
282.489843 89.418744 149.710592
280.840540 90.441581 150.193918
279.191237 91.464418 150.677243
277.541934 92.487255 151.160569
275.892631 93.510092 151.643895
274.243328 94.532929 152.127221
272.594025 95.555766 152.610547
270.944722 96.578603 153.093873
269.295419 97.601440 153.577199
267.646116 98.624278 154.060525
265.996813 99.647115 154.543850
264.347510 100.669952 155.027176
262.698207 101.692789 155.510502
261.048904 102.715626 155.993828
259.399601 103.738463 156.477154
257.750298 104.761300 156.960480
256.100995 105.784137 157.443806
254.451692 106.806974 157.927132
5.516308 273.539483 399.992150
4.020847 273.103599 398.737717
2.525386 272.667714 397.483284
1.029926 272.231829 396.228851
-0.465535 271.795945 394.974419
-1.960996 271.360060 393.719986
-3.456457 270.924175 392.465553
-4.951918 270.488291 391.211120
-6.447378 270.052406 389.956688
-7.942839 269.616521 388.702255
-9.438300 269.180637 387.447822
-10.933761 268.744752 386.193389
-12.429222 268.308867 384.938957
-13.924683 267.872983 383.684524
-15.420143 267.437098 382.430091
-16.915604 267.001213 381.175658
-18.411065 266.565329 379.921226
-19.906526 266.129444 378.666793
-21.401987 265.693559 377.412360
-22.897447 265.257675 376.157927
-24.392908 264.821790 374.903495
-25.888369 264.385906 373.649062
-27.383830 263.950021 372.394629
-28.879291 263.514136 371.140197
-30.374752 263.078252 369.885764
-31.870212 262.642367 368.631331
-33.365673 262.206482 367.376898
-34.861134 261.770598 366.122466
-36.356595 261.334713 364.868033
-37.852056 260.898828 363.613600
-39.347517 260.462944 362.359167
-40.842977 260.027059 361.104735
-42.338438 259.591174 359.850302
-43.833899 259.155290 358.595869
-45.329360 258.719405 357.341436
-46.824821 258.283520 356.087004
-48.320281 257.847636 354.832571
-49.815742 257.411751 353.578138
-51.311203 256.975866 352.323705
-52.806664 256.539982 351.069273
-54.302125 256.104097 349.814840
-55.797586 255.668212 348.560407
-57.293046 255.232328 347.305974
-58.788507 254.796443 346.051542
-60.283968 254.360558 344.797109
-61.779429 253.924674 343.542676
-63.274890 253.488789 342.288243
-64.770350 253.052904 341.033811
-66.265811 252.617020 339.779378
-67.761272 252.181135 338.524945
-69.256733 251.745251 337.270513
-70.752194 251.309366 336.016080
-72.247655 250.873481 334.761647
-73.743115 250.437597 333.507214
-75.238576 250.001712 332.252782
-76.734037 249.565827 330.998349
-78.229498 249.129943 329.743916
-79.724959 248.694058 328.489483
-81.220420 248.258173 327.235051
-82.715880 247.822289 325.980618
-84.211341 247.386404 324.726185
-85.706802 246.950519 323.471752
-87.202263 246.514635 322.217320
-88.697724 246.078750 320.962887
-90.193184 245.642865 319.708454
-91.688645 245.206981 318.454021
-93.184106 244.771096 317.199589
-94.679567 244.335211 315.945156
-96.175028 243.899327 314.690723
-97.670489 243.463442 313.436290
-23.322883 385.492819 78.375839
-24.629341 384.255785 79.249289
-25.935798 383.018750 80.122739
-27.242255 381.781715 80.996189
-28.548712 380.544680 81.869639
-29.855170 379.307646 82.743088
-31.161627 378.070611 83.616538
-32.468084 376.833576 84.489988
-33.774541 375.596542 85.363438
-35.080999 374.359507 86.236888
-36.387456 373.122472 87.110337
-37.693913 371.885437 87.983787
-39.000370 370.648403 88.857237
-40.306828 369.411368 89.730687
-41.613285 368.174333 90.604137
-42.919742 366.937298 91.477586
-44.226199 365.700264 92.351036
-45.532656 364.463229 93.224486
-46.839114 363.226194 94.097936
-48.145571 361.989159 94.971385
-49.452028 360.752125 95.844835
-50.758485 359.515090 96.718285
-52.064943 358.278055 97.591735
-53.371400 357.041020 98.465185
-54.677857 355.803986 99.338634
-55.984314 354.566951 100.212084
-57.290772 353.329916 101.085534
-58.597229 352.092881 101.958984
-59.903686 350.855847 102.832434
-61.210143 349.618812 103.705883
-62.516601 348.381777 104.579333
-63.823058 347.144743 105.452783
-65.129515 345.907708 106.326233
-66.435972 344.670673 107.199683
-67.742430 343.433638 108.073132
-69.048887 342.196604 108.946582
-70.355344 340.959569 109.820032
-71.661801 339.722534 110.693482
-72.968258 338.485499 111.566932
-74.274716 337.248465 112.440381
-75.581173 336.011430 113.313831
-76.887630 334.774395 114.187281
-78.194087 333.537360 115.060731
-79.500545 332.300326 115.934181
-80.807002 331.063291 116.807630
-82.113459 329.826256 117.681080
-83.419916 328.589221 118.554530
-84.726374 327.352187 119.427980
-86.032831 326.115152 120.301429
-87.339288 324.878117 121.174879
-88.645745 323.641083 122.048329
-89.952203 322.404048 122.921779
-91.258660 321.167013 123.795229
-92.565117 319.929978 124.668678
-93.871574 318.692944 125.542128
-95.178032 317.455909 126.415578
-96.484489 316.218874 127.289028
-97.790946 314.981839 128.162478
-99.097403 313.744805 129.035927
-100.403861 312.507770 129.909377
-101.710318 311.270735 130.782827
-103.016775 310.033700 131.656277
-104.323232 308.796666 132.529727
-105.629689 307.559631 133.403176
-106.936147 306.322596 134.276626
-108.242604 305.085561 135.150076
-109.549061 303.848527 136.023526
-110.855518 302.611492 136.896976
-112.161976 301.374457 137.770425
-113.468433 300.137423 138.643875
-307.136462 107.045409 -230.845978
-305.212746 107.483688 -231.173434
-303.289030 107.921967 -231.500890
-301.365313 108.360246 -231.828347
-299.441597 108.798525 -232.155803
-297.517881 109.236803 -232.483259
-295.594165 109.675082 -232.810715
-293.670448 110.113361 -233.138171
-291.746732 110.551640 -233.465627
-289.823016 110.989919 -233.793084
-287.899300 111.428197 -234.120540
-285.975583 111.866476 -234.447996
-284.051867 112.304755 -234.775452
-282.128151 112.743034 -235.102908
-280.204435 113.181313 -235.430364
-278.280719 113.619591 -235.757821
-276.357002 114.057870 -236.085277
-274.433286 114.496149 -236.412733
-272.509570 114.934428 -236.740189
-270.585854 115.372707 -237.067645
-268.662137 115.810985 -237.395101
-266.738421 116.249264 -237.722558
-264.814705 116.687543 -238.050014
-262.890989 117.125822 -238.377470
-260.967272 117.564101 -238.704926
-259.043556 118.002380 -239.032382
-257.119840 118.440658 -239.359838
-255.196124 118.878937 -239.687295
-253.272407 119.317216 -240.014751
-251.348691 119.755495 -240.342207
-249.424975 120.193774 -240.669663
-247.501259 120.632052 -240.997119
-245.577543 121.070331 -241.324575
-243.653826 121.508610 -241.652032
-241.730110 121.946889 -241.979488
-239.806394 122.385168 -242.306944
-237.882678 122.823446 -242.634400
-235.958961 123.261725 -242.961856
-234.035245 123.700004 -243.289312
-232.111529 124.138283 -243.616769
-230.187813 124.576562 -243.944225
-228.264096 125.014840 -244.271681
-226.340380 125.453119 -244.599137
-224.416664 125.891398 -244.926593
-222.492948 126.329677 -245.254049
-220.569232 126.767956 -245.581506
-218.645515 127.206234 -245.908962
-216.721799 127.644513 -246.236418
-214.798083 128.082792 -246.563874
-212.874367 128.521071 -246.891330
-210.950650 128.959350 -247.218786
-209.026934 129.397629 -247.546243
-207.103218 129.835907 -247.873699
-205.179502 130.274186 -248.201155
-203.255785 130.712465 -248.528611
-201.332069 131.150744 -248.856067
-199.408353 131.589023 -249.183523
-197.484637 132.027301 -249.510980
-195.560920 132.465580 -249.838436
-193.637204 132.903859 -250.165892
-191.713488 133.342138 -250.493348
-189.789772 133.780417 -250.820804
-187.866056 134.218695 -251.148260
-185.942339 134.656974 -251.475717
-184.018623 135.095253 -251.803173
-182.094907 135.533532 -252.130629
-180.171191 135.971811 -252.458085
-178.247474 136.410089 -252.785541
-176.323758 136.848368 -253.112997
-174.400042 137.286647 -253.440454
-145.365219 -217.784658 -314.884439
-146.068835 -215.912788 -314.916458
-146.772450 -214.040917 -314.948478
-147.476066 -212.169047 -314.980497
-148.179682 -210.297176 -315.012516
-148.883298 -208.425305 -315.044536
-149.586914 -206.553435 -315.076555
-150.290530 -204.681564 -315.108575
-150.994145 -202.809694 -315.140594
-151.697761 -200.937823 -315.172613
-152.401377 -199.065952 -315.204633
-153.104993 -197.194082 -315.236652
-153.808609 -195.322211 -315.268672
-154.512224 -193.450341 -315.300691
-155.215840 -191.578470 -315.332710
-155.919456 -189.706599 -315.364730
-156.623072 -187.834729 -315.396749
-157.326688 -185.962858 -315.428769
-158.030304 -184.090988 -315.460788
-158.733919 -182.219117 -315.492808
-159.437535 -180.347246 -315.524827
-160.141151 -178.475376 -315.556846
-160.844767 -176.603505 -315.588866
-161.548383 -174.731635 -315.620885
-162.251999 -172.859764 -315.652905
-162.955614 -170.987893 -315.684924
-163.659230 -169.116023 -315.716943
-164.362846 -167.244152 -315.748963
-165.066462 -165.372282 -315.780982
-165.770078 -163.500411 -315.813002
-166.473694 -161.628540 -315.845021
-167.177309 -159.756670 -315.877040
-167.880925 -157.884799 -315.909060
-168.584541 -156.012929 -315.941079
-169.288157 -154.141058 -315.973099
-169.991773 -152.269187 -316.005118
-170.695388 -150.397317 -316.037137
-171.399004 -148.525446 -316.069157
-172.102620 -146.653576 -316.101176
-172.806236 -144.781705 -316.133196
-173.509852 -142.909834 -316.165215
-174.213468 -141.037964 -316.197235
-174.917083 -139.166093 -316.229254
-175.620699 -137.294223 -316.261273
-176.324315 -135.422352 -316.293293
-177.027931 -133.550482 -316.325312
-177.731547 -131.678611 -316.357332
-178.435163 -129.806740 -316.389351
-179.138778 -127.934870 -316.421370
-179.842394 -126.062999 -316.453390
-180.546010 -124.191129 -316.485409
-181.249626 -122.319258 -316.517429
-181.953242 -120.447387 -316.549448
-182.656857 -118.575517 -316.581467
-183.360473 -116.703646 -316.613487
-184.064089 -114.831776 -316.645506
-184.767705 -112.959905 -316.677526
-185.471321 -111.088034 -316.709545
-186.174937 -109.216164 -316.741564
-186.878552 -107.344293 -316.773584
-187.582168 -105.472423 -316.805603
-188.285784 -103.600552 -316.837623
-188.989400 -101.728681 -316.869642
-189.693016 -99.856811 -316.901661
-190.396632 -97.984940 -316.933681
-191.100247 -96.113070 -316.965700
-191.803863 -94.241199 -316.997720
-192.507479 -92.369328 -317.029739
-193.211095 -90.497458 -317.061759
-193.914711 -88.625587 -317.093778
127.955236 -8.797119 -182.023326
126.701806 -7.248359 -182.197264
125.448375 -5.699599 -182.371202
124.194944 -4.150839 -182.545141
122.941513 -2.602080 -182.719079
121.688082 -1.053320 -182.893018
120.434651 0.495440 -183.066956
119.181220 2.044199 -183.240894
117.927790 3.592959 -183.414833
116.674359 5.141719 -183.588771
115.420928 6.690478 -183.762709
114.167497 8.239238 -183.936648
112.914066 9.787998 -184.110586
111.660635 11.336757 -184.284525
110.407205 12.885517 -184.458463
109.153774 14.434277 -184.632401
107.900343 15.983036 -184.806340
106.646912 17.531796 -184.980278
105.393481 19.080556 -185.154217
104.140050 20.629315 -185.328155
102.886619 22.178075 -185.502093
101.633189 23.726835 -185.676032
100.379758 25.275594 -185.849970
99.126327 26.824354 -186.023909
97.872896 28.373114 -186.197847
96.619465 29.921873 -186.371785
95.366034 31.470633 -186.545724
94.112603 33.019393 -186.719662
92.859173 34.568152 -186.893600
91.605742 36.116912 -187.067539
90.352311 37.665672 -187.241477
89.098880 39.214432 -187.415416
87.845449 40.763191 -187.589354
86.592018 42.311951 -187.763292
85.338588 43.860711 -187.937231
84.085157 45.409470 -188.111169
82.831726 46.958230 -188.285108
81.578295 48.506990 -188.459046
80.324864 50.055749 -188.632984
79.071433 51.604509 -188.806923
77.818002 53.153269 -188.980861
76.564572 54.702028 -189.154800
75.311141 56.250788 -189.328738
74.057710 57.799548 -189.502676
72.804279 59.348307 -189.676615
71.550848 60.897067 -189.850553
70.297417 62.445827 -190.024491
69.043986 63.994586 -190.198430
67.790556 65.543346 -190.372368
66.537125 67.092106 -190.546307
65.283694 68.640865 -190.720245
64.030263 70.189625 -190.894183
62.776832 71.738385 -191.068122
61.523401 73.287144 -191.242060
60.269970 74.835904 -191.415999
59.016540 76.384664 -191.589937
57.763109 77.933423 -191.763875
56.509678 79.482183 -191.937814
55.256247 81.030943 -192.111752
54.002816 82.579702 -192.285691
52.749385 84.128462 -192.459629
51.495955 85.677222 -192.633567
50.242524 87.225982 -192.807506
48.989093 88.774741 -192.981444
47.735662 90.323501 -193.155382
46.482231 91.872261 -193.329321
45.228800 93.421020 -193.503259
43.975369 94.969780 -193.677198
42.721939 96.518540 -193.851136
41.468508 98.067299 -194.025074
-159.394486 -283.523567 -246.590627
-161.044617 -284.574167 -246.174325
-162.694749 -285.624766 -245.758023
-164.344880 -286.675365 -245.341721
-165.995011 -287.725965 -244.925419
-167.645143 -288.776564 -244.509117
-169.295274 -289.827164 -244.092815
-170.945405 -290.877763 -243.676513
-172.595536 -291.928363 -243.260210
-174.245668 -292.978962 -242.843908
-175.895799 -294.029561 -242.427606
-177.545930 -295.080161 -242.011304
-179.196062 -296.130760 -241.595002
-180.846193 -297.181360 -241.178700
-182.496324 -298.231959 -240.762398
-184.146456 -299.282559 -240.346096
-185.796587 -300.333158 -239.929794
-187.446718 -301.383757 -239.513491
-189.096850 -302.434357 -239.097189
-190.746981 -303.484956 -238.680887
-192.397112 -304.535556 -238.264585
-194.047244 -305.586155 -237.848283
-195.697375 -306.636755 -237.431981
-197.347506 -307.687354 -237.015679
-198.997638 -308.737953 -236.599377
-200.647769 -309.788553 -236.183075
-202.297900 -310.839152 -235.766772
-203.948032 -311.889752 -235.350470
-205.598163 -312.940351 -234.934168
-207.248294 -313.990951 -234.517866
-208.898426 -315.041550 -234.101564
-210.548557 -316.092149 -233.685262
-212.198688 -317.142749 -233.268960
-213.848820 -318.193348 -232.852658
-215.498951 -319.243948 -232.436356
-217.149082 -320.294547 -232.020053
-218.799214 -321.345147 -231.603751
-220.449345 -322.395746 -231.187449
-222.099476 -323.446345 -230.771147
-223.749608 -324.496945 -230.354845
-225.399739 -325.547544 -229.938543
-227.049870 -326.598144 -229.522241
-228.700002 -327.648743 -229.105939
-230.350133 -328.699343 -228.689637
-232.000264 -329.749942 -228.273334
-233.650396 -330.800541 -227.857032
-235.300527 -331.851141 -227.440730
-236.950658 -332.901740 -227.024428
-238.600790 -333.952340 -226.608126
-240.250921 -335.002939 -226.191824
-241.901052 -336.053538 -225.775522
-243.551184 -337.104138 -225.359220
-245.201315 -338.154737 -224.942918
-246.851446 -339.205337 -224.526615
-248.501578 -340.255936 -224.110313
-250.151709 -341.306536 -223.694011
-251.801840 -342.357135 -223.277709
-253.451971 -343.407734 -222.861407
-255.102103 -344.458334 -222.445105
-256.752234 -345.508933 -222.028803
-258.402365 -346.559533 -221.612501
-260.052497 -347.610132 -221.196199
-261.702628 -348.660732 -220.779896
-263.352759 -349.711331 -220.363594
-265.002891 -350.761930 -219.947292
-266.653022 -351.812530 -219.530990
-268.303153 -352.863129 -219.114688
-269.953285 -353.913729 -218.698386
-271.603416 -354.964328 -218.282084
-273.253547 -356.014928 -217.865782
259.532963 -243.480523 -121.063092
260.507196 -244.999956 -120.201586
261.481430 -246.519389 -119.340080
262.455663 -248.038823 -118.478574
263.429897 -249.558256 -117.617068
264.404130 -251.077689 -116.755562
265.378363 -252.597122 -115.894057
266.352597 -254.116555 -115.032551
267.326830 -255.635988 -114.171045
268.301063 -257.155421 -113.309539
269.275297 -258.674854 -112.448033
270.249530 -260.194287 -111.586527
271.223763 -261.713720 -110.725021
272.197997 -263.233153 -109.863515
273.172230 -264.752587 -109.002009
274.146464 -266.272020 -108.140503
275.120697 -267.791453 -107.278998
276.094930 -269.310886 -106.417492
277.069164 -270.830319 -105.555986
278.043397 -272.349752 -104.694480
279.017630 -273.869185 -103.832974
279.991864 -275.388618 -102.971468
280.966097 -276.908051 -102.109962
281.940331 -278.427484 -101.248456
282.914564 -279.946918 -100.386950
283.888797 -281.466351 -99.525444
284.863031 -282.985784 -98.663938
285.837264 -284.505217 -97.802433
286.811497 -286.024650 -96.940927
287.785731 -287.544083 -96.079421
288.759964 -289.063516 -95.217915
289.734197 -290.582949 -94.356409
290.708431 -292.102382 -93.494903
291.682664 -293.621815 -92.633397
292.656898 -295.141248 -91.771891
293.631131 -296.660682 -90.910385
294.605364 -298.180115 -90.048879
295.579598 -299.699548 -89.187374
296.553831 -301.218981 -88.325868
297.528064 -302.738414 -87.464362
298.502298 -304.257847 -86.602856
299.476531 -305.777280 -85.741350
300.450764 -307.296713 -84.879844
301.424998 -308.816146 -84.018338
302.399231 -310.335579 -83.156832
303.373465 -311.855012 -82.295326
304.347698 -313.374446 -81.433820
305.321931 -314.893879 -80.572315
306.296165 -316.413312 -79.710809
307.270398 -317.932745 -78.849303
308.244631 -319.452178 -77.987797
309.218865 -320.971611 -77.126291
310.193098 -322.491044 -76.264785
311.167332 -324.010477 -75.403279
312.141565 -325.529910 -74.541773
313.115798 -327.049343 -73.680267
314.090032 -328.568777 -72.818761
315.064265 -330.088210 -71.957255
316.038498 -331.607643 -71.095750
317.012732 -333.127076 -70.234244
317.986965 -334.646509 -69.372738
318.961198 -336.165942 -68.511232
319.935432 -337.685375 -67.649726
320.909665 -339.204808 -66.788220
321.883899 -340.724241 -65.926714
322.858132 -342.243674 -65.065208
323.832365 -343.763107 -64.203702
324.806599 -345.282541 -63.342196
325.780832 -346.801974 -62.480691
326.755065 -348.321407 -61.619185
-234.061195 176.115890 -257.029102
-233.000371 176.886010 -258.539588
-231.939546 177.656129 -260.050073
-230.878721 178.426249 -261.560559
-229.817897 179.196368 -263.071045
-228.757072 179.966487 -264.581530
-227.696247 180.736607 -266.092016
-226.635423 181.506726 -267.602502
-225.574598 182.276846 -269.112988
-224.513773 183.046965 -270.623473
-223.452948 183.817084 -272.133959
-222.392124 184.587204 -273.644445
-221.331299 185.357323 -275.154930
-220.270474 186.127443 -276.665416
-219.209650 186.897562 -278.175902
-218.148825 187.667681 -279.686387
-217.088000 188.437801 -281.196873
-216.027176 189.207920 -282.707359
-214.966351 189.978040 -284.217845
-213.905526 190.748159 -285.728330
-212.844702 191.518279 -287.238816
-211.783877 192.288398 -288.749302
-210.723052 193.058517 -290.259787
-209.662228 193.828637 -291.770273
-208.601403 194.598756 -293.280759
-207.540578 195.368876 -294.791245
-206.479754 196.138995 -296.301730
-205.418929 196.909114 -297.812216
-204.358104 197.679234 -299.322702
-203.297279 198.449353 -300.833187
-202.236455 199.219473 -302.343673
-201.175630 199.989592 -303.854159
-200.114805 200.759711 -305.364645
-199.053981 201.529831 -306.875130
-197.993156 202.299950 -308.385616
-196.932331 203.070070 -309.896102
-195.871507 203.840189 -311.406587
-194.810682 204.610308 -312.917073
-193.749857 205.380428 -314.427559
-192.689033 206.150547 -315.938045
-191.628208 206.920667 -317.448530
-190.567383 207.690786 -318.959016
-189.506559 208.460906 -320.469502
-188.445734 209.231025 -321.979987
-187.384909 210.001144 -323.490473
-186.324084 210.771264 -325.000959
-185.263260 211.541383 -326.511445
-184.202435 212.311503 -328.021930
-183.141610 213.081622 -329.532416
-182.080786 213.851741 -331.042902
-181.019961 214.621861 -332.553387
-179.959136 215.391980 -334.063873
-178.898312 216.162100 -335.574359
-177.837487 216.932219 -337.084844
-176.776662 217.702338 -338.595330
-175.715838 218.472458 -340.105816
-174.655013 219.242577 -341.616302
-173.594188 220.012697 -343.126787
-172.533364 220.782816 -344.637273
-171.472539 221.552935 -346.147759
-170.411714 222.323055 -347.658244
-169.350890 223.093174 -349.168730
-168.290065 223.863294 -350.679216
-167.229240 224.633413 -352.189702
-166.168415 225.403533 -353.700187
-165.107591 226.173652 -355.210673
-164.046766 226.943771 -356.721159
-162.985941 227.713891 -358.231644
-161.925117 228.484010 -359.742130
-160.864292 229.254130 -361.252616
-57.495088 167.399717 56.707390
-55.998370 168.726298 56.702985
-54.501652 170.052879 56.698581
-53.004935 171.379460 56.694176
-51.508217 172.706040 56.689772
-50.011499 174.032621 56.685367
-48.514781 175.359202 56.680963
-47.018063 176.685782 56.676558
-45.521346 178.012363 56.672154
-44.024628 179.338944 56.667749
-42.527910 180.665525 56.663345
-41.031192 181.992105 56.658940
-39.534474 183.318686 56.654536
-38.037757 184.645267 56.650131
-36.541039 185.971848 56.645726
-35.044321 187.298428 56.641322
-33.547603 188.625009 56.636917
-32.050886 189.951590 56.632513
-30.554168 191.278171 56.628108
-29.057450 192.604751 56.623704
-27.560732 193.931332 56.619299
-26.064014 195.257913 56.614895
-24.567297 196.584494 56.610490
-23.070579 197.911074 56.606086
-21.573861 199.237655 56.601681
-20.077143 200.564236 56.597277
-18.580425 201.890816 56.592872
-17.083708 203.217397 56.588468
-15.586990 204.543978 56.584063
-14.090272 205.870559 56.579659
-12.593554 207.197139 56.575254
-11.096836 208.523720 56.570850
-9.600119 209.850301 56.566445
-8.103401 211.176882 56.562041
-6.606683 212.503462 56.557636
-5.109965 213.830043 56.553232
-3.613247 215.156624 56.548827
-2.116530 216.483205 56.544423
-0.619812 217.809785 56.540018
0.876906 219.136366 56.535614
2.373624 220.462947 56.531209
3.870341 221.789528 56.526805
5.367059 223.116108 56.522400
6.863777 224.442689 56.517996
8.360495 225.769270 56.513591
9.857213 227.095850 56.509187
11.353930 228.422431 56.504782
12.850648 229.749012 56.500377
14.347366 231.075593 56.495973
15.844084 232.402173 56.491568
17.340802 233.728754 56.487164
18.837519 235.055335 56.482759
20.334237 236.381916 56.478355
21.830955 237.708496 56.473950
23.327673 239.035077 56.469546
24.824391 240.361658 56.465141
26.321108 241.688239 56.460737
27.817826 243.014819 56.456332
29.314544 244.341400 56.451928
30.811262 245.667981 56.447523
32.307980 246.994562 56.443119
33.804697 248.321142 56.438714
35.301415 249.647723 56.434310
36.798133 250.974304 56.429905
38.294851 252.300885 56.425501
39.791568 253.627465 56.421096
41.288286 254.954046 56.416692
42.785004 256.280627 56.412287
44.281722 257.607207 56.407883
45.778440 258.933788 56.403478
207.388074 390.124823 316.480550
208.769260 388.700676 316.227312
210.150446 387.276529 315.974074
211.531632 385.852381 315.720836
212.912818 384.428234 315.467598
214.294004 383.004086 315.214360
215.675190 381.579939 314.961123
217.056376 380.155792 314.707885
218.437562 378.731644 314.454647
219.818748 377.307497 314.201409
221.199934 375.883349 313.948171
222.581120 374.459202 313.694933
223.962306 373.035055 313.441695
225.343492 371.610907 313.188457
226.724678 370.186760 312.935220
228.105864 368.762612 312.681982
229.487050 367.338465 312.428744
230.868236 365.914317 312.175506
232.249422 364.490170 311.922268
233.630608 363.066023 311.669030
235.011794 361.641875 311.415792
236.392980 360.217728 311.162554
237.774166 358.793580 310.909317
239.155352 357.369433 310.656079
240.536538 355.945286 310.402841
241.917724 354.521138 310.149603
243.298910 353.096991 309.896365
244.680096 351.672843 309.643127
246.061282 350.248696 309.389889
247.442468 348.824549 309.136651
248.823654 347.400401 308.883414
250.204840 345.976254 308.630176
251.586026 344.552106 308.376938
252.967212 343.127959 308.123700
254.348398 341.703812 307.870462
255.729584 340.279664 307.617224
257.110770 338.855517 307.363986
258.491956 337.431369 307.110748
259.873142 336.007222 306.857511
261.254328 334.583075 306.604273
262.635514 333.158927 306.351035
264.016700 331.734780 306.097797
265.397886 330.310632 305.844559
266.779071 328.886485 305.591321
268.160257 327.462338 305.338083
269.541443 326.038190 305.084845
270.922629 324.614043 304.831608
272.303815 323.189895 304.578370
273.685001 321.765748 304.325132
275.066187 320.341601 304.071894
276.447373 318.917453 303.818656
277.828559 317.493306 303.565418
279.209745 316.069158 303.312180
280.590931 314.645011 303.058942
281.972117 313.220864 302.805705
283.353303 311.796716 302.552467
284.734489 310.372569 302.299229
286.115675 308.948421 302.045991
287.496861 307.524274 301.792753
288.878047 306.100127 301.539515
290.259233 304.675979 301.286277
291.640419 303.251832 301.033039
293.021605 301.827684 300.779802
294.402791 300.403537 300.526564
295.783977 298.979389 300.273326
297.165163 297.555242 300.020088
298.546349 296.131095 299.766850
299.927535 294.706947 299.513612
301.308721 293.282800 299.260374
302.689907 291.858652 299.007136
94.473318 -49.348415 67.422136
95.795939 -50.258598 66.229558
97.118559 -51.168781 65.036979
98.441179 -52.078963 63.844400
99.763799 -52.989146 62.651822
101.086419 -53.899329 61.459243
102.409039 -54.809511 60.266664
103.731659 -55.719694 59.074086
105.054279 -56.629877 57.881507
106.376899 -57.540059 56.688929
107.699519 -58.450242 55.496350
109.022139 -59.360424 54.303771
110.344759 -60.270607 53.111193
111.667379 -61.180790 51.918614
112.989999 -62.090972 50.726035
114.312619 -63.001155 49.533457
115.635239 -63.911338 48.340878
116.957859 -64.821520 47.148299
118.280479 -65.731703 45.955721
119.603099 -66.641886 44.763142
120.925719 -67.552068 43.570564
122.248339 -68.462251 42.377985
123.570959 -69.372434 41.185406
124.893579 -70.282616 39.992828
126.216199 -71.192799 38.800249
127.538819 -72.102982 37.607670
128.861439 -73.013164 36.415092
130.184059 -73.923347 35.222513
131.506679 -74.833530 34.029935
132.829299 -75.743712 32.837356
134.151919 -76.653895 31.644777
135.474540 -77.564077 30.452199
136.797160 -78.474260 29.259620
138.119780 -79.384443 28.067041
139.442400 -80.294625 26.874463
140.765020 -81.204808 25.681884
142.087640 -82.114991 24.489305
143.410260 -83.025173 23.296727
144.732880 -83.935356 22.104148
146.055500 -84.845539 20.911570
147.378120 -85.755721 19.718991
148.700740 -86.665904 18.526412
150.023360 -87.576087 17.333834
151.345980 -88.486269 16.141255
152.668600 -89.396452 14.948676
153.991220 -90.306635 13.756098
155.313840 -91.216817 12.563519
156.636460 -92.127000 11.370941
157.959080 -93.037183 10.178362
159.281700 -93.947365 8.985783
160.604320 -94.857548 7.793205
161.926940 -95.767730 6.600626
163.249560 -96.677913 5.408047
164.572180 -97.588096 4.215469
165.894800 -98.498278 3.022890
167.217420 -99.408461 1.830312
168.540040 -100.318644 0.637733
169.862660 -101.228826 -0.554846
171.185280 -102.139009 -1.747424
172.507900 -103.049192 -2.940003
173.830521 -103.959374 -4.132582
175.153141 -104.869557 -5.325160
176.475761 -105.779740 -6.517739
177.798381 -106.689922 -7.710318
179.121001 -107.600105 -8.902896
180.443621 -108.510288 -10.095475
181.766241 -109.420470 -11.288053
183.088861 -110.330653 -12.480632
184.411481 -111.240835 -13.673211
185.734101 -112.151018 -14.865789
380.408632 278.289955 -283.013568
379.412060 279.107733 -284.542648
378.415489 279.925510 -286.071728
377.418918 280.743288 -287.600808
376.422346 281.561065 -289.129888
375.425775 282.378843 -290.658968
374.429203 283.196620 -292.188048
373.432632 284.014398 -293.717127
372.436060 284.832175 -295.246207
371.439489 285.649953 -296.775287
370.442918 286.467730 -298.304367
369.446346 287.285508 -299.833447
368.449775 288.103285 -301.362527
367.453203 288.921063 -302.891607
366.456632 289.738840 -304.420687
365.460060 290.556618 -305.949767
364.463489 291.374395 -307.478847
363.466918 292.192173 -309.007926
362.470346 293.009950 -310.537006
361.473775 293.827728 -312.066086
360.477203 294.645505 -313.595166
359.480632 295.463283 -315.124246
358.484060 296.281060 -316.653326
357.487489 297.098838 -318.182406
356.490918 297.916615 -319.711486
355.494346 298.734393 -321.240566
354.497775 299.552170 -322.769646
353.501203 300.369948 -324.298725
352.504632 301.187725 -325.827805
351.508061 302.005503 -327.356885
350.511489 302.823280 -328.885965
349.514918 303.641058 -330.415045
348.518346 304.458835 -331.944125
347.521775 305.276613 -333.473205
346.525203 306.094390 -335.002285
345.528632 306.912168 -336.531365
344.532061 307.729945 -338.060445
343.535489 308.547723 -339.589525
342.538918 309.365501 -341.118604
341.542346 310.183278 -342.647684
340.545775 311.001056 -344.176764
339.549203 311.818833 -345.705844
338.552632 312.636611 -347.234924
337.556061 313.454388 -348.764004
336.559489 314.272166 -350.293084
335.562918 315.089943 -351.822164
334.566346 315.907721 -353.351244
333.569775 316.725498 -354.880324
332.573203 317.543276 -356.409403
331.576632 318.361053 -357.938483
330.580061 319.178831 -359.467563
329.583489 319.996608 -360.996643
328.586918 320.814386 -362.525723
327.590346 321.632163 -364.054803
326.593775 322.449941 -365.583883
325.597203 323.267718 -367.112963
324.600632 324.085496 -368.642043
323.604061 324.903273 -370.171123
322.607489 325.721051 -371.700202
321.610918 326.538828 -373.229282
320.614346 327.356606 -374.758362
319.617775 328.174383 -376.287442
318.621203 328.992161 -377.816522
317.624632 329.809938 -379.345602
316.628061 330.627716 -380.874682
315.631489 331.445493 -382.403762
314.634918 332.263271 -383.932842
313.638346 333.081048 -385.461922
312.641775 333.898826 -386.991001
311.645203 334.716603 -388.520081
-244.019778 -52.643372 173.030924
-244.226823 -53.805554 174.645379
-244.433868 -54.967737 176.259833
-244.640914 -56.129919 177.874288
-244.847959 -57.292102 179.488742
-245.055004 -58.454285 181.103197
-245.262050 -59.616467 182.717652
-245.469095 -60.778650 184.332106
-245.676140 -61.940832 185.946561
-245.883185 -63.103015 187.561016
-246.090231 -64.265198 189.175470
-246.297276 -65.427380 190.789925
-246.504321 -66.589563 192.404380
-246.711367 -67.751746 194.018834
-246.918412 -68.913928 195.633289
-247.125457 -70.076111 197.247744
-247.332503 -71.238293 198.862198
-247.539548 -72.400476 200.476653
-247.746593 -73.562659 202.091108
-247.953638 -74.724841 203.705562
-248.160684 -75.887024 205.320017
-248.367729 -77.049207 206.934471
-248.574774 -78.211389 208.548926
-248.781820 -79.373572 210.163381
-248.988865 -80.535754 211.777835
-249.195910 -81.697937 213.392290
-249.402956 -82.860120 215.006745
-249.610001 -84.022302 216.621199
-249.817046 -85.184485 218.235654
-250.024091 -86.346668 219.850109
-250.231137 -87.508850 221.464563
-250.438182 -88.671033 223.079018
-250.645227 -89.833215 224.693473
-250.852273 -90.995398 226.307927
-251.059318 -92.157581 227.922382
-251.266363 -93.319763 229.536836
-251.473409 -94.481946 231.151291
-251.680454 -95.644128 232.765746
-251.887499 -96.806311 234.380200
-252.094544 -97.968494 235.994655
-252.301590 -99.130676 237.609110
-252.508635 -100.292859 239.223564
-252.715680 -101.455042 240.838019
-252.922726 -102.617224 242.452474
-253.129771 -103.779407 244.066928
-253.336816 -104.941589 245.681383
-253.543862 -106.103772 247.295838
-253.750907 -107.265955 248.910292
-253.957952 -108.428137 250.524747
-254.164997 -109.590320 252.139201
-254.372043 -110.752503 253.753656
-254.579088 -111.914685 255.368111
-254.786133 -113.076868 256.982565
-254.993179 -114.239050 258.597020
-255.200224 -115.401233 260.211475
-255.407269 -116.563416 261.825929
-255.614315 -117.725598 263.440384
-255.821360 -118.887781 265.054839
-256.028405 -120.049964 266.669293
-256.235451 -121.212146 268.283748
-256.442496 -122.374329 269.898203
-256.649541 -123.536511 271.512657
-256.856586 -124.698694 273.127112
-257.063632 -125.860877 274.741567
-257.270677 -127.023059 276.356021
-257.477722 -128.185242 277.970476
-257.684768 -129.347424 279.584930
-257.891813 -130.509607 281.199385
-258.098858 -131.671790 282.813840
-258.305904 -132.833972 284.428294
-266.861665 -140.947924 -234.183393
-267.280703 -139.071827 -234.735362
-267.699741 -137.195731 -235.287331
-268.118779 -135.319635 -235.839300
-268.537816 -133.443538 -236.391269
-268.956854 -131.567442 -236.943238
-269.375892 -129.691346 -237.495207
-269.794930 -127.815249 -238.047176
-270.213968 -125.939153 -238.599145
-270.633005 -124.063057 -239.151114
-271.052043 -122.186960 -239.703083
-271.471081 -120.310864 -240.255052
-271.890119 -118.434768 -240.807021
-272.309157 -116.558671 -241.358990
-272.728194 -114.682575 -241.910959
-273.147232 -112.806479 -242.462928
-273.566270 -110.930382 -243.014898
-273.985308 -109.054286 -243.566867
-274.404346 -107.178190 -244.118836
-274.823383 -105.302093 -244.670805
-275.242421 -103.425997 -245.222774
-275.661459 -101.549901 -245.774743
-276.080497 -99.673804 -246.326712
-276.499535 -97.797708 -246.878681
-276.918572 -95.921612 -247.430650
-277.337610 -94.045515 -247.982619
-277.756648 -92.169419 -248.534588
-278.175686 -90.293322 -249.086557
-278.594724 -88.417226 -249.638526
-279.013761 -86.541130 -250.190495
-279.432799 -84.665033 -250.742464
-279.851837 -82.788937 -251.294433
-280.270875 -80.912841 -251.846402
-280.689913 -79.036744 -252.398372
-281.108951 -77.160648 -252.950341
-281.527988 -75.284552 -253.502310
-281.947026 -73.408455 -254.054279
-282.366064 -71.532359 -254.606248
-282.785102 -69.656263 -255.158217
-283.204140 -67.780166 -255.710186
-283.623177 -65.904070 -256.262155
-284.042215 -64.027974 -256.814124
-284.461253 -62.151877 -257.366093
-284.880291 -60.275781 -257.918062
-285.299329 -58.399685 -258.470031
-285.718366 -56.523588 -259.022000
-286.137404 -54.647492 -259.573969
-286.556442 -52.771396 -260.125938
-286.975480 -50.895299 -260.677907
-287.394518 -49.019203 -261.229876
-287.813555 -47.143107 -261.781846
-288.232593 -45.267010 -262.333815
-288.651631 -43.390914 -262.885784
-289.070669 -41.514818 -263.437753
-289.489707 -39.638721 -263.989722
-289.908744 -37.762625 -264.541691
-290.327782 -35.886529 -265.093660
-290.746820 -34.010432 -265.645629
-291.165858 -32.134336 -266.197598
-291.584896 -30.258240 -266.749567
-292.003933 -28.382143 -267.301536
-292.422971 -26.506047 -267.853505
-292.842009 -24.629951 -268.405474
-293.261047 -22.753854 -268.957443
-293.680085 -20.877758 -269.509412
-294.099123 -19.001662 -270.061381
-294.518160 -17.125565 -270.613350
-294.937198 -15.249469 -271.165319
-295.356236 -13.373373 -271.717289
-295.775274 -11.497276 -272.269258
-72.894562 298.702284 -70.541517
-74.282744 297.282841 -70.782631
-75.670925 295.863399 -71.023745
-77.059106 294.443956 -71.264859
-78.447287 293.024514 -71.505973
-79.835469 291.605071 -71.747088
-81.223650 290.185629 -71.988202
-82.611831 288.766186 -72.229316
-84.000012 287.346744 -72.470430
-85.388193 285.927302 -72.711544
-86.776375 284.507859 -72.952659
-88.164556 283.088417 -73.193773
-89.552737 281.668974 -73.434887
-90.940918 280.249532 -73.676001
-92.329099 278.830089 -73.917115
-93.717281 277.410647 -74.158230
-95.105462 275.991204 -74.399344
-96.493643 274.571762 -74.640458
-97.881824 273.152319 -74.881572
-99.270006 271.732877 -75.122686
-100.658187 270.313435 -75.363801
-102.046368 268.893992 -75.604915
-103.434549 267.474550 -75.846029
-104.822730 266.055107 -76.087143
-106.210912 264.635665 -76.328257
-107.599093 263.216222 -76.569372
-108.987274 261.796780 -76.810486
-110.375455 260.377337 -77.051600
-111.763636 258.957895 -77.292714
-113.151818 257.538453 -77.533828
-114.539999 256.119010 -77.774943
-115.928180 254.699568 -78.016057
-117.316361 253.280125 -78.257171
-118.704542 251.860683 -78.498285
-120.092724 250.441240 -78.739399
-121.480905 249.021798 -78.980514
-122.869086 247.602355 -79.221628
-124.257267 246.182913 -79.462742
-125.645449 244.763470 -79.703856
-127.033630 243.344028 -79.944970
-128.421811 241.924586 -80.186085
-129.809992 240.505143 -80.427199
-131.198173 239.085701 -80.668313
-132.586355 237.666258 -80.909427
-133.974536 236.246816 -81.150541
-135.362717 234.827373 -81.391656
-136.750898 233.407931 -81.632770
-138.139079 231.988488 -81.873884
-139.527261 230.569046 -82.114998
-140.915442 229.149604 -82.356112
-142.303623 227.730161 -82.597227
-143.691804 226.310719 -82.838341
-145.079985 224.891276 -83.079455
-146.468167 223.471834 -83.320569
-147.856348 222.052391 -83.561683
-149.244529 220.632949 -83.802798
-150.632710 219.213506 -84.043912
-152.020892 217.794064 -84.285026
-153.409073 216.374621 -84.526140
-154.797254 214.955179 -84.767254
-156.185435 213.535737 -85.008369
-157.573616 212.116294 -85.249483
-158.961798 210.696852 -85.490597
-160.349979 209.277409 -85.731711
-161.738160 207.857967 -85.972825
-163.126341 206.438524 -86.213939
-164.514522 205.019082 -86.455054
-165.902704 203.599639 -86.696168
-167.290885 202.180197 -86.937282
-168.679066 200.760755 -87.178396
-86.504306 -115.185468 68.970303
-85.310997 -116.669214 68.358330
-84.117688 -118.152960 67.746358
-82.924378 -119.636706 67.134385
-81.731069 -121.120452 66.522412
-80.537760 -122.604198 65.910440
-79.344451 -124.087944 65.298467
-78.151141 -125.571690 64.686495
-76.957832 -127.055437 64.074522
-75.764523 -128.539183 63.462549
-74.571214 -130.022929 62.850577
-73.377904 -131.506675 62.238604
-72.184595 -132.990421 61.626632
-70.991286 -134.474167 61.014659
-69.797976 -135.957913 60.402687
-68.604667 -137.441660 59.790714
-67.411358 -138.925406 59.178741
-66.218049 -140.409152 58.566769
-65.024739 -141.892898 57.954796
-63.831430 -143.376644 57.342824
-62.638121 -144.860390 56.730851
-61.444812 -146.344136 56.118878
-60.251502 -147.827882 55.506906
-59.058193 -149.311629 54.894933
-57.864884 -150.795375 54.282961
-56.671575 -152.279121 53.670988
-55.478265 -153.762867 53.059015
-54.284956 -155.246613 52.447043
-53.091647 -156.730359 51.835070
-51.898338 -158.214105 51.223098
-50.705028 -159.697851 50.611125
-49.511719 -161.181598 49.999152
-48.318410 -162.665344 49.387180
-47.125101 -164.149090 48.775207
-45.931791 -165.632836 48.163235
-44.738482 -167.116582 47.551262
-43.545173 -168.600328 46.939289
-42.351864 -170.084074 46.327317
-41.158554 -171.567820 45.715344
-39.965245 -173.051567 45.103372
-38.771936 -174.535313 44.491399
-37.578627 -176.019059 43.879427
-36.385317 -177.502805 43.267454
-35.192008 -178.986551 42.655481
-33.998699 -180.470297 42.043509
-32.805390 -181.954043 41.431536
-31.612080 -183.437789 40.819564
-30.418771 -184.921536 40.207591
-29.225462 -186.405282 39.595618
-28.032153 -187.889028 38.983646
-26.838843 -189.372774 38.371673
-25.645534 -190.856520 37.759701
-24.452225 -192.340266 37.147728
-23.258916 -193.824012 36.535755
-22.065606 -195.307758 35.923783
-20.872297 -196.791505 35.311810
-19.678988 -198.275251 34.699838
-18.485679 -199.758997 34.087865
-17.292369 -201.242743 33.475892
-16.099060 -202.726489 32.863920
-14.905751 -204.210235 32.251947
-13.712441 -205.693981 31.639975
-12.519132 -207.177727 31.028002
-11.325823 -208.661474 30.416029
-10.132514 -210.145220 29.804057
-8.939204 -211.628966 29.192084
-7.745895 -213.112712 28.580112
-6.552586 -214.596458 27.968139
-5.359277 -216.080204 27.356167
-4.165967 -217.563950 26.744194
50.343534 187.909262 -6.140874
51.600228 187.070232 -7.451121
52.856923 186.231202 -8.761368
54.113618 185.392172 -10.071615
55.370313 184.553142 -11.381862
56.627007 183.714112 -12.692108
57.883702 182.875083 -14.002355
59.140397 182.036053 -15.312602
60.397092 181.197023 -16.622849
61.653787 180.357993 -17.933096
62.910481 179.518963 -19.243343
64.167176 178.679933 -20.553590
65.423871 177.840903 -21.863837
66.680566 177.001873 -23.174084
67.937261 176.162843 -24.484331
69.193955 175.323813 -25.794578
70.450650 174.484783 -27.104825
71.707345 173.645753 -28.415072
72.964040 172.806723 -29.725318
74.220734 171.967693 -31.035565
75.477429 171.128663 -32.345812
76.734124 170.289634 -33.656059
77.990819 169.450604 -34.966306
79.247514 168.611574 -36.276553
80.504208 167.772544 -37.586800
81.760903 166.933514 -38.897047
83.017598 166.094484 -40.207294
84.274293 165.255454 -41.517541
85.530987 164.416424 -42.827788
86.787682 163.577394 -44.138035
88.044377 162.738364 -45.448281
89.301072 161.899334 -46.758528
90.557767 161.060304 -48.068775
91.814461 160.221274 -49.379022
93.071156 159.382244 -50.689269
94.327851 158.543214 -51.999516
95.584546 157.704184 -53.309763
96.841240 156.865155 -54.620010
98.097935 156.026125 -55.930257
99.354630 155.187095 -57.240504
100.611325 154.348065 -58.550751
101.868020 153.509035 -59.860998
103.124714 152.670005 -61.171245
104.381409 151.830975 -62.481491
105.638104 150.991945 -63.791738
106.894799 150.152915 -65.101985
108.151494 149.313885 -66.412232
109.408188 148.474855 -67.722479
110.664883 147.635825 -69.032726
111.921578 146.796795 -70.342973
113.178273 145.957765 -71.653220
114.434967 145.118735 -72.963467
115.691662 144.279705 -74.273714
116.948357 143.440676 -75.583961
118.205052 142.601646 -76.894208
119.461747 141.762616 -78.204454
120.718441 140.923586 -79.514701
121.975136 140.084556 -80.824948
123.231831 139.245526 -82.135195
124.488526 138.406496 -83.445442
125.745220 137.567466 -84.755689
127.001915 136.728436 -86.065936
128.258610 135.889406 -87.376183
129.515305 135.050376 -88.686430
130.772000 134.211346 -89.996677
132.028694 133.372316 -91.306924
133.285389 132.533286 -92.617171
134.542084 131.694256 -93.927418
135.798779 130.855226 -95.237664
137.055473 130.016197 -96.547911
-5.399803 236.608279 55.142744
-3.800391 237.159127 54.075763
-2.200980 237.709976 53.008782
-0.601568 238.260824 51.941801
0.997844 238.811673 50.874821
2.597255 239.362521 49.807840
4.196667 239.913370 48.740859
5.796079 240.464218 47.673878
7.395491 241.015067 46.606897
8.994902 241.565915 45.539916
10.594314 242.116763 44.472935
12.193726 242.667612 43.405955
13.793137 243.218460 42.338974
15.392549 243.769309 41.271993
16.991961 244.320157 40.205012
18.591373 244.871006 39.138031
20.190784 245.421854 38.071050
21.790196 245.972703 37.004069
23.389608 246.523551 35.937089
24.989019 247.074400 34.870108
26.588431 247.625248 33.803127
28.187843 248.176097 32.736146
29.787255 248.726945 31.669165
31.386666 249.277793 30.602184
32.986078 249.828642 29.535203
34.585490 250.379490 28.468223
36.184901 250.930339 27.401242
37.784313 251.481187 26.334261
39.383725 252.032036 25.267280
40.983136 252.582884 24.200299
42.582548 253.133733 23.133318
44.181960 253.684581 22.066337
45.781372 254.235430 20.999357
47.380783 254.786278 19.932376
48.980195 255.337127 18.865395
50.579607 255.887975 17.798414
52.179018 256.438824 16.731433
53.778430 256.989672 15.664452
55.377842 257.540520 14.597471
56.977254 258.091369 13.530491
58.576665 258.642217 12.463510
60.176077 259.193066 11.396529
61.775489 259.743914 10.329548
63.374900 260.294763 9.262567
64.974312 260.845611 8.195586
66.573724 261.396460 7.128605
68.173136 261.947308 6.061625
69.772547 262.498157 4.994644
71.371959 263.049005 3.927663
72.971371 263.599854 2.860682
74.570782 264.150702 1.793701
76.170194 264.701551 0.726720
77.769606 265.252399 -0.340261
79.369018 265.803247 -1.407241
80.968429 266.354096 -2.474222
82.567841 266.904944 -3.541203
84.167253 267.455793 -4.608184
85.766664 268.006641 -5.675165
87.366076 268.557490 -6.742146
88.965488 269.108338 -7.809127
90.564899 269.659187 -8.876107
92.164311 270.210035 -9.943088
93.763723 270.760884 -11.010069
95.363135 271.311732 -12.077050
96.962546 271.862581 -13.144031
98.561958 272.413429 -14.211012
100.161370 272.964277 -15.277993
101.760781 273.515126 -16.344973
103.360193 274.065974 -17.411954
104.959605 274.616823 -18.478935
-77.154048 209.450306 78.792761
-75.914292 210.405820 77.547771
-74.674536 211.361334 76.302782
-73.434781 212.316848 75.057792
-72.195025 213.272362 73.812802
-70.955269 214.227876 72.567813
-69.715514 215.183389 71.322823
-68.475758 216.138903 70.077834
-67.236002 217.094417 68.832844
-65.996247 218.049931 67.587854
-64.756491 219.005445 66.342865
-63.516735 219.960959 65.097875
-62.276979 220.916473 63.852886
-61.037224 221.871986 62.607896
-59.797468 222.827500 61.362906
-58.557712 223.783014 60.117917
-57.317957 224.738528 58.872927
-56.078201 225.694042 57.627938
-54.838445 226.649556 56.382948
-53.598690 227.605069 55.137958
-52.358934 228.560583 53.892969
-51.119178 229.516097 52.647979
-49.879422 230.471611 51.402990
-48.639667 231.427125 50.158000
-47.399911 232.382639 48.913010
-46.160155 233.338152 47.668021
-44.920400 234.293666 46.423031
-43.680644 235.249180 45.178042
-42.440888 236.204694 43.933052
-41.201133 237.160208 42.688062
-39.961377 238.115722 41.443073
-38.721621 239.071235 40.198083
-37.481865 240.026749 38.953094
-36.242110 240.982263 37.708104
-35.002354 241.937777 36.463114
-33.762598 242.893291 35.218125
-32.522843 243.848805 33.973135
-31.283087 244.804318 32.728146
-30.043331 245.759832 31.483156
-28.803576 246.715346 30.238166
-27.563820 247.670860 28.993177
-26.324064 248.626374 27.748187
-25.084308 249.581888 26.503198
-23.844553 250.537401 25.258208
-22.604797 251.492915 24.013218
-21.365041 252.448429 22.768229
-20.125286 253.403943 21.523239
-18.885530 254.359457 20.278250
-17.645774 255.314971 19.033260
-16.406019 256.270485 17.788270
-15.166263 257.225998 16.543281
-13.926507 258.181512 15.298291
-12.686751 259.137026 14.053301
-11.446996 260.092540 12.808312
-10.207240 261.048054 11.563322
-8.967484 262.003568 10.318333
-7.727729 262.959081 9.073343
-6.487973 263.914595 7.828353
-5.248217 264.870109 6.583364
-4.008462 265.825623 5.338374
-2.768706 266.781137 4.093385
-1.528950 267.736651 2.848395
-0.289194 268.692164 1.603405
0.950561 269.647678 0.358416
2.190317 270.603192 -0.886574
3.430073 271.558706 -2.131563
4.669828 272.514220 -3.376553
5.909584 273.469734 -4.621543
7.149340 274.425247 -5.866532
8.389095 275.380761 -7.111522
282.124387 91.170778 389.955258
282.037551 90.554236 388.054644
281.950715 89.937694 386.154029
281.863879 89.321153 384.253415
281.777043 88.704611 382.352800
281.690208 88.088069 380.452185
281.603372 87.471528 378.551571
281.516536 86.854986 376.650956
281.429700 86.238445 374.750341
281.342864 85.621903 372.849727
281.256028 85.005361 370.949112
281.169193 84.388820 369.048498
281.082357 83.772278 367.147883
280.995521 83.155736 365.247268
280.908685 82.539195 363.346654
280.821849 81.922653 361.446039
280.735013 81.306112 359.545424
280.648178 80.689570 357.644810
280.561342 80.073028 355.744195
280.474506 79.456487 353.843580
280.387670 78.839945 351.942966
280.300834 78.223403 350.042351
280.213998 77.606862 348.141737
280.127163 76.990320 346.241122
280.040327 76.373779 344.340507
279.953491 75.757237 342.439893
279.866655 75.140695 340.539278
279.779819 74.524154 338.638663
279.692983 73.907612 336.738049
279.606148 73.291070 334.837434
279.519312 72.674529 332.936820
279.432476 72.057987 331.036205
279.345640 71.441445 329.135590
279.258804 70.824904 327.234976
279.171968 70.208362 325.334361
279.085133 69.591821 323.433746
278.998297 68.975279 321.533132
278.911461 68.358737 319.632517
278.824625 67.742196 317.731903
278.737789 67.125654 315.831288
278.650953 66.509112 313.930673
278.564118 65.892571 312.030059
278.477282 65.276029 310.129444
278.390446 64.659488 308.228829
278.303610 64.042946 306.328215
278.216774 63.426404 304.427600
278.129938 62.809863 302.526986
278.043103 62.193321 300.626371
277.956267 61.576779 298.725756
277.869431 60.960238 296.825142
277.782595 60.343696 294.924527
277.695759 59.727155 293.023912
277.608923 59.110613 291.123298
277.522088 58.494071 289.222683
277.435252 57.877530 287.322069
277.348416 57.260988 285.421454
277.261580 56.644446 283.520839
277.174744 56.027905 281.620225
277.087908 55.411363 279.719610
277.001073 54.794822 277.818995
276.914237 54.178280 275.918381
276.827401 53.561738 274.017766
276.740565 52.945197 272.117152
276.653729 52.328655 270.216537
276.566893 51.712113 268.315922
276.480058 51.095572 266.415308
276.393222 50.479030 264.514693
276.306386 49.862488 262.614078
276.219550 49.245947 260.713464
276.132714 48.629405 258.812849
204.634560 328.696721 305.160554
205.801884 329.589903 303.804242
206.969208 330.483085 302.447931
208.136531 331.376267 301.091619
209.303855 332.269449 299.735307
210.471178 333.162631 298.378995
211.638502 334.055812 297.022683
212.805826 334.948994 295.666371
213.973149 335.842176 294.310059
215.140473 336.735358 292.953747
216.307796 337.628540 291.597436
217.475120 338.521722 290.241124
218.642443 339.414903 288.884812
219.809767 340.308085 287.528500
220.977091 341.201267 286.172188
222.144414 342.094449 284.815876
223.311738 342.987631 283.459564
224.479061 343.880813 282.103253
225.646385 344.773994 280.746941
226.813708 345.667176 279.390629
227.981032 346.560358 278.034317
229.148356 347.453540 276.678005
230.315679 348.346722 275.321693
231.483003 349.239904 273.965381
232.650326 350.133085 272.609070
233.817650 351.026267 271.252758
234.984974 351.919449 269.896446
236.152297 352.812631 268.540134
237.319621 353.705813 267.183822
238.486944 354.598995 265.827510
239.654268 355.492176 264.471198
240.821591 356.385358 263.114886
241.988915 357.278540 261.758575
243.156239 358.171722 260.402263
244.323562 359.064904 259.045951
245.490886 359.958086 257.689639
246.658209 360.851267 256.333327
247.825533 361.744449 254.977015
248.992856 362.637631 253.620703
250.160180 363.530813 252.264392
251.327504 364.423995 250.908080
252.494827 365.317177 249.551768
253.662151 366.210358 248.195456
254.829474 367.103540 246.839144
255.996798 367.996722 245.482832
257.164121 368.889904 244.126520
258.331445 369.783086 242.770208
259.498769 370.676268 241.413897
260.666092 371.569449 240.057585
261.833416 372.462631 238.701273
263.000739 373.355813 237.344961
264.168063 374.248995 235.988649
265.335387 375.142177 234.632337
266.502710 376.035359 233.276025
267.670034 376.928540 231.919714
268.837357 377.821722 230.563402
270.004681 378.714904 229.207090
271.172004 379.608086 227.850778
272.339328 380.501268 226.494466
273.506652 381.394450 225.138154
274.673975 382.287631 223.781842
275.841299 383.180813 222.425530
277.008622 384.073995 221.069219
278.175946 384.967177 219.712907
279.343269 385.860359 218.356595
280.510593 386.753541 217.000283
281.677917 387.646722 215.643971
282.845240 388.539904 214.287659
284.012564 389.433086 212.931347
285.179887 390.326268 211.575036
-34.901811 227.078572 347.045073
-35.740239 225.726842 345.832694
-36.578668 224.375111 344.620316
-37.417097 223.023380 343.407938
-38.255525 221.671649 342.195559
-39.093954 220.319918 340.983181
-39.932383 218.968188 339.770803
-40.770811 217.616457 338.558424
-41.609240 216.264726 337.346046
-42.447669 214.912995 336.133668
-43.286098 213.561264 334.921290
-44.124526 212.209534 333.708911
-44.962955 210.857803 332.496533
-45.801384 209.506072 331.284155
-46.639812 208.154341 330.071776
-47.478241 206.802610 328.859398
-48.316670 205.450880 327.647020
-49.155098 204.099149 326.434641
-49.993527 202.747418 325.222263
-50.831956 201.395687 324.009885
-51.670384 200.043956 322.797506
-52.508813 198.692225 321.585128
-53.347242 197.340495 320.372750
-54.185671 195.988764 319.160372
-55.024099 194.637033 317.947993
-55.862528 193.285302 316.735615
-56.700957 191.933571 315.523237
-57.539385 190.581841 314.310858
-58.377814 189.230110 313.098480
-59.216243 187.878379 311.886102
-60.054671 186.526648 310.673723
-60.893100 185.174917 309.461345
-61.731529 183.823187 308.248967
-62.569958 182.471456 307.036588
-63.408386 181.119725 305.824210
-64.246815 179.767994 304.611832
-65.085244 178.416263 303.399454
-65.923672 177.064533 302.187075
-66.762101 175.712802 300.974697
-67.600530 174.361071 299.762319
-68.438958 173.009340 298.549940
-69.277387 171.657609 297.337562
-70.115816 170.305879 296.125184
-70.954244 168.954148 294.912805
-71.792673 167.602417 293.700427
-72.631102 166.250686 292.488049
-73.469531 164.898955 291.275670
-74.307959 163.547225 290.063292
-75.146388 162.195494 288.850914
-75.984817 160.843763 287.638536
-76.823245 159.492032 286.426157
-77.661674 158.140301 285.213779
-78.500103 156.788571 284.001401
-79.338531 155.436840 282.789022
-80.176960 154.085109 281.576644
-81.015389 152.733378 280.364266
-81.853818 151.381647 279.151887
-82.692246 150.029917 277.939509
-83.530675 148.678186 276.727131
-84.369104 147.326455 275.514752
-85.207532 145.974724 274.302374
-86.045961 144.622993 273.089996
-86.884390 143.271263 271.877618
-87.722818 141.919532 270.665239
-88.561247 140.567801 269.452861
-89.399676 139.216070 268.240483
-90.238104 137.864339 267.028104
-91.076533 136.512609 265.815726
-91.914962 135.160878 264.603348
-92.753391 133.809147 263.390969
222.471872 -157.687896 -8.916716
222.353680 -159.171060 -10.253224
222.235488 -160.654224 -11.589733
222.117297 -162.137389 -12.926241
221.999105 -163.620553 -14.262750
221.880914 -165.103717 -15.599258
221.762722 -166.586881 -16.935767
221.644530 -168.070045 -18.272275
221.526339 -169.553209 -19.608784
221.408147 -171.036373 -20.945292
221.289956 -172.519537 -22.281801
221.171764 -174.002702 -23.618309
221.053572 -175.485866 -24.954818
220.935381 -176.969030 -26.291326
220.817189 -178.452194 -27.627835
220.698997 -179.935358 -28.964343
220.580806 -181.418522 -30.300851
220.462614 -182.901686 -31.637360
220.344423 -184.384851 -32.973868
220.226231 -185.868015 -34.310377
220.108039 -187.351179 -35.646885
219.989848 -188.834343 -36.983394
219.871656 -190.317507 -38.319902
219.753465 -191.800671 -39.656411
219.635273 -193.283835 -40.992919
219.517081 -194.766999 -42.329428
219.398890 -196.250164 -43.665936
219.280698 -197.733328 -45.002445
219.162507 -199.216492 -46.338953
219.044315 -200.699656 -47.675462
218.926123 -202.182820 -49.011970
218.807932 -203.665984 -50.348479
218.689740 -205.149148 -51.684987
218.571548 -206.632312 -53.021496
218.453357 -208.115477 -54.358004
218.335165 -209.598641 -55.694513
218.216974 -211.081805 -57.031021
218.098782 -212.564969 -58.367529
217.980590 -214.048133 -59.704038
217.862399 -215.531297 -61.040546
217.744207 -217.014461 -62.377055
217.626016 -218.497625 -63.713563
217.507824 -219.980790 -65.050072
217.389632 -221.463954 -66.386580
217.271441 -222.947118 -67.723089
217.153249 -224.430282 -69.059597
217.035057 -225.913446 -70.396106
216.916866 -227.396610 -71.732614
216.798674 -228.879774 -73.069123
216.680483 -230.362939 -74.405631
216.562291 -231.846103 -75.742140
216.444099 -233.329267 -77.078648
216.325908 -234.812431 -78.415157
216.207716 -236.295595 -79.751665
216.089525 -237.778759 -81.088174
215.971333 -239.261923 -82.424682
215.853141 -240.745087 -83.761191
215.734950 -242.228252 -85.097699
215.616758 -243.711416 -86.434207
215.498567 -245.194580 -87.770716
215.380375 -246.677744 -89.107224
215.262183 -248.160908 -90.443733
215.143992 -249.644072 -91.780241
215.025800 -251.127236 -93.116750
214.907608 -252.610400 -94.453258
214.789417 -254.093565 -95.789767
214.671225 -255.576729 -97.126275
214.553034 -257.059893 -98.462784
214.434842 -258.543057 -99.799292
214.316650 -260.026221 -101.135801
-57.589206 -25.196834 -19.201986
-57.920828 -26.215765 -17.513257
-58.252451 -27.234696 -15.824528
-58.584074 -28.253627 -14.135799
-58.915697 -29.272557 -12.447070
-59.247319 -30.291488 -10.758340
-59.578942 -31.310419 -9.069611
-59.910565 -32.329350 -7.380882
-60.242188 -33.348281 -5.692153
-60.573810 -34.367212 -4.003424
-60.905433 -35.386143 -2.314694
-61.237056 -36.405073 -0.625965
-61.568679 -37.424004 1.062764
-61.900302 -38.442935 2.751493
-62.231924 -39.461866 4.440222
-62.563547 -40.480797 6.128951
-62.895170 -41.499728 7.817681
-63.226793 -42.518658 9.506410
-63.558415 -43.537589 11.195139
-63.890038 -44.556520 12.883868
-64.221661 -45.575451 14.572597
-64.553284 -46.594382 16.261327
-64.884906 -47.613313 17.950056
-65.216529 -48.632244 19.638785
-65.548152 -49.651174 21.327514
-65.879775 -50.670105 23.016243
-66.211398 -51.689036 24.704972
-66.543020 -52.707967 26.393702
-66.874643 -53.726898 28.082431
-67.206266 -54.745829 29.771160
-67.537889 -55.764760 31.459889
-67.869511 -56.783690 33.148618
-68.201134 -57.802621 34.837348
-68.532757 -58.821552 36.526077
-68.864380 -59.840483 38.214806
-69.196002 -60.859414 39.903535
-69.527625 -61.878345 41.592264
-69.859248 -62.897275 43.280994
-70.190871 -63.916206 44.969723
-70.522494 -64.935137 46.658452
-70.854116 -65.954068 48.347181
-71.185739 -66.972999 50.035910
-71.517362 -67.991930 51.724639
-71.848985 -69.010861 53.413369
-72.180607 -70.029791 55.102098
-72.512230 -71.048722 56.790827
-72.843853 -72.067653 58.479556
-73.175476 -73.086584 60.168285
-73.507098 -74.105515 61.857015
-73.838721 -75.124446 63.545744
-74.170344 -76.143376 65.234473
-74.501967 -77.162307 66.923202
-74.833590 -78.181238 68.611931
-75.165212 -79.200169 70.300661
-75.496835 -80.219100 71.989390
-75.828458 -81.238031 73.678119
-76.160081 -82.256962 75.366848
-76.491703 -83.275892 77.055577
-76.823326 -84.294823 78.744306
-77.154949 -85.313754 80.433036
-77.486572 -86.332685 82.121765
-77.818194 -87.351616 83.810494
-78.149817 -88.370547 85.499223
-78.481440 -89.389478 87.187952
-78.813063 -90.408408 88.876682
-79.144686 -91.427339 90.565411
-79.476308 -92.446270 92.254140
-79.807931 -93.465201 93.942869
-80.139554 -94.484132 95.631598
-80.471177 -95.503063 97.320327
111.149501 -28.573403 318.841914
110.449253 -27.528439 317.287017
109.749005 -26.483476 315.732120
109.048756 -25.438513 314.177223
108.348508 -24.393550 312.622326
107.648260 -23.348587 311.067429
106.948012 -22.303624 309.512532
106.247764 -21.258661 307.957635
105.547515 -20.213697 306.402738
104.847267 -19.168734 304.847841
104.147019 -18.123771 303.292944
103.446771 -17.078808 301.738047
102.746523 -16.033845 300.183150
102.046274 -14.988882 298.628253
101.346026 -13.943919 297.073357
100.645778 -12.898956 295.518460
99.945530 -11.853992 293.963563
99.245282 -10.809029 292.408666
98.545033 -9.764066 290.853769
97.844785 -8.719103 289.298872
97.144537 -7.674140 287.743975
96.444289 -6.629177 286.189078
95.744041 -5.584214 284.634181
95.043792 -4.539250 283.079284
94.343544 -3.494287 281.524387
93.643296 -2.449324 279.969490
92.943048 -1.404361 278.414593
92.242800 -0.359398 276.859696
91.542552 0.685565 275.304799
90.842303 1.730528 273.749902
90.142055 2.775492 272.195005
89.441807 3.820455 270.640108
88.741559 4.865418 269.085212
88.041311 5.910381 267.530315
87.341062 6.955344 265.975418
86.640814 8.000307 264.420521
85.940566 9.045270 262.865624
85.240318 10.090234 261.310727
84.540070 11.135197 259.755830
83.839821 12.180160 258.200933
83.139573 13.225123 256.646036
82.439325 14.270086 255.091139
81.739077 15.315049 253.536242
81.038829 16.360012 251.981345
80.338580 17.404976 250.426448
79.638332 18.449939 248.871551
78.938084 19.494902 247.316654
78.237836 20.539865 245.761757
77.537588 21.584828 244.206860
76.837339 22.629791 242.651964
76.137091 23.674754 241.097067
75.436843 24.719717 239.542170
74.736595 25.764681 237.987273
74.036347 26.809644 236.432376
73.336098 27.854607 234.877479
72.635850 28.899570 233.322582
71.935602 29.944533 231.767685
71.235354 30.989496 230.212788
70.535106 32.034459 228.657891
69.834857 33.079423 227.102994
69.134609 34.124386 225.548097
68.434361 35.169349 223.993200
67.734113 36.214312 222.438303
67.033865 37.259275 220.883406
66.333616 38.304238 219.328509
65.633368 39.349201 217.773612
64.933120 40.394165 216.218715
64.232872 41.439128 214.663819
63.532624 42.484091 213.108922
62.832375 43.529054 211.554025
-13.341627 -157.543376 -309.248229
-13.049952 -155.993390 -310.478055
-12.758278 -154.443404 -311.707880
-12.466603 -152.893419 -312.937705
-12.174928 -151.343433 -314.167531
-11.883254 -149.793447 -315.397356
-11.591579 -148.243462 -316.627181
-11.299905 -146.693476 -317.857007
-11.008230 -145.143490 -319.086832
-10.716555 -143.593505 -320.316657
-10.424881 -142.043519 -321.546483
-10.133206 -140.493533 -322.776308
-9.841531 -138.943548 -324.006133
-9.549857 -137.393562 -325.235959
-9.258182 -135.843576 -326.465784
-8.966508 -134.293591 -327.695609
-8.674833 -132.743605 -328.925435
-8.383158 -131.193619 -330.155260
-8.091484 -129.643634 -331.385085
-7.799809 -128.093648 -332.614911
-7.508134 -126.543662 -333.844736
-7.216460 -124.993677 -335.074561
-6.924785 -123.443691 -336.304387
-6.633110 -121.893705 -337.534212
-6.341436 -120.343720 -338.764037
-6.049761 -118.793734 -339.993863
-5.758087 -117.243748 -341.223688
-5.466412 -115.693763 -342.453513
-5.174737 -114.143777 -343.683339
-4.883063 -112.593791 -344.913164
-4.591388 -111.043806 -346.142989
-4.299713 -109.493820 -347.372815
-4.008039 -107.943834 -348.602640
-3.716364 -106.393849 -349.832465
-3.424689 -104.843863 -351.062291
-3.133015 -103.293877 -352.292116
-2.841340 -101.743892 -353.521941
-2.549666 -100.193906 -354.751767
-2.257991 -98.643920 -355.981592
-1.966316 -97.093935 -357.211417
-1.674642 -95.543949 -358.441243
-1.382967 -93.993963 -359.671068
-1.091292 -92.443978 -360.900893
-0.799618 -90.893992 -362.130719
-0.507943 -89.344006 -363.360544
-0.216268 -87.794021 -364.590369
0.075406 -86.244035 -365.820195
0.367081 -84.694049 -367.050020
0.658755 -83.144064 -368.279845
0.950430 -81.594078 -369.509671
1.242105 -80.044092 -370.739496
1.533779 -78.494107 -371.969321
1.825454 -76.944121 -373.199147
2.117129 -75.394135 -374.428972
2.408803 -73.844150 -375.658797
2.700478 -72.294164 -376.888622
2.992153 -70.744178 -378.118448
3.283827 -69.194193 -379.348273
3.575502 -67.644207 -380.578098
3.867176 -66.094221 -381.807924
4.158851 -64.544236 -383.037749
4.450526 -62.994250 -384.267574
4.742200 -61.444264 -385.497400
5.033875 -59.894279 -386.727225
5.325550 -58.344293 -387.957050
5.617224 -56.794307 -389.186876
5.908899 -55.244322 -390.416701
6.200574 -53.694336 -391.646526
6.492248 -52.144350 -392.876352
6.783923 -50.594365 -394.106177
363.397962 36.409356 -213.067685
363.612688 38.342832 -213.531974
363.827415 40.276307 -213.996263
364.042142 42.209783 -214.460552
364.256869 44.143258 -214.924842
364.471595 46.076734 -215.389131
364.686322 48.010210 -215.853420
364.901049 49.943685 -216.317709
365.115776 51.877161 -216.781998
365.330503 53.810637 -217.246287
365.545229 55.744112 -217.710576
365.759956 57.677588 -218.174865
365.974683 59.611064 -218.639155
366.189410 61.544539 -219.103444
366.404136 63.478015 -219.567733
366.618863 65.411490 -220.032022
366.833590 67.344966 -220.496311
367.048317 69.278442 -220.960600
367.263043 71.211917 -221.424889
367.477770 73.145393 -221.889178
367.692497 75.078869 -222.353467
367.907224 77.012344 -222.817757
368.121951 78.945820 -223.282046
368.336677 80.879296 -223.746335
368.551404 82.812771 -224.210624
368.766131 84.746247 -224.674913
368.980858 86.679722 -225.139202
369.195584 88.613198 -225.603491
369.410311 90.546674 -226.067780
369.625038 92.480149 -226.532070
369.839765 94.413625 -226.996359
370.054491 96.347101 -227.460648
370.269218 98.280576 -227.924937
370.483945 100.214052 -228.389226
370.698672 102.147527 -228.853515
370.913399 104.081003 -229.317804
371.128125 106.014479 -229.782093
371.342852 107.947954 -230.246383
371.557579 109.881430 -230.710672
371.772306 111.814906 -231.174961
371.987032 113.748381 -231.639250
372.201759 115.681857 -232.103539
372.416486 117.615333 -232.567828
372.631213 119.548808 -233.032117
372.845939 121.482284 -233.496406
373.060666 123.415759 -233.960696
373.275393 125.349235 -234.424985
373.490120 127.282711 -234.889274
373.704847 129.216186 -235.353563
373.919573 131.149662 -235.817852
374.134300 133.083138 -236.282141
374.349027 135.016613 -236.746430
374.563754 136.950089 -237.210719
374.778480 138.883565 -237.675009
374.993207 140.817040 -238.139298
375.207934 142.750516 -238.603587
375.422661 144.683991 -239.067876
375.637387 146.617467 -239.532165
375.852114 148.550943 -239.996454
376.066841 150.484418 -240.460743
376.281568 152.417894 -240.925032
376.496295 154.351370 -241.389321
376.711021 156.284845 -241.853611
376.925748 158.218321 -242.317900
377.140475 160.151796 -242.782189
377.355202 162.085272 -243.246478
377.569928 164.018748 -243.710767
377.784655 165.952223 -244.175056
377.999382 167.885699 -244.639345
378.214109 169.819175 -245.103634
49.964833 399.986889 232.168248
48.123511 399.208089 232.223037
46.282189 398.429288 232.277826
44.440866 397.650488 232.332615
42.599544 396.871687 232.387404
40.758222 396.092887 232.442194
38.916899 395.314086 232.496983
37.075577 394.535285 232.551772
35.234255 393.756485 232.606561
33.392933 392.977684 232.661350
31.551610 392.198884 232.716139
29.710288 391.420083 232.770928
27.868966 390.641283 232.825717
26.027643 389.862482 232.880506
24.186321 389.083681 232.935295
22.344999 388.304881 232.990085
20.503676 387.526080 233.044874
18.662354 386.747280 233.099663
16.821032 385.968479 233.154452
14.979710 385.189679 233.209241
13.138387 384.410878 233.264030
11.297065 383.632077 233.318819
9.455743 382.853277 233.373608
7.614420 382.074476 233.428397
5.773098 381.295676 233.483187
3.931776 380.516875 233.537976
2.090453 379.738075 233.592765
0.249131 378.959274 233.647554
-1.592191 378.180473 233.702343
-3.433513 377.401673 233.757132
-5.274836 376.622872 233.811921
-7.116158 375.844072 233.866710
-8.957480 375.065271 233.921499
-10.798803 374.286471 233.976288
-12.640125 373.507670 234.031078
-14.481447 372.728869 234.085867
-16.322770 371.950069 234.140656
-18.164092 371.171268 234.195445
-20.005414 370.392468 234.250234
-21.846736 369.613667 234.305023
-23.688059 368.834867 234.359812
-25.529381 368.056066 234.414601
-27.370703 367.277265 234.469390
-29.212026 366.498465 234.524180
-31.053348 365.719664 234.578969
-32.894670 364.940864 234.633758
-34.735993 364.162063 234.688547
-36.577315 363.383263 234.743336
-38.418637 362.604462 234.798125
-40.259960 361.825661 234.852914
-42.101282 361.046861 234.907703
-43.942604 360.268060 234.962492
-45.783926 359.489260 235.017281
-47.625249 358.710459 235.072071
-49.466571 357.931659 235.126860
-51.307893 357.152858 235.181649
-53.149216 356.374057 235.236438
-54.990538 355.595257 235.291227
-56.831860 354.816456 235.346016
-58.673183 354.037656 235.400805
-60.514505 353.258855 235.455594
-62.355827 352.480054 235.510383
-64.197149 351.701254 235.565173
-66.038472 350.922453 235.619962
-67.879794 350.143653 235.674751
-69.721116 349.364852 235.729540
-71.562439 348.586052 235.784329
-73.403761 347.807251 235.839118
-75.245083 347.028450 235.893907
-77.086406 346.249650 235.948696
-351.959593 165.507691 180.470555
-350.175146 166.353498 180.153760
-348.390699 167.199304 179.836964
-346.606252 168.045111 179.520169
-344.821804 168.890918 179.203373
-343.037357 169.736724 178.886578
-341.252910 170.582531 178.569783
-339.468463 171.428338 178.252987
-337.684016 172.274144 177.936192
-335.899569 173.119951 177.619396
-334.115121 173.965758 177.302601
-332.330674 174.811565 176.985806
-330.546227 175.657371 176.669010
-328.761780 176.503178 176.352215
-326.977333 177.348985 176.035419
-325.192886 178.194791 175.718624
-323.408438 179.040598 175.401829
-321.623991 179.886405 175.085033
-319.839544 180.732212 174.768238
-318.055097 181.578018 174.451443
-316.270650 182.423825 174.134647
-314.486203 183.269632 173.817852
-312.701755 184.115438 173.501056
-310.917308 184.961245 173.184261
-309.132861 185.807052 172.867466
-307.348414 186.652859 172.550670
-305.563967 187.498665 172.233875
-303.779520 188.344472 171.917079
-301.995072 189.190279 171.600284
-300.210625 190.036085 171.283489
-298.426178 190.881892 170.966693
-296.641731 191.727699 170.649898
-294.857284 192.573505 170.333103
-293.072837 193.419312 170.016307
-291.288389 194.265119 169.699512
-289.503942 195.110926 169.382716
-287.719495 195.956732 169.065921
-285.935048 196.802539 168.749126
-284.150601 197.648346 168.432330
-282.366154 198.494152 168.115535
-280.581706 199.339959 167.798739
-278.797259 200.185766 167.481944
-277.012812 201.031573 167.165149
-275.228365 201.877379 166.848353
-273.443918 202.723186 166.531558
-271.659470 203.568993 166.214762
-269.875023 204.414799 165.897967
-268.090576 205.260606 165.581172
-266.306129 206.106413 165.264376
-264.521682 206.952220 164.947581
-262.737235 207.798026 164.630786
-260.952787 208.643833 164.313990
-259.168340 209.489640 163.997195
-257.383893 210.335446 163.680399
-255.599446 211.181253 163.363604
-253.814999 212.027060 163.046809
-252.030552 212.872866 162.730013
-250.246104 213.718673 162.413218
-248.461657 214.564480 162.096422
-246.677210 215.410287 161.779627
-244.892763 216.256093 161.462832
-243.108316 217.101900 161.146036
-241.323869 217.947707 160.829241
-239.539421 218.793513 160.512446
-237.754974 219.639320 160.195650
-235.970527 220.485127 159.878855
-234.186080 221.330934 159.562059
-232.401633 222.176740 159.245264
-230.617186 223.022547 158.928469
-228.832738 223.868354 158.611673
-35.556519 58.864799 -335.293362
-36.738765 57.814258 -334.069165
-37.921011 56.763717 -332.844969
-39.103257 55.713175 -331.620772
-40.285503 54.662634 -330.396575
-41.467749 53.612093 -329.172378
-42.649995 52.561552 -327.948182
-43.832241 51.511011 -326.723985
-45.014487 50.460470 -325.499788
-46.196733 49.409929 -324.275591
-47.378979 48.359388 -323.051395
-48.561225 47.308847 -321.827198
-49.743472 46.258306 -320.603001
-50.925718 45.207765 -319.378804
-52.107964 44.157223 -318.154608
-53.290210 43.106682 -316.930411
-54.472456 42.056141 -315.706214
-55.654702 41.005600 -314.482017
-56.836948 39.955059 -313.257821
-58.019194 38.904518 -312.033624
-59.201440 37.853977 -310.809427
-60.383686 36.803436 -309.585230
-61.565932 35.752895 -308.361034
-62.748178 34.702354 -307.136837
-63.930424 33.651813 -305.912640
-65.112670 32.601271 -304.688443
-66.294916 31.550730 -303.464247
-67.477162 30.500189 -302.240050
-68.659408 29.449648 -301.015853
-69.841655 28.399107 -299.791657
-71.023901 27.348566 -298.567460
-72.206147 26.298025 -297.343263
-73.388393 25.247484 -296.119066
-74.570639 24.196943 -294.894870
-75.752885 23.146402 -293.670673
-76.935131 22.095861 -292.446476
-78.117377 21.045319 -291.222279
-79.299623 19.994778 -289.998083
-80.481869 18.944237 -288.773886
-81.664115 17.893696 -287.549689
-82.846361 16.843155 -286.325492
-84.028607 15.792614 -285.101296
-85.210853 14.742073 -283.877099
-86.393099 13.691532 -282.652902
-87.575345 12.640991 -281.428705
-88.757592 11.590450 -280.204509
-89.939838 10.539909 -278.980312
-91.122084 9.489367 -277.756115
-92.304330 8.438826 -276.531918
-93.486576 7.388285 -275.307722
-94.668822 6.337744 -274.083525
-95.851068 5.287203 -272.859328
-97.033314 4.236662 -271.635131
-98.215560 3.186121 -270.410935
-99.397806 2.135580 -269.186738
-100.580052 1.085039 -267.962541
-101.762298 0.034498 -266.738344
-102.944544 -1.016043 -265.514148
-104.126790 -2.066585 -264.289951
-105.309036 -3.117126 -263.065754
-106.491282 -4.167667 -261.841557
-107.673528 -5.218208 -260.617361
-108.855775 -6.268749 -259.393164
-110.038021 -7.319290 -258.168967
-111.220267 -8.369831 -256.944770
-112.402513 -9.420372 -255.720574
-113.584759 -10.470913 -254.496377
-114.767005 -11.521454 -253.272180
-115.949251 -12.571995 -252.047984
-117.131497 -13.622537 -250.823787
17.724691 105.433704 138.992999
16.637308 104.002368 138.116144
15.549926 102.571031 137.239288
14.462543 101.139695 136.362433
13.375160 99.708359 135.485578
12.287778 98.277022 134.608722
11.200395 96.845686 133.731867
10.113013 95.414350 132.855011
9.025630 93.983013 131.978156
7.938247 92.551677 131.101300
6.850865 91.120341 130.224445
5.763482 89.689005 129.347589
4.676100 88.257668 128.470734
3.588717 86.826332 127.593879
2.501334 85.394996 126.717023
1.413952 83.963659 125.840168
0.326569 82.532323 124.963312
-0.760813 81.100987 124.086457
-1.848196 79.669650 123.209601
-2.935579 78.238314 122.332746
-4.022961 76.806978 121.455891
-5.110344 75.375641 120.579035
-6.197726 73.944305 119.702180
-7.285109 72.512969 118.825324
-8.372491 71.081632 117.948469
-9.459874 69.650296 117.071613
-10.547257 68.218960 116.194758
-11.634639 66.787624 115.317902
-12.722022 65.356287 114.441047
-13.809404 63.924951 113.564192
-14.896787 62.493615 112.687336
-15.984170 61.062278 111.810481
-17.071552 59.630942 110.933625
-18.158935 58.199606 110.056770
-19.246317 56.768269 109.179914
-20.333700 55.336933 108.303059
-21.421083 53.905597 107.426203
-22.508465 52.474260 106.549348
-23.595848 51.042924 105.672493
-24.683230 49.611588 104.795637
-25.770613 48.180252 103.918782
-26.857996 46.748915 103.041926
-27.945378 45.317579 102.165071
-29.032761 43.886243 101.288215
-30.120143 42.454906 100.411360
-31.207526 41.023570 99.534505
-32.294909 39.592234 98.657649
-33.382291 38.160897 97.780794
-34.469674 36.729561 96.903938
-35.557056 35.298225 96.027083
-36.644439 33.866888 95.150227
-37.731821 32.435552 94.273372
-38.819204 31.004216 93.396516
-39.906587 29.572879 92.519661
-40.993969 28.141543 91.642806
-42.081352 26.710207 90.765950
-43.168734 25.278871 89.889095
-44.256117 23.847534 89.012239
-45.343500 22.416198 88.135384
-46.430882 20.984862 87.258528
-47.518265 19.553525 86.381673
-48.605647 18.122189 85.504817
-49.693030 16.690853 84.627962
-50.780413 15.259516 83.751107
-51.867795 13.828180 82.874251
-52.955178 12.396844 81.997396
-54.042560 10.965507 81.120540
-55.129943 9.534171 80.243685
-56.217326 8.102835 79.366829
-57.304708 6.671499 78.489974
-252.154116 355.473350 94.260140
-253.412433 355.935241 92.775790
-254.670750 356.397132 91.291440
-255.929067 356.859023 89.807090
-257.187384 357.320914 88.322740
-258.445701 357.782805 86.838390
-259.704018 358.244696 85.354041
-260.962336 358.706587 83.869691
-262.220653 359.168478 82.385341
-263.478970 359.630369 80.900991
-264.737287 360.092260 79.416641
-265.995604 360.554151 77.932291
-267.253921 361.016042 76.447941
-268.512239 361.477933 74.963591
-269.770556 361.939824 73.479241
-271.028873 362.401715 71.994892
-272.287190 362.863606 70.510542
-273.545507 363.325498 69.026192
-274.803824 363.787389 67.541842
-276.062142 364.249280 66.057492
-277.320459 364.711171 64.573142
-278.578776 365.173062 63.088792
-279.837093 365.634953 61.604442
-281.095410 366.096844 60.120092
-282.353727 366.558735 58.635743
-283.612044 367.020626 57.151393
-284.870362 367.482517 55.667043
-286.128679 367.944408 54.182693
-287.386996 368.406299 52.698343
-288.645313 368.868190 51.213993
-289.903630 369.330081 49.729643
-291.161947 369.791972 48.245293
-292.420265 370.253863 46.760943
-293.678582 370.715754 45.276594
-294.936899 371.177645 43.792244
-296.195216 371.639536 42.307894
-297.453533 372.101427 40.823544
-298.711850 372.563318 39.339194
-299.970168 373.025209 37.854844
-301.228485 373.487101 36.370494
-302.486802 373.948992 34.886144
-303.745119 374.410883 33.401794
-305.003436 374.872774 31.917445
-306.261753 375.334665 30.433095
-307.520070 375.796556 28.948745
-308.778388 376.258447 27.464395
-310.036705 376.720338 25.980045
-311.295022 377.182229 24.495695
-312.553339 377.644120 23.011345
-313.811656 378.106011 21.526995
-315.069973 378.567902 20.042645
-316.328291 379.029793 18.558296
-317.586608 379.491684 17.073946
-318.844925 379.953575 15.589596
-320.103242 380.415466 14.105246
-321.361559 380.877357 12.620896
-322.619876 381.339248 11.136546
-323.878194 381.801139 9.652196
-325.136511 382.263030 8.167846
-326.394828 382.724921 6.683496
-327.653145 383.186813 5.199147
-328.911462 383.648704 3.714797
-330.169779 384.110595 2.230447
-331.428096 384.572486 0.746097
-332.686414 385.034377 -0.738253
-333.944731 385.496268 -2.222603
-335.203048 385.958159 -3.706953
-336.461365 386.420050 -5.191303
-337.719682 386.881941 -6.675653
-338.977999 387.343832 -8.160002
36.865562 -357.403760 -44.621928
37.973635 -356.053273 -45.595764
39.081708 -354.702785 -46.569600
40.189782 -353.352297 -47.543435
41.297855 -352.001809 -48.517271
42.405928 -350.651321 -49.491107
43.514002 -349.300833 -50.464943
44.622075 -347.950346 -51.438779
45.730148 -346.599858 -52.412614
46.838221 -345.249370 -53.386450
47.946295 -343.898882 -54.360286
49.054368 -342.548394 -55.334122
50.162441 -341.197906 -56.307958
51.270515 -339.847419 -57.281793
52.378588 -338.496931 -58.255629
53.486661 -337.146443 -59.229465
54.594735 -335.795955 -60.203301
55.702808 -334.445467 -61.177137
56.810881 -333.094980 -62.150972
57.918955 -331.744492 -63.124808
59.027028 -330.394004 -64.098644
60.135101 -329.043516 -65.072480
61.243175 -327.693028 -66.046316
62.351248 -326.342540 -67.020151
63.459321 -324.992053 -67.993987
64.567394 -323.641565 -68.967823
65.675468 -322.291077 -69.941659
66.783541 -320.940589 -70.915495
67.891614 -319.590101 -71.889330
68.999688 -318.239613 -72.863166
70.107761 -316.889126 -73.837002
71.215834 -315.538638 -74.810838
72.323908 -314.188150 -75.784674
73.431981 -312.837662 -76.758509
74.540054 -311.487174 -77.732345
75.648128 -310.136686 -78.706181
76.756201 -308.786199 -79.680017
77.864274 -307.435711 -80.653853
78.972347 -306.085223 -81.627688
80.080421 -304.734735 -82.601524
81.188494 -303.384247 -83.575360
82.296567 -302.033759 -84.549196
83.404641 -300.683272 -85.523032
84.512714 -299.332784 -86.496867
85.620787 -297.982296 -87.470703
86.728861 -296.631808 -88.444539
87.836934 -295.281320 -89.418375
88.945007 -293.930832 -90.392211
90.053081 -292.580345 -91.366046
91.161154 -291.229857 -92.339882
92.269227 -289.879369 -93.313718
93.377301 -288.528881 -94.287554
94.485374 -287.178393 -95.261390
95.593447 -285.827905 -96.235225
96.701520 -284.477418 -97.209061
97.809594 -283.126930 -98.182897
98.917667 -281.776442 -99.156733
100.025740 -280.425954 -100.130569
101.133814 -279.075466 -101.104404
102.241887 -277.724979 -102.078240
103.349960 -276.374491 -103.052076
104.458034 -275.024003 -104.025912
105.566107 -273.673515 -104.999748
106.674180 -272.323027 -105.973583
107.782254 -270.972539 -106.947419
108.890327 -269.622052 -107.921255
109.998400 -268.271564 -108.895091
111.106473 -266.921076 -109.868927
112.214547 -265.570588 -110.842762
113.322620 -264.220100 -111.816598
23.432512 -37.437601 264.616313
25.173596 -38.375774 264.318898
26.914681 -39.313947 264.021483
28.655765 -40.252120 263.724068
30.396850 -41.190293 263.426653
32.137935 -42.128467 263.129238
33.879019 -43.066640 262.831823
35.620104 -44.004813 262.534409
37.361188 -44.942986 262.236994
39.102273 -45.881159 261.939579
40.843358 -46.819332 261.642164
42.584442 -47.757505 261.344749
44.325527 -48.695678 261.047334
46.066612 -49.633851 260.749919
47.807696 -50.572024 260.452504
49.548781 -51.510197 260.155089
51.289865 -52.448370 259.857674
53.030950 -53.386543 259.560259
54.772035 -54.324716 259.262844
56.513119 -55.262889 258.965429
58.254204 -56.201062 258.668014
59.995288 -57.139235 258.370599
61.736373 -58.077408 258.073184
63.477458 -59.015582 257.775769
65.218542 -59.953755 257.478354
66.959627 -60.891928 257.180939
68.700712 -61.830101 256.883524
70.441796 -62.768274 256.586109
72.182881 -63.706447 256.288694
73.923965 -64.644620 255.991279
75.665050 -65.582793 255.693864
77.406135 -66.520966 255.396449
79.147219 -67.459139 255.099034
80.888304 -68.397312 254.801619
82.629388 -69.335485 254.504204
84.370473 -70.273658 254.206789
86.111558 -71.211831 253.909374
87.852642 -72.150004 253.611959
89.593727 -73.088177 253.314544
91.334812 -74.026350 253.017129
93.075896 -74.964523 252.719714
94.816981 -75.902697 252.422299
96.558065 -76.840870 252.124884
98.299150 -77.779043 251.827469
100.040235 -78.717216 251.530054
101.781319 -79.655389 251.232639
103.522404 -80.593562 250.935224
105.263488 -81.531735 250.637809
107.004573 -82.469908 250.340394
108.745658 -83.408081 250.042979
110.486742 -84.346254 249.745564
112.227827 -85.284427 249.448149
113.968912 -86.222600 249.150734
115.709996 -87.160773 248.853319
117.451081 -88.098946 248.555904
119.192165 -89.037119 248.258489
120.933250 -89.975292 247.961074
122.674335 -90.913465 247.663659
124.415419 -91.851638 247.366244
126.156504 -92.789812 247.068829
127.897588 -93.727985 246.771414
129.638673 -94.666158 246.473999
131.379758 -95.604331 246.176584
133.120842 -96.542504 245.879169
134.861927 -97.480677 245.581754
136.603012 -98.418850 245.284339
138.344096 -99.357023 244.986924
140.085181 -100.295196 244.689509
141.826265 -101.233369 244.392094
143.567350 -102.171542 244.094679
-234.354641 237.991570 162.658842
-236.196839 237.409484 163.176032
-238.039036 236.827399 163.693223
-239.881233 236.245314 164.210413
-241.723431 235.663229 164.727603
-243.565628 235.081143 165.244794
-245.407825 234.499058 165.761984
-247.250023 233.916973 166.279175
-249.092220 233.334888 166.796365
-250.934417 232.752803 167.313555
-252.776614 232.170717 167.830746
-254.618812 231.588632 168.347936
-256.461009 231.006547 168.865127
-258.303206 230.424462 169.382317
-260.145404 229.842377 169.899507
-261.987601 229.260291 170.416698
-263.829798 228.678206 170.933888
-265.671996 228.096121 171.451079
-267.514193 227.514036 171.968269
-269.356390 226.931951 172.485459
-271.198587 226.349865 173.002650
-273.040785 225.767780 173.519840
-274.882982 225.185695 174.037031
-276.725179 224.603610 174.554221
-278.567377 224.021524 175.071411
-280.409574 223.439439 175.588602
-282.251771 222.857354 176.105792
-284.093969 222.275269 176.622983
-285.936166 221.693184 177.140173
-287.778363 221.111098 177.657363
-289.620560 220.529013 178.174554
-291.462758 219.946928 178.691744
-293.304955 219.364843 179.208935
-295.147152 218.782758 179.726125
-296.989350 218.200672 180.243315
-298.831547 217.618587 180.760506
-300.673744 217.036502 181.277696
-302.515942 216.454417 181.794887
-304.358139 215.872331 182.312077
-306.200336 215.290246 182.829267
-308.042533 214.708161 183.346458
-309.884731 214.126076 183.863648
-311.726928 213.543991 184.380839
-313.569125 212.961905 184.898029
-315.411323 212.379820 185.415219
-317.253520 211.797735 185.932410
-319.095717 211.215650 186.449600
-320.937915 210.633565 186.966791
-322.780112 210.051479 187.483981
-324.622309 209.469394 188.001171
-326.464506 208.887309 188.518362
-328.306704 208.305224 189.035552
-330.148901 207.723138 189.552743
-331.991098 207.141053 190.069933
-333.833296 206.558968 190.587123
-335.675493 205.976883 191.104314
-337.517690 205.394798 191.621504
-339.359888 204.812712 192.138695
-341.202085 204.230627 192.655885
-343.044282 203.648542 193.173076
-344.886479 203.066457 193.690266
-346.728677 202.484372 194.207456
-348.570874 201.902286 194.724647
-350.413071 201.320201 195.241837
-352.255269 200.738116 195.759028
-354.097466 200.156031 196.276218
-355.939663 199.573946 196.793408
-357.781861 198.991860 197.310599
-359.624058 198.409775 197.827789
-361.466255 197.827690 198.344980
-110.494358 -16.394641 -60.964386
-108.620529 -17.049119 -60.718575
-106.746700 -17.703596 -60.472763
-104.872870 -18.358074 -60.226952
-102.999041 -19.012552 -59.981140
-101.125212 -19.667029 -59.735328
-99.251383 -20.321507 -59.489517
-97.377554 -20.975985 -59.243705
-95.503725 -21.630463 -58.997894
-93.629896 -22.284940 -58.752082
-91.756066 -22.939418 -58.506270
-89.882237 -23.593896 -58.260459
-88.008408 -24.248373 -58.014647
-86.134579 -24.902851 -57.768835
-84.260750 -25.557329 -57.523024
-82.386921 -26.211806 -57.277212
-80.513092 -26.866284 -57.031401
-78.639263 -27.520762 -56.785589
-76.765433 -28.175239 -56.539777
-74.891604 -28.829717 -56.293966
-73.017775 -29.484195 -56.048154
-71.143946 -30.138672 -55.802342
-69.270117 -30.793150 -55.556531
-67.396288 -31.447628 -55.310719
-65.522459 -32.102105 -55.064908
-63.648630 -32.756583 -54.819096
-61.774800 -33.411061 -54.573284
-59.900971 -34.065539 -54.327473
-58.027142 -34.720016 -54.081661
-56.153313 -35.374494 -53.835850
-54.279484 -36.028972 -53.590038
-52.405655 -36.683449 -53.344226
-50.531826 -37.337927 -53.098415
-48.657996 -37.992405 -52.852603
-46.784167 -38.646882 -52.606791
-44.910338 -39.301360 -52.360980
-43.036509 -39.955838 -52.115168
-41.162680 -40.610315 -51.869357
-39.288851 -41.264793 -51.623545
-37.415022 -41.919271 -51.377733
-35.541193 -42.573748 -51.131922
-33.667363 -43.228226 -50.886110
-31.793534 -43.882704 -50.640299
-29.919705 -44.537181 -50.394487
-28.045876 -45.191659 -50.148675
-26.172047 -45.846137 -49.902864
-24.298218 -46.500615 -49.657052
-22.424389 -47.155092 -49.411240
-20.550560 -47.809570 -49.165429
-18.676730 -48.464048 -48.919617
-16.802901 -49.118525 -48.673806
-14.929072 -49.773003 -48.427994
-13.055243 -50.427481 -48.182182
-11.181414 -51.081958 -47.936371
-9.307585 -51.736436 -47.690559
-7.433756 -52.390914 -47.444748
-5.559926 -53.045391 -47.198936
-3.686097 -53.699869 -46.953124
-1.812268 -54.354347 -46.707313
0.061561 -55.008824 -46.461501
1.935390 -55.663302 -46.215689
3.809219 -56.317780 -45.969878
5.683048 -56.972257 -45.724066
7.556877 -57.626735 -45.478255
9.430707 -58.281213 -45.232443
11.304536 -58.935691 -44.986631
13.178365 -59.590168 -44.740820
15.052194 -60.244646 -44.495008
16.926023 -60.899124 -44.249196
18.799852 -61.553601 -44.003385
-79.328876 326.324245 15.463657
-80.493996 325.286655 16.715018
-81.659116 324.249066 17.966379
-82.824236 323.211477 19.217740
-83.989356 322.173888 20.469101
-85.154476 321.136299 21.720462
-86.319596 320.098709 22.971823
-87.484716 319.061120 24.223184
-88.649835 318.023531 25.474545
-89.814955 316.985942 26.725906
-90.980075 315.948353 27.977267
-92.145195 314.910764 29.228628
-93.310315 313.873174 30.479989
-94.475435 312.835585 31.731350
-95.640555 311.797996 32.982711
-96.805675 310.760407 34.234072
-97.970795 309.722818 35.485432
-99.135915 308.685228 36.736793
-100.301035 307.647639 37.988154
-101.466154 306.610050 39.239515
-102.631274 305.572461 40.490876
-103.796394 304.534872 41.742237
-104.961514 303.497283 42.993598
-106.126634 302.459693 44.244959
-107.291754 301.422104 45.496320
-108.456874 300.384515 46.747681
-109.621994 299.346926 47.999042
-110.787114 298.309337 49.250403
-111.952234 297.271747 50.501764
-113.117353 296.234158 51.753125
-114.282473 295.196569 53.004486
-115.447593 294.158980 54.255847
-116.612713 293.121391 55.507208
-117.777833 292.083801 56.758569
-118.942953 291.046212 58.009930
-120.108073 290.008623 59.261291
-121.273193 288.971034 60.512652
-122.438313 287.933445 61.764013
-123.603433 286.895856 63.015374
-124.768553 285.858266 64.266735
-125.933672 284.820677 65.518096
-127.098792 283.783088 66.769457
-128.263912 282.745499 68.020818
-129.429032 281.707910 69.272179
-130.594152 280.670320 70.523540
-131.759272 279.632731 71.774901
-132.924392 278.595142 73.026262
-134.089512 277.557553 74.277623
-135.254632 276.519964 75.528984
-136.419752 275.482375 76.780345
-137.584871 274.444785 78.031706
-138.749991 273.407196 79.283067
-139.915111 272.369607 80.534428
-141.080231 271.332018 81.785789
-142.245351 270.294429 83.037150
-143.410471 269.256839 84.288511
-144.575591 268.219250 85.539872
-145.740711 267.181661 86.791233
-146.905831 266.144072 88.042594
-148.070951 265.106483 89.293954
-149.236070 264.068893 90.545315
-150.401190 263.031304 91.796676
-151.566310 261.993715 93.048037
-152.731430 260.956126 94.299398
-153.896550 259.918537 95.550759
-155.061670 258.880948 96.802120
-156.226790 257.843358 98.053481
-157.391910 256.805769 99.304842
-158.557030 255.768180 100.556203
-159.722150 254.730591 101.807564
53.135861 110.943526 -153.325702
53.125457 108.971430 -153.658462
53.115052 106.999334 -153.991222
53.104648 105.027238 -154.323981
53.094244 103.055142 -154.656741
53.083840 101.083046 -154.989501
53.073436 99.110950 -155.322261
53.063031 97.138854 -155.655020
53.052627 95.166758 -155.987780
53.042223 93.194662 -156.320540
53.031819 91.222566 -156.653300
53.021414 89.250470 -156.986059
53.011010 87.278374 -157.318819
53.000606 85.306278 -157.651579
52.990202 83.334182 -157.984339
52.979798 81.362086 -158.317098
52.969393 79.389990 -158.649858
52.958989 77.417894 -158.982618
52.948585 75.445798 -159.315378
52.938181 73.473702 -159.648137
52.927777 71.501606 -159.980897
52.917372 69.529510 -160.313657
52.906968 67.557414 -160.646417
52.896564 65.585318 -160.979176
52.886160 63.613222 -161.311936
52.875755 61.641126 -161.644696
52.865351 59.669030 -161.977455
52.854947 57.696934 -162.310215
52.844543 55.724838 -162.642975
52.834139 53.752742 -162.975735
52.823734 51.780646 -163.308494
52.813330 49.808549 -163.641254
52.802926 47.836453 -163.974014
52.792522 45.864357 -164.306774
52.782117 43.892261 -164.639533
52.771713 41.920165 -164.972293
52.761309 39.948069 -165.305053
52.750905 37.975973 -165.637813
52.740501 36.003877 -165.970572
52.730096 34.031781 -166.303332
52.719692 32.059685 -166.636092
52.709288 30.087589 -166.968852
52.698884 28.115493 -167.301611
52.688480 26.143397 -167.634371
52.678075 24.171301 -167.967131
52.667671 22.199205 -168.299891
52.657267 20.227109 -168.632650
52.646863 18.255013 -168.965410
52.636458 16.282917 -169.298170
52.626054 14.310821 -169.630930
52.615650 12.338725 -169.963689
52.605246 10.366629 -170.296449
52.594842 8.394533 -170.629209
52.584437 6.422437 -170.961968
52.574033 4.450341 -171.294728
52.563629 2.478245 -171.627488
52.553225 0.506149 -171.960248
52.542820 -1.465947 -172.293007
52.532416 -3.438043 -172.625767
52.522012 -5.410139 -172.958527
52.511608 -7.382235 -173.291287
52.501204 -9.354331 -173.624046
52.490799 -11.326427 -173.956806
52.480395 -13.298523 -174.289566
52.469991 -15.270619 -174.622326
52.459587 -17.242715 -174.955085
52.449183 -19.214811 -175.287845
52.438778 -21.186907 -175.620605
52.428374 -23.159003 -175.953365
52.417970 -25.131099 -176.286124
138.013204 280.976160 254.509539
136.040412 280.661463 254.414375
134.067619 280.346766 254.319212
132.094827 280.032069 254.224049
130.122035 279.717372 254.128886
128.149242 279.402675 254.033723
126.176450 279.087978 253.938559
124.203658 278.773282 253.843396
122.230865 278.458585 253.748233
120.258073 278.143888 253.653070
118.285280 277.829191 253.557907
116.312488 277.514494 253.462744
114.339696 277.199797 253.367580
112.366903 276.885100 253.272417
110.394111 276.570403 253.177254
108.421318 276.255706 253.082091
106.448526 275.941009 252.986928
104.475734 275.626312 252.891764
102.502941 275.311615 252.796601
100.530149 274.996918 252.701438
98.557356 274.682222 252.606275
96.584564 274.367525 252.511112
94.611772 274.052828 252.415948
92.638979 273.738131 252.320785
90.666187 273.423434 252.225622
88.693395 273.108737 252.130459
86.720602 272.794040 252.035296
84.747810 272.479343 251.940133
82.775017 272.164646 251.844969
80.802225 271.849949 251.749806
78.829433 271.535252 251.654643
76.856640 271.220555 251.559480
74.883848 270.905858 251.464317
72.911055 270.591162 251.369153
70.938263 270.276465 251.273990
68.965471 269.961768 251.178827
66.992678 269.647071 251.083664
65.019886 269.332374 250.988501
63.047093 269.017677 250.893337
61.074301 268.702980 250.798174
59.101509 268.388283 250.703011
57.128716 268.073586 250.607848
55.155924 267.758889 250.512685
53.183132 267.444192 250.417522
51.210339 267.129495 250.322358
49.237547 266.814798 250.227195
47.264754 266.500101 250.132032
45.291962 266.185405 250.036869
43.319170 265.870708 249.941706
41.346377 265.556011 249.846542
39.373585 265.241314 249.751379
37.400792 264.926617 249.656216
35.428000 264.611920 249.561053
33.455208 264.297223 249.465890
31.482415 263.982526 249.370726
29.509623 263.667829 249.275563
27.536830 263.353132 249.180400
25.564038 263.038435 249.085237
23.591246 262.723738 248.990074
21.618453 262.409041 248.894910
19.645661 262.094345 248.799747
17.672869 261.779648 248.704584
15.700076 261.464951 248.609421
13.727284 261.150254 248.514258
11.754491 260.835557 248.419095
9.781699 260.520860 248.323931
7.808907 260.206163 248.228768
5.836114 259.891466 248.133605
3.863322 259.576769 248.038442
1.890529 259.262072 247.943279
-198.281870 -5.101174 233.037378
-196.761663 -3.996211 232.353253
-195.241456 -2.891247 231.669128
-193.721249 -1.786284 230.985003
-192.201042 -0.681321 230.300877
-190.680835 0.423642 229.616752
-189.160628 1.528605 228.932627
-187.640421 2.633568 228.248501
-186.120215 3.738531 227.564376
-184.600008 4.843494 226.880251
-183.079801 5.948457 226.196125
-181.559594 7.053421 225.512000
-180.039387 8.158384 224.827875
-178.519180 9.263347 224.143749
-176.998973 10.368310 223.459624
-175.478766 11.473273 222.775499
-173.958559 12.578236 222.091373
-172.438352 13.683199 221.407248
-170.918145 14.788162 220.723123
-169.397938 15.893126 220.038997
-167.877732 16.998089 219.354872
-166.357525 18.103052 218.670747
-164.837318 19.208015 217.986621
-163.317111 20.312978 217.302496
-161.796904 21.417941 216.618371
-160.276697 22.522904 215.934245
-158.756490 23.627867 215.250120
-157.236283 24.732830 214.565995
-155.716076 25.837794 213.881869
-154.195869 26.942757 213.197744
-152.675662 28.047720 212.513619
-151.155456 29.152683 211.829493
-149.635249 30.257646 211.145368
-148.115042 31.362609 210.461243
-146.594835 32.467572 209.777117
-145.074628 33.572535 209.092992
-143.554421 34.677498 208.408867
-142.034214 35.782462 207.724742
-140.514007 36.887425 207.040616
-138.993800 37.992388 206.356491
-137.473593 39.097351 205.672366
-135.953386 40.202314 204.988240
-134.433180 41.307277 204.304115
-132.912973 42.412240 203.619990
-131.392766 43.517203 202.935864
-129.872559 44.622167 202.251739
-128.352352 45.727130 201.567614
-126.832145 46.832093 200.883488
-125.311938 47.937056 200.199363
-123.791731 49.042019 199.515238
-122.271524 50.146982 198.831112
-120.751317 51.251945 198.146987
-119.231110 52.356908 197.462862
-117.710903 53.461871 196.778736
-116.190697 54.566835 196.094611
-114.670490 55.671798 195.410486
-113.150283 56.776761 194.726360
-111.630076 57.881724 194.042235
-110.109869 58.986687 193.358110
-108.589662 60.091650 192.673984
-107.069455 61.196613 191.989859
-105.549248 62.301576 191.305734
-104.029041 63.406540 190.621608
-102.508834 64.511503 189.937483
-100.988627 65.616466 189.253358
-99.468421 66.721429 188.569232
-97.948214 67.826392 187.885107
-96.428007 68.931355 187.200982
-94.907800 70.036318 186.516856
-93.387593 71.141281 185.832731
-277.922206 -153.480963 -188.093785
-277.363548 -151.641606 -188.645753
-276.804890 -149.802249 -189.197720
-276.246232 -147.962893 -189.749688
-275.687575 -146.123536 -190.301655
-275.128917 -144.284179 -190.853623
-274.570259 -142.444822 -191.405590
-274.011601 -140.605466 -191.957558
-273.452943 -138.766109 -192.509525
-272.894285 -136.926752 -193.061493
-272.335627 -135.087395 -193.613460
-271.776969 -133.248039 -194.165428
-271.218311 -131.408682 -194.717395
-270.659654 -129.569325 -195.269363
-270.100996 -127.729968 -195.821330
-269.542338 -125.890612 -196.373298
-268.983680 -124.051255 -196.925266
-268.425022 -122.211898 -197.477233
-267.866364 -120.372541 -198.029201
-267.307706 -118.533185 -198.581168
-266.749048 -116.693828 -199.133136
-266.190391 -114.854471 -199.685103
-265.631733 -113.015114 -200.237071
-265.073075 -111.175758 -200.789038
-264.514417 -109.336401 -201.341006
-263.955759 -107.497044 -201.892973
-263.397101 -105.657687 -202.444941
-262.838443 -103.818331 -202.996908
-262.279785 -101.978974 -203.548876
-261.721128 -100.139617 -204.100843
-261.162470 -98.300260 -204.652811
-260.603812 -96.460904 -205.204778
-260.045154 -94.621547 -205.756746
-259.486496 -92.782190 -206.308713
-258.927838 -90.942834 -206.860681
-258.369180 -89.103477 -207.412648
-257.810522 -87.264120 -207.964616
-257.251865 -85.424763 -208.516583
-256.693207 -83.585407 -209.068551
-256.134549 -81.746050 -209.620518
-255.575891 -79.906693 -210.172486
-255.017233 -78.067336 -210.724453
-254.458575 -76.227980 -211.276421
-253.899917 -74.388623 -211.828388
-253.341259 -72.549266 -212.380356
-252.782601 -70.709909 -212.932323
-252.223944 -68.870553 -213.484291
-251.665286 -67.031196 -214.036258
-251.106628 -65.191839 -214.588226
-250.547970 -63.352482 -215.140194
-249.989312 -61.513126 -215.692161
-249.430654 -59.673769 -216.244129
-248.871996 -57.834412 -216.796096
-248.313338 -55.995055 -217.348064
-247.754681 -54.155699 -217.900031
-247.196023 -52.316342 -218.451999
-246.637365 -50.476985 -219.003966
-246.078707 -48.637628 -219.555934
-245.520049 -46.798272 -220.107901
-244.961391 -44.958915 -220.659869
-244.402733 -43.119558 -221.211836
-243.844075 -41.280201 -221.763804
-243.285418 -39.440845 -222.315771
-242.726760 -37.601488 -222.867739
-242.168102 -35.762131 -223.419706
-241.609444 -33.922774 -223.971674
-241.050786 -32.083418 -224.523641
-240.492128 -30.244061 -225.075609
-239.933470 -28.404704 -225.627576
-239.374812 -26.565347 -226.179544
-152.411592 95.981555 208.711559
-152.626366 94.074107 208.149852
-152.841140 92.166659 207.588145
-153.055913 90.259211 207.026438
-153.270687 88.351763 206.464731
-153.485461 86.444315 205.903024
-153.700235 84.536867 205.341317
-153.915009 82.629420 204.779610
-154.129783 80.721972 204.217903
-154.344557 78.814524 203.656196
-154.559330 76.907076 203.094488
-154.774104 74.999628 202.532781
-154.988878 73.092180 201.971074
-155.203652 71.184732 201.409367
-155.418426 69.277285 200.847660
-155.633200 67.369837 200.285953
-155.847974 65.462389 199.724246
-156.062747 63.554941 199.162539
-156.277521 61.647493 198.600832
-156.492295 59.740045 198.039125
-156.707069 57.832597 197.477418
-156.921843 55.925150 196.915710
-157.136617 54.017702 196.354003
-157.351391 52.110254 195.792296
-157.566165 50.202806 195.230589
-157.780938 48.295358 194.668882
-157.995712 46.387910 194.107175
-158.210486 44.480462 193.545468
-158.425260 42.573014 192.983761
-158.640034 40.665567 192.422054
-158.854808 38.758119 191.860347
-159.069582 36.850671 191.298640
-159.284355 34.943223 190.736932
-159.499129 33.035775 190.175225
-159.713903 31.128327 189.613518
-159.928677 29.220879 189.051811
-160.143451 27.313432 188.490104
-160.358225 25.405984 187.928397
-160.572999 23.498536 187.366690
-160.787772 21.591088 186.804983
-161.002546 19.683640 186.243276
-161.217320 17.776192 185.681569
-161.432094 15.868744 185.119862
-161.646868 13.961297 184.558154
-161.861642 12.053849 183.996447
-162.076416 10.146401 183.434740
-162.291189 8.238953 182.873033
-162.505963 6.331505 182.311326
-162.720737 4.424057 181.749619
-162.935511 2.516609 181.187912
-163.150285 0.609162 180.626205
-163.365059 -1.298286 180.064498
-163.579833 -3.205734 179.502791
-163.794607 -5.113182 178.941084
-164.009380 -7.020630 178.379376
-164.224154 -8.928078 177.817669
-164.438928 -10.835526 177.255962
-164.653702 -12.742973 176.694255
-164.868476 -14.650421 176.132548
-165.083250 -16.557869 175.570841
-165.298024 -18.465317 175.009134
-165.512797 -20.372765 174.447427
-165.727571 -22.280213 173.885720
-165.942345 -24.187661 173.324013
-166.157119 -26.095108 172.762306
-166.371893 -28.002556 172.200598
-166.586667 -29.910004 171.638891
-166.801441 -31.817452 171.077184
-167.016214 -33.724900 170.515477
-167.230988 -35.632348 169.953770
262.610763 -55.601670 -223.972987
261.100176 -55.277656 -222.702892
259.589589 -54.953642 -221.432797
258.079002 -54.629629 -220.162702
256.568415 -54.305615 -218.892606
255.057828 -53.981602 -217.622511
253.547241 -53.657588 -216.352416
252.036653 -53.333574 -215.082321
250.526066 -53.009561 -213.812226
249.015479 -52.685547 -212.542131
247.504892 -52.361534 -211.272035
245.994305 -52.037520 -210.001940
244.483718 -51.713507 -208.731845
242.973131 -51.389493 -207.461750
241.462544 -51.065479 -206.191655
239.951956 -50.741466 -204.921560
238.441369 -50.417452 -203.651464
236.930782 -50.093439 -202.381369
235.420195 -49.769425 -201.111274
233.909608 -49.445411 -199.841179
232.399021 -49.121398 -198.571084
230.888434 -48.797384 -197.300989
229.377847 -48.473371 -196.030893
227.867259 -48.149357 -194.760798
226.356672 -47.825343 -193.490703
224.846085 -47.501330 -192.220608
223.335498 -47.177316 -190.950513
221.824911 -46.853303 -189.680418
220.314324 -46.529289 -188.410322
218.803737 -46.205275 -187.140227
217.293150 -45.881262 -185.870132
215.782562 -45.557248 -184.600037
214.271975 -45.233235 -183.329942
212.761388 -44.909221 -182.059847
211.250801 -44.585207 -180.789751
209.740214 -44.261194 -179.519656
208.229627 -43.937180 -178.249561
206.719040 -43.613167 -176.979466
205.208453 -43.289153 -175.709371
203.697865 -42.965139 -174.439276
202.187278 -42.641126 -173.169180
200.676691 -42.317112 -171.899085
199.166104 -41.993099 -170.628990
197.655517 -41.669085 -169.358895
196.144930 -41.345072 -168.088800
194.634343 -41.021058 -166.818705
193.123756 -40.697044 -165.548609
191.613169 -40.373031 -164.278514
190.102581 -40.049017 -163.008419
188.591994 -39.725004 -161.738324
187.081407 -39.400990 -160.468229
185.570820 -39.076976 -159.198134
184.060233 -38.752963 -157.928038
182.549646 -38.428949 -156.657943
181.039059 -38.104936 -155.387848
179.528472 -37.780922 -154.117753
178.017884 -37.456908 -152.847658
176.507297 -37.132895 -151.577563
174.996710 -36.808881 -150.307467
173.486123 -36.484868 -149.037372
171.975536 -36.160854 -147.767277
170.464949 -35.836840 -146.497182
168.954362 -35.512827 -145.227087
167.443775 -35.188813 -143.956992
165.933187 -34.864800 -142.686896
164.422600 -34.540786 -141.416801
162.912013 -34.216772 -140.146706
161.401426 -33.892759 -138.876611
159.890839 -33.568745 -137.606516
158.380252 -33.244732 -136.336421
289.314806 -150.535409 -145.262986
288.353027 -151.767095 -144.014815
287.391249 -152.998781 -142.766644
286.429470 -154.230467 -141.518473
285.467691 -155.462154 -140.270302
284.505912 -156.693840 -139.022131
283.544134 -157.925526 -137.773961
282.582355 -159.157213 -136.525790
281.620576 -160.388899 -135.277619
280.658797 -161.620585 -134.029448
279.697019 -162.852271 -132.781277
278.735240 -164.083958 -131.533106
277.773461 -165.315644 -130.284935
276.811682 -166.547330 -129.036765
275.849903 -167.779017 -127.788594
274.888125 -169.010703 -126.540423
273.926346 -170.242389 -125.292252
272.964567 -171.474075 -124.044081
272.002788 -172.705762 -122.795910
271.041010 -173.937448 -121.547739
270.079231 -175.169134 -120.299569
269.117452 -176.400821 -119.051398
268.155673 -177.632507 -117.803227
267.193894 -178.864193 -116.555056
266.232116 -180.095880 -115.306885
265.270337 -181.327566 -114.058714
264.308558 -182.559252 -112.810544
263.346779 -183.790938 -111.562373
262.385001 -185.022625 -110.314202
261.423222 -186.254311 -109.066031
260.461443 -187.485997 -107.817860
259.499664 -188.717684 -106.569689
258.537886 -189.949370 -105.321518
257.576107 -191.181056 -104.073348
256.614328 -192.412742 -102.825177
255.652549 -193.644429 -101.577006
254.690770 -194.876115 -100.328835
253.728992 -196.107801 -99.080664
252.767213 -197.339488 -97.832493
251.805434 -198.571174 -96.584322
250.843655 -199.802860 -95.336152
249.881877 -201.034546 -94.087981
248.920098 -202.266233 -92.839810
247.958319 -203.497919 -91.591639
246.996540 -204.729605 -90.343468
246.034761 -205.961292 -89.095297
245.072983 -207.192978 -87.847127
244.111204 -208.424664 -86.598956
243.149425 -209.656351 -85.350785
242.187646 -210.888037 -84.102614
241.225868 -212.119723 -82.854443
240.264089 -213.351409 -81.606272
239.302310 -214.583096 -80.358101
238.340531 -215.814782 -79.109931
237.378752 -217.046468 -77.861760
236.416974 -218.278155 -76.613589
235.455195 -219.509841 -75.365418
234.493416 -220.741527 -74.117247
233.531637 -221.973213 -72.869076
232.569859 -223.204900 -71.620906
231.608080 -224.436586 -70.372735
230.646301 -225.668272 -69.124564
229.684522 -226.899959 -67.876393
228.722744 -228.131645 -66.628222
227.760965 -229.363331 -65.380051
226.799186 -230.595018 -64.131880
225.837407 -231.826704 -62.883710
224.875628 -233.058390 -61.635539
223.913850 -234.290076 -60.387368
222.952071 -235.521763 -59.139197
-324.836400 -223.085435 94.310537
-323.735517 -224.705923 93.907951
-322.634634 -226.326410 93.505365
-321.533751 -227.946898 93.102779
-320.432867 -229.567386 92.700193
-319.331984 -231.187874 92.297607
-318.231101 -232.808362 91.895021
-317.130218 -234.428849 91.492435
-316.029335 -236.049337 91.089849
-314.928452 -237.669825 90.687263
-313.827569 -239.290313 90.284677
-312.726685 -240.910801 89.882090
-311.625802 -242.531289 89.479504
-310.524919 -244.151776 89.076918
-309.424036 -245.772264 88.674332
-308.323153 -247.392752 88.271746
-307.222270 -249.013240 87.869160
-306.121386 -250.633728 87.466574
-305.020503 -252.254216 87.063988
-303.919620 -253.874703 86.661402
-302.818737 -255.495191 86.258816
-301.717854 -257.115679 85.856230
-300.616971 -258.736167 85.453644
-299.516088 -260.356655 85.051058
-298.415204 -261.977143 84.648472
-297.314321 -263.597630 84.245886
-296.213438 -265.218118 83.843300
-295.112555 -266.838606 83.440714
-294.011672 -268.459094 83.038128
-292.910789 -270.079582 82.635542
-291.809906 -271.700070 82.232956
-290.709022 -273.320557 81.830370
-289.608139 -274.941045 81.427784
-288.507256 -276.561533 81.025198
-287.406373 -278.182021 80.622612
-286.305490 -279.802509 80.220026
-285.204607 -281.422996 79.817440
-284.103724 -283.043484 79.414854
-283.002840 -284.663972 79.012268
-281.901957 -286.284460 78.609682
-280.801074 -287.904948 78.207096
-279.700191 -289.525436 77.804510
-278.599308 -291.145923 77.401924
-277.498425 -292.766411 76.999338
-276.397542 -294.386899 76.596752
-275.296658 -296.007387 76.194166
-274.195775 -297.627875 75.791580
-273.094892 -299.248363 75.388994
-271.994009 -300.868850 74.986408
-270.893126 -302.489338 74.583822
-269.792243 -304.109826 74.181236
-268.691360 -305.730314 73.778650
-267.590476 -307.350802 73.376064
-266.489593 -308.971290 72.973478
-265.388710 -310.591777 72.570892
-264.287827 -312.212265 72.168306
-263.186944 -313.832753 71.765720
-262.086061 -315.453241 71.363134
-260.985178 -317.073729 70.960548
-259.884294 -318.694217 70.557962
-258.783411 -320.314704 70.155376
-257.682528 -321.935192 69.752790
-256.581645 -323.555680 69.350204
-255.480762 -325.176168 68.947617
-254.379879 -326.796656 68.545031
-253.278996 -328.417143 68.142445
-252.178112 -330.037631 67.739859
-251.077229 -331.658119 67.337273
-249.976346 -333.278607 66.934687
-248.875463 -334.899095 66.532101
167.827977 -387.861959 -226.125399
168.927704 -386.677118 -227.303003
170.027430 -385.492276 -228.480607
171.127157 -384.307434 -229.658211
172.226884 -383.122593 -230.835815
173.326611 -381.937751 -232.013419
174.426338 -380.752909 -233.191022
175.526065 -379.568067 -234.368626
176.625792 -378.383226 -235.546230
177.725519 -377.198384 -236.723834
178.825246 -376.013542 -237.901438
179.924972 -374.828701 -239.079042
181.024699 -373.643859 -240.256646
182.124426 -372.459017 -241.434250
183.224153 -371.274176 -242.611854
184.323880 -370.089334 -243.789457
185.423607 -368.904492 -244.967061
186.523334 -367.719650 -246.144665
187.623061 -366.534809 -247.322269
188.722788 -365.349967 -248.499873
189.822514 -364.165125 -249.677477
190.922241 -362.980284 -250.855081
192.021968 -361.795442 -252.032685
193.121695 -360.610600 -253.210289
194.221422 -359.425759 -254.387892
195.321149 -358.240917 -255.565496
196.420876 -357.056075 -256.743100
197.520603 -355.871234 -257.920704
198.620330 -354.686392 -259.098308
199.720056 -353.501550 -260.275912
200.819783 -352.316708 -261.453516
201.919510 -351.131867 -262.631120
203.019237 -349.947025 -263.808724
204.118964 -348.762183 -264.986327
205.218691 -347.577342 -266.163931
206.318418 -346.392500 -267.341535
207.418145 -345.207658 -268.519139
208.517872 -344.022817 -269.696743
209.617598 -342.837975 -270.874347
210.717325 -341.653133 -272.051951
211.817052 -340.468291 -273.229555
212.916779 -339.283450 -274.407159
214.016506 -338.098608 -275.584762
215.116233 -336.913766 -276.762366
216.215960 -335.728925 -277.939970
217.315687 -334.544083 -279.117574
218.415414 -333.359241 -280.295178
219.515140 -332.174400 -281.472782
220.614867 -330.989558 -282.650386
221.714594 -329.804716 -283.827990
222.814321 -328.619875 -285.005594
223.914048 -327.435033 -286.183197
225.013775 -326.250191 -287.360801
226.113502 -325.065349 -288.538405
227.213229 -323.880508 -289.716009
228.312956 -322.695666 -290.893613
229.412683 -321.510824 -292.071217
230.512409 -320.325983 -293.248821
231.612136 -319.141141 -294.426425
232.711863 -317.956299 -295.604029
233.811590 -316.771458 -296.781632
234.911317 -315.586616 -297.959236
236.011044 -314.401774 -299.136840
237.110771 -313.216932 -300.314444
238.210498 -312.032091 -301.492048
239.310225 -310.847249 -302.669652
240.409951 -309.662407 -303.847256
241.509678 -308.477566 -305.024860
242.609405 -307.292724 -306.202464
243.709132 -306.107882 -307.380068
-399.911307 -216.634556 -86.166063
-398.252116 -217.650619 -86.629424
-396.592925 -218.666682 -87.092784
-394.933735 -219.682744 -87.556145
-393.274544 -220.698807 -88.019505
-391.615353 -221.714870 -88.482866
-389.956163 -222.730933 -88.946226
-388.296972 -223.746995 -89.409586
-386.637782 -224.763058 -89.872947
-384.978591 -225.779121 -90.336307
-383.319400 -226.795184 -90.799668
-381.660210 -227.811246 -91.263028
-380.001019 -228.827309 -91.726389
-378.341828 -229.843372 -92.189749
-376.682638 -230.859435 -92.653110
-375.023447 -231.875497 -93.116470
-373.364257 -232.891560 -93.579831
-371.705066 -233.907623 -94.043191
-370.045875 -234.923686 -94.506552
-368.386685 -235.939749 -94.969912
-366.727494 -236.955811 -95.433273
-365.068303 -237.971874 -95.896633
-363.409113 -238.987937 -96.359994
-361.749922 -240.004000 -96.823354
-360.090732 -241.020062 -97.286714
-358.431541 -242.036125 -97.750075
-356.772350 -243.052188 -98.213435
-355.113160 -244.068251 -98.676796
-353.453969 -245.084313 -99.140156
-351.794778 -246.100376 -99.603517
-350.135588 -247.116439 -100.066877
-348.476397 -248.132502 -100.530238
-346.817207 -249.148564 -100.993598
-345.158016 -250.164627 -101.456959
-343.498825 -251.180690 -101.920319
-341.839635 -252.196753 -102.383680
-340.180444 -253.212815 -102.847040
-338.521253 -254.228878 -103.310401
-336.862063 -255.244941 -103.773761
-335.202872 -256.261004 -104.237122
-333.543682 -257.277067 -104.700482
-331.884491 -258.293129 -105.163843
-330.225300 -259.309192 -105.627203
-328.566110 -260.325255 -106.090563
-326.906919 -261.341318 -106.553924
-325.247728 -262.357380 -107.017284
-323.588538 -263.373443 -107.480645
-321.929347 -264.389506 -107.944005
-320.270157 -265.405569 -108.407366
-318.610966 -266.421631 -108.870726
-316.951775 -267.437694 -109.334087
-315.292585 -268.453757 -109.797447
-313.633394 -269.469820 -110.260808
-311.974203 -270.485882 -110.724168
-310.315013 -271.501945 -111.187529
-308.655822 -272.518008 -111.650889
-306.996632 -273.534071 -112.114250
-305.337441 -274.550133 -112.577610
-303.678250 -275.566196 -113.040971
-302.019060 -276.582259 -113.504331
-300.359869 -277.598322 -113.967692
-298.700678 -278.614385 -114.431052
-297.041488 -279.630447 -114.894412
-295.382297 -280.646510 -115.357773
-293.723106 -281.662573 -115.821133
-292.063916 -282.678636 -116.284494
-290.404725 -283.694698 -116.747854
-288.745535 -284.710761 -117.211215
-287.086344 -285.726824 -117.674575
-285.427153 -286.742887 -118.137936
18.232623 213.807083 -372.759484
16.431495 214.216114 -371.992262
14.630367 214.625146 -371.225039
12.829238 215.034178 -370.457817
11.028110 215.443210 -369.690595
9.226982 215.852241 -368.923372
7.425854 216.261273 -368.156150
5.624726 216.670305 -367.388927
3.823597 217.079337 -366.621705
2.022469 217.488369 -365.854482
0.221341 217.897400 -365.087260
-1.579787 218.306432 -364.320038
-3.380915 218.715464 -363.552815
-5.182043 219.124496 -362.785593
-6.983172 219.533527 -362.018370
-8.784300 219.942559 -361.251148
-10.585428 220.351591 -360.483925
-12.386556 220.760623 -359.716703
-14.187684 221.169654 -358.949480
-15.988813 221.578686 -358.182258
-17.789941 221.987718 -357.415036
-19.591069 222.396750 -356.647813
-21.392197 222.805782 -355.880591
-23.193325 223.214813 -355.113368
-24.994454 223.623845 -354.346146
-26.795582 224.032877 -353.578923
-28.596710 224.441909 -352.811701
-30.397838 224.850940 -352.044479
-32.198966 225.259972 -351.277256
-34.000094 225.669004 -350.510034
-35.801223 226.078036 -349.742811
-37.602351 226.487068 -348.975589
-39.403479 226.896099 -348.208366
-41.204607 227.305131 -347.441144
-43.005735 227.714163 -346.673922
-44.806864 228.123195 -345.906699
-46.607992 228.532226 -345.139477
-48.409120 228.941258 -344.372254
-50.210248 229.350290 -343.605032
-52.011376 229.759322 -342.837809
-53.812505 230.168353 -342.070587
-55.613633 230.577385 -341.303364
-57.414761 230.986417 -340.536142
-59.215889 231.395449 -339.768920
-61.017017 231.804481 -339.001697
-62.818145 232.213512 -338.234475
-64.619274 232.622544 -337.467252
-66.420402 233.031576 -336.700030
-68.221530 233.440608 -335.932807
-70.022658 233.849639 -335.165585
-71.823786 234.258671 -334.398363
-73.624915 234.667703 -333.631140
-75.426043 235.076735 -332.863918
-77.227171 235.485767 -332.096695
-79.028299 235.894798 -331.329473
-80.829427 236.303830 -330.562250
-82.630555 236.712862 -329.795028
-84.431684 237.121894 -329.027806
-86.232812 237.530925 -328.260583
-88.033940 237.939957 -327.493361
-89.835068 238.348989 -326.726138
-91.636196 238.758021 -325.958916
-93.437325 239.167052 -325.191693
-95.238453 239.576084 -324.424471
-97.039581 239.985116 -323.657248
-98.840709 240.394148 -322.890026
-100.641837 240.803180 -322.122804
-102.442966 241.212211 -321.355581
-104.244094 241.621243 -320.588359
-106.045222 242.030275 -319.821136
-259.637464 291.740397 -273.374986
-261.087886 290.384913 -273.132212
-262.538307 289.029429 -272.889439
-263.988729 287.673944 -272.646666
-265.439151 286.318460 -272.403893
-266.889573 284.962976 -272.161119
-268.339995 283.607491 -271.918346
-269.790416 282.252007 -271.675573
-271.240838 280.896522 -271.432799
-272.691260 279.541038 -271.190026
-274.141682 278.185554 -270.947253
-275.592103 276.830069 -270.704479
-277.042525 275.474585 -270.461706
-278.492947 274.119101 -270.218933
-279.943369 272.763616 -269.976159
-281.393790 271.408132 -269.733386
-282.844212 270.052648 -269.490613
-284.294634 268.697163 -269.247840
-285.745056 267.341679 -269.005066
-287.195477 265.986195 -268.762293
-288.645899 264.630710 -268.519520
-290.096321 263.275226 -268.276746
-291.546743 261.919741 -268.033973
-292.997164 260.564257 -267.791200
-294.447586 259.208773 -267.548426
-295.898008 257.853288 -267.305653
-297.348430 256.497804 -267.062880
-298.798851 255.142320 -266.820106
-300.249273 253.786835 -266.577333
-301.699695 252.431351 -266.334560
-303.150117 251.075867 -266.091787
-304.600538 249.720382 -265.849013
-306.050960 248.364898 -265.606240
-307.501382 247.009414 -265.363467
-308.951804 245.653929 -265.120693
-310.402225 244.298445 -264.877920
-311.852647 242.942960 -264.635147
-313.303069 241.587476 -264.392373
-314.753491 240.231992 -264.149600
-316.203913 238.876507 -263.906827
-317.654334 237.521023 -263.664054
-319.104756 236.165539 -263.421280
-320.555178 234.810054 -263.178507
-322.005600 233.454570 -262.935734
-323.456021 232.099086 -262.692960
-324.906443 230.743601 -262.450187
-326.356865 229.388117 -262.207414
-327.807287 228.032633 -261.964640
-329.257708 226.677148 -261.721867
-330.708130 225.321664 -261.479094
-332.158552 223.966179 -261.236320
-333.608974 222.610695 -260.993547
-335.059395 221.255211 -260.750774
-336.509817 219.899726 -260.508001
-337.960239 218.544242 -260.265227
-339.410661 217.188758 -260.022454
-340.861082 215.833273 -259.779681
-342.311504 214.477789 -259.536907
-343.761926 213.122305 -259.294134
-345.212348 211.766820 -259.051361
-346.662769 210.411336 -258.808587
-348.113191 209.055851 -258.565814
-349.563613 207.700367 -258.323041
-351.014035 206.344883 -258.080267
-352.464456 204.989398 -257.837494
-353.914878 203.633914 -257.594721
-355.365300 202.278430 -257.351948
-356.815722 200.922945 -257.109174
-358.266143 199.567461 -256.866401
-359.716565 198.211977 -256.623628
265.343316 -221.833660 103.324251
264.830567 -222.330135 101.455936
264.317818 -222.826609 99.587621
263.805070 -223.323084 97.719306
263.292321 -223.819559 95.850991
262.779572 -224.316034 93.982676
262.266823 -224.812509 92.114361
261.754074 -225.308983 90.246046
261.241325 -225.805458 88.377730
260.728577 -226.301933 86.509415
260.215828 -226.798408 84.641100
259.703079 -227.294882 82.772785
259.190330 -227.791357 80.904470
258.677581 -228.287832 79.036155
258.164833 -228.784307 77.167840
257.652084 -229.280781 75.299524
257.139335 -229.777256 73.431209
256.626586 -230.273731 71.562894
256.113837 -230.770206 69.694579
255.601088 -231.266681 67.826264
255.088340 -231.763155 65.957949
254.575591 -232.259630 64.089634
254.062842 -232.756105 62.221318
253.550093 -233.252580 60.353003
253.037344 -233.749054 58.484688
252.524596 -234.245529 56.616373
252.011847 -234.742004 54.748058
251.499098 -235.238479 52.879743
250.986349 -235.734954 51.011428
250.473600 -236.231428 49.143113
249.960851 -236.727903 47.274797
249.448103 -237.224378 45.406482
248.935354 -237.720853 43.538167
248.422605 -238.217327 41.669852
247.909856 -238.713802 39.801537
247.397107 -239.210277 37.933222
246.884359 -239.706752 36.064907
246.371610 -240.203227 34.196591
245.858861 -240.699701 32.328276
245.346112 -241.196176 30.459961
244.833363 -241.692651 28.591646
244.320615 -242.189126 26.723331
243.807866 -242.685600 24.855016
243.295117 -243.182075 22.986701
242.782368 -243.678550 21.118385
242.269619 -244.175025 19.250070
241.756870 -244.671500 17.381755
241.244122 -245.167974 15.513440
240.731373 -245.664449 13.645125
240.218624 -246.160924 11.776810
239.705875 -246.657399 9.908495
239.193126 -247.153873 8.040180
238.680378 -247.650348 6.171864
238.167629 -248.146823 4.303549
237.654880 -248.643298 2.435234
237.142131 -249.139772 0.566919
236.629382 -249.636247 -1.301396
236.116633 -250.132722 -3.169711
235.603885 -250.629197 -5.038026
235.091136 -251.125672 -6.906342
234.578387 -251.622146 -8.774657
234.065638 -252.118621 -10.642972
233.552889 -252.615096 -12.511287
233.040141 -253.111571 -14.379602
232.527392 -253.608045 -16.247917
232.014643 -254.104520 -18.116232
231.501894 -254.600995 -19.984548
230.989145 -255.097470 -21.852863
230.476396 -255.593945 -23.721178
229.963648 -256.090419 -25.589493
-244.757981 -304.733595 -355.820062
-243.864312 -302.963284 -356.079587
-242.970642 -301.192973 -356.339113
-242.076973 -299.422662 -356.598638
-241.183304 -297.652351 -356.858163
-240.289634 -295.882040 -357.117689
-239.395965 -294.111729 -357.377214
-238.502295 -292.341417 -357.636740
-237.608626 -290.571106 -357.896265
-236.714957 -288.800795 -358.155791
-235.821287 -287.030484 -358.415316
-234.927618 -285.260173 -358.674842
-234.033948 -283.489862 -358.934367
-233.140279 -281.719551 -359.193892
-232.246610 -279.949239 -359.453418
-231.352940 -278.178928 -359.712943
-230.459271 -276.408617 -359.972469
-229.565601 -274.638306 -360.231994
-228.671932 -272.867995 -360.491520
-227.778263 -271.097684 -360.751045
-226.884593 -269.327373 -361.010570
-225.990924 -267.557061 -361.270096
-225.097254 -265.786750 -361.529621
-224.203585 -264.016439 -361.789147
-223.309916 -262.246128 -362.048672
-222.416246 -260.475817 -362.308198
-221.522577 -258.705506 -362.567723
-220.628907 -256.935195 -362.827249
-219.735238 -255.164883 -363.086774
-218.841569 -253.394572 -363.346299
-217.947899 -251.624261 -363.605825
-217.054230 -249.853950 -363.865350
-216.160560 -248.083639 -364.124876
-215.266891 -246.313328 -364.384401
-214.373222 -244.543016 -364.643927
-213.479552 -242.772705 -364.903452
-212.585883 -241.002394 -365.162978
-211.692213 -239.232083 -365.422503
-210.798544 -237.461772 -365.682028
-209.904875 -235.691461 -365.941554
-209.011205 -233.921150 -366.201079
-208.117536 -232.150838 -366.460605
-207.223866 -230.380527 -366.720130
-206.330197 -228.610216 -366.979656
-205.436528 -226.839905 -367.239181
-204.542858 -225.069594 -367.498706
-203.649189 -223.299283 -367.758232
-202.755519 -221.528972 -368.017757
-201.861850 -219.758660 -368.277283
-200.968181 -217.988349 -368.536808
-200.074511 -216.218038 -368.796334
-199.180842 -214.447727 -369.055859
-198.287172 -212.677416 -369.315385
-197.393503 -210.907105 -369.574910
-196.499834 -209.136794 -369.834435
-195.606164 -207.366482 -370.093961
-194.712495 -205.596171 -370.353486
-193.818825 -203.825860 -370.613012
-192.925156 -202.055549 -370.872537
-192.031487 -200.285238 -371.132063
-191.137817 -198.514927 -371.391588
-190.244148 -196.744616 -371.651113
-189.350478 -194.974304 -371.910639
-188.456809 -193.203993 -372.170164
-187.563140 -191.433682 -372.429690
-186.669470 -189.663371 -372.689215
-185.775801 -187.893060 -372.948741
-184.882131 -186.122749 -373.208266
-183.988462 -184.352438 -373.467792
-183.094793 -182.582126 -373.727317
-303.567617 -267.082660 -321.872198
-301.701424 -267.801666 -321.853387
-299.835231 -268.520672 -321.834576
-297.969038 -269.239678 -321.815765
-296.102845 -269.958684 -321.796954
-294.236652 -270.677690 -321.778143
-292.370459 -271.396696 -321.759332
-290.504266 -272.115703 -321.740520
-288.638073 -272.834709 -321.721709
-286.771880 -273.553715 -321.702898
-284.905687 -274.272721 -321.684087
-283.039494 -274.991727 -321.665276
-281.173301 -275.710733 -321.646465
-279.307108 -276.429739 -321.627654
-277.440915 -277.148745 -321.608843
-275.574722 -277.867751 -321.590032
-273.708529 -278.586757 -321.571220
-271.842336 -279.305764 -321.552409
-269.976143 -280.024770 -321.533598
-268.109950 -280.743776 -321.514787
-266.243757 -281.462782 -321.495976
-264.377564 -282.181788 -321.477165
-262.511371 -282.900794 -321.458354
-260.645178 -283.619800 -321.439543
-258.778985 -284.338806 -321.420731
-256.912792 -285.057812 -321.401920
-255.046599 -285.776818 -321.383109
-253.180405 -286.495825 -321.364298
-251.314212 -287.214831 -321.345487
-249.448019 -287.933837 -321.326676
-247.581826 -288.652843 -321.307865
-245.715633 -289.371849 -321.289054
-243.849440 -290.090855 -321.270242
-241.983247 -290.809861 -321.251431
-240.117054 -291.528867 -321.232620
-238.250861 -292.247873 -321.213809
-236.384668 -292.966879 -321.194998
-234.518475 -293.685886 -321.176187
-232.652282 -294.404892 -321.157376
-230.786089 -295.123898 -321.138565
-228.919896 -295.842904 -321.119753
-227.053703 -296.561910 -321.100942
-225.187510 -297.280916 -321.082131
-223.321317 -297.999922 -321.063320
-221.455124 -298.718928 -321.044509
-219.588931 -299.437934 -321.025698
-217.722738 -300.156940 -321.006887
-215.856545 -300.875947 -320.988076
-213.990352 -301.594953 -320.969264
-212.124159 -302.313959 -320.950453
-210.257966 -303.032965 -320.931642
-208.391773 -303.751971 -320.912831
-206.525580 -304.470977 -320.894020
-204.659387 -305.189983 -320.875209
-202.793194 -305.908989 -320.856398
-200.927001 -306.627995 -320.837587
-199.060808 -307.347001 -320.818776
-197.194615 -308.066008 -320.799964
-195.328422 -308.785014 -320.781153
-193.462229 -309.504020 -320.762342
-191.596036 -310.223026 -320.743531
-189.729843 -310.942032 -320.724720
-187.863650 -311.661038 -320.705909
-185.997457 -312.380044 -320.687098
-184.131264 -313.099050 -320.668287
-182.265071 -313.818056 -320.649475
-180.398878 -314.537062 -320.630664
-178.532685 -315.256069 -320.611853
-176.666492 -315.975075 -320.593042
-174.800299 -316.694081 -320.574231
-327.366614 -100.400710 -246.237888
-328.309391 -98.671924 -246.587850
-329.252168 -96.943139 -246.937811
-330.194945 -95.214354 -247.287772
-331.137722 -93.485569 -247.637733
-332.080499 -91.756783 -247.987694
-333.023276 -90.027998 -248.337656
-333.966053 -88.299213 -248.687617
-334.908830 -86.570427 -249.037578
-335.851607 -84.841642 -249.387539
-336.794384 -83.112857 -249.737501
-337.737162 -81.384071 -250.087462
-338.679939 -79.655286 -250.437423
-339.622716 -77.926501 -250.787384
-340.565493 -76.197715 -251.137345
-341.508270 -74.468930 -251.487307
-342.451047 -72.740145 -251.837268
-343.393824 -71.011360 -252.187229
-344.336601 -69.282574 -252.537190
-345.279378 -67.553789 -252.887151
-346.222155 -65.825004 -253.237113
-347.164932 -64.096218 -253.587074
-348.107709 -62.367433 -253.937035
-349.050486 -60.638648 -254.286996
-349.993263 -58.909862 -254.636957
-350.936040 -57.181077 -254.986919
-351.878817 -55.452292 -255.336880
-352.821594 -53.723506 -255.686841
-353.764371 -51.994721 -256.036802
-354.707148 -50.265936 -256.386764
-355.649925 -48.537151 -256.736725
-356.592702 -46.808365 -257.086686
-357.535479 -45.079580 -257.436647
-358.478256 -43.350795 -257.786608
-359.421033 -41.622009 -258.136570
-360.363810 -39.893224 -258.486531
-361.306587 -38.164439 -258.836492
-362.249364 -36.435653 -259.186453
-363.192141 -34.706868 -259.536414
-364.134918 -32.978083 -259.886376
-365.077695 -31.249297 -260.236337
-366.020472 -29.520512 -260.586298
-366.963249 -27.791727 -260.936259
-367.906026 -26.062942 -261.286221
-368.848803 -24.334156 -261.636182
-369.791580 -22.605371 -261.986143
-370.734357 -20.876586 -262.336104
-371.677134 -19.147800 -262.686065
-372.619911 -17.419015 -263.036027
-373.562688 -15.690230 -263.385988
-374.505465 -13.961444 -263.735949
-375.448242 -12.232659 -264.085910
-376.391019 -10.503874 -264.435871
-377.333796 -8.775088 -264.785833
-378.276573 -7.046303 -265.135794
-379.219350 -5.317518 -265.485755
-380.162127 -3.588733 -265.835716
-381.104904 -1.859947 -266.185677
-382.047681 -0.131162 -266.535639
-382.990458 1.597623 -266.885600
-383.933236 3.326409 -267.235561
-384.876013 5.055194 -267.585522
-385.818790 6.783979 -267.935484
-386.761567 8.512765 -268.285445
-387.704344 10.241550 -268.635406
-388.647121 11.970335 -268.985367
-389.589898 13.699121 -269.335328
-390.532675 15.427906 -269.685290
-391.475452 17.156691 -270.035251
-392.418229 18.885476 -270.385212
-165.649267 1.451180 140.597636
-163.907362 0.640835 141.153611
-162.165456 -0.169510 141.709586
-160.423551 -0.979855 142.265560
-158.681646 -1.790199 142.821535
-156.939741 -2.600544 143.377509
-155.197836 -3.410889 143.933484
-153.455931 -4.221234 144.489459
-151.714026 -5.031578 145.045433
-149.972120 -5.841923 145.601408
-148.230215 -6.652268 146.157383
-146.488310 -7.462613 146.713357
-144.746405 -8.272958 147.269332
-143.004500 -9.083302 147.825306
-141.262595 -9.893647 148.381281
-139.520690 -10.703992 148.937256
-137.778784 -11.514337 149.493230
-136.036879 -12.324682 150.049205
-134.294974 -13.135026 150.605180
-132.553069 -13.945371 151.161154
-130.811164 -14.755716 151.717129
-129.069259 -15.566061 152.273103
-127.327354 -16.376405 152.829078
-125.585448 -17.186750 153.385053
-123.843543 -17.997095 153.941027
-122.101638 -18.807440 154.497002
-120.359733 -19.617785 155.052977
-118.617828 -20.428129 155.608951
-116.875923 -21.238474 156.164926
-115.134017 -22.048819 156.720900
-113.392112 -22.859164 157.276875
-111.650207 -23.669508 157.832850
-109.908302 -24.479853 158.388824
-108.166397 -25.290198 158.944799
-106.424492 -26.100543 159.500774
-104.682587 -26.910888 160.056748
-102.940681 -27.721232 160.612723
-101.198776 -28.531577 161.168698
-99.456871 -29.341922 161.724672
-97.714966 -30.152267 162.280647
-95.973061 -30.962611 162.836621
-94.231156 -31.772956 163.392596
-92.489251 -32.583301 163.948571
-90.747345 -33.393646 164.504545
-89.005440 -34.203991 165.060520
-87.263535 -35.014335 165.616495
-85.521630 -35.824680 166.172469
-83.779725 -36.635025 166.728444
-82.037820 -37.445370 167.284418
-80.295914 -38.255715 167.840393
-78.554009 -39.066059 168.396368
-76.812104 -39.876404 168.952342
-75.070199 -40.686749 169.508317
-73.328294 -41.497094 170.064292
-71.586389 -42.307438 170.620266
-69.844484 -43.117783 171.176241
-68.102578 -43.928128 171.732215
-66.360673 -44.738473 172.288190
-64.618768 -45.548818 172.844165
-62.876863 -46.359162 173.400139
-61.134958 -47.169507 173.956114
-59.393053 -47.979852 174.512089
-57.651148 -48.790197 175.068063
-55.909242 -49.600541 175.624038
-54.167337 -50.410886 176.180012
-52.425432 -51.221231 176.735987
-50.683527 -52.031576 177.291962
-48.941622 -52.841921 177.847936
-47.199717 -53.652265 178.403911
-45.457812 -54.462610 178.959886
-391.113639 35.496170 142.532921
-390.344168 37.341739 142.575218
-389.574698 39.187308 142.617515
-388.805228 41.032878 142.659813
-388.035758 42.878447 142.702110
-387.266288 44.724017 142.744407
-386.496818 46.569586 142.786704
-385.727348 48.415156 142.829001
-384.957878 50.260725 142.871298
-384.188407 52.106295 142.913595
-383.418937 53.951864 142.955892
-382.649467 55.797434 142.998190
-381.879997 57.643003 143.040487
-381.110527 59.488573 143.082784
-380.341057 61.334142 143.125081
-379.571587 63.179712 143.167378
-378.802116 65.025281 143.209675
-378.032646 66.870851 143.251972
-377.263176 68.716420 143.294269
-376.493706 70.561989 143.336567
-375.724236 72.407559 143.378864
-374.954766 74.253128 143.421161
-374.185296 76.098698 143.463458
-373.415825 77.944267 143.505755
-372.646355 79.789837 143.548052
-371.876885 81.635406 143.590349
-371.107415 83.480976 143.632646
-370.337945 85.326545 143.674943
-369.568475 87.172115 143.717241
-368.799005 89.017684 143.759538
-368.029535 90.863254 143.801835
-367.260064 92.708823 143.844132
-366.490594 94.554393 143.886429
-365.721124 96.399962 143.928726
-364.951654 98.245531 143.971023
-364.182184 100.091101 144.013320
-363.412714 101.936670 144.055618
-362.643244 103.782240 144.097915
-361.873773 105.627809 144.140212
-361.104303 107.473379 144.182509
-360.334833 109.318948 144.224806
-359.565363 111.164518 144.267103
-358.795893 113.010087 144.309400
-358.026423 114.855657 144.351697
-357.256953 116.701226 144.393995
-356.487482 118.546796 144.436292
-355.718012 120.392365 144.478589
-354.948542 122.237935 144.520886
-354.179072 124.083504 144.563183
-353.409602 125.929074 144.605480
-352.640132 127.774643 144.647777
-351.870662 129.620212 144.690074
-351.101192 131.465782 144.732371
-350.331721 133.311351 144.774669
-349.562251 135.156921 144.816966
-348.792781 137.002490 144.859263
-348.023311 138.848060 144.901560
-347.253841 140.693629 144.943857
-346.484371 142.539199 144.986154
-345.714901 144.384768 145.028451
-344.945430 146.230338 145.070748
-344.175960 148.075907 145.113046
-343.406490 149.921477 145.155343
-342.637020 151.767046 145.197640
-341.867550 153.612616 145.239937
-341.098080 155.458185 145.282234
-340.328610 157.303754 145.324531
-339.559139 159.149324 145.366828
-338.789669 160.994893 145.409125
-338.020199 162.840463 145.451423
22.057922 206.829782 -393.089140
23.241394 208.133916 -392.141179
24.424866 209.438050 -391.193219
25.608338 210.742184 -390.245258
26.791810 212.046318 -389.297298
27.975282 213.350452 -388.349338
29.158753 214.654586 -387.401377
30.342225 215.958720 -386.453417
31.525697 217.262854 -385.505457
32.709169 218.566988 -384.557496
33.892641 219.871122 -383.609536
35.076113 221.175256 -382.661576
36.259585 222.479390 -381.713615
37.443056 223.783524 -380.765655
38.626528 225.087658 -379.817695
39.810000 226.391792 -378.869734
40.993472 227.695926 -377.921774
42.176944 229.000060 -376.973813
43.360416 230.304194 -376.025853
44.543888 231.608328 -375.077893
45.727359 232.912462 -374.129932
46.910831 234.216596 -373.181972
48.094303 235.520730 -372.234012
49.277775 236.824864 -371.286051
50.461247 238.128999 -370.338091
51.644719 239.433133 -369.390131
52.828191 240.737267 -368.442170
54.011662 242.041401 -367.494210
55.195134 243.345535 -366.546250
56.378606 244.649669 -365.598289
57.562078 245.953803 -364.650329
58.745550 247.257937 -363.702368
59.929022 248.562071 -362.754408
61.112494 249.866205 -361.806448
62.295965 251.170339 -360.858487
63.479437 252.474473 -359.910527
64.662909 253.778607 -358.962567
65.846381 255.082741 -358.014606
67.029853 256.386875 -357.066646
68.213325 257.691009 -356.118686
69.396796 258.995143 -355.170725
70.580268 260.299277 -354.222765
71.763740 261.603411 -353.274804
72.947212 262.907545 -352.326844
74.130684 264.211679 -351.378884
75.314156 265.515813 -350.430923
76.497628 266.819947 -349.482963
77.681099 268.124081 -348.535003
78.864571 269.428215 -347.587042
80.048043 270.732349 -346.639082
81.231515 272.036483 -345.691122
82.414987 273.340617 -344.743161
83.598459 274.644751 -343.795201
84.781931 275.948885 -342.847241
85.965402 277.253019 -341.899280
87.148874 278.557153 -340.951320
88.332346 279.861287 -340.003359
89.515818 281.165421 -339.055399
90.699290 282.469555 -338.107439
91.882762 283.773689 -337.159478
93.066234 285.077823 -336.211518
94.249705 286.381957 -335.263558
95.433177 287.686091 -334.315597
96.616649 288.990225 -333.367637
97.800121 290.294359 -332.419677
98.983593 291.598493 -331.471716
100.167065 292.902627 -330.523756
101.350537 294.206761 -329.575796
102.534008 295.510895 -328.627835
103.717480 296.815029 -327.679875
293.064061 54.715843 77.410968
294.573058 53.871531 78.415988
296.082055 53.027219 79.421008
297.591051 52.182907 80.426029
299.100048 51.338595 81.431049
300.609045 50.494283 82.436070
302.118042 49.649971 83.441090
303.627039 48.805659 84.446110
305.136035 47.961348 85.451131
306.645032 47.117036 86.456151
308.154029 46.272724 87.461172
309.663026 45.428412 88.466192
311.172023 44.584100 89.471213
312.681020 43.739788 90.476233
314.190016 42.895476 91.481253
315.699013 42.051164 92.486274
317.208010 41.206852 93.491294
318.717007 40.362540 94.496315
320.226004 39.518229 95.501335
321.735000 38.673917 96.506355
323.243997 37.829605 97.511376
324.752994 36.985293 98.516396
326.261991 36.140981 99.521417
327.770988 35.296669 100.526437
329.279984 34.452357 101.531458
330.788981 33.608045 102.536478
332.297978 32.763733 103.541498
333.806975 31.919421 104.546519
335.315972 31.075110 105.551539
336.824968 30.230798 106.556560
338.333965 29.386486 107.561580
339.842962 28.542174 108.566600
341.351959 27.697862 109.571621
342.860956 26.853550 110.576641
344.369953 26.009238 111.581662
345.878949 25.164926 112.586682
347.387946 24.320614 113.591703
348.896943 23.476302 114.596723
350.405940 22.631991 115.601743
351.914937 21.787679 116.606764
353.423933 20.943367 117.611784
354.932930 20.099055 118.616805
356.441927 19.254743 119.621825
357.950924 18.410431 120.626846
359.459921 17.566119 121.631866
360.968917 16.721807 122.636886
362.477914 15.877495 123.641907
363.986911 15.033183 124.646927
365.495908 14.188872 125.651948
367.004905 13.344560 126.656968
368.513901 12.500248 127.661988
370.022898 11.655936 128.667009
371.531895 10.811624 129.672029
373.040892 9.967312 130.677050
374.549889 9.123000 131.682070
376.058886 8.278688 132.687091
377.567882 7.434376 133.692111
379.076879 6.590064 134.697131
380.585876 5.745753 135.702152
382.094873 4.901441 136.707172
383.603870 4.057129 137.712193
385.112866 3.212817 138.717213
386.621863 2.368505 139.722233
388.130860 1.524193 140.727254
389.639857 0.679881 141.732274
391.148854 -0.164431 142.737295
392.657850 -1.008743 143.742315
394.166847 -1.853055 144.747336
395.675844 -2.697366 145.752356
397.184841 -3.541678 146.757376
358.835783 -112.106592 167.982670
358.183859 -113.893896 167.365792
357.531935 -115.681200 166.748914
356.880010 -117.468504 166.132036
356.228086 -119.255808 165.515158
355.576162 -121.043112 164.898279
354.924237 -122.830416 164.281401
354.272313 -124.617721 163.664523
353.620389 -126.405025 163.047645
352.968465 -128.192329 162.430767
352.316540 -129.979633 161.813889
351.664616 -131.766937 161.197010
351.012692 -133.554241 160.580132
350.360768 -135.341545 159.963254
349.708843 -137.128849 159.346376
349.056919 -138.916154 158.729498
348.404995 -140.703458 158.112620
347.753071 -142.490762 157.495741
347.101146 -144.278066 156.878863
346.449222 -146.065370 156.261985
345.797298 -147.852674 155.645107
345.145373 -149.639978 155.028229
344.493449 -151.427283 154.411351
343.841525 -153.214587 153.794472
343.189601 -155.001891 153.177594
342.537676 -156.789195 152.560716
341.885752 -158.576499 151.943838
341.233828 -160.363803 151.326960
340.581904 -162.151107 150.710082
339.929979 -163.938411 150.093203
339.278055 -165.725716 149.476325
338.626131 -167.513020 148.859447
337.974207 -169.300324 148.242569
337.322282 -171.087628 147.625691
336.670358 -172.874932 147.008813
336.018434 -174.662236 146.391934
335.366509 -176.449540 145.775056
334.714585 -178.236845 145.158178
334.062661 -180.024149 144.541300
333.410737 -181.811453 143.924422
332.758812 -183.598757 143.307544
332.106888 -185.386061 142.690665
331.454964 -187.173365 142.073787
330.803040 -188.960669 141.456909
330.151115 -190.747974 140.840031
329.499191 -192.535278 140.223153
328.847267 -194.322582 139.606274
328.195343 -196.109886 138.989396
327.543418 -197.897190 138.372518
326.891494 -199.684494 137.755640
326.239570 -201.471798 137.138762
325.587645 -203.259102 136.521884
324.935721 -205.046407 135.905005
324.283797 -206.833711 135.288127
323.631873 -208.621015 134.671249
322.979948 -210.408319 134.054371
322.328024 -212.195623 133.437493
321.676100 -213.982927 132.820615
321.024176 -215.770231 132.203736
320.372251 -217.557536 131.586858
319.720327 -219.344840 130.969980
319.068403 -221.132144 130.353102
318.416479 -222.919448 129.736224
317.764554 -224.706752 129.119346
317.112630 -226.494056 128.502467
316.460706 -228.281360 127.885589
315.808781 -230.068665 127.268711
315.156857 -231.855969 126.651833
314.504933 -233.643273 126.034955
313.853009 -235.430577 125.418077
79.271718 -310.654679 24.075524
78.193748 -309.295010 25.070151
77.115779 -307.935341 26.064777
76.037809 -306.575672 27.059404
74.959839 -305.216004 28.054031
73.881870 -303.856335 29.048658
72.803900 -302.496666 30.043285
71.725931 -301.136998 31.037911
70.647961 -299.777329 32.032538
69.569992 -298.417660 33.027165
68.492022 -297.057991 34.021792
67.414052 -295.698323 35.016419
66.336083 -294.338654 36.011046
65.258113 -292.978985 37.005672
64.180144 -291.619316 38.000299
63.102174 -290.259648 38.994926
62.024205 -288.899979 39.989553
60.946235 -287.540310 40.984180
59.868265 -286.180642 41.978807
58.790296 -284.820973 42.973433
57.712326 -283.461304 43.968060
56.634357 -282.101635 44.962687
55.556387 -280.741967 45.957314
54.478417 -279.382298 46.951941
53.400448 -278.022629 47.946568
52.322478 -276.662960 48.941194
51.244509 -275.303292 49.935821
50.166539 -273.943623 50.930448
49.088570 -272.583954 51.925075
48.010600 -271.224285 52.919702
46.932630 -269.864617 53.914329
45.854661 -268.504948 54.908955
44.776691 -267.145279 55.903582
43.698722 -265.785611 56.898209
42.620752 -264.425942 57.892836
41.542782 -263.066273 58.887463
40.464813 -261.706604 59.882090
39.386843 -260.346936 60.876716
38.308874 -258.987267 61.871343
37.230904 -257.627598 62.865970
36.152935 -256.267929 63.860597
35.074965 -254.908261 64.855224
33.996995 -253.548592 65.849850
32.919026 -252.188923 66.844477
31.841056 -250.829255 67.839104
30.763087 -249.469586 68.833731
29.685117 -248.109917 69.828358
28.607147 -246.750248 70.822985
27.529178 -245.390580 71.817611
26.451208 -244.030911 72.812238
25.373239 -242.671242 73.806865
24.295269 -241.311573 74.801492
23.217300 -239.951905 75.796119
22.139330 -238.592236 76.790746
21.061360 -237.232567 77.785372
19.983391 -235.872899 78.779999
18.905421 -234.513230 79.774626
17.827452 -233.153561 80.769253
16.749482 -231.793892 81.763880
15.671512 -230.434224 82.758507
14.593543 -229.074555 83.753133
13.515573 -227.714886 84.747760
12.437604 -226.355217 85.742387
11.359634 -224.995549 86.737014
10.281665 -223.635880 87.731641
9.203695 -222.276211 88.726268
8.125725 -220.916543 89.720894
7.047756 -219.556874 90.715521
5.969786 -218.197205 91.710148
4.891817 -216.837536 92.704775
-337.557892 -377.287153 -42.437964
-336.490683 -375.948325 -43.471697
-335.423474 -374.609496 -44.505429
-334.356266 -373.270667 -45.539162
-333.289057 -371.931838 -46.572895
-332.221849 -370.593009 -47.606627
-331.154640 -369.254181 -48.640360
-330.087431 -367.915352 -49.674093
-329.020223 -366.576523 -50.707826
-327.953014 -365.237694 -51.741558
-326.885806 -363.898866 -52.775291
-325.818597 -362.560037 -53.809024
-324.751388 -361.221208 -54.842757
-323.684180 -359.882379 -55.876489
-322.616971 -358.543551 -56.910222
-321.549763 -357.204722 -57.943955
-320.482554 -355.865893 -58.977687
-319.415345 -354.527064 -60.011420
-318.348137 -353.188236 -61.045153
-317.280928 -351.849407 -62.078886
-316.213720 -350.510578 -63.112618
-315.146511 -349.171749 -64.146351
-314.079302 -347.832920 -65.180084
-313.012094 -346.494092 -66.213816
-311.944885 -345.155263 -67.247549
-310.877677 -343.816434 -68.281282
-309.810468 -342.477605 -69.315015
-308.743259 -341.138777 -70.348747
-307.676051 -339.799948 -71.382480
-306.608842 -338.461119 -72.416213
-305.541634 -337.122290 -73.449946
-304.474425 -335.783462 -74.483678
-303.407216 -334.444633 -75.517411
-302.340008 -333.105804 -76.551144
-301.272799 -331.766975 -77.584876
-300.205591 -330.428146 -78.618609
-299.138382 -329.089318 -79.652342
-298.071174 -327.750489 -80.686075
-297.003965 -326.411660 -81.719807
-295.936756 -325.072831 -82.753540
-294.869548 -323.734003 -83.787273
-293.802339 -322.395174 -84.821006
-292.735131 -321.056345 -85.854738
-291.667922 -319.717516 -86.888471
-290.600713 -318.378688 -87.922204
-289.533505 -317.039859 -88.955936
-288.466296 -315.701030 -89.989669
-287.399088 -314.362201 -91.023402
-286.331879 -313.023373 -92.057135
-285.264670 -311.684544 -93.090867
-284.197462 -310.345715 -94.124600
-283.130253 -309.006886 -95.158333
-282.063045 -307.668057 -96.192066
-280.995836 -306.329229 -97.225798
-279.928627 -304.990400 -98.259531
-278.861419 -303.651571 -99.293264
-277.794210 -302.312742 -100.326996
-276.727002 -300.973914 -101.360729
-275.659793 -299.635085 -102.394462
-274.592584 -298.296256 -103.428195
-273.525376 -296.957427 -104.461927
-272.458167 -295.618599 -105.495660
-271.390959 -294.279770 -106.529393
-270.323750 -292.940941 -107.563125
-269.256541 -291.602112 -108.596858
-268.189333 -290.263283 -109.630591
-267.122124 -288.924455 -110.664324
-266.054916 -287.585626 -111.698056
-264.987707 -286.246797 -112.731789
-263.920498 -284.907968 -113.765522
289.719113 137.432491 217.262357
290.517600 136.407504 218.782824
291.316087 135.382517 220.303292
292.114574 134.357530 221.823759
292.913060 133.332543 223.344226
293.711547 132.307556 224.864693
294.510034 131.282569 226.385160
295.308521 130.257582 227.905627
296.107008 129.232595 229.426095
296.905494 128.207608 230.946562
297.703981 127.182621 232.467029
298.502468 126.157634 233.987496
299.300955 125.132647 235.507963
300.099442 124.107659 237.028430
300.897928 123.082672 238.548898
301.696415 122.057685 240.069365
302.494902 121.032698 241.589832
303.293389 120.007711 243.110299
304.091875 118.982724 244.630766
304.890362 117.957737 246.151233
305.688849 116.932750 247.671700
306.487336 115.907763 249.192168
307.285823 114.882776 250.712635
308.084309 113.857789 252.233102
308.882796 112.832802 253.753569
309.681283 111.807815 255.274036
310.479770 110.782828 256.794503
311.278256 109.757841 258.314971
312.076743 108.732854 259.835438
312.875230 107.707867 261.355905
313.673717 106.682880 262.876372
314.472204 105.657893 264.396839
315.270690 104.632905 265.917306
316.069177 103.607918 267.437774
316.867664 102.582931 268.958241
317.666151 101.557944 270.478708
318.464638 100.532957 271.999175
319.263124 99.507970 273.519642
320.061611 98.482983 275.040109
320.860098 97.457996 276.560577
321.658585 96.433009 278.081044
322.457071 95.408022 279.601511
323.255558 94.383035 281.121978
324.054045 93.358048 282.642445
324.852532 92.333061 284.162912
325.651019 91.308074 285.683380
326.449505 90.283087 287.203847
327.247992 89.258100 288.724314
328.046479 88.233113 290.244781
328.844966 87.208126 291.765248
329.643452 86.183138 293.285715
330.441939 85.158151 294.806183
331.240426 84.133164 296.326650
332.038913 83.108177 297.847117
332.837400 82.083190 299.367584
333.635886 81.058203 300.888051
334.434373 80.033216 302.408518
335.232860 79.008229 303.928986
336.031347 77.983242 305.449453
336.829834 76.958255 306.969920
337.628320 75.933268 308.490387
338.426807 74.908281 310.010854
339.225294 73.883294 311.531321
340.023781 72.858307 313.051789
340.822267 71.833320 314.572256
341.620754 70.808333 316.092723
342.419241 69.783346 317.613190
343.217728 68.758359 319.133657
344.016215 67.733372 320.654124
344.814701 66.708384 322.174592
48.769864 -170.157149 357.500858
50.181860 -171.519503 357.113224
51.593855 -172.881857 356.725591
53.005851 -174.244211 356.337957
54.417847 -175.606565 355.950323
55.829842 -176.968919 355.562690
57.241838 -178.331273 355.175056
58.653834 -179.693626 354.787423
60.065829 -181.055980 354.399789
61.477825 -182.418334 354.012155
62.889821 -183.780688 353.624522
64.301816 -185.143042 353.236888
65.713812 -186.505396 352.849254
67.125808 -187.867750 352.461621
68.537803 -189.230104 352.073987
69.949799 -190.592458 351.686353
71.361795 -191.954812 351.298720
72.773790 -193.317166 350.911086
74.185786 -194.679520 350.523452
75.597782 -196.041874 350.135819
77.009778 -197.404228 349.748185
78.421773 -198.766582 349.360552
79.833769 -200.128936 348.972918
81.245765 -201.491290 348.585284
82.657760 -202.853644 348.197651
84.069756 -204.215998 347.810017
85.481752 -205.578352 347.422383
86.893747 -206.940706 347.034750
88.305743 -208.303060 346.647116
89.717739 -209.665414 346.259482
91.129734 -211.027768 345.871849
92.541730 -212.390122 345.484215
93.953726 -213.752476 345.096581
95.365721 -215.114830 344.708948
96.777717 -216.477184 344.321314
98.189713 -217.839538 343.933681
99.601709 -219.201892 343.546047
101.013704 -220.564246 343.158413
102.425700 -221.926600 342.770780
103.837696 -223.288954 342.383146
105.249691 -224.651308 341.995512
106.661687 -226.013662 341.607879
108.073683 -227.376015 341.220245
109.485678 -228.738369 340.832611
110.897674 -230.100723 340.444978
112.309670 -231.463077 340.057344
113.721665 -232.825431 339.669710
115.133661 -234.187785 339.282077
116.545657 -235.550139 338.894443
117.957652 -236.912493 338.506810
119.369648 -238.274847 338.119176
120.781644 -239.637201 337.731542
122.193639 -240.999555 337.343909
123.605635 -242.361909 336.956275
125.017631 -243.724263 336.568641
126.429627 -245.086617 336.181008
127.841622 -246.448971 335.793374
129.253618 -247.811325 335.405740
130.665614 -249.173679 335.018107
132.077609 -250.536033 334.630473
133.489605 -251.898387 334.242839
134.901601 -253.260741 333.855206
136.313596 -254.623095 333.467572
137.725592 -255.985449 333.079939
139.137588 -257.347803 332.692305
140.549583 -258.710157 332.304671
141.961579 -260.072511 331.917038
143.373575 -261.434865 331.529404
144.785570 -262.797219 331.141770
146.197566 -264.159573 330.754137
2.868013 76.649927 -75.000280
1.464780 77.551721 -76.103777
0.061547 78.453515 -77.207274
-1.341685 79.355309 -78.310770
-2.744918 80.257103 -79.414267
-4.148151 81.158898 -80.517764
-5.551384 82.060692 -81.621261
-6.954616 82.962486 -82.724758
-8.357849 83.864280 -83.828255
-9.761082 84.766074 -84.931752
-11.164314 85.667868 -86.035249
-12.567547 86.569662 -87.138745
-13.970780 87.471457 -88.242242
-15.374012 88.373251 -89.345739
-16.777245 89.275045 -90.449236
-18.180478 90.176839 -91.552733
-19.583710 91.078633 -92.656230
-20.986943 91.980427 -93.759727
-22.390176 92.882222 -94.863224
-23.793408 93.784016 -95.966720
-25.196641 94.685810 -97.070217
-26.599874 95.587604 -98.173714
-28.003106 96.489398 -99.277211
-29.406339 97.391192 -100.380708
-30.809572 98.292986 -101.484205
-32.212804 99.194781 -102.587702
-33.616037 100.096575 -103.691199
-35.019270 100.998369 -104.794695
-36.422502 101.900163 -105.898192
-37.825735 102.801957 -107.001689
-39.228968 103.703751 -108.105186
-40.632200 104.605546 -109.208683
-42.035433 105.507340 -110.312180
-43.438666 106.409134 -111.415677
-44.841898 107.310928 -112.519174
-46.245131 108.212722 -113.622671
-47.648364 109.114516 -114.726167
-49.051596 110.016311 -115.829664
-50.454829 110.918105 -116.933161
-51.858062 111.819899 -118.036658
-53.261294 112.721693 -119.140155
-54.664527 113.623487 -120.243652
-56.067760 114.525281 -121.347149
-57.470992 115.427075 -122.450646
-58.874225 116.328870 -123.554142
-60.277458 117.230664 -124.657639
-61.680691 118.132458 -125.761136
-63.083923 119.034252 -126.864633
-64.487156 119.936046 -127.968130
-65.890389 120.837840 -129.071627
-67.293621 121.739635 -130.175124
-68.696854 122.641429 -131.278621
-70.100087 123.543223 -132.382117
-71.503319 124.445017 -133.485614
-72.906552 125.346811 -134.589111
-74.309785 126.248605 -135.692608
-75.713017 127.150399 -136.796105
-77.116250 128.052194 -137.899602
-78.519483 128.953988 -139.003099
-79.922715 129.855782 -140.106596
-81.325948 130.757576 -141.210092
-82.729181 131.659370 -142.313589
-84.132413 132.561164 -143.417086
-85.535646 133.462959 -144.520583
-86.938879 134.364753 -145.624080
-88.342111 135.266547 -146.727577
-89.745344 136.168341 -147.831074
-91.148577 137.070135 -148.934571
-92.551809 137.971929 -150.038067
-93.955042 138.873723 -151.141564
65.566899 133.547961 239.231753
65.654604 132.604563 237.470416
65.742308 131.661165 235.709080
65.830013 130.717766 233.947743
65.917717 129.774368 232.186406
66.005421 128.830970 230.425069
66.093126 127.887571 228.663732
66.180830 126.944173 226.902395
66.268535 126.000774 225.141059
66.356239 125.057376 223.379722
66.443943 124.113978 221.618385
66.531648 123.170579 219.857048
66.619352 122.227181 218.095711
66.707057 121.283783 216.334374
66.794761 120.340384 214.573038
66.882466 119.396986 212.811701
66.970170 118.453587 211.050364
67.057874 117.510189 209.289027
67.145579 116.566791 207.527690
67.233283 115.623392 205.766353
67.320988 114.679994 204.005017
67.408692 113.736596 202.243680
67.496396 112.793197 200.482343
67.584101 111.849799 198.721006
67.671805 110.906400 196.959669
67.759510 109.963002 195.198332
67.847214 109.019604 193.436996
67.934919 108.076205 191.675659
68.022623 107.132807 189.914322
68.110327 106.189409 188.152985
68.198032 105.246010 186.391648
68.285736 104.302612 184.630311
68.373441 103.359214 182.868975
68.461145 102.415815 181.107638
68.548849 101.472417 179.346301
68.636554 100.529018 177.584964
68.724258 99.585620 175.823627
68.811963 98.642222 174.062290
68.899667 97.698823 172.300954
68.987372 96.755425 170.539617
69.075076 95.812027 168.778280
69.162780 94.868628 167.016943
69.250485 93.925230 165.255606
69.338189 92.981831 163.494269
69.425894 92.038433 161.732933
69.513598 91.095035 159.971596
69.601302 90.151636 158.210259
69.689007 89.208238 156.448922
69.776711 88.264840 154.687585
69.864416 87.321441 152.926248
69.952120 86.378043 151.164912
70.039825 85.434644 149.403575
70.127529 84.491246 147.642238
70.215233 83.547848 145.880901
70.302938 82.604449 144.119564
70.390642 81.661051 142.358227
70.478347 80.717653 140.596891
70.566051 79.774254 138.835554
70.653755 78.830856 137.074217
70.741460 77.887458 135.312880
70.829164 76.944059 133.551543
70.916869 76.000661 131.790206
71.004573 75.057262 130.028870
71.092278 74.113864 128.267533
71.179982 73.170466 126.506196
71.267686 72.227067 124.744859
71.355391 71.283669 122.983522
71.443095 70.340271 121.222185
71.530800 69.396872 119.460849
71.618504 68.453474 117.699512
221.910182 -324.322789 -64.553643
222.580177 -324.105875 -62.681731
223.250173 -323.888962 -60.809820
223.920169 -323.672048 -58.937908
224.590165 -323.455134 -57.065996
225.260161 -323.238221 -55.194084
225.930157 -323.021307 -53.322172
226.600153 -322.804394 -51.450260
227.270149 -322.587480 -49.578349
227.940145 -322.370566 -47.706437
228.610141 -322.153653 -45.834525
229.280137 -321.936739 -43.962613
229.950133 -321.719825 -42.090701
230.620128 -321.502912 -40.218789
231.290124 -321.285998 -38.346878
231.960120 -321.069084 -36.474966
232.630116 -320.852171 -34.603054
233.300112 -320.635257 -32.731142
233.970108 -320.418343 -30.859230
234.640104 -320.201430 -28.987318
235.310100 -319.984516 -27.115406
235.980096 -319.767603 -25.243495
236.650092 -319.550689 -23.371583
237.320088 -319.333775 -21.499671
237.990084 -319.116862 -19.627759
238.660079 -318.899948 -17.755847
239.330075 -318.683034 -15.883935
240.000071 -318.466121 -14.012024
240.670067 -318.249207 -12.140112
241.340063 -318.032293 -10.268200
242.010059 -317.815380 -8.396288
242.680055 -317.598466 -6.524376
243.350051 -317.381553 -4.652464
244.020047 -317.164639 -2.780553
244.690043 -316.947725 -0.908641
245.360039 -316.730812 0.963271
246.030035 -316.513898 2.835183
246.700030 -316.296984 4.707095
247.370026 -316.080071 6.579007
248.040022 -315.863157 8.450919
248.710018 -315.646243 10.322830
249.380014 -315.429330 12.194742
250.050010 -315.212416 14.066654
250.720006 -314.995503 15.938566
251.390002 -314.778589 17.810478
252.059998 -314.561675 19.682390
252.729994 -314.344762 21.554301
253.399990 -314.127848 23.426213
254.069986 -313.910934 25.298125
254.739981 -313.694021 27.170037
255.409977 -313.477107 29.041949
256.079973 -313.260193 30.913861
256.749969 -313.043280 32.785772
257.419965 -312.826366 34.657684
258.089961 -312.609452 36.529596
258.759957 -312.392539 38.401508
259.429953 -312.175625 40.273420
260.099949 -311.958712 42.145332
260.769945 -311.741798 44.017244
261.439941 -311.524884 45.889155
262.109937 -311.307971 47.761067
262.779932 -311.091057 49.632979
263.449928 -310.874143 51.504891
264.119924 -310.657230 53.376803
264.789920 -310.440316 55.248715
265.459916 -310.223402 57.120626
266.129912 -310.006489 58.992538
266.799908 -309.789575 60.864450
267.469904 -309.572662 62.736362
268.139900 -309.355748 64.608274
-147.082262 362.564613 8.411268
-147.531301 360.615771 8.391851
-147.980339 358.666928 8.372433
-148.429378 356.718086 8.353016
-148.878416 354.769243 8.333598
-149.327455 352.820400 8.314181
-149.776494 350.871558 8.294763
-150.225532 348.922715 8.275346
-150.674571 346.973873 8.255928
-151.123609 345.025030 8.236511
-151.572648 343.076188 8.217093
-152.021687 341.127345 8.197676
-152.470725 339.178503 8.178258
-152.919764 337.229660 8.158841
-153.368802 335.280818 8.139423
-153.817841 333.331975 8.120006
-154.266880 331.383132 8.100588
-154.715918 329.434290 8.081171
-155.164957 327.485447 8.061753
-155.613995 325.536605 8.042336
-156.063034 323.587762 8.022918
-156.512073 321.638920 8.003501
-156.961111 319.690077 7.984083
-157.410150 317.741235 7.964666
-157.859188 315.792392 7.945248
-158.308227 313.843549 7.925831
-158.757266 311.894707 7.906413
-159.206304 309.945864 7.886996
-159.655343 307.997022 7.867578
-160.104381 306.048179 7.848161
-160.553420 304.099337 7.828743
-161.002459 302.150494 7.809326
-161.451497 300.201652 7.789908
-161.900536 298.252809 7.770491
-162.349574 296.303966 7.751073
-162.798613 294.355124 7.731656
-163.247651 292.406281 7.712238
-163.696690 290.457439 7.692821
-164.145729 288.508596 7.673403
-164.594767 286.559754 7.653986
-165.043806 284.610911 7.634568
-165.492844 282.662069 7.615151
-165.941883 280.713226 7.595733
-166.390922 278.764383 7.576316
-166.839960 276.815541 7.556898
-167.288999 274.866698 7.537481
-167.738037 272.917856 7.518063
-168.187076 270.969013 7.498645
-168.636115 269.020171 7.479228
-169.085153 267.071328 7.459810
-169.534192 265.122486 7.440393
-169.983230 263.173643 7.420975
-170.432269 261.224800 7.401558
-170.881308 259.275958 7.382140
-171.330346 257.327115 7.362723
-171.779385 255.378273 7.343305
-172.228423 253.429430 7.323888
-172.677462 251.480588 7.304470
-173.126501 249.531745 7.285053
-173.575539 247.582903 7.265635
-174.024578 245.634060 7.246218
-174.473616 243.685217 7.226800
-174.922655 241.736375 7.207383
-175.371694 239.787532 7.187965
-175.820732 237.838690 7.168548
-176.269771 235.889847 7.149130
-176.718809 233.941005 7.129713
-177.167848 231.992162 7.110295
-177.616887 230.043320 7.090878
-178.065925 228.094477 7.071460
-315.367188 279.555276 -36.900830
-313.502682 279.527223 -37.623902
-311.638177 279.499170 -38.346974
-309.773672 279.471117 -39.070046
-307.909167 279.443064 -39.793118
-306.044661 279.415011 -40.516190
-304.180156 279.386958 -41.239262
-302.315651 279.358905 -41.962334
-300.451146 279.330852 -42.685406
-298.586640 279.302798 -43.408478
-296.722135 279.274745 -44.131550
-294.857630 279.246692 -44.854622
-292.993124 279.218639 -45.577694
-291.128619 279.190586 -46.300766
-289.264114 279.162533 -47.023838
-287.399609 279.134480 -47.746910
-285.535103 279.106427 -48.469982
-283.670598 279.078374 -49.193054
-281.806093 279.050321 -49.916126
-279.941588 279.022268 -50.639198
-278.077082 278.994215 -51.362270
-276.212577 278.966162 -52.085342
-274.348072 278.938109 -52.808414
-272.483567 278.910056 -53.531486
-270.619061 278.882003 -54.254558
-268.754556 278.853950 -54.977630
-266.890051 278.825897 -55.700702
-265.025545 278.797844 -56.423774
-263.161040 278.769791 -57.146846
-261.296535 278.741738 -57.869918
-259.432030 278.713685 -58.592990
-257.567524 278.685632 -59.316062
-255.703019 278.657578 -60.039134
-253.838514 278.629525 -60.762206
-251.974009 278.601472 -61.485278
-250.109503 278.573419 -62.208350
-248.244998 278.545366 -62.931422
-246.380493 278.517313 -63.654494
-244.515988 278.489260 -64.377566
-242.651482 278.461207 -65.100638
-240.786977 278.433154 -65.823710
-238.922472 278.405101 -66.546782
-237.057966 278.377048 -67.269854
-235.193461 278.348995 -67.992926
-233.328956 278.320942 -68.715998
-231.464451 278.292889 -69.439070
-229.599945 278.264836 -70.162142
-227.735440 278.236783 -70.885214
-225.870935 278.208730 -71.608286
-224.006430 278.180677 -72.331358
-222.141924 278.152624 -73.054430
-220.277419 278.124571 -73.777502
-218.412914 278.096518 -74.500574
-216.548409 278.068465 -75.223646
-214.683903 278.040412 -75.946718
-212.819398 278.012358 -76.669790
-210.954893 277.984305 -77.392862
-209.090387 277.956252 -78.115934
-207.225882 277.928199 -78.839006
-205.361377 277.900146 -79.562078
-203.496872 277.872093 -80.285150
-201.632366 277.844040 -81.008222
-199.767861 277.815987 -81.731294
-197.903356 277.787934 -82.454366
-196.038851 277.759881 -83.177438
-194.174345 277.731828 -83.900510
-192.309840 277.703775 -84.623583
-190.445335 277.675722 -85.346655
-188.580830 277.647669 -86.069727
-186.716324 277.619616 -86.792799
-69.613852 51.548619 -179.227018
-69.134978 53.427777 -179.716351
-68.656103 55.306934 -180.205683
-68.177229 57.186092 -180.695015
-67.698354 59.065249 -181.184347
-67.219480 60.944407 -181.673679
-66.740606 62.823565 -182.163011
-66.261731 64.702722 -182.652343
-65.782857 66.581880 -183.141676
-65.303982 68.461037 -183.631008
-64.825108 70.340195 -184.120340
-64.346234 72.219353 -184.609672
-63.867359 74.098510 -185.099004
-63.388485 75.977668 -185.588336
-62.909610 77.856826 -186.077668
-62.430736 79.735983 -186.567001
-61.951862 81.615141 -187.056333
-61.472987 83.494298 -187.545665
-60.994113 85.373456 -188.034997
-60.515239 87.252614 -188.524329
-60.036364 89.131771 -189.013661
-59.557490 91.010929 -189.502993
-59.078615 92.890087 -189.992326
-58.599741 94.769244 -190.481658
-58.120867 96.648402 -190.970990
-57.641992 98.527559 -191.460322
-57.163118 100.406717 -191.949654
-56.684243 102.285875 -192.438986
-56.205369 104.165032 -192.928318
-55.726495 106.044190 -193.417651
-55.247620 107.923348 -193.906983
-54.768746 109.802505 -194.396315
-54.289871 111.681663 -194.885647
-53.810997 113.560820 -195.374979
-53.332123 115.439978 -195.864311
-52.853248 117.319136 -196.353643
-52.374374 119.198293 -196.842976
-51.895499 121.077451 -197.332308
-51.416625 122.956609 -197.821640
-50.937751 124.835766 -198.310972
-50.458876 126.714924 -198.800304
-49.980002 128.594081 -199.289636
-49.501127 130.473239 -199.778968
-49.022253 132.352397 -200.268301
-48.543379 134.231554 -200.757633
-48.064504 136.110712 -201.246965
-47.585630 137.989870 -201.736297
-47.106756 139.869027 -202.225629
-46.627881 141.748185 -202.714961
-46.149007 143.627342 -203.204293
-45.670132 145.506500 -203.693626
-45.191258 147.385658 -204.182958
-44.712384 149.264815 -204.672290
-44.233509 151.143973 -205.161622
-43.754635 153.023130 -205.650954
-43.275760 154.902288 -206.140286
-42.796886 156.781446 -206.629618
-42.318012 158.660603 -207.118951
-41.839137 160.539761 -207.608283
-41.360263 162.418919 -208.097615
-40.881388 164.298076 -208.586947
-40.402514 166.177234 -209.076279
-39.923640 168.056391 -209.565611
-39.444765 169.935549 -210.054943
-38.965891 171.814707 -210.544276
-38.487016 173.693864 -211.033608
-38.008142 175.573022 -211.522940
-37.529268 177.452180 -212.012272
-37.050393 179.331337 -212.501604
-36.571519 181.210495 -212.990936
-14.195731 -197.079335 59.497901
-13.504298 -198.944727 59.703401
-12.812865 -200.810120 59.908900
-12.121431 -202.675513 60.114400
-11.429998 -204.540905 60.319899
-10.738565 -206.406298 60.525399
-10.047131 -208.271691 60.730898
-9.355698 -210.137084 60.936398
-8.664265 -212.002476 61.141897
-7.972831 -213.867869 61.347397
-7.281398 -215.733262 61.552896
-6.589965 -217.598654 61.758396
-5.898531 -219.464047 61.963895
-5.207098 -221.329440 62.169395
-4.515665 -223.194832 62.374894
-3.824231 -225.060225 62.580393
-3.132798 -226.925618 62.785893
-2.441365 -228.791011 62.991392
-1.749931 -230.656403 63.196892
-1.058498 -232.521796 63.402391
-0.367065 -234.387189 63.607891
0.324368 -236.252581 63.813390
1.015802 -238.117974 64.018890
1.707235 -239.983367 64.224389
2.398668 -241.848759 64.429889
3.090102 -243.714152 64.635388
3.781535 -245.579545 64.840888
4.472968 -247.444938 65.046387
5.164402 -249.310330 65.251887
5.855835 -251.175723 65.457386
6.547268 -253.041116 65.662886
7.238702 -254.906508 65.868385
7.930135 -256.771901 66.073884
8.621568 -258.637294 66.279384
9.313002 -260.502686 66.484883
10.004435 -262.368079 66.690383
10.695868 -264.233472 66.895882
11.387302 -266.098865 67.101382
12.078735 -267.964257 67.306881
12.770168 -269.829650 67.512381
13.461602 -271.695043 67.717880
14.153035 -273.560435 67.923380
14.844468 -275.425828 68.128879
15.535902 -277.291221 68.334379
16.227335 -279.156613 68.539878
16.918768 -281.022006 68.745378
17.610202 -282.887399 68.950877
18.301635 -284.752792 69.156376
18.993068 -286.618184 69.361876
19.684502 -288.483577 69.567375
20.375935 -290.348970 69.772875
21.067368 -292.214362 69.978374
21.758802 -294.079755 70.183874
22.450235 -295.945148 70.389373
23.141668 -297.810540 70.594873
23.833102 -299.675933 70.800372
24.524535 -301.541326 71.005872
25.215968 -303.406719 71.211371
25.907401 -305.272111 71.416871
26.598835 -307.137504 71.622370
27.290268 -309.002897 71.827870
27.981701 -310.868289 72.033369
28.673135 -312.733682 72.238869
29.364568 -314.599075 72.444368
30.056001 -316.464467 72.649867
30.747435 -318.329860 72.855367
31.438868 -320.195253 73.060866
32.130301 -322.060646 73.266366
32.821735 -323.926038 73.471865
33.513168 -325.791431 73.677365
-399.999131 346.992552 -245.672998
-399.308631 345.426854 -246.708275
-398.618130 343.861155 -247.743551
-397.927629 342.295457 -248.778828
-397.237128 340.729759 -249.814105
-396.546628 339.164060 -250.849381
-395.856127 337.598362 -251.884658
-395.165626 336.032664 -252.919934
-394.475125 334.466965 -253.955211
-393.784625 332.901267 -254.990487
-393.094124 331.335569 -256.025764
-392.403623 329.769871 -257.061040
-391.713122 328.204172 -258.096317
-391.022622 326.638474 -259.131594
-390.332121 325.072776 -260.166870
-389.641620 323.507077 -261.202147
-388.951119 321.941379 -262.237423
-388.260619 320.375681 -263.272700
-387.570118 318.809982 -264.307976
-386.879617 317.244284 -265.343253
-386.189116 315.678586 -266.378530
-385.498616 314.112888 -267.413806
-384.808115 312.547189 -268.449083
-384.117614 310.981491 -269.484359
-383.427113 309.415793 -270.519636
-382.736613 307.850094 -271.554912
-382.046112 306.284396 -272.590189
-381.355611 304.718698 -273.625465
-380.665110 303.152999 -274.660742
-379.974610 301.587301 -275.696019
-379.284109 300.021603 -276.731295
-378.593608 298.455905 -277.766572
-377.903108 296.890206 -278.801848
-377.212607 295.324508 -279.837125
-376.522106 293.758810 -280.872401
-375.831605 292.193111 -281.907678
-375.141105 290.627413 -282.942954
-374.450604 289.061715 -283.978231
-373.760103 287.496016 -285.013508
-373.069602 285.930318 -286.048784
-372.379102 284.364620 -287.084061
-371.688601 282.798922 -288.119337
-370.998100 281.233223 -289.154614
-370.307599 279.667525 -290.189890
-369.617099 278.101827 -291.225167
-368.926598 276.536128 -292.260443
-368.236097 274.970430 -293.295720
-367.545596 273.404732 -294.330997
-366.855096 271.839033 -295.366273
-366.164595 270.273335 -296.401550
-365.474094 268.707637 -297.436826
-364.783593 267.141939 -298.472103
-364.093093 265.576240 -299.507379
-363.402592 264.010542 -300.542656
-362.712091 262.444844 -301.577932
-362.021590 260.879145 -302.613209
-361.331090 259.313447 -303.648486
-360.640589 257.747749 -304.683762
-359.950088 256.182050 -305.719039
-359.259587 254.616352 -306.754315
-358.569087 253.050654 -307.789592
-357.878586 251.484955 -308.824868
-357.188085 249.919257 -309.860145
-356.497584 248.353559 -310.895421
-355.807084 246.787861 -311.930698
-355.116583 245.222162 -312.965975
-354.426082 243.656464 -314.001251
-353.735581 242.090766 -315.036528
-353.045081 240.525067 -316.071804
-352.354580 238.959369 -317.107081
256.008314 11.626478 -223.067845
255.313833 9.765833 -223.303840
254.619352 7.905187 -223.539834
253.924871 6.044541 -223.775828
253.230390 4.183895 -224.011822
252.535910 2.323249 -224.247816
251.841429 0.462603 -224.483811
251.146948 -1.398043 -224.719805
250.452467 -3.258688 -224.955799
249.757986 -5.119334 -225.191793
249.063505 -6.979980 -225.427787
248.369024 -8.840626 -225.663782
247.674543 -10.701272 -225.899776
246.980063 -12.561918 -226.135770
246.285582 -14.422564 -226.371764
245.591101 -16.283210 -226.607758
244.896620 -18.143855 -226.843753
244.202139 -20.004501 -227.079747
243.507658 -21.865147 -227.315741
242.813177 -23.725793 -227.551735
242.118696 -25.586439 -227.787730
241.424216 -27.447085 -228.023724
240.729735 -29.307731 -228.259718
240.035254 -31.168376 -228.495712
239.340773 -33.029022 -228.731706
238.646292 -34.889668 -228.967701
237.951811 -36.750314 -229.203695
237.257330 -38.610960 -229.439689
236.562849 -40.471606 -229.675683
235.868369 -42.332252 -229.911677
235.173888 -44.192898 -230.147672
234.479407 -46.053543 -230.383666
233.784926 -47.914189 -230.619660
233.090445 -49.774835 -230.855654
232.395964 -51.635481 -231.091648
231.701483 -53.496127 -231.327643
231.007002 -55.356773 -231.563637
230.312521 -57.217419 -231.799631
229.618041 -59.078064 -232.035625
228.923560 -60.938710 -232.271620
228.229079 -62.799356 -232.507614
227.534598 -64.660002 -232.743608
226.840117 -66.520648 -232.979602
226.145636 -68.381294 -233.215596
225.451155 -70.241940 -233.451591
224.756674 -72.102586 -233.687585
224.062194 -73.963231 -233.923579
223.367713 -75.823877 -234.159573
222.673232 -77.684523 -234.395567
221.978751 -79.545169 -234.631562
221.284270 -81.405815 -234.867556
220.589789 -83.266461 -235.103550
219.895308 -85.127107 -235.339544
219.200827 -86.987752 -235.575538
218.506347 -88.848398 -235.811533
217.811866 -90.709044 -236.047527
217.117385 -92.569690 -236.283521
216.422904 -94.430336 -236.519515
215.728423 -96.290982 -236.755509
215.033942 -98.151628 -236.991504
214.339461 -100.012274 -237.227498
213.644980 -101.872919 -237.463492
212.950500 -103.733565 -237.699486
212.256019 -105.594211 -237.935481
211.561538 -107.454857 -238.171475
210.867057 -109.315503 -238.407469
210.172576 -111.176149 -238.643463
209.478095 -113.036795 -238.879457
208.783614 -114.897440 -239.115452
208.089133 -116.758086 -239.351446
234.439034 -119.276274 -56.683854
235.483069 -118.077584 -55.470127
236.527103 -116.878894 -54.256400
237.571138 -115.680204 -53.042672
238.615172 -114.481514 -51.828945
239.659206 -113.282824 -50.615217
240.703241 -112.084134 -49.401490
241.747275 -110.885444 -48.187763
242.791310 -109.686754 -46.974035
243.835344 -108.488063 -45.760308
244.879379 -107.289373 -44.546580
245.923413 -106.090683 -43.332853
246.967447 -104.891993 -42.119126
248.011482 -103.693303 -40.905398
249.055516 -102.494613 -39.691671
250.099551 -101.295923 -38.477944
251.143585 -100.097233 -37.264216
252.187619 -98.898543 -36.050489
253.231654 -97.699853 -34.836761
254.275688 -96.501162 -33.623034
255.319723 -95.302472 -32.409307
256.363757 -94.103782 -31.195579
257.407791 -92.905092 -29.981852
258.451826 -91.706402 -28.768124
259.495860 -90.507712 -27.554397
260.539895 -89.309022 -26.340670
261.583929 -88.110332 -25.126942
262.627964 -86.911642 -23.913215
263.671998 -85.712951 -22.699487
264.716032 -84.514261 -21.485760
265.760067 -83.315571 -20.272033
266.804101 -82.116881 -19.058305
267.848136 -80.918191 -17.844578
268.892170 -79.719501 -16.630851
269.936204 -78.520811 -15.417123
270.980239 -77.322121 -14.203396
272.024273 -76.123431 -12.989668
273.068308 -74.924741 -11.775941
274.112342 -73.726050 -10.562214
275.156377 -72.527360 -9.348486
276.200411 -71.328670 -8.134759
277.244445 -70.129980 -6.921031
278.288480 -68.931290 -5.707304
279.332514 -67.732600 -4.493577
280.376549 -66.533910 -3.279849
281.420583 -65.335220 -2.066122
282.464617 -64.136530 -0.852394
283.508652 -62.937839 0.361333
284.552686 -61.739149 1.575060
285.596721 -60.540459 2.788788
286.640755 -59.341769 4.002515
287.684789 -58.143079 5.216242
288.728824 -56.944389 6.429970
289.772858 -55.745699 7.643697
290.816893 -54.547009 8.857425
291.860927 -53.348319 10.071152
292.904962 -52.149629 11.284879
293.948996 -50.950938 12.498607
294.993030 -49.752248 13.712334
296.037065 -48.553558 14.926062
297.081099 -47.354868 16.139789
298.125134 -46.156178 17.353516
299.169168 -44.957488 18.567244
300.213202 -43.758798 19.780971
301.257237 -42.560108 20.994699
302.301271 -41.361418 22.208426
303.345306 -40.162727 23.422153
304.389340 -38.964037 24.635881
305.433374 -37.765347 25.849608
306.477409 -36.566657 27.063335
-367.408195 -267.726926 -7.392607
-366.948048 -266.340039 -6.027027
-366.487902 -264.953151 -4.661447
-366.027756 -263.566264 -3.295867
-365.567609 -262.179376 -1.930288
-365.107463 -260.792488 -0.564708
-364.647316 -259.405601 0.800872
-364.187170 -258.018713 2.166452
-363.727024 -256.631826 3.532032
-363.266877 -255.244938 4.897612
-362.806731 -253.858051 6.263191
-362.346585 -252.471163 7.628771
-361.886438 -251.084276 8.994351
-361.426292 -249.697388 10.359931
-360.966145 -248.310501 11.725511
-360.505999 -246.923613 13.091091
-360.045853 -245.536726 14.456671
-359.585706 -244.149838 15.822250
-359.125560 -242.762951 17.187830
-358.665413 -241.376063 18.553410
-358.205267 -239.989176 19.918990
-357.745121 -238.602288 21.284570
-357.284974 -237.215401 22.650150
-356.824828 -235.828513 24.015729
-356.364681 -234.441626 25.381309
-355.904535 -233.054738 26.746889
-355.444389 -231.667851 28.112469
-354.984242 -230.280963 29.478049
-354.524096 -228.894076 30.843629
-354.063950 -227.507188 32.209209
-353.603803 -226.120301 33.574788
-353.143657 -224.733413 34.940368
-352.683510 -223.346526 36.305948
-352.223364 -221.959638 37.671528
-351.763218 -220.572751 39.037108
-351.303071 -219.185863 40.402688
-350.842925 -217.798975 41.768268
-350.382778 -216.412088 43.133847
-349.922632 -215.025200 44.499427
-349.462486 -213.638313 45.865007
-349.002339 -212.251425 47.230587
-348.542193 -210.864538 48.596167
-348.082047 -209.477650 49.961747
-347.621900 -208.090763 51.327326
-347.161754 -206.703875 52.692906
-346.701607 -205.316988 54.058486
-346.241461 -203.930100 55.424066
-345.781315 -202.543213 56.789646
-345.321168 -201.156325 58.155226
-344.861022 -199.769438 59.520806
-344.400875 -198.382550 60.886385
-343.940729 -196.995663 62.251965
-343.480583 -195.608775 63.617545
-343.020436 -194.221888 64.983125
-342.560290 -192.835000 66.348705
-342.100144 -191.448113 67.714285
-341.639997 -190.061225 69.079864
-341.179851 -188.674338 70.445444
-340.719704 -187.287450 71.811024
-340.259558 -185.900563 73.176604
-339.799412 -184.513675 74.542184
-339.339265 -183.126788 75.907764
-338.879119 -181.739900 77.273344
-338.418972 -180.353013 78.638923
-337.958826 -178.966125 80.004503
-337.498680 -177.579238 81.370083
-337.038533 -176.192350 82.735663
-336.578387 -174.805463 84.101243
-336.118241 -173.418575 85.466823
-335.658094 -172.031687 86.832403
-62.044942 -200.891453 399.999606
-63.050143 -199.257650 399.433690
-64.055344 -197.623848 398.867775
-65.060546 -195.990046 398.301859
-66.065747 -194.356243 397.735944
-67.070948 -192.722441 397.170028
-68.076149 -191.088638 396.604113
-69.081351 -189.454836 396.038198
-70.086552 -187.821034 395.472282
-71.091753 -186.187231 394.906367
-72.096954 -184.553429 394.340451
-73.102156 -182.919627 393.774536
-74.107357 -181.285824 393.208620
-75.112558 -179.652022 392.642705
-76.117759 -178.018219 392.076790
-77.122960 -176.384417 391.510874
-78.128162 -174.750615 390.944959
-79.133363 -173.116812 390.379043
-80.138564 -171.483010 389.813128
-81.143765 -169.849207 389.247213
-82.148967 -168.215405 388.681297
-83.154168 -166.581603 388.115382
-84.159369 -164.947800 387.549466
-85.164570 -163.313998 386.983551
-86.169772 -161.680196 386.417635
-87.174973 -160.046393 385.851720
-88.180174 -158.412591 385.285805
-89.185375 -156.778788 384.719889
-90.190576 -155.144986 384.153974
-91.195778 -153.511184 383.588058
-92.200979 -151.877381 383.022143
-93.206180 -150.243579 382.456227
-94.211381 -148.609777 381.890312
-95.216583 -146.975974 381.324397
-96.221784 -145.342172 380.758481
-97.226985 -143.708369 380.192566
-98.232186 -142.074567 379.626650
-99.237388 -140.440765 379.060735
-100.242589 -138.806962 378.494819
-101.247790 -137.173160 377.928904
-102.252991 -135.539358 377.362989
-103.258192 -133.905555 376.797073
-104.263394 -132.271753 376.231158
-105.268595 -130.637950 375.665242
-106.273796 -129.004148 375.099327
-107.278997 -127.370346 374.533411
-108.284199 -125.736543 373.967496
-109.289400 -124.102741 373.401581
-110.294601 -122.468938 372.835665
-111.299802 -120.835136 372.269750
-112.305004 -119.201334 371.703834
-113.310205 -117.567531 371.137919
-114.315406 -115.933729 370.572003
-115.320607 -114.299927 370.006088
-116.325809 -112.666124 369.440173
-117.331010 -111.032322 368.874257
-118.336211 -109.398519 368.308342
-119.341412 -107.764717 367.742426
-120.346613 -106.130915 367.176511
-121.351815 -104.497112 366.610596
-122.357016 -102.863310 366.044680
-123.362217 -101.229508 365.478765
-124.367418 -99.595705 364.912849
-125.372620 -97.961903 364.346934
-126.377821 -96.328100 363.781018
-127.383022 -94.694298 363.215103
-128.388223 -93.060496 362.649188
-129.393425 -91.426693 362.083272
-130.398626 -89.792891 361.517357
-131.403827 -88.159089 360.951441
-273.474210 344.091047 -86.744183
-271.622487 344.778581 -87.057903
-269.770765 345.466116 -87.371622
-267.919042 346.153650 -87.685342
-266.067319 346.841184 -87.999062
-264.215597 347.528718 -88.312782
-262.363874 348.216252 -88.626501
-260.512151 348.903787 -88.940221
-258.660429 349.591321 -89.253941
-256.808706 350.278855 -89.567660
-254.956984 350.966389 -89.881380
-253.105261 351.653923 -90.195100
-251.253538 352.341458 -90.508820
-249.401816 353.028992 -90.822539
-247.550093 353.716526 -91.136259
-245.698370 354.404060 -91.449979
-243.846648 355.091594 -91.763699
-241.994925 355.779129 -92.077418
-240.143203 356.466663 -92.391138
-238.291480 357.154197 -92.704858
-236.439757 357.841731 -93.018577
-234.588035 358.529265 -93.332297
-232.736312 359.216800 -93.646017
-230.884590 359.904334 -93.959737
-229.032867 360.591868 -94.273456
-227.181144 361.279402 -94.587176
-225.329422 361.966936 -94.900896
-223.477699 362.654471 -95.214615
-221.625976 363.342005 -95.528335
-219.774254 364.029539 -95.842055
-217.922531 364.717073 -96.155775
-216.070809 365.404608 -96.469494
-214.219086 366.092142 -96.783214
-212.367363 366.779676 -97.096934
-210.515641 367.467210 -97.410654
-208.663918 368.154744 -97.724373
-206.812196 368.842279 -98.038093
-204.960473 369.529813 -98.351813
-203.108750 370.217347 -98.665532
-201.257028 370.904881 -98.979252
-199.405305 371.592415 -99.292972
-197.553582 372.279950 -99.606692
-195.701860 372.967484 -99.920411
-193.850137 373.655018 -100.234131
-191.998415 374.342552 -100.547851
-190.146692 375.030086 -100.861570
-188.294969 375.717621 -101.175290
-186.443247 376.405155 -101.489010
-184.591524 377.092689 -101.802730
-182.739802 377.780223 -102.116449
-180.888079 378.467757 -102.430169
-179.036356 379.155292 -102.743889
-177.184634 379.842826 -103.057609
-175.332911 380.530360 -103.371328
-173.481188 381.217894 -103.685048
-171.629466 381.905428 -103.998768
-169.777743 382.592963 -104.312487
-167.926021 383.280497 -104.626207
-166.074298 383.968031 -104.939927
-164.222575 384.655565 -105.253647
-162.370853 385.343099 -105.567366
-160.519130 386.030634 -105.881086
-158.667407 386.718168 -106.194806
-156.815685 387.405702 -106.508526
-154.963962 388.093236 -106.822245
-153.112240 388.780770 -107.135965
-151.260517 389.468305 -107.449685
-149.408794 390.155839 -107.763404
-147.557072 390.843373 -108.077124
-145.705349 391.530907 -108.390844
-351.239170 176.988518 -55.509014
-351.092271 176.549170 -53.563405
-350.945372 176.109822 -51.617796
-350.798473 175.670475 -49.672187
-350.651574 175.231127 -47.726579
-350.504675 174.791779 -45.780970
-350.357777 174.352432 -43.835361
-350.210878 173.913084 -41.889752
-350.063979 173.473736 -39.944143
-349.917080 173.034388 -37.998534
-349.770181 172.595041 -36.052925
-349.623282 172.155693 -34.107316
-349.476383 171.716345 -32.161707
-349.329484 171.276998 -30.216098
-349.182585 170.837650 -28.270489
-349.035686 170.398302 -26.324880
-348.888787 169.958954 -24.379271
-348.741888 169.519607 -22.433662
-348.594989 169.080259 -20.488053
-348.448090 168.640911 -18.542444
-348.301191 168.201563 -16.596835
-348.154292 167.762216 -14.651226
-348.007393 167.322868 -12.705617
-347.860494 166.883520 -10.760008
-347.713595 166.444173 -8.814399
-347.566696 166.004825 -6.868790
-347.419797 165.565477 -4.923181
-347.272898 165.126129 -2.977572
-347.126000 164.686782 -1.031963
-346.979101 164.247434 0.913646
-346.832202 163.808086 2.859255
-346.685303 163.368739 4.804864
-346.538404 162.929391 6.750473
-346.391505 162.490043 8.696082
-346.244606 162.050695 10.641691
-346.097707 161.611348 12.587300
-345.950808 161.172000 14.532909
-345.803909 160.732652 16.478518
-345.657010 160.293305 18.424127
-345.510111 159.853957 20.369736
-345.363212 159.414609 22.315345
-345.216313 158.975261 24.260953
-345.069414 158.535914 26.206562
-344.922515 158.096566 28.152171
-344.775616 157.657218 30.097780
-344.628717 157.217870 32.043389
-344.481818 156.778523 33.988998
-344.334919 156.339175 35.934607
-344.188020 155.899827 37.880216
-344.041121 155.460480 39.825825
-343.894223 155.021132 41.771434
-343.747324 154.581784 43.717043
-343.600425 154.142436 45.662652
-343.453526 153.703089 47.608261
-343.306627 153.263741 49.553870
-343.159728 152.824393 51.499479
-343.012829 152.385046 53.445088
-342.865930 151.945698 55.390697
-342.719031 151.506350 57.336306
-342.572132 151.067002 59.281915
-342.425233 150.627655 61.227524
-342.278334 150.188307 63.173133
-342.131435 149.748959 65.118742
-341.984536 149.309611 67.064351
-341.837637 148.870264 69.009960
-341.690738 148.430916 70.955569
-341.543839 147.991568 72.901178
-341.396940 147.552221 74.846787
-341.250041 147.112873 76.792396
-341.103142 146.673525 78.738005
272.814186 -268.524571 -261.769500
271.411914 -268.950340 -263.130512
270.009642 -269.376109 -264.491524
268.607370 -269.801878 -265.852536
267.205098 -270.227647 -267.213548
265.802825 -270.653416 -268.574560
264.400553 -271.079185 -269.935572
262.998281 -271.504954 -271.296584
261.596009 -271.930723 -272.657596
260.193737 -272.356492 -274.018608
258.791465 -272.782260 -275.379620
257.389193 -273.208029 -276.740632
255.986920 -273.633798 -278.101644
254.584648 -274.059567 -279.462656
253.182376 -274.485336 -280.823668
251.780104 -274.911105 -282.184680
250.377832 -275.336874 -283.545692
248.975560 -275.762643 -284.906704
247.573287 -276.188412 -286.267716
246.171015 -276.614181 -287.628728
244.768743 -277.039950 -288.989740
243.366471 -277.465719 -290.350752
241.964199 -277.891487 -291.711764
240.561927 -278.317256 -293.072776
239.159655 -278.743025 -294.433788
237.757382 -279.168794 -295.794800
236.355110 -279.594563 -297.155812
234.952838 -280.020332 -298.516824
233.550566 -280.446101 -299.877836
232.148294 -280.871870 -301.238848
230.746022 -281.297639 -302.599860
229.343749 -281.723408 -303.960872
227.941477 -282.149177 -305.321884
226.539205 -282.574946 -306.682896
225.136933 -283.000715 -308.043908
223.734661 -283.426483 -309.404920
222.332389 -283.852252 -310.765932
220.930117 -284.278021 -312.126944
219.527844 -284.703790 -313.487956
218.125572 -285.129559 -314.848968
216.723300 -285.555328 -316.209980
215.321028 -285.981097 -317.570992
213.918756 -286.406866 -318.932004
212.516484 -286.832635 -320.293016
211.114211 -287.258404 -321.654028
209.711939 -287.684173 -323.015040
208.309667 -288.109942 -324.376052
206.907395 -288.535711 -325.737064
205.505123 -288.961479 -327.098076
204.102851 -289.387248 -328.459088
202.700579 -289.813017 -329.820100
201.298306 -290.238786 -331.181112
199.896034 -290.664555 -332.542124
198.493762 -291.090324 -333.903136
197.091490 -291.516093 -335.264148
195.689218 -291.941862 -336.625160
194.286946 -292.367631 -337.986172
192.884674 -292.793400 -339.347184
191.482401 -293.219169 -340.708195
190.080129 -293.644938 -342.069207
188.677857 -294.070707 -343.430219
187.275585 -294.496475 -344.791231
185.873313 -294.922244 -346.152243
184.471041 -295.348013 -347.513255
183.068768 -295.773782 -348.874267
181.666496 -296.199551 -350.235279
180.264224 -296.625320 -351.596291
178.861952 -297.051089 -352.957303
177.459680 -297.476858 -354.318315
176.057408 -297.902627 -355.679327
-8.045864 185.018459 298.723152
-8.091198 186.656364 299.869979
-8.136533 188.294269 301.016805
-8.181867 189.932175 302.163631
-8.227202 191.570080 303.310458
-8.272536 193.207985 304.457284
-8.317871 194.845891 305.604111
-8.363205 196.483796 306.750937
-8.408540 198.121702 307.897763
-8.453874 199.759607 309.044590
-8.499209 201.397512 310.191416
-8.544543 203.035418 311.338243
-8.589878 204.673323 312.485069
-8.635212 206.311228 313.631895
-8.680547 207.949134 314.778722
-8.725881 209.587039 315.925548
-8.771216 211.224944 317.072375
-8.816550 212.862850 318.219201
-8.861885 214.500755 319.366027
-8.907219 216.138661 320.512854
-8.952554 217.776566 321.659680
-8.997888 219.414471 322.806507
-9.043223 221.052377 323.953333
-9.088557 222.690282 325.100159
-9.133892 224.328187 326.246986
-9.179226 225.966093 327.393812
-9.224561 227.603998 328.540639
-9.269895 229.241903 329.687465
-9.315230 230.879809 330.834291
-9.360564 232.517714 331.981118
-9.405899 234.155620 333.127944
-9.451233 235.793525 334.274771
-9.496568 237.431430 335.421597
-9.541902 239.069336 336.568423
-9.587237 240.707241 337.715250
-9.632571 242.345146 338.862076
-9.677906 243.983052 340.008903
-9.723240 245.620957 341.155729
-9.768575 247.258862 342.302555
-9.813909 248.896768 343.449382
-9.859244 250.534673 344.596208
-9.904578 252.172579 345.743035
-9.949913 253.810484 346.889861
-9.995247 255.448389 348.036687
-10.040582 257.086295 349.183514
-10.085916 258.724200 350.330340
-10.131251 260.362105 351.477167
-10.176585 262.000011 352.623993
-10.221920 263.637916 353.770819
-10.267254 265.275822 354.917646
-10.312589 266.913727 356.064472
-10.357923 268.551632 357.211299
-10.403258 270.189538 358.358125
-10.448592 271.827443 359.504952
-10.493927 273.465348 360.651778
-10.539261 275.103254 361.798604
-10.584596 276.741159 362.945431
-10.629930 278.379064 364.092257
-10.675265 280.016970 365.239084
-10.720600 281.654875 366.385910
-10.765934 283.292781 367.532736
-10.811269 284.930686 368.679563
-10.856603 286.568591 369.826389
-10.901938 288.206497 370.973216
-10.947272 289.844402 372.120042
-10.992607 291.482307 373.266868
-11.037941 293.120213 374.413695
-11.083276 294.758118 375.560521
-11.128610 296.396023 376.707348
-11.173945 298.033929 377.854174
-127.968926 4.560519 364.558081
-128.394043 4.458792 362.606434
-128.819160 4.357066 360.654786
-129.244277 4.255339 358.703139
-129.669394 4.153612 356.751492
-130.094511 4.051885 354.799844
-130.519628 3.950158 352.848197
-130.944745 3.848431 350.896550
-131.369862 3.746704 348.944902
-131.794979 3.644977 346.993255
-132.220096 3.543250 345.041608
-132.645213 3.441524 343.089961
-133.070330 3.339797 341.138313
-133.495447 3.238070 339.186666
-133.920564 3.136343 337.235019
-134.345681 3.034616 335.283371
-134.770798 2.932889 333.331724
-135.195915 2.831162 331.380077
-135.621032 2.729435 329.428429
-136.046149 2.627709 327.476782
-136.471266 2.525982 325.525135
-136.896383 2.424255 323.573488
-137.321500 2.322528 321.621840
-137.746617 2.220801 319.670193
-138.171734 2.119074 317.718546
-138.596851 2.017347 315.766898
-139.021968 1.915620 313.815251
-139.447085 1.813893 311.863604
-139.872202 1.712167 309.911956
-140.297319 1.610440 307.960309
-140.722436 1.508713 306.008662
-141.147553 1.406986 304.057015
-141.572670 1.305259 302.105367
-141.997787 1.203532 300.153720
-142.422904 1.101805 298.202073
-142.848021 1.000078 296.250425
-143.273138 0.898352 294.298778
-143.698255 0.796625 292.347131
-144.123372 0.694898 290.395483
-144.548489 0.593171 288.443836
-144.973606 0.491444 286.492189
-145.398723 0.389717 284.540542
-145.823840 0.287990 282.588894
-146.248957 0.186263 280.637247
-146.674074 0.084536 278.685600
-147.099191 -0.017190 276.733952
-147.524308 -0.118917 274.782305
-147.949425 -0.220644 272.830658
-148.374542 -0.322371 270.879011
-148.799659 -0.424098 268.927363
-149.224776 -0.525825 266.975716
-149.649893 -0.627552 265.024069
-150.075010 -0.729279 263.072421
-150.500127 -0.831006 261.120774
-150.925244 -0.932732 259.169127
-151.350361 -1.034459 257.217479
-151.775478 -1.136186 255.265832
-152.200595 -1.237913 253.314185
-152.625712 -1.339640 251.362538
-153.050829 -1.441367 249.410890
-153.475946 -1.543094 247.459243
-153.901063 -1.644821 245.507596
-154.326180 -1.746547 243.555948
-154.751297 -1.848274 241.604301
-155.176414 -1.950001 239.652654
-155.601531 -2.051728 237.701006
-156.026648 -2.153455 235.749359
-156.451765 -2.255182 233.797712
-156.876882 -2.356909 231.846065
-157.301999 -2.458636 229.894417
66.365947 346.842135 71.814980
65.298299 345.151360 71.777449
64.230650 343.460586 71.739918
63.163002 341.769811 71.702387
62.095353 340.079037 71.664857
61.027705 338.388262 71.627326
59.960056 336.697488 71.589795
58.892408 335.006714 71.552265
57.824759 333.315939 71.514734
56.757111 331.625165 71.477203
55.689463 329.934390 71.439673
54.621814 328.243616 71.402142
53.554166 326.552841 71.364611
52.486517 324.862067 71.327081
51.418869 323.171292 71.289550
50.351220 321.480518 71.252019
49.283572 319.789744 71.214489
48.215923 318.098969 71.176958
47.148275 316.408195 71.139427
46.080626 314.717420 71.101897
45.012978 313.026646 71.064366
43.945329 311.335871 71.026835
42.877681 309.645097 70.989305
41.810033 307.954322 70.951774
40.742384 306.263548 70.914243
39.674736 304.572774 70.876712
38.607087 302.881999 70.839182
37.539439 301.191225 70.801651
36.471790 299.500450 70.764120
35.404142 297.809676 70.726590
34.336493 296.118901 70.689059
33.268845 294.428127 70.651528
32.201196 292.737353 70.613998
31.133548 291.046578 70.576467
30.065899 289.355804 70.538936
28.998251 287.665029 70.501406
27.930603 285.974255 70.463875
26.862954 284.283480 70.426344
25.795306 282.592706 70.388814
24.727657 280.901931 70.351283
23.660009 279.211157 70.313752
22.592360 277.520383 70.276222
21.524712 275.829608 70.238691
20.457063 274.138834 70.201160
19.389415 272.448059 70.163630
18.321766 270.757285 70.126099
17.254118 269.066510 70.088568
16.186469 267.375736 70.051037
15.118821 265.684961 70.013507
14.051173 263.994187 69.975976
12.983524 262.303413 69.938445
11.915876 260.612638 69.900915
10.848227 258.921864 69.863384
9.780579 257.231089 69.825853
8.712930 255.540315 69.788323
7.645282 253.849540 69.750792
6.577633 252.158766 69.713261
5.509985 250.467991 69.675731
4.442336 248.777217 69.638200
3.374688 247.086443 69.600669
2.307039 245.395668 69.563139
1.239391 243.704894 69.525608
0.171743 242.014119 69.488077
-0.895906 240.323345 69.450547
-1.963554 238.632570 69.413016
-3.031203 236.941796 69.375485
-4.098851 235.251022 69.337955
-5.166500 233.560247 69.300424
-6.234148 231.869473 69.262893
-7.301797 230.178698 69.225363
63.226752 -69.816648 183.194216
65.138515 -69.539503 182.676187
67.050278 -69.262358 182.158157
68.962040 -68.985212 181.640128
70.873803 -68.708067 181.122099
72.785566 -68.430922 180.604070
74.697328 -68.153776 180.086041
76.609091 -67.876631 179.568012
78.520853 -67.599486 179.049983
80.432616 -67.322340 178.531954
82.344379 -67.045195 178.013925
84.256141 -66.768050 177.495896
86.167904 -66.490905 176.977867
88.079667 -66.213759 176.459838
89.991429 -65.936614 175.941809
91.903192 -65.659469 175.423780
93.814955 -65.382323 174.905751
95.726717 -65.105178 174.387722
97.638480 -64.828033 173.869693
99.550242 -64.550887 173.351664
101.462005 -64.273742 172.833635
103.373768 -63.996597 172.315606
105.285530 -63.719451 171.797576
107.197293 -63.442306 171.279547
109.109056 -63.165161 170.761518
111.020818 -62.888015 170.243489
112.932581 -62.610870 169.725460
114.844343 -62.333725 169.207431
116.756106 -62.056579 168.689402
118.667869 -61.779434 168.171373
120.579631 -61.502289 167.653344
122.491394 -61.225143 167.135315
124.403157 -60.947998 166.617286
126.314919 -60.670853 166.099257
128.226682 -60.393707 165.581228
130.138445 -60.116562 165.063199
132.050207 -59.839417 164.545170
133.961970 -59.562271 164.027141
135.873732 -59.285126 163.509112
137.785495 -59.007981 162.991083
139.697258 -58.730835 162.473054
141.609020 -58.453690 161.955024
143.520783 -58.176545 161.436995
145.432546 -57.899399 160.918966
147.344308 -57.622254 160.400937
149.256071 -57.345109 159.882908
151.167834 -57.067963 159.364879
153.079596 -56.790818 158.846850
154.991359 -56.513673 158.328821
156.903121 -56.236527 157.810792
158.814884 -55.959382 157.292763
160.726647 -55.682237 156.774734
162.638409 -55.405091 156.256705
164.550172 -55.127946 155.738676
166.461935 -54.850801 155.220647
168.373697 -54.573655 154.702618
170.285460 -54.296510 154.184589
172.197223 -54.019365 153.666560
174.108985 -53.742219 153.148531
176.020748 -53.465074 152.630502
177.932510 -53.187929 152.112473
179.844273 -52.910783 151.594443
181.756036 -52.633638 151.076414
183.667798 -52.356493 150.558385
185.579561 -52.079347 150.040356
187.491324 -51.802202 149.522327
189.403086 -51.525057 149.004298
191.314849 -51.247911 148.486269
193.226611 -50.970766 147.968240
195.138374 -50.693621 147.450211
-290.246541 80.213008 -104.663675
-288.486130 79.363762 -105.087624
-286.725718 78.514517 -105.511573
-284.965306 77.665272 -105.935521
-283.204894 76.816026 -106.359470
-281.444482 75.966781 -106.783419
-279.684071 75.117535 -107.207367
-277.923659 74.268290 -107.631316
-276.163247 73.419044 -108.055265
-274.402835 72.569799 -108.479213
-272.642423 71.720553 -108.903162
-270.882012 70.871308 -109.327111
-269.121600 70.022063 -109.751059
-267.361188 69.172817 -110.175008
-265.600776 68.323572 -110.598957
-263.840364 67.474326 -111.022905
-262.079952 66.625081 -111.446854
-260.319541 65.775835 -111.870803
-258.559129 64.926590 -112.294751
-256.798717 64.077345 -112.718700
-255.038305 63.228099 -113.142648
-253.277893 62.378854 -113.566597
-251.517482 61.529608 -113.990546
-249.757070 60.680363 -114.414494
-247.996658 59.831117 -114.838443
-246.236246 58.981872 -115.262392
-244.475834 58.132627 -115.686340
-242.715423 57.283381 -116.110289
-240.955011 56.434136 -116.534238
-239.194599 55.584890 -116.958186
-237.434187 54.735645 -117.382135
-235.673775 53.886399 -117.806084
-233.913364 53.037154 -118.230032
-232.152952 52.187909 -118.653981
-230.392540 51.338663 -119.077930
-228.632128 50.489418 -119.501878
-226.871716 49.640172 -119.925827
-225.111304 48.790927 -120.349776
-223.350893 47.941681 -120.773724
-221.590481 47.092436 -121.197673
-219.830069 46.243191 -121.621622
-218.069657 45.393945 -122.045570
-216.309245 44.544700 -122.469519
-214.548834 43.695454 -122.893467
-212.788422 42.846209 -123.317416
-211.028010 41.996963 -123.741365
-209.267598 41.147718 -124.165313
-207.507186 40.298473 -124.589262
-205.746775 39.449227 -125.013211
-203.986363 38.599982 -125.437159
-202.225951 37.750736 -125.861108
-200.465539 36.901491 -126.285057
-198.705127 36.052245 -126.709005
-196.944716 35.203000 -127.132954
-195.184304 34.353755 -127.556903
-193.423892 33.504509 -127.980851
-191.663480 32.655264 -128.404800
-189.903068 31.806018 -128.828749
-188.142656 30.956773 -129.252697
-186.382245 30.107527 -129.676646
-184.621833 29.258282 -130.100595
-182.861421 28.409037 -130.524543
-181.101009 27.559791 -130.948492
-179.340597 26.710546 -131.372441
-177.580186 25.861300 -131.796389
-175.819774 25.012055 -132.220338
-174.059362 24.162809 -132.644286
-172.298950 23.313564 -133.068235
-170.538538 22.464318 -133.492184
-168.778127 21.615073 -133.916132
193.575289 2.456054 -226.997561
192.812650 4.304833 -226.977581
192.050011 6.153611 -226.957601
191.287372 8.002390 -226.937622
190.524733 9.851169 -226.917642
189.762093 11.699947 -226.897662
188.999454 13.548726 -226.877683
188.236815 15.397505 -226.857703
187.474176 17.246283 -226.837723
186.711537 19.095062 -226.817743
185.948898 20.943840 -226.797764
185.186259 22.792619 -226.777784
184.423620 24.641398 -226.757804
183.660980 26.490176 -226.737825
182.898341 28.338955 -226.717845
182.135702 30.187733 -226.697865
181.373063 32.036512 -226.677886
180.610424 33.885291 -226.657906
179.847785 35.734069 -226.637926
179.085146 37.582848 -226.617947
178.322507 39.431627 -226.597967
177.559867 41.280405 -226.577987
176.797228 43.129184 -226.558007
176.034589 44.977962 -226.538028
175.271950 46.826741 -226.518048
174.509311 48.675520 -226.498068
173.746672 50.524298 -226.478089
172.984033 52.373077 -226.458109
172.221394 54.221856 -226.438129
171.458755 56.070634 -226.418150
170.696115 57.919413 -226.398170
169.933476 59.768191 -226.378190
169.170837 61.616970 -226.358211
168.408198 63.465749 -226.338231
167.645559 65.314527 -226.318251
166.882920 67.163306 -226.298271
166.120281 69.012084 -226.278292
165.357642 70.860863 -226.258312
164.595002 72.709642 -226.238332
163.832363 74.558420 -226.218353
163.069724 76.407199 -226.198373
162.307085 78.255978 -226.178393
161.544446 80.104756 -226.158414
160.781807 81.953535 -226.138434
160.019168 83.802313 -226.118454
159.256529 85.651092 -226.098475
158.493889 87.499871 -226.078495
157.731250 89.348649 -226.058515
156.968611 91.197428 -226.038535
156.205972 93.046207 -226.018556
155.443333 94.894985 -225.998576
154.680694 96.743764 -225.978596
153.918055 98.592542 -225.958617
153.155416 100.441321 -225.938637
152.392777 102.290100 -225.918657
151.630137 104.138878 -225.898678
150.867498 105.987657 -225.878698
150.104859 107.836435 -225.858718
149.342220 109.685214 -225.838739
148.579581 111.533993 -225.818759
147.816942 113.382771 -225.798779
147.054303 115.231550 -225.778799
146.291664 117.080329 -225.758820
145.529024 118.929107 -225.738840
144.766385 120.777886 -225.718860
144.003746 122.626664 -225.698881
143.241107 124.475443 -225.678901
142.478468 126.324222 -225.658921
141.715829 128.173000 -225.638942
140.953190 130.021779 -225.618962
-13.783376 -1.551780 -34.274309
-13.857169 0.258016 -35.122360
-13.930961 2.067813 -35.970411
-14.004753 3.877610 -36.818462
-14.078545 5.687406 -37.666513
-14.152338 7.497203 -38.514565
-14.226130 9.307000 -39.362616
-14.299922 11.116796 -40.210667
-14.373714 12.926593 -41.058718
-14.447507 14.736389 -41.906770
-14.521299 16.546186 -42.754821
-14.595091 18.355983 -43.602872
-14.668883 20.165779 -44.450923
-14.742676 21.975576 -45.298975
-14.816468 23.785372 -46.147026
-14.890260 25.595169 -46.995077
-14.964052 27.404966 -47.843128
-15.037845 29.214762 -48.691180
-15.111637 31.024559 -49.539231
-15.185429 32.834356 -50.387282
-15.259221 34.644152 -51.235333
-15.333014 36.453949 -52.083385
-15.406806 38.263745 -52.931436
-15.480598 40.073542 -53.779487
-15.554390 41.883339 -54.627538
-15.628183 43.693135 -55.475590
-15.701975 45.502932 -56.323641
-15.775767 47.312728 -57.171692
-15.849559 49.122525 -58.019743
-15.923352 50.932322 -58.867795
-15.997144 52.742118 -59.715846
-16.070936 54.551915 -60.563897
-16.144728 56.361712 -61.411948
-16.218520 58.171508 -62.260000
-16.292313 59.981305 -63.108051
-16.366105 61.791101 -63.956102
-16.439897 63.600898 -64.804153
-16.513689 65.410695 -65.652205
-16.587482 67.220491 -66.500256
-16.661274 69.030288 -67.348307
-16.735066 70.840085 -68.196358
-16.808858 72.649881 -69.044410
-16.882651 74.459678 -69.892461
-16.956443 76.269474 -70.740512
-17.030235 78.079271 -71.588563
-17.104027 79.889068 -72.436614
-17.177820 81.698864 -73.284666
-17.251612 83.508661 -74.132717
-17.325404 85.318457 -74.980768
-17.399196 87.128254 -75.828819
-17.472989 88.938051 -76.676871
-17.546781 90.747847 -77.524922
-17.620573 92.557644 -78.372973
-17.694365 94.367441 -79.221024
-17.768158 96.177237 -80.069076
-17.841950 97.987034 -80.917127
-17.915742 99.796830 -81.765178
-17.989534 101.606627 -82.613229
-18.063327 103.416424 -83.461281
-18.137119 105.226220 -84.309332
-18.210911 107.036017 -85.157383
-18.284703 108.845813 -86.005434
-18.358495 110.655610 -86.853486
-18.432288 112.465407 -87.701537
-18.506080 114.275203 -88.549588
-18.579872 116.085000 -89.397639
-18.653664 117.894797 -90.245691
-18.727457 119.704593 -91.093742
-18.801249 121.514390 -91.941793
-18.875041 123.324186 -92.789844
102.401026 315.305640 96.283833
102.442413 315.123890 94.292538
102.483800 314.942140 92.301243
102.525187 314.760389 90.309949
102.566573 314.578639 88.318654
102.607960 314.396889 86.327360
102.649347 314.215139 84.336065
102.690733 314.033389 82.344771
102.732120 313.851639 80.353476
102.773507 313.669889 78.362182
102.814893 313.488138 76.370887
102.856280 313.306388 74.379592
102.897667 313.124638 72.388298
102.939053 312.942888 70.397003
102.980440 312.761138 68.405709
103.021827 312.579388 66.414414
103.063214 312.397638 64.423120
103.104600 312.215888 62.431825
103.145987 312.034137 60.440530
103.187374 311.852387 58.449236
103.228760 311.670637 56.457941
103.270147 311.488887 54.466647
103.311534 311.307137 52.475352
103.352920 311.125387 50.484058
103.394307 310.943637 48.492763
103.435694 310.761886 46.501469
103.477080 310.580136 44.510174
103.518467 310.398386 42.518879
103.559854 310.216636 40.527585
103.601241 310.034886 38.536290
103.642627 309.853136 36.544996
103.684014 309.671386 34.553701
103.725401 309.489636 32.562407
103.766787 309.307885 30.571112
103.808174 309.126135 28.579817
103.849561 308.944385 26.588523
103.890947 308.762635 24.597228
103.932334 308.580885 22.605934
103.973721 308.399135 20.614639
104.015107 308.217385 18.623345
104.056494 308.035634 16.632050
104.097881 307.853884 14.640756
104.139268 307.672134 12.649461
104.180654 307.490384 10.658166
104.222041 307.308634 8.666872
104.263428 307.126884 6.675577
104.304814 306.945134 4.684283
104.346201 306.763384 2.692988
104.387588 306.581633 0.701694
104.428974 306.399883 -1.289601
104.470361 306.218133 -3.280896
104.511748 306.036383 -5.272190
104.553134 305.854633 -7.263485
104.594521 305.672883 -9.254779
104.635908 305.491133 -11.246074
104.677295 305.309382 -13.237368
104.718681 305.127632 -15.228663
104.760068 304.945882 -17.219957
104.801455 304.764132 -19.211252
104.842841 304.582382 -21.202547
104.884228 304.400632 -23.193841
104.925615 304.218882 -25.185136
104.967001 304.037132 -27.176430
105.008388 303.855381 -29.167725
105.049775 303.673631 -31.159019
105.091161 303.491881 -33.150314
105.132548 303.310131 -35.141609
105.173935 303.128381 -37.132903
105.215322 302.946631 -39.124198
105.256708 302.764881 -41.115492
-169.477405 -77.223936 95.417660
-169.872424 -79.135521 94.981993
-170.267442 -81.047105 94.546327
-170.662460 -82.958690 94.110661
-171.057479 -84.870274 93.674995
-171.452497 -86.781859 93.239328
-171.847515 -88.693443 92.803662
-172.242534 -90.605028 92.367996
-172.637552 -92.516612 91.932330
-173.032570 -94.428197 91.496663
-173.427589 -96.339781 91.060997
-173.822607 -98.251366 90.625331
-174.217625 -100.162950 90.189664
-174.612644 -102.074535 89.753998
-175.007662 -103.986119 89.318332
-175.402680 -105.897704 88.882666
-175.797699 -107.809288 88.446999
-176.192717 -109.720873 88.011333
-176.587735 -111.632458 87.575667
-176.982754 -113.544042 87.140001
-177.377772 -115.455627 86.704334
-177.772790 -117.367211 86.268668
-178.167809 -119.278796 85.833002
-178.562827 -121.190380 85.397336
-178.957845 -123.101965 84.961669
-179.352864 -125.013549 84.526003
-179.747882 -126.925134 84.090337
-180.142900 -128.836718 83.654670
-180.537919 -130.748303 83.219004
-180.932937 -132.659887 82.783338
-181.327955 -134.571472 82.347672
-181.722974 -136.483056 81.912005
-182.117992 -138.394641 81.476339
-182.513010 -140.306226 81.040673
-182.908029 -142.217810 80.605007
-183.303047 -144.129395 80.169340
-183.698065 -146.040979 79.733674
-184.093084 -147.952564 79.298008
-184.488102 -149.864148 78.862341
-184.883120 -151.775733 78.426675
-185.278138 -153.687317 77.991009
-185.673157 -155.598902 77.555343
-186.068175 -157.510486 77.119676
-186.463193 -159.422071 76.684010
-186.858212 -161.333655 76.248344
-187.253230 -163.245240 75.812678
-187.648248 -165.156824 75.377011
-188.043267 -167.068409 74.941345
-188.438285 -168.979994 74.505679
-188.833303 -170.891578 74.070012
-189.228322 -172.803163 73.634346
-189.623340 -174.714747 73.198680
-190.018358 -176.626332 72.763014
-190.413377 -178.537916 72.327347
-190.808395 -180.449501 71.891681
-191.203413 -182.361085 71.456015
-191.598432 -184.272670 71.020349
-191.993450 -186.184254 70.584682
-192.388468 -188.095839 70.149016
-192.783487 -190.007423 69.713350
-193.178505 -191.919008 69.277683
-193.573523 -193.830592 68.842017
-193.968542 -195.742177 68.406351
-194.363560 -197.653762 67.970685
-194.758578 -199.565346 67.535018
-195.153597 -201.476931 67.099352
-195.548615 -203.388515 66.663686
-195.943633 -205.300100 66.228020
-196.338652 -207.211684 65.792353
-196.733670 -209.123269 65.356687
100.337775 215.517277 108.436489
100.016783 213.579559 108.059379
99.695791 211.641841 107.682268
99.374799 209.704123 107.305157
99.053808 207.766404 106.928047
98.732816 205.828686 106.550936
98.411824 203.890968 106.173825
98.090832 201.953250 105.796715
97.769840 200.015532 105.419604
97.448848 198.077814 105.042494
97.127856 196.140095 104.665383
96.806864 194.202377 104.288272
96.485872 192.264659 103.911162
96.164880 190.326941 103.534051
95.843888 188.389223 103.156941
95.522897 186.451504 102.779830
95.201905 184.513786 102.402719
94.880913 182.576068 102.025609
94.559921 180.638350 101.648498
94.238929 178.700632 101.271387
93.917937 176.762913 100.894277
93.596945 174.825195 100.517166
93.275953 172.887477 100.140056
92.954961 170.949759 99.762945
92.633969 169.012041 99.385834
92.312978 167.074323 99.008724
91.991986 165.136604 98.631613
91.670994 163.198886 98.254503
91.350002 161.261168 97.877392
91.029010 159.323450 97.500281
90.708018 157.385732 97.123171
90.387026 155.448013 96.746060
90.066034 153.510295 96.368949
89.745042 151.572577 95.991839
89.424050 149.634859 95.614728
89.103059 147.697141 95.237618
88.782067 145.759422 94.860507
88.461075 143.821704 94.483396
88.140083 141.883986 94.106286
87.819091 139.946268 93.729175
87.498099 138.008550 93.352064
87.177107 136.070831 92.974954
86.856115 134.133113 92.597843
86.535123 132.195395 92.220733
86.214131 130.257677 91.843622
85.893139 128.319959 91.466511
85.572148 126.382241 91.089401
85.251156 124.444522 90.712290
84.930164 122.506804 90.335180
84.609172 120.569086 89.958069
84.288180 118.631368 89.580958
83.967188 116.693650 89.203848
83.646196 114.755931 88.826737
83.325204 112.818213 88.449626
83.004212 110.880495 88.072516
82.683220 108.942777 87.695405
82.362229 107.005059 87.318295
82.041237 105.067340 86.941184
81.720245 103.129622 86.564073
81.399253 101.191904 86.186963
81.078261 99.254186 85.809852
80.757269 97.316468 85.432742
80.436277 95.378750 85.055631
80.115285 93.441031 84.678520
79.794293 91.503313 84.301410
79.473301 89.565595 83.924299
79.152309 87.627877 83.547188
78.831318 85.690159 83.170078
78.510326 83.752440 82.792967
78.189334 81.814722 82.415857
-165.213839 144.979608 62.309344
-164.107583 145.848267 60.887505
-163.001326 146.716926 59.465665
-161.895069 147.585585 58.043825
-160.788812 148.454243 56.621986
-159.682555 149.322902 55.200146
-158.576299 150.191561 53.778307
-157.470042 151.060220 52.356467
-156.363785 151.928879 50.934628
-155.257528 152.797537 49.512788
-154.151271 153.666196 48.090948
-153.045015 154.534855 46.669109
-151.938758 155.403514 45.247269
-150.832501 156.272173 43.825430
-149.726244 157.140831 42.403590
-148.619987 158.009490 40.981751
-147.513731 158.878149 39.559911
-146.407474 159.746808 38.138071
-145.301217 160.615467 36.716232
-144.194960 161.484126 35.294392
-143.088703 162.352784 33.872553
-141.982447 163.221443 32.450713
-140.876190 164.090102 31.028874
-139.769933 164.958761 29.607034
-138.663676 165.827420 28.185194
-137.557420 166.696078 26.763355
-136.451163 167.564737 25.341515
-135.344906 168.433396 23.919676
-134.238649 169.302055 22.497836
-133.132392 170.170714 21.075996
-132.026136 171.039372 19.654157
-130.919879 171.908031 18.232317
-129.813622 172.776690 16.810478
-128.707365 173.645349 15.388638
-127.601108 174.514008 13.966799
-126.494852 175.382667 12.544959
-125.388595 176.251325 11.123119
-124.282338 177.119984 9.701280
-123.176081 177.988643 8.279440
-122.069824 178.857302 6.857601
-120.963568 179.725961 5.435761
-119.857311 180.594619 4.013922
-118.751054 181.463278 2.592082
-117.644797 182.331937 1.170242
-116.538540 183.200596 -0.251597
-115.432284 184.069255 -1.673437
-114.326027 184.937913 -3.095276
-113.219770 185.806572 -4.517116
-112.113513 186.675231 -5.938955
-111.007256 187.543890 -7.360795
-109.901000 188.412549 -8.782635
-108.794743 189.281208 -10.204474
-107.688486 190.149866 -11.626314
-106.582229 191.018525 -13.048153
-105.475973 191.887184 -14.469993
-104.369716 192.755843 -15.891832
-103.263459 193.624502 -17.313672
-102.157202 194.493160 -18.735512
-101.050945 195.361819 -20.157351
-99.944689 196.230478 -21.579191
-98.838432 197.099137 -23.001030
-97.732175 197.967796 -24.422870
-96.625918 198.836454 -25.844709
-95.519661 199.705113 -27.266549
-94.413405 200.573772 -28.688389
-93.307148 201.442431 -30.110228
-92.200891 202.311090 -31.532068
-91.094634 203.179749 -32.953907
-89.988377 204.048407 -34.375747
-88.882121 204.917066 -35.797586
