71.348682 -75.514994 -53.224331
70.344153 -73.813962 -52.912221
69.339624 -72.112930 -52.600112
68.335095 -70.411898 -52.288003
67.330566 -68.710866 -51.975893
66.326037 -67.009835 -51.663784
65.321508 -65.308803 -51.351674
64.316979 -63.607771 -51.039565
63.312450 -61.906739 -50.727456
62.307921 -60.205707 -50.415346
61.303392 -58.504675 -50.103237
60.298863 -56.803644 -49.791128
59.294334 -55.102612 -49.479018
58.289805 -53.401580 -49.166909
57.285276 -51.700548 -48.854800
56.280747 -49.999516 -48.542690
55.276218 -48.298485 -48.230581
54.271689 -46.597453 -47.918472
53.267160 -44.896421 -47.606362
52.262631 -43.195389 -47.294253
51.258102 -41.494357 -46.982143
50.253573 -39.793326 -46.670034
49.249044 -38.092294 -46.357925
48.244515 -36.391262 -46.045815
47.239986 -34.690230 -45.733706
46.235457 -32.989198 -45.421597
45.230928 -31.288166 -45.109487
44.226399 -29.587135 -44.797378
43.221870 -27.886103 -44.485269
42.217341 -26.185071 -44.173159
41.212812 -24.484039 -43.861050
40.208283 -22.783007 -43.548941
39.203754 -21.081976 -43.236831
38.199225 -19.380944 -42.924722
37.194696 -17.679912 -42.612612
36.190167 -15.978880 -42.300503
35.185638 -14.277848 -41.988394
34.181109 -12.576817 -41.676284
33.176580 -10.875785 -41.364175
32.172051 -9.174753 -41.052066
31.167522 -7.473721 -40.739956
30.162993 -5.772689 -40.427847
29.158464 -4.071657 -40.115738
28.153935 -2.370626 -39.803628
27.149406 -0.669594 -39.491519
26.144877 1.031438 -39.179409
25.140348 2.732470 -38.867300
24.135819 4.433502 -38.555191
23.131290 6.134533 -38.243081
22.126761 7.835565 -37.930972
21.122232 9.536597 -37.618863
20.117703 11.237629 -37.306753
19.113174 12.938661 -36.994644
18.108645 14.639692 -36.682535
17.104116 16.340724 -36.370425
16.099587 18.041756 -36.058316
15.095058 19.742788 -35.746207
14.090529 21.443820 -35.434097
13.086000 23.144852 -35.121988
12.081471 24.845883 -34.809878
11.076942 26.546915 -34.497769
10.072413 28.247947 -34.185660
9.067884 29.948979 -33.873550
8.063355 31.650011 -33.561441
7.058826 33.351042 -33.249332
6.054297 35.052074 -32.937222
5.049768 36.753106 -32.625113
4.045239 38.454138 -32.313004
3.040710 40.155170 -32.000894
2.036181 41.856201 -31.688785
28.090477 49.094181 229.113056
26.558930 50.374886 228.994061
25.027384 51.655591 228.875067
23.495837 52.936296 228.756072
21.964290 54.217001 228.637078
20.432744 55.497706 228.518083
18.901197 56.778411 228.399088
17.369651 58.059116 228.280094
15.838104 59.339821 228.161099
14.306557 60.620526 228.042105
12.775011 61.901231 227.923110
11.243464 63.181936 227.804115
9.711917 64.462641 227.685121
8.180371 65.743346 227.566126
6.648824 67.024051 227.447132
5.117277 68.304756 227.328137
3.585731 69.585461 227.209143
2.054184 70.866166 227.090148
0.522638 72.146871 226.971153
-1.008909 73.427575 226.852159
-2.540456 74.708280 226.733164
-4.072002 75.988985 226.614170
-5.603549 77.269690 226.495175
-7.135096 78.550395 226.376181
-8.666642 79.831100 226.257186
-10.198189 81.111805 226.138191
-11.729736 82.392510 226.019197
-13.261282 83.673215 225.900202
-14.792829 84.953920 225.781208
-16.324375 86.234625 225.662213
-17.855922 87.515330 225.543218
-19.387469 88.796035 225.424224
-20.919015 90.076740 225.305229
-22.450562 91.357445 225.186235
-23.982109 92.638150 225.067240
-25.513655 93.918855 224.948246
-27.045202 95.199560 224.829251
-28.576749 96.480265 224.710256
-30.108295 97.760970 224.591262
-31.639842 99.041675 224.472267
-33.171389 100.322380 224.353273
-34.702935 101.603085 224.234278
-36.234482 102.883790 224.115284
-37.766028 104.164494 223.996289
-39.297575 105.445199 223.877294
-40.829122 106.725904 223.758300
-42.360668 108.006609 223.639305
-43.892215 109.287314 223.520311
-45.423762 110.568019 223.401316
-46.955308 111.848724 223.282321
-48.486855 113.129429 223.163327
-50.018402 114.410134 223.044332
-51.549948 115.690839 222.925338
-53.081495 116.971544 222.806343
-54.613041 118.252249 222.687349
-56.144588 119.532954 222.568354
-57.676135 120.813659 222.449359
-59.207681 122.094364 222.330365
-60.739228 123.375069 222.211370
-62.270775 124.655774 222.092376
-63.802321 125.936479 221.973381
-65.333868 127.217184 221.854387
-66.865415 128.497889 221.735392
-68.396961 129.778594 221.616397
-69.928508 131.059299 221.497403
-71.460054 132.340004 221.378408
-72.991601 133.620709 221.259414
-74.523148 134.901413 221.140419
-76.054694 136.182118 221.021424
-77.586241 137.462823 220.902430
24.096146 127.576121 -209.836292
25.671781 127.187220 -211.005108
27.247415 126.798319 -212.173925
28.823050 126.409418 -213.342741
30.398685 126.020517 -214.511557
31.974319 125.631616 -215.680374
33.549954 125.242715 -216.849190
35.125588 124.853814 -218.018007
36.701223 124.464913 -219.186823
38.276857 124.076012 -220.355639
39.852492 123.687111 -221.524456
41.428127 123.298210 -222.693272
43.003761 122.909309 -223.862088
44.579396 122.520408 -225.030905
46.155030 122.131507 -226.199721
47.730665 121.742605 -227.368537
49.306299 121.353704 -228.537354
50.881934 120.964803 -229.706170
52.457569 120.575902 -230.874986
54.033203 120.187001 -232.043803
55.608838 119.798100 -233.212619
57.184472 119.409199 -234.381436
58.760107 119.020298 -235.550252
60.335741 118.631397 -236.719068
61.911376 118.242496 -237.887885
63.487011 117.853595 -239.056701
65.062645 117.464694 -240.225517
66.638280 117.075793 -241.394334
68.213914 116.686892 -242.563150
69.789549 116.297991 -243.731966
71.365183 115.909090 -244.900783
72.940818 115.520189 -246.069599
74.516453 115.131288 -247.238416
76.092087 114.742387 -248.407232
77.667722 114.353486 -249.576048
79.243356 113.964585 -250.744865
80.818991 113.575684 -251.913681
82.394625 113.186783 -253.082497
83.970260 112.797882 -254.251314
85.545895 112.408980 -255.420130
87.121529 112.020079 -256.588946
88.697164 111.631178 -257.757763
90.272798 111.242277 -258.926579
91.848433 110.853376 -260.095396
93.424067 110.464475 -261.264212
94.999702 110.075574 -262.433028
96.575336 109.686673 -263.601845
98.150971 109.297772 -264.770661
99.726606 108.908871 -265.939477
101.302240 108.519970 -267.108294
102.877875 108.131069 -268.277110
104.453509 107.742168 -269.445926
106.029144 107.353267 -270.614743
107.604778 106.964366 -271.783559
109.180413 106.575465 -272.952376
110.756048 106.186564 -274.121192
112.331682 105.797663 -275.290008
113.907317 105.408762 -276.458825
115.482951 105.019861 -277.627641
117.058586 104.630960 -278.796457
118.634220 104.242059 -279.965274
120.209855 103.853158 -281.134090
121.785490 103.464257 -282.302906
123.361124 103.075355 -283.471723
124.936759 102.686454 -284.640539
126.512393 102.297553 -285.809355
128.088028 101.908652 -286.978172
129.663662 101.519751 -288.146988
131.239297 101.130850 -289.315805
132.814932 100.741949 -290.484621
224.198867 -205.717227 138.539232
222.976962 -204.185288 138.939374
221.755058 -202.653349 139.339515
220.533154 -201.121410 139.739657
219.311250 -199.589471 140.139799
218.089346 -198.057532 140.539940
216.867442 -196.525593 140.940082
215.645538 -194.993654 141.340224
214.423634 -193.461715 141.740365
213.201730 -191.929776 142.140507
211.979826 -190.397837 142.540649
210.757922 -188.865898 142.940791
209.536017 -187.333959 143.340932
208.314113 -185.802020 143.741074
207.092209 -184.270081 144.141216
205.870305 -182.738142 144.541357
204.648401 -181.206203 144.941499
203.426497 -179.674264 145.341641
202.204593 -178.142325 145.741782
200.982689 -176.610386 146.141924
199.760785 -175.078447 146.542066
198.538881 -173.546508 146.942207
197.316977 -172.014569 147.342349
196.095073 -170.482630 147.742491
194.873168 -168.950691 148.142633
193.651264 -167.418752 148.542774
192.429360 -165.886814 148.942916
191.207456 -164.354875 149.343058
189.985552 -162.822936 149.743199
188.763648 -161.290997 150.143341
187.541744 -159.759058 150.543483
186.319840 -158.227119 150.943624
185.097936 -156.695180 151.343766
183.876032 -155.163241 151.743908
182.654128 -153.631302 152.144050
181.432223 -152.099363 152.544191
180.210319 -150.567424 152.944333
178.988415 -149.035485 153.344475
177.766511 -147.503546 153.744616
176.544607 -145.971607 154.144758
175.322703 -144.439668 154.544900
174.100799 -142.907729 154.945041
172.878895 -141.375790 155.345183
171.656991 -139.843851 155.745325
170.435087 -138.311912 156.145466
169.213183 -136.779973 156.545608
167.991279 -135.248034 156.945750
166.769374 -133.716095 157.345892
165.547470 -132.184156 157.746033
164.325566 -130.652217 158.146175
163.103662 -129.120278 158.546317
161.881758 -127.588339 158.946458
160.659854 -126.056400 159.346600
159.437950 -124.524461 159.746742
158.216046 -122.992522 160.146883
156.994142 -121.460583 160.547025
155.772238 -119.928644 160.947167
154.550334 -118.396705 161.347309
153.328429 -116.864766 161.747450
152.106525 -115.332827 162.147592
150.884621 -113.800888 162.547734
149.662717 -112.268949 162.947875
148.440813 -110.737010 163.348017
147.218909 -109.205071 163.748159
145.997005 -107.673132 164.148300
144.775101 -106.141193 164.548442
143.553197 -104.609255 164.948584
142.331293 -103.077316 165.348726
141.109389 -101.545377 165.748867
139.887484 -100.013438 166.149009
-65.143594 -224.458421 158.479844
-64.259849 -225.025458 160.182038
-63.376104 -225.592496 161.884232
-62.492359 -226.159533 163.586426
-61.608615 -226.726571 165.288620
-60.724870 -227.293608 166.990813
-59.841125 -227.860645 168.693007
-58.957380 -228.427683 170.395201
-58.073636 -228.994720 172.097395
-57.189891 -229.561758 173.799589
-56.306146 -230.128795 175.501782
-55.422401 -230.695832 177.203976
-54.538657 -231.262870 178.906170
-53.654912 -231.829907 180.608364
-52.771167 -232.396945 182.310558
-51.887422 -232.963982 184.012752
-51.003678 -233.531019 185.714945
-50.119933 -234.098057 187.417139
-49.236188 -234.665094 189.119333
-48.352443 -235.232132 190.821527
-47.468699 -235.799169 192.523721
-46.584954 -236.366206 194.225914
-45.701209 -236.933244 195.928108
-44.817464 -237.500281 197.630302
-43.933719 -238.067319 199.332496
-43.049975 -238.634356 201.034690
-42.166230 -239.201393 202.736883
-41.282485 -239.768431 204.439077
-40.398740 -240.335468 206.141271
-39.514996 -240.902506 207.843465
-38.631251 -241.469543 209.545659
-37.747506 -242.036580 211.247853
-36.863761 -242.603618 212.950046
-35.980017 -243.170655 214.652240
-35.096272 -243.737693 216.354434
-34.212527 -244.304730 218.056628
-33.328782 -244.871767 219.758822
-32.445038 -245.438805 221.461015
-31.561293 -246.005842 223.163209
-30.677548 -246.572880 224.865403
-29.793803 -247.139917 226.567597
-28.910059 -247.706954 228.269791
-28.026314 -248.273992 229.971985
-27.142569 -248.841029 231.674178
-26.258824 -249.408067 233.376372
-25.375079 -249.975104 235.078566
-24.491335 -250.542141 236.780760
-23.607590 -251.109179 238.482954
-22.723845 -251.676216 240.185147
-21.840100 -252.243254 241.887341
-20.956356 -252.810291 243.589535
-20.072611 -253.377328 245.291729
-19.188866 -253.944366 246.993923
-18.305121 -254.511403 248.696116
-17.421377 -255.078441 250.398310
-16.537632 -255.645478 252.100504
-15.653887 -256.212515 253.802698
-14.770142 -256.779553 255.504892
-13.886398 -257.346590 257.207086
-13.002653 -257.913628 258.909279
-12.118908 -258.480665 260.611473
-11.235163 -259.047702 262.313667
-10.351419 -259.614740 264.015861
-9.467674 -260.181777 265.718055
-8.583929 -260.748815 267.420248
-7.700184 -261.315852 269.122442
-6.816440 -261.882889 270.824636
-5.932695 -262.449927 272.526830
-5.048950 -263.016964 274.229024
-4.165205 -263.584002 275.931218
111.140679 223.113254 214.417233
113.062778 222.560918 214.438692
114.984877 222.008582 214.460151
116.906976 221.456246 214.481610
118.829075 220.903910 214.503069
120.751174 220.351574 214.524528
122.673273 219.799238 214.545986
124.595372 219.246902 214.567445
126.517471 218.694566 214.588904
128.439570 218.142230 214.610363
130.361669 217.589894 214.631822
132.283768 217.037558 214.653281
134.205867 216.485222 214.674740
136.127966 215.932886 214.696198
138.050065 215.380550 214.717657
139.972164 214.828214 214.739116
141.894263 214.275878 214.760575
143.816362 213.723542 214.782034
145.738461 213.171206 214.803493
147.660559 212.618870 214.824952
149.582658 212.066534 214.846410
151.504757 211.514198 214.867869
153.426856 210.961862 214.889328
155.348955 210.409526 214.910787
157.271054 209.857190 214.932246
159.193153 209.304854 214.953705
161.115252 208.752518 214.975164
163.037351 208.200182 214.996622
164.959450 207.647846 215.018081
166.881549 207.095510 215.039540
168.803648 206.543174 215.060999
170.725747 205.990838 215.082458
172.647846 205.438502 215.103917
174.569945 204.886166 215.125376
176.492044 204.333830 215.146835
178.414143 203.781494 215.168293
180.336242 203.229158 215.189752
182.258341 202.676822 215.211211
184.180440 202.124486 215.232670
186.102539 201.572150 215.254129
188.024638 201.019813 215.275588
189.946737 200.467477 215.297047
191.868836 199.915141 215.318505
193.790935 199.362805 215.339964
195.713034 198.810469 215.361423
197.635133 198.258133 215.382882
199.557232 197.705797 215.404341
201.479331 197.153461 215.425800
203.401429 196.601125 215.447259
205.323528 196.048789 215.468717
207.245627 195.496453 215.490176
209.167726 194.944117 215.511635
211.089825 194.391781 215.533094
213.011924 193.839445 215.554553
214.934023 193.287109 215.576012
216.856122 192.734773 215.597471
218.778221 192.182437 215.618929
220.700320 191.630101 215.640388
222.622419 191.077765 215.661847
224.544518 190.525429 215.683306
226.466617 189.973093 215.704765
228.388716 189.420757 215.726224
230.310815 188.868421 215.747683
232.232914 188.316085 215.769142
234.155013 187.763749 215.790600
236.077112 187.211413 215.812059
237.999211 186.659077 215.833518
239.921310 186.106741 215.854977
241.843409 185.554405 215.876436
243.765508 185.002069 215.897895
-200.069262 -26.628884 111.868798
-200.386907 -28.603321 111.842372
-200.704553 -30.577759 111.815946
-201.022198 -32.552196 111.789521
-201.339843 -34.526634 111.763095
-201.657489 -36.501071 111.736669
-201.975134 -38.475508 111.710243
-202.292779 -40.449946 111.683818
-202.610425 -42.424383 111.657392
-202.928070 -44.398821 111.630966
-203.245715 -46.373258 111.604540
-203.563361 -48.347696 111.578114
-203.881006 -50.322133 111.551689
-204.198651 -52.296570 111.525263
-204.516296 -54.271008 111.498837
-204.833942 -56.245445 111.472411
-205.151587 -58.219883 111.445986
-205.469232 -60.194320 111.419560
-205.786878 -62.168758 111.393134
-206.104523 -64.143195 111.366708
-206.422168 -66.117632 111.340283
-206.739814 -68.092070 111.313857
-207.057459 -70.066507 111.287431
-207.375104 -72.040945 111.261005
-207.692750 -74.015382 111.234579
-208.010395 -75.989819 111.208154
-208.328040 -77.964257 111.181728
-208.645686 -79.938694 111.155302
-208.963331 -81.913132 111.128876
-209.280976 -83.887569 111.102451
-209.598621 -85.862007 111.076025
-209.916267 -87.836444 111.049599
-210.233912 -89.810881 111.023173
-210.551557 -91.785319 110.996748
-210.869203 -93.759756 110.970322
-211.186848 -95.734194 110.943896
-211.504493 -97.708631 110.917470
-211.822139 -99.683069 110.891044
-212.139784 -101.657506 110.864619
-212.457429 -103.631943 110.838193
-212.775075 -105.606381 110.811767
-213.092720 -107.580818 110.785341
-213.410365 -109.555256 110.758916
-213.728010 -111.529693 110.732490
-214.045656 -113.504131 110.706064
-214.363301 -115.478568 110.679638
-214.680946 -117.453005 110.653213
-214.998592 -119.427443 110.626787
-215.316237 -121.401880 110.600361
-215.633882 -123.376318 110.573935
-215.951528 -125.350755 110.547509
-216.269173 -127.325192 110.521084
-216.586818 -129.299630 110.494658
-216.904464 -131.274067 110.468232
-217.222109 -133.248505 110.441806
-217.539754 -135.222942 110.415381
-217.857400 -137.197380 110.388955
-218.175045 -139.171817 110.362529
-218.492690 -141.146254 110.336103
-218.810335 -143.120692 110.309678
-219.127981 -145.095129 110.283252
-219.445626 -147.069567 110.256826
-219.763271 -149.044004 110.230400
-220.080917 -151.018442 110.203974
-220.398562 -152.992879 110.177549
-220.716207 -154.967316 110.151123
-221.033853 -156.941754 110.124697
-221.351498 -158.916191 110.098271
-221.669143 -160.890629 110.071846
-221.986789 -162.865066 110.045420
-54.597470 97.430731 -154.388854
-56.511109 98.011470 -154.361901
-58.424749 98.592209 -154.334947
-60.338388 99.172948 -154.307994
-62.252027 99.753687 -154.281041
-64.165667 100.334426 -154.254087
-66.079306 100.915165 -154.227134
-67.992946 101.495905 -154.200181
-69.906585 102.076644 -154.173227
-71.820224 102.657383 -154.146274
-73.733864 103.238122 -154.119320
-75.647503 103.818861 -154.092367
-77.561142 104.399600 -154.065414
-79.474782 104.980339 -154.038460
-81.388421 105.561078 -154.011507
-83.302060 106.141818 -153.984554
-85.215700 106.722557 -153.957600
-87.129339 107.303296 -153.930647
-89.042978 107.884035 -153.903694
-90.956618 108.464774 -153.876740
-92.870257 109.045513 -153.849787
-94.783896 109.626252 -153.822833
-96.697536 110.206992 -153.795880
-98.611175 110.787731 -153.768927
-100.524815 111.368470 -153.741973
-102.438454 111.949209 -153.715020
-104.352093 112.529948 -153.688067
-106.265733 113.110687 -153.661113
-108.179372 113.691426 -153.634160
-110.093011 114.272166 -153.607207
-112.006651 114.852905 -153.580253
-113.920290 115.433644 -153.553300
-115.833929 116.014383 -153.526346
-117.747569 116.595122 -153.499393
-119.661208 117.175861 -153.472440
-121.574847 117.756600 -153.445486
-123.488487 118.337340 -153.418533
-125.402126 118.918079 -153.391580
-127.315765 119.498818 -153.364626
-129.229405 120.079557 -153.337673
-131.143044 120.660296 -153.310720
-133.056684 121.241035 -153.283766
-134.970323 121.821774 -153.256813
-136.883962 122.402513 -153.229859
-138.797602 122.983253 -153.202906
-140.711241 123.563992 -153.175953
-142.624880 124.144731 -153.148999
-144.538520 124.725470 -153.122046
-146.452159 125.306209 -153.095093
-148.365798 125.886948 -153.068139
-150.279438 126.467687 -153.041186
-152.193077 127.048427 -153.014233
-154.106716 127.629166 -152.987279
-156.020356 128.209905 -152.960326
-157.933995 128.790644 -152.933372
-159.847634 129.371383 -152.906419
-161.761274 129.952122 -152.879466
-163.674913 130.532861 -152.852512
-165.588553 131.113601 -152.825559
-167.502192 131.694340 -152.798606
-169.415831 132.275079 -152.771652
-171.329471 132.855818 -152.744699
-173.243110 133.436557 -152.717746
-175.156749 134.017296 -152.690792
-177.070389 134.598035 -152.663839
-178.984028 135.178774 -152.636885
-180.897667 135.759514 -152.609932
-182.811307 136.340253 -152.582979
-184.724946 136.920992 -152.556025
-186.638585 137.501731 -152.529072
-205.387213 209.005880 -51.272430
-204.834858 207.794357 -49.780077
-204.282504 206.582834 -48.287725
-203.730150 205.371310 -46.795372
-203.177796 204.159787 -45.303019
-202.625442 202.948264 -43.810667
-202.073088 201.736740 -42.318314
-201.520733 200.525217 -40.825962
-200.968379 199.313694 -39.333609
-200.416025 198.102170 -37.841257
-199.863671 196.890647 -36.348904
-199.311317 195.679124 -34.856552
-198.758963 194.467600 -33.364199
-198.206609 193.256077 -31.871846
-197.654254 192.044554 -30.379494
-197.101900 190.833031 -28.887141
-196.549546 189.621507 -27.394789
-195.997192 188.409984 -25.902436
-195.444838 187.198461 -24.410084
-194.892484 185.986937 -22.917731
-194.340129 184.775414 -21.425379
-193.787775 183.563891 -19.933026
-193.235421 182.352367 -18.440673
-192.683067 181.140844 -16.948321
-192.130713 179.929321 -15.455968
-191.578359 178.717797 -13.963616
-191.026004 177.506274 -12.471263
-190.473650 176.294751 -10.978911
-189.921296 175.083228 -9.486558
-189.368942 173.871704 -7.994205
-188.816588 172.660181 -6.501853
-188.264234 171.448658 -5.009500
-187.711879 170.237134 -3.517148
-187.159525 169.025611 -2.024795
-186.607171 167.814088 -0.532443
-186.054817 166.602564 0.959910
-185.502463 165.391041 2.452262
-184.950109 164.179518 3.944615
-184.397754 162.967994 5.436968
-183.845400 161.756471 6.929320
-183.293046 160.544948 8.421673
-182.740692 159.333425 9.914025
-182.188338 158.121901 11.406378
-181.635984 156.910378 12.898730
-181.083629 155.698855 14.391083
-180.531275 154.487331 15.883435
-179.978921 153.275808 17.375788
-179.426567 152.064285 18.868141
-178.874213 150.852761 20.360493
-178.321859 149.641238 21.852846
-177.769505 148.429715 23.345198
-177.217150 147.218191 24.837551
-176.664796 146.006668 26.329903
-176.112442 144.795145 27.822256
-175.560088 143.583622 29.314608
-175.007734 142.372098 30.806961
-174.455380 141.160575 32.299314
-173.903025 139.949052 33.791666
-173.350671 138.737528 35.284019
-172.798317 137.526005 36.776371
-172.245963 136.314482 38.268724
-171.693609 135.102958 39.761076
-171.141255 133.891435 41.253429
-170.588900 132.679912 42.745781
-170.036546 131.468388 44.238134
-169.484192 130.256865 45.730487
-168.931838 129.045342 47.222839
-168.379484 127.833819 48.715192
-167.827130 126.622295 50.207544
-167.274775 125.410772 51.699897
37.957167 297.587810 -84.050663
38.121456 295.866474 -83.045669
38.285744 294.145138 -82.040676
38.450033 292.423802 -81.035683
38.614322 290.702466 -80.030690
38.778611 288.981130 -79.025696
38.942899 287.259794 -78.020703
39.107188 285.538458 -77.015710
39.271477 283.817122 -76.010716
39.435765 282.095786 -75.005723
39.600054 280.374450 -74.000730
39.764343 278.653114 -72.995737
39.928632 276.931778 -71.990743
40.092920 275.210442 -70.985750
40.257209 273.489106 -69.980757
40.421498 271.767770 -68.975764
40.585786 270.046434 -67.970770
40.750075 268.325098 -66.965777
40.914364 266.603762 -65.960784
41.078653 264.882426 -64.955790
41.242941 263.161090 -63.950797
41.407230 261.439753 -62.945804
41.571519 259.718417 -61.940811
41.735808 257.997081 -60.935817
41.900096 256.275745 -59.930824
42.064385 254.554409 -58.925831
42.228674 252.833073 -57.920838
42.392962 251.111737 -56.915844
42.557251 249.390401 -55.910851
42.721540 247.669065 -54.905858
42.885829 245.947729 -53.900865
43.050117 244.226393 -52.895871
43.214406 242.505057 -51.890878
43.378695 240.783721 -50.885885
43.542983 239.062385 -49.880891
43.707272 237.341049 -48.875898
43.871561 235.619713 -47.870905
44.035850 233.898377 -46.865912
44.200138 232.177041 -45.860918
44.364427 230.455705 -44.855925
44.528716 228.734369 -43.850932
44.693004 227.013033 -42.845939
44.857293 225.291697 -41.840945
45.021582 223.570361 -40.835952
45.185871 221.849025 -39.830959
45.350159 220.127689 -38.825965
45.514448 218.406353 -37.820972
45.678737 216.685017 -36.815979
45.843025 214.963681 -35.810986
46.007314 213.242345 -34.805992
46.171603 211.521008 -33.800999
46.335892 209.799672 -32.796006
46.500180 208.078336 -31.791013
46.664469 206.357000 -30.786019
46.828758 204.635664 -29.781026
46.993046 202.914328 -28.776033
47.157335 201.192992 -27.771039
47.321624 199.471656 -26.766046
47.485913 197.750320 -25.761053
47.650201 196.028984 -24.756060
47.814490 194.307648 -23.751066
47.978779 192.586312 -22.746073
48.143067 190.864976 -21.741080
48.307356 189.143640 -20.736087
48.471645 187.422304 -19.731093
48.635934 185.700968 -18.726100
48.800222 183.979632 -17.721107
48.964511 182.258296 -16.716114
49.128800 180.536960 -15.711120
49.293089 178.815624 -14.706127
263.913317 -137.328215 -153.963567
264.413651 -139.264620 -153.964383
264.913984 -141.201025 -153.965199
265.414318 -143.137431 -153.966015
265.914651 -145.073836 -153.966831
266.414985 -147.010241 -153.967647
266.915319 -148.946647 -153.968463
267.415652 -150.883052 -153.969279
267.915986 -152.819457 -153.970095
268.416319 -154.755863 -153.970911
268.916653 -156.692268 -153.971727
269.416987 -158.628673 -153.972543
269.917320 -160.565079 -153.973360
270.417654 -162.501484 -153.974176
270.917987 -164.437889 -153.974992
271.418321 -166.374295 -153.975808
271.918655 -168.310700 -153.976624
272.418988 -170.247105 -153.977440
272.919322 -172.183511 -153.978256
273.419655 -174.119916 -153.979072
273.919989 -176.056321 -153.979888
274.420323 -177.992727 -153.980704
274.920656 -179.929132 -153.981520
275.420990 -181.865537 -153.982336
275.921323 -183.801943 -153.983153
276.421657 -185.738348 -153.983969
276.921990 -187.674753 -153.984785
277.422324 -189.611159 -153.985601
277.922658 -191.547564 -153.986417
278.422991 -193.483969 -153.987233
278.923325 -195.420375 -153.988049
279.423658 -197.356780 -153.988865
279.923992 -199.293185 -153.989681
280.424326 -201.229591 -153.990497
280.924659 -203.165996 -153.991313
281.424993 -205.102401 -153.992129
281.925326 -207.038807 -153.992945
282.425660 -208.975212 -153.993762
282.925994 -210.911617 -153.994578
283.426327 -212.848023 -153.995394
283.926661 -214.784428 -153.996210
284.426994 -216.720833 -153.997026
284.927328 -218.657239 -153.997842
285.427661 -220.593644 -153.998658
285.927995 -222.530049 -153.999474
286.428329 -224.466455 -154.000290
286.928662 -226.402860 -154.001106
287.428996 -228.339265 -154.001922
287.929329 -230.275671 -154.002738
288.429663 -232.212076 -154.003555
288.929997 -234.148481 -154.004371
289.430330 -236.084887 -154.005187
289.930664 -238.021292 -154.006003
290.430997 -239.957698 -154.006819
290.931331 -241.894103 -154.007635
291.431665 -243.830508 -154.008451
291.931998 -245.766914 -154.009267
292.432332 -247.703319 -154.010083
292.932665 -249.639724 -154.010899
293.432999 -251.576130 -154.011715
293.933333 -253.512535 -154.012531
294.433666 -255.448940 -154.013347
294.934000 -257.385346 -154.014164
295.434333 -259.321751 -154.014980
295.934667 -261.258156 -154.015796
296.435000 -263.194562 -154.016612
296.935334 -265.130967 -154.017428
297.435668 -267.067372 -154.018244
297.936001 -269.003778 -154.019060
298.436335 -270.940183 -154.019876
-277.838159 243.889206 13.416753
-276.835510 242.529391 14.487079
-275.832860 241.169576 15.557404
-274.830211 239.809761 16.627730
-273.827562 238.449945 17.698055
-272.824913 237.090130 18.768381
-271.822263 235.730315 19.838706
-270.819614 234.370499 20.909032
-269.816965 233.010684 21.979358
-268.814315 231.650869 23.049683
-267.811666 230.291053 24.120009
-266.809017 228.931238 25.190334
-265.806368 227.571423 26.260660
-264.803718 226.211607 27.330985
-263.801069 224.851792 28.401311
-262.798420 223.491977 29.471636
-261.795771 222.132161 30.541962
-260.793121 220.772346 31.612287
-259.790472 219.412531 32.682613
-258.787823 218.052715 33.752938
-257.785173 216.692900 34.823264
-256.782524 215.333085 35.893589
-255.779875 213.973269 36.963915
-254.777226 212.613454 38.034240
-253.774576 211.253639 39.104566
-252.771927 209.893824 40.174891
-251.769278 208.534008 41.245217
-250.766628 207.174193 42.315542
-249.763979 205.814378 43.385868
-248.761330 204.454562 44.456194
-247.758681 203.094747 45.526519
-246.756031 201.734932 46.596845
-245.753382 200.375116 47.667170
-244.750733 199.015301 48.737496
-243.748084 197.655486 49.807821
-242.745434 196.295670 50.878147
-241.742785 194.935855 51.948472
-240.740136 193.576040 53.018798
-239.737486 192.216224 54.089123
-238.734837 190.856409 55.159449
-237.732188 189.496594 56.229774
-236.729539 188.136778 57.300100
-235.726889 186.776963 58.370425
-234.724240 185.417148 59.440751
-233.721591 184.057333 60.511076
-232.718941 182.697517 61.581402
-231.716292 181.337702 62.651727
-230.713643 179.977887 63.722053
-229.710994 178.618071 64.792379
-228.708344 177.258256 65.862704
-227.705695 175.898441 66.933030
-226.703046 174.538625 68.003355
-225.700397 173.178810 69.073681
-224.697747 171.818995 70.144006
-223.695098 170.459179 71.214332
-222.692449 169.099364 72.284657
-221.689799 167.739549 73.354983
-220.687150 166.379733 74.425308
-219.684501 165.019918 75.495634
-218.681852 163.660103 76.565959
-217.679202 162.300287 77.636285
-216.676553 160.940472 78.706610
-215.673904 159.580657 79.776936
-214.671254 158.220842 80.847261
-213.668605 156.861026 81.917587
-212.665956 155.501211 82.987912
-211.663307 154.141396 84.058238
-210.660657 152.781580 85.128564
-209.658008 151.421765 86.198889
-208.655359 150.061950 87.269215
-179.100134 -38.112940 -85.696225
-179.156498 -38.202186 -83.699012
-179.212863 -38.291433 -81.701800
-179.269227 -38.380679 -79.704587
-179.325591 -38.469926 -77.707374
-179.381955 -38.559172 -75.710162
-179.438320 -38.648418 -73.712949
-179.494684 -38.737665 -71.715737
-179.551048 -38.826911 -69.718524
-179.607412 -38.916158 -67.721311
-179.663776 -39.005404 -65.724099
-179.720141 -39.094651 -63.726886
-179.776505 -39.183897 -61.729674
-179.832869 -39.273143 -59.732461
-179.889233 -39.362390 -57.735248
-179.945598 -39.451636 -55.738036
-180.001962 -39.540883 -53.740823
-180.058326 -39.630129 -51.743611
-180.114690 -39.719376 -49.746398
-180.171055 -39.808622 -47.749185
-180.227419 -39.897868 -45.751973
-180.283783 -39.987115 -43.754760
-180.340147 -40.076361 -41.757548
-180.396512 -40.165608 -39.760335
-180.452876 -40.254854 -37.763122
-180.509240 -40.344101 -35.765910
-180.565604 -40.433347 -33.768697
-180.621968 -40.522594 -31.771485
-180.678333 -40.611840 -29.774272
-180.734697 -40.701086 -27.777059
-180.791061 -40.790333 -25.779847
-180.847425 -40.879579 -23.782634
-180.903790 -40.968826 -21.785422
-180.960154 -41.058072 -19.788209
-181.016518 -41.147319 -17.790997
-181.072882 -41.236565 -15.793784
-181.129247 -41.325811 -13.796571
-181.185611 -41.415058 -11.799359
-181.241975 -41.504304 -9.802146
-181.298339 -41.593551 -7.804934
-181.354703 -41.682797 -5.807721
-181.411068 -41.772044 -3.810508
-181.467432 -41.861290 -1.813296
-181.523796 -41.950536 0.183917
-181.580160 -42.039783 2.181129
-181.636525 -42.129029 4.178342
-181.692889 -42.218276 6.175555
-181.749253 -42.307522 8.172767
-181.805617 -42.396769 10.169980
-181.861982 -42.486015 12.167192
-181.918346 -42.575262 14.164405
-181.974710 -42.664508 16.161618
-182.031074 -42.753754 18.158830
-182.087438 -42.843001 20.156043
-182.143803 -42.932247 22.153255
-182.200167 -43.021494 24.150468
-182.256531 -43.110740 26.147681
-182.312895 -43.199987 28.144893
-182.369260 -43.289233 30.142106
-182.425624 -43.378479 32.139318
-182.481988 -43.467726 34.136531
-182.538352 -43.556972 36.133744
-182.594717 -43.646219 38.130956
-182.651081 -43.735465 40.128169
-182.707445 -43.824712 42.125381
-182.763809 -43.913958 44.122594
-182.820174 -44.003204 46.119807
-182.876538 -44.092451 48.117019
-182.932902 -44.181697 50.114232
-182.989266 -44.270944 52.111444
287.139752 41.445130 -165.186560
286.257038 40.118375 -163.978032
285.374325 38.791621 -162.769505
284.491611 37.464866 -161.560977
283.608897 36.138112 -160.352449
282.726184 34.811357 -159.143921
281.843470 33.484603 -157.935394
280.960756 32.157848 -156.726866
280.078043 30.831094 -155.518338
279.195329 29.504339 -154.309811
278.312615 28.177585 -153.101283
277.429902 26.850831 -151.892755
276.547188 25.524076 -150.684228
275.664474 24.197322 -149.475700
274.781761 22.870567 -148.267172
273.899047 21.543813 -147.058644
273.016333 20.217058 -145.850117
272.133620 18.890304 -144.641589
271.250906 17.563549 -143.433061
270.368192 16.236795 -142.224534
269.485479 14.910041 -141.016006
268.602765 13.583286 -139.807478
267.720051 12.256532 -138.598951
266.837338 10.929777 -137.390423
265.954624 9.603023 -136.181895
265.071910 8.276268 -134.973367
264.189197 6.949514 -133.764840
263.306483 5.622759 -132.556312
262.423769 4.296005 -131.347784
261.541056 2.969251 -130.139257
260.658342 1.642496 -128.930729
259.775628 0.315742 -127.722201
258.892915 -1.011013 -126.513673
258.010201 -2.337767 -125.305146
257.127487 -3.664522 -124.096618
256.244773 -4.991276 -122.888090
255.362060 -6.318031 -121.679563
254.479346 -7.644785 -120.471035
253.596632 -8.971539 -119.262507
252.713919 -10.298294 -118.053980
251.831205 -11.625048 -116.845452
250.948491 -12.951803 -115.636924
250.065778 -14.278557 -114.428396
249.183064 -15.605312 -113.219869
248.300350 -16.932066 -112.011341
247.417637 -18.258821 -110.802813
246.534923 -19.585575 -109.594286
245.652209 -20.912329 -108.385758
244.769496 -22.239084 -107.177230
243.886782 -23.565838 -105.968703
243.004068 -24.892593 -104.760175
242.121355 -26.219347 -103.551647
241.238641 -27.546102 -102.343119
240.355927 -28.872856 -101.134592
239.473214 -30.199611 -99.926064
238.590500 -31.526365 -98.717536
237.707786 -32.853119 -97.509009
236.825073 -34.179874 -96.300481
235.942359 -35.506628 -95.091953
235.059645 -36.833383 -93.883425
234.176932 -38.160137 -92.674898
233.294218 -39.486892 -91.466370
232.411504 -40.813646 -90.257842
231.528791 -42.140401 -89.049315
230.646077 -43.467155 -87.840787
229.763363 -44.793909 -86.632259
228.880650 -46.120664 -85.423732
227.997936 -47.447418 -84.215204
227.115222 -48.774173 -83.006676
226.232509 -50.100927 -81.798148
-185.380437 61.090088 -277.390052
-183.812402 62.287541 -277.717728
-182.244366 63.484994 -278.045403
-180.676331 64.682447 -278.373078
-179.108295 65.879900 -278.700754
-177.540260 67.077352 -279.028429
-175.972224 68.274805 -279.356104
-174.404188 69.472258 -279.683780
-172.836153 70.669711 -280.011455
-171.268117 71.867164 -280.339131
-169.700082 73.064617 -280.666806
-168.132046 74.262069 -280.994481
-166.564011 75.459522 -281.322157
-164.995975 76.656975 -281.649832
-163.427939 77.854428 -281.977507
-161.859904 79.051881 -282.305183
-160.291868 80.249334 -282.632858
-158.723833 81.446786 -282.960534
-157.155797 82.644239 -283.288209
-155.587762 83.841692 -283.615884
-154.019726 85.039145 -283.943560
-152.451691 86.236598 -284.271235
-150.883655 87.434051 -284.598910
-149.315619 88.631504 -284.926586
-147.747584 89.828956 -285.254261
-146.179548 91.026409 -285.581937
-144.611513 92.223862 -285.909612
-143.043477 93.421315 -286.237287
-141.475442 94.618768 -286.564963
-139.907406 95.816221 -286.892638
-138.339370 97.013673 -287.220313
-136.771335 98.211126 -287.547989
-135.203299 99.408579 -287.875664
-133.635264 100.606032 -288.203340
-132.067228 101.803485 -288.531015
-130.499193 103.000938 -288.858690
-128.931157 104.198391 -289.186366
-127.363121 105.395843 -289.514041
-125.795086 106.593296 -289.841716
-124.227050 107.790749 -290.169392
-122.659015 108.988202 -290.497067
-121.090979 110.185655 -290.824743
-119.522944 111.383108 -291.152418
-117.954908 112.580560 -291.480093
-116.386873 113.778013 -291.807769
-114.818837 114.975466 -292.135444
-113.250801 116.172919 -292.463119
-111.682766 117.370372 -292.790795
-110.114730 118.567825 -293.118470
-108.546695 119.765277 -293.446146
-106.978659 120.962730 -293.773821
-105.410624 122.160183 -294.101496
-103.842588 123.357636 -294.429172
-102.274552 124.555089 -294.756847
-100.706517 125.752542 -295.084522
-99.138481 126.949995 -295.412198
-97.570446 128.147447 -295.739873
-96.002410 129.344900 -296.067549
-94.434375 130.542353 -296.395224
-92.866339 131.739806 -296.722899
-91.298303 132.937259 -297.050575
-89.730268 134.134712 -297.378250
-88.162232 135.332164 -297.705925
-86.594197 136.529617 -298.033601
-85.026161 137.727070 -298.361276
-83.458126 138.924523 -298.688952
-81.890090 140.121976 -299.016627
-80.322054 141.319429 -299.344302
-78.754019 142.516882 -299.671978
-77.185983 143.714334 -299.999653
-257.444717 -232.464813 217.114999
-257.968613 -230.951189 218.312695
-258.492509 -229.437565 219.510391
-259.016405 -227.923941 220.708087
-259.540300 -226.410317 221.905783
-260.064196 -224.896693 223.103479
-260.588092 -223.383069 224.301175
-261.111988 -221.869445 225.498871
-261.635884 -220.355821 226.696567
-262.159780 -218.842197 227.894263
-262.683676 -217.328573 229.091959
-263.207572 -215.814949 230.289654
-263.731468 -214.301325 231.487350
-264.255364 -212.787701 232.685046
-264.779260 -211.274077 233.882742
-265.303156 -209.760454 235.080438
-265.827052 -208.246830 236.278134
-266.350948 -206.733206 237.475830
-266.874844 -205.219582 238.673526
-267.398739 -203.705958 239.871222
-267.922635 -202.192334 241.068918
-268.446531 -200.678710 242.266614
-268.970427 -199.165086 243.464309
-269.494323 -197.651462 244.662005
-270.018219 -196.137838 245.859701
-270.542115 -194.624214 247.057397
-271.066011 -193.110590 248.255093
-271.589907 -191.596966 249.452789
-272.113803 -190.083342 250.650485
-272.637699 -188.569718 251.848181
-273.161595 -187.056094 253.045877
-273.685491 -185.542470 254.243573
-274.209387 -184.028846 255.441269
-274.733283 -182.515222 256.638964
-275.257178 -181.001598 257.836660
-275.781074 -179.487974 259.034356
-276.304970 -177.974350 260.232052
-276.828866 -176.460726 261.429748
-277.352762 -174.947102 262.627444
-277.876658 -173.433478 263.825140
-278.400554 -171.919854 265.022836
-278.924450 -170.406230 266.220532
-279.448346 -168.892606 267.418228
-279.972242 -167.378982 268.615924
-280.496138 -165.865358 269.813619
-281.020034 -164.351734 271.011315
-281.543930 -162.838110 272.209011
-282.067826 -161.324486 273.406707
-282.591722 -159.810862 274.604403
-283.115618 -158.297238 275.802099
-283.639513 -156.783614 276.999795
-284.163409 -155.269990 278.197491
-284.687305 -153.756366 279.395187
-285.211201 -152.242742 280.592883
-285.735097 -150.729118 281.790578
-286.258993 -149.215494 282.988274
-286.782889 -147.701870 284.185970
-287.306785 -146.188246 285.383666
-287.830681 -144.674622 286.581362
-288.354577 -143.160998 287.779058
-288.878473 -141.647374 288.976754
-289.402369 -140.133750 290.174450
-289.926265 -138.620126 291.372146
-290.450161 -137.106502 292.569842
-290.974057 -135.592878 293.767538
-291.497952 -134.079254 294.965233
-292.021848 -132.565630 296.162929
-292.545744 -131.052006 297.360625
-293.069640 -129.538382 298.558321
-293.593536 -128.024758 299.756017
62.184811 77.694030 -207.032983
62.177389 79.678369 -207.282668
62.169966 81.662708 -207.532353
62.162543 83.647047 -207.782038
62.155120 85.631387 -208.031724
62.147697 87.615726 -208.281409
62.140274 89.600065 -208.531094
62.132851 91.584404 -208.780780
62.125428 93.568743 -209.030465
62.118006 95.553083 -209.280150
62.110583 97.537422 -209.529836
62.103160 99.521761 -209.779521
62.095737 101.506100 -210.029206
62.088314 103.490440 -210.278892
62.080891 105.474779 -210.528577
62.073468 107.459118 -210.778262
62.066045 109.443457 -211.027947
62.058623 111.427796 -211.277633
62.051200 113.412136 -211.527318
62.043777 115.396475 -211.777003
62.036354 117.380814 -212.026689
62.028931 119.365153 -212.276374
62.021508 121.349493 -212.526059
62.014085 123.333832 -212.775745
62.006662 125.318171 -213.025430
61.999240 127.302510 -213.275115
61.991817 129.286849 -213.524801
61.984394 131.271189 -213.774486
61.976971 133.255528 -214.024171
61.969548 135.239867 -214.273856
61.962125 137.224206 -214.523542
61.954702 139.208546 -214.773227
61.947279 141.192885 -215.022912
61.939857 143.177224 -215.272598
61.932434 145.161563 -215.522283
61.925011 147.145902 -215.771968
61.917588 149.130242 -216.021654
61.910165 151.114581 -216.271339
61.902742 153.098920 -216.521024
61.895319 155.083259 -216.770710
61.887896 157.067599 -217.020395
61.880474 159.051938 -217.270080
61.873051 161.036277 -217.519766
61.865628 163.020616 -217.769451
61.858205 165.004955 -218.019136
61.850782 166.989295 -218.268821
61.843359 168.973634 -218.518507
61.835936 170.957973 -218.768192
61.828513 172.942312 -219.017877
61.821091 174.926652 -219.267563
61.813668 176.910991 -219.517248
61.806245 178.895330 -219.766933
61.798822 180.879669 -220.016619
61.791399 182.864008 -220.266304
61.783976 184.848348 -220.515989
61.776553 186.832687 -220.765675
61.769130 188.817026 -221.015360
61.761708 190.801365 -221.265045
61.754285 192.785705 -221.514730
61.746862 194.770044 -221.764416
61.739439 196.754383 -222.014101
61.732016 198.738722 -222.263786
61.724593 200.723061 -222.513472
61.717170 202.707401 -222.763157
61.709747 204.691740 -223.012842
61.702325 206.676079 -223.262528
61.694902 208.660418 -223.512213
61.687479 210.644758 -223.761898
61.680056 212.629097 -224.011584
61.672633 214.613436 -224.261269
154.400840 241.731260 131.372867
154.670613 239.764988 131.619843
154.940386 237.798716 131.866818
155.210159 235.832444 132.113793
155.479932 233.866172 132.360768
155.749705 231.899900 132.607743
156.019478 229.933628 132.854719
156.289251 227.967356 133.101694
156.559024 226.001084 133.348669
156.828797 224.034812 133.595644
157.098570 222.068540 133.842619
157.368343 220.102267 134.089595
157.638116 218.135995 134.336570
157.907889 216.169723 134.583545
158.177662 214.203451 134.830520
158.447435 212.237179 135.077495
158.717208 210.270907 135.324471
158.986981 208.304635 135.571446
159.256754 206.338363 135.818421
159.526527 204.372091 136.065396
159.796300 202.405819 136.312371
160.066073 200.439547 136.559347
160.335846 198.473275 136.806322
160.605619 196.507003 137.053297
160.875392 194.540731 137.300272
161.145165 192.574459 137.547247
161.414938 190.608187 137.794223
161.684711 188.641915 138.041198
161.954484 186.675643 138.288173
162.224257 184.709371 138.535148
162.494030 182.743098 138.782123
162.763803 180.776826 139.029099
163.033576 178.810554 139.276074
163.303349 176.844282 139.523049
163.573122 174.878010 139.770024
163.842895 172.911738 140.016999
164.112668 170.945466 140.263975
164.382441 168.979194 140.510950
164.652214 167.012922 140.757925
164.921987 165.046650 141.004900
165.191760 163.080378 141.251875
165.461533 161.114106 141.498851
165.731306 159.147834 141.745826
166.001079 157.181562 141.992801
166.270852 155.215290 142.239776
166.540625 153.249018 142.486751
166.810398 151.282746 142.733727
167.080171 149.316474 142.980702
167.349944 147.350202 143.227677
167.619717 145.383930 143.474652
167.889490 143.417657 143.721627
168.159263 141.451385 143.968603
168.429036 139.485113 144.215578
168.698809 137.518841 144.462553
168.968582 135.552569 144.709528
169.238355 133.586297 144.956503
169.508128 131.620025 145.203479
169.777901 129.653753 145.450454
170.047674 127.687481 145.697429
170.317447 125.721209 145.944404
170.587220 123.754937 146.191379
170.856993 121.788665 146.438355
171.126766 119.822393 146.685330
171.396539 117.856121 146.932305
171.666312 115.889849 147.179280
171.936085 113.923577 147.426255
172.205858 111.957305 147.673231
172.475631 109.991033 147.920206
172.745404 108.024761 148.167181
173.015177 106.058488 148.414156
255.366779 190.409962 60.950607
253.703058 191.286402 60.269516
252.039337 192.162842 59.588425
250.375616 193.039283 58.907335
248.711895 193.915723 58.226244
247.048174 194.792164 57.545153
245.384453 195.668604 56.864062
243.720732 196.545044 56.182971
242.057011 197.421485 55.501880
240.393290 198.297925 54.820790
238.729569 199.174366 54.139699
237.065848 200.050806 53.458608
235.402127 200.927247 52.777517
233.738406 201.803687 52.096426
232.074685 202.680127 51.415335
230.410964 203.556568 50.734245
228.747243 204.433008 50.053154
227.083522 205.309449 49.372063
225.419801 206.185889 48.690972
223.756080 207.062329 48.009881
222.092360 207.938770 47.328791
220.428639 208.815210 46.647700
218.764918 209.691651 45.966609
217.101197 210.568091 45.285518
215.437476 211.444532 44.604427
213.773755 212.320972 43.923336
212.110034 213.197412 43.242246
210.446313 214.073853 42.561155
208.782592 214.950293 41.880064
207.118871 215.826734 41.198973
205.455150 216.703174 40.517882
203.791429 217.579614 39.836792
202.127708 218.456055 39.155701
200.463987 219.332495 38.474610
198.800266 220.208936 37.793519
197.136545 221.085376 37.112428
195.472824 221.961817 36.431337
193.809103 222.838257 35.750247
192.145382 223.714697 35.069156
190.481661 224.591138 34.388065
188.817940 225.467578 33.706974
187.154219 226.344019 33.025883
185.490498 227.220459 32.344792
183.826777 228.096899 31.663702
182.163056 228.973340 30.982611
180.499335 229.849780 30.301520
178.835614 230.726221 29.620429
177.171893 231.602661 28.939338
175.508172 232.479102 28.258248
173.844451 233.355542 27.577157
172.180730 234.231982 26.896066
170.517009 235.108423 26.214975
168.853288 235.984863 25.533884
167.189567 236.861304 24.852793
165.525846 237.737744 24.171703
163.862125 238.614184 23.490612
162.198404 239.490625 22.809521
160.534683 240.367065 22.128430
158.870962 241.243506 21.447339
157.207241 242.119946 20.766249
155.543520 242.996387 20.085158
153.879799 243.872827 19.404067
152.216078 244.749267 18.722976
150.552357 245.625708 18.041885
148.888637 246.502148 17.360794
147.224916 247.378589 16.679704
145.561195 248.255029 15.998613
143.897474 249.131469 15.317522
142.233753 250.007910 14.636431
140.570032 250.884350 13.955340
-160.854803 -176.909569 -268.828944
-159.851154 -178.638613 -268.773287
-158.847506 -180.367656 -268.717630
-157.843857 -182.096700 -268.661973
-156.840209 -183.825744 -268.606317
-155.836560 -185.554787 -268.550660
-154.832912 -187.283831 -268.495003
-153.829263 -189.012875 -268.439347
-152.825615 -190.741918 -268.383690
-151.821966 -192.470962 -268.328033
-150.818318 -194.200006 -268.272376
-149.814669 -195.929049 -268.216720
-148.811021 -197.658093 -268.161063
-147.807372 -199.387137 -268.105406
-146.803724 -201.116180 -268.049750
-145.800075 -202.845224 -267.994093
-144.796427 -204.574268 -267.938436
-143.792778 -206.303311 -267.882779
-142.789130 -208.032355 -267.827123
-141.785481 -209.761399 -267.771466
-140.781833 -211.490442 -267.715809
-139.778184 -213.219486 -267.660152
-138.774536 -214.948530 -267.604496
-137.770887 -216.677573 -267.548839
-136.767239 -218.406617 -267.493182
-135.763590 -220.135661 -267.437526
-134.759942 -221.864704 -267.381869
-133.756293 -223.593748 -267.326212
-132.752645 -225.322792 -267.270555
-131.748996 -227.051835 -267.214899
-130.745348 -228.780879 -267.159242
-129.741699 -230.509923 -267.103585
-128.738051 -232.238966 -267.047928
-127.734402 -233.968010 -266.992272
-126.730754 -235.697054 -266.936615
-125.727105 -237.426097 -266.880958
-124.723457 -239.155141 -266.825302
-123.719808 -240.884185 -266.769645
-122.716160 -242.613228 -266.713988
-121.712511 -244.342272 -266.658331
-120.708863 -246.071316 -266.602675
-119.705214 -247.800359 -266.547018
-118.701566 -249.529403 -266.491361
-117.697917 -251.258447 -266.435704
-116.694269 -252.987490 -266.380048
-115.690620 -254.716534 -266.324391
-114.686972 -256.445578 -266.268734
-113.683323 -258.174621 -266.213078
-112.679675 -259.903665 -266.157421
-111.676026 -261.632709 -266.101764
-110.672378 -263.361752 -266.046107
-109.668729 -265.090796 -265.990451
-108.665081 -266.819840 -265.934794
-107.661432 -268.548883 -265.879137
-106.657784 -270.277927 -265.823480
-105.654135 -272.006971 -265.767824
-104.650487 -273.736014 -265.712167
-103.646838 -275.465058 -265.656510
-102.643190 -277.194102 -265.600854
-101.639541 -278.923145 -265.545197
-100.635893 -280.652189 -265.489540
-99.632244 -282.381233 -265.433883
-98.628596 -284.110276 -265.378227
-97.624947 -285.839320 -265.322570
-96.621299 -287.568364 -265.266913
-95.617650 -289.297407 -265.211256
-94.614002 -291.026451 -265.155600
-93.610353 -292.755495 -265.099943
-92.606705 -294.484538 -265.044286
-91.603056 -296.213582 -264.988630
86.666233 53.078410 -259.904816
85.595690 51.561517 -259.161196
84.525146 50.044623 -258.417576
83.454602 48.527730 -257.673957
82.384059 47.010836 -256.930337
81.313515 45.493943 -256.186717
80.242971 43.977049 -255.443097
79.172427 42.460156 -254.699478
78.101884 40.943262 -253.955858
77.031340 39.426369 -253.212238
75.960796 37.909475 -252.468619
74.890253 36.392582 -251.724999
73.819709 34.875688 -250.981379
72.749165 33.358795 -250.237759
71.678622 31.841901 -249.494140
70.608078 30.325007 -248.750520
69.537534 28.808114 -248.006900
68.466991 27.291220 -247.263281
67.396447 25.774327 -246.519661
66.325903 24.257433 -245.776041
65.255360 22.740540 -245.032421
64.184816 21.223646 -244.288802
63.114272 19.706753 -243.545182
62.043729 18.189859 -242.801562
60.973185 16.672966 -242.057943
59.902641 15.156072 -241.314323
58.832098 13.639179 -240.570703
57.761554 12.122285 -239.827083
56.691010 10.605392 -239.083464
55.620467 9.088498 -238.339844
54.549923 7.571605 -237.596224
53.479379 6.054711 -236.852605
52.408836 4.537818 -236.108985
51.338292 3.020924 -235.365365
50.267748 1.504030 -234.621745
49.197205 -0.012863 -233.878126
48.126661 -1.529757 -233.134506
47.056117 -3.046650 -232.390886
45.985574 -4.563544 -231.647267
44.915030 -6.080437 -230.903647
43.844486 -7.597331 -230.160027
42.773943 -9.114224 -229.416407
41.703399 -10.631118 -228.672788
40.632855 -12.148011 -227.929168
39.562312 -13.664905 -227.185548
38.491768 -15.181798 -226.441929
37.421224 -16.698692 -225.698309
36.350681 -18.215585 -224.954689
35.280137 -19.732479 -224.211069
34.209593 -21.249372 -223.467450
33.139050 -22.766266 -222.723830
32.068506 -24.283159 -221.980210
30.997962 -25.800053 -221.236591
29.927419 -27.316947 -220.492971
28.856875 -28.833840 -219.749351
27.786331 -30.350734 -219.005731
26.715788 -31.867627 -218.262112
25.645244 -33.384521 -217.518492
24.574700 -34.901414 -216.774872
23.504157 -36.418308 -216.031253
22.433613 -37.935201 -215.287633
21.363069 -39.452095 -214.544013
20.292526 -40.968988 -213.800393
19.221982 -42.485882 -213.056774
18.151438 -44.002775 -212.313154
17.080895 -45.519669 -211.569534
16.010351 -47.036562 -210.825915
14.939807 -48.553456 -210.082295
13.869264 -50.070349 -209.338675
12.798720 -51.587243 -208.595055
206.553333 -252.724725 206.372071
206.131817 -251.289171 207.699290
205.710301 -249.853616 209.026508
205.288785 -248.418062 210.353727
204.867269 -246.982508 211.680945
204.445753 -245.546954 213.008163
204.024237 -244.111400 214.335382
203.602721 -242.675846 215.662600
203.181206 -241.240292 216.989819
202.759690 -239.804737 218.317037
202.338174 -238.369183 219.644255
201.916658 -236.933629 220.971474
201.495142 -235.498075 222.298692
201.073626 -234.062521 223.625910
200.652110 -232.626967 224.953129
200.230594 -231.191413 226.280347
199.809078 -229.755858 227.607566
199.387562 -228.320304 228.934784
198.966046 -226.884750 230.262002
198.544530 -225.449196 231.589221
198.123015 -224.013642 232.916439
197.701499 -222.578088 234.243658
197.279983 -221.142534 235.570876
196.858467 -219.706979 236.898094
196.436951 -218.271425 238.225313
196.015435 -216.835871 239.552531
195.593919 -215.400317 240.879749
195.172403 -213.964763 242.206968
194.750887 -212.529209 243.534186
194.329371 -211.093655 244.861405
193.907855 -209.658101 246.188623
193.486339 -208.222546 247.515841
193.064824 -206.786992 248.843060
192.643308 -205.351438 250.170278
192.221792 -203.915884 251.497497
191.800276 -202.480330 252.824715
191.378760 -201.044776 254.151933
190.957244 -199.609222 255.479152
190.535728 -198.173667 256.806370
190.114212 -196.738113 258.133588
189.692696 -195.302559 259.460807
189.271180 -193.867005 260.788025
188.849664 -192.431451 262.115244
188.428148 -190.995897 263.442462
188.006633 -189.560343 264.769680
187.585117 -188.124788 266.096899
187.163601 -186.689234 267.424117
186.742085 -185.253680 268.751336
186.320569 -183.818126 270.078554
185.899053 -182.382572 271.405772
185.477537 -180.947018 272.732991
185.056021 -179.511464 274.060209
184.634505 -178.075909 275.387428
184.212989 -176.640355 276.714646
183.791473 -175.204801 278.041864
183.369957 -173.769247 279.369083
182.948442 -172.333693 280.696301
182.526926 -170.898139 282.023519
182.105410 -169.462585 283.350738
181.683894 -168.027030 284.677956
181.262378 -166.591476 286.005175
180.840862 -165.155922 287.332393
180.419346 -163.720368 288.659611
179.997830 -162.284814 289.986830
179.576314 -160.849260 291.314048
179.154798 -159.413706 292.641267
178.733282 -157.978151 293.968485
178.311766 -156.542597 295.295703
177.890251 -155.107043 296.622922
177.468735 -153.671489 297.950140
196.408377 -169.852524 -217.023801
197.612391 -168.394079 -216.373192
198.816405 -166.935635 -215.722584
200.020419 -165.477191 -215.071976
201.224433 -164.018747 -214.421367
202.428447 -162.560303 -213.770759
203.632461 -161.101859 -213.120151
204.836475 -159.643415 -212.469542
206.040489 -158.184971 -211.818934
207.244503 -156.726527 -211.168326
208.448518 -155.268083 -210.517718
209.652532 -153.809639 -209.867109
210.856546 -152.351195 -209.216501
212.060560 -150.892751 -208.565893
213.264574 -149.434307 -207.915284
214.468588 -147.975863 -207.264676
215.672602 -146.517419 -206.614068
216.876616 -145.058975 -205.963459
218.080630 -143.600531 -205.312851
219.284644 -142.142087 -204.662243
220.488658 -140.683643 -204.011635
221.692672 -139.225199 -203.361026
222.896686 -137.766755 -202.710418
224.100700 -136.308311 -202.059810
225.304714 -134.849867 -201.409201
226.508728 -133.391423 -200.758593
227.712742 -131.932978 -200.107985
228.916756 -130.474534 -199.457376
230.120770 -129.016090 -198.806768
231.324784 -127.557646 -198.156160
232.528798 -126.099202 -197.505551
233.732812 -124.640758 -196.854943
234.936826 -123.182314 -196.204335
236.140840 -121.723870 -195.553727
237.344855 -120.265426 -194.903118
238.548869 -118.806982 -194.252510
239.752883 -117.348538 -193.601902
240.956897 -115.890094 -192.951293
242.160911 -114.431650 -192.300685
243.364925 -112.973206 -191.650077
244.568939 -111.514762 -190.999468
245.772953 -110.056318 -190.348860
246.976967 -108.597874 -189.698252
248.180981 -107.139430 -189.047644
249.384995 -105.680986 -188.397035
250.589009 -104.222542 -187.746427
251.793023 -102.764098 -187.095819
252.997037 -101.305654 -186.445210
254.201051 -99.847210 -185.794602
255.405065 -98.388766 -185.143994
256.609079 -96.930322 -184.493385
257.813093 -95.471877 -183.842777
259.017107 -94.013433 -183.192169
260.221121 -92.554989 -182.541560
261.425135 -91.096545 -181.890952
262.629149 -89.638101 -181.240344
263.833163 -88.179657 -180.589736
265.037178 -86.721213 -179.939127
266.241192 -85.262769 -179.288519
267.445206 -83.804325 -178.637911
268.649220 -82.345881 -177.987302
269.853234 -80.887437 -177.336694
271.057248 -79.428993 -176.686086
272.261262 -77.970549 -176.035477
273.465276 -76.512105 -175.384869
274.669290 -75.053661 -174.734261
275.873304 -73.595217 -174.083652
277.077318 -72.136773 -173.433044
278.281332 -70.678329 -172.782436
279.485346 -69.219885 -172.131828
-197.299665 -21.500147 -112.460294
-196.153516 -20.735092 -111.010800
-195.007367 -19.970037 -109.561306
-193.861218 -19.204982 -108.111812
-192.715069 -18.439927 -106.662317
-191.568920 -17.674872 -105.212823
-190.422771 -16.909817 -103.763329
-189.276622 -16.144762 -102.313835
-188.130473 -15.379707 -100.864341
-186.984324 -14.614652 -99.414847
-185.838175 -13.849597 -97.965353
-184.692026 -13.084542 -96.515858
-183.545877 -12.319487 -95.066364
-182.399728 -11.554432 -93.616870
-181.253579 -10.789377 -92.167376
-180.107430 -10.024322 -90.717882
-178.961281 -9.259267 -89.268388
-177.815132 -8.494212 -87.818893
-176.668983 -7.729157 -86.369399
-175.522834 -6.964101 -84.919905
-174.376685 -6.199046 -83.470411
-173.230536 -5.433991 -82.020917
-172.084387 -4.668936 -80.571423
-170.938238 -3.903881 -79.121929
-169.792089 -3.138826 -77.672434
-168.645940 -2.373771 -76.222940
-167.499791 -1.608716 -74.773446
-166.353642 -0.843661 -73.323952
-165.207493 -0.078606 -71.874458
-164.061344 0.686449 -70.424964
-162.915195 1.451504 -68.975469
-161.769046 2.216559 -67.525975
-160.622897 2.981614 -66.076481
-159.476748 3.746669 -64.626987
-158.330599 4.511724 -63.177493
-157.184450 5.276779 -61.727999
-156.038301 6.041834 -60.278505
-154.892152 6.806889 -58.829010
-153.746003 7.571944 -57.379516
-152.599854 8.336999 -55.930022
-151.453705 9.102054 -54.480528
-150.307556 9.867109 -53.031034
-149.161407 10.632164 -51.581540
-148.015258 11.397219 -50.132045
-146.869109 12.162274 -48.682551
-145.722960 12.927329 -47.233057
-144.576811 13.692384 -45.783563
-143.430662 14.457439 -44.334069
-142.284513 15.222494 -42.884575
-141.138364 15.987549 -41.435080
-139.992215 16.752604 -39.985586
-138.846066 17.517659 -38.536092
-137.699917 18.282714 -37.086598
-136.553768 19.047769 -35.637104
-135.407619 19.812824 -34.187610
-134.261470 20.577880 -32.738116
-133.115321 21.342935 -31.288621
-131.969172 22.107990 -29.839127
-130.823023 22.873045 -28.389633
-129.676874 23.638100 -26.940139
-128.530725 24.403155 -25.490645
-127.384576 25.168210 -24.041151
-126.238427 25.933265 -22.591656
-125.092279 26.698320 -21.142162
-123.946130 27.463375 -19.692668
-122.799981 28.228430 -18.243174
-121.653832 28.993485 -16.793680
-120.507683 29.758540 -15.344186
-119.361534 30.523595 -13.894692
-118.215385 31.288650 -12.445197
54.993847 161.407799 -74.358163
53.553271 160.051359 -74.649386
52.112694 158.694919 -74.940609
50.672118 157.338480 -75.231831
49.231541 155.982040 -75.523054
47.790965 154.625600 -75.814277
46.350388 153.269161 -76.105500
44.909812 151.912721 -76.396723
43.469235 150.556281 -76.687946
42.028659 149.199842 -76.979169
40.588082 147.843402 -77.270392
39.147506 146.486962 -77.561614
37.706929 145.130523 -77.852837
36.266353 143.774083 -78.144060
34.825776 142.417643 -78.435283
33.385200 141.061204 -78.726506
31.944623 139.704764 -79.017729
30.504047 138.348324 -79.308952
29.063470 136.991885 -79.600174
27.622894 135.635445 -79.891397
26.182317 134.279005 -80.182620
24.741741 132.922566 -80.473843
23.301164 131.566126 -80.765066
21.860588 130.209686 -81.056289
20.420011 128.853246 -81.347512
18.979435 127.496807 -81.638734
17.538858 126.140367 -81.929957
16.098282 124.783927 -82.221180
14.657705 123.427488 -82.512403
13.217129 122.071048 -82.803626
11.776552 120.714608 -83.094849
10.335976 119.358169 -83.386072
8.895399 118.001729 -83.677295
7.454823 116.645289 -83.968517
6.014246 115.288850 -84.259740
4.573670 113.932410 -84.550963
3.133093 112.575970 -84.842186
1.692517 111.219531 -85.133409
0.251940 109.863091 -85.424632
-1.188636 108.506651 -85.715855
-2.629213 107.150212 -86.007077
-4.069789 105.793772 -86.298300
-5.510366 104.437332 -86.589523
-6.950942 103.080893 -86.880746
-8.391519 101.724453 -87.171969
-9.832095 100.368013 -87.463192
-11.272672 99.011574 -87.754415
-12.713248 97.655134 -88.045637
-14.153825 96.298694 -88.336860
-15.594401 94.942255 -88.628083
-17.034978 93.585815 -88.919306
-18.475554 92.229375 -89.210529
-19.916131 90.872936 -89.501752
-21.356707 89.516496 -89.792975
-22.797284 88.160056 -90.084197
-24.237860 86.803617 -90.375420
-25.678437 85.447177 -90.666643
-27.119013 84.090737 -90.957866
-28.559590 82.734298 -91.249089
-30.000166 81.377858 -91.540312
-31.440743 80.021418 -91.831535
-32.881319 78.664979 -92.122758
-34.321896 77.308539 -92.413980
-35.762472 75.952099 -92.705203
-37.203049 74.595660 -92.996426
-38.643625 73.239220 -93.287649
-40.084202 71.882780 -93.578872
-41.524778 70.526341 -93.870095
-42.965355 69.169901 -94.161318
-44.405931 67.813461 -94.452540
204.845824 39.535970 -135.603684
205.289174 40.757389 -134.083296
205.732524 41.978808 -132.562909
206.175874 43.200226 -131.042522
206.619224 44.421645 -129.522134
207.062574 45.643063 -128.001747
207.505924 46.864482 -126.481360
207.949274 48.085901 -124.960973
208.392624 49.307319 -123.440585
208.835974 50.528738 -121.920198
209.279324 51.750156 -120.399811
209.722674 52.971575 -118.879424
210.166024 54.192994 -117.359036
210.609373 55.414412 -115.838649
211.052723 56.635831 -114.318262
211.496073 57.857249 -112.797874
211.939423 59.078668 -111.277487
212.382773 60.300087 -109.757100
212.826123 61.521505 -108.236713
213.269473 62.742924 -106.716325
213.712823 63.964342 -105.195938
214.156173 65.185761 -103.675551
214.599523 66.407180 -102.155164
215.042873 67.628598 -100.634776
215.486223 68.850017 -99.114389
215.929573 70.071435 -97.594002
216.372922 71.292854 -96.073614
216.816272 72.514273 -94.553227
217.259622 73.735691 -93.032840
217.702972 74.957110 -91.512453
218.146322 76.178528 -89.992065
218.589672 77.399947 -88.471678
219.033022 78.621365 -86.951291
219.476372 79.842784 -85.430904
219.919722 81.064203 -83.910516
220.363072 82.285621 -82.390129
220.806422 83.507040 -80.869742
221.249772 84.728458 -79.349354
221.693122 85.949877 -77.828967
222.136472 87.171296 -76.308580
222.579821 88.392714 -74.788193
223.023171 89.614133 -73.267805
223.466521 90.835551 -71.747418
223.909871 92.056970 -70.227031
224.353221 93.278389 -68.706644
224.796571 94.499807 -67.186256
225.239921 95.721226 -65.665869
225.683271 96.942644 -64.145482
226.126621 98.164063 -62.625094
226.569971 99.385482 -61.104707
227.013321 100.606900 -59.584320
227.456671 101.828319 -58.063933
227.900021 103.049737 -56.543545
228.343370 104.271156 -55.023158
228.786720 105.492575 -53.502771
229.230070 106.713993 -51.982384
229.673420 107.935412 -50.461996
230.116770 109.156830 -48.941609
230.560120 110.378249 -47.421222
231.003470 111.599668 -45.900834
231.446820 112.821086 -44.380447
231.890170 114.042505 -42.860060
232.333520 115.263923 -41.339673
232.776870 116.485342 -39.819285
233.220220 117.706760 -38.298898
233.663570 118.928179 -36.778511
234.106920 120.149598 -35.258124
234.550269 121.371016 -33.737736
234.993619 122.592435 -32.217349
235.436969 123.813853 -30.696962
-12.249961 -33.780145 -291.762864
-10.991969 -35.191427 -291.110377
-9.733977 -36.602708 -290.457889
-8.475985 -38.013990 -289.805402
-7.217993 -39.425272 -289.152915
-5.960001 -40.836554 -288.500427
-4.702009 -42.247836 -287.847940
-3.444017 -43.659118 -287.195453
-2.186025 -45.070400 -286.542965
-0.928033 -46.481682 -285.890478
0.329958 -47.892964 -285.237991
1.587950 -49.304246 -284.585504
2.845942 -50.715528 -283.933016
4.103934 -52.126810 -283.280529
5.361926 -53.538092 -282.628042
6.619918 -54.949373 -281.975554
7.877910 -56.360655 -281.323067
9.135902 -57.771937 -280.670580
10.393894 -59.183219 -280.018092
11.651886 -60.594501 -279.365605
12.909878 -62.005783 -278.713118
14.167869 -63.417065 -278.060630
15.425861 -64.828347 -277.408143
16.683853 -66.239629 -276.755656
17.941845 -67.650911 -276.103168
19.199837 -69.062193 -275.450681
20.457829 -70.473475 -274.798194
21.715821 -71.884757 -274.145707
22.973813 -73.296038 -273.493219
24.231805 -74.707320 -272.840732
25.489797 -76.118602 -272.188245
26.747789 -77.529884 -271.535757
28.005780 -78.941166 -270.883270
29.263772 -80.352448 -270.230783
30.521764 -81.763730 -269.578295
31.779756 -83.175012 -268.925808
33.037748 -84.586294 -268.273321
34.295740 -85.997576 -267.620833
35.553732 -87.408858 -266.968346
36.811724 -88.820140 -266.315859
38.069716 -90.231422 -265.663372
39.327708 -91.642704 -265.010884
40.585699 -93.053985 -264.358397
41.843691 -94.465267 -263.705910
43.101683 -95.876549 -263.053422
44.359675 -97.287831 -262.400935
45.617667 -98.699113 -261.748448
46.875659 -100.110395 -261.095960
48.133651 -101.521677 -260.443473
49.391643 -102.932959 -259.790986
50.649635 -104.344241 -259.138498
51.907627 -105.755523 -258.486011
53.165619 -107.166805 -257.833524
54.423610 -108.578087 -257.181036
55.681602 -109.989369 -256.528549
56.939594 -111.400650 -255.876062
58.197586 -112.811932 -255.223575
59.455578 -114.223214 -254.571087
60.713570 -115.634496 -253.918600
61.971562 -117.045778 -253.266113
63.229554 -118.457060 -252.613625
64.487546 -119.868342 -251.961138
65.745538 -121.279624 -251.308651
67.003530 -122.690906 -250.656163
68.261521 -124.102188 -250.003676
69.519513 -125.513470 -249.351189
70.777505 -126.924752 -248.698701
72.035497 -128.336034 -248.046214
73.293489 -129.747316 -247.393727
74.551481 -131.158597 -246.741239
248.138515 278.417559 30.236807
248.834143 277.147066 28.857696
249.529770 275.876572 27.478584
250.225397 274.606078 26.099473
250.921024 273.335584 24.720361
251.616651 272.065090 23.341250
252.312278 270.794596 21.962139
253.007906 269.524103 20.583027
253.703533 268.253609 19.203916
254.399160 266.983115 17.824804
255.094787 265.712621 16.445693
255.790414 264.442127 15.066582
256.486041 263.171633 13.687470
257.181668 261.901139 12.308359
257.877296 260.630646 10.929248
258.572923 259.360152 9.550136
259.268550 258.089658 8.171025
259.964177 256.819164 6.791913
260.659804 255.548670 5.412802
261.355431 254.278176 4.033691
262.051059 253.007682 2.654579
262.746686 251.737189 1.275468
263.442313 250.466695 -0.103644
264.137940 249.196201 -1.482755
264.833567 247.925707 -2.861866
265.529194 246.655213 -4.240978
266.224822 245.384719 -5.620089
266.920449 244.114225 -6.999201
267.616076 242.843732 -8.378312
268.311703 241.573238 -9.757423
269.007330 240.302744 -11.136535
269.702957 239.032250 -12.515646
270.398584 237.761756 -13.894758
271.094212 236.491262 -15.273869
271.789839 235.220769 -16.652980
272.485466 233.950275 -18.032092
273.181093 232.679781 -19.411203
273.876720 231.409287 -20.790314
274.572347 230.138793 -22.169426
275.267975 228.868299 -23.548537
275.963602 227.597805 -24.927649
276.659229 226.327312 -26.306760
277.354856 225.056818 -27.685871
278.050483 223.786324 -29.064983
278.746110 222.515830 -30.444094
279.441738 221.245336 -31.823206
280.137365 219.974842 -33.202317
280.832992 218.704348 -34.581428
281.528619 217.433855 -35.960540
282.224246 216.163361 -37.339651
282.919873 214.892867 -38.718763
283.615500 213.622373 -40.097874
284.311128 212.351879 -41.476985
285.006755 211.081385 -42.856097
285.702382 209.810891 -44.235208
286.398009 208.540398 -45.614320
287.093636 207.269904 -46.993431
287.789263 205.999410 -48.372542
288.484891 204.728916 -49.751654
289.180518 203.458422 -51.130765
289.876145 202.187928 -52.509876
290.571772 200.917435 -53.888988
291.267399 199.646941 -55.268099
291.963026 198.376447 -56.647211
292.658653 197.105953 -58.026322
293.354281 195.835459 -59.405433
294.049908 194.564965 -60.784545
294.745535 193.294471 -62.163656
295.441162 192.023978 -63.542768
296.136789 190.753484 -64.921879
-153.788831 21.709979 -80.064865
-152.731165 20.835781 -78.609833
-151.673499 19.961583 -77.154800
-150.615833 19.087384 -75.699767
-149.558167 18.213186 -74.244735
-148.500501 17.338987 -72.789702
-147.442835 16.464789 -71.334669
-146.385169 15.590591 -69.879637
-145.327503 14.716392 -68.424604
-144.269837 13.842194 -66.969571
-143.212171 12.967996 -65.514539
-142.154505 12.093797 -64.059506
-141.096839 11.219599 -62.604474
-140.039173 10.345401 -61.149441
-138.981507 9.471202 -59.694408
-137.923841 8.597004 -58.239376
-136.866176 7.722805 -56.784343
-135.808510 6.848607 -55.329310
-134.750844 5.974409 -53.874278
-133.693178 5.100210 -52.419245
-132.635512 4.226012 -50.964212
-131.577846 3.351814 -49.509180
-130.520180 2.477615 -48.054147
-129.462514 1.603417 -46.599115
-128.404848 0.729219 -45.144082
-127.347182 -0.144980 -43.689049
-126.289516 -1.019178 -42.234017
-125.231850 -1.893377 -40.778984
-124.174184 -2.767575 -39.323951
-123.116518 -3.641773 -37.868919
-122.058852 -4.515972 -36.413886
-121.001187 -5.390170 -34.958853
-119.943521 -6.264368 -33.503821
-118.885855 -7.138567 -32.048788
-117.828189 -8.012765 -30.593755
-116.770523 -8.886963 -29.138723
-115.712857 -9.761162 -27.683690
-114.655191 -10.635360 -26.228658
-113.597525 -11.509559 -24.773625
-112.539859 -12.383757 -23.318592
-111.482193 -13.257955 -21.863560
-110.424527 -14.132154 -20.408527
-109.366861 -15.006352 -18.953494
-108.309195 -15.880550 -17.498462
-107.251529 -16.754749 -16.043429
-106.193863 -17.628947 -14.588396
-105.136197 -18.503145 -13.133364
-104.078532 -19.377344 -11.678331
-103.020866 -20.251542 -10.223298
-101.963200 -21.125741 -8.768266
-100.905534 -21.999939 -7.313233
-99.847868 -22.874137 -5.858201
-98.790202 -23.748336 -4.403168
-97.732536 -24.622534 -2.948135
-96.674870 -25.496732 -1.493103
-95.617204 -26.370931 -0.038070
-94.559538 -27.245129 1.416963
-93.501872 -28.119327 2.871995
-92.444206 -28.993526 4.327028
-91.386540 -29.867724 5.782061
-90.328874 -30.741922 7.237093
-89.271208 -31.616121 8.692126
-88.213542 -32.490319 10.147159
-87.155877 -33.364518 11.602191
-86.098211 -34.238716 13.057224
-85.040545 -35.112914 14.512256
-83.982879 -35.987113 15.967289
-82.925213 -36.861311 17.422322
-81.867547 -37.735509 18.877354
-80.809881 -38.609708 20.332387
158.396208 218.950217 260.808036
158.150042 216.970514 260.950096
157.903876 214.990812 261.092156
157.657710 213.011110 261.234216
157.411544 211.031407 261.376276
157.165378 209.051705 261.518335
156.919212 207.072003 261.660395
156.673046 205.092301 261.802455
156.426880 203.112598 261.944515
156.180714 201.132896 262.086575
155.934548 199.153194 262.228634
155.688382 197.173491 262.370694
155.442216 195.193789 262.512754
155.196050 193.214087 262.654814
154.949884 191.234384 262.796874
154.703718 189.254682 262.938933
154.457552 187.274980 263.080993
154.211386 185.295277 263.223053
153.965220 183.315575 263.365113
153.719053 181.335873 263.507173
153.472887 179.356170 263.649232
153.226721 177.376468 263.791292
152.980555 175.396766 263.933352
152.734389 173.417063 264.075412
152.488223 171.437361 264.217471
152.242057 169.457659 264.359531
151.995891 167.477956 264.501591
151.749725 165.498254 264.643651
151.503559 163.518552 264.785711
151.257393 161.538849 264.927770
151.011227 159.559147 265.069830
150.765061 157.579445 265.211890
150.518895 155.599742 265.353950
150.272729 153.620040 265.496010
150.026563 151.640338 265.638069
149.780397 149.660635 265.780129
149.534231 147.680933 265.922189
149.288065 145.701231 266.064249
149.041899 143.721528 266.206309
148.795733 141.741826 266.348368
148.549566 139.762124 266.490428
148.303400 137.782421 266.632488
148.057234 135.802719 266.774548
147.811068 133.823017 266.916608
147.564902 131.843315 267.058667
147.318736 129.863612 267.200727
147.072570 127.883910 267.342787
146.826404 125.904208 267.484847
146.580238 123.924505 267.626907
146.334072 121.944803 267.768966
146.087906 119.965101 267.911026
145.841740 117.985398 268.053086
145.595574 116.005696 268.195146
145.349408 114.025994 268.337206
145.103242 112.046291 268.479265
144.857076 110.066589 268.621325
144.610910 108.086887 268.763385
144.364744 106.107184 268.905445
144.118578 104.127482 269.047504
143.872412 102.147780 269.189564
143.626246 100.168077 269.331624
143.380080 98.188375 269.473684
143.133913 96.208673 269.615744
142.887747 94.228970 269.757803
142.641581 92.249268 269.899863
142.395415 90.269566 270.041923
142.149249 88.289863 270.183983
141.903083 86.310161 270.326043
141.656917 84.330459 270.468102
141.410751 82.350756 270.610162
203.634507 -65.549627 227.265829
203.539872 -67.265220 228.289443
203.445236 -68.980813 229.313057
203.350601 -70.696405 230.336671
203.255966 -72.411998 231.360285
203.161331 -74.127591 232.383899
203.066695 -75.843183 233.407514
202.972060 -77.558776 234.431128
202.877425 -79.274369 235.454742
202.782789 -80.989961 236.478356
202.688154 -82.705554 237.501970
202.593519 -84.421147 238.525584
202.498884 -86.136740 239.549198
202.404248 -87.852332 240.572812
202.309613 -89.567925 241.596427
202.214978 -91.283518 242.620041
202.120342 -92.999110 243.643655
202.025707 -94.714703 244.667269
201.931072 -96.430296 245.690883
201.836437 -98.145888 246.714497
201.741801 -99.861481 247.738111
201.647166 -101.577074 248.761725
201.552531 -103.292666 249.785340
201.457895 -105.008259 250.808954
201.363260 -106.723852 251.832568
201.268625 -108.439445 252.856182
201.173989 -110.155037 253.879796
201.079354 -111.870630 254.903410
200.984719 -113.586223 255.927024
200.890084 -115.301815 256.950638
200.795448 -117.017408 257.974252
200.700813 -118.733001 258.997867
200.606178 -120.448593 260.021481
200.511542 -122.164186 261.045095
200.416907 -123.879779 262.068709
200.322272 -125.595372 263.092323
200.227637 -127.310964 264.115937
200.133001 -129.026557 265.139551
200.038366 -130.742150 266.163165
199.943731 -132.457742 267.186780
199.849095 -134.173335 268.210394
199.754460 -135.888928 269.234008
199.659825 -137.604520 270.257622
199.565190 -139.320113 271.281236
199.470554 -141.035706 272.304850
199.375919 -142.751298 273.328464
199.281284 -144.466891 274.352078
199.186648 -146.182484 275.375692
199.092013 -147.898077 276.399307
198.997378 -149.613669 277.422921
198.902742 -151.329262 278.446535
198.808107 -153.044855 279.470149
198.713472 -154.760447 280.493763
198.618837 -156.476040 281.517377
198.524201 -158.191633 282.540991
198.429566 -159.907225 283.564605
198.334931 -161.622818 284.588220
198.240295 -163.338411 285.611834
198.145660 -165.054004 286.635448
198.051025 -166.769596 287.659062
197.956390 -168.485189 288.682676
197.861754 -170.200782 289.706290
197.767119 -171.916374 290.729904
197.672484 -173.631967 291.753518
197.577848 -175.347560 292.777133
197.483213 -177.063152 293.800747
197.388578 -178.778745 294.824361
197.293943 -180.494338 295.847975
197.199307 -182.209930 296.871589
197.104672 -183.925523 297.895203
199.136733 -64.348977 34.708865
200.457318 -65.789096 34.282119
201.777904 -67.229216 33.855374
203.098489 -68.669335 33.428628
204.419074 -70.109454 33.001882
205.739659 -71.549573 32.575137
207.060244 -72.989692 32.148391
208.380829 -74.429812 31.721646
209.701414 -75.869931 31.294900
211.021999 -77.310050 30.868154
212.342584 -78.750169 30.441409
213.663169 -80.190288 30.014663
214.983754 -81.630408 29.587918
216.304339 -83.070527 29.161172
217.624924 -84.510646 28.734426
218.945509 -85.950765 28.307681
220.266094 -87.390884 27.880935
221.586679 -88.831004 27.454190
222.907265 -90.271123 27.027444
224.227850 -91.711242 26.600698
225.548435 -93.151361 26.173953
226.869020 -94.591480 25.747207
228.189605 -96.031600 25.320462
229.510190 -97.471719 24.893716
230.830775 -98.911838 24.466971
232.151360 -100.351957 24.040225
233.471945 -101.792076 23.613479
234.792530 -103.232196 23.186734
236.113115 -104.672315 22.759988
237.433700 -106.112434 22.333243
238.754285 -107.552553 21.906497
240.074870 -108.992672 21.479751
241.395455 -110.432792 21.053006
242.716040 -111.872911 20.626260
244.036625 -113.313030 20.199515
245.357211 -114.753149 19.772769
246.677796 -116.193268 19.346023
247.998381 -117.633387 18.919278
249.318966 -119.073507 18.492532
250.639551 -120.513626 18.065787
251.960136 -121.953745 17.639041
253.280721 -123.393864 17.212295
254.601306 -124.833983 16.785550
255.921891 -126.274103 16.358804
257.242476 -127.714222 15.932059
258.563061 -129.154341 15.505313
259.883646 -130.594460 15.078568
261.204231 -132.034579 14.651822
262.524816 -133.474699 14.225076
263.845401 -134.914818 13.798331
265.165986 -136.354937 13.371585
266.486571 -137.795056 12.944840
267.807157 -139.235175 12.518094
269.127742 -140.675295 12.091348
270.448327 -142.115414 11.664603
271.768912 -143.555533 11.237857
273.089497 -144.995652 10.811112
274.410082 -146.435771 10.384366
275.730667 -147.875891 9.957620
277.051252 -149.316010 9.530875
278.371837 -150.756129 9.104129
279.692422 -152.196248 8.677384
281.013007 -153.636367 8.250638
282.333592 -155.076487 7.823892
283.654177 -156.516606 7.397147
284.974762 -157.956725 6.970401
286.295347 -159.396844 6.543656
287.615932 -160.836963 6.116910
288.936517 -162.277083 5.690165
290.257103 -163.717202 5.263419
-153.839616 -69.039087 212.951684
-153.130978 -67.181762 213.171177
-152.422340 -65.324438 213.390671
-151.713702 -63.467113 213.610164
-151.005064 -61.609789 213.829657
-150.296426 -59.752464 214.049150
-149.587787 -57.895139 214.268644
-148.879149 -56.037815 214.488137
-148.170511 -54.180490 214.707630
-147.461873 -52.323166 214.927123
-146.753235 -50.465841 215.146617
-146.044597 -48.608516 215.366110
-145.335958 -46.751192 215.585603
-144.627320 -44.893867 215.805096
-143.918682 -43.036543 216.024590
-143.210044 -41.179218 216.244083
-142.501406 -39.321893 216.463576
-141.792768 -37.464569 216.683069
-141.084129 -35.607244 216.902563
-140.375491 -33.749920 217.122056
-139.666853 -31.892595 217.341549
-138.958215 -30.035270 217.561042
-138.249577 -28.177946 217.780535
-137.540939 -26.320621 218.000029
-136.832300 -24.463297 218.219522
-136.123662 -22.605972 218.439015
-135.415024 -20.748647 218.658508
-134.706386 -18.891323 218.878002
-133.997748 -17.033998 219.097495
-133.289110 -15.176674 219.316988
-132.580472 -13.319349 219.536481
-131.871833 -11.462024 219.755975
-131.163195 -9.604700 219.975468
-130.454557 -7.747375 220.194961
-129.745919 -5.890051 220.414454
-129.037281 -4.032726 220.633948
-128.328643 -2.175401 220.853441
-127.620004 -0.318077 221.072934
-126.911366 1.539248 221.292427
-126.202728 3.396572 221.511921
-125.494090 5.253897 221.731414
-124.785452 7.111222 221.950907
-124.076814 8.968546 222.170400
-123.368175 10.825871 222.389894
-122.659537 12.683195 222.609387
-121.950899 14.540520 222.828880
-121.242261 16.397845 223.048373
-120.533623 18.255169 223.267866
-119.824985 20.112494 223.487360
-119.116346 21.969818 223.706853
-118.407708 23.827143 223.926346
-117.699070 25.684468 224.145839
-116.990432 27.541792 224.365333
-116.281794 29.399117 224.584826
-115.573156 31.256441 224.804319
-114.864517 33.113766 225.023812
-114.155879 34.971091 225.243306
-113.447241 36.828415 225.462799
-112.738603 38.685740 225.682292
-112.029965 40.543064 225.901785
-111.321327 42.400389 226.121279
-110.612688 44.257714 226.340772
-109.904050 46.115038 226.560265
-109.195412 47.972363 226.779758
-108.486774 49.829687 226.999252
-107.778136 51.687012 227.218745
-107.069498 53.544337 227.438238
-106.360859 55.401661 227.657731
-105.652221 57.258986 227.877225
-104.943583 59.116310 228.096718
-37.664332 -148.614375 -108.464293
-38.606676 -147.141203 -109.434732
-39.549021 -145.668031 -110.405170
-40.491365 -144.194859 -111.375609
-41.433710 -142.721687 -112.346048
-42.376054 -141.248515 -113.316487
-43.318399 -139.775343 -114.286925
-44.260743 -138.302171 -115.257364
-45.203088 -136.828999 -116.227803
-46.145433 -135.355827 -117.198241
-47.087777 -133.882655 -118.168680
-48.030122 -132.409484 -119.139119
-48.972466 -130.936312 -120.109557
-49.914811 -129.463140 -121.079996
-50.857155 -127.989968 -122.050435
-51.799500 -126.516796 -123.020873
-52.741844 -125.043624 -123.991312
-53.684189 -123.570452 -124.961751
-54.626533 -122.097280 -125.932189
-55.568878 -120.624108 -126.902628
-56.511222 -119.150936 -127.873067
-57.453567 -117.677764 -128.843506
-58.395911 -116.204592 -129.813944
-59.338256 -114.731420 -130.784383
-60.280600 -113.258248 -131.754822
-61.222945 -111.785076 -132.725260
-62.165290 -110.311905 -133.695699
-63.107634 -108.838733 -134.666138
-64.049979 -107.365561 -135.636576
-64.992323 -105.892389 -136.607015
-65.934668 -104.419217 -137.577454
-66.877012 -102.946045 -138.547892
-67.819357 -101.472873 -139.518331
-68.761701 -99.999701 -140.488770
-69.704046 -98.526529 -141.459208
-70.646390 -97.053357 -142.429647
-71.588735 -95.580185 -143.400086
-72.531079 -94.107013 -144.370525
-73.473424 -92.633841 -145.340963
-74.415768 -91.160669 -146.311402
-75.358113 -89.687497 -147.281841
-76.300457 -88.214326 -148.252279
-77.242802 -86.741154 -149.222718
-78.185147 -85.267982 -150.193157
-79.127491 -83.794810 -151.163595
-80.069836 -82.321638 -152.134034
-81.012180 -80.848466 -153.104473
-81.954525 -79.375294 -154.074911
-82.896869 -77.902122 -155.045350
-83.839214 -76.428950 -156.015789
-84.781558 -74.955778 -156.986227
-85.723903 -73.482606 -157.956666
-86.666247 -72.009434 -158.927105
-87.608592 -70.536262 -159.897544
-88.550936 -69.063090 -160.867982
-89.493281 -67.589918 -161.838421
-90.435625 -66.116747 -162.808860
-91.377970 -64.643575 -163.779298
-92.320314 -63.170403 -164.749737
-93.262659 -61.697231 -165.720176
-94.205004 -60.224059 -166.690614
-95.147348 -58.750887 -167.661053
-96.089693 -57.277715 -168.631492
-97.032037 -55.804543 -169.601930
-97.974382 -54.331371 -170.572369
-98.916726 -52.858199 -171.542808
-99.859071 -51.385027 -172.513246
-100.801415 -49.911855 -173.483685
-101.743760 -48.438683 -174.454124
-102.686104 -46.965511 -175.424563
-52.043551 254.658526 -137.160124
-51.806382 253.540787 -135.518657
-51.569214 252.423049 -133.877191
-51.332045 251.305311 -132.235724
-51.094877 250.187573 -130.594257
-50.857708 249.069835 -128.952791
-50.620540 247.952096 -127.311324
-50.383371 246.834358 -125.669858
-50.146203 245.716620 -124.028391
-49.909034 244.598882 -122.386925
-49.671866 243.481143 -120.745458
-49.434698 242.363405 -119.103992
-49.197529 241.245667 -117.462525
-48.960361 240.127929 -115.821059
-48.723192 239.010191 -114.179592
-48.486024 237.892452 -112.538125
-48.248855 236.774714 -110.896659
-48.011687 235.656976 -109.255192
-47.774518 234.539238 -107.613726
-47.537350 233.421500 -105.972259
-47.300181 232.303761 -104.330793
-47.063013 231.186023 -102.689326
-46.825845 230.068285 -101.047860
-46.588676 228.950547 -99.406393
-46.351508 227.832809 -97.764927
-46.114339 226.715070 -96.123460
-45.877171 225.597332 -94.481993
-45.640002 224.479594 -92.840527
-45.402834 223.361856 -91.199060
-45.165665 222.244117 -89.557594
-44.928497 221.126379 -87.916127
-44.691328 220.008641 -86.274661
-44.454160 218.890903 -84.633194
-44.216992 217.773165 -82.991728
-43.979823 216.655426 -81.350261
-43.742655 215.537688 -79.708795
-43.505486 214.419950 -78.067328
-43.268318 213.302212 -76.425861
-43.031149 212.184474 -74.784395
-42.793981 211.066735 -73.142928
-42.556812 209.948997 -71.501462
-42.319644 208.831259 -69.859995
-42.082475 207.713521 -68.218529
-41.845307 206.595783 -66.577062
-41.608139 205.478044 -64.935596
-41.370970 204.360306 -63.294129
-41.133802 203.242568 -61.652663
-40.896633 202.124830 -60.011196
-40.659465 201.007091 -58.369729
-40.422296 199.889353 -56.728263
-40.185128 198.771615 -55.086796
-39.947959 197.653877 -53.445330
-39.710791 196.536139 -51.803863
-39.473622 195.418400 -50.162397
-39.236454 194.300662 -48.520930
-38.999286 193.182924 -46.879464
-38.762117 192.065186 -45.237997
-38.524949 190.947448 -43.596531
-38.287780 189.829709 -41.955064
-38.050612 188.711971 -40.313597
-37.813443 187.594233 -38.672131
-37.576275 186.476495 -37.030664
-37.339106 185.358757 -35.389198
-37.101938 184.241018 -33.747731
-36.864769 183.123280 -32.106265
-36.627601 182.005542 -30.464798
-36.390433 180.887804 -28.823332
-36.153264 179.770066 -27.181865
-35.916096 178.652327 -25.540399
-35.678927 177.534589 -23.898932
170.380179 -144.510090 -190.723131
170.161976 -142.522748 -190.669673
169.943772 -140.535405 -190.616215
169.725569 -138.548063 -190.562758
169.507365 -136.560721 -190.509300
169.289162 -134.573378 -190.455843
169.070958 -132.586036 -190.402385
168.852755 -130.598694 -190.348927
168.634551 -128.611351 -190.295470
168.416348 -126.624009 -190.242012
168.198144 -124.636667 -190.188555
167.979941 -122.649324 -190.135097
167.761737 -120.661982 -190.081640
167.543534 -118.674640 -190.028182
167.325330 -116.687297 -189.974724
167.107127 -114.699955 -189.921267
166.888923 -112.712613 -189.867809
166.670720 -110.725270 -189.814352
166.452516 -108.737928 -189.760894
166.234313 -106.750586 -189.707436
166.016110 -104.763243 -189.653979
165.797906 -102.775901 -189.600521
165.579703 -100.788559 -189.547064
165.361499 -98.801216 -189.493606
165.143296 -96.813874 -189.440148
164.925092 -94.826532 -189.386691
164.706889 -92.839189 -189.333233
164.488685 -90.851847 -189.279776
164.270482 -88.864505 -189.226318
164.052278 -86.877163 -189.172860
163.834075 -84.889820 -189.119403
163.615871 -82.902478 -189.065945
163.397668 -80.915136 -189.012488
163.179464 -78.927793 -188.959030
162.961261 -76.940451 -188.905572
162.743057 -74.953109 -188.852115
162.524854 -72.965766 -188.798657
162.306650 -70.978424 -188.745200
162.088447 -68.991082 -188.691742
161.870243 -67.003739 -188.638284
161.652040 -65.016397 -188.584827
161.433837 -63.029055 -188.531369
161.215633 -61.041712 -188.477912
160.997430 -59.054370 -188.424454
160.779226 -57.067028 -188.370997
160.561023 -55.079685 -188.317539
160.342819 -53.092343 -188.264081
160.124616 -51.105001 -188.210624
159.906412 -49.117658 -188.157166
159.688209 -47.130316 -188.103709
159.470005 -45.142974 -188.050251
159.251802 -43.155631 -187.996793
159.033598 -41.168289 -187.943336
158.815395 -39.180947 -187.889878
158.597191 -37.193604 -187.836421
158.378988 -35.206262 -187.782963
158.160784 -33.218920 -187.729505
157.942581 -31.231577 -187.676048
157.724377 -29.244235 -187.622590
157.506174 -27.256893 -187.569133
157.287970 -25.269550 -187.515675
157.069767 -23.282208 -187.462217
156.851564 -21.294866 -187.408760
156.633360 -19.307523 -187.355302
156.415157 -17.320181 -187.301845
156.196953 -15.332839 -187.248387
155.978750 -13.345496 -187.194929
155.760546 -11.358154 -187.141472
155.542343 -9.370812 -187.088014
155.324139 -7.383469 -187.034557
220.595066 208.260564 176.418485
219.963347 206.373590 176.217840
219.331628 204.486615 176.017196
218.699909 202.599641 175.816552
218.068189 200.712666 175.615908
217.436470 198.825692 175.415264
216.804751 196.938717 175.214620
216.173031 195.051743 175.013976
215.541312 193.164768 174.813332
214.909593 191.277794 174.612688
214.277873 189.390819 174.412044
213.646154 187.503845 174.211399
213.014435 185.616870 174.010755
212.382715 183.729896 173.810111
211.750996 181.842921 173.609467
211.119277 179.955947 173.408823
210.487557 178.068973 173.208179
209.855838 176.181998 173.007535
209.224119 174.295024 172.806891
208.592400 172.408049 172.606247
207.960680 170.521075 172.405603
207.328961 168.634100 172.204959
206.697242 166.747126 172.004314
206.065522 164.860151 171.803670
205.433803 162.973177 171.603026
204.802084 161.086202 171.402382
204.170364 159.199228 171.201738
203.538645 157.312253 171.001094
202.906926 155.425279 170.800450
202.275206 153.538304 170.599806
201.643487 151.651330 170.399162
201.011768 149.764355 170.198518
200.380048 147.877381 169.997874
199.748329 145.990407 169.797229
199.116610 144.103432 169.596585
198.484891 142.216458 169.395941
197.853171 140.329483 169.195297
197.221452 138.442509 168.994653
196.589733 136.555534 168.794009
195.958013 134.668560 168.593365
195.326294 132.781585 168.392721
194.694575 130.894611 168.192077
194.062855 129.007636 167.991433
193.431136 127.120662 167.790788
192.799417 125.233687 167.590144
192.167697 123.346713 167.389500
191.535978 121.459738 167.188856
190.904259 119.572764 166.988212
190.272539 117.685789 166.787568
189.640820 115.798815 166.586924
189.009101 113.911841 166.386280
188.377382 112.024866 166.185636
187.745662 110.137892 165.984992
187.113943 108.250917 165.784348
186.482224 106.363943 165.583703
185.850504 104.476968 165.383059
185.218785 102.589994 165.182415
184.587066 100.703019 164.981771
183.955346 98.816045 164.781127
183.323627 96.929070 164.580483
182.691908 95.042096 164.379839
182.060188 93.155121 164.179195
181.428469 91.268147 163.978551
180.796750 89.381172 163.777907
180.165030 87.494198 163.577263
179.533311 85.607223 163.376618
178.901592 83.720249 163.175974
178.269873 81.833274 162.975330
177.638153 79.946300 162.774686
177.006434 78.059326 162.574042
96.317394 -122.664126 13.492821
96.033522 -124.558009 12.916085
95.749651 -126.451891 12.339349
95.465779 -128.345774 11.762612
95.181907 -130.239657 11.185876
94.898036 -132.133540 10.609140
94.614164 -134.027423 10.032403
94.330292 -135.921305 9.455667
94.046420 -137.815188 8.878931
93.762549 -139.709071 8.302194
93.478677 -141.602954 7.725458
93.194805 -143.496837 7.148722
92.910933 -145.390719 6.571985
92.627062 -147.284602 5.995249
92.343190 -149.178485 5.418513
92.059318 -151.072368 4.841776
91.775446 -152.966251 4.265040
91.491575 -154.860133 3.688304
91.207703 -156.754016 3.111567
90.923831 -158.647899 2.534831
90.639959 -160.541782 1.958095
90.356088 -162.435665 1.381358
90.072216 -164.329547 0.804622
89.788344 -166.223430 0.227886
89.504472 -168.117313 -0.348851
89.220601 -170.011196 -0.925587
88.936729 -171.905079 -1.502324
88.652857 -173.798961 -2.079060
88.368985 -175.692844 -2.655796
88.085114 -177.586727 -3.232533
87.801242 -179.480610 -3.809269
87.517370 -181.374492 -4.386005
87.233499 -183.268375 -4.962742
86.949627 -185.162258 -5.539478
86.665755 -187.056141 -6.116214
86.381883 -188.950024 -6.692951
86.098012 -190.843906 -7.269687
85.814140 -192.737789 -7.846423
85.530268 -194.631672 -8.423160
85.246396 -196.525555 -8.999896
84.962525 -198.419438 -9.576632
84.678653 -200.313320 -10.153369
84.394781 -202.207203 -10.730105
84.110909 -204.101086 -11.306841
83.827038 -205.994969 -11.883578
83.543166 -207.888852 -12.460314
83.259294 -209.782734 -13.037050
82.975422 -211.676617 -13.613787
82.691551 -213.570500 -14.190523
82.407679 -215.464383 -14.767259
82.123807 -217.358266 -15.343996
81.839935 -219.252148 -15.920732
81.556064 -221.146031 -16.497468
81.272192 -223.039914 -17.074205
80.988320 -224.933797 -17.650941
80.704448 -226.827679 -18.227677
80.420577 -228.721562 -18.804414
80.136705 -230.615445 -19.381150
79.852833 -232.509328 -19.957886
79.568962 -234.403211 -20.534623
79.285090 -236.297093 -21.111359
79.001218 -238.190976 -21.688095
78.717346 -240.084859 -22.264832
78.433475 -241.978742 -22.841568
78.149603 -243.872625 -23.418304
77.865731 -245.766507 -23.995041
77.581859 -247.660390 -24.571777
77.297988 -249.554273 -25.148513
77.014116 -251.448156 -25.725250
76.730244 -253.342039 -26.301986
-201.400720 -22.655751 50.078983
-202.757004 -21.250081 50.508618
-204.113288 -19.844411 50.938254
-205.469572 -18.438742 51.367889
-206.825855 -17.033072 51.797525
-208.182139 -15.627402 52.227160
-209.538423 -14.221732 52.656795
-210.894707 -12.816062 53.086431
-212.250991 -11.410393 53.516066
-213.607275 -10.004723 53.945701
-214.963559 -8.599053 54.375337
-216.319842 -7.193383 54.804972
-217.676126 -5.787714 55.234608
-219.032410 -4.382044 55.664243
-220.388694 -2.976374 56.093878
-221.744978 -1.570704 56.523514
-223.101262 -0.165034 56.953149
-224.457546 1.240635 57.382784
-225.813829 2.646305 57.812420
-227.170113 4.051975 58.242055
-228.526397 5.457645 58.671691
-229.882681 6.863315 59.101326
-231.238965 8.268984 59.530961
-232.595249 9.674654 59.960597
-233.951533 11.080324 60.390232
-235.307816 12.485994 60.819867
-236.664100 13.891663 61.249503
-238.020384 15.297333 61.679138
-239.376668 16.703003 62.108774
-240.732952 18.108673 62.538409
-242.089236 19.514343 62.968044
-243.445520 20.920012 63.397680
-244.801803 22.325682 63.827315
-246.158087 23.731352 64.256950
-247.514371 25.137022 64.686586
-248.870655 26.542692 65.116221
-250.226939 27.948361 65.545857
-251.583223 29.354031 65.975492
-252.939506 30.759701 66.405127
-254.295790 32.165371 66.834763
-255.652074 33.571041 67.264398
-257.008358 34.976710 67.694033
-258.364642 36.382380 68.123669
-259.720926 37.788050 68.553304
-261.077210 39.193720 68.982940
-262.433493 40.599389 69.412575
-263.789777 42.005059 69.842210
-265.146061 43.410729 70.271846
-266.502345 44.816399 70.701481
-267.858629 46.222069 71.131117
-269.214913 47.627738 71.560752
-270.571197 49.033408 71.990387
-271.927480 50.439078 72.420023
-273.283764 51.844748 72.849658
-274.640048 53.250418 73.279293
-275.996332 54.656087 73.708929
-277.352616 56.061757 74.138564
-278.708900 57.467427 74.568200
-280.065184 58.873097 74.997835
-281.421467 60.278767 75.427470
-282.777751 61.684436 75.857106
-284.134035 63.090106 76.286741
-285.490319 64.495776 76.716376
-286.846603 65.901446 77.146012
-288.202887 67.307115 77.575647
-289.559171 68.712785 78.005283
-290.915454 70.118455 78.434918
-292.271738 71.524125 78.864553
-293.628022 72.929795 79.294189
-294.984306 74.335464 79.723824
64.413503 -180.386841 172.080372
65.855214 -179.504966 171.010902
67.296925 -178.623091 169.941431
68.738636 -177.741216 168.871961
70.180347 -176.859342 167.802491
71.622057 -175.977467 166.733020
73.063768 -175.095592 165.663550
74.505479 -174.213717 164.594080
75.947190 -173.331843 163.524609
77.388901 -172.449968 162.455139
78.830612 -171.568093 161.385669
80.272323 -170.686218 160.316199
81.714034 -169.804344 159.246728
83.155744 -168.922469 158.177258
84.597455 -168.040594 157.107788
86.039166 -167.158720 156.038317
87.480877 -166.276845 154.968847
88.922588 -165.394970 153.899377
90.364299 -164.513095 152.829907
91.806010 -163.631221 151.760436
93.247721 -162.749346 150.690966
94.689431 -161.867471 149.621496
96.131142 -160.985596 148.552025
97.572853 -160.103722 147.482555
99.014564 -159.221847 146.413085
100.456275 -158.339972 145.343614
101.897986 -157.458098 144.274144
103.339697 -156.576223 143.204674
104.781408 -155.694348 142.135204
106.223118 -154.812473 141.065733
107.664829 -153.930599 139.996263
109.106540 -153.048724 138.926793
110.548251 -152.166849 137.857322
111.989962 -151.284974 136.787852
113.431673 -150.403100 135.718382
114.873384 -149.521225 134.648912
116.315095 -148.639350 133.579441
117.756805 -147.757475 132.509971
119.198516 -146.875601 131.440501
120.640227 -145.993726 130.371030
122.081938 -145.111851 129.301560
123.523649 -144.229977 128.232090
124.965360 -143.348102 127.162620
126.407071 -142.466227 126.093149
127.848782 -141.584352 125.023679
129.290492 -140.702478 123.954209
130.732203 -139.820603 122.884738
132.173914 -138.938728 121.815268
133.615625 -138.056853 120.745798
135.057336 -137.174979 119.676327
136.499047 -136.293104 118.606857
137.940758 -135.411229 117.537387
139.382469 -134.529354 116.467917
140.824179 -133.647480 115.398446
142.265890 -132.765605 114.328976
143.707601 -131.883730 113.259506
145.149312 -131.001856 112.190035
146.591023 -130.119981 111.120565
148.032734 -129.238106 110.051095
149.474445 -128.356231 108.981625
150.916156 -127.474357 107.912154
152.357866 -126.592482 106.842684
153.799577 -125.710607 105.773214
155.241288 -124.828732 104.703743
156.682999 -123.946858 103.634273
158.124710 -123.064983 102.564803
159.566421 -122.183108 101.495332
161.008132 -121.301234 100.425862
162.449843 -120.419359 99.356392
163.891553 -119.537484 98.286922
280.793642 296.842965 -130.557596
280.770521 294.845662 -130.658811
280.747400 292.848359 -130.760026
280.724280 290.851055 -130.861241
280.701159 288.853752 -130.962456
280.678038 286.856448 -131.063672
280.654917 284.859145 -131.164887
280.631796 282.861841 -131.266102
280.608675 280.864538 -131.367317
280.585555 278.867235 -131.468532
280.562434 276.869931 -131.569747
280.539313 274.872628 -131.670962
280.516192 272.875324 -131.772177
280.493071 270.878021 -131.873393
280.469950 268.880718 -131.974608
280.446830 266.883414 -132.075823
280.423709 264.886111 -132.177038
280.400588 262.888807 -132.278253
280.377467 260.891504 -132.379468
280.354346 258.894200 -132.480683
280.331226 256.896897 -132.581898
280.308105 254.899594 -132.683114
280.284984 252.902290 -132.784329
280.261863 250.904987 -132.885544
280.238742 248.907683 -132.986759
280.215621 246.910380 -133.087974
280.192501 244.913077 -133.189189
280.169380 242.915773 -133.290404
280.146259 240.918470 -133.391619
280.123138 238.921166 -133.492835
280.100017 236.923863 -133.594050
280.076897 234.926560 -133.695265
280.053776 232.929256 -133.796480
280.030655 230.931953 -133.897695
280.007534 228.934649 -133.998910
279.984413 226.937346 -134.100125
279.961292 224.940042 -134.201340
279.938172 222.942739 -134.302556
279.915051 220.945436 -134.403771
279.891930 218.948132 -134.504986
279.868809 216.950829 -134.606201
279.845688 214.953525 -134.707416
279.822567 212.956222 -134.808631
279.799447 210.958919 -134.909846
279.776326 208.961615 -135.011061
279.753205 206.964312 -135.112277
279.730084 204.967008 -135.213492
279.706963 202.969705 -135.314707
279.683843 200.972402 -135.415922
279.660722 198.975098 -135.517137
279.637601 196.977795 -135.618352
279.614480 194.980491 -135.719567
279.591359 192.983188 -135.820782
279.568238 190.985884 -135.921998
279.545118 188.988581 -136.023213
279.521997 186.991278 -136.124428
279.498876 184.993974 -136.225643
279.475755 182.996671 -136.326858
279.452634 180.999367 -136.428073
279.429514 179.002064 -136.529288
279.406393 177.004761 -136.630503
279.383272 175.007457 -136.731719
279.360151 173.010154 -136.832934
279.337030 171.012850 -136.934149
279.313909 169.015547 -137.035364
279.290789 167.018243 -137.136579
279.267668 165.020940 -137.237794
279.244547 163.023637 -137.339009
279.221426 161.026333 -137.440225
279.198305 159.029030 -137.541440
-10.786993 -176.174389 117.189104
-12.342370 -175.929857 115.955812
-13.897747 -175.685324 114.722521
-15.453123 -175.440792 113.489230
-17.008500 -175.196260 112.255938
-18.563876 -174.951727 111.022647
-20.119253 -174.707195 109.789355
-21.674629 -174.462663 108.556064
-23.230006 -174.218131 107.322772
-24.785382 -173.973598 106.089481
-26.340759 -173.729066 104.856189
-27.896135 -173.484534 103.622898
-29.451512 -173.240001 102.389607
-31.006889 -172.995469 101.156315
-32.562265 -172.750937 99.923024
-34.117642 -172.506405 98.689732
-35.673018 -172.261872 97.456441
-37.228395 -172.017340 96.223149
-38.783771 -171.772808 94.989858
-40.339148 -171.528275 93.756567
-41.894524 -171.283743 92.523275
-43.449901 -171.039211 91.289984
-45.005278 -170.794679 90.056692
-46.560654 -170.550146 88.823401
-48.116031 -170.305614 87.590109
-49.671407 -170.061082 86.356818
-51.226784 -169.816549 85.123527
-52.782160 -169.572017 83.890235
-54.337537 -169.327485 82.656944
-55.892913 -169.082953 81.423652
-57.448290 -168.838420 80.190361
-59.003666 -168.593888 78.957069
-60.559043 -168.349356 77.723778
-62.114420 -168.104823 76.490487
-63.669796 -167.860291 75.257195
-65.225173 -167.615759 74.023904
-66.780549 -167.371227 72.790612
-68.335926 -167.126694 71.557321
-69.891302 -166.882162 70.324029
-71.446679 -166.637630 69.090738
-73.002055 -166.393097 67.857447
-74.557432 -166.148565 66.624155
-76.112808 -165.904033 65.390864
-77.668185 -165.659500 64.157572
-79.223562 -165.414968 62.924281
-80.778938 -165.170436 61.690989
-82.334315 -164.925904 60.457698
-83.889691 -164.681371 59.224407
-85.445068 -164.436839 57.991115
-87.000444 -164.192307 56.757824
-88.555821 -163.947774 55.524532
-90.111197 -163.703242 54.291241
-91.666574 -163.458710 53.057949
-93.221951 -163.214178 51.824658
-94.777327 -162.969645 50.591367
-96.332704 -162.725113 49.358075
-97.888080 -162.480581 48.124784
-99.443457 -162.236048 46.891492
-100.998833 -161.991516 45.658201
-102.554210 -161.746984 44.424909
-104.109586 -161.502452 43.191618
-105.664963 -161.257919 41.958327
-107.220339 -161.013387 40.725035
-108.775716 -160.768855 39.491744
-110.331093 -160.524322 38.258452
-111.886469 -160.279790 37.025161
-113.441846 -160.035258 35.791869
-114.997222 -159.790726 34.558578
-116.552599 -159.546193 33.325287
-118.107975 -159.301661 32.091995
-75.126939 108.996820 234.161284
-73.551260 110.228402 234.140249
-71.975582 111.459984 234.119213
-70.399903 112.691566 234.098177
-68.824224 113.923148 234.077141
-67.248545 115.154730 234.056106
-65.672866 116.386312 234.035070
-64.097188 117.617894 234.014034
-62.521509 118.849475 233.992999
-60.945830 120.081057 233.971963
-59.370151 121.312639 233.950927
-57.794473 122.544221 233.929892
-56.218794 123.775803 233.908856
-54.643115 125.007385 233.887820
-53.067436 126.238967 233.866785
-51.491757 127.470548 233.845749
-49.916079 128.702130 233.824713
-48.340400 129.933712 233.803677
-46.764721 131.165294 233.782642
-45.189042 132.396876 233.761606
-43.613364 133.628458 233.740570
-42.037685 134.860040 233.719535
-40.462006 136.091622 233.698499
-38.886327 137.323203 233.677463
-37.310649 138.554785 233.656428
-35.734970 139.786367 233.635392
-34.159291 141.017949 233.614356
-32.583612 142.249531 233.593321
-31.007933 143.481113 233.572285
-29.432255 144.712695 233.551249
-27.856576 145.944277 233.530213
-26.280897 147.175858 233.509178
-24.705218 148.407440 233.488142
-23.129540 149.639022 233.467106
-21.553861 150.870604 233.446071
-19.978182 152.102186 233.425035
-18.402503 153.333768 233.403999
-16.826824 154.565350 233.382964
-15.251146 155.796932 233.361928
-13.675467 157.028513 233.340892
-12.099788 158.260095 233.319856
-10.524109 159.491677 233.298821
-8.948431 160.723259 233.277785
-7.372752 161.954841 233.256749
-5.797073 163.186423 233.235714
-4.221394 164.418005 233.214678
-2.645716 165.649586 233.193642
-1.070037 166.881168 233.172607
0.505642 168.112750 233.151571
2.081321 169.344332 233.130535
3.657000 170.575914 233.109500
5.232678 171.807496 233.088464
6.808357 173.039078 233.067428
8.384036 174.270660 233.046392
9.959715 175.502241 233.025357
11.535393 176.733823 233.004321
13.111072 177.965405 232.983285
14.686751 179.196987 232.962250
16.262430 180.428569 232.941214
17.838109 181.660151 232.920178
19.413787 182.891733 232.899143
20.989466 184.123315 232.878107
22.565145 185.354896 232.857071
24.140824 186.586478 232.836036
25.716502 187.818060 232.815000
27.292181 189.049642 232.793964
28.867860 190.281224 232.772928
30.443539 191.512806 232.751893
32.019217 192.744388 232.730857
33.594896 193.975969 232.709821
126.380335 -84.441531 -144.677559
124.585116 -83.580833 -144.868318
122.789898 -82.720135 -145.059076
120.994679 -81.859437 -145.249834
119.199460 -80.998739 -145.440593
117.404241 -80.138042 -145.631351
115.609022 -79.277344 -145.822109
113.813804 -78.416646 -146.012867
112.018585 -77.555948 -146.203626
110.223366 -76.695250 -146.394384
108.428147 -75.834552 -146.585142
106.632928 -74.973855 -146.775901
104.837709 -74.113157 -146.966659
103.042491 -73.252459 -147.157417
101.247272 -72.391761 -147.348175
99.452053 -71.531063 -147.538934
97.656834 -70.670366 -147.729692
95.861615 -69.809668 -147.920450
94.066397 -68.948970 -148.111209
92.271178 -68.088272 -148.301967
90.475959 -67.227574 -148.492725
88.680740 -66.366876 -148.683483
86.885521 -65.506179 -148.874242
85.090303 -64.645481 -149.065000
83.295084 -63.784783 -149.255758
81.499865 -62.924085 -149.446517
79.704646 -62.063387 -149.637275
77.909427 -61.202690 -149.828033
76.114209 -60.341992 -150.018791
74.318990 -59.481294 -150.209550
72.523771 -58.620596 -150.400308
70.728552 -57.759898 -150.591066
68.933333 -56.899200 -150.781825
67.138115 -56.038503 -150.972583
65.342896 -55.177805 -151.163341
63.547677 -54.317107 -151.354100
61.752458 -53.456409 -151.544858
59.957239 -52.595711 -151.735616
58.162021 -51.735014 -151.926374
56.366802 -50.874316 -152.117133
54.571583 -50.013618 -152.307891
52.776364 -49.152920 -152.498649
50.981145 -48.292222 -152.689408
49.185927 -47.431524 -152.880166
47.390708 -46.570827 -153.070924
45.595489 -45.710129 -153.261682
43.800270 -44.849431 -153.452441
42.005051 -43.988733 -153.643199
40.209833 -43.128035 -153.833957
38.414614 -42.267338 -154.024716
36.619395 -41.406640 -154.215474
34.824176 -40.545942 -154.406232
33.028957 -39.685244 -154.596990
31.233739 -38.824546 -154.787749
29.438520 -37.963849 -154.978507
27.643301 -37.103151 -155.169265
25.848082 -36.242453 -155.360024
24.052863 -35.381755 -155.550782
22.257645 -34.521057 -155.741540
20.462426 -33.660359 -155.932298
18.667207 -32.799662 -156.123057
16.871988 -31.938964 -156.313815
15.076769 -31.078266 -156.504573
13.281551 -30.217568 -156.695332
11.486332 -29.356870 -156.886090
9.691113 -28.496173 -157.076848
7.895894 -27.635475 -157.267606
6.100675 -26.774777 -157.458365
4.305457 -25.914079 -157.649123
2.510238 -25.053381 -157.839881
89.160499 27.050881 116.393865
89.450757 25.180642 117.040362
89.741016 23.310404 117.686858
90.031274 21.440165 118.333354
90.321533 19.569927 118.979851
90.611791 17.699688 119.626347
90.902050 15.829449 120.272843
91.192308 13.959211 120.919340
91.482567 12.088972 121.565836
91.772825 10.218734 122.212332
92.063084 8.348495 122.858829
92.353342 6.478256 123.505325
92.643601 4.608018 124.151821
92.933859 2.737779 124.798318
93.224118 0.867540 125.444814
93.514376 -1.002698 126.091310
93.804635 -2.872937 126.737807
94.094893 -4.743175 127.384303
94.385152 -6.613414 128.030799
94.675410 -8.483653 128.677296
94.965669 -10.353891 129.323792
95.255927 -12.224130 129.970289
95.546186 -14.094368 130.616785
95.836444 -15.964607 131.263281
96.126703 -17.834846 131.909778
96.416961 -19.705084 132.556274
96.707220 -21.575323 133.202770
96.997478 -23.445562 133.849267
97.287737 -25.315800 134.495763
97.577995 -27.186039 135.142259
97.868254 -29.056277 135.788756
98.158512 -30.926516 136.435252
98.448771 -32.796755 137.081748
98.739029 -34.666993 137.728245
99.029288 -36.537232 138.374741
99.319546 -38.407470 139.021237
99.609805 -40.277709 139.667734
99.900063 -42.147948 140.314230
100.190322 -44.018186 140.960726
100.480580 -45.888425 141.607223
100.770838 -47.758664 142.253719
101.061097 -49.628902 142.900215
101.351355 -51.499141 143.546712
101.641614 -53.369379 144.193208
101.931872 -55.239618 144.839705
102.222131 -57.109857 145.486201
102.512389 -58.980095 146.132697
102.802648 -60.850334 146.779194
103.092906 -62.720572 147.425690
103.383165 -64.590811 148.072186
103.673423 -66.461050 148.718683
103.963682 -68.331288 149.365179
104.253940 -70.201527 150.011675
104.544199 -72.071766 150.658172
104.834457 -73.942004 151.304668
105.124716 -75.812243 151.951164
105.414974 -77.682481 152.597661
105.705233 -79.552720 153.244157
105.995491 -81.422959 153.890653
106.285750 -83.293197 154.537150
106.576008 -85.163436 155.183646
106.866267 -87.033674 155.830142
107.156525 -88.903913 156.476639
107.446784 -90.774152 157.123135
107.737042 -92.644390 157.769631
108.027301 -94.514629 158.416128
108.317559 -96.384868 159.062624
108.607818 -98.255106 159.709120
108.898076 -100.125345 160.355617
109.188335 -101.995583 161.002113
-278.356644 -197.954187 -124.997136
-278.157327 -195.964858 -125.050448
-277.958010 -193.975529 -125.103761
-277.758693 -191.986200 -125.157073
-277.559376 -189.996870 -125.210386
-277.360058 -188.007541 -125.263699
-277.160741 -186.018212 -125.317011
-276.961424 -184.028883 -125.370324
-276.762107 -182.039554 -125.423636
-276.562790 -180.050225 -125.476949
-276.363473 -178.060896 -125.530261
-276.164155 -176.071566 -125.583574
-275.964838 -174.082237 -125.636886
-275.765521 -172.092908 -125.690199
-275.566204 -170.103579 -125.743512
-275.366887 -168.114250 -125.796824
-275.167569 -166.124921 -125.850137
-274.968252 -164.135592 -125.903449
-274.768935 -162.146262 -125.956762
-274.569618 -160.156933 -126.010074
-274.370301 -158.167604 -126.063387
-274.170984 -156.178275 -126.116699
-273.971666 -154.188946 -126.170012
-273.772349 -152.199617 -126.223325
-273.573032 -150.210288 -126.276637
-273.373715 -148.220958 -126.329950
-273.174398 -146.231629 -126.383262
-272.975080 -144.242300 -126.436575
-272.775763 -142.252971 -126.489887
-272.576446 -140.263642 -126.543200
-272.377129 -138.274313 -126.596512
-272.177812 -136.284984 -126.649825
-271.978494 -134.295654 -126.703138
-271.779177 -132.306325 -126.756450
-271.579860 -130.316996 -126.809763
-271.380543 -128.327667 -126.863075
-271.181226 -126.338338 -126.916388
-270.981909 -124.349009 -126.969700
-270.782591 -122.359680 -127.023013
-270.583274 -120.370350 -127.076325
-270.383957 -118.381021 -127.129638
-270.184640 -116.391692 -127.182951
-269.985323 -114.402363 -127.236263
-269.786005 -112.413034 -127.289576
-269.586688 -110.423705 -127.342888
-269.387371 -108.434376 -127.396201
-269.188054 -106.445046 -127.449513
-268.988737 -104.455717 -127.502826
-268.789419 -102.466388 -127.556138
-268.590102 -100.477059 -127.609451
-268.390785 -98.487730 -127.662764
-268.191468 -96.498401 -127.716076
-267.992151 -94.509072 -127.769389
-267.792834 -92.519742 -127.822701
-267.593516 -90.530413 -127.876014
-267.394199 -88.541084 -127.929326
-267.194882 -86.551755 -127.982639
-266.995565 -84.562426 -128.035951
-266.796248 -82.573097 -128.089264
-266.596930 -80.583768 -128.142576
-266.397613 -78.594438 -128.195889
-266.198296 -76.605109 -128.249202
-265.998979 -74.615780 -128.302514
-265.799662 -72.626451 -128.355827
-265.600345 -70.637122 -128.409139
-265.401027 -68.647793 -128.462452
-265.201710 -66.658464 -128.515764
-265.002393 -64.669134 -128.569077
-264.803076 -62.679805 -128.622389
-264.603759 -60.690476 -128.675702
-221.807125 -169.142381 -33.576645
-220.960358 -170.110943 -32.045347
-220.113591 -171.079506 -30.514050
-219.266823 -172.048069 -28.982753
-218.420056 -173.016632 -27.451456
-217.573289 -173.985195 -25.920159
-216.726522 -174.953758 -24.388862
-215.879754 -175.922321 -22.857564
-215.032987 -176.890884 -21.326267
-214.186220 -177.859447 -19.794970
-213.339452 -178.828009 -18.263673
-212.492685 -179.796572 -16.732376
-211.645918 -180.765135 -15.201078
-210.799151 -181.733698 -13.669781
-209.952383 -182.702261 -12.138484
-209.105616 -183.670824 -10.607187
-208.258849 -184.639387 -9.075890
-207.412082 -185.607950 -7.544592
-206.565314 -186.576513 -6.013295
-205.718547 -187.545076 -4.481998
-204.871780 -188.513638 -2.950701
-204.025012 -189.482201 -1.419404
-203.178245 -190.450764 0.111894
-202.331478 -191.419327 1.643191
-201.484711 -192.387890 3.174488
-200.637943 -193.356453 4.705785
-199.791176 -194.325016 6.237082
-198.944409 -195.293579 7.768379
-198.097641 -196.262142 9.299677
-197.250874 -197.230705 10.830974
-196.404107 -198.199267 12.362271
-195.557340 -199.167830 13.893568
-194.710572 -200.136393 15.424865
-193.863805 -201.104956 16.956163
-193.017038 -202.073519 18.487460
-192.170270 -203.042082 20.018757
-191.323503 -204.010645 21.550054
-190.476736 -204.979208 23.081351
-189.629969 -205.947771 24.612649
-188.783201 -206.916334 26.143946
-187.936434 -207.884896 27.675243
-187.089667 -208.853459 29.206540
-186.242900 -209.822022 30.737837
-185.396132 -210.790585 32.269135
-184.549365 -211.759148 33.800432
-183.702598 -212.727711 35.331729
-182.855830 -213.696274 36.863026
-182.009063 -214.664837 38.394323
-181.162296 -215.633400 39.925620
-180.315529 -216.601963 41.456918
-179.468761 -217.570525 42.988215
-178.621994 -218.539088 44.519512
-177.775227 -219.507651 46.050809
-176.928459 -220.476214 47.582106
-176.081692 -221.444777 49.113404
-175.234925 -222.413340 50.644701
-174.388158 -223.381903 52.175998
-173.541390 -224.350466 53.707295
-172.694623 -225.319029 55.238592
-171.847856 -226.287592 56.769890
-171.001088 -227.256154 58.301187
-170.154321 -228.224717 59.832484
-169.307554 -229.193280 61.363781
-168.460787 -230.161843 62.895078
-167.614019 -231.130406 64.426376
-166.767252 -232.098969 65.957673
-165.920485 -233.067532 67.488970
-165.073718 -234.036095 69.020267
-164.226950 -235.004658 70.551564
-163.380183 -235.973221 72.082861
-12.654429 245.430435 -162.746405
-10.963606 244.978876 -163.714503
-9.272784 244.527317 -164.682602
-7.581962 244.075758 -165.650700
-5.891139 243.624200 -166.618798
-4.200317 243.172641 -167.586897
-2.509494 242.721082 -168.554995
-0.818672 242.269523 -169.523093
0.872150 241.817965 -170.491192
2.562973 241.366406 -171.459290
4.253795 240.914847 -172.427388
5.944618 240.463288 -173.395486
7.635440 240.011730 -174.363585
9.326262 239.560171 -175.331683
11.017085 239.108612 -176.299781
12.707907 238.657053 -177.267880
14.398730 238.205495 -178.235978
16.089552 237.753936 -179.204076
17.780374 237.302377 -180.172175
19.471197 236.850818 -181.140273
21.162019 236.399260 -182.108371
22.852841 235.947701 -183.076469
24.543664 235.496142 -184.044568
26.234486 235.044583 -185.012666
27.925309 234.593025 -185.980764
29.616131 234.141466 -186.948863
31.306953 233.689907 -187.916961
32.997776 233.238348 -188.885059
34.688598 232.786790 -189.853158
36.379421 232.335231 -190.821256
38.070243 231.883672 -191.789354
39.761065 231.432113 -192.757452
41.451888 230.980555 -193.725551
43.142710 230.528996 -194.693649
44.833533 230.077437 -195.661747
46.524355 229.625878 -196.629846
48.215177 229.174320 -197.597944
49.906000 228.722761 -198.566042
51.596822 228.271202 -199.534141
53.287645 227.819643 -200.502239
54.978467 227.368085 -201.470337
56.669289 226.916526 -202.438435
58.360112 226.464967 -203.406534
60.050934 226.013408 -204.374632
61.741757 225.561850 -205.342730
63.432579 225.110291 -206.310829
65.123401 224.658732 -207.278927
66.814224 224.207173 -208.247025
68.505046 223.755615 -209.215124
70.195869 223.304056 -210.183222
71.886691 222.852497 -211.151320
73.577513 222.400938 -212.119419
75.268336 221.949380 -213.087517
76.959158 221.497821 -214.055615
78.649981 221.046262 -215.023713
80.340803 220.594703 -215.991812
82.031625 220.143145 -216.959910
83.722448 219.691586 -217.928008
85.413270 219.240027 -218.896107
87.104093 218.788468 -219.864205
88.794915 218.336910 -220.832303
90.485737 217.885351 -221.800402
92.176560 217.433792 -222.768500
93.867382 216.982233 -223.736598
95.558204 216.530675 -224.704696
97.249027 216.079116 -225.672795
98.939849 215.627557 -226.640893
100.630672 215.175998 -227.608991
102.321494 214.724440 -228.577090
104.012316 214.272881 -229.545188
-66.067455 244.968306 -93.251167
-66.898876 245.177842 -91.444282
-67.730297 245.387377 -89.637397
-68.561718 245.596913 -87.830512
-69.393140 245.806448 -86.023627
-70.224561 246.015983 -84.216742
-71.055982 246.225519 -82.409856
-71.887403 246.435054 -80.602971
-72.718824 246.644589 -78.796086
-73.550246 246.854125 -76.989201
-74.381667 247.063660 -75.182316
-75.213088 247.273195 -73.375431
-76.044509 247.482731 -71.568546
-76.875930 247.692266 -69.761661
-77.707352 247.901801 -67.954776
-78.538773 248.111337 -66.147891
-79.370194 248.320872 -64.341006
-80.201615 248.530407 -62.534121
-81.033036 248.739943 -60.727235
-81.864458 248.949478 -58.920350
-82.695879 249.159013 -57.113465
-83.527300 249.368549 -55.306580
-84.358721 249.578084 -53.499695
-85.190142 249.787619 -51.692810
-86.021564 249.997155 -49.885925
-86.852985 250.206690 -48.079040
-87.684406 250.416226 -46.272155
-88.515827 250.625761 -44.465270
-89.347248 250.835296 -42.658385
-90.178670 251.044832 -40.851499
-91.010091 251.254367 -39.044614
-91.841512 251.463902 -37.237729
-92.672933 251.673438 -35.430844
-93.504354 251.882973 -33.623959
-94.335776 252.092508 -31.817074
-95.167197 252.302044 -30.010189
-95.998618 252.511579 -28.203304
-96.830039 252.721114 -26.396419
-97.661461 252.930650 -24.589534
-98.492882 253.140185 -22.782649
-99.324303 253.349720 -20.975763
-100.155724 253.559256 -19.168878
-100.987145 253.768791 -17.361993
-101.818567 253.978326 -15.555108
-102.649988 254.187862 -13.748223
-103.481409 254.397397 -11.941338
-104.312830 254.606932 -10.134453
-105.144251 254.816468 -8.327568
-105.975673 255.026003 -6.520683
-106.807094 255.235539 -4.713798
-107.638515 255.445074 -2.906913
-108.469936 255.654609 -1.100028
-109.301357 255.864145 0.706858
-110.132779 256.073680 2.513743
-110.964200 256.283215 4.320628
-111.795621 256.492751 6.127513
-112.627042 256.702286 7.934398
-113.458463 256.911821 9.741283
-114.289885 257.121357 11.548168
-115.121306 257.330892 13.355053
-115.952727 257.540427 15.161938
-116.784148 257.749963 16.968823
-117.615569 257.959498 18.775708
-118.446991 258.169033 20.582594
-119.278412 258.378569 22.389479
-120.109833 258.588104 24.196364
-120.941254 258.797639 26.003249
-121.772675 259.007175 27.810134
-122.604097 259.216710 29.617019
-123.435518 259.426245 31.423904
193.568547 -28.223089 -57.933683
193.571751 -26.237521 -57.693875
193.574954 -24.251952 -57.454067
193.578157 -22.266384 -57.214259
193.581360 -20.280815 -56.974452
193.584563 -18.295247 -56.734644
193.587767 -16.309679 -56.494836
193.590970 -14.324110 -56.255028
193.594173 -12.338542 -56.015220
193.597376 -10.352973 -55.775412
193.600579 -8.367405 -55.535604
193.603783 -6.381837 -55.295796
193.606986 -4.396268 -55.055988
193.610189 -2.410700 -54.816180
193.613392 -0.425131 -54.576372
193.616595 1.560437 -54.336564
193.619799 3.546005 -54.096756
193.623002 5.531574 -53.856948
193.626205 7.517142 -53.617140
193.629408 9.502711 -53.377332
193.632611 11.488279 -53.137524
193.635815 13.473847 -52.897716
193.639018 15.459416 -52.657908
193.642221 17.444984 -52.418100
193.645424 19.430553 -52.178292
193.648627 21.416121 -51.938484
193.651831 23.401689 -51.698676
193.655034 25.387258 -51.458868
193.658237 27.372826 -51.219061
193.661440 29.358395 -50.979253
193.664643 31.343963 -50.739445
193.667847 33.329531 -50.499637
193.671050 35.315100 -50.259829
193.674253 37.300668 -50.020021
193.677456 39.286237 -49.780213
193.680659 41.271805 -49.540405
193.683863 43.257373 -49.300597
193.687066 45.242942 -49.060789
193.690269 47.228510 -48.820981
193.693472 49.214079 -48.581173
193.696675 51.199647 -48.341365
193.699879 53.185215 -48.101557
193.703082 55.170784 -47.861749
193.706285 57.156352 -47.621941
193.709488 59.141921 -47.382133
193.712691 61.127489 -47.142325
193.715895 63.113057 -46.902517
193.719098 65.098626 -46.662709
193.722301 67.084194 -46.422901
193.725504 69.069763 -46.183093
193.728707 71.055331 -45.943285
193.731911 73.040899 -45.703478
193.735114 75.026468 -45.463670
193.738317 77.012036 -45.223862
193.741520 78.997605 -44.984054
193.744723 80.983173 -44.744246
193.747927 82.968742 -44.504438
193.751130 84.954310 -44.264630
193.754333 86.939878 -44.024822
193.757536 88.925447 -43.785014
193.760739 90.911015 -43.545206
193.763943 92.896584 -43.305398
193.767146 94.882152 -43.065590
193.770349 96.867720 -42.825782
193.773552 98.853289 -42.585974
193.776755 100.838857 -42.346166
193.779959 102.824426 -42.106358
193.783162 104.809994 -41.866550
193.786365 106.795562 -41.626742
193.789568 108.781131 -41.386934
-195.909633 -200.453955 240.597482
-197.365771 -201.573061 239.805481
-198.821909 -202.692167 239.013481
-200.278047 -203.811273 238.221480
-201.734185 -204.930378 237.429480
-203.190323 -206.049484 236.637480
-204.646461 -207.168590 235.845479
-206.102599 -208.287695 235.053479
-207.558737 -209.406801 234.261478
-209.014875 -210.525907 233.469478
-210.471013 -211.645013 232.677477
-211.927151 -212.764118 231.885477
-213.383289 -213.883224 231.093477
-214.839427 -215.002330 230.301476
-216.295565 -216.121435 229.509476
-217.751702 -217.240541 228.717475
-219.207840 -218.359647 227.925475
-220.663978 -219.478753 227.133474
-222.120116 -220.597858 226.341474
-223.576254 -221.716964 225.549473
-225.032392 -222.836070 224.757473
-226.488530 -223.955175 223.965473
-227.944668 -225.074281 223.173472
-229.400806 -226.193387 222.381472
-230.856944 -227.312493 221.589471
-232.313082 -228.431598 220.797471
-233.769220 -229.550704 220.005470
-235.225358 -230.669810 219.213470
-236.681496 -231.788916 218.421470
-238.137634 -232.908021 217.629469
-239.593772 -234.027127 216.837469
-241.049909 -235.146233 216.045468
-242.506047 -236.265338 215.253468
-243.962185 -237.384444 214.461467
-245.418323 -238.503550 213.669467
-246.874461 -239.622656 212.877466
-248.330599 -240.741761 212.085466
-249.786737 -241.860867 211.293466
-251.242875 -242.979973 210.501465
-252.699013 -244.099078 209.709465
-254.155151 -245.218184 208.917464
-255.611289 -246.337290 208.125464
-257.067427 -247.456396 207.333463
-258.523565 -248.575501 206.541463
-259.979703 -249.694607 205.749463
-261.435841 -250.813713 204.957462
-262.891979 -251.932818 204.165462
-264.348117 -253.051924 203.373461
-265.804254 -254.171030 202.581461
-267.260392 -255.290136 201.789460
-268.716530 -256.409241 200.997460
-270.172668 -257.528347 200.205459
-271.628806 -258.647453 199.413459
-273.084944 -259.766558 198.621459
-274.541082 -260.885664 197.829458
-275.997220 -262.004770 197.037458
-277.453358 -263.123876 196.245457
-278.909496 -264.242981 195.453457
-280.365634 -265.362087 194.661456
-281.821772 -266.481193 193.869456
-283.277910 -267.600299 193.077456
-284.734048 -268.719404 192.285455
-286.190186 -269.838510 191.493455
-287.646324 -270.957616 190.701454
-289.102461 -272.076721 189.909454
-290.558599 -273.195827 189.117453
-292.014737 -274.314933 188.325453
-293.470875 -275.434039 187.533452
-294.927013 -276.553144 186.741452
-296.383151 -277.672250 185.949452
-139.518458 57.656813 -81.925200
-138.334887 56.611953 -83.152974
-137.151316 55.567093 -84.380747
-135.967745 54.522233 -85.608521
-134.784174 53.477373 -86.836294
-133.600604 52.432513 -88.064068
-132.417033 51.387653 -89.291841
-131.233462 50.342793 -90.519614
-130.049891 49.297933 -91.747388
-128.866320 48.253073 -92.975161
-127.682750 47.208213 -94.202935
-126.499179 46.163353 -95.430708
-125.315608 45.118493 -96.658482
-124.132037 44.073633 -97.886255
-122.948466 43.028773 -99.114029
-121.764895 41.983913 -100.341802
-120.581325 40.939053 -101.569576
-119.397754 39.894193 -102.797349
-118.214183 38.849333 -104.025123
-117.030612 37.804473 -105.252896
-115.847041 36.759613 -106.480670
-114.663471 35.714753 -107.708443
-113.479900 34.669893 -108.936217
-112.296329 33.625033 -110.163990
-111.112758 32.580173 -111.391764
-109.929187 31.535313 -112.619537
-108.745617 30.490453 -113.847311
-107.562046 29.445593 -115.075084
-106.378475 28.400733 -116.302858
-105.194904 27.355873 -117.530631
-104.011333 26.311013 -118.758405
-102.827763 25.266153 -119.986178
-101.644192 24.221293 -121.213952
-100.460621 23.176433 -122.441725
-99.277050 22.131573 -123.669498
-98.093479 21.086713 -124.897272
-96.909909 20.041853 -126.125045
-95.726338 18.996993 -127.352819
-94.542767 17.952133 -128.580592
-93.359196 16.907273 -129.808366
-92.175625 15.862413 -131.036139
-90.992054 14.817553 -132.263913
-89.808484 13.772693 -133.491686
-88.624913 12.727833 -134.719460
-87.441342 11.682973 -135.947233
-86.257771 10.638113 -137.175007
-85.074200 9.593253 -138.402780
-83.890630 8.548393 -139.630554
-82.707059 7.503533 -140.858327
-81.523488 6.458673 -142.086101
-80.339917 5.413813 -143.313874
-79.156346 4.368953 -144.541648
-77.972776 3.324093 -145.769421
-76.789205 2.279233 -146.997195
-75.605634 1.234373 -148.224968
-74.422063 0.189513 -149.452742
-73.238492 -0.855347 -150.680515
-72.054922 -1.900207 -151.908289
-70.871351 -2.945067 -153.136062
-69.687780 -3.989927 -154.363835
-68.504209 -5.034787 -155.591609
-67.320638 -6.079647 -156.819382
-66.137067 -7.124507 -158.047156
-64.953497 -8.169367 -159.274929
-63.769926 -9.214227 -160.502703
-62.586355 -10.259087 -161.730476
-61.402784 -11.303947 -162.958250
-60.219213 -12.348807 -164.186023
-59.035643 -13.393667 -165.413797
-57.852072 -14.438527 -166.641570
-225.354169 96.757222 29.835338
-225.935535 94.845059 29.910475
-226.516901 92.932896 29.985612
-227.098267 91.020732 30.060749
-227.679633 89.108569 30.135886
-228.260999 87.196406 30.211023
-228.842364 85.284243 30.286160
-229.423730 83.372080 30.361297
-230.005096 81.459917 30.436434
-230.586462 79.547753 30.511572
-231.167828 77.635590 30.586709
-231.749194 75.723427 30.661846
-232.330560 73.811264 30.736983
-232.911926 71.899101 30.812120
-233.493292 69.986937 30.887257
-234.074658 68.074774 30.962394
-234.656023 66.162611 31.037531
-235.237389 64.250448 31.112669
-235.818755 62.338285 31.187806
-236.400121 60.426121 31.262943
-236.981487 58.513958 31.338080
-237.562853 56.601795 31.413217
-238.144219 54.689632 31.488354
-238.725585 52.777469 31.563491
-239.306951 50.865305 31.638628
-239.888317 48.953142 31.713766
-240.469683 47.040979 31.788903
-241.051048 45.128816 31.864040
-241.632414 43.216653 31.939177
-242.213780 41.304489 32.014314
-242.795146 39.392326 32.089451
-243.376512 37.480163 32.164588
-243.957878 35.568000 32.239725
-244.539244 33.655837 32.314862
-245.120610 31.743673 32.390000
-245.701976 29.831510 32.465137
-246.283342 27.919347 32.540274
-246.864708 26.007184 32.615411
-247.446073 24.095021 32.690548
-248.027439 22.182857 32.765685
-248.608805 20.270694 32.840822
-249.190171 18.358531 32.915959
-249.771537 16.446368 32.991097
-250.352903 14.534205 33.066234
-250.934269 12.622041 33.141371
-251.515635 10.709878 33.216508
-252.097001 8.797715 33.291645
-252.678367 6.885552 33.366782
-253.259732 4.973389 33.441919
-253.841098 3.061225 33.517056
-254.422464 1.149062 33.592193
-255.003830 -0.763101 33.667331
-255.585196 -2.675264 33.742468
-256.166562 -4.587427 33.817605
-256.747928 -6.499591 33.892742
-257.329294 -8.411754 33.967879
-257.910660 -10.323917 34.043016
-258.492026 -12.236080 34.118153
-259.073392 -14.148243 34.193290
-259.654757 -16.060407 34.268428
-260.236123 -17.972570 34.343565
-260.817489 -19.884733 34.418702
-261.398855 -21.796896 34.493839
-261.980221 -23.709059 34.568976
-262.561587 -25.621223 34.644113
-263.142953 -27.533386 34.719250
-263.724319 -29.445549 34.794387
-264.305685 -31.357712 34.869525
-264.887051 -33.269875 34.944662
-265.468417 -35.182039 35.019799
185.519728 -256.838452 -21.256101
184.131648 -255.635137 -22.046839
182.743567 -254.431822 -22.837576
181.355487 -253.228507 -23.628314
179.967407 -252.025192 -24.419051
178.579326 -250.821877 -25.209788
177.191246 -249.618562 -26.000526
175.803165 -248.415247 -26.791263
174.415085 -247.211932 -27.582001
173.027004 -246.008617 -28.372738
171.638924 -244.805302 -29.163476
170.250844 -243.601987 -29.954213
168.862763 -242.398672 -30.744951
167.474683 -241.195357 -31.535688
166.086602 -239.992042 -32.326426
164.698522 -238.788727 -33.117163
163.310442 -237.585412 -33.907901
161.922361 -236.382097 -34.698638
160.534281 -235.178782 -35.489376
159.146200 -233.975467 -36.280113
157.758120 -232.772152 -37.070851
156.370039 -231.568837 -37.861588
154.981959 -230.365522 -38.652325
153.593879 -229.162207 -39.443063
152.205798 -227.958892 -40.233800
150.817718 -226.755577 -41.024538
149.429637 -225.552262 -41.815275
148.041557 -224.348947 -42.606013
146.653476 -223.145632 -43.396750
145.265396 -221.942317 -44.187488
143.877316 -220.739002 -44.978225
142.489235 -219.535687 -45.768963
141.101155 -218.332372 -46.559700
139.713074 -217.129057 -47.350438
138.324994 -215.925742 -48.141175
136.936914 -214.722427 -48.931913
135.548833 -213.519112 -49.722650
134.160753 -212.315797 -50.513388
132.772672 -211.112482 -51.304125
131.384592 -209.909167 -52.094863
129.996511 -208.705852 -52.885600
128.608431 -207.502537 -53.676337
127.220351 -206.299222 -54.467075
125.832270 -205.095907 -55.257812
124.444190 -203.892592 -56.048550
123.056109 -202.689277 -56.839287
121.668029 -201.485962 -57.630025
120.279949 -200.282647 -58.420762
118.891868 -199.079332 -59.211500
117.503788 -197.876017 -60.002237
116.115707 -196.672702 -60.792975
114.727627 -195.469387 -61.583712
113.339546 -194.266072 -62.374450
111.951466 -193.062757 -63.165187
110.563386 -191.859442 -63.955925
109.175305 -190.656127 -64.746662
107.787225 -189.452812 -65.537400
106.399144 -188.249497 -66.328137
105.011064 -187.046182 -67.118874
103.622983 -185.842867 -67.909612
102.234903 -184.639552 -68.700349
100.846823 -183.436237 -69.491087
99.458742 -182.232922 -70.281824
98.070662 -181.029607 -71.072562
96.682581 -179.826292 -71.863299
95.294501 -178.622977 -72.654037
93.906421 -177.419662 -73.444774
92.518340 -176.216347 -74.235512
91.130260 -175.013032 -75.026249
89.742179 -173.809717 -75.816987
2.563447 66.408828 -144.503663
0.886266 67.271010 -143.837551
-0.790915 68.133192 -143.171439
-2.468096 68.995374 -142.505327
-4.145277 69.857557 -141.839215
-5.822458 70.719739 -141.173103
-7.499639 71.581921 -140.506990
-9.176820 72.444103 -139.840878
-10.854001 73.306286 -139.174766
-12.531183 74.168468 -138.508654
-14.208364 75.030650 -137.842542
-15.885545 75.892832 -137.176430
-17.562726 76.755015 -136.510318
-19.239907 77.617197 -135.844205
-20.917088 78.479379 -135.178093
-22.594269 79.341561 -134.511981
-24.271450 80.203744 -133.845869
-25.948631 81.065926 -133.179757
-27.625812 81.928108 -132.513645
-29.302993 82.790290 -131.847533
-30.980174 83.652473 -131.181420
-32.657356 84.514655 -130.515308
-34.334537 85.376837 -129.849196
-36.011718 86.239019 -129.183084
-37.688899 87.101202 -128.516972
-39.366080 87.963384 -127.850860
-41.043261 88.825566 -127.184748
-42.720442 89.687748 -126.518635
-44.397623 90.549931 -125.852523
-46.074804 91.412113 -125.186411
-47.751985 92.274295 -124.520299
-49.429166 93.136477 -123.854187
-51.106347 93.998660 -123.188075
-52.783529 94.860842 -122.521963
-54.460710 95.723024 -121.855850
-56.137891 96.585206 -121.189738
-57.815072 97.447389 -120.523626
-59.492253 98.309571 -119.857514
-61.169434 99.171753 -119.191402
-62.846615 100.033935 -118.525290
-64.523796 100.896117 -117.859177
-66.200977 101.758300 -117.193065
-67.878158 102.620482 -116.526953
-69.555339 103.482664 -115.860841
-71.232520 104.344846 -115.194729
-72.909702 105.207029 -114.528617
-74.586883 106.069211 -113.862505
-76.264064 106.931393 -113.196392
-77.941245 107.793575 -112.530280
-79.618426 108.655758 -111.864168
-81.295607 109.517940 -111.198056
-82.972788 110.380122 -110.531944
-84.649969 111.242304 -109.865832
-86.327150 112.104487 -109.199720
-88.004331 112.966669 -108.533607
-89.681512 113.828851 -107.867495
-91.358694 114.691033 -107.201383
-93.035875 115.553216 -106.535271
-94.713056 116.415398 -105.869159
-96.390237 117.277580 -105.203047
-98.067418 118.139762 -104.536935
-99.744599 119.001945 -103.870822
-101.421780 119.864127 -103.204710
-103.098961 120.726309 -102.538598
-104.776142 121.588491 -101.872486
-106.453323 122.450674 -101.206374
-108.130504 123.312856 -100.540262
-109.807685 124.175038 -99.874150
-111.484867 125.037220 -99.208037
-113.162048 125.899403 -98.541925
-195.659139 -73.946188 -58.168511
-194.604724 -75.255970 -57.085607
-193.550309 -76.565752 -56.002703
-192.495894 -77.875533 -54.919799
-191.441479 -79.185315 -53.836895
-190.387064 -80.495096 -52.753991
-189.332649 -81.804878 -51.671087
-188.278234 -83.114659 -50.588182
-187.223820 -84.424441 -49.505278
-186.169405 -85.734223 -48.422374
-185.114990 -87.044004 -47.339470
-184.060575 -88.353786 -46.256566
-183.006160 -89.663567 -45.173662
-181.951745 -90.973349 -44.090758
-180.897330 -92.283131 -43.007854
-179.842915 -93.592912 -41.924949
-178.788500 -94.902694 -40.842045
-177.734085 -96.212475 -39.759141
-176.679670 -97.522257 -38.676237
-175.625255 -98.832038 -37.593333
-174.570840 -100.141820 -36.510429
-173.516425 -101.451602 -35.427525
-172.462010 -102.761383 -34.344621
-171.407595 -104.071165 -33.261717
-170.353180 -105.380946 -32.178812
-169.298765 -106.690728 -31.095908
-168.244351 -108.000510 -30.013004
-167.189936 -109.310291 -28.930100
-166.135521 -110.620073 -27.847196
-165.081106 -111.929854 -26.764292
-164.026691 -113.239636 -25.681388
-162.972276 -114.549417 -24.598484
-161.917861 -115.859199 -23.515579
-160.863446 -117.168981 -22.432675
-159.809031 -118.478762 -21.349771
-158.754616 -119.788544 -20.266867
-157.700201 -121.098325 -19.183963
-156.645786 -122.408107 -18.101059
-155.591371 -123.717889 -17.018155
-154.536956 -125.027670 -15.935251
-153.482541 -126.337452 -14.852346
-152.428126 -127.647233 -13.769442
-151.373711 -128.957015 -12.686538
-150.319296 -130.266796 -11.603634
-149.264882 -131.576578 -10.520730
-148.210467 -132.886360 -9.437826
-147.156052 -134.196141 -8.354922
-146.101637 -135.505923 -7.272018
-145.047222 -136.815704 -6.189114
-143.992807 -138.125486 -5.106209
-142.938392 -139.435267 -4.023305
-141.883977 -140.745049 -2.940401
-140.829562 -142.054831 -1.857497
-139.775147 -143.364612 -0.774593
-138.720732 -144.674394 0.308311
-137.666317 -145.984175 1.391215
-136.611902 -147.293957 2.474119
-135.557487 -148.603739 3.557024
-134.503072 -149.913520 4.639928
-133.448657 -151.223302 5.722832
-132.394242 -152.533083 6.805736
-131.339827 -153.842865 7.888640
-130.285413 -155.152646 8.971544
-129.230998 -156.462428 10.054448
-128.176583 -157.772210 11.137352
-127.122168 -159.081991 12.220257
-126.067753 -160.391773 13.303161
-125.013338 -161.701554 14.386065
-123.958923 -163.011336 15.468969
-122.904508 -164.321118 16.551873
-287.089608 -0.701483 -200.558197
-286.125437 -2.380663 -200.057467
-285.161267 -4.059842 -199.556737
-284.197097 -5.739022 -199.056007
-283.232926 -7.418202 -198.555276
-282.268756 -9.097382 -198.054546
-281.304586 -10.776562 -197.553816
-280.340416 -12.455742 -197.053086
-279.376245 -14.134921 -196.552356
-278.412075 -15.814101 -196.051625
-277.447905 -17.493281 -195.550895
-276.483734 -19.172461 -195.050165
-275.519564 -20.851641 -194.549435
-274.555394 -22.530820 -194.048704
-273.591223 -24.210000 -193.547974
-272.627053 -25.889180 -193.047244
-271.662883 -27.568360 -192.546514
-270.698712 -29.247540 -192.045783
-269.734542 -30.926719 -191.545053
-268.770372 -32.605899 -191.044323
-267.806202 -34.285079 -190.543593
-266.842031 -35.964259 -190.042862
-265.877861 -37.643439 -189.542132
-264.913691 -39.322619 -189.041402
-263.949520 -41.001798 -188.540672
-262.985350 -42.680978 -188.039942
-262.021180 -44.360158 -187.539211
-261.057009 -46.039338 -187.038481
-260.092839 -47.718518 -186.537751
-259.128669 -49.397697 -186.037021
-258.164498 -51.076877 -185.536290
-257.200328 -52.756057 -185.035560
-256.236158 -54.435237 -184.534830
-255.271988 -56.114417 -184.034100
-254.307817 -57.793597 -183.533369
-253.343647 -59.472776 -183.032639
-252.379477 -61.151956 -182.531909
-251.415306 -62.831136 -182.031179
-250.451136 -64.510316 -181.530448
-249.486966 -66.189496 -181.029718
-248.522795 -67.868675 -180.528988
-247.558625 -69.547855 -180.028258
-246.594455 -71.227035 -179.527528
-245.630284 -72.906215 -179.026797
-244.666114 -74.585395 -178.526067
-243.701944 -76.264574 -178.025337
-242.737773 -77.943754 -177.524607
-241.773603 -79.622934 -177.023876
-240.809433 -81.302114 -176.523146
-239.845263 -82.981294 -176.022416
-238.881092 -84.660474 -175.521686
-237.916922 -86.339653 -175.020955
-236.952752 -88.018833 -174.520225
-235.988581 -89.698013 -174.019495
-235.024411 -91.377193 -173.518765
-234.060241 -93.056373 -173.018034
-233.096070 -94.735552 -172.517304
-232.131900 -96.414732 -172.016574
-231.167730 -98.093912 -171.515844
-230.203559 -99.773092 -171.015114
-229.239389 -101.452272 -170.514383
-228.275219 -103.131451 -170.013653
-227.311049 -104.810631 -169.512923
-226.346878 -106.489811 -169.012193
-225.382708 -108.168991 -168.511462
-224.418538 -109.848171 -168.010732
-223.454367 -111.527351 -167.510002
-222.490197 -113.206530 -167.009272
-221.526027 -114.885710 -166.508541
-220.561856 -116.564890 -166.007811
194.072312 211.069399 -83.567953
193.264781 212.195885 -82.126106
192.457251 213.322371 -80.684259
191.649720 214.448857 -79.242412
190.842189 215.575343 -77.800564
190.034659 216.701829 -76.358717
189.227128 217.828315 -74.916870
188.419598 218.954801 -73.475023
187.612067 220.081287 -72.033176
186.804536 221.207773 -70.591328
185.997006 222.334260 -69.149481
185.189475 223.460746 -67.707634
184.381944 224.587232 -66.265787
183.574414 225.713718 -64.823940
182.766883 226.840204 -63.382092
181.959353 227.966690 -61.940245
181.151822 229.093176 -60.498398
180.344291 230.219662 -59.056551
179.536761 231.346148 -57.614703
178.729230 232.472634 -56.172856
177.921699 233.599120 -54.731009
177.114169 234.725606 -53.289162
176.306638 235.852093 -51.847315
175.499107 236.978579 -50.405467
174.691577 238.105065 -48.963620
173.884046 239.231551 -47.521773
173.076516 240.358037 -46.079926
172.268985 241.484523 -44.638079
171.461454 242.611009 -43.196231
170.653924 243.737495 -41.754384
169.846393 244.863981 -40.312537
169.038862 245.990467 -38.870690
168.231332 247.116953 -37.428842
167.423801 248.243439 -35.986995
166.616270 249.369926 -34.545148
165.808740 250.496412 -33.103301
165.001209 251.622898 -31.661454
164.193679 252.749384 -30.219606
163.386148 253.875870 -28.777759
162.578617 255.002356 -27.335912
161.771087 256.128842 -25.894065
160.963556 257.255328 -24.452218
160.156025 258.381814 -23.010370
159.348495 259.508300 -21.568523
158.540964 260.634786 -20.126676
157.733433 261.761272 -18.684829
156.925903 262.887759 -17.242982
156.118372 264.014245 -15.801134
155.310842 265.140731 -14.359287
154.503311 266.267217 -12.917440
153.695780 267.393703 -11.475593
152.888250 268.520189 -10.033745
152.080719 269.646675 -8.591898
151.273188 270.773161 -7.150051
150.465658 271.899647 -5.708204
149.658127 273.026133 -4.266357
148.850597 274.152619 -2.824509
148.043066 275.279105 -1.382662
147.235535 276.405591 0.059185
146.428005 277.532078 1.501032
145.620474 278.658564 2.942879
144.812943 279.785050 4.384727
144.005413 280.911536 5.826574
143.197882 282.038022 7.268421
142.390351 283.164508 8.710268
141.582821 284.290994 10.152116
140.775290 285.417480 11.593963
139.967760 286.543966 13.035810
139.160229 287.670452 14.477657
138.352698 288.796938 15.919504
-132.409763 190.533140 154.239301
-131.775916 191.147274 152.444565
-131.142070 191.761408 150.649829
-130.508223 192.375542 148.855093
-129.874377 192.989676 147.060356
-129.240531 193.603811 145.265620
-128.606684 194.217945 143.470884
-127.972838 194.832079 141.676148
-127.338992 195.446213 139.881412
-126.705145 196.060347 138.086675
-126.071299 196.674481 136.291939
-125.437453 197.288616 134.497203
-124.803606 197.902750 132.702467
-124.169760 198.516884 130.907731
-123.535913 199.131018 129.112995
-122.902067 199.745152 127.318258
-122.268221 200.359286 125.523522
-121.634374 200.973421 123.728786
-121.000528 201.587555 121.934050
-120.366682 202.201689 120.139314
-119.732835 202.815823 118.344577
-119.098989 203.429957 116.549841
-118.465142 204.044091 114.755105
-117.831296 204.658226 112.960369
-117.197450 205.272360 111.165633
-116.563603 205.886494 109.370896
-115.929757 206.500628 107.576160
-115.295911 207.114762 105.781424
-114.662064 207.728897 103.986688
-114.028218 208.343031 102.191952
-113.394371 208.957165 100.397215
-112.760525 209.571299 98.602479
-112.126679 210.185433 96.807743
-111.492832 210.799567 95.013007
-110.858986 211.413702 93.218271
-110.225140 212.027836 91.423535
-109.591293 212.641970 89.628798
-108.957447 213.256104 87.834062
-108.323600 213.870238 86.039326
-107.689754 214.484372 84.244590
-107.055908 215.098507 82.449854
-106.422061 215.712641 80.655117
-105.788215 216.326775 78.860381
-105.154369 216.940909 77.065645
-104.520522 217.555043 75.270909
-103.886676 218.169177 73.476173
-103.252829 218.783312 71.681436
-102.618983 219.397446 69.886700
-101.985137 220.011580 68.091964
-101.351290 220.625714 66.297228
-100.717444 221.239848 64.502492
-100.083598 221.853982 62.707755
-99.449751 222.468117 60.913019
-98.815905 223.082251 59.118283
-98.182059 223.696385 57.323547
-97.548212 224.310519 55.528811
-96.914366 224.924653 53.734075
-96.280519 225.538788 51.939338
-95.646673 226.152922 50.144602
-95.012827 226.767056 48.349866
-94.378980 227.381190 46.555130
-93.745134 227.995324 44.760394
-93.111288 228.609458 42.965657
-92.477441 229.223593 41.170921
-91.843595 229.837727 39.376185
-91.209748 230.451861 37.581449
-90.575902 231.065995 35.786713
-89.942056 231.680129 33.991976
-89.308209 232.294263 32.197240
-88.674363 232.908398 30.402504
-132.847021 -160.093587 -20.136426
-133.291481 -161.908611 -19.423587
-133.735941 -163.723636 -18.710747
-134.180401 -165.538661 -17.997907
-134.624861 -167.353686 -17.285068
-135.069321 -169.168710 -16.572228
-135.513782 -170.983735 -15.859388
-135.958242 -172.798760 -15.146549
-136.402702 -174.613785 -14.433709
-136.847162 -176.428809 -13.720869
-137.291622 -178.243834 -13.008030
-137.736082 -180.058859 -12.295190
-138.180542 -181.873883 -11.582350
-138.625002 -183.688908 -10.869510
-139.069463 -185.503933 -10.156671
-139.513923 -187.318958 -9.443831
-139.958383 -189.133982 -8.730991
-140.402843 -190.949007 -8.018152
-140.847303 -192.764032 -7.305312
-141.291763 -194.579057 -6.592472
-141.736223 -196.394081 -5.879633
-142.180684 -198.209106 -5.166793
-142.625144 -200.024131 -4.453953
-143.069604 -201.839155 -3.741113
-143.514064 -203.654180 -3.028274
-143.958524 -205.469205 -2.315434
-144.402984 -207.284230 -1.602594
-144.847444 -209.099254 -0.889755
-145.291904 -210.914279 -0.176915
-145.736365 -212.729304 0.535925
-146.180825 -214.544329 1.248764
-146.625285 -216.359353 1.961604
-147.069745 -218.174378 2.674444
-147.514205 -219.989403 3.387283
-147.958665 -221.804427 4.100123
-148.403125 -223.619452 4.812963
-148.847586 -225.434477 5.525803
-149.292046 -227.249502 6.238642
-149.736506 -229.064526 6.951482
-150.180966 -230.879551 7.664322
-150.625426 -232.694576 8.377161
-151.069886 -234.509601 9.090001
-151.514346 -236.324625 9.802841
-151.958806 -238.139650 10.515680
-152.403267 -239.954675 11.228520
-152.847727 -241.769699 11.941360
-153.292187 -243.584724 12.654200
-153.736647 -245.399749 13.367039
-154.181107 -247.214774 14.079879
-154.625567 -249.029798 14.792719
-155.070027 -250.844823 15.505558
-155.514487 -252.659848 16.218398
-155.958948 -254.474873 16.931238
-156.403408 -256.289897 17.644077
-156.847868 -258.104922 18.356917
-157.292328 -259.919947 19.069757
-157.736788 -261.734971 19.782596
-158.181248 -263.549996 20.495436
-158.625708 -265.365021 21.208276
-159.070169 -267.180046 21.921116
-159.514629 -268.995070 22.633955
-159.959089 -270.810095 23.346795
-160.403549 -272.625120 24.059635
-160.848009 -274.440145 24.772474
-161.292469 -276.255169 25.485314
-161.736929 -278.070194 26.198154
-162.181389 -279.885219 26.910993
-162.625850 -281.700243 27.623833
-163.070310 -283.515268 28.336673
-163.514770 -285.330293 29.049513
-298.195647 -115.909026 -154.770427
-296.841818 -117.152114 -153.981833
-295.487989 -118.395203 -153.193239
-294.134161 -119.638291 -152.404646
-292.780332 -120.881379 -151.616052
-291.426503 -122.124467 -150.827459
-290.072674 -123.367555 -150.038865
-288.718846 -124.610643 -149.250271
-287.365017 -125.853731 -148.461678
-286.011188 -127.096819 -147.673084
-284.657360 -128.339907 -146.884491
-283.303531 -129.582995 -146.095897
-281.949702 -130.826083 -145.307303
-280.595874 -132.069171 -144.518710
-279.242045 -133.312259 -143.730116
-277.888216 -134.555348 -142.941522
-276.534388 -135.798436 -142.152929
-275.180559 -137.041524 -141.364335
-273.826730 -138.284612 -140.575742
-272.472901 -139.527700 -139.787148
-271.119073 -140.770788 -138.998554
-269.765244 -142.013876 -138.209961
-268.411415 -143.256964 -137.421367
-267.057587 -144.500052 -136.632774
-265.703758 -145.743140 -135.844180
-264.349929 -146.986228 -135.055586
-262.996101 -148.229316 -134.266993
-261.642272 -149.472404 -133.478399
-260.288443 -150.715493 -132.689805
-258.934614 -151.958581 -131.901212
-257.580786 -153.201669 -131.112618
-256.226957 -154.444757 -130.324025
-254.873128 -155.687845 -129.535431
-253.519300 -156.930933 -128.746837
-252.165471 -158.174021 -127.958244
-250.811642 -159.417109 -127.169650
-249.457814 -160.660197 -126.381057
-248.103985 -161.903285 -125.592463
-246.750156 -163.146373 -124.803869
-245.396328 -164.389461 -124.015276
-244.042499 -165.632550 -123.226682
-242.688670 -166.875638 -122.438088
-241.334841 -168.118726 -121.649495
-239.981013 -169.361814 -120.860901
-238.627184 -170.604902 -120.072308
-237.273355 -171.847990 -119.283714
-235.919527 -173.091078 -118.495120
-234.565698 -174.334166 -117.706527
-233.211869 -175.577254 -116.917933
-231.858041 -176.820342 -116.129340
-230.504212 -178.063430 -115.340746
-229.150383 -179.306518 -114.552152
-227.796554 -180.549606 -113.763559
-226.442726 -181.792695 -112.974965
-225.088897 -183.035783 -112.186371
-223.735068 -184.278871 -111.397778
-222.381240 -185.521959 -110.609184
-221.027411 -186.765047 -109.820591
-219.673582 -188.008135 -109.031997
-218.319754 -189.251223 -108.243403
-216.965925 -190.494311 -107.454810
-215.612096 -191.737399 -106.666216
-214.258268 -192.980487 -105.877623
-212.904439 -194.223575 -105.089029
-211.550610 -195.466663 -104.300435
-210.196781 -196.709751 -103.511842
-208.842953 -197.952840 -102.723248
-207.489124 -199.195928 -101.934654
-206.135295 -200.439016 -101.146061
-204.781467 -201.682104 -100.357467
125.576606 242.050079 74.297746
124.750776 242.120015 76.117942
123.924946 242.189951 77.938138
123.099115 242.259887 79.758334
122.273285 242.329823 81.578529
121.447454 242.399759 83.398725
120.621624 242.469695 85.218921
119.795794 242.539631 87.039117
118.969963 242.609567 88.859313
118.144133 242.679503 90.679509
117.318303 242.749439 92.499705
116.492472 242.819375 94.319901
115.666642 242.889311 96.140097
114.840811 242.959247 97.960293
114.014981 243.029183 99.780489
113.189151 243.099119 101.600684
112.363320 243.169055 103.420880
111.537490 243.238991 105.241076
110.711659 243.308927 107.061272
109.885829 243.378863 108.881468
109.059999 243.448799 110.701664
108.234168 243.518735 112.521860
107.408338 243.588671 114.342056
106.582508 243.658607 116.162252
105.756677 243.728543 117.982448
104.930847 243.798479 119.802644
104.105016 243.868415 121.622839
103.279186 243.938351 123.443035
102.453356 244.008287 125.263231
101.627525 244.078223 127.083427
100.801695 244.148159 128.903623
99.975865 244.218095 130.723819
99.150034 244.288031 132.544015
98.324204 244.357967 134.364211
97.498373 244.427903 136.184407
96.672543 244.497839 138.004603
95.846713 244.567775 139.824799
95.020882 244.637711 141.644994
94.195052 244.707647 143.465190
93.369222 244.777583 145.285386
92.543391 244.847519 147.105582
91.717561 244.917455 148.925778
90.891730 244.987391 150.745974
90.065900 245.057327 152.566170
89.240070 245.127263 154.386366
88.414239 245.197199 156.206562
87.588409 245.267135 158.026758
86.762579 245.337071 159.846954
85.936748 245.407007 161.667149
85.110918 245.476943 163.487345
84.285087 245.546878 165.307541
83.459257 245.616814 167.127737
82.633427 245.686750 168.947933
81.807596 245.756686 170.768129
80.981766 245.826622 172.588325
80.155936 245.896558 174.408521
79.330105 245.966494 176.228717
78.504275 246.036430 178.048913
77.678444 246.106366 179.869109
76.852614 246.176302 181.689304
76.026784 246.246238 183.509500
75.200953 246.316174 185.329696
74.375123 246.386110 187.149892
73.549292 246.456046 188.970088
72.723462 246.525982 190.790284
71.897632 246.595918 192.610480
71.071801 246.665854 194.430676
70.245971 246.735790 196.250872
69.420141 246.805726 198.071068
68.594310 246.875662 199.891264
138.076135 12.610793 -33.795638
139.239630 13.963408 -34.699359
140.403125 15.316023 -35.603080
141.566620 16.668638 -36.506802
142.730114 18.021253 -37.410523
143.893609 19.373868 -38.314245
145.057104 20.726483 -39.217966
146.220599 22.079098 -40.121688
147.384094 23.431713 -41.025409
148.547589 24.784328 -41.929130
149.711084 26.136943 -42.832852
150.874579 27.489558 -43.736573
152.038074 28.842173 -44.640295
153.201569 30.194788 -45.544016
154.365063 31.547403 -46.447738
155.528558 32.900018 -47.351459
156.692053 34.252633 -48.255180
157.855548 35.605248 -49.158902
159.019043 36.957863 -50.062623
160.182538 38.310478 -50.966345
161.346033 39.663092 -51.870066
162.509528 41.015707 -52.773788
163.673023 42.368322 -53.677509
164.836517 43.720937 -54.581230
166.000012 45.073552 -55.484952
167.163507 46.426167 -56.388673
168.327002 47.778782 -57.292395
169.490497 49.131397 -58.196116
170.653992 50.484012 -59.099838
171.817487 51.836627 -60.003559
172.980982 53.189242 -60.907280
174.144477 54.541857 -61.811002
175.307971 55.894472 -62.714723
176.471466 57.247087 -63.618445
177.634961 58.599702 -64.522166
178.798456 59.952317 -65.425888
179.961951 61.304932 -66.329609
181.125446 62.657547 -67.233330
182.288941 64.010162 -68.137052
183.452436 65.362777 -69.040773
184.615931 66.715392 -69.944495
185.779425 68.068007 -70.848216
186.942920 69.420621 -71.751938
188.106415 70.773236 -72.655659
189.269910 72.125851 -73.559380
190.433405 73.478466 -74.463102
191.596900 74.831081 -75.366823
192.760395 76.183696 -76.270545
193.923890 77.536311 -77.174266
195.087385 78.888926 -78.077988
196.250880 80.241541 -78.981709
197.414374 81.594156 -79.885430
198.577869 82.946771 -80.789152
199.741364 84.299386 -81.692873
200.904859 85.652001 -82.596595
202.068354 87.004616 -83.500316
203.231849 88.357231 -84.404038
204.395344 89.709846 -85.307759
205.558839 91.062461 -86.211480
206.722334 92.415076 -87.115202
207.885828 93.767691 -88.018923
209.049323 95.120306 -88.922645
210.212818 96.472921 -89.826366
211.376313 97.825536 -90.730088
212.539808 99.178150 -91.633809
213.703303 100.530765 -92.537530
214.866798 101.883380 -93.441252
216.030293 103.235995 -94.344973
217.193788 104.588610 -95.248695
218.357282 105.941225 -96.152416
28.998442 281.472245 -177.561529
28.574763 280.413993 -175.918179
28.151083 279.355742 -174.274829
27.727404 278.297490 -172.631479
27.303725 277.239238 -170.988129
26.880046 276.180987 -169.344779
26.456366 275.122735 -167.701429
26.032687 274.064483 -166.058079
25.609008 273.006232 -164.414729
25.185329 271.947980 -162.771379
24.761649 270.889728 -161.128029
24.337970 269.831477 -159.484679
23.914291 268.773225 -157.841329
23.490612 267.714973 -156.197979
23.066932 266.656722 -154.554629
22.643253 265.598470 -152.911279
22.219574 264.540218 -151.267929
21.795895 263.481967 -149.624579
21.372215 262.423715 -147.981229
20.948536 261.365463 -146.337878
20.524857 260.307212 -144.694528
20.101178 259.248960 -143.051178
19.677498 258.190709 -141.407828
19.253819 257.132457 -139.764478
18.830140 256.074205 -138.121128
18.406460 255.015954 -136.477778
17.982781 253.957702 -134.834428
17.559102 252.899450 -133.191078
17.135423 251.841199 -131.547728
16.711743 250.782947 -129.904378
16.288064 249.724695 -128.261028
15.864385 248.666444 -126.617678
15.440706 247.608192 -124.974328
15.017026 246.549940 -123.330978
14.593347 245.491689 -121.687628
14.169668 244.433437 -120.044278
13.745989 243.375185 -118.400928
13.322309 242.316934 -116.757578
12.898630 241.258682 -115.114228
12.474951 240.200430 -113.470878
12.051272 239.142179 -111.827528
11.627592 238.083927 -110.184178
11.203913 237.025675 -108.540828
10.780234 235.967424 -106.897478
10.356555 234.909172 -105.254128
9.932875 233.850920 -103.610778
9.509196 232.792669 -101.967428
9.085517 231.734417 -100.324078
8.661838 230.676165 -98.680728
8.238158 229.617914 -97.037378
7.814479 228.559662 -95.394028
7.390800 227.501410 -93.750678
6.967120 226.443159 -92.107328
6.543441 225.384907 -90.463978
6.119762 224.326655 -88.820628
5.696083 223.268404 -87.177278
5.272403 222.210152 -85.533928
4.848724 221.151900 -83.890577
4.425045 220.093649 -82.247227
4.001366 219.035397 -80.603877
3.577686 217.977145 -78.960527
3.154007 216.918894 -77.317177
2.730328 215.860642 -75.673827
2.306649 214.802390 -74.030477
1.882969 213.744139 -72.387127
1.459290 212.685887 -70.743777
1.035611 211.627635 -69.100427
0.611932 210.569384 -67.457077
0.188252 209.511132 -65.813727
-0.235427 208.452880 -64.170377
-91.174080 -249.873832 36.300606
-91.970297 -249.655234 38.122214
-92.766514 -249.436636 39.943821
-93.562732 -249.218038 41.765428
-94.358949 -248.999440 43.587036
-95.155166 -248.780842 45.408643
-95.951383 -248.562244 47.230250
-96.747600 -248.343646 49.051858
-97.543817 -248.125048 50.873465
-98.340034 -247.906450 52.695072
-99.136251 -247.687853 54.516680
-99.932469 -247.469255 56.338287
-100.728686 -247.250657 58.159894
-101.524903 -247.032059 59.981502
-102.321120 -246.813461 61.803109
-103.117337 -246.594863 63.624716
-103.913554 -246.376265 65.446324
-104.709771 -246.157667 67.267931
-105.505989 -245.939069 69.089538
-106.302206 -245.720472 70.911146
-107.098423 -245.501874 72.732753
-107.894640 -245.283276 74.554360
-108.690857 -245.064678 76.375968
-109.487074 -244.846080 78.197575
-110.283291 -244.627482 80.019182
-111.079508 -244.408884 81.840789
-111.875726 -244.190286 83.662397
-112.671943 -243.971688 85.484004
-113.468160 -243.753090 87.305611
-114.264377 -243.534493 89.127219
-115.060594 -243.315895 90.948826
-115.856811 -243.097297 92.770433
-116.653028 -242.878699 94.592041
-117.449245 -242.660101 96.413648
-118.245463 -242.441503 98.235255
-119.041680 -242.222905 100.056863
-119.837897 -242.004307 101.878470
-120.634114 -241.785709 103.700077
-121.430331 -241.567111 105.521685
-122.226548 -241.348514 107.343292
-123.022765 -241.129916 109.164899
-123.818983 -240.911318 110.986507
-124.615200 -240.692720 112.808114
-125.411417 -240.474122 114.629721
-126.207634 -240.255524 116.451329
-127.003851 -240.036926 118.272936
-127.800068 -239.818328 120.094543
-128.596285 -239.599730 121.916151
-129.392502 -239.381133 123.737758
-130.188720 -239.162535 125.559365
-130.984937 -238.943937 127.380973
-131.781154 -238.725339 129.202580
-132.577371 -238.506741 131.024187
-133.373588 -238.288143 132.845795
-134.169805 -238.069545 134.667402
-134.966022 -237.850947 136.489009
-135.762240 -237.632349 138.310616
-136.558457 -237.413751 140.132224
-137.354674 -237.195154 141.953831
-138.150891 -236.976556 143.775438
-138.947108 -236.757958 145.597046
-139.743325 -236.539360 147.418653
-140.539542 -236.320762 149.240260
-141.335759 -236.102164 151.061868
-142.131977 -235.883566 152.883475
-142.928194 -235.664968 154.705082
-143.724411 -235.446370 156.526690
-144.520628 -235.227772 158.348297
-145.316845 -235.009175 160.169904
-146.113062 -234.790577 161.991512
151.405339 -58.631549 299.128062
152.815214 -59.562206 298.057487
154.225088 -60.492863 296.986912
155.634963 -61.423521 295.916337
157.044837 -62.354178 294.845762
158.454711 -63.284835 293.775187
159.864586 -64.215492 292.704612
161.274460 -65.146150 291.634037
162.684335 -66.076807 290.563462
164.094209 -67.007464 289.492887
165.504084 -67.938122 288.422311
166.913958 -68.868779 287.351736
168.323833 -69.799436 286.281161
169.733707 -70.730093 285.210586
171.143582 -71.660751 284.140011
172.553456 -72.591408 283.069436
173.963331 -73.522065 281.998861
175.373205 -74.452722 280.928286
176.783080 -75.383380 279.857711
178.192954 -76.314037 278.787136
179.602829 -77.244694 277.716560
181.012703 -78.175351 276.645985
182.422578 -79.106009 275.575410
183.832452 -80.036666 274.504835
185.242326 -80.967323 273.434260
186.652201 -81.897980 272.363685
188.062075 -82.828638 271.293110
189.471950 -83.759295 270.222535
190.881824 -84.689952 269.151960
192.291699 -85.620609 268.081385
193.701573 -86.551267 267.010810
195.111448 -87.481924 265.940234
196.521322 -88.412581 264.869659
197.931197 -89.343238 263.799084
199.341071 -90.273896 262.728509
200.750946 -91.204553 261.657934
202.160820 -92.135210 260.587359
203.570695 -93.065868 259.516784
204.980569 -93.996525 258.446209
206.390444 -94.927182 257.375634
207.800318 -95.857839 256.305059
209.210193 -96.788497 255.234483
210.620067 -97.719154 254.163908
212.029941 -98.649811 253.093333
213.439816 -99.580468 252.022758
214.849690 -100.511126 250.952183
216.259565 -101.441783 249.881608
217.669439 -102.372440 248.811033
219.079314 -103.303097 247.740458
220.489188 -104.233755 246.669883
221.899063 -105.164412 245.599308
223.308937 -106.095069 244.528733
224.718812 -107.025726 243.458157
226.128686 -107.956384 242.387582
227.538561 -108.887041 241.317007
228.948435 -109.817698 240.246432
230.358310 -110.748355 239.175857
231.768184 -111.679013 238.105282
233.178059 -112.609670 237.034707
234.587933 -113.540327 235.964132
235.997808 -114.470985 234.893557
237.407682 -115.401642 233.822982
238.817556 -116.332299 232.752406
240.227431 -117.262956 231.681831
241.637305 -118.193614 230.611256
243.047180 -119.124271 229.540681
244.457054 -120.054928 228.470106
245.866929 -120.985585 227.399531
247.276803 -121.916243 226.328956
248.686678 -122.846900 225.258381
-101.778902 -299.541630 111.940405
-102.369455 -297.840447 112.810592
-102.960009 -296.139265 113.680779
-103.550562 -294.438083 114.550966
-104.141116 -292.736900 115.421153
-104.731669 -291.035718 116.291340
-105.322222 -289.334536 117.161527
-105.912776 -287.633354 118.031714
-106.503329 -285.932171 118.901901
-107.093883 -284.230989 119.772088
-107.684436 -282.529807 120.642275
-108.274989 -280.828624 121.512462
-108.865543 -279.127442 122.382649
-109.456096 -277.426260 123.252836
-110.046650 -275.725077 124.123023
-110.637203 -274.023895 124.993210
-111.227757 -272.322713 125.863397
-111.818310 -270.621530 126.733584
-112.408863 -268.920348 127.603771
-112.999417 -267.219166 128.473958
-113.589970 -265.517983 129.344145
-114.180524 -263.816801 130.214332
-114.771077 -262.115619 131.084519
-115.361631 -260.414437 131.954706
-115.952184 -258.713254 132.824893
-116.542737 -257.012072 133.695080
-117.133291 -255.310890 134.565267
-117.723844 -253.609707 135.435454
-118.314398 -251.908525 136.305641
-118.904951 -250.207343 137.175828
-119.495505 -248.506160 138.046015
-120.086058 -246.804978 138.916202
-120.676611 -245.103796 139.786389
-121.267165 -243.402613 140.656576
-121.857718 -241.701431 141.526763
-122.448272 -240.000249 142.396950
-123.038825 -238.299067 143.267137
-123.629379 -236.597884 144.137324
-124.219932 -234.896702 145.007511
-124.810485 -233.195520 145.877698
-125.401039 -231.494337 146.747885
-125.991592 -229.793155 147.618072
-126.582146 -228.091973 148.488259
-127.172699 -226.390790 149.358446
-127.763253 -224.689608 150.228633
-128.353806 -222.988426 151.098820
-128.944359 -221.287243 151.969007
-129.534913 -219.586061 152.839194
-130.125466 -217.884879 153.709381
-130.716020 -216.183697 154.579568
-131.306573 -214.482514 155.449755
-131.897127 -212.781332 156.319942
-132.487680 -211.080150 157.190129
-133.078233 -209.378967 158.060316
-133.668787 -207.677785 158.930503
-134.259340 -205.976603 159.800690
-134.849894 -204.275420 160.670877
-135.440447 -202.574238 161.541064
-136.031001 -200.873056 162.411251
-136.621554 -199.171873 163.281438
-137.212107 -197.470691 164.151625
-137.802661 -195.769509 165.021812
-138.393214 -194.068326 165.891999
-138.983768 -192.367144 166.762186
-139.574321 -190.665962 167.632373
-140.164874 -188.964780 168.502560
-140.755428 -187.263597 169.372747
-141.345981 -185.562415 170.242934
-141.936535 -183.861233 171.113121
-142.527088 -182.160050 171.983308
153.350906 131.225683 132.616915
152.061361 130.388260 131.337933
150.771816 129.550836 130.058951
149.482271 128.713413 128.779969
148.192726 127.875989 127.500986
146.903181 127.038566 126.222004
145.613636 126.201142 124.943022
144.324091 125.363719 123.664040
143.034545 124.526295 122.385058
141.745000 123.688872 121.106075
140.455455 122.851449 119.827093
139.165910 122.014025 118.548111
137.876365 121.176602 117.269129
136.586820 120.339178 115.990147
135.297275 119.501755 114.711164
134.007730 118.664331 113.432182
132.718185 117.826908 112.153200
131.428640 116.989484 110.874218
130.139095 116.152061 109.595235
128.849550 115.314637 108.316253
127.560005 114.477214 107.037271
126.270460 113.639791 105.758289
124.980915 112.802367 104.479307
123.691370 111.964944 103.200324
122.401825 111.127520 101.921342
121.112279 110.290097 100.642360
119.822734 109.452673 99.363378
118.533189 108.615250 98.084396
117.243644 107.777826 96.805413
115.954099 106.940403 95.526431
114.664554 106.102979 94.247449
113.375009 105.265556 92.968467
112.085464 104.428133 91.689485
110.795919 103.590709 90.410502
109.506374 102.753286 89.131520
108.216829 101.915862 87.852538
106.927284 101.078439 86.573556
105.637739 100.241015 85.294573
104.348194 99.403592 84.015591
103.058649 98.566168 82.736609
101.769104 97.728745 81.457627
100.479558 96.891322 80.178645
99.190013 96.053898 78.899662
97.900468 95.216475 77.620680
96.610923 94.379051 76.341698
95.321378 93.541628 75.062716
94.031833 92.704204 73.783734
92.742288 91.866781 72.504751
91.452743 91.029357 71.225769
90.163198 90.191934 69.946787
88.873653 89.354510 68.667805
87.584108 88.517087 67.388822
86.294563 87.679664 66.109840
85.005018 86.842240 64.830858
83.715473 86.004817 63.551876
82.425928 85.167393 62.272894
81.136383 84.329970 60.993911
79.846838 83.492546 59.714929
78.557292 82.655123 58.435947
77.267747 81.817699 57.156965
75.978202 80.980276 55.877983
74.688657 80.142853 54.599000
73.399112 79.305429 53.320018
72.109567 78.468006 52.041036
70.820022 77.630582 50.762054
69.530477 76.793159 49.483072
68.240932 75.955735 48.204089
66.951387 75.118312 46.925107
65.661842 74.280888 45.646125
64.372297 73.443465 44.367143
139.000666 -80.154829 277.852331
137.735248 -78.823485 277.060977
136.469831 -77.492141 276.269622
135.204414 -76.160796 275.478268
133.938996 -74.829452 274.686914
132.673579 -73.498108 273.895560
131.408161 -72.166764 273.104205
130.142744 -70.835420 272.312851
128.877327 -69.504075 271.521497
127.611909 -68.172731 270.730143
126.346492 -66.841387 269.938789
125.081075 -65.510043 269.147434
123.815657 -64.178699 268.356080
122.550240 -62.847354 267.564726
121.284822 -61.516010 266.773372
120.019405 -60.184666 265.982018
118.753988 -58.853322 265.190663
117.488570 -57.521978 264.399309
116.223153 -56.190633 263.607955
114.957736 -54.859289 262.816601
113.692318 -53.527945 262.025247
112.426901 -52.196601 261.233892
111.161483 -50.865257 260.442538
109.896066 -49.533912 259.651184
108.630649 -48.202568 258.859830
107.365231 -46.871224 258.068476
106.099814 -45.539880 257.277121
104.834397 -44.208536 256.485767
103.568979 -42.877191 255.694413
102.303562 -41.545847 254.903059
101.038144 -40.214503 254.111705
99.772727 -38.883159 253.320350
98.507310 -37.551815 252.528996
97.241892 -36.220470 251.737642
95.976475 -34.889126 250.946288
94.711058 -33.557782 250.154933
93.445640 -32.226438 249.363579
92.180223 -30.895094 248.572225
90.914805 -29.563749 247.780871
89.649388 -28.232405 246.989517
88.383971 -26.901061 246.198162
87.118553 -25.569717 245.406808
85.853136 -24.238373 244.615454
84.587718 -22.907028 243.824100
83.322301 -21.575684 243.032746
82.056884 -20.244340 242.241391
80.791466 -18.912996 241.450037
79.526049 -17.581652 240.658683
78.260632 -16.250308 239.867329
76.995214 -14.918963 239.075975
75.729797 -13.587619 238.284620
74.464379 -12.256275 237.493266
73.198962 -10.924931 236.701912
71.933545 -9.593587 235.910558
70.668127 -8.262242 235.119204
69.402710 -6.930898 234.327849
68.137293 -5.599554 233.536495
66.871875 -4.268210 232.745141
65.606458 -2.936866 231.953787
64.341040 -1.605521 231.162433
63.075623 -0.274177 230.371078
61.810206 1.057167 229.579724
60.544788 2.388511 228.788370
59.279371 3.719855 227.997016
58.013954 5.051200 227.205661
56.748536 6.382544 226.414307
55.483119 7.713888 225.622953
54.217701 9.045232 224.831599
52.952284 10.376576 224.040245
51.686867 11.707921 223.248890
-174.486965 198.306950 42.845492
-173.416276 199.608243 43.922647
-172.345587 200.909536 44.999802
-171.274897 202.210828 46.076956
-170.204208 203.512121 47.154111
-169.133519 204.813414 48.231265
-168.062830 206.114706 49.308420
-166.992141 207.415999 50.385574
-165.921452 208.717292 51.462729
-164.850762 210.018585 52.539883
-163.780073 211.319877 53.617038
-162.709384 212.621170 54.694192
-161.638695 213.922463 55.771347
-160.568006 215.223756 56.848501
-159.497317 216.525048 57.925656
-158.426627 217.826341 59.002811
-157.355938 219.127634 60.079965
-156.285249 220.428927 61.157120
-155.214560 221.730219 62.234274
-154.143871 223.031512 63.311429
-153.073182 224.332805 64.388583
-152.002492 225.634098 65.465738
-150.931803 226.935390 66.542892
-149.861114 228.236683 67.620047
-148.790425 229.537976 68.697201
-147.719736 230.839268 69.774356
-146.649046 232.140561 70.851511
-145.578357 233.441854 71.928665
-144.507668 234.743147 73.005820
-143.436979 236.044439 74.082974
-142.366290 237.345732 75.160129
-141.295601 238.647025 76.237283
-140.224911 239.948318 77.314438
-139.154222 241.249610 78.391592
-138.083533 242.550903 79.468747
-137.012844 243.852196 80.545901
-135.942155 245.153489 81.623056
-134.871466 246.454781 82.700210
-133.800776 247.756074 83.777365
-132.730087 249.057367 84.854520
-131.659398 250.358659 85.931674
-130.588709 251.659952 87.008829
-129.518020 252.961245 88.085983
-128.447331 254.262538 89.163138
-127.376641 255.563830 90.240292
-126.305952 256.865123 91.317447
-125.235263 258.166416 92.394601
-124.164574 259.467709 93.471756
-123.093885 260.769001 94.548910
-122.023196 262.070294 95.626065
-120.952506 263.371587 96.703220
-119.881817 264.672880 97.780374
-118.811128 265.974172 98.857529
-117.740439 267.275465 99.934683
-116.669750 268.576758 101.011838
-115.599060 269.878051 102.088992
-114.528371 271.179343 103.166147
-113.457682 272.480636 104.243301
-112.386993 273.781929 105.320456
-111.316304 275.083221 106.397610
-110.245615 276.384514 107.474765
-109.174925 277.685807 108.551919
-108.104236 278.987100 109.629074
-107.033547 280.288392 110.706229
-105.962858 281.589685 111.783383
-104.892169 282.890978 112.860538
-103.821480 284.192271 113.937692
-102.750790 285.493563 115.014847
-101.680101 286.794856 116.092001
-100.609412 288.096149 117.169156
246.748353 -185.432784 -274.604963
247.132179 -186.003602 -272.726973
247.516005 -186.574420 -270.848984
247.899831 -187.145238 -268.970994
248.283657 -187.716056 -267.093005
248.667483 -188.286874 -265.215015
249.051309 -188.857692 -263.337026
249.435135 -189.428509 -261.459036
249.818961 -189.999327 -259.581047
250.202787 -190.570145 -257.703057
250.586613 -191.140963 -255.825068
250.970439 -191.711781 -253.947078
251.354265 -192.282599 -252.069089
251.738091 -192.853417 -250.191099
252.121917 -193.424235 -248.313110
252.505743 -193.995052 -246.435120
252.889569 -194.565870 -244.557131
253.273395 -195.136688 -242.679141
253.657221 -195.707506 -240.801152
254.041047 -196.278324 -238.923162
254.424873 -196.849142 -237.045173
254.808699 -197.419960 -235.167183
255.192524 -197.990778 -233.289194
255.576350 -198.561595 -231.411204
255.960176 -199.132413 -229.533215
256.344002 -199.703231 -227.655225
256.727828 -200.274049 -225.777236
257.111654 -200.844867 -223.899246
257.495480 -201.415685 -222.021257
257.879306 -201.986503 -220.143267
258.263132 -202.557321 -218.265278
258.646958 -203.128139 -216.387288
259.030784 -203.698956 -214.509299
259.414610 -204.269774 -212.631309
259.798436 -204.840592 -210.753320
260.182262 -205.411410 -208.875330
260.566088 -205.982228 -206.997341
260.949914 -206.553046 -205.119351
261.333740 -207.123864 -203.241362
261.717566 -207.694682 -201.363372
262.101392 -208.265499 -199.485383
262.485218 -208.836317 -197.607393
262.869044 -209.407135 -195.729404
263.252870 -209.977953 -193.851414
263.636696 -210.548771 -191.973425
264.020522 -211.119589 -190.095435
264.404348 -211.690407 -188.217446
264.788173 -212.261225 -186.339456
265.171999 -212.832043 -184.461467
265.555825 -213.402860 -182.583477
265.939651 -213.973678 -180.705488
266.323477 -214.544496 -178.827498
266.707303 -215.115314 -176.949509
267.091129 -215.686132 -175.071519
267.474955 -216.256950 -173.193530
267.858781 -216.827768 -171.315540
268.242607 -217.398586 -169.437551
268.626433 -217.969403 -167.559561
269.010259 -218.540221 -165.681572
269.394085 -219.111039 -163.803582
269.777911 -219.681857 -161.925593
270.161737 -220.252675 -160.047603
270.545563 -220.823493 -158.169614
270.929389 -221.394311 -156.291624
271.313215 -221.965129 -154.413635
271.697041 -222.535947 -152.535645
272.080867 -223.106764 -150.657656
272.464693 -223.677582 -148.779666
272.848519 -224.248400 -146.901677
273.232345 -224.819218 -145.023687
-102.856782 20.237272 36.992264
-103.531369 21.376207 38.491516
-104.205957 22.515143 39.990768
-104.880545 23.654078 41.490020
-105.555132 24.793014 42.989273
-106.229720 25.931949 44.488525
-106.904308 27.070885 45.987777
-107.578895 28.209820 47.487030
-108.253483 29.348756 48.986282
-108.928071 30.487691 50.485534
-109.602659 31.626627 51.984786
-110.277246 32.765562 53.484039
-110.951834 33.904498 54.983291
-111.626422 35.043433 56.482543
-112.301009 36.182369 57.981796
-112.975597 37.321304 59.481048
-113.650185 38.460239 60.980300
-114.324772 39.599175 62.479553
-114.999360 40.738110 63.978805
-115.673948 41.877046 65.478057
-116.348535 43.015981 66.977309
-117.023123 44.154917 68.476562
-117.697711 45.293852 69.975814
-118.372298 46.432788 71.475066
-119.046886 47.571723 72.974319
-119.721474 48.710659 74.473571
-120.396061 49.849594 75.972823
-121.070649 50.988530 77.472076
-121.745237 52.127465 78.971328
-122.419824 53.266401 80.470580
-123.094412 54.405336 81.969832
-123.769000 55.544272 83.469085
-124.443587 56.683207 84.968337
-125.118175 57.822143 86.467589
-125.792763 58.961078 87.966842
-126.467350 60.100014 89.466094
-127.141938 61.238949 90.965346
-127.816526 62.377885 92.464598
-128.491113 63.516820 93.963851
-129.165701 64.655756 95.463103
-129.840289 65.794691 96.962355
-130.514876 66.933627 98.461608
-131.189464 68.072562 99.960860
-131.864052 69.211497 101.460112
-132.538639 70.350433 102.959365
-133.213227 71.489368 104.458617
-133.887815 72.628304 105.957869
-134.562402 73.767239 107.457121
-135.236990 74.906175 108.956374
-135.911578 76.045110 110.455626
-136.586165 77.184046 111.954878
-137.260753 78.322981 113.454131
-137.935341 79.461917 114.953383
-138.609928 80.600852 116.452635
-139.284516 81.739788 117.951888
-139.959104 82.878723 119.451140
-140.633691 84.017659 120.950392
-141.308279 85.156594 122.449644
-141.982867 86.295530 123.948897
-142.657454 87.434465 125.448149
-143.332042 88.573401 126.947401
-144.006630 89.712336 128.446654
-144.681217 90.851272 129.945906
-145.355805 91.990207 131.445158
-146.030393 93.129143 132.944410
-146.704980 94.268078 134.443663
-147.379568 95.407014 135.942915
-148.054156 96.545949 137.442167
-148.728743 97.684884 138.941420
-149.403331 98.823820 140.440672
175.299700 67.326072 208.012823
176.443587 65.687238 208.088608
177.587474 64.048403 208.164394
178.731362 62.409569 208.240180
179.875249 60.770734 208.315966
181.019136 59.131900 208.391751
182.163023 57.493065 208.467537
183.306911 55.854231 208.543323
184.450798 54.215396 208.619109
185.594685 52.576562 208.694894
186.738572 50.937727 208.770680
187.882459 49.298893 208.846466
189.026347 47.660058 208.922252
190.170234 46.021224 208.998038
191.314121 44.382389 209.073823
192.458008 42.743555 209.149609
193.601896 41.104720 209.225395
194.745783 39.465886 209.301181
195.889670 37.827051 209.376966
197.033557 36.188217 209.452752
198.177444 34.549382 209.528538
199.321332 32.910548 209.604324
200.465219 31.271713 209.680109
201.609106 29.632879 209.755895
202.752993 27.994044 209.831681
203.896881 26.355210 209.907467
205.040768 24.716375 209.983252
206.184655 23.077541 210.059038
207.328542 21.438706 210.134824
208.472429 19.799872 210.210610
209.616317 18.161037 210.286396
210.760204 16.522203 210.362181
211.904091 14.883368 210.437967
213.047978 13.244534 210.513753
214.191866 11.605699 210.589539
215.335753 9.966865 210.665324
216.479640 8.328030 210.741110
217.623527 6.689196 210.816896
218.767414 5.050361 210.892682
219.911302 3.411527 210.968467
221.055189 1.772692 211.044253
222.199076 0.133858 211.120039
223.342963 -1.504977 211.195825
224.486851 -3.143812 211.271611
225.630738 -4.782646 211.347396
226.774625 -6.421481 211.423182
227.918512 -8.060315 211.498968
229.062399 -9.699150 211.574754
230.206287 -11.337984 211.650539
231.350174 -12.976819 211.726325
232.494061 -14.615653 211.802111
233.637948 -16.254488 211.877897
234.781836 -17.893322 211.953682
235.925723 -19.532157 212.029468
237.069610 -21.170991 212.105254
238.213497 -22.809826 212.181040
239.357384 -24.448660 212.256826
240.501272 -26.087495 212.332611
241.645159 -27.726329 212.408397
242.789046 -29.365164 212.484183
243.932933 -31.003998 212.559969
245.076821 -32.642833 212.635754
246.220708 -34.281667 212.711540
247.364595 -35.920502 212.787326
248.508482 -37.559336 212.863112
249.652369 -39.198171 212.938897
250.796257 -40.837005 213.014683
251.940144 -42.475840 213.090469
253.084031 -44.114674 213.166255
254.227918 -45.753509 213.242040
-238.678581 -217.208573 30.630368
-238.011509 -217.813774 32.416074
-237.344437 -218.418975 34.201780
-236.677365 -219.024177 35.987486
-236.010293 -219.629378 37.773192
-235.343220 -220.234579 39.558898
-234.676148 -220.839780 41.344604
-234.009076 -221.444981 43.130310
-233.342004 -222.050182 44.916016
-232.674932 -222.655383 46.701723
-232.007859 -223.260584 48.487429
-231.340787 -223.865785 50.273135
-230.673715 -224.470987 52.058841
-230.006643 -225.076188 53.844547
-229.339571 -225.681389 55.630253
-228.672498 -226.286590 57.415959
-228.005426 -226.891791 59.201665
-227.338354 -227.496992 60.987371
-226.671282 -228.102193 62.773077
-226.004210 -228.707394 64.558784
-225.337137 -229.312595 66.344490
-224.670065 -229.917797 68.130196
-224.002993 -230.522998 69.915902
-223.335921 -231.128199 71.701608
-222.668848 -231.733400 73.487314
-222.001776 -232.338601 75.273020
-221.334704 -232.943802 77.058726
-220.667632 -233.549003 78.844432
-220.000560 -234.154204 80.630139
-219.333487 -234.759405 82.415845
-218.666415 -235.364606 84.201551
-217.999343 -235.969808 85.987257
-217.332271 -236.575009 87.772963
-216.665199 -237.180210 89.558669
-215.998126 -237.785411 91.344375
-215.331054 -238.390612 93.130081
-214.663982 -238.995813 94.915787
-213.996910 -239.601014 96.701493
-213.329838 -240.206215 98.487200
-212.662765 -240.811416 100.272906
-211.995693 -241.416618 102.058612
-211.328621 -242.021819 103.844318
-210.661549 -242.627020 105.630024
-209.994477 -243.232221 107.415730
-209.327404 -243.837422 109.201436
-208.660332 -244.442623 110.987142
-207.993260 -245.047824 112.772848
-207.326188 -245.653025 114.558555
-206.659116 -246.258226 116.344261
-205.992043 -246.863427 118.129967
-205.324971 -247.468629 119.915673
-204.657899 -248.073830 121.701379
-203.990827 -248.679031 123.487085
-203.323755 -249.284232 125.272791
-202.656682 -249.889433 127.058497
-201.989610 -250.494634 128.844203
-201.322538 -251.099835 130.629909
-200.655466 -251.705036 132.415616
-199.988393 -252.310237 134.201322
-199.321321 -252.915439 135.987028
-198.654249 -253.520640 137.772734
-197.987177 -254.125841 139.558440
-197.320105 -254.731042 141.344146
-196.653032 -255.336243 143.129852
-195.985960 -255.941444 144.915558
-195.318888 -256.546645 146.701264
-194.651816 -257.151846 148.486971
-193.984744 -257.757047 150.272677
-193.317671 -258.362249 152.058383
-192.650599 -258.967450 153.844089
181.040347 208.016456 97.162696
180.951247 208.753337 99.019862
180.862146 209.490218 100.877029
180.773046 210.227099 102.734195
180.683946 210.963979 104.591362
180.594845 211.700860 106.448529
180.505745 212.437741 108.305695
180.416645 213.174622 110.162862
180.327544 213.911503 112.020028
180.238444 214.648384 113.877195
180.149344 215.385265 115.734361
180.060243 216.122146 117.591528
179.971143 216.859027 119.448694
179.882043 217.595908 121.305861
179.792942 218.332789 123.163028
179.703842 219.069670 125.020194
179.614742 219.806551 126.877361
179.525641 220.543432 128.734527
179.436541 221.280312 130.591694
179.347441 222.017193 132.448860
179.258340 222.754074 134.306027
179.169240 223.490955 136.163193
179.080140 224.227836 138.020360
178.991039 224.964717 139.877527
178.901939 225.701598 141.734693
178.812839 226.438479 143.591860
178.723738 227.175360 145.449026
178.634638 227.912241 147.306193
178.545538 228.649122 149.163359
178.456438 229.386003 151.020526
178.367337 230.122884 152.877693
178.278237 230.859765 154.734859
178.189137 231.596646 156.592026
178.100036 232.333526 158.449192
178.010936 233.070407 160.306359
177.921836 233.807288 162.163525
177.832735 234.544169 164.020692
177.743635 235.281050 165.877858
177.654535 236.017931 167.735025
177.565434 236.754812 169.592192
177.476334 237.491693 171.449358
177.387234 238.228574 173.306525
177.298133 238.965455 175.163691
177.209033 239.702336 177.020858
177.119933 240.439217 178.878024
177.030832 241.176098 180.735191
176.941732 241.912979 182.592357
176.852632 242.649860 184.449524
176.763531 243.386740 186.306691
176.674431 244.123621 188.163857
176.585331 244.860502 190.021024
176.496230 245.597383 191.878190
176.407130 246.334264 193.735357
176.318030 247.071145 195.592523
176.228929 247.808026 197.449690
176.139829 248.544907 199.306856
176.050729 249.281788 201.164023
175.961628 250.018669 203.021190
175.872528 250.755550 204.878356
175.783428 251.492431 206.735523
175.694328 252.229312 208.592689
175.605227 252.966193 210.449856
175.516127 253.703074 212.307022
175.427027 254.439954 214.164189
175.337926 255.176835 216.021355
175.248826 255.913716 217.878522
175.159726 256.650597 219.735689
175.070625 257.387478 221.592855
174.981525 258.124359 223.450022
174.892425 258.861240 225.307188
19.343707 -298.642296 123.352520
19.555056 -296.706571 122.896119
19.766405 -294.770847 122.439718
19.977754 -292.835122 121.983317
20.189104 -290.899398 121.526915
20.400453 -288.963673 121.070514
20.611802 -287.027949 120.614113
20.823151 -285.092224 120.157712
21.034500 -283.156500 119.701311
21.245850 -281.220775 119.244910
21.457199 -279.285050 118.788509
21.668548 -277.349326 118.332108
21.879897 -275.413601 117.875707
22.091246 -273.477877 117.419306
22.302595 -271.542152 116.962905
22.513945 -269.606428 116.506504
22.725294 -267.670703 116.050103
22.936643 -265.734978 115.593701
23.147992 -263.799254 115.137300
23.359341 -261.863529 114.680899
23.570691 -259.927805 114.224498
23.782040 -257.992080 113.768097
23.993389 -256.056356 113.311696
24.204738 -254.120631 112.855295
24.416087 -252.184907 112.398894
24.627437 -250.249182 111.942493
24.838786 -248.313457 111.486092
25.050135 -246.377733 111.029691
25.261484 -244.442008 110.573290
25.472833 -242.506284 110.116889
25.684183 -240.570559 109.660487
25.895532 -238.634835 109.204086
26.106881 -236.699110 108.747685
26.318230 -234.763386 108.291284
26.529579 -232.827661 107.834883
26.740928 -230.891936 107.378482
26.952278 -228.956212 106.922081
27.163627 -227.020487 106.465680
27.374976 -225.084763 106.009279
27.586325 -223.149038 105.552878
27.797674 -221.213314 105.096477
28.009024 -219.277589 104.640076
28.220373 -217.341864 104.183674
28.431722 -215.406140 103.727273
28.643071 -213.470415 103.270872
28.854420 -211.534691 102.814471
29.065770 -209.598966 102.358070
29.277119 -207.663242 101.901669
29.488468 -205.727517 101.445268
29.699817 -203.791793 100.988867
29.911166 -201.856068 100.532466
30.122516 -199.920343 100.076065
30.333865 -197.984619 99.619664
30.545214 -196.048894 99.163263
30.756563 -194.113170 98.706862
30.967912 -192.177445 98.250460
31.179262 -190.241721 97.794059
31.390611 -188.305996 97.337658
31.601960 -186.370272 96.881257
31.813309 -184.434547 96.424856
32.024658 -182.498822 95.968455
32.236007 -180.563098 95.512054
32.447357 -178.627373 95.055653
32.658706 -176.691649 94.599252
32.870055 -174.755924 94.142851
33.081404 -172.820200 93.686450
33.292753 -170.884475 93.230049
33.504103 -168.948750 92.773647
33.715452 -167.013026 92.317246
33.926801 -165.077301 91.860845
186.177995 -146.054206 258.596603
184.935719 -146.047913 257.029213
183.693443 -146.041621 255.461824
182.451167 -146.035328 253.894434
181.208891 -146.029036 252.327044
179.966615 -146.022743 250.759655
178.724339 -146.016451 249.192265
177.482063 -146.010158 247.624875
176.239787 -146.003865 246.057485
174.997510 -145.997573 244.490096
173.755234 -145.991280 242.922706
172.512958 -145.984988 241.355316
171.270682 -145.978695 239.787927
170.028406 -145.972403 238.220537
168.786130 -145.966110 236.653147
167.543854 -145.959818 235.085758
166.301578 -145.953525 233.518368
165.059302 -145.947233 231.950978
163.817025 -145.940940 230.383588
162.574749 -145.934648 228.816199
161.332473 -145.928355 227.248809
160.090197 -145.922062 225.681419
158.847921 -145.915770 224.114030
157.605645 -145.909477 222.546640
156.363369 -145.903185 220.979250
155.121093 -145.896892 219.411861
153.878817 -145.890600 217.844471
152.636540 -145.884307 216.277081
151.394264 -145.878015 214.709692
150.151988 -145.871722 213.142302
148.909712 -145.865430 211.574912
147.667436 -145.859137 210.007522
146.425160 -145.852845 208.440133
145.182884 -145.846552 206.872743
143.940608 -145.840259 205.305353
142.698332 -145.833967 203.737964
141.456055 -145.827674 202.170574
140.213779 -145.821382 200.603184
138.971503 -145.815089 199.035795
137.729227 -145.808797 197.468405
136.486951 -145.802504 195.901015
135.244675 -145.796212 194.333625
134.002399 -145.789919 192.766236
132.760123 -145.783627 191.198846
131.517847 -145.777334 189.631456
130.275570 -145.771042 188.064067
129.033294 -145.764749 186.496677
127.791018 -145.758456 184.929287
126.548742 -145.752164 183.361898
125.306466 -145.745871 181.794508
124.064190 -145.739579 180.227118
122.821914 -145.733286 178.659728
121.579638 -145.726994 177.092339
120.337361 -145.720701 175.524949
119.095085 -145.714409 173.957559
117.852809 -145.708116 172.390170
116.610533 -145.701824 170.822780
115.368257 -145.695531 169.255390
114.125981 -145.689239 167.688001
112.883705 -145.682946 166.120611
111.641429 -145.676654 164.553221
110.399153 -145.670361 162.985831
109.156876 -145.664068 161.418442
107.914600 -145.657776 159.851052
106.672324 -145.651483 158.283662
105.430048 -145.645191 156.716273
104.187772 -145.638898 155.148883
102.945496 -145.632606 153.581493
101.703220 -145.626313 152.014104
100.460944 -145.620021 150.446714
80.567853 -272.322316 -53.340969
78.700413 -272.511285 -54.031592
76.832973 -272.700254 -54.722214
74.965533 -272.889223 -55.412837
73.098093 -273.078192 -56.103459
71.230654 -273.267161 -56.794081
69.363214 -273.456130 -57.484704
67.495774 -273.645100 -58.175326
65.628334 -273.834069 -58.865949
63.760894 -274.023038 -59.556571
61.893455 -274.212007 -60.247193
60.026015 -274.400976 -60.937816
58.158575 -274.589945 -61.628438
56.291135 -274.778914 -62.319061
54.423695 -274.967883 -63.009683
52.556256 -275.156852 -63.700306
50.688816 -275.345821 -64.390928
48.821376 -275.534790 -65.081550
46.953936 -275.723759 -65.772173
45.086497 -275.912728 -66.462795
43.219057 -276.101697 -67.153418
41.351617 -276.290666 -67.844040
39.484177 -276.479635 -68.534662
37.616737 -276.668605 -69.225285
35.749298 -276.857574 -69.915907
33.881858 -277.046543 -70.606530
32.014418 -277.235512 -71.297152
30.146978 -277.424481 -71.987774
28.279538 -277.613450 -72.678397
26.412099 -277.802419 -73.369019
24.544659 -277.991388 -74.059642
22.677219 -278.180357 -74.750264
20.809779 -278.369326 -75.440887
18.942339 -278.558295 -76.131509
17.074900 -278.747264 -76.822131
15.207460 -278.936233 -77.512754
13.340020 -279.125202 -78.203376
11.472580 -279.314171 -78.893999
9.605140 -279.503141 -79.584621
7.737701 -279.692110 -80.275243
5.870261 -279.881079 -80.965866
4.002821 -280.070048 -81.656488
2.135381 -280.259017 -82.347111
0.267942 -280.447986 -83.037733
-1.599498 -280.636955 -83.728356
-3.466938 -280.825924 -84.418978
-5.334378 -281.014893 -85.109600
-7.201818 -281.203862 -85.800223
-9.069257 -281.392831 -86.490845
-10.936697 -281.581800 -87.181468
-12.804137 -281.770769 -87.872090
-14.671577 -281.959738 -88.562712
-16.539017 -282.148707 -89.253335
-18.406456 -282.337676 -89.943957
-20.273896 -282.526646 -90.634580
-22.141336 -282.715615 -91.325202
-24.008776 -282.904584 -92.015825
-25.876216 -283.093553 -92.706447
-27.743655 -283.282522 -93.397069
-29.611095 -283.471491 -94.087692
-31.478535 -283.660460 -94.778314
-33.345975 -283.849429 -95.468937
-35.213415 -284.038398 -96.159559
-37.080854 -284.227367 -96.850181
-38.948294 -284.416336 -97.540804
-40.815734 -284.605305 -98.231426
-42.683174 -284.794274 -98.922049
-44.550613 -284.983243 -99.612671
-46.418053 -285.172212 -100.303293
-48.285493 -285.361182 -100.993916
-120.798762 -158.051508 128.119387
-119.449026 -156.591528 128.335421
-118.099290 -155.131548 128.551455
-116.749554 -153.671568 128.767490
-115.399818 -152.211588 128.983524
-114.050082 -150.751608 129.199558
-112.700346 -149.291628 129.415593
-111.350610 -147.831648 129.631627
-110.000874 -146.371668 129.847661
-108.651138 -144.911688 130.063696
-107.301401 -143.451708 130.279730
-105.951665 -141.991728 130.495764
-104.601929 -140.531748 130.711799
-103.252193 -139.071768 130.927833
-101.902457 -137.611788 131.143867
-100.552721 -136.151808 131.359902
-99.202985 -134.691828 131.575936
-97.853249 -133.231848 131.791970
-96.503513 -131.771868 132.008005
-95.153777 -130.311888 132.224039
-93.804040 -128.851908 132.440073
-92.454304 -127.391928 132.656108
-91.104568 -125.931948 132.872142
-89.754832 -124.471968 133.088176
-88.405096 -123.011988 133.304211
-87.055360 -121.552008 133.520245
-85.705624 -120.092028 133.736280
-84.355888 -118.632048 133.952314
-83.006152 -117.172068 134.168348
-81.656416 -115.712088 134.384383
-80.306680 -114.252108 134.600417
-78.956943 -112.792128 134.816451
-77.607207 -111.332148 135.032486
-76.257471 -109.872168 135.248520
-74.907735 -108.412188 135.464554
-73.557999 -106.952208 135.680589
-72.208263 -105.492228 135.896623
-70.858527 -104.032248 136.112657
-69.508791 -102.572268 136.328692
-68.159055 -101.112288 136.544726
-66.809319 -99.652308 136.760760
-65.459582 -98.192328 136.976795
-64.109846 -96.732348 137.192829
-62.760110 -95.272368 137.408863
-61.410374 -93.812388 137.624898
-60.060638 -92.352408 137.840932
-58.710902 -90.892428 138.056966
-57.361166 -89.432448 138.273001
-56.011430 -87.972468 138.489035
-54.661694 -86.512488 138.705069
-53.311958 -85.052508 138.921104
-51.962222 -83.592528 139.137138
-50.612485 -82.132548 139.353172
-49.262749 -80.672568 139.569207
-47.913013 -79.212588 139.785241
-46.563277 -77.752608 140.001276
-45.213541 -76.292628 140.217310
-43.863805 -74.832648 140.433344
-42.514069 -73.372668 140.649379
-41.164333 -71.912688 140.865413
-39.814597 -70.452708 141.081447
-38.464861 -68.992728 141.297482
-37.115124 -67.532748 141.513516
-35.765388 -66.072768 141.729550
-34.415652 -64.612788 141.945585
-33.065916 -63.152807 142.161619
-31.716180 -61.692827 142.377653
-30.366444 -60.232847 142.593688
-29.016708 -58.772867 142.809722
-27.666972 -57.312887 143.025756
61.489988 157.569941 -143.722716
61.143901 157.178609 -145.653282
60.797813 156.787277 -147.583847
60.451726 156.395946 -149.514413
60.105638 156.004614 -151.444978
59.759551 155.613283 -153.375543
59.413464 155.221951 -155.306109
59.067376 154.830620 -157.236674
58.721289 154.439288 -159.167240
58.375201 154.047956 -161.097805
58.029114 153.656625 -163.028371
57.683026 153.265293 -164.958936
57.336939 152.873962 -166.889502
56.990852 152.482630 -168.820067
56.644764 152.091299 -170.750633
56.298677 151.699967 -172.681198
55.952589 151.308635 -174.611764
55.606502 150.917304 -176.542329
55.260414 150.525972 -178.472895
54.914327 150.134641 -180.403460
54.568240 149.743309 -182.334026
54.222152 149.351978 -184.264591
53.876065 148.960646 -186.195157
53.529977 148.569314 -188.125722
53.183890 148.177983 -190.056288
52.837802 147.786651 -191.986853
52.491715 147.395320 -193.917419
52.145628 147.003988 -195.847984
51.799540 146.612657 -197.778550
51.453453 146.221325 -199.709115
51.107365 145.829993 -201.639681
50.761278 145.438662 -203.570246
50.415190 145.047330 -205.500812
50.069103 144.655999 -207.431377
49.723016 144.264667 -209.361943
49.376928 143.873336 -211.292508
49.030841 143.482004 -213.223074
48.684753 143.090672 -215.153639
48.338666 142.699341 -217.084204
47.992578 142.308009 -219.014770
47.646491 141.916678 -220.945335
47.300404 141.525346 -222.875901
46.954316 141.134015 -224.806466
46.608229 140.742683 -226.737032
46.262141 140.351351 -228.667597
45.916054 139.960020 -230.598163
45.569966 139.568688 -232.528728
45.223879 139.177357 -234.459294
44.877792 138.786025 -236.389859
44.531704 138.394694 -238.320425
44.185617 138.003362 -240.250990
43.839529 137.612030 -242.181556
43.493442 137.220699 -244.112121
43.147354 136.829367 -246.042687
42.801267 136.438036 -247.973252
42.455180 136.046704 -249.903818
42.109092 135.655373 -251.834383
41.763005 135.264041 -253.764949
41.416917 134.872709 -255.695514
41.070830 134.481378 -257.626080
40.724742 134.090046 -259.556645
40.378655 133.698715 -261.487211
40.032568 133.307383 -263.417776
39.686480 132.916052 -265.348342
39.340393 132.524720 -267.278907
38.994305 132.133388 -269.209473
38.648218 131.742057 -271.140038
38.302130 131.350725 -273.070604
37.956043 130.959394 -275.001169
37.609956 130.568062 -276.931735
93.241758 188.032217 -181.152921
93.023910 186.398153 -182.285343
92.806062 184.764090 -183.417765
92.588213 183.130027 -184.550187
92.370365 181.495964 -185.682609
92.152516 179.861900 -186.815031
91.934668 178.227837 -187.947453
91.716819 176.593774 -189.079875
91.498971 174.959711 -190.212296
91.281123 173.325647 -191.344718
91.063274 171.691584 -192.477140
90.845426 170.057521 -193.609562
90.627577 168.423458 -194.741984
90.409729 166.789394 -195.874406
90.191881 165.155331 -197.006828
89.974032 163.521268 -198.139250
89.756184 161.887205 -199.271672
89.538335 160.253141 -200.404094
89.320487 158.619078 -201.536516
89.102638 156.985015 -202.668937
88.884790 155.350952 -203.801359
88.666942 153.716888 -204.933781
88.449093 152.082825 -206.066203
88.231245 150.448762 -207.198625
88.013396 148.814699 -208.331047
87.795548 147.180635 -209.463469
87.577700 145.546572 -210.595891
87.359851 143.912509 -211.728313
87.142003 142.278446 -212.860735
86.924154 140.644382 -213.993156
86.706306 139.010319 -215.125578
86.488458 137.376256 -216.258000
86.270609 135.742193 -217.390422
86.052761 134.108129 -218.522844
85.834912 132.474066 -219.655266
85.617064 130.840003 -220.787688
85.399215 129.205940 -221.920110
85.181367 127.571876 -223.052532
84.963519 125.937813 -224.184954
84.745670 124.303750 -225.317375
84.527822 122.669687 -226.449797
84.309973 121.035623 -227.582219
84.092125 119.401560 -228.714641
83.874277 117.767497 -229.847063
83.656428 116.133434 -230.979485
83.438580 114.499370 -232.111907
83.220731 112.865307 -233.244329
83.002883 111.231244 -234.376751
82.785035 109.597181 -235.509173
82.567186 107.963117 -236.641594
82.349338 106.329054 -237.774016
82.131489 104.694991 -238.906438
81.913641 103.060928 -240.038860
81.695792 101.426864 -241.171282
81.477944 99.792801 -242.303704
81.260096 98.158738 -243.436126
81.042247 96.524675 -244.568548
80.824399 94.890611 -245.700970
80.606550 93.256548 -246.833392
80.388702 91.622485 -247.965813
80.170854 89.988422 -249.098235
79.953005 88.354358 -250.230657
79.735157 86.720295 -251.363079
79.517308 85.086232 -252.495501
79.299460 83.452169 -253.627923
79.081612 81.818105 -254.760345
78.863763 80.184042 -255.892767
78.645915 78.549979 -257.025189
78.428066 76.915916 -258.157611
78.210218 75.281852 -259.290032
65.684021 -77.570070 115.447525
67.025918 -76.108676 115.699798
68.367815 -74.647283 115.952071
69.709712 -73.185890 116.204344
71.051609 -71.724496 116.456617
72.393506 -70.263103 116.708891
73.735403 -68.801709 116.961164
75.077300 -67.340316 117.213437
76.419196 -65.878922 117.465710
77.761093 -64.417529 117.717983
79.102990 -62.956135 117.970257
80.444887 -61.494742 118.222530
81.786784 -60.033348 118.474803
83.128681 -58.571955 118.727076
84.470578 -57.110562 118.979349
85.812475 -55.649168 119.231623
87.154372 -54.187775 119.483896
88.496269 -52.726381 119.736169
89.838166 -51.264988 119.988442
91.180063 -49.803594 120.240715
92.521960 -48.342201 120.492988
93.863857 -46.880807 120.745262
95.205754 -45.419414 120.997535
96.547651 -43.958020 121.249808
97.889548 -42.496627 121.502081
99.231444 -41.035233 121.754354
100.573341 -39.573840 122.006628
101.915238 -38.112447 122.258901
103.257135 -36.651053 122.511174
104.599032 -35.189660 122.763447
105.940929 -33.728266 123.015720
107.282826 -32.266873 123.267994
108.624723 -30.805479 123.520267
109.966620 -29.344086 123.772540
111.308517 -27.882692 124.024813
112.650414 -26.421299 124.277086
113.992311 -24.959905 124.529360
115.334208 -23.498512 124.781633
116.676105 -22.037119 125.033906
118.018002 -20.575725 125.286179
119.359899 -19.114332 125.538452
120.701795 -17.652938 125.790726
122.043692 -16.191545 126.042999
123.385589 -14.730151 126.295272
124.727486 -13.268758 126.547545
126.069383 -11.807364 126.799818
127.411280 -10.345971 127.052092
128.753177 -8.884577 127.304365
130.095074 -7.423184 127.556638
131.436971 -5.961790 127.808911
132.778868 -4.500397 128.061184
134.120765 -3.039004 128.313458
135.462662 -1.577610 128.565731
136.804559 -0.116217 128.818004
138.146456 1.345177 129.070277
139.488353 2.806570 129.322550
140.830250 4.267964 129.574824
142.172146 5.729357 129.827097
143.514043 7.190751 130.079370
144.855940 8.652144 130.331643
146.197837 10.113538 130.583916
147.539734 11.574931 130.836190
148.881631 13.036324 131.088463
150.223528 14.497718 131.340736
151.565425 15.959111 131.593009
152.907322 17.420505 131.845282
154.249219 18.881898 132.097555
155.591116 20.343292 132.349829
156.933013 21.804685 132.602102
158.274910 23.266079 132.854375
159.580508 -163.240279 -9.289896
161.379759 -163.698816 -8.546633
163.179010 -164.157352 -7.803370
164.978261 -164.615889 -7.060107
166.777512 -165.074426 -6.316844
168.576763 -165.532963 -5.573581
170.376015 -165.991500 -4.830318
172.175266 -166.450036 -4.087055
173.974517 -166.908573 -3.343792
175.773768 -167.367110 -2.600529
177.573019 -167.825647 -1.857266
179.372270 -168.284183 -1.114003
181.171521 -168.742720 -0.370740
182.970772 -169.201257 0.372523
184.770023 -169.659794 1.115786
186.569274 -170.118331 1.859049
188.368525 -170.576867 2.602312
190.167776 -171.035404 3.345575
191.967027 -171.493941 4.088838
193.766278 -171.952478 4.832101
195.565529 -172.411014 5.575364
197.364780 -172.869551 6.318627
199.164031 -173.328088 7.061890
200.963282 -173.786625 7.805153
202.762533 -174.245162 8.548416
204.561784 -174.703698 9.291679
206.361035 -175.162235 10.034942
208.160286 -175.620772 10.778205
209.959537 -176.079309 11.521467
211.758788 -176.537845 12.264730
213.558039 -176.996382 13.007993
215.357290 -177.454919 13.751256
217.156541 -177.913456 14.494519
218.955792 -178.371993 15.237782
220.755043 -178.830529 15.981045
222.554294 -179.289066 16.724308
224.353545 -179.747603 17.467571
226.152796 -180.206140 18.210834
227.952047 -180.664676 18.954097
229.751298 -181.123213 19.697360
231.550549 -181.581750 20.440623
233.349800 -182.040287 21.183886
235.149051 -182.498824 21.927149
236.948302 -182.957360 22.670412
238.747553 -183.415897 23.413675
240.546804 -183.874434 24.156938
242.346055 -184.332971 24.900201
244.145306 -184.791507 25.643464
245.944557 -185.250044 26.386727
247.743808 -185.708581 27.129990
249.543059 -186.167118 27.873253
251.342310 -186.625655 28.616516
253.141561 -187.084191 29.359779
254.940812 -187.542728 30.103042
256.740063 -188.001265 30.846305
258.539314 -188.459802 31.589568
260.338565 -188.918338 32.332831
262.137816 -189.376875 33.076094
263.937067 -189.835412 33.819357
265.736318 -190.293949 34.562620
267.535569 -190.752486 35.305883
269.334820 -191.211022 36.049146
271.134071 -191.669559 36.792409
272.933322 -192.128096 37.535672
274.732573 -192.586633 38.278935
276.531824 -193.045169 39.022198
278.331075 -193.503706 39.765461
280.130326 -193.962243 40.508724
281.929577 -194.420780 41.251987
283.728828 -194.879317 41.995250
-93.646340 -18.293351 92.142551
-94.055128 -16.616886 93.153667
-94.463916 -14.940420 94.164782
-94.872704 -13.263954 95.175897
-95.281492 -11.587488 96.187013
-95.690280 -9.911022 97.198128
-96.099068 -8.234556 98.209244
-96.507856 -6.558090 99.220359
-96.916645 -4.881624 100.231474
-97.325433 -3.205158 101.242590
-97.734221 -1.528692 102.253705
-98.143009 0.147773 103.264821
-98.551797 1.824239 104.275936
-98.960585 3.500705 105.287051
-99.369373 5.177171 106.298167
-99.778161 6.853637 107.309282
-100.186949 8.530103 108.320398
-100.595737 10.206569 109.331513
-101.004525 11.883035 110.342628
-101.413314 13.559501 111.353744
-101.822102 15.235967 112.364859
-102.230890 16.912433 113.375975
-102.639678 18.588898 114.387090
-103.048466 20.265364 115.398205
-103.457254 21.941830 116.409321
-103.866042 23.618296 117.420436
-104.274830 25.294762 118.431552
-104.683618 26.971228 119.442667
-105.092406 28.647694 120.453782
-105.501194 30.324160 121.464898
-105.909982 32.000626 122.476013
-106.318771 33.677092 123.487129
-106.727559 35.353558 124.498244
-107.136347 37.030023 125.509360
-107.545135 38.706489 126.520475
-107.953923 40.382955 127.531590
-108.362711 42.059421 128.542706
-108.771499 43.735887 129.553821
-109.180287 45.412353 130.564937
-109.589075 47.088819 131.576052
-109.997863 48.765285 132.587167
-110.406651 50.441751 133.598283
-110.815440 52.118217 134.609398
-111.224228 53.794682 135.620514
-111.633016 55.471148 136.631629
-112.041804 57.147614 137.642744
-112.450592 58.824080 138.653860
-112.859380 60.500546 139.664975
-113.268168 62.177012 140.676091
-113.676956 63.853478 141.687206
-114.085744 65.529944 142.698321
-114.494532 67.206410 143.709437
-114.903320 68.882876 144.720552
-115.312109 70.559342 145.731668
-115.720897 72.235807 146.742783
-116.129685 73.912273 147.753898
-116.538473 75.588739 148.765014
-116.947261 77.265205 149.776129
-117.356049 78.941671 150.787245
-117.764837 80.618137 151.798360
-118.173625 82.294603 152.809475
-118.582413 83.971069 153.820591
-118.991201 85.647535 154.831706
-119.399989 87.324001 155.842822
-119.808777 89.000466 156.853937
-120.217566 90.676932 157.865053
-120.626354 92.353398 158.876168
-121.035142 94.029864 159.887283
-121.443930 95.706330 160.898399
-121.852718 97.382796 161.909514
-203.533608 185.864788 201.587799
-202.779895 184.068422 201.135045
-202.026182 182.272056 200.682291
-201.272469 180.475690 200.229538
-200.518756 178.679324 199.776784
-199.765043 176.882958 199.324030
-199.011330 175.086592 198.871276
-198.257617 173.290226 198.418523
-197.503903 171.493860 197.965769
-196.750190 169.697494 197.513015
-195.996477 167.901128 197.060261
-195.242764 166.104762 196.607507
-194.489051 164.308396 196.154754
-193.735338 162.512030 195.702000
-192.981625 160.715664 195.249246
-192.227912 158.919298 194.796492
-191.474199 157.122932 194.343739
-190.720486 155.326566 193.890985
-189.966773 153.530200 193.438231
-189.213060 151.733834 192.985477
-188.459347 149.937468 192.532724
-187.705634 148.141102 192.079970
-186.951921 146.344737 191.627216
-186.198208 144.548371 191.174462
-185.444495 142.752005 190.721709
-184.690782 140.955639 190.268955
-183.937069 139.159273 189.816201
-183.183356 137.362907 189.363447
-182.429643 135.566541 188.910694
-181.675930 133.770175 188.457940
-180.922216 131.973809 188.005186
-180.168503 130.177443 187.552432
-179.414790 128.381077 187.099679
-178.661077 126.584711 186.646925
-177.907364 124.788345 186.194171
-177.153651 122.991979 185.741417
-176.399938 121.195613 185.288664
-175.646225 119.399247 184.835910
-174.892512 117.602881 184.383156
-174.138799 115.806515 183.930402
-173.385086 114.010149 183.477649
-172.631373 112.213783 183.024895
-171.877660 110.417417 182.572141
-171.123947 108.621051 182.119387
-170.370234 106.824685 181.666634
-169.616521 105.028319 181.213880
-168.862808 103.231953 180.761126
-168.109095 101.435587 180.308372
-167.355382 99.639221 179.855619
-166.601669 97.842855 179.402865
-165.847956 96.046489 178.950111
-165.094243 94.250123 178.497357
-164.340530 92.453758 178.044604
-163.586816 90.657392 177.591850
-162.833103 88.861026 177.139096
-162.079390 87.064660 176.686342
-161.325677 85.268294 176.233589
-160.571964 83.471928 175.780835
-159.818251 81.675562 175.328081
-159.064538 79.879196 174.875327
-158.310825 78.082830 174.422574
-157.557112 76.286464 173.969820
-156.803399 74.490098 173.517066
-156.049686 72.693732 173.064312
-155.295973 70.897366 172.611559
-154.542260 69.101000 172.158805
-153.788547 67.304634 171.706051
-153.034834 65.508268 171.253297
-152.281121 63.711902 170.800543
-151.527408 61.915536 170.347790
-196.333787 -238.551596 185.623490
-195.961337 -238.114406 183.707727
-195.588888 -237.677216 181.791964
-195.216438 -237.240026 179.876202
-194.843989 -236.802836 177.960439
-194.471540 -236.365646 176.044677
-194.099090 -235.928456 174.128914
-193.726641 -235.491266 172.213151
-193.354191 -235.054076 170.297389
-192.981742 -234.616886 168.381626
-192.609293 -234.179696 166.465864
-192.236843 -233.742506 164.550101
-191.864394 -233.305316 162.634338
-191.491944 -232.868126 160.718576
-191.119495 -232.430936 158.802813
-190.747046 -231.993746 156.887051
-190.374596 -231.556556 154.971288
-190.002147 -231.119366 153.055525
-189.629698 -230.682176 151.139763
-189.257248 -230.244986 149.224000
-188.884799 -229.807796 147.308238
-188.512349 -229.370606 145.392475
-188.139900 -228.933416 143.476712
-187.767451 -228.496226 141.560950
-187.395001 -228.059036 139.645187
-187.022552 -227.621846 137.729425
-186.650102 -227.184656 135.813662
-186.277653 -226.747466 133.897899
-185.905204 -226.310276 131.982137
-185.532754 -225.873086 130.066374
-185.160305 -225.435896 128.150612
-184.787855 -224.998706 126.234849
-184.415406 -224.561516 124.319086
-184.042957 -224.124326 122.403324
-183.670507 -223.687136 120.487561
-183.298058 -223.249946 118.571799
-182.925609 -222.812756 116.656036
-182.553159 -222.375566 114.740273
-182.180710 -221.938376 112.824511
-181.808260 -221.501186 110.908748
-181.435811 -221.063996 108.992986
-181.063362 -220.626806 107.077223
-180.690912 -220.189616 105.161460
-180.318463 -219.752426 103.245698
-179.946013 -219.315236 101.329935
-179.573564 -218.878046 99.414173
-179.201115 -218.440856 97.498410
-178.828665 -218.003666 95.582647
-178.456216 -217.566476 93.666885
-178.083766 -217.129286 91.751122
-177.711317 -216.692096 89.835360
-177.338868 -216.254906 87.919597
-176.966418 -215.817716 86.003834
-176.593969 -215.380526 84.088072
-176.221520 -214.943336 82.172309
-175.849070 -214.506146 80.256547
-175.476621 -214.068955 78.340784
-175.104171 -213.631765 76.425021
-174.731722 -213.194575 74.509259
-174.359273 -212.757385 72.593496
-173.986823 -212.320195 70.677734
-173.614374 -211.883005 68.761971
-173.241924 -211.445815 66.846208
-172.869475 -211.008625 64.930446
-172.497026 -210.571435 63.014683
-172.124576 -210.134245 61.098921
-171.752127 -209.697055 59.183158
-171.379677 -209.259865 57.267395
-171.007228 -208.822675 55.351633
-170.634779 -208.385485 53.435870
-11.850064 47.845354 126.180809
-10.167098 47.596475 127.232324
-8.484132 47.347596 128.283839
-6.801166 47.098717 129.335354
-5.118200 46.849837 130.386869
-3.435234 46.600958 131.438385
-1.752267 46.352079 132.489900
-0.069301 46.103199 133.541415
1.613665 45.854320 134.592930
3.296631 45.605441 135.644445
4.979597 45.356562 136.695960
6.662563 45.107682 137.747476
8.345529 44.858803 138.798991
10.028495 44.609924 139.850506
11.711461 44.361044 140.902021
13.394428 44.112165 141.953536
15.077394 43.863286 143.005052
16.760360 43.614406 144.056567
18.443326 43.365527 145.108082
20.126292 43.116648 146.159597
21.809258 42.867769 147.211112
23.492224 42.618889 148.262628
25.175190 42.370010 149.314143
26.858156 42.121131 150.365658
28.541122 41.872251 151.417173
30.224089 41.623372 152.468688
31.907055 41.374493 153.520203
33.590021 41.125614 154.571719
35.272987 40.876734 155.623234
36.955953 40.627855 156.674749
38.638919 40.378976 157.726264
40.321885 40.130096 158.777779
42.004851 39.881217 159.829295
43.687817 39.632338 160.880810
45.370784 39.383458 161.932325
47.053750 39.134579 162.983840
48.736716 38.885700 164.035355
50.419682 38.636821 165.086871
52.102648 38.387941 166.138386
53.785614 38.139062 167.189901
55.468580 37.890183 168.241416
57.151546 37.641303 169.292931
58.834512 37.392424 170.344446
60.517478 37.143545 171.395962
62.200445 36.894666 172.447477
63.883411 36.645786 173.498992
65.566377 36.396907 174.550507
67.249343 36.148028 175.602022
68.932309 35.899148 176.653538
70.615275 35.650269 177.705053
72.298241 35.401390 178.756568
73.981207 35.152511 179.808083
75.664173 34.903631 180.859598
77.347139 34.654752 181.911113
79.030106 34.405873 182.962629
80.713072 34.156993 184.014144
82.396038 33.908114 185.065659
84.079004 33.659235 186.117174
85.761970 33.410355 187.168689
87.444936 33.161476 188.220205
89.127902 32.912597 189.271720
90.810868 32.663718 190.323235
92.493834 32.414838 191.374750
94.176801 32.165959 192.426265
95.859767 31.917080 193.477781
97.542733 31.668200 194.529296
99.225699 31.419321 195.580811
100.908665 31.170442 196.632326
102.591631 30.921563 197.683841
104.274597 30.672683 198.735356
-132.317737 181.726032 236.556417
-134.311953 181.873851 236.521017
-136.306169 182.021670 236.485618
-138.300385 182.169489 236.450219
-140.294600 182.317308 236.414819
-142.288816 182.465127 236.379420
-144.283032 182.612946 236.344021
-146.277248 182.760765 236.308622
-148.271463 182.908584 236.273222
-150.265679 183.056403 236.237823
-152.259895 183.204222 236.202424
-154.254111 183.352041 236.167024
-156.248326 183.499860 236.131625
-158.242542 183.647679 236.096226
-160.236758 183.795498 236.060826
-162.230974 183.943317 236.025427
-164.225189 184.091136 235.990028
-166.219405 184.238955 235.954628
-168.213621 184.386774 235.919229
-170.207837 184.534594 235.883830
-172.202052 184.682413 235.848431
-174.196268 184.830232 235.813031
-176.190484 184.978051 235.777632
-178.184700 185.125870 235.742233
-180.178915 185.273689 235.706833
-182.173131 185.421508 235.671434
-184.167347 185.569327 235.636035
-186.161563 185.717146 235.600635
-188.155778 185.864965 235.565236
-190.149994 186.012784 235.529837
-192.144210 186.160603 235.494437
-194.138425 186.308422 235.459038
-196.132641 186.456241 235.423639
-198.126857 186.604060 235.388239
-200.121073 186.751879 235.352840
-202.115288 186.899698 235.317441
-204.109504 187.047517 235.282042
-206.103720 187.195336 235.246642
-208.097936 187.343155 235.211243
-210.092151 187.490974 235.175844
-212.086367 187.638793 235.140444
-214.080583 187.786612 235.105045
-216.074799 187.934431 235.069646
-218.069014 188.082250 235.034246
-220.063230 188.230069 234.998847
-222.057446 188.377888 234.963448
-224.051662 188.525707 234.928048
-226.045877 188.673526 234.892649
-228.040093 188.821345 234.857250
-230.034309 188.969164 234.821850
-232.028525 189.116983 234.786451
-234.022740 189.264802 234.751052
-236.016956 189.412621 234.715653
-238.011172 189.560440 234.680253
-240.005388 189.708259 234.644854
-241.999603 189.856078 234.609455
-243.993819 190.003897 234.574055
-245.988035 190.151716 234.538656
-247.982251 190.299535 234.503257
-249.976466 190.447354 234.467857
-251.970682 190.595173 234.432458
-253.964898 190.742992 234.397059
-255.959114 190.890811 234.361659
-257.953329 191.038630 234.326260
-259.947545 191.186449 234.290861
-261.941761 191.334268 234.255461
-263.935976 191.482087 234.220062
-265.930192 191.629906 234.184663
-267.924408 191.777725 234.149264
-269.918624 191.925544 234.113864
-198.560777 154.550717 179.800276
-197.130039 155.911766 180.117343
-195.699300 157.272815 180.434410
-194.268561 158.633864 180.751477
-192.837822 159.994914 181.068543
-191.407083 161.355963 181.385610
-189.976345 162.717012 181.702677
-188.545606 164.078061 182.019744
-187.114867 165.439110 182.336811
-185.684128 166.800160 182.653878
-184.253389 168.161209 182.970945
-182.822651 169.522258 183.288012
-181.391912 170.883307 183.605079
-179.961173 172.244357 183.922146
-178.530434 173.605406 184.239212
-177.099695 174.966455 184.556279
-175.668956 176.327504 184.873346
-174.238218 177.688554 185.190413
-172.807479 179.049603 185.507480
-171.376740 180.410652 185.824547
-169.946001 181.771701 186.141614
-168.515262 183.132751 186.458681
-167.084524 184.493800 186.775748
-165.653785 185.854849 187.092814
-164.223046 187.215898 187.409881
-162.792307 188.576948 187.726948
-161.361568 189.937997 188.044015
-159.930830 191.299046 188.361082
-158.500091 192.660095 188.678149
-157.069352 194.021145 188.995216
-155.638613 195.382194 189.312283
-154.207874 196.743243 189.629350
-152.777135 198.104292 189.946417
-151.346397 199.465341 190.263483
-149.915658 200.826391 190.580550
-148.484919 202.187440 190.897617
-147.054180 203.548489 191.214684
-145.623441 204.909538 191.531751
-144.192703 206.270588 191.848818
-142.761964 207.631637 192.165885
-141.331225 208.992686 192.482952
-139.900486 210.353735 192.800019
-138.469747 211.714785 193.117086
-137.039009 213.075834 193.434152
-135.608270 214.436883 193.751219
-134.177531 215.797932 194.068286
-132.746792 217.158982 194.385353
-131.316053 218.520031 194.702420
-129.885315 219.881080 195.019487
-128.454576 221.242129 195.336554
-127.023837 222.603179 195.653621
-125.593098 223.964228 195.970688
-124.162359 225.325277 196.287754
-122.731620 226.686326 196.604821
-121.300882 228.047376 196.921888
-119.870143 229.408425 197.238955
-118.439404 230.769474 197.556022
-117.008665 232.130523 197.873089
-115.577926 233.491572 198.190156
-114.147188 234.852622 198.507223
-112.716449 236.213671 198.824290
-111.285710 237.574720 199.141357
-109.854971 238.935769 199.458423
-108.424232 240.296819 199.775490
-106.993494 241.657868 200.092557
-105.562755 243.018917 200.409624
-104.132016 244.379966 200.726691
-102.701277 245.741016 201.043758
-101.270538 247.102065 201.360825
-99.839799 248.463114 201.677892
-122.587837 150.906946 -33.849287
-121.309587 149.577001 -34.622154
-120.031338 148.247056 -35.395022
-118.753088 146.917111 -36.167889
-117.474839 145.587165 -36.940757
-116.196590 144.257220 -37.713624
-114.918340 142.927275 -38.486492
-113.640091 141.597330 -39.259359
-112.361841 140.267384 -40.032227
-111.083592 138.937439 -40.805094
-109.805343 137.607494 -41.577961
-108.527093 136.277549 -42.350829
-107.248844 134.947603 -43.123696
-105.970594 133.617658 -43.896564
-104.692345 132.287713 -44.669431
-103.414096 130.957768 -45.442299
-102.135846 129.627822 -46.215166
-100.857597 128.297877 -46.988034
-99.579347 126.967932 -47.760901
-98.301098 125.637987 -48.533768
-97.022849 124.308041 -49.306636
-95.744599 122.978096 -50.079503
-94.466350 121.648151 -50.852371
-93.188100 120.318206 -51.625238
-91.909851 118.988260 -52.398106
-90.631602 117.658315 -53.170973
-89.353352 116.328370 -53.943841
-88.075103 114.998425 -54.716708
-86.796853 113.668479 -55.489575
-85.518604 112.338534 -56.262443
-84.240355 111.008589 -57.035310
-82.962105 109.678643 -57.808178
-81.683856 108.348698 -58.581045
-80.405606 107.018753 -59.353913
-79.127357 105.688808 -60.126780
-77.849108 104.358862 -60.899648
-76.570858 103.028917 -61.672515
-75.292609 101.698972 -62.445382
-74.014359 100.369027 -63.218250
-72.736110 99.039081 -63.991117
-71.457861 97.709136 -64.763985
-70.179611 96.379191 -65.536852
-68.901362 95.049246 -66.309720
-67.623112 93.719300 -67.082587
-66.344863 92.389355 -67.855455
-65.066614 91.059410 -68.628322
-63.788364 89.729465 -69.401189
-62.510115 88.399519 -70.174057
-61.231865 87.069574 -70.946924
-59.953616 85.739629 -71.719792
-58.675366 84.409684 -72.492659
-57.397117 83.079738 -73.265527
-56.118868 81.749793 -74.038394
-54.840618 80.419848 -74.811262
-53.562369 79.089903 -75.584129
-52.284119 77.759957 -76.356996
-51.005870 76.430012 -77.129864
-49.727621 75.100067 -77.902731
-48.449371 73.770122 -78.675599
-47.171122 72.440176 -79.448466
-45.892872 71.110231 -80.221334
-44.614623 69.780286 -80.994201
-43.336374 68.450341 -81.767069
-42.058124 67.120395 -82.539936
-40.779875 65.790450 -83.312803
-39.501625 64.460505 -84.085671
-38.223376 63.130560 -84.858538
-36.945127 61.800614 -85.631406
-35.666877 60.470669 -86.404273
-34.388628 59.140724 -87.177141
95.379223 10.455815 77.351269
96.958773 11.676906 77.469411
98.538324 12.897996 77.587553
100.117875 14.119087 77.705696
101.697425 15.340177 77.823838
103.276976 16.561268 77.941980
104.856526 17.782358 78.060122
106.436077 19.003449 78.178265
108.015628 20.224540 78.296407
109.595178 21.445630 78.414549
111.174729 22.666721 78.532691
112.754280 23.887811 78.650834
114.333830 25.108902 78.768976
115.913381 26.329993 78.887118
117.492931 27.551083 79.005260
119.072482 28.772174 79.123403
120.652033 29.993264 79.241545
122.231583 31.214355 79.359687
123.811134 32.435446 79.477830
125.390684 33.656536 79.595972
126.970235 34.877627 79.714114
128.549786 36.098717 79.832256
130.129336 37.319808 79.950399
131.708887 38.540899 80.068541
133.288438 39.761989 80.186683
134.867988 40.983080 80.304825
136.447539 42.204170 80.422968
138.027089 43.425261 80.541110
139.606640 44.646352 80.659252
141.186191 45.867442 80.777394
142.765741 47.088533 80.895537
144.345292 48.309623 81.013679
145.924843 49.530714 81.131821
147.504393 50.751804 81.249964
149.083944 51.972895 81.368106
150.663494 53.193986 81.486248
152.243045 54.415076 81.604390
153.822596 55.636167 81.722533
155.402146 56.857257 81.840675
156.981697 58.078348 81.958817
158.561248 59.299439 82.076959
160.140798 60.520529 82.195102
161.720349 61.741620 82.313244
163.299899 62.962710 82.431386
164.879450 64.183801 82.549528
166.459001 65.404892 82.667671
168.038551 66.625982 82.785813
169.618102 67.847073 82.903955
171.197653 69.068163 83.022097
172.777203 70.289254 83.140240
174.356754 71.510345 83.258382
175.936304 72.731435 83.376524
177.515855 73.952526 83.494667
179.095406 75.173616 83.612809
180.674956 76.394707 83.730951
182.254507 77.615797 83.849093
183.834058 78.836888 83.967236
185.413608 80.057979 84.085378
186.993159 81.279069 84.203520
188.572709 82.500160 84.321662
190.152260 83.721250 84.439805
191.731811 84.942341 84.557947
193.311361 86.163432 84.676089
194.890912 87.384522 84.794231
196.470463 88.605613 84.912374
198.050013 89.826703 85.030516
199.629564 91.047794 85.148658
201.209114 92.268885 85.266800
202.788665 93.489975 85.384943
204.368216 94.711066 85.503085
299.638175 35.178820 -95.629676
298.607868 33.629851 -96.363953
297.577561 32.080882 -97.098230
296.547254 30.531913 -97.832507
295.516947 28.982944 -98.566784
294.486640 27.433975 -99.301061
293.456333 25.885006 -100.035338
292.426027 24.336037 -100.769615
291.395720 22.787068 -101.503893
290.365413 21.238099 -102.238170
289.335106 19.689130 -102.972447
288.304799 18.140161 -103.706724
287.274492 16.591192 -104.441001
286.244185 15.042223 -105.175278
285.213878 13.493254 -105.909555
284.183572 11.944286 -106.643832
283.153265 10.395317 -107.378110
282.122958 8.846348 -108.112387
281.092651 7.297379 -108.846664
280.062344 5.748410 -109.580941
279.032037 4.199441 -110.315218
278.001730 2.650472 -111.049495
276.971423 1.101503 -111.783772
275.941116 -0.447466 -112.518049
274.910810 -1.996435 -113.252327
273.880503 -3.545404 -113.986604
272.850196 -5.094373 -114.720881
271.819889 -6.643342 -115.455158
270.789582 -8.192311 -116.189435
269.759275 -9.741280 -116.923712
268.728968 -11.290249 -117.657989
267.698661 -12.839218 -118.392266
266.668355 -14.388187 -119.126544
265.638048 -15.937156 -119.860821
264.607741 -17.486125 -120.595098
263.577434 -19.035094 -121.329375
262.547127 -20.584063 -122.063652
261.516820 -22.133032 -122.797929
260.486513 -23.682001 -123.532206
259.456206 -25.230970 -124.266483
258.425900 -26.779938 -125.000761
257.395593 -28.328907 -125.735038
256.365286 -29.877876 -126.469315
255.334979 -31.426845 -127.203592
254.304672 -32.975814 -127.937869
253.274365 -34.524783 -128.672146
252.244058 -36.073752 -129.406423
251.213751 -37.622721 -130.140700
250.183445 -39.171690 -130.874978
249.153138 -40.720659 -131.609255
248.122831 -42.269628 -132.343532
247.092524 -43.818597 -133.077809
246.062217 -45.367566 -133.812086
245.031910 -46.916535 -134.546363
244.001603 -48.465504 -135.280640
242.971296 -50.014473 -136.014918
241.940989 -51.563442 -136.749195
240.910683 -53.112411 -137.483472
239.880376 -54.661380 -138.217749
238.850069 -56.210349 -138.952026
237.819762 -57.759318 -139.686303
236.789455 -59.308287 -140.420580
235.759148 -60.857256 -141.154857
234.728841 -62.406225 -141.889135
233.698534 -63.955193 -142.623412
232.668228 -65.504162 -143.357689
231.637921 -67.053131 -144.091966
230.607614 -68.602100 -144.826243
229.577307 -70.151069 -145.560520
228.547000 -71.700038 -146.294797
-203.737057 41.743634 -100.628796
-202.479402 42.758381 -99.450411
-201.221746 43.773127 -98.272026
-199.964090 44.787874 -97.093641
-198.706435 45.802621 -95.915256
-197.448779 46.817368 -94.736871
-196.191123 47.832114 -93.558486
-194.933467 48.846861 -92.380101
-193.675812 49.861608 -91.201716
-192.418156 50.876354 -90.023331
-191.160500 51.891101 -88.844946
-189.902845 52.905848 -87.666561
-188.645189 53.920595 -86.488176
-187.387533 54.935341 -85.309791
-186.129878 55.950088 -84.131406
-184.872222 56.964835 -82.953021
-183.614566 57.979581 -81.774636
-182.356910 58.994328 -80.596251
-181.099255 60.009075 -79.417866
-179.841599 61.023822 -78.239481
-178.583943 62.038568 -77.061096
-177.326288 63.053315 -75.882711
-176.068632 64.068062 -74.704326
-174.810976 65.082809 -73.525941
-173.553320 66.097555 -72.347556
-172.295665 67.112302 -71.169171
-171.038009 68.127049 -69.990786
-169.780353 69.141795 -68.812401
-168.522698 70.156542 -67.634016
-167.265042 71.171289 -66.455631
-166.007386 72.186036 -65.277246
-164.749731 73.200782 -64.098861
-163.492075 74.215529 -62.920476
-162.234419 75.230276 -61.742091
-160.976763 76.245022 -60.563706
-159.719108 77.259769 -59.385321
-158.461452 78.274516 -58.206936
-157.203796 79.289263 -57.028551
-155.946141 80.304009 -55.850166
-154.688485 81.318756 -54.671781
-153.430829 82.333503 -53.493396
-152.173173 83.348250 -52.315011
-150.915518 84.362996 -51.136626
-149.657862 85.377743 -49.958241
-148.400206 86.392490 -48.779856
-147.142551 87.407236 -47.601471
-145.884895 88.421983 -46.423086
-144.627239 89.436730 -45.244701
-143.369584 90.451477 -44.066316
-142.111928 91.466223 -42.887931
-140.854272 92.480970 -41.709546
-139.596616 93.495717 -40.531161
-138.338961 94.510464 -39.352776
-137.081305 95.525210 -38.174391
-135.823649 96.539957 -36.996006
-134.565994 97.554704 -35.817621
-133.308338 98.569450 -34.639236
-132.050682 99.584197 -33.460851
-130.793026 100.598944 -32.282466
-129.535371 101.613691 -31.104081
-128.277715 102.628437 -29.925696
-127.020059 103.643184 -28.747311
-125.762404 104.657931 -27.568926
-124.504748 105.672677 -26.390541
-123.247092 106.687424 -25.212156
-121.989437 107.702171 -24.033771
-120.731781 108.716918 -22.855386
-119.474125 109.731664 -21.677001
-118.216469 110.746411 -20.498616
-116.958814 111.761158 -19.320231
73.850534 23.673591 -175.667034
72.026632 23.980653 -174.906051
70.202730 24.287714 -174.145068
68.378828 24.594776 -173.384086
66.554926 24.901837 -172.623103
64.731024 25.208898 -171.862120
62.907122 25.515960 -171.101137
61.083220 25.823021 -170.340154
59.259319 26.130082 -169.579171
57.435417 26.437144 -168.818188
55.611515 26.744205 -168.057205
53.787613 27.051267 -167.296222
51.963711 27.358328 -166.535239
50.139809 27.665389 -165.774256
48.315907 27.972451 -165.013273
46.492005 28.279512 -164.252291
44.668103 28.586573 -163.491308
42.844201 28.893635 -162.730325
41.020299 29.200696 -161.969342
39.196397 29.507758 -161.208359
37.372495 29.814819 -160.447376
35.548593 30.121880 -159.686393
33.724691 30.428942 -158.925410
31.900789 30.736003 -158.164427
30.076887 31.043064 -157.403444
28.252985 31.350126 -156.642461
26.429083 31.657187 -155.881479
24.605182 31.964249 -155.120496
22.781280 32.271310 -154.359513
20.957378 32.578371 -153.598530
19.133476 32.885433 -152.837547
17.309574 33.192494 -152.076564
15.485672 33.499555 -151.315581
13.661770 33.806617 -150.554598
11.837868 34.113678 -149.793615
10.013966 34.420739 -149.032632
8.190064 34.727801 -148.271649
6.366162 35.034862 -147.510666
4.542260 35.341924 -146.749684
2.718358 35.648985 -145.988701
0.894456 35.956046 -145.227718
-0.929446 36.263108 -144.466735
-2.753348 36.570169 -143.705752
-4.577250 36.877230 -142.944769
-6.401152 37.184292 -142.183786
-8.225054 37.491353 -141.422803
-10.048956 37.798415 -140.661820
-11.872857 38.105476 -139.900837
-13.696759 38.412537 -139.139854
-15.520661 38.719599 -138.378871
-17.344563 39.026660 -137.617889
-19.168465 39.333721 -136.856906
-20.992367 39.640783 -136.095923
-22.816269 39.947844 -135.334940
-24.640171 40.254906 -134.573957
-26.464073 40.561967 -133.812974
-28.287975 40.869028 -133.051991
-30.111877 41.176090 -132.291008
-31.935779 41.483151 -131.530025
-33.759681 41.790212 -130.769042
-35.583583 42.097274 -130.008059
-37.407485 42.404335 -129.247077
-39.231387 42.711396 -128.486094
-41.055289 43.018458 -127.725111
-42.879191 43.325519 -126.964128
-44.703093 43.632581 -126.203145
-46.526994 43.939642 -125.442162
-48.350896 44.246703 -124.681179
-50.174798 44.553765 -123.920196
-51.998700 44.860826 -123.159213
97.824238 188.438072 238.580352
99.736723 188.072482 239.037237
101.649209 187.706893 239.494121
103.561694 187.341303 239.951005
105.474180 186.975713 240.407890
107.386665 186.610123 240.864774
109.299151 186.244533 241.321659
111.211636 185.878944 241.778543
113.124122 185.513354 242.235427
115.036607 185.147764 242.692312
116.949093 184.782174 243.149196
118.861578 184.416584 243.606081
120.774064 184.050995 244.062965
122.686549 183.685405 244.519849
124.599035 183.319815 244.976734
126.511520 182.954225 245.433618
128.424006 182.588635 245.890503
130.336491 182.223045 246.347387
132.248977 181.857456 246.804271
134.161462 181.491866 247.261156
136.073948 181.126276 247.718040
137.986433 180.760686 248.174925
139.898919 180.395096 248.631809
141.811404 180.029507 249.088693
143.723890 179.663917 249.545578
145.636375 179.298327 250.002462
147.548861 178.932737 250.459347
149.461346 178.567147 250.916231
151.373832 178.201558 251.373115
153.286317 177.835968 251.830000
155.198803 177.470378 252.286884
157.111288 177.104788 252.743769
159.023774 176.739198 253.200653
160.936259 176.373609 253.657537
162.848745 176.008019 254.114422
164.761230 175.642429 254.571306
166.673715 175.276839 255.028191
168.586201 174.911249 255.485075
170.498686 174.545659 255.941959
172.411172 174.180070 256.398844
174.323657 173.814480 256.855728
176.236143 173.448890 257.312613
178.148628 173.083300 257.769497
180.061114 172.717710 258.226381
181.973599 172.352121 258.683266
183.886085 171.986531 259.140150
185.798570 171.620941 259.597035
187.711056 171.255351 260.053919
189.623541 170.889761 260.510803
191.536027 170.524172 260.967688
193.448512 170.158582 261.424572
195.360998 169.792992 261.881457
197.273483 169.427402 262.338341
199.185969 169.061812 262.795225
201.098454 168.696223 263.252110
203.010940 168.330633 263.708994
204.923425 167.965043 264.165879
206.835911 167.599453 264.622763
208.748396 167.233863 265.079647
210.660882 166.868273 265.536532
212.573367 166.502684 265.993416
214.485853 166.137094 266.450301
216.398338 165.771504 266.907185
218.310824 165.405914 267.364069
220.223309 165.040324 267.820954
222.135795 164.674735 268.277838
224.048280 164.309145 268.734723
225.960766 163.943555 269.191607
227.873251 163.577965 269.648491
229.785737 163.212375 270.105376
-149.722096 -111.884145 -84.360842
-148.355313 -111.589219 -82.930835
-146.988529 -111.294293 -81.500827
-145.621746 -110.999367 -80.070819
-144.254962 -110.704441 -78.640812
-142.888179 -110.409515 -77.210804
-141.521396 -110.114589 -75.780797
-140.154612 -109.819663 -74.350789
-138.787829 -109.524737 -72.920781
-137.421046 -109.229811 -71.490774
-136.054262 -108.934885 -70.060766
-134.687479 -108.639959 -68.630758
-133.320695 -108.345033 -67.200751
-131.953912 -108.050107 -65.770743
-130.587129 -107.755181 -64.340736
-129.220345 -107.460254 -62.910728
-127.853562 -107.165328 -61.480720
-126.486778 -106.870402 -60.050713
-125.119995 -106.575476 -58.620705
-123.753212 -106.280550 -57.190697
-122.386428 -105.985624 -55.760690
-121.019645 -105.690698 -54.330682
-119.652861 -105.395772 -52.900675
-118.286078 -105.100846 -51.470667
-116.919295 -104.805920 -50.040659
-115.552511 -104.510994 -48.610652
-114.185728 -104.216068 -47.180644
-112.818945 -103.921142 -45.750637
-111.452161 -103.626216 -44.320629
-110.085378 -103.331290 -42.890621
-108.718594 -103.036363 -41.460614
-107.351811 -102.741437 -40.030606
-105.985028 -102.446511 -38.600598
-104.618244 -102.151585 -37.170591
-103.251461 -101.856659 -35.740583
-101.884677 -101.561733 -34.310576
-100.517894 -101.266807 -32.880568
-99.151111 -100.971881 -31.450560
-97.784327 -100.676955 -30.020553
-96.417544 -100.382029 -28.590545
-95.050761 -100.087103 -27.160537
-93.683977 -99.792177 -25.730530
-92.317194 -99.497251 -24.300522
-90.950410 -99.202325 -22.870515
-89.583627 -98.907399 -21.440507
-88.216844 -98.612472 -20.010499
-86.850060 -98.317546 -18.580492
-85.483277 -98.022620 -17.150484
-84.116493 -97.727694 -15.720477
-82.749710 -97.432768 -14.290469
-81.382927 -97.137842 -12.860461
-80.016143 -96.842916 -11.430454
-78.649360 -96.547990 -10.000446
-77.282576 -96.253064 -8.570438
-75.915793 -95.958138 -7.140431
-74.549010 -95.663212 -5.710423
-73.182226 -95.368286 -4.280416
-71.815443 -95.073360 -2.850408
-70.448660 -94.778434 -1.420400
-69.081876 -94.483508 0.009607
-67.715093 -94.188582 1.439615
-66.348309 -93.893655 2.869622
-64.981526 -93.598729 4.299630
-63.614743 -93.303803 5.729638
-62.247959 -93.008877 7.159645
-60.881176 -92.713951 8.589653
-59.514392 -92.419025 10.019661
-58.147609 -92.124099 11.449668
-56.780826 -91.829173 12.879676
-55.414042 -91.534247 14.309683
-53.215998 -202.450025 160.222512
-51.279653 -202.106366 159.858555
-49.343307 -201.762706 159.494599
-47.406962 -201.419046 159.130642
-45.470616 -201.075387 158.766686
-43.534271 -200.731727 158.402730
-41.597925 -200.388067 158.038773
-39.661580 -200.044408 157.674817
-37.725234 -199.700748 157.310860
-35.788889 -199.357088 156.946904
-33.852543 -199.013429 156.582947
-31.916198 -198.669769 156.218991
-29.979853 -198.326109 155.855034
-28.043507 -197.982449 155.491078
-26.107162 -197.638790 155.127122
-24.170816 -197.295130 154.763165
-22.234471 -196.951470 154.399209
-20.298125 -196.607811 154.035252
-18.361780 -196.264151 153.671296
-16.425434 -195.920491 153.307339
-14.489089 -195.576832 152.943383
-12.552743 -195.233172 152.579426
-10.616398 -194.889512 152.215470
-8.680053 -194.545853 151.851513
-6.743707 -194.202193 151.487557
-4.807362 -193.858533 151.123601
-2.871016 -193.514874 150.759644
-0.934671 -193.171214 150.395688
1.001675 -192.827554 150.031731
2.938020 -192.483895 149.667775
4.874366 -192.140235 149.303818
6.810711 -191.796575 148.939862
8.747057 -191.452916 148.575905
10.683402 -191.109256 148.211949
12.619747 -190.765596 147.847992
14.556093 -190.421937 147.484036
16.492438 -190.078277 147.120080
18.428784 -189.734617 146.756123
20.365129 -189.390958 146.392167
22.301475 -189.047298 146.028210
24.237820 -188.703638 145.664254
26.174166 -188.359979 145.300297
28.110511 -188.016319 144.936341
30.046857 -187.672659 144.572384
31.983202 -187.329000 144.208428
33.919548 -186.985340 143.844471
35.855893 -186.641680 143.480515
37.792238 -186.298021 143.116559
39.728584 -185.954361 142.752602
41.664929 -185.610701 142.388646
43.601275 -185.267042 142.024689
45.537620 -184.923382 141.660733
47.473966 -184.579722 141.296776
49.410311 -184.236063 140.932820
51.346657 -183.892403 140.568863
53.283002 -183.548743 140.204907
55.219348 -183.205084 139.840950
57.155693 -182.861424 139.476994
59.092038 -182.517764 139.113038
61.028384 -182.174105 138.749081
62.964729 -181.830445 138.385125
64.901075 -181.486785 138.021168
66.837420 -181.143126 137.657212
68.773766 -180.799466 137.293255
70.710111 -180.455806 136.929299
72.646457 -180.112146 136.565342
74.582802 -179.768487 136.201386
76.519148 -179.424827 135.837430
78.455493 -179.081167 135.473473
80.391838 -178.737508 135.109517
203.512304 -10.352630 147.644860
203.255524 -9.448335 145.879551
202.998744 -8.544041 144.114242
202.741964 -7.639746 142.348933
202.485184 -6.735452 140.583624
202.228404 -5.831157 138.818315
201.971624 -4.926863 137.053007
201.714844 -4.022568 135.287698
201.458064 -3.118274 133.522389
201.201284 -2.213979 131.757080
200.944504 -1.309685 129.991771
200.687724 -0.405390 128.226462
200.430944 0.498904 126.461153
200.174164 1.403199 124.695844
199.917384 2.307494 122.930535
199.660604 3.211788 121.165227
199.403824 4.116083 119.399918
199.147044 5.020377 117.634609
198.890264 5.924672 115.869300
198.633484 6.828966 114.103991
198.376704 7.733261 112.338682
198.119924 8.637555 110.573373
197.863144 9.541850 108.808064
197.606364 10.446144 107.042755
197.349584 11.350439 105.277447
197.092804 12.254733 103.512138
196.836024 13.159028 101.746829
196.579244 14.063322 99.981520
196.322464 14.967617 98.216211
196.065684 15.871911 96.450902
195.808904 16.776206 94.685593
195.552124 17.680500 92.920284
195.295344 18.584795 91.154975
195.038564 19.489089 89.389667
194.781784 20.393384 87.624358
194.525004 21.297678 85.859049
194.268224 22.201973 84.093740
194.011444 23.106267 82.328431
193.754664 24.010562 80.563122
193.497884 24.914856 78.797813
193.241104 25.819151 77.032504
192.984324 26.723445 75.267196
192.727544 27.627740 73.501887
192.470764 28.532034 71.736578
192.213984 29.436329 69.971269
191.957204 30.340624 68.205960
191.700424 31.244918 66.440651
191.443644 32.149213 64.675342
191.186864 33.053507 62.910033
190.930084 33.957802 61.144724
190.673304 34.862096 59.379416
190.416524 35.766391 57.614107
190.159744 36.670685 55.848798
189.902964 37.574980 54.083489
189.646184 38.479274 52.318180
189.389404 39.383569 50.552871
189.132624 40.287863 48.787562
188.875844 41.192158 47.022253
188.619064 42.096452 45.256944
188.362284 43.000747 43.491636
188.105504 43.905041 41.726327
187.848724 44.809336 39.961018
187.591944 45.713630 38.195709
187.335164 46.617925 36.430400
187.078384 47.522219 34.665091
186.821604 48.426514 32.899782
186.564824 49.330808 31.134473
186.308044 50.235103 29.369164
186.051264 51.139397 27.603856
185.794484 52.043692 25.838547
70.054412 170.472144 -289.413794
68.730776 171.846412 -288.814315
67.407140 173.220680 -288.214837
66.083504 174.594948 -287.615358
64.759867 175.969217 -287.015880
63.436231 177.343485 -286.416402
62.112595 178.717753 -285.816923
60.788959 180.092021 -285.217445
59.465323 181.466289 -284.617966
58.141686 182.840557 -284.018488
56.818050 184.214825 -283.419010
55.494414 185.589093 -282.819531
54.170778 186.963361 -282.220053
52.847141 188.337629 -281.620574
51.523505 189.711897 -281.021096
50.199869 191.086165 -280.421618
48.876233 192.460433 -279.822139
47.552596 193.834702 -279.222661
46.228960 195.208970 -278.623182
44.905324 196.583238 -278.023704
43.581688 197.957506 -277.424226
42.258051 199.331774 -276.824747
40.934415 200.706042 -276.225269
39.610779 202.080310 -275.625790
38.287143 203.454578 -275.026312
36.963506 204.828846 -274.426834
35.639870 206.203114 -273.827355
34.316234 207.577382 -273.227877
32.992598 208.951650 -272.628398
31.668961 210.325918 -272.028920
30.345325 211.700187 -271.429442
29.021689 213.074455 -270.829963
27.698053 214.448723 -270.230485
26.374416 215.822991 -269.631006
25.050780 217.197259 -269.031528
23.727144 218.571527 -268.432050
22.403508 219.945795 -267.832571
21.079872 221.320063 -267.233093
19.756235 222.694331 -266.633614
18.432599 224.068599 -266.034136
17.108963 225.442867 -265.434658
15.785327 226.817135 -264.835179
14.461690 228.191403 -264.235701
13.138054 229.565672 -263.636222
11.814418 230.939940 -263.036744
10.490782 232.314208 -262.437266
9.167145 233.688476 -261.837787
7.843509 235.062744 -261.238309
6.519873 236.437012 -260.638830
5.196237 237.811280 -260.039352
3.872600 239.185548 -259.439874
2.548964 240.559816 -258.840395
1.225328 241.934084 -258.240917
-0.098308 243.308352 -257.641438
-1.421945 244.682620 -257.041960
-2.745581 246.056888 -256.442482
-4.069217 247.431157 -255.843003
-5.392853 248.805425 -255.243525
-6.716490 250.179693 -254.644046
-8.040126 251.553961 -254.044568
-9.363762 252.928229 -253.445090
-10.687398 254.302497 -252.845611
-12.011035 255.676765 -252.246133
-13.334671 257.051033 -251.646654
-14.658307 258.425301 -251.047176
-15.981943 259.799569 -250.447698
-17.305579 261.173837 -249.848219
-18.629216 262.548105 -249.248741
-19.952852 263.922373 -248.649262
-21.276488 265.296642 -248.049784
-109.342758 -6.107955 119.528119
-109.092794 -7.750870 118.415308
-108.842830 -9.393784 117.302497
-108.592865 -11.036699 116.189685
-108.342901 -12.679614 115.076874
-108.092936 -14.322528 113.964063
-107.842972 -15.965443 112.851252
-107.593007 -17.608358 111.738440
-107.343043 -19.251273 110.625629
-107.093079 -20.894187 109.512818
-106.843114 -22.537102 108.400006
-106.593150 -24.180017 107.287195
-106.343185 -25.822932 106.174384
-106.093221 -27.465846 105.061572
-105.843257 -29.108761 103.948761
-105.593292 -30.751676 102.835950
-105.343328 -32.394591 101.723139
-105.093363 -34.037505 100.610327
-104.843399 -35.680420 99.497516
-104.593435 -37.323335 98.384705
-104.343470 -38.966249 97.271893
-104.093506 -40.609164 96.159082
-103.843541 -42.252079 95.046271
-103.593577 -43.894994 93.933460
-103.343613 -45.537908 92.820648
-103.093648 -47.180823 91.707837
-102.843684 -48.823738 90.595026
-102.593719 -50.466653 89.482214
-102.343755 -52.109567 88.369403
-102.093790 -53.752482 87.256592
-101.843826 -55.395397 86.143781
-101.593862 -57.038312 85.030969
-101.343897 -58.681226 83.918158
-101.093933 -60.324141 82.805347
-100.843968 -61.967056 81.692535
-100.594004 -63.609970 80.579724
-100.344040 -65.252885 79.466913
-100.094075 -66.895800 78.354102
-99.844111 -68.538715 77.241290
-99.594146 -70.181629 76.128479
-99.344182 -71.824544 75.015668
-99.094218 -73.467459 73.902856
-98.844253 -75.110374 72.790045
-98.594289 -76.753288 71.677234
-98.344324 -78.396203 70.564422
-98.094360 -80.039118 69.451611
-97.844396 -81.682033 68.338800
-97.594431 -83.324947 67.225989
-97.344467 -84.967862 66.113177
-97.094502 -86.610777 65.000366
-96.844538 -88.253692 63.887555
-96.594573 -89.896606 62.774743
-96.344609 -91.539521 61.661932
-96.094645 -93.182436 60.549121
-95.844680 -94.825350 59.436310
-95.594716 -96.468265 58.323498
-95.344751 -98.111180 57.210687
-95.094787 -99.754095 56.097876
-94.844823 -101.397009 54.985064
-94.594858 -103.039924 53.872253
-94.344894 -104.682839 52.759442
-94.094929 -106.325754 51.646631
-93.844965 -107.968668 50.533819
-93.595001 -109.611583 49.421008
-93.345036 -111.254498 48.308197
-93.095072 -112.897413 47.195385
-92.845107 -114.540327 46.082574
-92.595143 -116.183242 44.969763
-92.345179 -117.826157 43.856952
-92.095214 -119.469071 42.744140
227.810772 63.081339 47.692969
228.709066 61.307948 47.473536
229.607361 59.534557 47.254102
230.505655 57.761166 47.034668
231.403950 55.987775 46.815235
232.302244 54.214384 46.595801
233.200539 52.440993 46.376367
234.098833 50.667602 46.156933
234.997128 48.894211 45.937500
235.895423 47.120820 45.718066
236.793717 45.347429 45.498632
237.692012 43.574038 45.279198
238.590306 41.800647 45.059765
239.488601 40.027256 44.840331
240.386895 38.253864 44.620897
241.285190 36.480473 44.401463
242.183484 34.707082 44.182030
243.081779 32.933691 43.962596
243.980074 31.160300 43.743162
244.878368 29.386909 43.523728
245.776663 27.613518 43.304295
246.674957 25.840127 43.084861
247.573252 24.066736 42.865427
248.471546 22.293345 42.645994
249.369841 20.519954 42.426560
250.268135 18.746563 42.207126
251.166430 16.973172 41.987692
252.064725 15.199781 41.768259
252.963019 13.426390 41.548825
253.861314 11.652999 41.329391
254.759608 9.879608 41.109957
255.657903 8.106217 40.890524
256.556197 6.332826 40.671090
257.454492 4.559435 40.451656
258.352786 2.786044 40.232222
259.251081 1.012653 40.012789
260.149376 -0.760738 39.793355
261.047670 -2.534129 39.573921
261.945965 -4.307520 39.354487
262.844259 -6.080911 39.135054
263.742554 -7.854302 38.915620
264.640848 -9.627693 38.696186
265.539143 -11.401084 38.476753
266.437437 -13.174475 38.257319
267.335732 -14.947866 38.037885
268.234027 -16.721257 37.818451
269.132321 -18.494648 37.599018
270.030616 -20.268039 37.379584
270.928910 -22.041430 37.160150
271.827205 -23.814821 36.940716
272.725499 -25.588212 36.721283
273.623794 -27.361603 36.501849
274.522089 -29.134994 36.282415
275.420383 -30.908385 36.062981
276.318678 -32.681776 35.843548
277.216972 -34.455167 35.624114
278.115267 -36.228558 35.404680
279.013561 -38.001950 35.185246
279.911856 -39.775341 34.965813
280.810150 -41.548732 34.746379
281.708445 -43.322123 34.526945
282.606740 -45.095514 34.307511
283.505034 -46.868905 34.088078
284.403329 -48.642296 33.868644
285.301623 -50.415687 33.649210
286.199918 -52.189078 33.429777
287.098212 -53.962469 33.210343
287.996507 -55.735860 32.990909
288.894801 -57.509251 32.771475
289.793096 -59.282642 32.552042
241.885380 -189.413359 -208.759102
239.888328 -189.514351 -208.719304
237.891276 -189.615342 -208.679507
235.894224 -189.716334 -208.639709
233.897172 -189.817326 -208.599911
231.900120 -189.918318 -208.560114
229.903068 -190.019310 -208.520316
227.906016 -190.120302 -208.480518
225.908964 -190.221293 -208.440721
223.911912 -190.322285 -208.400923
221.914860 -190.423277 -208.361125
219.917808 -190.524269 -208.321328
217.920756 -190.625261 -208.281530
215.923704 -190.726253 -208.241732
213.926651 -190.827244 -208.201935
211.929599 -190.928236 -208.162137
209.932547 -191.029228 -208.122339
207.935495 -191.130220 -208.082542
205.938443 -191.231212 -208.042744
203.941391 -191.332204 -208.002946
201.944339 -191.433195 -207.963148
199.947287 -191.534187 -207.923351
197.950235 -191.635179 -207.883553
195.953183 -191.736171 -207.843755
193.956131 -191.837163 -207.803958
191.959079 -191.938154 -207.764160
189.962027 -192.039146 -207.724362
187.964975 -192.140138 -207.684565
185.967923 -192.241130 -207.644767
183.970871 -192.342122 -207.604969
181.973819 -192.443114 -207.565172
179.976767 -192.544105 -207.525374
177.979715 -192.645097 -207.485576
175.982663 -192.746089 -207.445779
173.985611 -192.847081 -207.405981
171.988559 -192.948073 -207.366183
169.991507 -193.049065 -207.326385
167.994455 -193.150056 -207.286588
165.997403 -193.251048 -207.246790
164.000351 -193.352040 -207.206992
162.003299 -193.453032 -207.167195
160.006247 -193.554024 -207.127397
158.009195 -193.655016 -207.087599
156.012143 -193.756007 -207.047802
154.015091 -193.856999 -207.008004
152.018039 -193.957991 -206.968206
150.020987 -194.058983 -206.928409
148.023935 -194.159975 -206.888611
146.026883 -194.260966 -206.848813
144.029831 -194.361958 -206.809016
142.032779 -194.462950 -206.769218
140.035727 -194.563942 -206.729420
138.038674 -194.664934 -206.689623
136.041622 -194.765926 -206.649825
134.044570 -194.866917 -206.610027
132.047518 -194.967909 -206.570229
130.050466 -195.068901 -206.530432
128.053414 -195.169893 -206.490634
126.056362 -195.270885 -206.450836
124.059310 -195.371877 -206.411039
122.062258 -195.472868 -206.371241
120.065206 -195.573860 -206.331443
118.068154 -195.674852 -206.291646
116.071102 -195.775844 -206.251848
114.074050 -195.876836 -206.212050
112.076998 -195.977828 -206.172253
110.079946 -196.078819 -206.132455
108.082894 -196.179811 -206.092657
106.085842 -196.280803 -206.052860
104.088790 -196.381795 -206.013062
-151.143731 157.476150 265.594424
-150.579383 155.557816 265.555581
-150.015036 153.639483 265.516738
-149.450688 151.721149 265.477894
-148.886340 149.802816 265.439051
-148.321993 147.884483 265.400207
-147.757645 145.966149 265.361364
-147.193297 144.047816 265.322521
-146.628950 142.129483 265.283677
-146.064602 140.211149 265.244834
-145.500254 138.292816 265.205991
-144.935906 136.374483 265.167147
-144.371559 134.456149 265.128304
-143.807211 132.537816 265.089461
-143.242863 130.619483 265.050617
-142.678516 128.701149 265.011774
-142.114168 126.782816 264.972931
-141.549820 124.864482 264.934087
-140.985473 122.946149 264.895244
-140.421125 121.027816 264.856400
-139.856777 119.109482 264.817557
-139.292430 117.191149 264.778714
-138.728082 115.272816 264.739870
-138.163734 113.354482 264.701027
-137.599386 111.436149 264.662184
-137.035039 109.517816 264.623340
-136.470691 107.599482 264.584497
-135.906343 105.681149 264.545654
-135.341996 103.762816 264.506810
-134.777648 101.844482 264.467967
-134.213300 99.926149 264.429124
-133.648953 98.007815 264.390280
-133.084605 96.089482 264.351437
-132.520257 94.171149 264.312594
-131.955909 92.252815 264.273750
-131.391562 90.334482 264.234907
-130.827214 88.416149 264.196063
-130.262866 86.497815 264.157220
-129.698519 84.579482 264.118377
-129.134171 82.661149 264.079533
-128.569823 80.742815 264.040690
-128.005476 78.824482 264.001847
-127.441128 76.906148 263.963003
-126.876780 74.987815 263.924160
-126.312433 73.069482 263.885317
-125.748085 71.151148 263.846473
-125.183737 69.232815 263.807630
-124.619389 67.314482 263.768787
-124.055042 65.396148 263.729943
-123.490694 63.477815 263.691100
-122.926346 61.559482 263.652256
-122.361999 59.641148 263.613413
-121.797651 57.722815 263.574570
-121.233303 55.804482 263.535726
-120.668956 53.886148 263.496883
-120.104608 51.967815 263.458040
-119.540260 50.049481 263.419196
-118.975912 48.131148 263.380353
-118.411565 46.212815 263.341510
-117.847217 44.294481 263.302666
-117.282869 42.376148 263.263823
-116.718522 40.457815 263.224980
-116.154174 38.539481 263.186136
-115.589826 36.621148 263.147293
-115.025479 34.702815 263.108449
-114.461131 32.784481 263.069606
-113.896783 30.866148 263.030763
-113.332436 28.947815 262.991919
-112.768088 27.029481 262.953076
-112.203740 25.111148 262.914233
-93.719885 -164.117845 -183.034622
-94.144520 -164.140173 -181.080349
-94.569155 -164.162502 -179.126075
-94.993790 -164.184830 -177.171801
-95.418425 -164.207159 -175.217527
-95.843060 -164.229487 -173.263253
-96.267695 -164.251816 -171.308979
-96.692331 -164.274145 -169.354705
-97.116966 -164.296473 -167.400431
-97.541601 -164.318802 -165.446157
-97.966236 -164.341130 -163.491884
-98.390871 -164.363459 -161.537610
-98.815506 -164.385787 -159.583336
-99.240141 -164.408116 -157.629062
-99.664776 -164.430445 -155.674788
-100.089412 -164.452773 -153.720514
-100.514047 -164.475102 -151.766240
-100.938682 -164.497430 -149.811966
-101.363317 -164.519759 -147.857692
-101.787952 -164.542087 -145.903419
-102.212587 -164.564416 -143.949145
-102.637222 -164.586744 -141.994871
-103.061858 -164.609073 -140.040597
-103.486493 -164.631402 -138.086323
-103.911128 -164.653730 -136.132049
-104.335763 -164.676059 -134.177775
-104.760398 -164.698387 -132.223501
-105.185033 -164.720716 -130.269227
-105.609668 -164.743044 -128.314954
-106.034303 -164.765373 -126.360680
-106.458939 -164.787701 -124.406406
-106.883574 -164.810030 -122.452132
-107.308209 -164.832359 -120.497858
-107.732844 -164.854687 -118.543584
-108.157479 -164.877016 -116.589310
-108.582114 -164.899344 -114.635036
-109.006749 -164.921673 -112.680762
-109.431385 -164.944001 -110.726489
-109.856020 -164.966330 -108.772215
-110.280655 -164.988659 -106.817941
-110.705290 -165.010987 -104.863667
-111.129925 -165.033316 -102.909393
-111.554560 -165.055644 -100.955119
-111.979195 -165.077973 -99.000845
-112.403830 -165.100301 -97.046571
-112.828466 -165.122630 -95.092297
-113.253101 -165.144958 -93.138024
-113.677736 -165.167287 -91.183750
-114.102371 -165.189616 -89.229476
-114.527006 -165.211944 -87.275202
-114.951641 -165.234273 -85.320928
-115.376276 -165.256601 -83.366654
-115.800911 -165.278930 -81.412380
-116.225547 -165.301258 -79.458106
-116.650182 -165.323587 -77.503832
-117.074817 -165.345916 -75.549558
-117.499452 -165.368244 -73.595285
-117.924087 -165.390573 -71.641011
-118.348722 -165.412901 -69.686737
-118.773357 -165.435230 -67.732463
-119.197993 -165.457558 -65.778189
-119.622628 -165.479887 -63.823915
-120.047263 -165.502215 -61.869641
-120.471898 -165.524544 -59.915367
-120.896533 -165.546873 -57.961093
-121.321168 -165.569201 -56.006820
-121.745803 -165.591530 -54.052546
-122.170438 -165.613858 -52.098272
-122.595074 -165.636187 -50.143998
-123.019709 -165.658515 -48.189724
49.399079 -35.354553 176.230817
49.943210 -33.673530 175.293755
50.487342 -31.992508 174.356694
51.031473 -30.311485 173.419633
51.575604 -28.630462 172.482572
52.119735 -26.949439 171.545511
52.663867 -25.268417 170.608449
53.207998 -23.587394 169.671388
53.752129 -21.906371 168.734327
54.296261 -20.225349 167.797266
54.840392 -18.544326 166.860204
55.384523 -16.863303 165.923143
55.928654 -15.182280 164.986082
56.472786 -13.501258 164.049021
57.016917 -11.820235 163.111960
57.561048 -10.139212 162.174898
58.105179 -8.458189 161.237837
58.649311 -6.777167 160.300776
59.193442 -5.096144 159.363715
59.737573 -3.415121 158.426654
60.281704 -1.734098 157.489592
60.825836 -0.053076 156.552531
61.369967 1.627947 155.615470
61.914098 3.308970 154.678409
62.458230 4.989993 153.741348
63.002361 6.671015 152.804286
63.546492 8.352038 151.867225
64.090623 10.033061 150.930164
64.634755 11.714084 149.993103
65.178886 13.395106 149.056041
65.723017 15.076129 148.118980
66.267148 16.757152 147.181919
66.811280 18.438174 146.244858
67.355411 20.119197 145.307797
67.899542 21.800220 144.370735
68.443674 23.481243 143.433674
68.987805 25.162265 142.496613
69.531936 26.843288 141.559552
70.076067 28.524311 140.622491
70.620199 30.205334 139.685429
71.164330 31.886356 138.748368
71.708461 33.567379 137.811307
72.252592 35.248402 136.874246
72.796724 36.929425 135.937184
73.340855 38.610447 135.000123
73.884986 40.291470 134.063062
74.429117 41.972493 133.126001
74.973249 43.653516 132.188940
75.517380 45.334538 131.251878
76.061511 47.015561 130.314817
76.605643 48.696584 129.377756
77.149774 50.377607 128.440695
77.693905 52.058629 127.503634
78.238036 53.739652 126.566572
78.782168 55.420675 125.629511
79.326299 57.101697 124.692450
79.870430 58.782720 123.755389
80.414561 60.463743 122.818328
80.958693 62.144766 121.881266
81.502824 63.825788 120.944205
82.046955 65.506811 120.007144
82.591086 67.187834 119.070083
83.135218 68.868857 118.133021
83.679349 70.549879 117.195960
84.223480 72.230902 116.258899
84.767612 73.911925 115.321838
85.311743 75.592948 114.384777
85.855874 77.273970 113.447715
86.400005 78.954993 112.510654
86.944137 80.636016 111.573593
-81.465603 -83.173143 87.843940
-79.589566 -82.516302 88.065400
-77.713529 -81.859462 88.286860
-75.837491 -81.202621 88.508320
-73.961454 -80.545780 88.729780
-72.085417 -79.888939 88.951240
-70.209380 -79.232099 89.172700
-68.333342 -78.575258 89.394160
-66.457305 -77.918417 89.615620
-64.581268 -77.261577 89.837080
-62.705231 -76.604736 90.058540
-60.829193 -75.947895 90.280000
-58.953156 -75.291054 90.501460
-57.077119 -74.634214 90.722920
-55.201082 -73.977373 90.944380
-53.325044 -73.320532 91.165840
-51.449007 -72.663691 91.387300
-49.572970 -72.006851 91.608760
-47.696933 -71.350010 91.830220
-45.820895 -70.693169 92.051680
-43.944858 -70.036328 92.273139
-42.068821 -69.379488 92.494599
-40.192784 -68.722647 92.716059
-38.316747 -68.065806 92.937519
-36.440709 -67.408966 93.158979
-34.564672 -66.752125 93.380439
-32.688635 -66.095284 93.601899
-30.812598 -65.438443 93.823359
-28.936560 -64.781603 94.044819
-27.060523 -64.124762 94.266279
-25.184486 -63.467921 94.487739
-23.308449 -62.811080 94.709199
-21.432411 -62.154240 94.930659
-19.556374 -61.497399 95.152119
-17.680337 -60.840558 95.373579
-15.804300 -60.183718 95.595039
-13.928262 -59.526877 95.816499
-12.052225 -58.870036 96.037959
-10.176188 -58.213195 96.259419
-8.300151 -57.556355 96.480879
-6.424113 -56.899514 96.702339
-4.548076 -56.242673 96.923799
-2.672039 -55.585832 97.145259
-0.796002 -54.928992 97.366719
1.080036 -54.272151 97.588179
2.956073 -53.615310 97.809639
4.832110 -52.958470 98.031099
6.708147 -52.301629 98.252559
8.584185 -51.644788 98.474019
10.460222 -50.987947 98.695478
12.336259 -50.331107 98.916938
14.212296 -49.674266 99.138398
16.088334 -49.017425 99.359858
17.964371 -48.360584 99.581318
19.840408 -47.703744 99.802778
21.716445 -47.046903 100.024238
23.592483 -46.390062 100.245698
25.468520 -45.733221 100.467158
27.344557 -45.076381 100.688618
29.220594 -44.419540 100.910078
31.096632 -43.762699 101.131538
32.972669 -43.105859 101.352998
34.848706 -42.449018 101.574458
36.724743 -41.792177 101.795918
38.600780 -41.135336 102.017378
40.476818 -40.478496 102.238838
42.352855 -39.821655 102.460298
44.228892 -39.164814 102.681758
46.104929 -38.507973 102.903218
47.980967 -37.851133 103.124678
-298.047255 -49.763436 56.844795
-296.239278 -50.341708 56.214860
-294.431300 -50.919981 55.584925
-292.623323 -51.498253 54.954990
-290.815345 -52.076525 54.325055
-289.007367 -52.654798 53.695120
-287.199390 -53.233070 53.065185
-285.391412 -53.811342 52.435250
-283.583435 -54.389615 51.805315
-281.775457 -54.967887 51.175380
-279.967480 -55.546159 50.545445
-278.159502 -56.124432 49.915510
-276.351524 -56.702704 49.285575
-274.543547 -57.280976 48.655640
-272.735569 -57.859249 48.025705
-270.927592 -58.437521 47.395770
-269.119614 -59.015793 46.765835
-267.311636 -59.594066 46.135900
-265.503659 -60.172338 45.505965
-263.695681 -60.750610 44.876030
-261.887704 -61.328883 44.246094
-260.079726 -61.907155 43.616159
-258.271748 -62.485427 42.986224
-256.463771 -63.063700 42.356289
-254.655793 -63.641972 41.726354
-252.847816 -64.220244 41.096419
-251.039838 -64.798517 40.466484
-249.231861 -65.376789 39.836549
-247.423883 -65.955061 39.206614
-245.615905 -66.533334 38.576679
-243.807928 -67.111606 37.946744
-241.999950 -67.689878 37.316809
-240.191973 -68.268150 36.686874
-238.383995 -68.846423 36.056939
-236.576017 -69.424695 35.427004
-234.768040 -70.002967 34.797069
-232.960062 -70.581240 34.167134
-231.152085 -71.159512 33.537199
-229.344107 -71.737784 32.907264
-227.536130 -72.316057 32.277329
-225.728152 -72.894329 31.647394
-223.920174 -73.472601 31.017459
-222.112197 -74.050874 30.387523
-220.304219 -74.629146 29.757588
-218.496242 -75.207418 29.127653
-216.688264 -75.785691 28.497718
-214.880286 -76.363963 27.867783
-213.072309 -76.942235 27.237848
-211.264331 -77.520508 26.607913
-209.456354 -78.098780 25.977978
-207.648376 -78.677052 25.348043
-205.840399 -79.255325 24.718108
-204.032421 -79.833597 24.088173
-202.224443 -80.411869 23.458238
-200.416466 -80.990142 22.828303
-198.608488 -81.568414 22.198368
-196.800511 -82.146686 21.568433
-194.992533 -82.724959 20.938498
-193.184555 -83.303231 20.308563
-191.376578 -83.881503 19.678628
-189.568600 -84.459776 19.048693
-187.760623 -85.038048 18.418758
-185.952645 -85.616320 17.788823
-184.144667 -86.194593 17.158887
-182.336690 -86.772865 16.528952
-180.528712 -87.351137 15.899017
-178.720735 -87.929410 15.269082
-176.912757 -88.507682 14.639147
-175.104780 -89.085954 14.009212
-173.296802 -89.664227 13.379277
164.494939 -124.649913 174.496948
164.954302 -126.595949 174.452980
165.413664 -128.541984 174.409013
165.873026 -130.488019 174.365045
166.332388 -132.434054 174.321078
166.791750 -134.380090 174.277110
167.251112 -136.326125 174.233143
167.710474 -138.272160 174.189175
168.169836 -140.218196 174.145208
168.629198 -142.164231 174.101240
169.088560 -144.110266 174.057273
169.547922 -146.056302 174.013305
170.007284 -148.002337 173.969338
170.466646 -149.948372 173.925370
170.926008 -151.894407 173.881403
171.385370 -153.840443 173.837435
171.844732 -155.786478 173.793468
172.304094 -157.732513 173.749500
172.763456 -159.678549 173.705533
173.222818 -161.624584 173.661565
173.682180 -163.570619 173.617598
174.141542 -165.516655 173.573630
174.600904 -167.462690 173.529663
175.060266 -169.408725 173.485695
175.519628 -171.354760 173.441728
175.978990 -173.300796 173.397760
176.438352 -175.246831 173.353793
176.897714 -177.192866 173.309825
177.357076 -179.138902 173.265858
177.816438 -181.084937 173.221890
178.275800 -183.030972 173.177923
178.735162 -184.977008 173.133955
179.194525 -186.923043 173.089988
179.653887 -188.869078 173.046020
180.113249 -190.815113 173.002053
180.572611 -192.761149 172.958085
181.031973 -194.707184 172.914118
181.491335 -196.653219 172.870150
181.950697 -198.599255 172.826183
182.410059 -200.545290 172.782215
182.869421 -202.491325 172.738248
183.328783 -204.437360 172.694280
183.788145 -206.383396 172.650313
184.247507 -208.329431 172.606345
184.706869 -210.275466 172.562378
185.166231 -212.221502 172.518410
185.625593 -214.167537 172.474443
186.084955 -216.113572 172.430475
186.544317 -218.059608 172.386508
187.003679 -220.005643 172.342540
187.463041 -221.951678 172.298573
187.922403 -223.897713 172.254605
188.381765 -225.843749 172.210638
188.841127 -227.789784 172.166670
189.300489 -229.735819 172.122703
189.759851 -231.681855 172.078736
190.219213 -233.627890 172.034768
190.678575 -235.573925 171.990801
191.137937 -237.519961 171.946833
191.597299 -239.465996 171.902866
192.056661 -241.412031 171.858898
192.516023 -243.358066 171.814931
192.975385 -245.304102 171.770963
193.434748 -247.250137 171.726996
193.894110 -249.196172 171.683028
194.353472 -251.142208 171.639061
194.812834 -253.088243 171.595093
195.272196 -255.034278 171.551126
195.731558 -256.980314 171.507158
196.190920 -258.926349 171.463191
278.962584 118.739380 133.062570
278.652837 118.392093 135.007678
278.343090 118.044805 136.952787
278.033343 117.697518 138.897896
277.723595 117.350230 140.843005
277.413848 117.002943 142.788113
277.104101 116.655655 144.733222
276.794353 116.308368 146.678331
276.484606 115.961080 148.623440
276.174859 115.613793 150.568548
275.865111 115.266505 152.513657
275.555364 114.919218 154.458766
275.245617 114.571930 156.403875
274.935869 114.224643 158.348983
274.626122 113.877355 160.294092
274.316375 113.530068 162.239201
274.006627 113.182780 164.184310
273.696880 112.835493 166.129418
273.387133 112.488206 168.074527
273.077385 112.140918 170.019636
272.767638 111.793631 171.964744
272.457891 111.446343 173.909853
272.148143 111.099056 175.854962
271.838396 110.751768 177.800071
271.528649 110.404481 179.745179
271.218901 110.057193 181.690288
270.909154 109.709906 183.635397
270.599407 109.362618 185.580506
270.289659 109.015331 187.525614
269.979912 108.668043 189.470723
269.670165 108.320756 191.415832
269.360417 107.973468 193.360941
269.050670 107.626181 195.306049
268.740923 107.278893 197.251158
268.431175 106.931606 199.196267
268.121428 106.584318 201.141376
267.811681 106.237031 203.086484
267.501933 105.889744 205.031593
267.192186 105.542456 206.976702
266.882439 105.195169 208.921811
266.572691 104.847881 210.866919
266.262944 104.500594 212.812028
265.953197 104.153306 214.757137
265.643449 103.806019 216.702245
265.333702 103.458731 218.647354
265.023955 103.111444 220.592463
264.714207 102.764156 222.537572
264.404460 102.416869 224.482680
264.094713 102.069581 226.427789
263.784965 101.722294 228.372898
263.475218 101.375006 230.318007
263.165471 101.027719 232.263115
262.855723 100.680431 234.208224
262.545976 100.333144 236.153333
262.236229 99.985856 238.098442
261.926481 99.638569 240.043550
261.616734 99.291282 241.988659
261.306987 98.943994 243.933768
260.997239 98.596707 245.878877
260.687492 98.249419 247.823985
260.377745 97.902132 249.769094
260.067997 97.554844 251.714203
259.758250 97.207557 253.659311
259.448503 96.860269 255.604420
259.138755 96.512982 257.549529
258.829008 96.165694 259.494638
258.519261 95.818407 261.439746
258.209513 95.471119 263.384855
257.899766 95.123832 265.329964
257.590019 94.776544 267.275073
248.428439 -1.108010 -159.194399
249.135761 0.233534 -157.890576
249.843084 1.575078 -156.586753
250.550406 2.916622 -155.282931
251.257729 4.258167 -153.979108
251.965051 5.599711 -152.675285
252.672374 6.941255 -151.371462
253.379696 8.282800 -150.067640
254.087019 9.624344 -148.763817
254.794342 10.965888 -147.459994
255.501664 12.307432 -146.156171
256.208987 13.648977 -144.852348
256.916309 14.990521 -143.548526
257.623632 16.332065 -142.244703
258.330954 17.673610 -140.940880
259.038277 19.015154 -139.637057
259.745599 20.356698 -138.333235
260.452922 21.698242 -137.029412
261.160244 23.039787 -135.725589
261.867567 24.381331 -134.421766
262.574889 25.722875 -133.117944
263.282212 27.064420 -131.814121
263.989534 28.405964 -130.510298
264.696857 29.747508 -129.206475
265.404179 31.089052 -127.902653
266.111502 32.430597 -126.598830
266.818824 33.772141 -125.295007
267.526147 35.113685 -123.991184
268.233469 36.455230 -122.687362
268.940792 37.796774 -121.383539
269.648114 39.138318 -120.079716
270.355437 40.479862 -118.775893
271.062759 41.821407 -117.472071
271.770082 43.162951 -116.168248
272.477404 44.504495 -114.864425
273.184727 45.846040 -113.560602
273.892049 47.187584 -112.256780
274.599372 48.529128 -110.952957
275.306694 49.870672 -109.649134
276.014017 51.212217 -108.345311
276.721339 52.553761 -107.041488
277.428662 53.895305 -105.737666
278.135984 55.236850 -104.433843
278.843307 56.578394 -103.130020
279.550629 57.919938 -101.826197
280.257952 59.261482 -100.522375
280.965274 60.603027 -99.218552
281.672597 61.944571 -97.914729
282.379919 63.286115 -96.610906
283.087242 64.627660 -95.307084
283.794564 65.969204 -94.003261
284.501887 67.310748 -92.699438
285.209209 68.652293 -91.395615
285.916532 69.993837 -90.091793
286.623855 71.335381 -88.787970
287.331177 72.676925 -87.484147
288.038500 74.018470 -86.180324
288.745822 75.360014 -84.876502
289.453145 76.701558 -83.572679
290.160467 78.043103 -82.268856
290.867790 79.384647 -80.965033
291.575112 80.726191 -79.661211
292.282435 82.067735 -78.357388
292.989757 83.409280 -77.053565
293.697080 84.750824 -75.749742
294.404402 86.092368 -74.445919
295.111725 87.433913 -73.142097
295.819047 88.775457 -71.838274
296.526370 90.117001 -70.534451
297.233692 91.458545 -69.230628
197.424578 -201.088511 -118.234795
196.164928 -199.537084 -118.155070
194.905278 -197.985656 -118.075345
193.645628 -196.434229 -117.995620
192.385979 -194.882802 -117.915895
191.126329 -193.331375 -117.836170
189.866679 -191.779948 -117.756445
188.607029 -190.228521 -117.676720
187.347379 -188.677094 -117.596995
186.087729 -187.125666 -117.517270
184.828080 -185.574239 -117.437545
183.568430 -184.022812 -117.357820
182.308780 -182.471385 -117.278095
181.049130 -180.919958 -117.198370
179.789480 -179.368531 -117.118645
178.529830 -177.817104 -117.038920
177.270180 -176.265676 -116.959195
176.010531 -174.714249 -116.879470
174.750881 -173.162822 -116.799745
173.491231 -171.611395 -116.720020
172.231581 -170.059968 -116.640295
170.971931 -168.508541 -116.560570
169.712281 -166.957114 -116.480845
168.452632 -165.405686 -116.401120
167.192982 -163.854259 -116.321395
165.933332 -162.302832 -116.241670
164.673682 -160.751405 -116.161945
163.414032 -159.199978 -116.082220
162.154382 -157.648551 -116.002495
160.894732 -156.097124 -115.922770
159.635083 -154.545696 -115.843045
158.375433 -152.994269 -115.763320
157.115783 -151.442842 -115.683595
155.856133 -149.891415 -115.603870
154.596483 -148.339988 -115.524145
153.336833 -146.788561 -115.444420
152.077184 -145.237134 -115.364695
150.817534 -143.685706 -115.284970
149.557884 -142.134279 -115.205246
148.298234 -140.582852 -115.125521
147.038584 -139.031425 -115.045796
145.778934 -137.479998 -114.966071
144.519284 -135.928571 -114.886346
143.259635 -134.377143 -114.806621
141.999985 -132.825716 -114.726896
140.740335 -131.274289 -114.647171
139.480685 -129.722862 -114.567446
138.221035 -128.171435 -114.487721
136.961385 -126.620008 -114.407996
135.701736 -125.068581 -114.328271
134.442086 -123.517153 -114.248546
133.182436 -121.965726 -114.168821
131.922786 -120.414299 -114.089096
130.663136 -118.862872 -114.009371
129.403486 -117.311445 -113.929646
128.143836 -115.760018 -113.849921
126.884187 -114.208591 -113.770196
125.624537 -112.657163 -113.690471
124.364887 -111.105736 -113.610746
123.105237 -109.554309 -113.531021
121.845587 -108.002882 -113.451296
120.585937 -106.451455 -113.371571
119.326288 -104.900028 -113.291846
118.066638 -103.348601 -113.212121
116.806988 -101.797173 -113.132396
115.547338 -100.245746 -113.052671
114.287688 -98.694319 -112.972946
113.028038 -97.142892 -112.893221
111.768388 -95.591465 -112.813496
110.508739 -94.040038 -112.733771
194.507110 136.603894 180.816285
195.504968 135.069653 181.622749
196.502826 133.535412 182.429212
197.500684 132.001170 183.235676
198.498542 130.466929 184.042140
199.496400 128.932688 184.848603
200.494258 127.398447 185.655067
201.492116 125.864206 186.461530
202.489974 124.329965 187.267994
203.487832 122.795724 188.074458
204.485690 121.261483 188.880921
205.483548 119.727241 189.687385
206.481406 118.193000 190.493849
207.479264 116.658759 191.300312
208.477122 115.124518 192.106776
209.474980 113.590277 192.913240
210.472838 112.056036 193.719703
211.470696 110.521795 194.526167
212.468554 108.987554 195.332631
213.466412 107.453312 196.139094
214.464270 105.919071 196.945558
215.462128 104.384830 197.752022
216.459986 102.850589 198.558485
217.457844 101.316348 199.364949
218.455702 99.782107 200.171412
219.453560 98.247866 200.977876
220.451418 96.713625 201.784340
221.449276 95.179383 202.590803
222.447134 93.645142 203.397267
223.444992 92.110901 204.203731
224.442850 90.576660 205.010194
225.440708 89.042419 205.816658
226.438566 87.508178 206.623122
227.436424 85.973937 207.429585
228.434282 84.439696 208.236049
229.432140 82.905454 209.042513
230.429998 81.371213 209.848976
231.427856 79.836972 210.655440
232.425714 78.302731 211.461904
233.423572 76.768490 212.268367
234.421430 75.234249 213.074831
235.419288 73.700008 213.881294
236.417146 72.165767 214.687758
237.415004 70.631525 215.494222
238.412861 69.097284 216.300685
239.410719 67.563043 217.107149
240.408577 66.028802 217.913613
241.406435 64.494561 218.720076
242.404293 62.960320 219.526540
243.402151 61.426079 220.333004
244.400009 59.891838 221.139467
245.397867 58.357596 221.945931
246.395725 56.823355 222.752395
247.393583 55.289114 223.558858
248.391441 53.754873 224.365322
249.389299 52.220632 225.171786
250.387157 50.686391 225.978249
251.385015 49.152150 226.784713
252.382873 47.617909 227.591176
253.380731 46.083667 228.397640
254.378589 44.549426 229.204104
255.376447 43.015185 230.010567
256.374305 41.480944 230.817031
257.372163 39.946703 231.623495
258.370021 38.412462 232.429958
259.367879 36.878221 233.236422
260.365737 35.343980 234.042886
261.363595 33.809738 234.849349
262.361453 32.275497 235.655813
263.359311 30.741256 236.462277
33.022185 -86.406784 247.174711
34.821233 -87.279751 247.137883
36.620280 -88.152718 247.101055
38.419328 -89.025685 247.064227
40.218376 -89.898652 247.027399
42.017423 -90.771619 246.990571
43.816471 -91.644587 246.953743
45.615518 -92.517554 246.916915
47.414566 -93.390521 246.880087
49.213613 -94.263488 246.843259
51.012661 -95.136455 246.806430
52.811708 -96.009422 246.769602
54.610756 -96.882390 246.732774
56.409803 -97.755357 246.695946
58.208851 -98.628324 246.659118
60.007898 -99.501291 246.622290
61.806946 -100.374258 246.585462
63.605993 -101.247225 246.548634
65.405041 -102.120193 246.511806
67.204088 -102.993160 246.474977
69.003136 -103.866127 246.438149
70.802184 -104.739094 246.401321
72.601231 -105.612061 246.364493
74.400279 -106.485028 246.327665
76.199326 -107.357996 246.290837
77.998374 -108.230963 246.254009
79.797421 -109.103930 246.217181
81.596469 -109.976897 246.180353
83.395516 -110.849864 246.143524
85.194564 -111.722831 246.106696
86.993611 -112.595799 246.069868
88.792659 -113.468766 246.033040
90.591706 -114.341733 245.996212
92.390754 -115.214700 245.959384
94.189801 -116.087667 245.922556
95.988849 -116.960634 245.885728
97.787897 -117.833602 245.848900
99.586944 -118.706569 245.812071
101.385992 -119.579536 245.775243
103.185039 -120.452503 245.738415
104.984087 -121.325470 245.701587
106.783134 -122.198437 245.664759
108.582182 -123.071405 245.627931
110.381229 -123.944372 245.591103
112.180277 -124.817339 245.554275
113.979324 -125.690306 245.517447
115.778372 -126.563273 245.480618
117.577419 -127.436240 245.443790
119.376467 -128.309208 245.406962
121.175514 -129.182175 245.370134
122.974562 -130.055142 245.333306
124.773609 -130.928109 245.296478
126.572657 -131.801076 245.259650
128.371705 -132.674043 245.222822
130.170752 -133.547011 245.185994
131.969800 -134.419978 245.149165
133.768847 -135.292945 245.112337
135.567895 -136.165912 245.075509
137.366942 -137.038879 245.038681
139.165990 -137.911846 245.001853
140.965037 -138.784814 244.965025
142.764085 -139.657781 244.928197
144.563132 -140.530748 244.891369
146.362180 -141.403715 244.854541
148.161227 -142.276682 244.817712
149.960275 -143.149649 244.780884
151.759322 -144.022617 244.744056
153.558370 -144.895584 244.707228
155.357417 -145.768551 244.670400
157.156465 -146.641518 244.633572
-82.594793 -16.250875 -6.126840
-83.388232 -18.049410 -6.495249
-84.181671 -19.847945 -6.863658
-84.975110 -21.646481 -7.232067
-85.768549 -23.445016 -7.600476
-86.561987 -25.243552 -7.968885
-87.355426 -27.042087 -8.337294
-88.148865 -28.840622 -8.705703
-88.942304 -30.639158 -9.074112
-89.735743 -32.437693 -9.442520
-90.529182 -34.236228 -9.810929
-91.322621 -36.034764 -10.179338
-92.116060 -37.833299 -10.547747
-92.909499 -39.631835 -10.916156
-93.702938 -41.430370 -11.284565
-94.496377 -43.228905 -11.652974
-95.289815 -45.027441 -12.021383
-96.083254 -46.825976 -12.389792
-96.876693 -48.624512 -12.758201
-97.670132 -50.423047 -13.126610
-98.463571 -52.221582 -13.495019
-99.257010 -54.020118 -13.863428
-100.050449 -55.818653 -14.231837
-100.843888 -57.617188 -14.600246
-101.637327 -59.415724 -14.968655
-102.430766 -61.214259 -15.337064
-103.224205 -63.012795 -15.705473
-104.017643 -64.811330 -16.073882
-104.811082 -66.609865 -16.442291
-105.604521 -68.408401 -16.810700
-106.397960 -70.206936 -17.179109
-107.191399 -72.005472 -17.547518
-107.984838 -73.804007 -17.915927
-108.778277 -75.602542 -18.284336
-109.571716 -77.401078 -18.652745
-110.365155 -79.199613 -19.021154
-111.158594 -80.998148 -19.389563
-111.952033 -82.796684 -19.757972
-112.745471 -84.595219 -20.126381
-113.538910 -86.393755 -20.494790
-114.332349 -88.192290 -20.863199
-115.125788 -89.990825 -21.231608
-115.919227 -91.789361 -21.600017
-116.712666 -93.587896 -21.968425
-117.506105 -95.386432 -22.336834
-118.299544 -97.184967 -22.705243
-119.092983 -98.983502 -23.073652
-119.886422 -100.782038 -23.442061
-120.679861 -102.580573 -23.810470
-121.473299 -104.379108 -24.178879
-122.266738 -106.177644 -24.547288
-123.060177 -107.976179 -24.915697
-123.853616 -109.774715 -25.284106
-124.647055 -111.573250 -25.652515
-125.440494 -113.371785 -26.020924
-126.233933 -115.170321 -26.389333
-127.027372 -116.968856 -26.757742
-127.820811 -118.767392 -27.126151
-128.614250 -120.565927 -27.494560
-129.407689 -122.364462 -27.862969
-130.201127 -124.162998 -28.231378
-130.994566 -125.961533 -28.599787
-131.788005 -127.760068 -28.968196
-132.581444 -129.558604 -29.336605
-133.374883 -131.357139 -29.705014
-134.168322 -133.155675 -30.073423
-134.961761 -134.954210 -30.441832
-135.755200 -136.752745 -30.810241
-136.548639 -138.551281 -31.178650
-137.342078 -140.349816 -31.547059
126.348166 290.448512 82.243445
124.853457 290.019420 83.501111
123.358747 289.590328 84.758777
121.864038 289.161235 86.016443
120.369329 288.732143 87.274109
118.874619 288.303051 88.531775
117.379910 287.873959 89.789441
115.885201 287.444866 91.047107
114.390491 287.015774 92.304773
112.895782 286.586682 93.562439
111.401073 286.157590 94.820105
109.906363 285.728497 96.077771
108.411654 285.299405 97.335437
106.916944 284.870313 98.593103
105.422235 284.441220 99.850769
103.927526 284.012128 101.108435
102.432816 283.583036 102.366101
100.938107 283.153944 103.623767
99.443398 282.724851 104.881433
97.948688 282.295759 106.139099
96.453979 281.866667 107.396765
94.959269 281.437575 108.654431
93.464560 281.008482 109.912097
91.969851 280.579390 111.169763
90.475141 280.150298 112.427429
88.980432 279.721206 113.685095
87.485723 279.292113 114.942761
85.991013 278.863021 116.200427
84.496304 278.433929 117.458093
83.001595 278.004836 118.715759
81.506885 277.575744 119.973425
80.012176 277.146652 121.231091
78.517466 276.717560 122.488757
77.022757 276.288467 123.746423
75.528048 275.859375 125.004089
74.033338 275.430283 126.261755
72.538629 275.001191 127.519421
71.043920 274.572098 128.777087
69.549210 274.143006 130.034753
68.054501 273.713914 131.292419
66.559792 273.284822 132.550085
65.065082 272.855729 133.807751
63.570373 272.426637 135.065417
62.075663 271.997545 136.323083
60.580954 271.568452 137.580749
59.086245 271.139360 138.838415
57.591535 270.710268 140.096081
56.096826 270.281176 141.353747
54.602117 269.852083 142.611413
53.107407 269.422991 143.869079
51.612698 268.993899 145.126745
50.117988 268.564807 146.384411
48.623279 268.135714 147.642076
47.128570 267.706622 148.899742
45.633860 267.277530 150.157408
44.139151 266.848437 151.415074
42.644442 266.419345 152.672740
41.149732 265.990253 153.930406
39.655023 265.561161 155.188072
38.160314 265.132068 156.445738
36.665604 264.702976 157.703404
35.170895 264.273884 158.961070
33.676185 263.844792 160.218736
32.181476 263.415699 161.476402
30.686767 262.986607 162.734068
29.192057 262.557515 163.991734
27.697348 262.128423 165.249400
26.202639 261.699330 166.507066
24.707929 261.270238 167.764732
23.213220 260.841146 169.022398
241.562160 56.477962 -239.240445
239.694488 56.327389 -238.541066
237.826817 56.176817 -237.841687
235.959145 56.026244 -237.142307
234.091474 55.875671 -236.442928
232.223802 55.725099 -235.743549
230.356131 55.574526 -235.044170
228.488460 55.423954 -234.344790
226.620788 55.273381 -233.645411
224.753117 55.122808 -232.946032
222.885445 54.972236 -232.246653
221.017774 54.821663 -231.547274
219.150102 54.671091 -230.847894
217.282431 54.520518 -230.148515
215.414760 54.369945 -229.449136
213.547088 54.219373 -228.749757
211.679417 54.068800 -228.050378
209.811745 53.918227 -227.350998
207.944074 53.767655 -226.651619
206.076402 53.617082 -225.952240
204.208731 53.466510 -225.252861
202.341059 53.315937 -224.553481
200.473388 53.165364 -223.854102
198.605717 53.014792 -223.154723
196.738045 52.864219 -222.455344
194.870374 52.713647 -221.755965
193.002702 52.563074 -221.056585
191.135031 52.412501 -220.357206
189.267359 52.261929 -219.657827
187.399688 52.111356 -218.958448
185.532017 51.960784 -218.259069
183.664345 51.810211 -217.559689
181.796674 51.659638 -216.860310
179.929002 51.509066 -216.160931
178.061331 51.358493 -215.461552
176.193659 51.207920 -214.762172
174.325988 51.057348 -214.062793
172.458316 50.906775 -213.363414
170.590645 50.756203 -212.664035
168.722974 50.605630 -211.964656
166.855302 50.455057 -211.265276
164.987631 50.304485 -210.565897
163.119959 50.153912 -209.866518
161.252288 50.003340 -209.167139
159.384616 49.852767 -208.467760
157.516945 49.702194 -207.768380
155.649273 49.551622 -207.069001
153.781602 49.401049 -206.369622
151.913931 49.250477 -205.670243
150.046259 49.099904 -204.970863
148.178588 48.949331 -204.271484
146.310916 48.798759 -203.572105
144.443245 48.648186 -202.872726
142.575573 48.497614 -202.173347
140.707902 48.347041 -201.473967
138.840231 48.196468 -200.774588
136.972559 48.045896 -200.075209
135.104888 47.895323 -199.375830
133.237216 47.744750 -198.676451
131.369545 47.594178 -197.977071
129.501873 47.443605 -197.277692
127.634202 47.293033 -196.578313
125.766530 47.142460 -195.878934
123.898859 46.991887 -195.179554
122.031188 46.841315 -194.480175
120.163516 46.690742 -193.780796
118.295845 46.540170 -193.081417
116.428173 46.389597 -192.382038
114.560502 46.239024 -191.682658
112.692830 46.088452 -190.983279
-26.882965 211.127497 241.182235
-24.970630 211.419265 240.674450
-23.058295 211.711033 240.166665
-21.145960 212.002801 239.658880
-19.233625 212.294569 239.151095
-17.321290 212.586337 238.643309
-15.408955 212.878105 238.135524
-13.496620 213.169873 237.627739
-11.584284 213.461641 237.119954
-9.671949 213.753409 236.612168
-7.759614 214.045177 236.104383
-5.847279 214.336945 235.596598
-3.934944 214.628713 235.088813
-2.022609 214.920481 234.581027
-0.110274 215.212249 234.073242
1.802061 215.504017 233.565457
3.714397 215.795785 233.057672
5.626732 216.087553 232.549887
7.539067 216.379321 232.042101
9.451402 216.671089 231.534316
11.363737 216.962857 231.026531
13.276072 217.254625 230.518746
15.188407 217.546393 230.010960
17.100742 217.838161 229.503175
19.013078 218.129929 228.995390
20.925413 218.421697 228.487605
22.837748 218.713465 227.979819
24.750083 219.005233 227.472034
26.662418 219.297001 226.964249
28.574753 219.588769 226.456464
30.487088 219.880536 225.948679
32.399423 220.172304 225.440893
34.311759 220.464072 224.933108
36.224094 220.755840 224.425323
38.136429 221.047608 223.917538
40.048764 221.339376 223.409752
41.961099 221.631144 222.901967
43.873434 221.922912 222.394182
45.785769 222.214680 221.886397
47.698104 222.506448 221.378612
49.610439 222.798216 220.870826
51.522775 223.089984 220.363041
53.435110 223.381752 219.855256
55.347445 223.673520 219.347471
57.259780 223.965288 218.839685
59.172115 224.257056 218.331900
61.084450 224.548824 217.824115
62.996785 224.840592 217.316330
64.909120 225.132360 216.808544
66.821456 225.424128 216.300759
68.733791 225.715896 215.792974
70.646126 226.007664 215.285189
72.558461 226.299432 214.777404
74.470796 226.591200 214.269618
76.383131 226.882968 213.761833
78.295466 227.174736 213.254048
80.207801 227.466504 212.746263
82.120137 227.758272 212.238477
84.032472 228.050040 211.730692
85.944807 228.341808 211.222907
87.857142 228.633576 210.715122
89.769477 228.925344 210.207336
91.681812 229.217112 209.699551
93.594147 229.508879 209.191766
95.506482 229.800647 208.683981
97.418817 230.092415 208.176196
99.331153 230.384183 207.668410
101.243488 230.675951 207.160625
103.155823 230.967719 206.652840
105.068158 231.259487 206.145055
43.889367 21.345215 170.443896
44.545496 22.583497 171.870835
45.201624 23.821778 173.297774
45.857753 25.060059 174.724713
46.513881 26.298341 176.151652
47.170010 27.536622 177.578591
47.826138 28.774903 179.005530
48.482267 30.013185 180.432469
49.138395 31.251466 181.859408
49.794524 32.489747 183.286347
50.450652 33.728029 184.713286
51.106781 34.966310 186.140225
51.762909 36.204591 187.567163
52.419038 37.442873 188.994102
53.075166 38.681154 190.421041
53.731295 39.919436 191.847980
54.387423 41.157717 193.274919
55.043552 42.395998 194.701858
55.699680 43.634280 196.128797
56.355809 44.872561 197.555736
57.011937 46.110842 198.982675
57.668066 47.349124 200.409614
58.324194 48.587405 201.836553
58.980323 49.825686 203.263492
59.636451 51.063968 204.690431
60.292580 52.302249 206.117369
60.948708 53.540530 207.544308
61.604837 54.778812 208.971247
62.260965 56.017093 210.398186
62.917094 57.255374 211.825125
63.573223 58.493656 213.252064
64.229351 59.731937 214.679003
64.885480 60.970218 216.105942
65.541608 62.208500 217.532881
66.197737 63.446781 218.959820
66.853865 64.685063 220.386759
67.509994 65.923344 221.813698
68.166122 67.161625 223.240637
68.822251 68.399907 224.667575
69.478379 69.638188 226.094514
70.134508 70.876469 227.521453
70.790636 72.114751 228.948392
71.446765 73.353032 230.375331
72.102893 74.591313 231.802270
72.759022 75.829595 233.229209
73.415150 77.067876 234.656148
74.071279 78.306157 236.083087
74.727407 79.544439 237.510026
75.383536 80.782720 238.936965
76.039664 82.021001 240.363904
76.695793 83.259283 241.790842
77.351921 84.497564 243.217781
78.008050 85.735845 244.644720
78.664178 86.974127 246.071659
79.320307 88.212408 247.498598
79.976435 89.450690 248.925537
80.632564 90.688971 250.352476
81.288692 91.927252 251.779415
81.944821 93.165534 253.206354
82.600949 94.403815 254.633293
83.257078 95.642096 256.060232
83.913206 96.880378 257.487171
84.569335 98.118659 258.914110
85.225463 99.356940 260.341048
85.881592 100.595222 261.767987
86.537720 101.833503 263.194926
87.193849 103.071784 264.621865
87.849977 104.310066 266.048804
88.506106 105.548347 267.475743
89.162234 106.786628 268.902682
-201.907646 296.114912 -114.835197
-200.289547 294.943350 -114.931120
-198.671449 293.771789 -115.027043
-197.053350 292.600227 -115.122966
-195.435252 291.428666 -115.218889
-193.817153 290.257105 -115.314812
-192.199055 289.085543 -115.410735
-190.580956 287.913982 -115.506658
-188.962858 286.742420 -115.602581
-187.344759 285.570859 -115.698505
-185.726661 284.399298 -115.794428
-184.108563 283.227736 -115.890351
-182.490464 282.056175 -115.986274
-180.872366 280.884613 -116.082197
-179.254267 279.713052 -116.178120
-177.636169 278.541491 -116.274043
-176.018070 277.369929 -116.369966
-174.399972 276.198368 -116.465889
-172.781873 275.026806 -116.561812
-171.163775 273.855245 -116.657736
-169.545676 272.683684 -116.753659
-167.927578 271.512122 -116.849582
-166.309479 270.340561 -116.945505
-164.691381 269.168999 -117.041428
-163.073282 267.997438 -117.137351
-161.455184 266.825877 -117.233274
-159.837086 265.654315 -117.329197
-158.218987 264.482754 -117.425120
-156.600889 263.311192 -117.521043
-154.982790 262.139631 -117.616967
-153.364692 260.968070 -117.712890
-151.746593 259.796508 -117.808813
-150.128495 258.624947 -117.904736
-148.510396 257.453385 -118.000659
-146.892298 256.281824 -118.096582
-145.274199 255.110263 -118.192505
-143.656101 253.938701 -118.288428
-142.038002 252.767140 -118.384351
-140.419904 251.595578 -118.480274
-138.801805 250.424017 -118.576198
-137.183707 249.252456 -118.672121
-135.565609 248.080894 -118.768044
-133.947510 246.909333 -118.863967
-132.329412 245.737771 -118.959890
-130.711313 244.566210 -119.055813
-129.093215 243.394649 -119.151736
-127.475116 242.223087 -119.247659
-125.857018 241.051526 -119.343582
-124.238919 239.879964 -119.439505
-122.620821 238.708403 -119.535429
-121.002722 237.536842 -119.631352
-119.384624 236.365280 -119.727275
-117.766525 235.193719 -119.823198
-116.148427 234.022157 -119.919121
-114.530329 232.850596 -120.015044
-112.912230 231.679035 -120.110967
-111.294132 230.507473 -120.206890
-109.676033 229.335912 -120.302813
-108.057935 228.164350 -120.398736
-106.439836 226.992789 -120.494660
-104.821738 225.821228 -120.590583
-103.203639 224.649666 -120.686506
-101.585541 223.478105 -120.782429
-99.967442 222.306543 -120.878352
-98.349344 221.134982 -120.974275
-96.731245 219.963421 -121.070198
-95.113147 218.791859 -121.166121
-93.495048 217.620298 -121.262044
-91.876950 216.448736 -121.357967
-90.258852 215.277175 -121.453890
-236.802532 -93.558149 -196.238433
-234.919538 -94.191880 -196.468043
-233.036544 -94.825610 -196.697653
-231.153551 -95.459341 -196.927262
-229.270557 -96.093072 -197.156872
-227.387564 -96.726803 -197.386482
-225.504570 -97.360534 -197.616092
-223.621577 -97.994264 -197.845701
-221.738583 -98.627995 -198.075311
-219.855590 -99.261726 -198.304921
-217.972596 -99.895457 -198.534531
-216.089603 -100.529187 -198.764140
-214.206609 -101.162918 -198.993750
-212.323616 -101.796649 -199.223360
-210.440622 -102.430380 -199.452970
-208.557629 -103.064111 -199.682579
-206.674635 -103.697841 -199.912189
-204.791641 -104.331572 -200.141799
-202.908648 -104.965303 -200.371409
-201.025654 -105.599034 -200.601019
-199.142661 -106.232765 -200.830628
-197.259667 -106.866495 -201.060238
-195.376674 -107.500226 -201.289848
-193.493680 -108.133957 -201.519458
-191.610687 -108.767688 -201.749067
-189.727693 -109.401418 -201.978677
-187.844700 -110.035149 -202.208287
-185.961706 -110.668880 -202.437897
-184.078713 -111.302611 -202.667506
-182.195719 -111.936342 -202.897116
-180.312726 -112.570072 -203.126726
-178.429732 -113.203803 -203.356336
-176.546738 -113.837534 -203.585945
-174.663745 -114.471265 -203.815555
-172.780751 -115.104995 -204.045165
-170.897758 -115.738726 -204.274775
-169.014764 -116.372457 -204.504384
-167.131771 -117.006188 -204.733994
-165.248777 -117.639919 -204.963604
-163.365784 -118.273649 -205.193214
-161.482790 -118.907380 -205.422823
-159.599797 -119.541111 -205.652433
-157.716803 -120.174842 -205.882043
-155.833810 -120.808573 -206.111653
-153.950816 -121.442303 -206.341263
-152.067822 -122.076034 -206.570872
-150.184829 -122.709765 -206.800482
-148.301835 -123.343496 -207.030092
-146.418842 -123.977226 -207.259702
-144.535848 -124.610957 -207.489311
-142.652855 -125.244688 -207.718921
-140.769861 -125.878419 -207.948531
-138.886868 -126.512150 -208.178141
-137.003874 -127.145880 -208.407750
-135.120881 -127.779611 -208.637360
-133.237887 -128.413342 -208.866970
-131.354894 -129.047073 -209.096580
-129.471900 -129.680803 -209.326189
-127.588907 -130.314534 -209.555799
-125.705913 -130.948265 -209.785409
-123.822919 -131.581996 -210.015019
-121.939926 -132.215727 -210.244628
-120.056932 -132.849457 -210.474238
-118.173939 -133.483188 -210.703848
-116.290945 -134.116919 -210.933458
-114.407952 -134.750650 -211.163068
-112.524958 -135.384381 -211.392677
-110.641965 -136.018111 -211.622287
-108.758971 -136.651842 -211.851897
-106.875978 -137.285573 -212.081507
-16.055062 35.385939 -243.675991
-16.351290 36.572284 -242.093325
-16.647518 37.758630 -240.510658
-16.943746 38.944975 -238.927991
-17.239975 40.131320 -237.345325
-17.536203 41.317666 -235.762658
-17.832431 42.504011 -234.179992
-18.128659 43.690356 -232.597325
-18.424887 44.876702 -231.014658
-18.721115 46.063047 -229.431992
-19.017343 47.249393 -227.849325
-19.313571 48.435738 -226.266659
-19.609799 49.622083 -224.683992
-19.906027 50.808429 -223.101325
-20.202255 51.994774 -221.518659
-20.498483 53.181120 -219.935992
-20.794711 54.367465 -218.353326
-21.090939 55.553810 -216.770659
-21.387167 56.740156 -215.187992
-21.683395 57.926501 -213.605326
-21.979623 59.112847 -212.022659
-22.275851 60.299192 -210.439993
-22.572079 61.485537 -208.857326
-22.868307 62.671883 -207.274659
-23.164536 63.858228 -205.691993
-23.460764 65.044574 -204.109326
-23.756992 66.230919 -202.526660
-24.053220 67.417264 -200.943993
-24.349448 68.603610 -199.361327
-24.645676 69.789955 -197.778660
-24.941904 70.976301 -196.195993
-25.238132 72.162646 -194.613327
-25.534360 73.348991 -193.030660
-25.830588 74.535337 -191.447994
-26.126816 75.721682 -189.865327
-26.423044 76.908028 -188.282660
-26.719272 78.094373 -186.699994
-27.015500 79.280718 -185.117327
-27.311728 80.467064 -183.534661
-27.607956 81.653409 -181.951994
-27.904184 82.839755 -180.369327
-28.200412 84.026100 -178.786661
-28.496640 85.212445 -177.203994
-28.792868 86.398791 -175.621328
-29.089097 87.585136 -174.038661
-29.385325 88.771481 -172.455994
-29.681553 89.957827 -170.873328
-29.977781 91.144172 -169.290661
-30.274009 92.330518 -167.707995
-30.570237 93.516863 -166.125328
-30.866465 94.703208 -164.542661
-31.162693 95.889554 -162.959995
-31.458921 97.075899 -161.377328
-31.755149 98.262245 -159.794662
-32.051377 99.448590 -158.211995
-32.347605 100.634935 -156.629328
-32.643833 101.821281 -155.046662
-32.940061 103.007626 -153.463995
-33.236289 104.193972 -151.881329
-33.532517 105.380317 -150.298662
-33.828745 106.566662 -148.715996
-34.124973 107.753008 -147.133329
-34.421201 108.939353 -145.550662
-34.717429 110.125699 -143.967996
-35.013658 111.312044 -142.385329
-35.309886 112.498389 -140.802663
-35.606114 113.684735 -139.219996
-35.902342 114.871080 -137.637329
-36.198570 116.057426 -136.054663
-36.494798 117.243771 -134.471996
108.513725 149.275266 -4.025839
108.874326 151.222146 -4.308015
109.234927 153.169027 -4.590190
109.595528 155.115907 -4.872366
109.956129 157.062788 -5.154541
110.316729 159.009669 -5.436717
110.677330 160.956549 -5.718892
111.037931 162.903430 -6.001067
111.398532 164.850310 -6.283243
111.759133 166.797191 -6.565418
112.119734 168.744072 -6.847594
112.480335 170.690952 -7.129769
112.840936 172.637833 -7.411945
113.201536 174.584713 -7.694120
113.562137 176.531594 -7.976295
113.922738 178.478474 -8.258471
114.283339 180.425355 -8.540646
114.643940 182.372236 -8.822822
115.004541 184.319116 -9.104997
115.365142 186.265997 -9.387173
115.725742 188.212877 -9.669348
116.086343 190.159758 -9.951523
116.446944 192.106639 -10.233699
116.807545 194.053519 -10.515874
117.168146 196.000400 -10.798050
117.528747 197.947280 -11.080225
117.889348 199.894161 -11.362401
118.249949 201.841042 -11.644576
118.610549 203.787922 -11.926751
118.971150 205.734803 -12.208927
119.331751 207.681683 -12.491102
119.692352 209.628564 -12.773278
120.052953 211.575445 -13.055453
120.413554 213.522325 -13.337629
120.774155 215.469206 -13.619804
121.134755 217.416086 -13.901979
121.495356 219.362967 -14.184155
121.855957 221.309848 -14.466330
122.216558 223.256728 -14.748506
122.577159 225.203609 -15.030681
122.937760 227.150489 -15.312857
123.298361 229.097370 -15.595032
123.658962 231.044250 -15.877207
124.019562 232.991131 -16.159383
124.380163 234.938012 -16.441558
124.740764 236.884892 -16.723734
125.101365 238.831773 -17.005909
125.461966 240.778653 -17.288085
125.822567 242.725534 -17.570260
126.183168 244.672415 -17.852435
126.543768 246.619295 -18.134611
126.904369 248.566176 -18.416786
127.264970 250.513056 -18.698962
127.625571 252.459937 -18.981137
127.986172 254.406818 -19.263313
128.346773 256.353698 -19.545488
128.707374 258.300579 -19.827663
129.067975 260.247459 -20.109839
129.428575 262.194340 -20.392014
129.789176 264.141221 -20.674190
130.149777 266.088101 -20.956365
130.510378 268.034982 -21.238541
130.870979 269.981862 -21.520716
131.231580 271.928743 -21.802891
131.592181 273.875624 -22.085067
131.952781 275.822504 -22.367242
132.313382 277.769385 -22.649418
132.673983 279.716265 -22.931593
133.034584 281.663146 -23.213769
133.395185 283.610026 -23.495944
42.555850 -101.909436 219.571808
41.697409 -103.701215 219.342451
40.838967 -105.492995 219.113094
39.980525 -107.284774 218.883738
39.122083 -109.076553 218.654381
38.263642 -110.868333 218.425024
37.405200 -112.660112 218.195667
36.546758 -114.451891 217.966310
35.688316 -116.243671 217.736953
34.829874 -118.035450 217.507596
33.971433 -119.827229 217.278239
33.112991 -121.619009 217.048882
32.254549 -123.410788 216.819525
31.396107 -125.202567 216.590168
30.537666 -126.994347 216.360811
29.679224 -128.786126 216.131454
28.820782 -130.577905 215.902098
27.962340 -132.369685 215.672741
27.103898 -134.161464 215.443384
26.245457 -135.953243 215.214027
25.387015 -137.745023 214.984670
24.528573 -139.536802 214.755313
23.670131 -141.328581 214.525956
22.811690 -143.120360 214.296599
21.953248 -144.912140 214.067242
21.094806 -146.703919 213.837885
20.236364 -148.495698 213.608528
19.377923 -150.287478 213.379171
18.519481 -152.079257 213.149815
17.661039 -153.871036 212.920458
16.802597 -155.662816 212.691101
15.944155 -157.454595 212.461744
15.085714 -159.246374 212.232387
14.227272 -161.038154 212.003030
13.368830 -162.829933 211.773673
12.510388 -164.621712 211.544316
11.651947 -166.413492 211.314959
10.793505 -168.205271 211.085602
9.935063 -169.997050 210.856245
9.076621 -171.788830 210.626888
8.218179 -173.580609 210.397532
7.359738 -175.372388 210.168175
6.501296 -177.164168 209.938818
5.642854 -178.955947 209.709461
4.784412 -180.747726 209.480104
3.925971 -182.539505 209.250747
3.067529 -184.331285 209.021390
2.209087 -186.123064 208.792033
1.350645 -187.914843 208.562676
0.492203 -189.706623 208.333319
-0.366238 -191.498402 208.103962
-1.224680 -193.290181 207.874605
-2.083122 -195.081961 207.645249
-2.941564 -196.873740 207.415892
-3.800005 -198.665519 207.186535
-4.658447 -200.457299 206.957178
-5.516889 -202.249078 206.727821
-6.375331 -204.040857 206.498464
-7.233772 -205.832637 206.269107
-8.092214 -207.624416 206.039750
-8.950656 -209.416195 205.810393
-9.809098 -211.207975 205.581036
-10.667540 -212.999754 205.351679
-11.525981 -214.791533 205.122322
-12.384423 -216.583312 204.892965
-13.242865 -218.375092 204.663609
-14.101307 -220.166871 204.434252
-14.959748 -221.958650 204.204895
-15.818190 -223.750430 203.975538
-16.676632 -225.542209 203.746181
-37.586914 144.777411 -112.803464
-36.645813 145.986290 -111.517798
-35.704711 147.195170 -110.232132
-34.763609 148.404050 -108.946466
-33.822507 149.612930 -107.660801
-32.881405 150.821810 -106.375135
-31.940304 152.030690 -105.089469
-30.999202 153.239570 -103.803803
-30.058100 154.448449 -102.518137
-29.116998 155.657329 -101.232471
-28.175896 156.866209 -99.946805
-27.234795 158.075089 -98.661139
-26.293693 159.283969 -97.375473
-25.352591 160.492849 -96.089807
-24.411489 161.701729 -94.804141
-23.470387 162.910609 -93.518475
-22.529285 164.119488 -92.232810
-21.588184 165.328368 -90.947144
-20.647082 166.537248 -89.661478
-19.705980 167.746128 -88.375812
-18.764878 168.955008 -87.090146
-17.823776 170.163888 -85.804480
-16.882675 171.372768 -84.518814
-15.941573 172.581647 -83.233148
-15.000471 173.790527 -81.947482
-14.059369 174.999407 -80.661816
-13.118267 176.208287 -79.376150
-12.177166 177.417167 -78.090484
-11.236064 178.626047 -76.804819
-10.294962 179.834927 -75.519153
-9.353860 181.043807 -74.233487
-8.412758 182.252686 -72.947821
-7.471657 183.461566 -71.662155
-6.530555 184.670446 -70.376489
-5.589453 185.879326 -69.090823
-4.648351 187.088206 -67.805157
-3.707249 188.297086 -66.519491
-2.766147 189.505966 -65.233825
-1.825046 190.714846 -63.948159
-0.883944 191.923725 -62.662493
0.057158 193.132605 -61.376828
0.998260 194.341485 -60.091162
1.939362 195.550365 -58.805496
2.880463 196.759245 -57.519830
3.821565 197.968125 -56.234164
4.762667 199.177005 -54.948498
5.703769 200.385884 -53.662832
6.644871 201.594764 -52.377166
7.585972 202.803644 -51.091500
8.527074 204.012524 -49.805834
9.468176 205.221404 -48.520168
10.409278 206.430284 -47.234502
11.350380 207.639164 -45.948837
12.291481 208.848044 -44.663171
13.232583 210.056923 -43.377505
14.173685 211.265803 -42.091839
15.114787 212.474683 -40.806173
16.055889 213.683563 -39.520507
16.996991 214.892443 -38.234841
17.938092 216.101323 -36.949175
18.879194 217.310203 -35.663509
19.820296 218.519082 -34.377843
20.761398 219.727962 -33.092177
21.702500 220.936842 -31.806511
22.643601 222.145722 -30.520846
23.584703 223.354602 -29.235180
24.525805 224.563482 -27.949514
25.466907 225.772362 -26.663848
26.408009 226.981242 -25.378182
27.349110 228.190121 -24.092516
-223.629389 -45.383157 -24.837921
-222.152096 -45.686717 -26.151487
-220.674803 -45.990277 -27.465054
-219.197509 -46.293837 -28.778620
-217.720216 -46.597397 -30.092186
-216.242923 -46.900958 -31.405752
-214.765630 -47.204518 -32.719318
-213.288336 -47.508078 -34.032884
-211.811043 -47.811638 -35.346450
-210.333750 -48.115198 -36.660016
-208.856457 -48.418758 -37.973582
-207.379163 -48.722319 -39.287148
-205.901870 -49.025879 -40.600715
-204.424577 -49.329439 -41.914281
-202.947284 -49.632999 -43.227847
-201.469990 -49.936559 -44.541413
-199.992697 -50.240120 -45.854979
-198.515404 -50.543680 -47.168545
-197.038111 -50.847240 -48.482111
-195.560818 -51.150800 -49.795677
-194.083524 -51.454360 -51.109243
-192.606231 -51.757920 -52.422809
-191.128938 -52.061481 -53.736375
-189.651645 -52.365041 -55.049942
-188.174351 -52.668601 -56.363508
-186.697058 -52.972161 -57.677074
-185.219765 -53.275721 -58.990640
-183.742472 -53.579281 -60.304206
-182.265178 -53.882842 -61.617772
-180.787885 -54.186402 -62.931338
-179.310592 -54.489962 -64.244904
-177.833299 -54.793522 -65.558470
-176.356005 -55.097082 -66.872036
-174.878712 -55.400643 -68.185603
-173.401419 -55.704203 -69.499169
-171.924126 -56.007763 -70.812735
-170.446832 -56.311323 -72.126301
-168.969539 -56.614883 -73.439867
-167.492246 -56.918443 -74.753433
-166.014953 -57.222004 -76.066999
-164.537659 -57.525564 -77.380565
-163.060366 -57.829124 -78.694131
-161.583073 -58.132684 -80.007697
-160.105780 -58.436244 -81.321263
-158.628486 -58.739804 -82.634830
-157.151193 -59.043365 -83.948396
-155.673900 -59.346925 -85.261962
-154.196607 -59.650485 -86.575528
-152.719313 -59.954045 -87.889094
-151.242020 -60.257605 -89.202660
-149.764727 -60.561166 -90.516226
-148.287434 -60.864726 -91.829792
-146.810140 -61.168286 -93.143358
-145.332847 -61.471846 -94.456924
-143.855554 -61.775406 -95.770491
-142.378261 -62.078966 -97.084057
-140.900967 -62.382527 -98.397623
-139.423674 -62.686087 -99.711189
-137.946381 -62.989647 -101.024755
-136.469088 -63.293207 -102.338321
-134.991794 -63.596767 -103.651887
-133.514501 -63.900327 -104.965453
-132.037208 -64.203888 -106.279019
-130.559915 -64.507448 -107.592585
-129.082621 -64.811008 -108.906151
-127.605328 -65.114568 -110.219718
-126.128035 -65.418128 -111.533284
-124.650742 -65.721689 -112.846850
-123.173448 -66.025249 -114.160416
-121.696155 -66.328809 -115.473982
281.192827 -225.645161 199.124254
280.767273 -223.787249 199.730113
280.341719 -221.929336 200.335972
279.916164 -220.071424 200.941831
279.490610 -218.213512 201.547690
279.065056 -216.355599 202.153549
278.639502 -214.497687 202.759408
278.213947 -212.639774 203.365266
277.788393 -210.781862 203.971125
277.362839 -208.923950 204.576984
276.937285 -207.066037 205.182843
276.511730 -205.208125 205.788702
276.086176 -203.350212 206.394561
275.660622 -201.492300 207.000420
275.235068 -199.634388 207.606279
274.809513 -197.776475 208.212138
274.383959 -195.918563 208.817997
273.958405 -194.060650 209.423856
273.532851 -192.202738 210.029715
273.107297 -190.344826 210.635574
272.681742 -188.486913 211.241433
272.256188 -186.629001 211.847292
271.830634 -184.771088 212.453151
271.405080 -182.913176 213.059010
270.979525 -181.055263 213.664869
270.553971 -179.197351 214.270728
270.128417 -177.339439 214.876586
269.702863 -175.481526 215.482445
269.277308 -173.623614 216.088304
268.851754 -171.765701 216.694163
268.426200 -169.907789 217.300022
268.000646 -168.049877 217.905881
267.575091 -166.191964 218.511740
267.149537 -164.334052 219.117599
266.723983 -162.476139 219.723458
266.298429 -160.618227 220.329317
265.872874 -158.760315 220.935176
265.447320 -156.902402 221.541035
265.021766 -155.044490 222.146894
264.596212 -153.186577 222.752753
264.170657 -151.328665 223.358612
263.745103 -149.470753 223.964471
263.319549 -147.612840 224.570330
262.893995 -145.754928 225.176189
262.468440 -143.897015 225.782048
262.042886 -142.039103 226.387906
261.617332 -140.181190 226.993765
261.191778 -138.323278 227.599624
260.766223 -136.465366 228.205483
260.340669 -134.607453 228.811342
259.915115 -132.749541 229.417201
259.489561 -130.891628 230.023060
259.064006 -129.033716 230.628919
258.638452 -127.175804 231.234778
258.212898 -125.317891 231.840637
257.787344 -123.459979 232.446496
257.361789 -121.602066 233.052355
256.936235 -119.744154 233.658214
256.510681 -117.886242 234.264073
256.085127 -116.028329 234.869932
255.659573 -114.170417 235.475791
255.234018 -112.312504 236.081650
254.808464 -110.454592 236.687509
254.382910 -108.596680 237.293368
253.957356 -106.738767 237.899227
253.531801 -104.880855 238.505085
253.106247 -103.022942 239.110944
252.680693 -101.165030 239.716803
252.255139 -99.307117 240.322662
251.829584 -97.449205 240.928521
-58.897825 -27.382580 -202.255349
-56.916163 -27.188584 -202.443445
-54.934500 -26.994587 -202.631541
-52.952838 -26.800591 -202.819637
-50.971176 -26.606594 -203.007733
-48.989514 -26.412597 -203.195829
-47.007851 -26.218601 -203.383925
-45.026189 -26.024604 -203.572021
-43.044527 -25.830608 -203.760117
-41.062865 -25.636611 -203.948213
-39.081203 -25.442615 -204.136309
-37.099540 -25.248618 -204.324405
-35.117878 -25.054621 -204.512501
-33.136216 -24.860625 -204.700597
-31.154554 -24.666628 -204.888693
-29.172891 -24.472632 -205.076789
-27.191229 -24.278635 -205.264885
-25.209567 -24.084638 -205.452981
-23.227905 -23.890642 -205.641077
-21.246242 -23.696645 -205.829173
-19.264580 -23.502649 -206.017269
-17.282918 -23.308652 -206.205365
-15.301256 -23.114655 -206.393461
-13.319593 -22.920659 -206.581557
-11.337931 -22.726662 -206.769653
-9.356269 -22.532666 -206.957749
-7.374607 -22.338669 -207.145845
-5.392945 -22.144672 -207.333941
-3.411282 -21.950676 -207.522037
-1.429620 -21.756679 -207.710133
0.552042 -21.562683 -207.898228
2.533704 -21.368686 -208.086324
4.515367 -21.174689 -208.274420
6.497029 -20.980693 -208.462516
8.478691 -20.786696 -208.650612
10.460353 -20.592700 -208.838708
12.442016 -20.398703 -209.026804
14.423678 -20.204706 -209.214900
16.405340 -20.010710 -209.402996
18.387002 -19.816713 -209.591092
20.368665 -19.622717 -209.779188
22.350327 -19.428720 -209.967284
24.331989 -19.234723 -210.155380
26.313651 -19.040727 -210.343476
28.295314 -18.846730 -210.531572
30.276976 -18.652734 -210.719668
32.258638 -18.458737 -210.907764
34.240300 -18.264741 -211.095860
36.221962 -18.070744 -211.283956
38.203625 -17.876747 -211.472052
40.185287 -17.682751 -211.660148
42.166949 -17.488754 -211.848244
44.148611 -17.294758 -212.036340
46.130274 -17.100761 -212.224436
48.111936 -16.906764 -212.412532
50.093598 -16.712768 -212.600628
52.075260 -16.518771 -212.788724
54.056923 -16.324775 -212.976820
56.038585 -16.130778 -213.164916
58.020247 -15.936781 -213.353012
60.001909 -15.742785 -213.541108
61.983572 -15.548788 -213.729204
63.965234 -15.354792 -213.917300
65.946896 -15.160795 -214.105396
67.928558 -14.966798 -214.293492
69.910220 -14.772802 -214.481588
71.891883 -14.578805 -214.669684
73.873545 -14.384809 -214.857780
75.855207 -14.190812 -215.045876
77.836869 -13.996815 -215.233972
123.011152 -251.692505 85.048100
121.876552 -250.408095 84.017093
120.741953 -249.123685 82.986086
119.607354 -247.839275 81.955079
118.472754 -246.554865 80.924073
117.338155 -245.270455 79.893066
116.203556 -243.986045 78.862059
115.068956 -242.701634 77.831052
113.934357 -241.417224 76.800045
112.799758 -240.132814 75.769039
111.665158 -238.848404 74.738032
110.530559 -237.563994 73.707025
109.395960 -236.279584 72.676018
108.261360 -234.995174 71.645011
107.126761 -233.710764 70.614005
105.992162 -232.426353 69.582998
104.857563 -231.141943 68.551991
103.722963 -229.857533 67.520984
102.588364 -228.573123 66.489977
101.453765 -227.288713 65.458971
100.319165 -226.004303 64.427964
99.184566 -224.719893 63.396957
98.049967 -223.435483 62.365950
96.915367 -222.151072 61.334943
95.780768 -220.866662 60.303937
94.646169 -219.582252 59.272930
93.511569 -218.297842 58.241923
92.376970 -217.013432 57.210916
91.242371 -215.729022 56.179910
90.107771 -214.444612 55.148903
88.973172 -213.160202 54.117896
87.838573 -211.875791 53.086889
86.703973 -210.591381 52.055882
85.569374 -209.306971 51.024876
84.434775 -208.022561 49.993869
83.300175 -206.738151 48.962862
82.165576 -205.453741 47.931855
81.030977 -204.169331 46.900848
79.896378 -202.884921 45.869842
78.761778 -201.600510 44.838835
77.627179 -200.316100 43.807828
76.492580 -199.031690 42.776821
75.357980 -197.747280 41.745814
74.223381 -196.462870 40.714808
73.088782 -195.178460 39.683801
71.954182 -193.894050 38.652794
70.819583 -192.609640 37.621787
69.684984 -191.325229 36.590780
68.550384 -190.040819 35.559774
67.415785 -188.756409 34.528767
66.281186 -187.471999 33.497760
65.146586 -186.187589 32.466753
64.011987 -184.903179 31.435746
62.877388 -183.618769 30.404740
61.742788 -182.334359 29.373733
60.608189 -181.049948 28.342726
59.473590 -179.765538 27.311719
58.338991 -178.481128 26.280712
57.204391 -177.196718 25.249706
56.069792 -175.912308 24.218699
54.935193 -174.627898 23.187692
53.800593 -173.343488 22.156685
52.665994 -172.059077 21.125678
51.531395 -170.774667 20.094672
50.396795 -169.490257 19.063665
49.262196 -168.205847 18.032658
48.127597 -166.921437 17.001651
46.992997 -165.637027 15.970644
45.858398 -164.352617 14.939638
44.723799 -163.068207 13.908631
140.996582 -166.263653 114.532525
141.359290 -164.485663 115.373475
141.721998 -162.707674 116.214425
142.084707 -160.929685 117.055376
142.447415 -159.151696 117.896326
142.810123 -157.373707 118.737276
143.172832 -155.595717 119.578226
143.535540 -153.817728 120.419176
143.898248 -152.039739 121.260126
144.260957 -150.261750 122.101076
144.623665 -148.483761 122.942026
144.986374 -146.705771 123.782976
145.349082 -144.927782 124.623926
145.711790 -143.149793 125.464876
146.074499 -141.371804 126.305826
146.437207 -139.593815 127.146776
146.799915 -137.815825 127.987726
147.162624 -136.037836 128.828677
147.525332 -134.259847 129.669627
147.888041 -132.481858 130.510577
148.250749 -130.703869 131.351527
148.613457 -128.925879 132.192477
148.976166 -127.147890 133.033427
149.338874 -125.369901 133.874377
149.701582 -123.591912 134.715327
150.064291 -121.813923 135.556277
150.426999 -120.035933 136.397227
150.789708 -118.257944 137.238177
151.152416 -116.479955 138.079127
151.515124 -114.701966 138.920077
151.877833 -112.923976 139.761027
152.240541 -111.145987 140.601978
152.603249 -109.367998 141.442928
152.965958 -107.590009 142.283878
153.328666 -105.812020 143.124828
153.691375 -104.034030 143.965778
154.054083 -102.256041 144.806728
154.416791 -100.478052 145.647678
154.779500 -98.700063 146.488628
155.142208 -96.922074 147.329578
155.504916 -95.144084 148.170528
155.867625 -93.366095 149.011478
156.230333 -91.588106 149.852428
156.593041 -89.810117 150.693378
156.955750 -88.032128 151.534328
157.318458 -86.254138 152.375279
157.681167 -84.476149 153.216229
158.043875 -82.698160 154.057179
158.406583 -80.920171 154.898129
158.769292 -79.142182 155.739079
159.132000 -77.364192 156.580029
159.494708 -75.586203 157.420979
159.857417 -73.808214 158.261929
160.220125 -72.030225 159.102879
160.582834 -70.252236 159.943829
160.945542 -68.474246 160.784779
161.308250 -66.696257 161.625729
161.670959 -64.918268 162.466679
162.033667 -63.140279 163.307629
162.396375 -61.362290 164.148580
162.759084 -59.584300 164.989530
163.121792 -57.806311 165.830480
163.484501 -56.028322 166.671430
163.847209 -54.250333 167.512380
164.209917 -52.472343 168.353330
164.572626 -50.694354 169.194280
164.935334 -48.916365 170.035230
165.298042 -47.138376 170.876180
165.660751 -45.360387 171.717130
166.023459 -43.582397 172.558080
-155.979190 -91.859835 -117.674857
-154.288105 -92.089704 -116.632077
-152.597019 -92.319572 -115.589297
-150.905934 -92.549441 -114.546517
-149.214848 -92.779310 -113.503737
-147.523763 -93.009178 -112.460956
-145.832677 -93.239047 -111.418176
-144.141592 -93.468916 -110.375396
-142.450507 -93.698784 -109.332616
-140.759421 -93.928653 -108.289836
-139.068336 -94.158522 -107.247056
-137.377250 -94.388390 -106.204276
-135.686165 -94.618259 -105.161495
-133.995079 -94.848128 -104.118715
-132.303994 -95.077996 -103.075935
-130.612909 -95.307865 -102.033155
-128.921823 -95.537734 -100.990375
-127.230738 -95.767602 -99.947595
-125.539652 -95.997471 -98.904815
-123.848567 -96.227340 -97.862034
-122.157481 -96.457208 -96.819254
-120.466396 -96.687077 -95.776474
-118.775310 -96.916946 -94.733694
-117.084225 -97.146814 -93.690914
-115.393140 -97.376683 -92.648134
-113.702054 -97.606551 -91.605354
-112.010969 -97.836420 -90.562573
-110.319883 -98.066289 -89.519793
-108.628798 -98.296157 -88.477013
-106.937712 -98.526026 -87.434233
-105.246627 -98.755895 -86.391453
-103.555541 -98.985763 -85.348673
-101.864456 -99.215632 -84.305893
-100.173371 -99.445501 -83.263113
-98.482285 -99.675369 -82.220332
-96.791200 -99.905238 -81.177552
-95.100114 -100.135107 -80.134772
-93.409029 -100.364975 -79.091992
-91.717943 -100.594844 -78.049212
-90.026858 -100.824713 -77.006432
-88.335772 -101.054581 -75.963652
-86.644687 -101.284450 -74.920871
-84.953602 -101.514319 -73.878091
-83.262516 -101.744187 -72.835311
-81.571431 -101.974056 -71.792531
-79.880345 -102.203925 -70.749751
-78.189260 -102.433793 -69.706971
-76.498174 -102.663662 -68.664191
-74.807089 -102.893531 -67.621410
-73.116003 -103.123399 -66.578630
-71.424918 -103.353268 -65.535850
-69.733833 -103.583137 -64.493070
-68.042747 -103.813005 -63.450290
-66.351662 -104.042874 -62.407510
-64.660576 -104.272743 -61.364730
-62.969491 -104.502611 -60.321949
-61.278405 -104.732480 -59.279169
-59.587320 -104.962349 -58.236389
-57.896234 -105.192217 -57.193609
-56.205149 -105.422086 -56.150829
-54.514064 -105.651955 -55.108049
-52.822978 -105.881823 -54.065269
-51.131893 -106.111692 -53.022488
-49.440807 -106.341560 -51.979708
-47.749722 -106.571429 -50.936928
-46.058636 -106.801298 -49.894148
-44.367551 -107.031166 -48.851368
-42.676465 -107.261035 -47.808588
-40.985380 -107.490904 -46.765808
-39.294295 -107.720772 -45.723027
65.731954 39.689048 5.899289
67.720456 39.659421 5.687196
69.708957 39.629793 5.475103
71.697459 39.600165 5.263010
73.685961 39.570537 5.050917
75.674462 39.540909 4.838824
77.662964 39.511282 4.626731
79.651466 39.481654 4.414638
81.639967 39.452026 4.202545
83.628469 39.422398 3.990452
85.616971 39.392771 3.778359
87.605472 39.363143 3.566266
89.593974 39.333515 3.354173
91.582475 39.303887 3.142080
93.570977 39.274260 2.929987
95.559479 39.244632 2.717894
97.547980 39.215004 2.505801
99.536482 39.185376 2.293708
101.524984 39.155749 2.081615
103.513485 39.126121 1.869522
105.501987 39.096493 1.657429
107.490489 39.066865 1.445336
109.478990 39.037238 1.233243
111.467492 39.007610 1.021150
113.455993 38.977982 0.809057
115.444495 38.948354 0.596964
117.432997 38.918727 0.384871
119.421498 38.889099 0.172778
121.410000 38.859471 -0.039315
123.398502 38.829843 -0.251408
125.387003 38.800215 -0.463501
127.375505 38.770588 -0.675594
129.364006 38.740960 -0.887687
131.352508 38.711332 -1.099780
133.341010 38.681704 -1.311873
135.329511 38.652077 -1.523966
137.318013 38.622449 -1.736059
139.306515 38.592821 -1.948152
141.295016 38.563193 -2.160245
143.283518 38.533566 -2.372338
145.272020 38.503938 -2.584431
147.260521 38.474310 -2.796524
149.249023 38.444682 -3.008617
151.237524 38.415055 -3.220710
153.226026 38.385427 -3.432803
155.214528 38.355799 -3.644896
157.203029 38.326171 -3.856989
159.191531 38.296544 -4.069082
161.180033 38.266916 -4.281175
163.168534 38.237288 -4.493268
165.157036 38.207660 -4.705361
167.145538 38.178033 -4.917454
169.134039 38.148405 -5.129547
171.122541 38.118777 -5.341640
173.111042 38.089149 -5.553733
175.099544 38.059521 -5.765826
177.088046 38.029894 -5.977919
179.076547 38.000266 -6.190012
181.065049 37.970638 -6.402105
183.053551 37.941010 -6.614198
185.042052 37.911383 -6.826291
187.030554 37.881755 -7.038384
189.019056 37.852127 -7.250477
191.007557 37.822499 -7.462570
192.996059 37.792872 -7.674663
194.984560 37.763244 -7.886756
196.973062 37.733616 -8.098848
198.961564 37.703988 -8.310941
200.950065 37.674361 -8.523034
202.938567 37.644733 -8.735127
186.243660 3.620610 -29.405150
187.200562 1.864842 -29.364956
188.157465 0.109074 -29.324762
189.114367 -1.646695 -29.284568
190.071269 -3.402463 -29.244374
191.028172 -5.158231 -29.204180
191.985074 -6.913999 -29.163986
192.941977 -8.669768 -29.123792
193.898879 -10.425536 -29.083598
194.855782 -12.181304 -29.043404
195.812684 -13.937072 -29.003210
196.769587 -15.692840 -28.963016
197.726489 -17.448609 -28.922821
198.683392 -19.204377 -28.882627
199.640294 -20.960145 -28.842433
200.597197 -22.715913 -28.802239
201.554099 -24.471682 -28.762045
202.511002 -26.227450 -28.721851
203.467904 -27.983218 -28.681657
204.424807 -29.738986 -28.641463
205.381709 -31.494755 -28.601269
206.338611 -33.250523 -28.561075
207.295514 -35.006291 -28.520881
208.252416 -36.762059 -28.480687
209.209319 -38.517828 -28.440493
210.166221 -40.273596 -28.400299
211.123124 -42.029364 -28.360104
212.080026 -43.785132 -28.319910
213.036929 -45.540900 -28.279716
213.993831 -47.296669 -28.239522
214.950734 -49.052437 -28.199328
215.907636 -50.808205 -28.159134
216.864539 -52.563973 -28.118940
217.821441 -54.319742 -28.078746
218.778344 -56.075510 -28.038552
219.735246 -57.831278 -27.998358
220.692149 -59.587046 -27.958164
221.649051 -61.342815 -27.917970
222.605953 -63.098583 -27.877776
223.562856 -64.854351 -27.837582
224.519758 -66.610119 -27.797387
225.476661 -68.365888 -27.757193
226.433563 -70.121656 -27.716999
227.390466 -71.877424 -27.676805
228.347368 -73.633192 -27.636611
229.304271 -75.388960 -27.596417
230.261173 -77.144729 -27.556223
231.218076 -78.900497 -27.516029
232.174978 -80.656265 -27.475835
233.131881 -82.412033 -27.435641
234.088783 -84.167802 -27.395447
235.045686 -85.923570 -27.355253
236.002588 -87.679338 -27.315059
236.959491 -89.435106 -27.274865
237.916393 -91.190875 -27.234670
238.873295 -92.946643 -27.194476
239.830198 -94.702411 -27.154282
240.787100 -96.458179 -27.114088
241.744003 -98.213948 -27.073894
242.700905 -99.969716 -27.033700
243.657808 -101.725484 -26.993506
244.614710 -103.481252 -26.953312
245.571613 -105.237020 -26.913118
246.528515 -106.992789 -26.872924
247.485418 -108.748557 -26.832730
248.442320 -110.504325 -26.792536
249.399223 -112.260093 -26.752342
250.356125 -114.015862 -26.712148
251.313028 -115.771630 -26.671954
252.269930 -117.527398 -26.631759
116.843254 -128.129211 20.067666
118.052038 -126.863200 21.035165
119.260823 -125.597189 22.002665
120.469608 -124.331178 22.970165
121.678393 -123.065167 23.937665
122.887177 -121.799157 24.905165
124.095962 -120.533146 25.872665
125.304747 -119.267135 26.840165
126.513532 -118.001124 27.807665
127.722317 -116.735113 28.775164
128.931101 -115.469103 29.742664
130.139886 -114.203092 30.710164
131.348671 -112.937081 31.677664
132.557456 -111.671070 32.645164
133.766240 -110.405059 33.612664
134.975025 -109.139049 34.580164
136.183810 -107.873038 35.547664
137.392595 -106.607027 36.515163
138.601380 -105.341016 37.482663
139.810164 -104.075005 38.450163
141.018949 -102.808995 39.417663
142.227734 -101.542984 40.385163
143.436519 -100.276973 41.352663
144.645303 -99.010962 42.320163
145.854088 -97.744951 43.287663
147.062873 -96.478941 44.255162
148.271658 -95.212930 45.222662
149.480443 -93.946919 46.190162
150.689227 -92.680908 47.157662
151.898012 -91.414897 48.125162
153.106797 -90.148886 49.092662
154.315582 -88.882876 50.060162
155.524366 -87.616865 51.027662
156.733151 -86.350854 51.995161
157.941936 -85.084843 52.962661
159.150721 -83.818832 53.930161
160.359506 -82.552822 54.897661
161.568290 -81.286811 55.865161
162.777075 -80.020800 56.832661
163.985860 -78.754789 57.800161
165.194645 -77.488778 58.767660
166.403429 -76.222768 59.735160
167.612214 -74.956757 60.702660
168.820999 -73.690746 61.670160
170.029784 -72.424735 62.637660
171.238569 -71.158724 63.605160
172.447353 -69.892714 64.572660
173.656138 -68.626703 65.540160
174.864923 -67.360692 66.507659
176.073708 -66.094681 67.475159
177.282492 -64.828670 68.442659
178.491277 -63.562660 69.410159
179.700062 -62.296649 70.377659
180.908847 -61.030638 71.345159
182.117632 -59.764627 72.312659
183.326416 -58.498616 73.280159
184.535201 -57.232606 74.247658
185.743986 -55.966595 75.215158
186.952771 -54.700584 76.182658
188.161555 -53.434573 77.150158
189.370340 -52.168562 78.117658
190.579125 -50.902552 79.085158
191.787910 -49.636541 80.052658
192.996695 -48.370530 81.020158
194.205479 -47.104519 81.987657
195.414264 -45.838508 82.955157
196.623049 -44.572497 83.922657
197.831834 -43.306487 84.890157
199.040618 -42.040476 85.857657
200.249403 -40.774465 86.825157
-118.647578 -298.772400 -47.557494
-120.048987 -297.431910 -47.068476
-121.450397 -296.091420 -46.579458
-122.851806 -294.750931 -46.090439
-124.253216 -293.410441 -45.601421
-125.654625 -292.069951 -45.112402
-127.056034 -290.729462 -44.623384
-128.457444 -289.388972 -44.134365
-129.858853 -288.048482 -43.645347
-131.260263 -286.707993 -43.156328
-132.661672 -285.367503 -42.667310
-134.063082 -284.027013 -42.178292
-135.464491 -282.686524 -41.689273
-136.865901 -281.346034 -41.200255
-138.267310 -280.005544 -40.711236
-139.668719 -278.665055 -40.222218
-141.070129 -277.324565 -39.733199
-142.471538 -275.984075 -39.244181
-143.872948 -274.643586 -38.755163
-145.274357 -273.303096 -38.266144
-146.675767 -271.962606 -37.777126
-148.077176 -270.622117 -37.288107
-149.478586 -269.281627 -36.799089
-150.879995 -267.941137 -36.310070
-152.281405 -266.600648 -35.821052
-153.682814 -265.260158 -35.332034
-155.084223 -263.919668 -34.843015
-156.485633 -262.579179 -34.353997
-157.887042 -261.238689 -33.864978
-159.288452 -259.898199 -33.375960
-160.689861 -258.557710 -32.886941
-162.091271 -257.217220 -32.397923
-163.492680 -255.876730 -31.908905
-164.894090 -254.536241 -31.419886
-166.295499 -253.195751 -30.930868
-167.696908 -251.855262 -30.441849
-169.098318 -250.514772 -29.952831
-170.499727 -249.174282 -29.463812
-171.901137 -247.833793 -28.974794
-173.302546 -246.493303 -28.485776
-174.703956 -245.152813 -27.996757
-176.105365 -243.812324 -27.507739
-177.506775 -242.471834 -27.018720
-178.908184 -241.131344 -26.529702
-180.309594 -239.790855 -26.040683
-181.711003 -238.450365 -25.551665
-183.112412 -237.109875 -25.062647
-184.513822 -235.769386 -24.573628
-185.915231 -234.428896 -24.084610
-187.316641 -233.088406 -23.595591
-188.718050 -231.747917 -23.106573
-190.119460 -230.407427 -22.617554
-191.520869 -229.066937 -22.128536
-192.922279 -227.726448 -21.639518
-194.323688 -226.385958 -21.150499
-195.725097 -225.045468 -20.661481
-197.126507 -223.704979 -20.172462
-198.527916 -222.364489 -19.683444
-199.929326 -221.023999 -19.194425
-201.330735 -219.683510 -18.705407
-202.732145 -218.343020 -18.216389
-204.133554 -217.002530 -17.727370
-205.534964 -215.662041 -17.238352
-206.936373 -214.321551 -16.749333
-208.337783 -212.981061 -16.260315
-209.739192 -211.640572 -15.771296
-211.140601 -210.300082 -15.282278
-212.542011 -208.959592 -14.793260
-213.943420 -207.619103 -14.304241
-215.344830 -206.278613 -13.815223
-298.598512 -174.120288 26.557440
-296.670184 -173.900523 27.040405
-294.741856 -173.680758 27.523370
-292.813529 -173.460994 28.006336
-290.885201 -173.241229 28.489301
-288.956873 -173.021465 28.972266
-287.028545 -172.801700 29.455231
-285.100218 -172.581935 29.938197
-283.171890 -172.362171 30.421162
-281.243562 -172.142406 30.904127
-279.315234 -171.922641 31.387093
-277.386906 -171.702877 31.870058
-275.458579 -171.483112 32.353023
-273.530251 -171.263348 32.835989
-271.601923 -171.043583 33.318954
-269.673595 -170.823818 33.801919
-267.745268 -170.604054 34.284885
-265.816940 -170.384289 34.767850
-263.888612 -170.164524 35.250815
-261.960284 -169.944760 35.733780
-260.031956 -169.724995 36.216746
-258.103629 -169.505231 36.699711
-256.175301 -169.285466 37.182676
-254.246973 -169.065701 37.665642
-252.318645 -168.845937 38.148607
-250.390318 -168.626172 38.631572
-248.461990 -168.406407 39.114538
-246.533662 -168.186643 39.597503
-244.605334 -167.966878 40.080468
-242.677006 -167.747114 40.563434
-240.748679 -167.527349 41.046399
-238.820351 -167.307584 41.529364
-236.892023 -167.087820 42.012329
-234.963695 -166.868055 42.495295
-233.035368 -166.648291 42.978260
-231.107040 -166.428526 43.461225
-229.178712 -166.208761 43.944191
-227.250384 -165.988997 44.427156
-225.322056 -165.769232 44.910121
-223.393729 -165.549467 45.393087
-221.465401 -165.329703 45.876052
-219.537073 -165.109938 46.359017
-217.608745 -164.890174 46.841983
-215.680418 -164.670409 47.324948
-213.752090 -164.450644 47.807913
-211.823762 -164.230880 48.290878
-209.895434 -164.011115 48.773844
-207.967106 -163.791350 49.256809
-206.038779 -163.571586 49.739774
-204.110451 -163.351821 50.222740
-202.182123 -163.132057 50.705705
-200.253795 -162.912292 51.188670
-198.325468 -162.692527 51.671636
-196.397140 -162.472763 52.154601
-194.468812 -162.252998 52.637566
-192.540484 -162.033233 53.120532
-190.612156 -161.813469 53.603497
-188.683829 -161.593704 54.086462
-186.755501 -161.373940 54.569427
-184.827173 -161.154175 55.052393
-182.898845 -160.934410 55.535358
-180.970518 -160.714646 56.018323
-179.042190 -160.494881 56.501289
-177.113862 -160.275116 56.984254
-175.185534 -160.055352 57.467219
-173.257206 -159.835587 57.950185
-171.328879 -159.615823 58.433150
-169.400551 -159.396058 58.916115
-167.472223 -159.176293 59.399081
-165.543895 -158.956529 59.882046
247.123445 -52.966006 -151.973676
245.188669 -52.679788 -151.555677
243.253894 -52.393570 -151.137678
241.319118 -52.107351 -150.719679
239.384343 -51.821133 -150.301680
237.449567 -51.534915 -149.883682
235.514792 -51.248696 -149.465683
233.580017 -50.962478 -149.047684
231.645241 -50.676260 -148.629685
229.710466 -50.390041 -148.211686
227.775690 -50.103823 -147.793687
225.840915 -49.817605 -147.375688
223.906139 -49.531386 -146.957689
221.971364 -49.245168 -146.539690
220.036589 -48.958950 -146.121691
218.101813 -48.672731 -145.703692
216.167038 -48.386513 -145.285693
214.232262 -48.100295 -144.867694
212.297487 -47.814076 -144.449696
210.362711 -47.527858 -144.031697
208.427936 -47.241640 -143.613698
206.493161 -46.955421 -143.195699
204.558385 -46.669203 -142.777700
202.623610 -46.382985 -142.359701
200.688834 -46.096766 -141.941702
198.754059 -45.810548 -141.523703
196.819283 -45.524330 -141.105704
194.884508 -45.238111 -140.687705
192.949733 -44.951893 -140.269706
191.014957 -44.665675 -139.851707
189.080182 -44.379456 -139.433709
187.145406 -44.093238 -139.015710
185.210631 -43.807020 -138.597711
183.275855 -43.520801 -138.179712
181.341080 -43.234583 -137.761713
179.406304 -42.948365 -137.343714
177.471529 -42.662146 -136.925715
175.536754 -42.375928 -136.507716
173.601978 -42.089710 -136.089717
171.667203 -41.803491 -135.671718
169.732427 -41.517273 -135.253719
167.797652 -41.231055 -134.835720
165.862876 -40.944836 -134.417722
163.928101 -40.658618 -133.999723
161.993326 -40.372400 -133.581724
160.058550 -40.086181 -133.163725
158.123775 -39.799963 -132.745726
156.188999 -39.513745 -132.327727
154.254224 -39.227526 -131.909728
152.319448 -38.941308 -131.491729
150.384673 -38.655090 -131.073730
148.449898 -38.368871 -130.655731
146.515122 -38.082653 -130.237732
144.580347 -37.796435 -129.819733
142.645571 -37.510216 -129.401735
140.710796 -37.223998 -128.983736
138.776020 -36.937780 -128.565737
136.841245 -36.651561 -128.147738
134.906470 -36.365343 -127.729739
132.971694 -36.079125 -127.311740
131.036919 -35.792906 -126.893741
129.102143 -35.506688 -126.475742
127.167368 -35.220470 -126.057743
125.232592 -34.934251 -125.639744
123.297817 -34.648033 -125.221745
121.363042 -34.361815 -124.803746
119.428266 -34.075596 -124.385747
117.493491 -33.789378 -123.967749
115.558715 -33.503160 -123.549750
113.623940 -33.216941 -123.131751
5.047391 156.827655 -262.362482
3.988755 155.131525 -262.313172
2.930118 153.435395 -262.263863
1.871482 151.739265 -262.214553
0.812846 150.043135 -262.165243
-0.245791 148.347005 -262.115934
-1.304427 146.650875 -262.066624
-2.363064 144.954744 -262.017315
-3.421700 143.258614 -261.968005
-4.480337 141.562484 -261.918695
-5.538973 139.866354 -261.869386
-6.597610 138.170224 -261.820076
-7.656246 136.474094 -261.770767
-8.714883 134.777964 -261.721457
-9.773519 133.081834 -261.672147
-10.832156 131.385704 -261.622838
-11.890792 129.689573 -261.573528
-12.949429 127.993443 -261.524219
-14.008065 126.297313 -261.474909
-15.066702 124.601183 -261.425599
-16.125338 122.905053 -261.376290
-17.183975 121.208923 -261.326980
-18.242611 119.512793 -261.277670
-19.301247 117.816663 -261.228361
-20.359884 116.120532 -261.179051
-21.418520 114.424402 -261.129742
-22.477157 112.728272 -261.080432
-23.535793 111.032142 -261.031122
-24.594430 109.336012 -260.981813
-25.653066 107.639882 -260.932503
-26.711703 105.943752 -260.883194
-27.770339 104.247622 -260.833884
-28.828976 102.551492 -260.784574
-29.887612 100.855361 -260.735265
-30.946249 99.159231 -260.685955
-32.004885 97.463101 -260.636646
-33.063522 95.766971 -260.587336
-34.122158 94.070841 -260.538026
-35.180795 92.374711 -260.488717
-36.239431 90.678581 -260.439407
-37.298068 88.982451 -260.390098
-38.356704 87.286320 -260.340788
-39.415340 85.590190 -260.291478
-40.473977 83.894060 -260.242169
-41.532613 82.197930 -260.192859
-42.591250 80.501800 -260.143550
-43.649886 78.805670 -260.094240
-44.708523 77.109540 -260.044930
-45.767159 75.413410 -259.995621
-46.825796 73.717280 -259.946311
-47.884432 72.021149 -259.897002
-48.943069 70.325019 -259.847692
-50.001705 68.628889 -259.798382
-51.060342 66.932759 -259.749073
-52.118978 65.236629 -259.699763
-53.177615 63.540499 -259.650454
-54.236251 61.844369 -259.601144
-55.294888 60.148239 -259.551834
-56.353524 58.452108 -259.502525
-57.412161 56.755978 -259.453215
-58.470797 55.059848 -259.403905
-59.529434 53.363718 -259.354596
-60.588070 51.667588 -259.305286
-61.646706 49.971458 -259.255977
-62.705343 48.275328 -259.206667
-63.763979 46.579198 -259.157357
-64.822616 44.883068 -259.108048
-65.881252 43.186937 -259.058738
-66.939889 41.490807 -259.009429
-67.998525 39.794677 -258.960119
51.858128 -92.430452 120.534469
50.201124 -93.548221 120.604701
48.544121 -94.665990 120.674933
46.887118 -95.783759 120.745165
45.230115 -96.901528 120.815398
43.573112 -98.019298 120.885630
41.916109 -99.137067 120.955862
40.259105 -100.254836 121.026094
38.602102 -101.372605 121.096327
36.945099 -102.490374 121.166559
35.288096 -103.608144 121.236791
33.631093 -104.725913 121.307023
31.974090 -105.843682 121.377256
30.317086 -106.961451 121.447488
28.660083 -108.079220 121.517720
27.003080 -109.196989 121.587952
25.346077 -110.314759 121.658185
23.689074 -111.432528 121.728417
22.032071 -112.550297 121.798649
20.375067 -113.668066 121.868881
18.718064 -114.785835 121.939114
17.061061 -115.903604 122.009346
15.404058 -117.021374 122.079578
13.747055 -118.139143 122.149810
12.090052 -119.256912 122.220043
10.433048 -120.374681 122.290275
8.776045 -121.492450 122.360507
7.119042 -122.610219 122.430739
5.462039 -123.727989 122.500972
3.805036 -124.845758 122.571204
2.148033 -125.963527 122.641436
0.491029 -127.081296 122.711668
-1.165974 -128.199065 122.781901
-2.822977 -129.316834 122.852133
-4.479980 -130.434604 122.922365
-6.136983 -131.552373 122.992597
-7.793987 -132.670142 123.062830
-9.450990 -133.787911 123.133062
-11.107993 -134.905680 123.203294
-12.764996 -136.023449 123.273527
-14.421999 -137.141219 123.343759
-16.079002 -138.258988 123.413991
-17.736006 -139.376757 123.484223
-19.393009 -140.494526 123.554456
-21.050012 -141.612295 123.624688
-22.707015 -142.730064 123.694920
-24.364018 -143.847834 123.765152
-26.021021 -144.965603 123.835385
-27.678025 -146.083372 123.905617
-29.335028 -147.201141 123.975849
-30.992031 -148.318910 124.046081
-32.649034 -149.436680 124.116314
-34.306037 -150.554449 124.186546
-35.963040 -151.672218 124.256778
-37.620044 -152.789987 124.327010
-39.277047 -153.907756 124.397243
-40.934050 -155.025525 124.467475
-42.591053 -156.143295 124.537707
-44.248056 -157.261064 124.607939
-45.905059 -158.378833 124.678172
-47.562063 -159.496602 124.748404
-49.219066 -160.614371 124.818636
-50.876069 -161.732140 124.888868
-52.533072 -162.849910 124.959101
-54.190075 -163.967679 125.029333
-55.847079 -165.085448 125.099565
-57.504082 -166.203217 125.169797
-59.161085 -167.320986 125.240030
-60.818088 -168.438755 125.310262
-62.475091 -169.556525 125.380494
-274.882066 104.181290 -58.045675
-273.115258 104.996308 -57.582927
-271.348451 105.811326 -57.120179
-269.581643 106.626345 -56.657431
-267.814835 107.441363 -56.194683
-266.048028 108.256381 -55.731935
-264.281220 109.071400 -55.269187
-262.514412 109.886418 -54.806439
-260.747605 110.701437 -54.343690
-258.980797 111.516455 -53.880942
-257.213989 112.331473 -53.418194
-255.447182 113.146492 -52.955446
-253.680374 113.961510 -52.492698
-251.913566 114.776528 -52.029950
-250.146759 115.591547 -51.567202
-248.379951 116.406565 -51.104454
-246.613143 117.221583 -50.641706
-244.846336 118.036602 -50.178958
-243.079528 118.851620 -49.716210
-241.312720 119.666639 -49.253462
-239.545913 120.481657 -48.790714
-237.779105 121.296675 -48.327966
-236.012297 122.111694 -47.865218
-234.245490 122.926712 -47.402470
-232.478682 123.741730 -46.939722
-230.711874 124.556749 -46.476974
-228.945067 125.371767 -46.014226
-227.178259 126.186786 -45.551478
-225.411451 127.001804 -45.088730
-223.644644 127.816822 -44.625982
-221.877836 128.631841 -44.163234
-220.111028 129.446859 -43.700486
-218.344221 130.261877 -43.237738
-216.577413 131.076896 -42.774990
-214.810605 131.891914 -42.312242
-213.043798 132.706932 -41.849494
-211.276990 133.521951 -41.386746
-209.510182 134.336969 -40.923997
-207.743375 135.151988 -40.461249
-205.976567 135.967006 -39.998501
-204.209759 136.782024 -39.535753
-202.442952 137.597043 -39.073005
-200.676144 138.412061 -38.610257
-198.909336 139.227079 -38.147509
-197.142529 140.042098 -37.684761
-195.375721 140.857116 -37.222013
-193.608913 141.672134 -36.759265
-191.842106 142.487153 -36.296517
-190.075298 143.302171 -35.833769
-188.308490 144.117190 -35.371021
-186.541683 144.932208 -34.908273
-184.774875 145.747226 -34.445525
-183.008067 146.562245 -33.982777
-181.241260 147.377263 -33.520029
-179.474452 148.192281 -33.057281
-177.707644 149.007300 -32.594533
-175.940837 149.822318 -32.131785
-174.174029 150.637336 -31.669037
-172.407221 151.452355 -31.206289
-170.640414 152.267373 -30.743541
-168.873606 153.082392 -30.280793
-167.106798 153.897410 -29.818045
-165.339991 154.712428 -29.355297
-163.573183 155.527447 -28.892549
-161.806375 156.342465 -28.429801
-160.039568 157.157483 -27.967053
-158.272760 157.972502 -27.504305
-156.505952 158.787520 -27.041556
-154.739145 159.602538 -26.578808
-152.972337 160.417557 -26.116060
-248.021692 -203.178806 15.899730
-248.480498 -202.574036 14.049392
-248.939304 -201.969267 12.199054
-249.398110 -201.364498 10.348716
-249.856916 -200.759729 8.498377
-250.315721 -200.154960 6.648039
-250.774527 -199.550190 4.797701
-251.233333 -198.945421 2.947363
-251.692139 -198.340652 1.097025
-252.150945 -197.735883 -0.753314
-252.609751 -197.131114 -2.603652
-253.068556 -196.526345 -4.453990
-253.527362 -195.921575 -6.304328
-253.986168 -195.316806 -8.154666
-254.444974 -194.712037 -10.005005
-254.903780 -194.107268 -11.855343
-255.362585 -193.502499 -13.705681
-255.821391 -192.897729 -15.556019
-256.280197 -192.292960 -17.406357
-256.739003 -191.688191 -19.256696
-257.197809 -191.083422 -21.107034
-257.656615 -190.478653 -22.957372
-258.115420 -189.873883 -24.807710
-258.574226 -189.269114 -26.658048
-259.033032 -188.664345 -28.508387
-259.491838 -188.059576 -30.358725
-259.950644 -187.454807 -32.209063
-260.409449 -186.850038 -34.059401
-260.868255 -186.245268 -35.909739
-261.327061 -185.640499 -37.760078
-261.785867 -185.035730 -39.610416
-262.244673 -184.430961 -41.460754
-262.703478 -183.826192 -43.311092
-263.162284 -183.221422 -45.161430
-263.621090 -182.616653 -47.011769
-264.079896 -182.011884 -48.862107
-264.538702 -181.407115 -50.712445
-264.997508 -180.802346 -52.562783
-265.456313 -180.197577 -54.413121
-265.915119 -179.592807 -56.263460
-266.373925 -178.988038 -58.113798
-266.832731 -178.383269 -59.964136
-267.291537 -177.778500 -61.814474
-267.750342 -177.173731 -63.664812
-268.209148 -176.568961 -65.515151
-268.667954 -175.964192 -67.365489
-269.126760 -175.359423 -69.215827
-269.585566 -174.754654 -71.066165
-270.044372 -174.149885 -72.916503
-270.503177 -173.545116 -74.766842
-270.961983 -172.940346 -76.617180
-271.420789 -172.335577 -78.467518
-271.879595 -171.730808 -80.317856
-272.338401 -171.126039 -82.168194
-272.797206 -170.521270 -84.018533
-273.256012 -169.916500 -85.868871
-273.714818 -169.311731 -87.719209
-274.173624 -168.706962 -89.569547
-274.632430 -168.102193 -91.419885
-275.091235 -167.497424 -93.270224
-275.550041 -166.892654 -95.120562
-276.008847 -166.287885 -96.970900
-276.467653 -165.683116 -98.821238
-276.926459 -165.078347 -100.671576
-277.385265 -164.473578 -102.521915
-277.844070 -163.868809 -104.372253
-278.302876 -163.264039 -106.222591
-278.761682 -162.659270 -108.072929
-279.220488 -162.054501 -109.923267
-279.679294 -161.449732 -111.773606
-147.887854 -149.723391 21.611018
-149.604222 -149.954212 20.610618
-151.320591 -150.185033 19.610218
-153.036959 -150.415854 18.609817
-154.753328 -150.646675 17.609417
-156.469696 -150.877496 16.609016
-158.186065 -151.108317 15.608616
-159.902433 -151.339138 14.608216
-161.618802 -151.569959 13.607815
-163.335170 -151.800780 12.607415
-165.051539 -152.031601 11.607015
-166.767907 -152.262421 10.606614
-168.484276 -152.493242 9.606214
-170.200644 -152.724063 8.605814
-171.917013 -152.954884 7.605413
-173.633381 -153.185705 6.605013
-175.349750 -153.416526 5.604612
-177.066118 -153.647347 4.604212
-178.782487 -153.878168 3.603812
-180.498855 -154.108989 2.603411
-182.215224 -154.339810 1.603011
-183.931592 -154.570631 0.602611
-185.647961 -154.801451 -0.397790
-187.364329 -155.032272 -1.398190
-189.080698 -155.263093 -2.398591
-190.797066 -155.493914 -3.398991
-192.513435 -155.724735 -4.399391
-194.229803 -155.955556 -5.399792
-195.946172 -156.186377 -6.400192
-197.662540 -156.417198 -7.400592
-199.378909 -156.648019 -8.400993
-201.095277 -156.878840 -9.401393
-202.811646 -157.109661 -10.401793
-204.528014 -157.340481 -11.402194
-206.244383 -157.571302 -12.402594
-207.960751 -157.802123 -13.402995
-209.677120 -158.032944 -14.403395
-211.393488 -158.263765 -15.403795
-213.109857 -158.494586 -16.404196
-214.826225 -158.725407 -17.404596
-216.542594 -158.956228 -18.404996
-218.258962 -159.187049 -19.405397
-219.975331 -159.417870 -20.405797
-221.691699 -159.648691 -21.406198
-223.408068 -159.879511 -22.406598
-225.124436 -160.110332 -23.406998
-226.840805 -160.341153 -24.407399
-228.557173 -160.571974 -25.407799
-230.273542 -160.802795 -26.408199
-231.989910 -161.033616 -27.408600
-233.706279 -161.264437 -28.409000
-235.422647 -161.495258 -29.409400
-237.139016 -161.726079 -30.409801
-238.855384 -161.956900 -31.410201
-240.571753 -162.187721 -32.410602
-242.288121 -162.418542 -33.411002
-244.004490 -162.649362 -34.411402
-245.720858 -162.880183 -35.411803
-247.437227 -163.111004 -36.412203
-249.153595 -163.341825 -37.412603
-250.869964 -163.572646 -38.413004
-252.586332 -163.803467 -39.413404
-254.302701 -164.034288 -40.413805
-256.019069 -164.265109 -41.414205
-257.735438 -164.495930 -42.414605
-259.451806 -164.726751 -43.415006
-261.168175 -164.957572 -44.415406
-262.884543 -165.188392 -45.415806
-264.600912 -165.419213 -46.416207
-266.317280 -165.650034 -47.416607
-68.614354 213.485635 212.449798
-69.340966 211.680615 211.987264
-70.067578 209.875595 211.524731
-70.794190 208.070575 211.062198
-71.520802 206.265554 210.599665
-72.247413 204.460534 210.137131
-72.974025 202.655514 209.674598
-73.700637 200.850494 209.212065
-74.427249 199.045473 208.749531
-75.153861 197.240453 208.286998
-75.880473 195.435433 207.824465
-76.607085 193.630413 207.361931
-77.333697 191.825393 206.899398
-78.060309 190.020372 206.436865
-78.786921 188.215352 205.974331
-79.513533 186.410332 205.511798
-80.240145 184.605312 205.049265
-80.966757 182.800291 204.586732
-81.693369 180.995271 204.124198
-82.419981 179.190251 203.661665
-83.146593 177.385231 203.199132
-83.873205 175.580211 202.736598
-84.599817 173.775190 202.274065
-85.326429 171.970170 201.811532
-86.053041 170.165150 201.348998
-86.779653 168.360130 200.886465
-87.506265 166.555109 200.423932
-88.232876 164.750089 199.961399
-88.959488 162.945069 199.498865
-89.686100 161.140049 199.036332
-90.412712 159.335029 198.573799
-91.139324 157.530008 198.111265
-91.865936 155.724988 197.648732
-92.592548 153.919968 197.186199
-93.319160 152.114948 196.723665
-94.045772 150.309927 196.261132
-94.772384 148.504907 195.798599
-95.498996 146.699887 195.336065
-96.225608 144.894867 194.873532
-96.952220 143.089847 194.410999
-97.678832 141.284826 193.948466
-98.405444 139.479806 193.485932
-99.132056 137.674786 193.023399
-99.858668 135.869766 192.560866
-100.585280 134.064745 192.098332
-101.311892 132.259725 191.635799
-102.038504 130.454705 191.173266
-102.765116 128.649685 190.710732
-103.491728 126.844665 190.248199
-104.218340 125.039644 189.785666
-104.944951 123.234624 189.323133
-105.671563 121.429604 188.860599
-106.398175 119.624584 188.398066
-107.124787 117.819563 187.935533
-107.851399 116.014543 187.472999
-108.578011 114.209523 187.010466
-109.304623 112.404503 186.547933
-110.031235 110.599483 186.085399
-110.757847 108.794462 185.622866
-111.484459 106.989442 185.160333
-112.211071 105.184422 184.697799
-112.937683 103.379402 184.235266
-113.664295 101.574381 183.772733
-114.390907 99.769361 183.310200
-115.117519 97.964341 182.847666
-115.844131 96.159321 182.385133
-116.570743 94.354301 181.922600
-117.297355 92.549280 181.460066
-118.023967 90.744260 180.997533
-118.750579 88.939240 180.535000
-107.925907 -236.538680 259.147490
-109.570429 -235.820136 258.264743
-111.214951 -235.101592 257.381997
-112.859473 -234.383048 256.499250
-114.503995 -233.664504 255.616503
-116.148518 -232.945960 254.733757
-117.793040 -232.227416 253.851010
-119.437562 -231.508872 252.968264
-121.082084 -230.790328 252.085517
-122.726606 -230.071784 251.202770
-124.371128 -229.353240 250.320024
-126.015650 -228.634696 249.437277
-127.660172 -227.916152 248.554531
-129.304694 -227.197608 247.671784
-130.949217 -226.479064 246.789037
-132.593739 -225.760520 245.906291
-134.238261 -225.041976 245.023544
-135.882783 -224.323432 244.140798
-137.527305 -223.604888 243.258051
-139.171827 -222.886344 242.375305
-140.816349 -222.167800 241.492558
-142.460871 -221.449256 240.609811
-144.105393 -220.730712 239.727065
-145.749916 -220.012168 238.844318
-147.394438 -219.293624 237.961572
-149.038960 -218.575080 237.078825
-150.683482 -217.856536 236.196078
-152.328004 -217.137992 235.313332
-153.972526 -216.419448 234.430585
-155.617048 -215.700904 233.547839
-157.261570 -214.982360 232.665092
-158.906092 -214.263816 231.782345
-160.550615 -213.545272 230.899599
-162.195137 -212.826728 230.016852
-163.839659 -212.108184 229.134106
-165.484181 -211.389640 228.251359
-167.128703 -210.671096 227.368612
-168.773225 -209.952552 226.485866
-170.417747 -209.234008 225.603119
-172.062269 -208.515464 224.720373
-173.706791 -207.796920 223.837626
-175.351314 -207.078376 222.954879
-176.995836 -206.359832 222.072133
-178.640358 -205.641288 221.189386
-180.284880 -204.922744 220.306640
-181.929402 -204.204200 219.423893
-183.573924 -203.485656 218.541146
-185.218446 -202.767112 217.658400
-186.862968 -202.048568 216.775653
-188.507490 -201.330024 215.892907
-190.152013 -200.611480 215.010160
-191.796535 -199.892936 214.127414
-193.441057 -199.174392 213.244667
-195.085579 -198.455848 212.361920
-196.730101 -197.737304 211.479174
-198.374623 -197.018760 210.596427
-200.019145 -196.300216 209.713681
-201.663667 -195.581672 208.830934
-203.308189 -194.863128 207.948187
-204.952711 -194.144584 207.065441
-206.597234 -193.426040 206.182694
-208.241756 -192.707496 205.299948
-209.886278 -191.988952 204.417201
-211.530800 -191.270408 203.534454
-213.175322 -190.551864 202.651708
-214.819844 -189.833320 201.768961
-216.464366 -189.114776 200.886215
-218.108888 -188.396232 200.003468
-219.753410 -187.677688 199.120721
-221.397933 -186.959144 198.237975
-128.095615 82.416075 -37.530300
-129.918839 82.545543 -36.718456
-131.742064 82.675012 -35.906612
-133.565288 82.804480 -35.094768
-135.388513 82.933948 -34.282924
-137.211737 83.063417 -33.471080
-139.034961 83.192885 -32.659236
-140.858186 83.322354 -31.847392
-142.681410 83.451822 -31.035547
-144.504634 83.581291 -30.223703
-146.327859 83.710759 -29.411859
-148.151083 83.840227 -28.600015
-149.974308 83.969696 -27.788171
-151.797532 84.099164 -26.976327
-153.620756 84.228633 -26.164483
-155.443981 84.358101 -25.352639
-157.267205 84.487569 -24.540795
-159.090429 84.617038 -23.728951
-160.913654 84.746506 -22.917107
-162.736878 84.875975 -22.105262
-164.560102 85.005443 -21.293418
-166.383327 85.134912 -20.481574
-168.206551 85.264380 -19.669730
-170.029776 85.393848 -18.857886
-171.853000 85.523317 -18.046042
-173.676224 85.652785 -17.234198
-175.499449 85.782254 -16.422354
-177.322673 85.911722 -15.610510
-179.145897 86.041191 -14.798666
-180.969122 86.170659 -13.986822
-182.792346 86.300127 -13.174978
-184.615571 86.429596 -12.363133
-186.438795 86.559064 -11.551289
-188.262019 86.688533 -10.739445
-190.085244 86.818001 -9.927601
-191.908468 86.947469 -9.115757
-193.731692 87.076938 -8.303913
-195.554917 87.206406 -7.492069
-197.378141 87.335875 -6.680225
-199.201365 87.465343 -5.868381
-201.024590 87.594812 -5.056537
-202.847814 87.724280 -4.244693
-204.671039 87.853748 -3.432848
-206.494263 87.983217 -2.621004
-208.317487 88.112685 -1.809160
-210.140712 88.242154 -0.997316
-211.963936 88.371622 -0.185472
-213.787160 88.501090 0.626372
-215.610385 88.630559 1.438216
-217.433609 88.760027 2.250060
-219.256834 88.889496 3.061904
-221.080058 89.018964 3.873748
-222.903282 89.148433 4.685592
-224.726507 89.277901 5.497437
-226.549731 89.407369 6.309281
-228.372955 89.536838 7.121125
-230.196180 89.666306 7.932969
-232.019404 89.795775 8.744813
-233.842629 89.925243 9.556657
-235.665853 90.054712 10.368501
-237.489077 90.184180 11.180345
-239.312302 90.313648 11.992189
-241.135526 90.443117 12.804033
-242.958750 90.572585 13.615877
-244.781975 90.702054 14.427722
-246.605199 90.831522 15.239566
-248.428423 90.960990 16.051410
-250.251648 91.090459 16.863254
-252.074872 91.219927 17.675098
-253.898097 91.349396 18.486942
203.508752 -39.923385 -59.588494
201.845772 -40.452497 -60.565498
200.182792 -40.981609 -61.542502
198.519811 -41.510722 -62.519505
196.856831 -42.039834 -63.496509
195.193850 -42.568946 -64.473513
193.530870 -43.098058 -65.450517
191.867890 -43.627171 -66.427520
190.204909 -44.156283 -67.404524
188.541929 -44.685395 -68.381528
186.878948 -45.214507 -69.358532
185.215968 -45.743619 -70.335535
183.552987 -46.272732 -71.312539
181.890007 -46.801844 -72.289543
180.227027 -47.330956 -73.266547
178.564046 -47.860068 -74.243551
176.901066 -48.389181 -75.220554
175.238085 -48.918293 -76.197558
173.575105 -49.447405 -77.174562
171.912125 -49.976517 -78.151566
170.249144 -50.505630 -79.128569
168.586164 -51.034742 -80.105573
166.923183 -51.563854 -81.082577
165.260203 -52.092966 -82.059581
163.597222 -52.622079 -83.036585
161.934242 -53.151191 -84.013588
160.271262 -53.680303 -84.990592
158.608281 -54.209415 -85.967596
156.945301 -54.738528 -86.944600
155.282320 -55.267640 -87.921603
153.619340 -55.796752 -88.898607
151.956360 -56.325864 -89.875611
150.293379 -56.854977 -90.852615
148.630399 -57.384089 -91.829618
146.967418 -57.913201 -92.806622
145.304438 -58.442313 -93.783626
143.641457 -58.971425 -94.760630
141.978477 -59.500538 -95.737634
140.315497 -60.029650 -96.714637
138.652516 -60.558762 -97.691641
136.989536 -61.087874 -98.668645
135.326555 -61.616987 -99.645649
133.663575 -62.146099 -100.622652
132.000595 -62.675211 -101.599656
130.337614 -63.204323 -102.576660
128.674634 -63.733436 -103.553664
127.011653 -64.262548 -104.530668
125.348673 -64.791660 -105.507671
123.685692 -65.320772 -106.484675
122.022712 -65.849885 -107.461679
120.359732 -66.378997 -108.438683
118.696751 -66.908109 -109.415686
117.033771 -67.437221 -110.392690
115.370790 -67.966334 -111.369694
113.707810 -68.495446 -112.346698
112.044830 -69.024558 -113.323701
110.381849 -69.553670 -114.300705
108.718869 -70.082782 -115.277709
107.055888 -70.611895 -116.254713
105.392908 -71.141007 -117.231717
103.729927 -71.670119 -118.208720
102.066947 -72.199231 -119.185724
100.403967 -72.728344 -120.162728
98.740986 -73.257456 -121.139732
97.078006 -73.786568 -122.116735
95.415025 -74.315680 -123.093739
93.752045 -74.844793 -124.070743
92.089065 -75.373905 -125.047747
90.426084 -75.903017 -126.024751
88.763104 -76.432129 -127.001754
72.482743 11.275083 -265.027016
70.583624 11.084438 -264.429518
68.684506 10.893793 -263.832019
66.785388 10.703148 -263.234520
64.886270 10.512503 -262.637021
62.987152 10.321858 -262.039523
61.088034 10.131213 -261.442024
59.188916 9.940568 -260.844525
57.289797 9.749923 -260.247027
55.390679 9.559278 -259.649528
53.491561 9.368633 -259.052029
51.592443 9.177988 -258.454530
49.693325 8.987343 -257.857032
47.794207 8.796697 -257.259533
45.895089 8.606052 -256.662034
43.995970 8.415407 -256.064535
42.096852 8.224762 -255.467037
40.197734 8.034117 -254.869538
38.298616 7.843472 -254.272039
36.399498 7.652827 -253.674540
34.500380 7.462182 -253.077042
32.601262 7.271537 -252.479543
30.702143 7.080892 -251.882044
28.803025 6.890247 -251.284546
26.903907 6.699602 -250.687047
25.004789 6.508957 -250.089548
23.105671 6.318312 -249.492049
21.206553 6.127667 -248.894551
19.307435 5.937022 -248.297052
17.408316 5.746377 -247.699553
15.509198 5.555732 -247.102054
13.610080 5.365086 -246.504556
11.710962 5.174441 -245.907057
9.811844 4.983796 -245.309558
7.912726 4.793151 -244.712059
6.013607 4.602506 -244.114561
4.114489 4.411861 -243.517062
2.215371 4.221216 -242.919563
0.316253 4.030571 -242.322064
-1.582865 3.839926 -241.724566
-3.481983 3.649281 -241.127067
-5.381101 3.458636 -240.529568
-7.280220 3.267991 -239.932070
-9.179338 3.077346 -239.334571
-11.078456 2.886701 -238.737072
-12.977574 2.696056 -238.139573
-14.876692 2.505411 -237.542075
-16.775810 2.314766 -236.944576
-18.674928 2.124121 -236.347077
-20.574047 1.933476 -235.749578
-22.473165 1.742830 -235.152080
-24.372283 1.552185 -234.554581
-26.271401 1.361540 -233.957082
-28.170519 1.170895 -233.359583
-30.069637 0.980250 -232.762085
-31.968755 0.789605 -232.164586
-33.867874 0.598960 -231.567087
-35.766992 0.408315 -230.969589
-37.666110 0.217670 -230.372090
-39.565228 0.027025 -229.774591
-41.464346 -0.163620 -229.177092
-43.363464 -0.354265 -228.579594
-45.262582 -0.544910 -227.982095
-47.161701 -0.735555 -227.384596
-49.060819 -0.926200 -226.787097
-50.959937 -1.116845 -226.189599
-52.859055 -1.307490 -225.592100
-54.758173 -1.498135 -224.994601
-56.657291 -1.688781 -224.397102
-58.556409 -1.879426 -223.799604
23.197587 -14.872897 -235.131381
23.076747 -14.327585 -233.210956
22.955908 -13.782274 -231.290530
22.835069 -13.236962 -229.370105
22.714229 -12.691650 -227.449680
22.593390 -12.146339 -225.529255
22.472550 -11.601027 -223.608829
22.351711 -11.055716 -221.688404
22.230872 -10.510404 -219.767979
22.110032 -9.965092 -217.847554
21.989193 -9.419781 -215.927129
21.868354 -8.874469 -214.006703
21.747514 -8.329157 -212.086278
21.626675 -7.783846 -210.165853
21.505835 -7.238534 -208.245428
21.384996 -6.693222 -206.325002
21.264157 -6.147911 -204.404577
21.143317 -5.602599 -202.484152
21.022478 -5.057287 -200.563727
20.901638 -4.511976 -198.643302
20.780799 -3.966664 -196.722876
20.659960 -3.421352 -194.802451
20.539120 -2.876041 -192.882026
20.418281 -2.330729 -190.961601
20.297442 -1.785417 -189.041175
20.176602 -1.240106 -187.120750
20.055763 -0.694794 -185.200325
19.934923 -0.149482 -183.279900
19.814084 0.395829 -181.359475
19.693245 0.941141 -179.439049
19.572405 1.486452 -177.518624
19.451566 2.031764 -175.598199
19.330726 2.577076 -173.677774
19.209887 3.122387 -171.757348
19.089048 3.667699 -169.836923
18.968208 4.213011 -167.916498
18.847369 4.758322 -165.996073
18.726530 5.303634 -164.075647
18.605690 5.848946 -162.155222
18.484851 6.394257 -160.234797
18.364011 6.939569 -158.314372
18.243172 7.484881 -156.393947
18.122333 8.030192 -154.473521
18.001493 8.575504 -152.553096
17.880654 9.120816 -150.632671
17.759814 9.666127 -148.712246
17.638975 10.211439 -146.791820
17.518136 10.756751 -144.871395
17.397296 11.302062 -142.950970
17.276457 11.847374 -141.030545
17.155618 12.392686 -139.110120
17.034778 12.937997 -137.189694
16.913939 13.483309 -135.269269
16.793099 14.028620 -133.348844
16.672260 14.573932 -131.428419
16.551421 15.119244 -129.507993
16.430581 15.664555 -127.587568
16.309742 16.209867 -125.667143
16.188902 16.755179 -123.746718
16.068063 17.300490 -121.826293
15.947224 17.845802 -119.905867
15.826384 18.391114 -117.985442
15.705545 18.936425 -116.065017
15.584706 19.481737 -114.144592
15.463866 20.027049 -112.224166
15.343027 20.572360 -110.303741
15.222187 21.117672 -108.383316
15.101348 21.662984 -106.462891
14.980509 22.208295 -104.542466
14.859669 22.753607 -102.622040
221.683768 21.415446 -27.431144
222.308465 22.000531 -29.238748
222.933161 22.585616 -31.046351
223.557857 23.170702 -32.853954
224.182553 23.755787 -34.661558
224.807249 24.340872 -36.469161
225.431946 24.925957 -38.276764
226.056642 25.511043 -40.084368
226.681338 26.096128 -41.891971
227.306034 26.681213 -43.699575
227.930730 27.266298 -45.507178
228.555427 27.851384 -47.314781
229.180123 28.436469 -49.122385
229.804819 29.021554 -50.929988
230.429515 29.606639 -52.737591
231.054212 30.191724 -54.545195
231.678908 30.776810 -56.352798
232.303604 31.361895 -58.160401
232.928300 31.946980 -59.968005
233.552996 32.532065 -61.775608
234.177693 33.117151 -63.583211
234.802389 33.702236 -65.390815
235.427085 34.287321 -67.198418
236.051781 34.872406 -69.006022
236.676477 35.457492 -70.813625
237.301174 36.042577 -72.621228
237.925870 36.627662 -74.428832
238.550566 37.212747 -76.236435
239.175262 37.797833 -78.044038
239.799959 38.382918 -79.851642
240.424655 38.968003 -81.659245
241.049351 39.553088 -83.466848
241.674047 40.138174 -85.274452
242.298743 40.723259 -87.082055
242.923440 41.308344 -88.889658
243.548136 41.893429 -90.697262
244.172832 42.478515 -92.504865
244.797528 43.063600 -94.312469
245.422224 43.648685 -96.120072
246.046921 44.233770 -97.927675
246.671617 44.818856 -99.735279
247.296313 45.403941 -101.542882
247.921009 45.989026 -103.350485
248.545705 46.574111 -105.158089
249.170402 47.159197 -106.965692
249.795098 47.744282 -108.773295
250.419794 48.329367 -110.580899
251.044490 48.914452 -112.388502
251.669187 49.499538 -114.196105
252.293883 50.084623 -116.003709
252.918579 50.669708 -117.811312
253.543275 51.254793 -119.618916
254.167971 51.839879 -121.426519
254.792668 52.424964 -123.234122
255.417364 53.010049 -125.041726
256.042060 53.595134 -126.849329
256.666756 54.180220 -128.656932
257.291452 54.765305 -130.464536
257.916149 55.350390 -132.272139
258.540845 55.935475 -134.079742
259.165541 56.520561 -135.887346
259.790237 57.105646 -137.694949
260.414934 57.690731 -139.502552
261.039630 58.275816 -141.310156
261.664326 58.860902 -143.117759
262.289022 59.445987 -144.925363
262.913718 60.031072 -146.732966
263.538415 60.616157 -148.540569
264.163111 61.201243 -150.348173
264.787807 61.786328 -152.155776
41.794557 20.509781 -154.130092
43.169532 20.619839 -152.681874
44.544506 20.729896 -151.233657
45.919480 20.839954 -149.785439
47.294454 20.950011 -148.337222
48.669428 21.060069 -146.889005
50.044402 21.170126 -145.440787
51.419376 21.280184 -143.992570
52.794350 21.390241 -142.544352
54.169324 21.500299 -141.096135
55.544298 21.610356 -139.647918
56.919272 21.720414 -138.199700
58.294246 21.830471 -136.751483
59.669220 21.940529 -135.303265
61.044194 22.050586 -133.855048
62.419168 22.160644 -132.406830
63.794142 22.270701 -130.958613
65.169117 22.380759 -129.510396
66.544091 22.490816 -128.062178
67.919065 22.600874 -126.613961
69.294039 22.710931 -125.165743
70.669013 22.820989 -123.717526
72.043987 22.931046 -122.269309
73.418961 23.041104 -120.821091
74.793935 23.151161 -119.372874
76.168909 23.261219 -117.924656
77.543883 23.371276 -116.476439
78.918857 23.481334 -115.028221
80.293831 23.591391 -113.580004
81.668805 23.701449 -112.131787
83.043779 23.811506 -110.683569
84.418753 23.921564 -109.235352
85.793727 24.031621 -107.787134
87.168702 24.141679 -106.338917
88.543676 24.251736 -104.890700
89.918650 24.361794 -103.442482
91.293624 24.471851 -101.994265
92.668598 24.581909 -100.546047
94.043572 24.691966 -99.097830
95.418546 24.802024 -97.649613
96.793520 24.912081 -96.201395
98.168494 25.022139 -94.753178
99.543468 25.132196 -93.304960
100.918442 25.242254 -91.856743
102.293416 25.352311 -90.408525
103.668390 25.462369 -88.960308
105.043364 25.572426 -87.512091
106.418338 25.682484 -86.063873
107.793312 25.792541 -84.615656
109.168286 25.902599 -83.167438
110.543261 26.012656 -81.719221
111.918235 26.122714 -80.271004
113.293209 26.232771 -78.822786
114.668183 26.342829 -77.374569
116.043157 26.452886 -75.926351
117.418131 26.562944 -74.478134
118.793105 26.673001 -73.029916
120.168079 26.783059 -71.581699
121.543053 26.893116 -70.133482
122.918027 27.003174 -68.685264
124.293001 27.113231 -67.237047
125.667975 27.223289 -65.788829
127.042949 27.333346 -64.340612
128.417923 27.443404 -62.892395
129.792897 27.553461 -61.444177
131.167871 27.663519 -59.995960
132.542846 27.773576 -58.547742
133.917820 27.883634 -57.099525
135.292794 27.993691 -55.651308
136.667768 28.103749 -54.203090
-175.010260 -139.715558 235.793911
-174.183244 -139.164097 234.058418
-173.356227 -138.612637 232.322926
-172.529210 -138.061176 230.587433
-171.702193 -137.509716 228.851941
-170.875176 -136.958255 227.116448
-170.048159 -136.406795 225.380956
-169.221142 -135.855334 223.645463
-168.394125 -135.303874 221.909970
-167.567109 -134.752413 220.174478
-166.740092 -134.200953 218.438985
-165.913075 -133.649492 216.703493
-165.086058 -133.098032 214.968000
-164.259041 -132.546571 213.232508
-163.432024 -131.995111 211.497015
-162.605007 -131.443650 209.761523
-161.777990 -130.892190 208.026030
-160.950974 -130.340729 206.290537
-160.123957 -129.789269 204.555045
-159.296940 -129.237808 202.819552
-158.469923 -128.686348 201.084060
-157.642906 -128.134887 199.348567
-156.815889 -127.583427 197.613075
-155.988872 -127.031966 195.877582
-155.161855 -126.480506 194.142089
-154.334839 -125.929045 192.406597
-153.507822 -125.377585 190.671104
-152.680805 -124.826124 188.935612
-151.853788 -124.274664 187.200119
-151.026771 -123.723203 185.464627
-150.199754 -123.171743 183.729134
-149.372737 -122.620282 181.993642
-148.545720 -122.068822 180.258149
-147.718704 -121.517361 178.522656
-146.891687 -120.965901 176.787164
-146.064670 -120.414440 175.051671
-145.237653 -119.862980 173.316179
-144.410636 -119.311520 171.580686
-143.583619 -118.760059 169.845194
-142.756602 -118.208599 168.109701
-141.929585 -117.657138 166.374209
-141.102569 -117.105678 164.638716
-140.275552 -116.554217 162.903223
-139.448535 -116.002757 161.167731
-138.621518 -115.451296 159.432238
-137.794501 -114.899836 157.696746
-136.967484 -114.348375 155.961253
-136.140467 -113.796915 154.225761
-135.313450 -113.245454 152.490268
-134.486434 -112.693994 150.754776
-133.659417 -112.142533 149.019283
-132.832400 -111.591073 147.283790
-132.005383 -111.039612 145.548298
-131.178366 -110.488152 143.812805
-130.351349 -109.936691 142.077313
-129.524332 -109.385231 140.341820
-128.697315 -108.833770 138.606328
-127.870299 -108.282310 136.870835
-127.043282 -107.730849 135.135342
-126.216265 -107.179389 133.399850
-125.389248 -106.627928 131.664357
-124.562231 -106.076468 129.928865
-123.735214 -105.525007 128.193372
-122.908197 -104.973547 126.457880
-122.081180 -104.422086 124.722387
-121.254164 -103.870626 122.986895
-120.427147 -103.319165 121.251402
-119.600130 -102.767705 119.515909
-118.773113 -102.216244 117.780417
-117.946096 -101.664784 116.044924
-276.598059 -85.441503 -295.806311
-274.606780 -85.579921 -295.681208
-272.615502 -85.718338 -295.556106
-270.624223 -85.856755 -295.431003
-268.632945 -85.995173 -295.305901
-266.641666 -86.133590 -295.180798
-264.650388 -86.272007 -295.055695
-262.659109 -86.410425 -294.930593
-260.667831 -86.548842 -294.805490
-258.676552 -86.687259 -294.680387
-256.685274 -86.825677 -294.555285
-254.693995 -86.964094 -294.430182
-252.702717 -87.102511 -294.305080
-250.711438 -87.240928 -294.179977
-248.720160 -87.379346 -294.054874
-246.728881 -87.517763 -293.929772
-244.737603 -87.656180 -293.804669
-242.746324 -87.794598 -293.679567
-240.755046 -87.933015 -293.554464
-238.763767 -88.071432 -293.429361
-236.772489 -88.209850 -293.304259
-234.781211 -88.348267 -293.179156
-232.789932 -88.486684 -293.054054
-230.798654 -88.625102 -292.928951
-228.807375 -88.763519 -292.803848
-226.816097 -88.901936 -292.678746
-224.824818 -89.040353 -292.553643
-222.833540 -89.178771 -292.428540
-220.842261 -89.317188 -292.303438
-218.850983 -89.455605 -292.178335
-216.859704 -89.594023 -292.053233
-214.868426 -89.732440 -291.928130
-212.877147 -89.870857 -291.803027
-210.885869 -90.009275 -291.677925
-208.894590 -90.147692 -291.552822
-206.903312 -90.286109 -291.427720
-204.912033 -90.424527 -291.302617
-202.920755 -90.562944 -291.177514
-200.929476 -90.701361 -291.052412
-198.938198 -90.839778 -290.927309
-196.946919 -90.978196 -290.802207
-194.955641 -91.116613 -290.677104
-192.964362 -91.255030 -290.552001
-190.973084 -91.393448 -290.426899
-188.981805 -91.531865 -290.301796
-186.990527 -91.670282 -290.176693
-184.999249 -91.808700 -290.051591
-183.007970 -91.947117 -289.926488
-181.016692 -92.085534 -289.801386
-179.025413 -92.223951 -289.676283
-177.034135 -92.362369 -289.551180
-175.042856 -92.500786 -289.426078
-173.051578 -92.639203 -289.300975
-171.060299 -92.777621 -289.175873
-169.069021 -92.916038 -289.050770
-167.077742 -93.054455 -288.925667
-165.086464 -93.192873 -288.800565
-163.095185 -93.331290 -288.675462
-161.103907 -93.469707 -288.550360
-159.112628 -93.608125 -288.425257
-157.121350 -93.746542 -288.300154
-155.130071 -93.884959 -288.175052
-153.138793 -94.023376 -288.049949
-151.147514 -94.161794 -287.924846
-149.156236 -94.300211 -287.799744
-147.164957 -94.438628 -287.674641
-145.173679 -94.577046 -287.549539
-143.182400 -94.715463 -287.424436
-141.191122 -94.853880 -287.299333
-139.199843 -94.992298 -287.174231
-227.927273 140.038396 -137.544372
-227.472038 138.446244 -136.422850
-227.016804 136.854092 -135.301327
-226.561569 135.261940 -134.179804
-226.106334 133.669788 -133.058281
-225.651099 132.077637 -131.936758
-225.195864 130.485485 -130.815236
-224.740630 128.893333 -129.693713
-224.285395 127.301181 -128.572190
-223.830160 125.709029 -127.450667
-223.374925 124.116877 -126.329144
-222.919690 122.524725 -125.207622
-222.464455 120.932573 -124.086099
-222.009221 119.340421 -122.964576
-221.553986 117.748269 -121.843053
-221.098751 116.156117 -120.721531
-220.643516 114.563965 -119.600008
-220.188281 112.971813 -118.478485
-219.733047 111.379661 -117.356962
-219.277812 109.787509 -116.235439
-218.822577 108.195357 -115.113917
-218.367342 106.603205 -113.992394
-217.912107 105.011053 -112.870871
-217.456872 103.418901 -111.749348
-217.001638 101.826749 -110.627826
-216.546403 100.234597 -109.506303
-216.091168 98.642445 -108.384780
-215.635933 97.050293 -107.263257
-215.180698 95.458141 -106.141734
-214.725464 93.865989 -105.020212
-214.270229 92.273837 -103.898689
-213.814994 90.681685 -102.777166
-213.359759 89.089533 -101.655643
-212.904524 87.497381 -100.534120
-212.449290 85.905229 -99.412598
-211.994055 84.313077 -98.291075
-211.538820 82.720925 -97.169552
-211.083585 81.128773 -96.048029
-210.628350 79.536621 -94.926507
-210.173115 77.944469 -93.804984
-209.717881 76.352317 -92.683461
-209.262646 74.760165 -91.561938
-208.807411 73.168013 -90.440415
-208.352176 71.575861 -89.318893
-207.896941 69.983709 -88.197370
-207.441707 68.391558 -87.075847
-206.986472 66.799406 -85.954324
-206.531237 65.207254 -84.832802
-206.076002 63.615102 -83.711279
-205.620767 62.022950 -82.589756
-205.165533 60.430798 -81.468233
-204.710298 58.838646 -80.346710
-204.255063 57.246494 -79.225188
-203.799828 55.654342 -78.103665
-203.344593 54.062190 -76.982142
-202.889358 52.470038 -75.860619
-202.434124 50.877886 -74.739096
-201.978889 49.285734 -73.617574
-201.523654 47.693582 -72.496051
-201.068419 46.101430 -71.374528
-200.613184 44.509278 -70.253005
-200.157950 42.917126 -69.131483
-199.702715 41.324974 -68.009960
-199.247480 39.732822 -66.888437
-198.792245 38.140670 -65.766914
-198.337010 36.548518 -64.645391
-197.881776 34.956366 -63.523869
-197.426541 33.364214 -62.402346
-196.971306 31.772062 -61.280823
-196.516071 30.179910 -60.159300
-11.056163 52.568287 89.795095
-12.517989 53.551033 88.847849
-13.979816 54.533778 87.900604
-15.441642 55.516524 86.953358
-16.903469 56.499270 86.006112
-18.365295 57.482015 85.058867
-19.827122 58.464761 84.111621
-21.288948 59.447506 83.164376
-22.750775 60.430252 82.217130
-24.212601 61.412998 81.269884
-25.674428 62.395743 80.322639
-27.136254 63.378489 79.375393
-28.598081 64.361235 78.428148
-30.059907 65.343980 77.480902
-31.521734 66.326726 76.533656
-32.983560 67.309472 75.586411
-34.445387 68.292217 74.639165
-35.907214 69.274963 73.691920
-37.369040 70.257708 72.744674
-38.830867 71.240454 71.797428
-40.292693 72.223200 70.850183
-41.754520 73.205945 69.902937
-43.216346 74.188691 68.955691
-44.678173 75.171437 68.008446
-46.139999 76.154182 67.061200
-47.601826 77.136928 66.113955
-49.063652 78.119674 65.166709
-50.525479 79.102419 64.219463
-51.987305 80.085165 63.272218
-53.449132 81.067910 62.324972
-54.910958 82.050656 61.377727
-56.372785 83.033402 60.430481
-57.834611 84.016147 59.483235
-59.296438 84.998893 58.535990
-60.758264 85.981639 57.588744
-62.220091 86.964384 56.641499
-63.681917 87.947130 55.694253
-65.143744 88.929876 54.747007
-66.605570 89.912621 53.799762
-68.067397 90.895367 52.852516
-69.529224 91.878112 51.905271
-70.991050 92.860858 50.958025
-72.452877 93.843604 50.010779
-73.914703 94.826349 49.063534
-75.376530 95.809095 48.116288
-76.838356 96.791841 47.169043
-78.300183 97.774586 46.221797
-79.762009 98.757332 45.274551
-81.223836 99.740078 44.327306
-82.685662 100.722823 43.380060
-84.147489 101.705569 42.432815
-85.609315 102.688314 41.485569
-87.071142 103.671060 40.538323
-88.532968 104.653806 39.591078
-89.994795 105.636551 38.643832
-91.456621 106.619297 37.696587
-92.918448 107.602043 36.749341
-94.380274 108.584788 35.802095
-95.842101 109.567534 34.854850
-97.303927 110.550280 33.907604
-98.765754 111.533025 32.960359
-100.227580 112.515771 32.013113
-101.689407 113.498516 31.065867
-103.151234 114.481262 30.118622
-104.613060 115.464008 29.171376
-106.074887 116.446753 28.224131
-107.536713 117.429499 27.276885
-108.998540 118.412245 26.329639
-110.460366 119.394990 25.382394
-111.922193 120.377736 24.435148
69.550103 -197.351773 -283.953700
68.455552 -195.751675 -283.462129
67.361001 -194.151576 -282.970558
66.266449 -192.551478 -282.478987
65.171898 -190.951379 -281.987416
64.077347 -189.351281 -281.495845
62.982795 -187.751182 -281.004274
61.888244 -186.151084 -280.512703
60.793693 -184.550985 -280.021131
59.699141 -182.950887 -279.529560
58.604590 -181.350788 -279.037989
57.510039 -179.750690 -278.546418
56.415487 -178.150591 -278.054847
55.320936 -176.550493 -277.563276
54.226385 -174.950394 -277.071705
53.131833 -173.350296 -276.580134
52.037282 -171.750197 -276.088563
50.942731 -170.150099 -275.596992
49.848180 -168.550000 -275.105421
48.753628 -166.949901 -274.613850
47.659077 -165.349803 -274.122278
46.564526 -163.749704 -273.630707
45.469974 -162.149606 -273.139136
44.375423 -160.549507 -272.647565
43.280872 -158.949409 -272.155994
42.186320 -157.349310 -271.664423
41.091769 -155.749212 -271.172852
39.997218 -154.149113 -270.681281
38.902666 -152.549015 -270.189710
37.808115 -150.948916 -269.698139
36.713564 -149.348818 -269.206568
35.619012 -147.748719 -268.714996
34.524461 -146.148621 -268.223425
33.429910 -144.548522 -267.731854
32.335358 -142.948424 -267.240283
31.240807 -141.348325 -266.748712
30.146256 -139.748227 -266.257141
29.051704 -138.148128 -265.765570
27.957153 -136.548030 -265.273999
26.862602 -134.947931 -264.782428
25.768050 -133.347833 -264.290857
24.673499 -131.747734 -263.799286
23.578948 -130.147636 -263.307714
22.484396 -128.547537 -262.816143
21.389845 -126.947439 -262.324572
20.295294 -125.347340 -261.833001
19.200742 -123.747242 -261.341430
18.106191 -122.147143 -260.849859
17.011640 -120.547045 -260.358288
15.917088 -118.946946 -259.866717
14.822537 -117.346847 -259.375146
13.727986 -115.746749 -258.883575
12.633434 -114.146650 -258.392004
11.538883 -112.546552 -257.900433
10.444332 -110.946453 -257.408861
9.349780 -109.346355 -256.917290
8.255229 -107.746256 -256.425719
7.160678 -106.146158 -255.934148
6.066126 -104.546059 -255.442577
4.971575 -102.945961 -254.951006
3.877024 -101.345862 -254.459435
2.782473 -99.745764 -253.967864
1.687921 -98.145665 -253.476293
0.593370 -96.545567 -252.984722
-0.501181 -94.945468 -252.493151
-1.595733 -93.345370 -252.001579
-2.690284 -91.745271 -251.510008
-3.784835 -90.145173 -251.018437
-4.879387 -88.545074 -250.526866
-5.973938 -86.944976 -250.035295
244.694970 -99.249638 284.907502
242.769649 -99.784638 284.824368
240.844327 -100.319638 284.741234
238.919005 -100.854638 284.658100
236.993683 -101.389638 284.574966
235.068362 -101.924638 284.491832
233.143040 -102.459638 284.408698
231.217718 -102.994638 284.325564
229.292396 -103.529637 284.242430
227.367075 -104.064637 284.159296
225.441753 -104.599637 284.076162
223.516431 -105.134637 283.993028
221.591109 -105.669637 283.909894
219.665788 -106.204637 283.826760
217.740466 -106.739637 283.743626
215.815144 -107.274636 283.660492
213.889822 -107.809636 283.577358
211.964500 -108.344636 283.494224
210.039179 -108.879636 283.411090
208.113857 -109.414636 283.327956
206.188535 -109.949636 283.244822
204.263213 -110.484636 283.161688
202.337892 -111.019636 283.078554
200.412570 -111.554635 282.995420
198.487248 -112.089635 282.912286
196.561926 -112.624635 282.829152
194.636605 -113.159635 282.746018
192.711283 -113.694635 282.662884
190.785961 -114.229635 282.579750
188.860639 -114.764635 282.496616
186.935318 -115.299635 282.413482
185.009996 -115.834634 282.330348
183.084674 -116.369634 282.247214
181.159352 -116.904634 282.164080
179.234031 -117.439634 282.080946
177.308709 -117.974634 281.997812
175.383387 -118.509634 281.914678
173.458065 -119.044634 281.831544
171.532743 -119.579633 281.748411
169.607422 -120.114633 281.665277
167.682100 -120.649633 281.582143
165.756778 -121.184633 281.499009
163.831456 -121.719633 281.415875
161.906135 -122.254633 281.332741
159.980813 -122.789633 281.249607
158.055491 -123.324633 281.166473
156.130169 -123.859632 281.083339
154.204848 -124.394632 281.000205
152.279526 -124.929632 280.917071
150.354204 -125.464632 280.833937
148.428882 -125.999632 280.750803
146.503561 -126.534632 280.667669
144.578239 -127.069632 280.584535
142.652917 -127.604632 280.501401
140.727595 -128.139631 280.418267
138.802274 -128.674631 280.335133
136.876952 -129.209631 280.251999
134.951630 -129.744631 280.168865
133.026308 -130.279631 280.085731
131.100987 -130.814631 280.002597
129.175665 -131.349631 279.919463
127.250343 -131.884630 279.836329
125.325021 -132.419630 279.753195
123.399699 -132.954630 279.670061
121.474378 -133.489630 279.586927
119.549056 -134.024630 279.503793
117.623734 -134.559630 279.420659
115.698412 -135.094630 279.337525
113.773091 -135.629630 279.254391
111.847769 -136.164629 279.171257
-276.089103 -157.869241 157.592174
-275.715647 -156.311297 156.394952
-275.342192 -154.753354 155.197729
-274.968736 -153.195410 154.000506
-274.595281 -151.637466 152.803284
-274.221825 -150.079522 151.606061
-273.848370 -148.521578 150.408839
-273.474914 -146.963635 149.211616
-273.101459 -145.405691 148.014393
-272.728003 -143.847747 146.817171
-272.354548 -142.289803 145.619948
-271.981092 -140.731859 144.422725
-271.607637 -139.173916 143.225503
-271.234181 -137.615972 142.028280
-270.860726 -136.058028 140.831057
-270.487270 -134.500084 139.633835
-270.113815 -132.942140 138.436612
-269.740359 -131.384197 137.239389
-269.366904 -129.826253 136.042167
-268.993448 -128.268309 134.844944
-268.619993 -126.710365 133.647721
-268.246537 -125.152421 132.450499
-267.873082 -123.594478 131.253276
-267.499626 -122.036534 130.056053
-267.126171 -120.478590 128.858831
-266.752715 -118.920646 127.661608
-266.379260 -117.362702 126.464385
-266.005804 -115.804759 125.267163
-265.632349 -114.246815 124.069940
-265.258893 -112.688871 122.872717
-264.885438 -111.130927 121.675495
-264.511982 -109.572983 120.478272
-264.138527 -108.015040 119.281049
-263.765071 -106.457096 118.083827
-263.391616 -104.899152 116.886604
-263.018160 -103.341208 115.689381
-262.644705 -101.783264 114.492159
-262.271249 -100.225321 113.294936
-261.897794 -98.667377 112.097713
-261.524338 -97.109433 110.900491
-261.150883 -95.551489 109.703268
-260.777427 -93.993545 108.506045
-260.403972 -92.435602 107.308823
-260.030516 -90.877658 106.111600
-259.657061 -89.319714 104.914377
-259.283605 -87.761770 103.717155
-258.910150 -86.203826 102.519932
-258.536694 -84.645882 101.322710
-258.163239 -83.087939 100.125487
-257.789783 -81.529995 98.928264
-257.416328 -79.972051 97.731042
-257.042872 -78.414107 96.533819
-256.669417 -76.856163 95.336596
-256.295961 -75.298220 94.139374
-255.922506 -73.740276 92.942151
-255.549050 -72.182332 91.744928
-255.175595 -70.624388 90.547706
-254.802139 -69.066444 89.350483
-254.428684 -67.508501 88.153260
-254.055228 -65.950557 86.956038
-253.681773 -64.392613 85.758815
-253.308317 -62.834669 84.561592
-252.934862 -61.276725 83.364370
-252.561406 -59.718782 82.167147
-252.187951 -58.160838 80.969924
-251.814495 -56.602894 79.772702
-251.441040 -55.044950 78.575479
-251.067584 -53.487006 77.378256
-250.694129 -51.929063 76.181034
-250.320673 -50.371119 74.983811
-289.071643 -112.860643 -203.742701
-287.427055 -113.648621 -204.563932
-285.782467 -114.436600 -205.385162
-284.137879 -115.224578 -206.206392
-282.493290 -116.012556 -207.027623
-280.848702 -116.800535 -207.848853
-279.204114 -117.588513 -208.670084
-277.559525 -118.376492 -209.491314
-275.914937 -119.164470 -210.312545
-274.270349 -119.952448 -211.133775
-272.625761 -120.740427 -211.955005
-270.981172 -121.528405 -212.776236
-269.336584 -122.316384 -213.597466
-267.691996 -123.104362 -214.418697
-266.047408 -123.892341 -215.239927
-264.402819 -124.680319 -216.061158
-262.758231 -125.468297 -216.882388
-261.113643 -126.256276 -217.703619
-259.469054 -127.044254 -218.524849
-257.824466 -127.832233 -219.346079
-256.179878 -128.620211 -220.167310
-254.535290 -129.408189 -220.988540
-252.890701 -130.196168 -221.809771
-251.246113 -130.984146 -222.631001
-249.601525 -131.772125 -223.452232
-247.956937 -132.560103 -224.273462
-246.312348 -133.348082 -225.094692
-244.667760 -134.136060 -225.915923
-243.023172 -134.924038 -226.737153
-241.378583 -135.712017 -227.558384
-239.733995 -136.499995 -228.379614
-238.089407 -137.287974 -229.200845
-236.444819 -138.075952 -230.022075
-234.800230 -138.863930 -230.843306
-233.155642 -139.651909 -231.664536
-231.511054 -140.439887 -232.485766
-229.866466 -141.227866 -233.306997
-228.221877 -142.015844 -234.128227
-226.577289 -142.803822 -234.949458
-224.932701 -143.591801 -235.770688
-223.288112 -144.379779 -236.591919
-221.643524 -145.167758 -237.413149
-219.998936 -145.955736 -238.234379
-218.354348 -146.743715 -239.055610
-216.709759 -147.531693 -239.876840
-215.065171 -148.319671 -240.698071
-213.420583 -149.107650 -241.519301
-211.775995 -149.895628 -242.340532
-210.131406 -150.683607 -243.161762
-208.486818 -151.471585 -243.982992
-206.842230 -152.259563 -244.804223
-205.197641 -153.047542 -245.625453
-203.553053 -153.835520 -246.446684
-201.908465 -154.623499 -247.267914
-200.263877 -155.411477 -248.089145
-198.619288 -156.199456 -248.910375
-196.974700 -156.987434 -249.731606
-195.330112 -157.775412 -250.552836
-193.685523 -158.563391 -251.374066
-192.040935 -159.351369 -252.195297
-190.396347 -160.139348 -253.016527
-188.751759 -160.927326 -253.837758
-187.107170 -161.715304 -254.658988
-185.462582 -162.503283 -255.480219
-183.817994 -163.291261 -256.301449
-182.173406 -164.079240 -257.122679
-180.528817 -164.867218 -257.943910
-178.884229 -165.655197 -258.765140
-177.239641 -166.443175 -259.586371
-175.595052 -167.231153 -260.407601
-189.399907 -30.883044 65.047045
-187.412775 -31.109133 65.060880
-185.425643 -31.335221 65.074715
-183.438512 -31.561310 65.088551
-181.451380 -31.787399 65.102386
-179.464248 -32.013488 65.116221
-177.477117 -32.239576 65.130057
-175.489985 -32.465665 65.143892
-173.502853 -32.691754 65.157728
-171.515721 -32.917842 65.171563
-169.528590 -33.143931 65.185398
-167.541458 -33.370020 65.199234
-165.554326 -33.596109 65.213069
-163.567195 -33.822197 65.226905
-161.580063 -34.048286 65.240740
-159.592931 -34.274375 65.254575
-157.605799 -34.500463 65.268411
-155.618668 -34.726552 65.282246
-153.631536 -34.952641 65.296082
-151.644404 -35.178730 65.309917
-149.657272 -35.404818 65.323752
-147.670141 -35.630907 65.337588
-145.683009 -35.856996 65.351423
-143.695877 -36.083084 65.365259
-141.708746 -36.309173 65.379094
-139.721614 -36.535262 65.392929
-137.734482 -36.761351 65.406765
-135.747350 -36.987439 65.420600
-133.760219 -37.213528 65.434436
-131.773087 -37.439617 65.448271
-129.785955 -37.665705 65.462106
-127.798824 -37.891794 65.475942
-125.811692 -38.117883 65.489777
-123.824560 -38.343972 65.503612
-121.837428 -38.570060 65.517448
-119.850297 -38.796149 65.531283
-117.863165 -39.022238 65.545119
-115.876033 -39.248326 65.558954
-113.888902 -39.474415 65.572789
-111.901770 -39.700504 65.586625
-109.914638 -39.926593 65.600460
-107.927506 -40.152681 65.614296
-105.940375 -40.378770 65.628131
-103.953243 -40.604859 65.641966
-101.966111 -40.830947 65.655802
-99.978979 -41.057036 65.669637
-97.991848 -41.283125 65.683473
-96.004716 -41.509214 65.697308
-94.017584 -41.735302 65.711143
-92.030453 -41.961391 65.724979
-90.043321 -42.187480 65.738814
-88.056189 -42.413568 65.752650
-86.069057 -42.639657 65.766485
-84.081926 -42.865746 65.780320
-82.094794 -43.091835 65.794156
-80.107662 -43.317923 65.807991
-78.120531 -43.544012 65.821826
-76.133399 -43.770101 65.835662
-74.146267 -43.996190 65.849497
-72.159135 -44.222278 65.863333
-70.172004 -44.448367 65.877168
-68.184872 -44.674456 65.891003
-66.197740 -44.900544 65.904839
-64.210609 -45.126633 65.918674
-62.223477 -45.352722 65.932510
-60.236345 -45.578811 65.946345
-58.249213 -45.804899 65.960180
-56.262082 -46.030988 65.974016
-54.274950 -46.257077 65.987851
-52.287818 -46.483165 66.001687
132.573996 84.038417 84.546969
132.711465 86.023351 84.749797
132.848934 88.008285 84.952625
132.986402 89.993219 85.155454
133.123871 91.978153 85.358282
133.261340 93.963087 85.561110
133.398809 95.948021 85.763939
133.536278 97.932955 85.966767
133.673746 99.917889 86.169595
133.811215 101.902823 86.372424
133.948684 103.887757 86.575252
134.086153 105.872691 86.778081
134.223621 107.857625 86.980909
134.361090 109.842559 87.183737
134.498559 111.827493 87.386566
134.636028 113.812427 87.589394
134.773497 115.797361 87.792222
134.910965 117.782295 87.995051
135.048434 119.767229 88.197879
135.185903 121.752163 88.400708
135.323372 123.737097 88.603536
135.460841 125.722031 88.806364
135.598309 127.706965 89.009193
135.735778 129.691899 89.212021
135.873247 131.676833 89.414849
136.010716 133.661767 89.617678
136.148184 135.646701 89.820506
136.285653 137.631635 90.023334
136.423122 139.616569 90.226163
136.560591 141.601503 90.428991
136.698060 143.586437 90.631820
136.835528 145.571371 90.834648
136.972997 147.556305 91.037476
137.110466 149.541239 91.240305
137.247935 151.526173 91.443133
137.385404 153.511107 91.645961
137.522872 155.496041 91.848790
137.660341 157.480975 92.051618
137.797810 159.465909 92.254447
137.935279 161.450843 92.457275
138.072748 163.435777 92.660103
138.210216 165.420711 92.862932
138.347685 167.405645 93.065760
138.485154 169.390579 93.268588
138.622623 171.375513 93.471417
138.760091 173.360447 93.674245
138.897560 175.345381 93.877073
139.035029 177.330315 94.079902
139.172498 179.315249 94.282730
139.309967 181.300183 94.485559
139.447435 183.285117 94.688387
139.584904 185.270051 94.891215
139.722373 187.254985 95.094044
139.859842 189.239919 95.296872
139.997311 191.224853 95.499700
140.134779 193.209787 95.702529
140.272248 195.194721 95.905357
140.409717 197.179655 96.108185
140.547186 199.164589 96.311014
140.684654 201.149523 96.513842
140.822123 203.134457 96.716671
140.959592 205.119391 96.919499
141.097061 207.104325 97.122327
141.234530 209.089259 97.325156
141.371998 211.074193 97.527984
141.509467 213.059127 97.730812
141.646936 215.044061 97.933641
141.784405 217.028995 98.136469
141.921874 219.013929 98.339298
142.059342 220.998863 98.542126
54.062578 225.638443 -76.420158
53.846290 226.521503 -78.201569
53.630002 227.404563 -79.982980
53.413714 228.287623 -81.764391
53.197426 229.170682 -83.545802
52.981137 230.053742 -85.327213
52.764849 230.936802 -87.108624
52.548561 231.819862 -88.890034
52.332273 232.702922 -90.671445
52.115984 233.585982 -92.452856
51.899696 234.469042 -94.234267
51.683408 235.352101 -96.015678
51.467120 236.235161 -97.797089
51.250832 237.118221 -99.578500
51.034543 238.001281 -101.359910
50.818255 238.884341 -103.141321
50.601967 239.767401 -104.922732
50.385679 240.650461 -106.704143
50.169390 241.533521 -108.485554
49.953102 242.416580 -110.266965
49.736814 243.299640 -112.048376
49.520526 244.182700 -113.829786
49.304237 245.065760 -115.611197
49.087949 245.948820 -117.392608
48.871661 246.831880 -119.174019
48.655373 247.714940 -120.955430
48.439085 248.598000 -122.736841
48.222796 249.481059 -124.518252
48.006508 250.364119 -126.299663
47.790220 251.247179 -128.081073
47.573932 252.130239 -129.862484
47.357643 253.013299 -131.643895
47.141355 253.896359 -133.425306
46.925067 254.779419 -135.206717
46.708779 255.662479 -136.988128
46.492490 256.545538 -138.769539
46.276202 257.428598 -140.550949
46.059914 258.311658 -142.332360
45.843626 259.194718 -144.113771
45.627338 260.077778 -145.895182
45.411049 260.960838 -147.676593
45.194761 261.843898 -149.458004
44.978473 262.726957 -151.239415
44.762185 263.610017 -153.020825
44.545896 264.493077 -154.802236
44.329608 265.376137 -156.583647
44.113320 266.259197 -158.365058
43.897032 267.142257 -160.146469
43.680743 268.025317 -161.927880
43.464455 268.908377 -163.709291
43.248167 269.791436 -165.490702
43.031879 270.674496 -167.272112
42.815591 271.557556 -169.053523
42.599302 272.440616 -170.834934
42.383014 273.323676 -172.616345
42.166726 274.206736 -174.397756
41.950438 275.089796 -176.179167
41.734149 275.972856 -177.960578
41.517861 276.855915 -179.741988
41.301573 277.738975 -181.523399
41.085285 278.622035 -183.304810
40.868997 279.505095 -185.086221
40.652708 280.388155 -186.867632
40.436420 281.271215 -188.649043
40.220132 282.154275 -190.430454
40.003844 283.037335 -192.211864
39.787555 283.920394 -193.993275
39.571267 284.803454 -195.774686
39.354979 285.686514 -197.556097
39.138691 286.569574 -199.337508
62.505579 193.905654 31.654466
60.674529 193.447421 30.993193
58.843480 192.989189 30.331921
57.012431 192.530956 29.670648
55.181382 192.072724 29.009375
53.350332 191.614491 28.348103
51.519283 191.156259 27.686830
49.688234 190.698026 27.025558
47.857184 190.239794 26.364285
46.026135 189.781561 25.703013
44.195086 189.323329 25.041740
42.364036 188.865096 24.380468
40.532987 188.406864 23.719195
38.701938 187.948632 23.057922
36.870888 187.490399 22.396650
35.039839 187.032167 21.735377
33.208790 186.573934 21.074105
31.377740 186.115702 20.412832
29.546691 185.657469 19.751560
27.715642 185.199237 19.090287
25.884592 184.741004 18.429015
24.053543 184.282772 17.767742
22.222494 183.824539 17.106470
20.391444 183.366307 16.445197
18.560395 182.908074 15.783924
16.729346 182.449842 15.122652
14.898297 181.991609 14.461379
13.067247 181.533377 13.800107
11.236198 181.075144 13.138834
9.405149 180.616912 12.477562
7.574099 180.158679 11.816289
5.743050 179.700447 11.155017
3.912001 179.242214 10.493744
2.080951 178.783982 9.832471
0.249902 178.325749 9.171199
-1.581147 177.867517 8.509926
-3.412197 177.409284 7.848654
-5.243246 176.951052 7.187381
-7.074295 176.492820 6.526109
-8.905345 176.034587 5.864836
-10.736394 175.576355 5.203564
-12.567443 175.118122 4.542291
-14.398493 174.659890 3.881019
-16.229542 174.201657 3.219746
-18.060591 173.743425 2.558473
-19.891641 173.285192 1.897201
-21.722690 172.826960 1.235928
-23.553739 172.368727 0.574656
-25.384789 171.910495 -0.086617
-27.215838 171.452262 -0.747889
-29.046887 170.994030 -1.409162
-30.877936 170.535797 -2.070434
-32.708986 170.077565 -2.731707
-34.540035 169.619332 -3.392980
-36.371084 169.161100 -4.054252
-38.202134 168.702867 -4.715525
-40.033183 168.244635 -5.376797
-41.864232 167.786402 -6.038070
-43.695282 167.328170 -6.699342
-45.526331 166.869937 -7.360615
-47.357380 166.411705 -8.021887
-49.188430 165.953472 -8.683160
-51.019479 165.495240 -9.344432
-52.850528 165.037008 -10.005705
-54.681578 164.578775 -10.666978
-56.512627 164.120543 -11.328250
-58.343676 163.662310 -11.989523
-60.174726 163.204078 -12.650795
-62.005775 162.745845 -13.312068
-63.836824 162.287613 -13.973340
-182.695268 -27.123784 -64.897390
-184.382639 -26.987978 -63.832338
-186.070011 -26.852172 -62.767286
-187.757382 -26.716367 -61.702235
-189.444753 -26.580561 -60.637183
-191.132125 -26.444756 -59.572132
-192.819496 -26.308950 -58.507080
-194.506867 -26.173145 -57.442029
-196.194239 -26.037339 -56.376977
-197.881610 -25.901533 -55.311926
-199.568981 -25.765728 -54.246874
-201.256353 -25.629922 -53.181822
-202.943724 -25.494117 -52.116771
-204.631095 -25.358311 -51.051719
-206.318467 -25.222506 -49.986668
-208.005838 -25.086700 -48.921616
-209.693209 -24.950894 -47.856565
-211.380581 -24.815089 -46.791513
-213.067952 -24.679283 -45.726462
-214.755323 -24.543478 -44.661410
-216.442695 -24.407672 -43.596358
-218.130066 -24.271867 -42.531307
-219.817437 -24.136061 -41.466255
-221.504809 -24.000255 -40.401204
-223.192180 -23.864450 -39.336152
-224.879551 -23.728644 -38.271101
-226.566923 -23.592839 -37.206049
-228.254294 -23.457033 -36.140998
-229.941665 -23.321228 -35.075946
-231.629037 -23.185422 -34.010895
-233.316408 -23.049616 -32.945843
-235.003779 -22.913811 -31.880791
-236.691151 -22.778005 -30.815740
-238.378522 -22.642200 -29.750688
-240.065893 -22.506394 -28.685637
-241.753265 -22.370589 -27.620585
-243.440636 -22.234783 -26.555534
-245.128007 -22.098977 -25.490482
-246.815379 -21.963172 -24.425431
-248.502750 -21.827366 -23.360379
-250.190121 -21.691561 -22.295327
-251.877493 -21.555755 -21.230276
-253.564864 -21.419950 -20.165224
-255.252235 -21.284144 -19.100173
-256.939607 -21.148338 -18.035121
-258.626978 -21.012533 -16.970070
-260.314349 -20.876727 -15.905018
-262.001721 -20.740922 -14.839967
-263.689092 -20.605116 -13.774915
-265.376463 -20.469311 -12.709863
-267.063835 -20.333505 -11.644812
-268.751206 -20.197699 -10.579760
-270.438578 -20.061894 -9.514709
-272.125949 -19.926088 -8.449657
-273.813320 -19.790283 -7.384606
-275.500692 -19.654477 -6.319554
-277.188063 -19.518672 -5.254503
-278.875434 -19.382866 -4.189451
-280.562806 -19.247060 -3.124400
-282.250177 -19.111255 -2.059348
-283.937548 -18.975449 -0.994296
-285.624920 -18.839644 0.070755
-287.312291 -18.703838 1.135807
-288.999662 -18.568033 2.200858
-290.687034 -18.432227 3.265910
-292.374405 -18.296421 4.330961
-294.061776 -18.160616 5.396013
-295.749148 -18.024810 6.461064
-297.436519 -17.889005 7.526116
-299.123890 -17.753199 8.591168
249.031986 -49.947797 44.748527
247.555765 -48.668874 45.178793
246.079544 -47.389952 45.609059
244.603323 -46.111029 46.039326
243.127102 -44.832107 46.469592
241.650881 -43.553184 46.899858
240.174660 -42.274262 47.330124
238.698439 -40.995339 47.760391
237.222218 -39.716417 48.190657
235.745998 -38.437495 48.620923
234.269777 -37.158572 49.051190
232.793556 -35.879650 49.481456
231.317335 -34.600727 49.911722
229.841114 -33.321805 50.341988
228.364893 -32.042882 50.772255
226.888672 -30.763960 51.202521
225.412451 -29.485037 51.632787
223.936230 -28.206115 52.063053
222.460009 -26.927193 52.493320
220.983788 -25.648270 52.923586
219.507567 -24.369348 53.353852
218.031346 -23.090425 53.784118
216.555125 -21.811503 54.214385
215.078904 -20.532580 54.644651
213.602683 -19.253658 55.074917
212.126462 -17.974735 55.505183
210.650241 -16.695813 55.935450
209.174020 -15.416891 56.365716
207.697799 -14.137968 56.795982
206.221578 -12.859046 57.226248
204.745357 -11.580123 57.656515
203.269136 -10.301201 58.086781
201.792915 -9.022278 58.517047
200.316694 -7.743356 58.947313
198.840473 -6.464433 59.377580
197.364252 -5.185511 59.807846
195.888031 -3.906589 60.238112
194.411811 -2.627666 60.668378
192.935590 -1.348744 61.098645
191.459369 -0.069821 61.528911
189.983148 1.209101 61.959177
188.506927 2.488024 62.389443
187.030706 3.766946 62.819710
185.554485 5.045869 63.249976
184.078264 6.324791 63.680242
182.602043 7.603713 64.110508
181.125822 8.882636 64.540775
179.649601 10.161558 64.971041
178.173380 11.440481 65.401307
176.697159 12.719403 65.831573
175.220938 13.998326 66.261840
173.744717 15.277248 66.692106
172.268496 16.556171 67.122372
170.792275 17.835093 67.552638
169.316054 19.114015 67.982905
167.839833 20.392938 68.413171
166.363612 21.671860 68.843437
164.887391 22.950783 69.273703
163.411170 24.229705 69.703970
161.934949 25.508628 70.134236
160.458728 26.787550 70.564502
158.982507 28.066472 70.994768
157.506286 29.345395 71.425035
156.030065 30.624317 71.855301
154.553844 31.903240 72.285567
153.077624 33.182162 72.715833
151.601403 34.461085 73.146100
150.125182 35.740007 73.576366
148.648961 37.018930 74.006632
147.172740 38.297852 74.436898
-234.637644 -134.172091 -91.337820
-234.299386 -132.270116 -90.820060
-233.961129 -130.368142 -90.302300
-233.622871 -128.466168 -89.784540
-233.284613 -126.564193 -89.266780
-232.946355 -124.662219 -88.749021
-232.608097 -122.760245 -88.231261
-232.269839 -120.858270 -87.713501
-231.931582 -118.956296 -87.195741
-231.593324 -117.054322 -86.677981
-231.255066 -115.152347 -86.160221
-230.916808 -113.250373 -85.642461
-230.578550 -111.348399 -85.124702
-230.240292 -109.446424 -84.606942
-229.902035 -107.544450 -84.089182
-229.563777 -105.642476 -83.571422
-229.225519 -103.740501 -83.053662
-228.887261 -101.838527 -82.535902
-228.549003 -99.936553 -82.018142
-228.210745 -98.034578 -81.500383
-227.872488 -96.132604 -80.982623
-227.534230 -94.230630 -80.464863
-227.195972 -92.328655 -79.947103
-226.857714 -90.426681 -79.429343
-226.519456 -88.524707 -78.911583
-226.181198 -86.622732 -78.393823
-225.842941 -84.720758 -77.876063
-225.504683 -82.818784 -77.358304
-225.166425 -80.916809 -76.840544
-224.828167 -79.014835 -76.322784
-224.489909 -77.112861 -75.805024
-224.151651 -75.210886 -75.287264
-223.813394 -73.308912 -74.769504
-223.475136 -71.406938 -74.251744
-223.136878 -69.504963 -73.733985
-222.798620 -67.602989 -73.216225
-222.460362 -65.701015 -72.698465
-222.122104 -63.799040 -72.180705
-221.783847 -61.897066 -71.662945
-221.445589 -59.995092 -71.145185
-221.107331 -58.093117 -70.627425
-220.769073 -56.191143 -70.109665
-220.430815 -54.289169 -69.591906
-220.092557 -52.387194 -69.074146
-219.754299 -50.485220 -68.556386
-219.416042 -48.583246 -68.038626
-219.077784 -46.681271 -67.520866
-218.739526 -44.779297 -67.003106
-218.401268 -42.877323 -66.485346
-218.063010 -40.975348 -65.967587
-217.724752 -39.073374 -65.449827
-217.386495 -37.171400 -64.932067
-217.048237 -35.269425 -64.414307
-216.709979 -33.367451 -63.896547
-216.371721 -31.465477 -63.378787
-216.033463 -29.563503 -62.861027
-215.695205 -27.661528 -62.343267
-215.356948 -25.759554 -61.825508
-215.018690 -23.857580 -61.307748
-214.680432 -21.955605 -60.789988
-214.342174 -20.053631 -60.272228
-214.003916 -18.151657 -59.754468
-213.665658 -16.249682 -59.236708
-213.327401 -14.347708 -58.718948
-212.989143 -12.445734 -58.201189
-212.650885 -10.543759 -57.683429
-212.312627 -8.641785 -57.165669
-211.974369 -6.739811 -56.647909
-211.636111 -4.837836 -56.130149
-211.297854 -2.935862 -55.612389
-89.393571 -96.518551 -48.246726
-89.628038 -98.257958 -49.205625
-89.862505 -99.997365 -50.164525
-90.096973 -101.736772 -51.123424
-90.331440 -103.476179 -52.082324
-90.565907 -105.215586 -53.041223
-90.800374 -106.954993 -54.000123
-91.034841 -108.694400 -54.959023
-91.269309 -110.433807 -55.917922
-91.503776 -112.173214 -56.876822
-91.738243 -113.912621 -57.835721
-91.972710 -115.652029 -58.794621
-92.207177 -117.391436 -59.753520
-92.441644 -119.130843 -60.712420
-92.676112 -120.870250 -61.671319
-92.910579 -122.609657 -62.630219
-93.145046 -124.349064 -63.589118
-93.379513 -126.088471 -64.548018
-93.613980 -127.827878 -65.506918
-93.848448 -129.567285 -66.465817
-94.082915 -131.306692 -67.424717
-94.317382 -133.046099 -68.383616
-94.551849 -134.785506 -69.342516
-94.786316 -136.524913 -70.301415
-95.020784 -138.264320 -71.260315
-95.255251 -140.003727 -72.219214
-95.489718 -141.743134 -73.178114
-95.724185 -143.482541 -74.137013
-95.958652 -145.221948 -75.095913
-96.193119 -146.961355 -76.054813
-96.427587 -148.700762 -77.013712
-96.662054 -150.440169 -77.972612
-96.896521 -152.179576 -78.931511
-97.130988 -153.918983 -79.890411
-97.365455 -155.658390 -80.849310
-97.599923 -157.397797 -81.808210
-97.834390 -159.137204 -82.767109
-98.068857 -160.876611 -83.726009
-98.303324 -162.616018 -84.684908
-98.537791 -164.355425 -85.643808
-98.772259 -166.094832 -86.602708
-99.006726 -167.834239 -87.561607
-99.241193 -169.573646 -88.520507
-99.475660 -171.313053 -89.479406
-99.710127 -173.052460 -90.438306
-99.944594 -174.791867 -91.397205
-100.179062 -176.531274 -92.356105
-100.413529 -178.270681 -93.315004
-100.647996 -180.010088 -94.273904
-100.882463 -181.749495 -95.232803
-101.116930 -183.488903 -96.191703
-101.351398 -185.228310 -97.150603
-101.585865 -186.967717 -98.109502
-101.820332 -188.707124 -99.068402
-102.054799 -190.446531 -100.027301
-102.289266 -192.185938 -100.986201
-102.523733 -193.925345 -101.945100
-102.758201 -195.664752 -102.904000
-102.992668 -197.404159 -103.862899
-103.227135 -199.143566 -104.821799
-103.461602 -200.882973 -105.780698
-103.696069 -202.622380 -106.739598
-103.930537 -204.361787 -107.698498
-104.165004 -206.101194 -108.657397
-104.399471 -207.840601 -109.616297
-104.633938 -209.580008 -110.575196
-104.868405 -211.319415 -111.534096
-105.102873 -213.058822 -112.492995
-105.337340 -214.798229 -113.451895
-105.571807 -216.537636 -114.410794
171.377516 -162.002397 28.511968
171.760029 -160.066533 28.837724
172.142542 -158.130670 29.163480
172.525055 -156.194806 29.489236
172.907568 -154.258943 29.814992
173.290080 -152.323080 30.140748
173.672593 -150.387216 30.466504
174.055106 -148.451353 30.792260
174.437619 -146.515490 31.118016
174.820132 -144.579626 31.443772
175.202645 -142.643763 31.769528
175.585158 -140.707900 32.095284
175.967670 -138.772036 32.421040
176.350183 -136.836173 32.746796
176.732696 -134.900309 33.072552
177.115209 -132.964446 33.398308
177.497722 -131.028583 33.724064
177.880235 -129.092719 34.049820
178.262748 -127.156856 34.375576
178.645260 -125.220993 34.701332
179.027773 -123.285129 35.027088
179.410286 -121.349266 35.352844
179.792799 -119.413403 35.678600
180.175312 -117.477539 36.004356
180.557825 -115.541676 36.330112
180.940338 -113.605813 36.655868
181.322850 -111.669949 36.981624
181.705363 -109.734086 37.307380
182.087876 -107.798222 37.633136
182.470389 -105.862359 37.958892
182.852902 -103.926496 38.284648
183.235415 -101.990632 38.610404
183.617928 -100.054769 38.936160
184.000440 -98.118906 39.261916
184.382953 -96.183042 39.587672
184.765466 -94.247179 39.913428
185.147979 -92.311316 40.239184
185.530492 -90.375452 40.564940
185.913005 -88.439589 40.890696
186.295517 -86.503725 41.216452
186.678030 -84.567862 41.542208
187.060543 -82.631999 41.867964
187.443056 -80.696135 42.193720
187.825569 -78.760272 42.519476
188.208082 -76.824409 42.845232
188.590595 -74.888545 43.170988
188.973107 -72.952682 43.496744
189.355620 -71.016819 43.822500
189.738133 -69.080955 44.148256
190.120646 -67.145092 44.474012
190.503159 -65.209229 44.799768
190.885672 -63.273365 45.125524
191.268185 -61.337502 45.451280
191.650697 -59.401638 45.777036
192.033210 -57.465775 46.102792
192.415723 -55.529912 46.428548
192.798236 -53.594048 46.754304
193.180749 -51.658185 47.080060
193.563262 -49.722322 47.405816
193.945775 -47.786458 47.731572
194.328287 -45.850595 48.057328
194.710800 -43.914732 48.383084
195.093313 -41.978868 48.708840
195.475826 -40.043005 49.034596
195.858339 -38.107142 49.360352
196.240852 -36.171278 49.686108
196.623365 -34.235415 50.011864
197.005877 -32.299551 50.337620
197.388390 -30.363688 50.663376
197.770903 -28.427825 50.989132
-73.233342 219.327139 -84.604620
-73.143940 219.825429 -86.539488
-73.054537 220.323719 -88.474356
-72.965135 220.822010 -90.409224
-72.875732 221.320300 -92.344091
-72.786329 221.818591 -94.278959
-72.696927 222.316881 -96.213827
-72.607524 222.815172 -98.148695
-72.518122 223.313462 -100.083563
-72.428719 223.811753 -102.018431
-72.339317 224.310043 -103.953299
-72.249914 224.808334 -105.888167
-72.160511 225.306624 -107.823035
-72.071109 225.804915 -109.757903
-71.981706 226.303205 -111.692770
-71.892304 226.801495 -113.627638
-71.802901 227.299786 -115.562506
-71.713498 227.798076 -117.497374
-71.624096 228.296367 -119.432242
-71.534693 228.794657 -121.367110
-71.445291 229.292948 -123.301978
-71.355888 229.791238 -125.236846
-71.266486 230.289529 -127.171714
-71.177083 230.787819 -129.106582
-71.087680 231.286110 -131.041450
-70.998278 231.784400 -132.976317
-70.908875 232.282690 -134.911185
-70.819473 232.780981 -136.846053
-70.730070 233.279271 -138.780921
-70.640668 233.777562 -140.715789
-70.551265 234.275852 -142.650657
-70.461862 234.774143 -144.585525
-70.372460 235.272433 -146.520393
-70.283057 235.770724 -148.455261
-70.193655 236.269014 -150.390129
-70.104252 236.767305 -152.324996
-70.014850 237.265595 -154.259864
-69.925447 237.763886 -156.194732
-69.836044 238.262176 -158.129600
-69.746642 238.760466 -160.064468
-69.657239 239.258757 -161.999336
-69.567837 239.757047 -163.934204
-69.478434 240.255338 -165.869072
-69.389032 240.753628 -167.803940
-69.299629 241.251919 -169.738808
-69.210226 241.750209 -171.673675
-69.120824 242.248500 -173.608543
-69.031421 242.746790 -175.543411
-68.942019 243.245081 -177.478279
-68.852616 243.743371 -179.413147
-68.763214 244.241662 -181.348015
-68.673811 244.739952 -183.282883
-68.584408 245.238242 -185.217751
-68.495006 245.736533 -187.152619
-68.405603 246.234823 -189.087487
-68.316201 246.733114 -191.022354
-68.226798 247.231404 -192.957222
-68.137396 247.729695 -194.892090
-68.047993 248.227985 -196.826958
-67.958590 248.726276 -198.761826
-67.869188 249.224566 -200.696694
-67.779785 249.722857 -202.631562
-67.690383 250.221147 -204.566430
-67.600980 250.719437 -206.501298
-67.511577 251.217728 -208.436166
-67.422175 251.716018 -210.371033
-67.332772 252.214309 -212.305901
-67.243370 252.712599 -214.240769
-67.153967 253.210890 -216.175637
-67.064565 253.709180 -218.110505
113.599896 -237.935494 -58.271828
114.801471 -236.939376 -57.021242
116.003047 -235.943258 -55.770656
117.204622 -234.947140 -54.520070
118.406197 -233.951022 -53.269484
119.607772 -232.954904 -52.018897
120.809347 -231.958786 -50.768311
122.010922 -230.962668 -49.517725
123.212498 -229.966550 -48.267139
124.414073 -228.970432 -47.016553
125.615648 -227.974313 -45.765966
126.817223 -226.978195 -44.515380
128.018798 -225.982077 -43.264794
129.220374 -224.985959 -42.014208
130.421949 -223.989841 -40.763622
131.623524 -222.993723 -39.513036
132.825099 -221.997605 -38.262449
134.026674 -221.001487 -37.011863
135.228249 -220.005369 -35.761277
136.429825 -219.009250 -34.510691
137.631400 -218.013132 -33.260105
138.832975 -217.017014 -32.009518
140.034550 -216.020896 -30.758932
141.236125 -215.024778 -29.508346
142.437700 -214.028660 -28.257760
143.639276 -213.032542 -27.007174
144.840851 -212.036424 -25.756587
146.042426 -211.040306 -24.506001
147.244001 -210.044188 -23.255415
148.445576 -209.048069 -22.004829
149.647152 -208.051951 -20.754243
150.848727 -207.055833 -19.503656
152.050302 -206.059715 -18.253070
153.251877 -205.063597 -17.002484
154.453452 -204.067479 -15.751898
155.655027 -203.071361 -14.501312
156.856603 -202.075243 -13.250726
158.058178 -201.079125 -12.000139
159.259753 -200.083006 -10.749553
160.461328 -199.086888 -9.498967
161.662903 -198.090770 -8.248381
162.864478 -197.094652 -6.997795
164.066054 -196.098534 -5.747208
165.267629 -195.102416 -4.496622
166.469204 -194.106298 -3.246036
167.670779 -193.110180 -1.995450
168.872354 -192.114062 -0.744864
170.073930 -191.117944 0.505723
171.275505 -190.121825 1.756309
172.477080 -189.125707 3.006895
173.678655 -188.129589 4.257481
174.880230 -187.133471 5.508067
176.081805 -186.137353 6.758653
177.283381 -185.141235 8.009240
178.484956 -184.145117 9.259826
179.686531 -183.148999 10.510412
180.888106 -182.152881 11.760998
182.089681 -181.156762 13.011584
183.291256 -180.160644 14.262171
184.492832 -179.164526 15.512757
185.694407 -178.168408 16.763343
186.895982 -177.172290 18.013929
188.097557 -176.176172 19.264515
189.299132 -175.180054 20.515102
190.500708 -174.183936 21.765688
191.702283 -173.187818 23.016274
192.903858 -172.191700 24.266860
194.105433 -171.195581 25.517446
195.307008 -170.199463 26.768032
196.508583 -169.203345 28.018619
60.097716 227.029583 196.520012
58.643343 227.704666 195.324579
57.188969 228.379748 194.129145
55.734596 229.054830 192.933711
54.280222 229.729913 191.738278
52.825849 230.404995 190.542844
51.371475 231.080078 189.347411
49.917102 231.755160 188.151977
48.462728 232.430243 186.956543
47.008355 233.105325 185.761110
45.553981 233.780408 184.565676
44.099608 234.455490 183.370243
42.645234 235.130573 182.174809
41.190861 235.805655 180.979375
39.736488 236.480738 179.783942
38.282114 237.155820 178.588508
36.827741 237.830902 177.393075
35.373367 238.505985 176.197641
33.918994 239.181067 175.002207
32.464620 239.856150 173.806774
31.010247 240.531232 172.611340
29.555873 241.206315 171.415907
28.101500 241.881397 170.220473
26.647126 242.556480 169.025040
25.192753 243.231562 167.829606
23.738379 243.906645 166.634172
22.284006 244.581727 165.438739
20.829632 245.256810 164.243305
19.375259 245.931892 163.047872
17.920885 246.606974 161.852438
16.466512 247.282057 160.657004
15.012139 247.957139 159.461571
13.557765 248.632222 158.266137
12.103392 249.307304 157.070704
10.649018 249.982387 155.875270
9.194645 250.657469 154.679836
7.740271 251.332552 153.484403
6.285898 252.007634 152.288969
4.831524 252.682717 151.093536
3.377151 253.357799 149.898102
1.922777 254.032882 148.702668
0.468404 254.707964 147.507235
-0.985970 255.383046 146.311801
-2.440343 256.058129 145.116368
-3.894717 256.733211 143.920934
-5.349090 257.408294 142.725501
-6.803464 258.083376 141.530067
-8.257837 258.758459 140.334633
-9.712211 259.433541 139.139200
-11.166584 260.108624 137.943766
-12.620957 260.783706 136.748333
-14.075331 261.458789 135.552899
-15.529704 262.133871 134.357465
-16.984078 262.808954 133.162032
-18.438451 263.484036 131.966598
-19.892825 264.159118 130.771165
-21.347198 264.834201 129.575731
-22.801572 265.509283 128.380297
-24.255945 266.184366 127.184864
-25.710319 266.859448 125.989430
-27.164692 267.534531 124.793997
-28.619066 268.209613 123.598563
-30.073439 268.884696 122.403129
-31.527813 269.559778 121.207696
-32.982186 270.234861 120.012262
-34.436560 270.909943 118.816829
-35.890933 271.585026 117.621395
-37.345307 272.260108 116.425962
-38.799680 272.935190 115.230528
-40.254053 273.610273 114.035094
19.500051 102.718929 0.479609
19.328674 104.109250 -0.947849
19.157298 105.499572 -2.375307
18.985921 106.889893 -3.802765
18.814544 108.280215 -5.230223
18.643167 109.670536 -6.657681
18.471791 111.060857 -8.085139
18.300414 112.451179 -9.512597
18.129037 113.841500 -10.940055
17.957661 115.231822 -12.367513
17.786284 116.622143 -13.794971
17.614907 118.012465 -15.222429
17.443530 119.402786 -16.649887
17.272154 120.793107 -18.077345
17.100777 122.183429 -19.504803
16.929400 123.573750 -20.932261
16.758024 124.964072 -22.359719
16.586647 126.354393 -23.787177
16.415270 127.744715 -25.214635
16.243894 129.135036 -26.642093
16.072517 130.525357 -28.069551
15.901140 131.915679 -29.497009
15.729763 133.306000 -30.924467
15.558387 134.696322 -32.351925
15.387010 136.086643 -33.779383
15.215633 137.476964 -35.206841
15.044257 138.867286 -36.634299
14.872880 140.257607 -38.061757
14.701503 141.647929 -39.489215
14.530126 143.038250 -40.916673
14.358750 144.428572 -42.344131
14.187373 145.818893 -43.771589
14.015996 147.209214 -45.199047
13.844620 148.599536 -46.626505
13.673243 149.989857 -48.053963
13.501866 151.380179 -49.481421
13.330490 152.770500 -50.908879
13.159113 154.160822 -52.336337
12.987736 155.551143 -53.763795
12.816359 156.941464 -55.191253
12.644983 158.331786 -56.618711
12.473606 159.722107 -58.046169
12.302229 161.112429 -59.473627
12.130853 162.502750 -60.901085
11.959476 163.893071 -62.328543
11.788099 165.283393 -63.756001
11.616722 166.673714 -65.183460
11.445346 168.064036 -66.610918
11.273969 169.454357 -68.038376
11.102592 170.844679 -69.465834
10.931216 172.235000 -70.893292
10.759839 173.625321 -72.320750
10.588462 175.015643 -73.748208
10.417086 176.405964 -75.175666
10.245709 177.796286 -76.603124
10.074332 179.186607 -78.030582
9.902955 180.576928 -79.458040
9.731579 181.967250 -80.885498
9.560202 183.357571 -82.312956
9.388825 184.747893 -83.740414
9.217449 186.138214 -85.167872
9.046072 187.528536 -86.595330
8.874695 188.918857 -88.022788
8.703318 190.309178 -89.450246
8.531942 191.699500 -90.877704
8.360565 193.089821 -92.305162
8.189188 194.480143 -93.732620
8.017812 195.870464 -95.160078
7.846435 197.260786 -96.587536
7.675058 198.651107 -98.014994
-296.480908 7.419404 28.980782
-296.051097 8.093728 27.147602
-295.621285 8.768052 25.314422
-295.191473 9.442376 23.481242
-294.761662 10.116700 21.648062
-294.331850 10.791024 19.814882
-293.902038 11.465348 17.981702
-293.472227 12.139672 16.148522
-293.042415 12.813996 14.315342
-292.612603 13.488320 12.482162
-292.182792 14.162644 10.648981
-291.752980 14.836968 8.815801
-291.323169 15.511292 6.982621
-290.893357 16.185616 5.149441
-290.463545 16.859940 3.316261
-290.033734 17.534264 1.483081
-289.603922 18.208588 -0.350099
-289.174110 18.882912 -2.183279
-288.744299 19.557236 -4.016459
-288.314487 20.231560 -5.849639
-287.884675 20.905884 -7.682819
-287.454864 21.580208 -9.515999
-287.025052 22.254532 -11.349179
-286.595241 22.928856 -13.182359
-286.165429 23.603180 -15.015539
-285.735617 24.277504 -16.848719
-285.305806 24.951828 -18.681900
-284.875994 25.626152 -20.515080
-284.446182 26.300476 -22.348260
-284.016371 26.974800 -24.181440
-283.586559 27.649124 -26.014620
-283.156747 28.323448 -27.847800
-282.726936 28.997772 -29.680980
-282.297124 29.672096 -31.514160
-281.867312 30.346419 -33.347340
-281.437501 31.020743 -35.180520
-281.007689 31.695067 -37.013700
-280.577878 32.369391 -38.846880
-280.148066 33.043715 -40.680060
-279.718254 33.718039 -42.513240
-279.288443 34.392363 -44.346420
-278.858631 35.066687 -46.179600
-278.428819 35.741011 -48.012780
-277.999008 36.415335 -49.845961
-277.569196 37.089659 -51.679141
-277.139384 37.763983 -53.512321
-276.709573 38.438307 -55.345501
-276.279761 39.112631 -57.178681
-275.849949 39.786955 -59.011861
-275.420138 40.461279 -60.845041
-274.990326 41.135603 -62.678221
-274.560515 41.809927 -64.511401
-274.130703 42.484251 -66.344581
-273.700891 43.158575 -68.177761
-273.271080 43.832899 -70.010941
-272.841268 44.507223 -71.844121
-272.411456 45.181547 -73.677301
-271.981645 45.855871 -75.510481
-271.551833 46.530195 -77.343661
-271.122021 47.204519 -79.176841
-270.692210 47.878843 -81.010022
-270.262398 48.553167 -82.843202
-269.832586 49.227491 -84.676382
-269.402775 49.901815 -86.509562
-268.972963 50.576139 -88.342742
-268.543152 51.250463 -90.175922
-268.113340 51.924787 -92.009102
-267.683528 52.599111 -93.842282
-267.253717 53.273435 -95.675462
-266.823905 53.947759 -97.508642
-72.664916 210.179024 36.020067
-71.515651 210.812600 34.510838
-70.366387 211.446176 33.001609
-69.217122 212.079752 31.492380
-68.067858 212.713328 29.983151
-66.918593 213.346904 28.473922
-65.769329 213.980480 26.964693
-64.620064 214.614056 25.455463
-63.470800 215.247632 23.946234
-62.321536 215.881208 22.437005
-61.172271 216.514784 20.927776
-60.023007 217.148360 19.418547
-58.873742 217.781936 17.909318
-57.724478 218.415512 16.400089
-56.575213 219.049088 14.890860
-55.425949 219.682665 13.381630
-54.276684 220.316241 11.872401
-53.127420 220.949817 10.363172
-51.978155 221.583393 8.853943
-50.828891 222.216969 7.344714
-49.679626 222.850545 5.835485
-48.530362 223.484121 4.326256
-47.381097 224.117697 2.817027
-46.231833 224.751273 1.307797
-45.082568 225.384849 -0.201432
-43.933304 226.018425 -1.710661
-42.784040 226.652001 -3.219890
-41.634775 227.285577 -4.729119
-40.485511 227.919153 -6.238348
-39.336246 228.552729 -7.747577
-38.186982 229.186305 -9.256806
-37.037717 229.819881 -10.766036
-35.888453 230.453457 -12.275265
-34.739188 231.087034 -13.784494
-33.589924 231.720610 -15.293723
-32.440659 232.354186 -16.802952
-31.291395 232.987762 -18.312181
-30.142130 233.621338 -19.821410
-28.992866 234.254914 -21.330639
-27.843601 234.888490 -22.839869
-26.694337 235.522066 -24.349098
-25.545072 236.155642 -25.858327
-24.395808 236.789218 -27.367556
-23.246544 237.422794 -28.876785
-22.097279 238.056370 -30.386014
-20.948015 238.689946 -31.895243
-19.798750 239.323522 -33.404472
-18.649486 239.957098 -34.913702
-17.500221 240.590674 -36.422931
-16.350957 241.224250 -37.932160
-15.201692 241.857826 -39.441389
-14.052428 242.491403 -40.950618
-12.903163 243.124979 -42.459847
-11.753899 243.758555 -43.969076
-10.604634 244.392131 -45.478306
-9.455370 245.025707 -46.987535
-8.306105 245.659283 -48.496764
-7.156841 246.292859 -50.005993
-6.007576 246.926435 -51.515222
-4.858312 247.560011 -53.024451
-3.709048 248.193587 -54.533680
-2.559783 248.827163 -56.042909
-1.410519 249.460739 -57.552139
-0.261254 250.094315 -59.061368
0.888010 250.727891 -60.570597
2.037275 251.361467 -62.079826
3.186539 251.995043 -63.589055
4.335804 252.628619 -65.098284
5.485068 253.262195 -66.607513
6.634333 253.895772 -68.116742
202.541250 -288.436746 290.813512
201.525954 -286.722104 290.642701
200.510657 -285.007462 290.471890
199.495361 -283.292820 290.301079
198.480064 -281.578179 290.130268
197.464768 -279.863537 289.959457
196.449472 -278.148895 289.788645
195.434175 -276.434253 289.617834
194.418879 -274.719611 289.447023
193.403582 -273.004969 289.276212
192.388286 -271.290327 289.105401
191.372990 -269.575685 288.934590
190.357693 -267.861044 288.763779
189.342397 -266.146402 288.592968
188.327100 -264.431760 288.422157
187.311804 -262.717118 288.251345
186.296508 -261.002476 288.080534
185.281211 -259.287834 287.909723
184.265915 -257.573192 287.738912
183.250618 -255.858550 287.568101
182.235322 -254.143908 287.397290
181.220026 -252.429267 287.226479
180.204729 -250.714625 287.055668
179.189433 -248.999983 286.884857
178.174136 -247.285341 286.714045
177.158840 -245.570699 286.543234
176.143544 -243.856057 286.372423
175.128247 -242.141415 286.201612
174.112951 -240.426773 286.030801
173.097654 -238.712132 285.859990
172.082358 -236.997490 285.689179
171.067062 -235.282848 285.518368
170.051765 -233.568206 285.347557
169.036469 -231.853564 285.176745
168.021172 -230.138922 285.005934
167.005876 -228.424280 284.835123
165.990580 -226.709638 284.664312
164.975283 -224.994996 284.493501
163.959987 -223.280355 284.322690
162.944690 -221.565713 284.151879
161.929394 -219.851071 283.981068
160.914097 -218.136429 283.810257
159.898801 -216.421787 283.639446
158.883505 -214.707145 283.468634
157.868208 -212.992503 283.297823
156.852912 -211.277861 283.127012
155.837615 -209.563220 282.956201
154.822319 -207.848578 282.785390
153.807023 -206.133936 282.614579
152.791726 -204.419294 282.443768
151.776430 -202.704652 282.272957
150.761133 -200.990010 282.102146
149.745837 -199.275368 281.931334
148.730541 -197.560726 281.760523
147.715244 -195.846085 281.589712
146.699948 -194.131443 281.418901
145.684651 -192.416801 281.248090
144.669355 -190.702159 281.077279
143.654059 -188.987517 280.906468
142.638762 -187.272875 280.735657
141.623466 -185.558233 280.564846
140.608169 -183.843591 280.394034
139.592873 -182.128949 280.223223
138.577577 -180.414308 280.052412
137.562280 -178.699666 279.881601
136.546984 -176.985024 279.710790
135.531687 -175.270382 279.539979
134.516391 -173.555740 279.369168
133.501095 -171.841098 279.198357
132.485798 -170.126456 279.027546
126.770971 -78.801829 130.403416
128.693045 -78.248991 130.402817
130.615120 -77.696153 130.402218
132.537194 -77.143315 130.401618
134.459268 -76.590477 130.401019
136.381343 -76.037639 130.400420
138.303417 -75.484801 130.399821
140.225491 -74.931963 130.399222
142.147566 -74.379125 130.398623
144.069640 -73.826287 130.398024
145.991714 -73.273449 130.397424
147.913789 -72.720611 130.396825
149.835863 -72.167773 130.396226
151.757937 -71.614935 130.395627
153.680012 -71.062097 130.395028
155.602086 -70.509259 130.394429
157.524160 -69.956421 130.393830
159.446235 -69.403583 130.393230
161.368309 -68.850745 130.392631
163.290383 -68.297907 130.392032
165.212458 -67.745069 130.391433
167.134532 -67.192231 130.390834
169.056606 -66.639393 130.390235
170.978681 -66.086555 130.389636
172.900755 -65.533717 130.389036
174.822829 -64.980879 130.388437
176.744904 -64.428041 130.387838
178.666978 -63.875203 130.387239
180.589052 -63.322365 130.386640
182.511127 -62.769527 130.386041
184.433201 -62.216689 130.385442
186.355275 -61.663851 130.384843
188.277350 -61.111013 130.384243
190.199424 -60.558175 130.383644
192.121499 -60.005337 130.383045
194.043573 -59.452499 130.382446
195.965647 -58.899661 130.381847
197.887722 -58.346823 130.381248
199.809796 -57.793985 130.380649
201.731870 -57.241147 130.380049
203.653945 -56.688309 130.379450
205.576019 -56.135471 130.378851
207.498093 -55.582633 130.378252
209.420168 -55.029795 130.377653
211.342242 -54.476957 130.377054
213.264316 -53.924119 130.376455
215.186391 -53.371280 130.375855
217.108465 -52.818442 130.375256
219.030539 -52.265604 130.374657
220.952614 -51.712766 130.374058
222.874688 -51.159928 130.373459
224.796762 -50.607090 130.372860
226.718837 -50.054252 130.372261
228.640911 -49.501414 130.371661
230.562985 -48.948576 130.371062
232.485060 -48.395738 130.370463
234.407134 -47.842900 130.369864
236.329208 -47.290062 130.369265
238.251283 -46.737224 130.368666
240.173357 -46.184386 130.368067
242.095431 -45.631548 130.367467
244.017506 -45.078710 130.366868
245.939580 -44.525872 130.366269
247.861654 -43.973034 130.365670
249.783729 -43.420196 130.365071
251.705803 -42.867358 130.364472
253.627877 -42.314520 130.363873
255.549952 -41.761682 130.363273
257.472026 -41.208844 130.362674
259.394100 -40.656006 130.362075
-171.534431 81.025239 147.376432
-169.679223 81.079814 148.121566
-167.824015 81.134390 148.866700
-165.968807 81.188965 149.611834
-164.113599 81.243540 150.356968
-162.258391 81.298116 151.102102
-160.403183 81.352691 151.847236
-158.547975 81.407266 152.592370
-156.692767 81.461842 153.337504
-154.837559 81.516417 154.082638
-152.982351 81.570992 154.827772
-151.127143 81.625568 155.572906
-149.271935 81.680143 156.318040
-147.416727 81.734718 157.063174
-145.561519 81.789294 157.808308
-143.706311 81.843869 158.553442
-141.851103 81.898444 159.298576
-139.995895 81.953020 160.043710
-138.140687 82.007595 160.788844
-136.285479 82.062170 161.533978
-134.430271 82.116746 162.279112
-132.575063 82.171321 163.024246
-130.719855 82.225896 163.769380
-128.864647 82.280472 164.514514
-127.009439 82.335047 165.259648
-125.154231 82.389622 166.004782
-123.299023 82.444198 166.749916
-121.443815 82.498773 167.495050
-119.588607 82.553348 168.240184
-117.733399 82.607924 168.985318
-115.878191 82.662499 169.730452
-114.022982 82.717074 170.475586
-112.167774 82.771650 171.220720
-110.312566 82.826225 171.965854
-108.457358 82.880800 172.710988
-106.602150 82.935376 173.456122
-104.746942 82.989951 174.201256
-102.891734 83.044526 174.946390
-101.036526 83.099102 175.691524
-99.181318 83.153677 176.436658
-97.326110 83.208252 177.181792
-95.470902 83.262828 177.926926
-93.615694 83.317403 178.672060
-91.760486 83.371978 179.417194
-89.905278 83.426554 180.162328
-88.050070 83.481129 180.907462
-86.194862 83.535704 181.652596
-84.339654 83.590280 182.397730
-82.484446 83.644855 183.142864
-80.629238 83.699430 183.887998
-78.774030 83.754006 184.633132
-76.918822 83.808581 185.378266
-75.063614 83.863156 186.123400
-73.208406 83.917732 186.868534
-71.353198 83.972307 187.613668
-69.497990 84.026882 188.358802
-67.642782 84.081458 189.103936
-65.787574 84.136033 189.849070
-63.932366 84.190608 190.594204
-62.077158 84.245184 191.339338
-60.221950 84.299759 192.084472
-58.366742 84.354334 192.829606
-56.511534 84.408910 193.574740
-54.656325 84.463485 194.319874
-52.801117 84.518060 195.065008
-50.945909 84.572636 195.810142
-49.090701 84.627211 196.555276
-47.235493 84.681786 197.300410
-45.380285 84.736362 198.045544
-43.525077 84.790937 198.790678
251.745544 -168.452004 -231.362989
252.344590 -166.545635 -231.279932
252.943636 -164.639265 -231.196876
253.542681 -162.732895 -231.113820
254.141727 -160.826525 -231.030764
254.740773 -158.920155 -230.947708
255.339819 -157.013785 -230.864652
255.938864 -155.107416 -230.781596
256.537910 -153.201046 -230.698540
257.136956 -151.294676 -230.615484
257.736001 -149.388306 -230.532428
258.335047 -147.481936 -230.449371
258.934093 -145.575566 -230.366315
259.533138 -143.669197 -230.283259
260.132184 -141.762827 -230.200203
260.731230 -139.856457 -230.117147
261.330276 -137.950087 -230.034091
261.929321 -136.043717 -229.951035
262.528367 -134.137348 -229.867979
263.127413 -132.230978 -229.784923
263.726458 -130.324608 -229.701867
264.325504 -128.418238 -229.618810
264.924550 -126.511868 -229.535754
265.523595 -124.605498 -229.452698
266.122641 -122.699129 -229.369642
266.721687 -120.792759 -229.286586
267.320733 -118.886389 -229.203530
267.919778 -116.980019 -229.120474
268.518824 -115.073649 -229.037418
269.117870 -113.167279 -228.954362
269.716915 -111.260910 -228.871306
270.315961 -109.354540 -228.788249
270.915007 -107.448170 -228.705193
271.514052 -105.541800 -228.622137
272.113098 -103.635430 -228.539081
272.712144 -101.729060 -228.456025
273.311190 -99.822691 -228.372969
273.910235 -97.916321 -228.289913
274.509281 -96.009951 -228.206857
275.108327 -94.103581 -228.123801
275.707372 -92.197211 -228.040745
276.306418 -90.290841 -227.957688
276.905464 -88.384472 -227.874632
277.504509 -86.478102 -227.791576
278.103555 -84.571732 -227.708520
278.702601 -82.665362 -227.625464
279.301647 -80.758992 -227.542408
279.900692 -78.852622 -227.459352
280.499738 -76.946253 -227.376296
281.098784 -75.039883 -227.293240
281.697829 -73.133513 -227.210184
282.296875 -71.227143 -227.127127
282.895921 -69.320773 -227.044071
283.494967 -67.414403 -226.961015
284.094012 -65.508034 -226.877959
284.693058 -63.601664 -226.794903
285.292104 -61.695294 -226.711847
285.891149 -59.788924 -226.628791
286.490195 -57.882554 -226.545735
287.089241 -55.976184 -226.462679
287.688286 -54.069815 -226.379623
288.287332 -52.163445 -226.296566
288.886378 -50.257075 -226.213510
289.485424 -48.350705 -226.130454
290.084469 -46.444335 -226.047398
290.683515 -44.537965 -225.964342
291.282561 -42.631596 -225.881286
291.881606 -40.725226 -225.798230
292.480652 -38.818856 -225.715174
293.079698 -36.912486 -225.632118
281.724348 144.662485 117.702535
280.813696 142.910070 118.018371
279.903043 141.157655 118.334208
278.992390 139.405239 118.650045
278.081738 137.652824 118.965882
277.171085 135.900409 119.281719
276.260432 134.147994 119.597556
275.349780 132.395579 119.913392
274.439127 130.643164 120.229229
273.528474 128.890749 120.545066
272.617822 127.138333 120.860903
271.707169 125.385918 121.176740
270.796517 123.633503 121.492576
269.885864 121.881088 121.808413
268.975211 120.128673 122.124250
268.064559 118.376258 122.440087
267.153906 116.623842 122.755924
266.243253 114.871427 123.071760
265.332601 113.119012 123.387597
264.421948 111.366597 123.703434
263.511295 109.614182 124.019271
262.600643 107.861767 124.335108
261.689990 106.109352 124.650945
260.779337 104.356936 124.966781
259.868685 102.604521 125.282618
258.958032 100.852106 125.598455
258.047379 99.099691 125.914292
257.136727 97.347276 126.230129
256.226074 95.594861 126.545965
255.315422 93.842446 126.861802
254.404769 92.090030 127.177639
253.494116 90.337615 127.493476
252.583464 88.585200 127.809313
251.672811 86.832785 128.125149
250.762158 85.080370 128.440986
249.851506 83.327955 128.756823
248.940853 81.575539 129.072660
248.030200 79.823124 129.388497
247.119548 78.070709 129.704334
246.208895 76.318294 130.020170
245.298242 74.565879 130.336007
244.387590 72.813464 130.651844
243.476937 71.061049 130.967681
242.566284 69.308633 131.283518
241.655632 67.556218 131.599354
240.744979 65.803803 131.915191
239.834327 64.051388 132.231028
238.923674 62.298973 132.546865
238.013021 60.546558 132.862702
237.102369 58.794142 133.178538
236.191716 57.041727 133.494375
235.281063 55.289312 133.810212
234.370411 53.536897 134.126049
233.459758 51.784482 134.441886
232.549105 50.032067 134.757723
231.638453 48.279652 135.073559
230.727800 46.527236 135.389396
229.817147 44.774821 135.705233
228.906495 43.022406 136.021070
227.995842 41.269991 136.336907
227.085189 39.517576 136.652743
226.174537 37.765161 136.968580
225.263884 36.012746 137.284417
224.353232 34.260330 137.600254
223.442579 32.507915 137.916091
222.531926 30.755500 138.231928
221.621274 29.003085 138.547764
220.710621 27.250670 138.863601
219.799968 25.498255 139.179438
218.889316 23.745839 139.495275
46.168634 20.600894 124.493275
47.630626 19.287977 124.120675
49.092617 17.975060 123.748075
50.554608 16.662143 123.375475
52.016599 15.349226 123.002874
53.478591 14.036309 122.630274
54.940582 12.723392 122.257674
56.402573 11.410476 121.885074
57.864565 10.097559 121.512474
59.326556 8.784642 121.139874
60.788547 7.471725 120.767274
62.250538 6.158808 120.394674
63.712530 4.845891 120.022074
65.174521 3.532974 119.649474
66.636512 2.220058 119.276874
68.098504 0.907141 118.904274
69.560495 -0.405776 118.531674
71.022486 -1.718693 118.159074
72.484477 -3.031610 117.786474
73.946469 -4.344527 117.413874
75.408460 -5.657444 117.041274
76.870451 -6.970360 116.668674
78.332443 -8.283277 116.296073
79.794434 -9.596194 115.923473
81.256425 -10.909111 115.550873
82.718416 -12.222028 115.178273
84.180408 -13.534945 114.805673
85.642399 -14.847862 114.433073
87.104390 -16.160778 114.060473
88.566382 -17.473695 113.687873
90.028373 -18.786612 113.315273
91.490364 -20.099529 112.942673
92.952355 -21.412446 112.570073
94.414347 -22.725363 112.197473
95.876338 -24.038280 111.824873
97.338329 -25.351196 111.452273
98.800321 -26.664113 111.079673
100.262312 -27.977030 110.707073
101.724303 -29.289947 110.334473
103.186294 -30.602864 109.961873
104.648286 -31.915781 109.589272
106.110277 -33.228698 109.216672
107.572268 -34.541614 108.844072
109.034260 -35.854531 108.471472
110.496251 -37.167448 108.098872
111.958242 -38.480365 107.726272
113.420233 -39.793282 107.353672
114.882225 -41.106199 106.981072
116.344216 -42.419116 106.608472
117.806207 -43.732032 106.235872
119.268199 -45.044949 105.863272
120.730190 -46.357866 105.490672
122.192181 -47.670783 105.118072
123.654172 -48.983700 104.745472
125.116164 -50.296617 104.372872
126.578155 -51.609534 104.000272
128.040146 -52.922450 103.627672
129.502138 -54.235367 103.255072
130.964129 -55.548284 102.882471
132.426120 -56.861201 102.509871
133.888112 -58.174118 102.137271
135.350103 -59.487035 101.764671
136.812094 -60.799952 101.392071
138.274085 -62.112868 101.019471
139.736077 -63.425785 100.646871
141.198068 -64.738702 100.274271
142.660059 -66.051619 99.901671
144.122051 -67.364536 99.529071
145.584042 -68.677453 99.156471
147.046033 -69.990370 98.783871
4.381645 162.615975 276.707118
3.452263 160.846155 276.643991
2.522881 159.076335 276.580864
1.593498 157.306515 276.517737
0.664116 155.536695 276.454610
-0.265266 153.766874 276.391482
-1.194648 151.997054 276.328355
-2.124031 150.227234 276.265228
-3.053413 148.457414 276.202101
-3.982795 146.687593 276.138974
-4.912177 144.917773 276.075847
-5.841560 143.147953 276.012719
-6.770942 141.378133 275.949592
-7.700324 139.608313 275.886465
-8.629706 137.838492 275.823338
-9.559089 136.068672 275.760211
-10.488471 134.298852 275.697083
-11.417853 132.529032 275.633956
-12.347235 130.759212 275.570829
-13.276618 128.989391 275.507702
-14.206000 127.219571 275.444575
-15.135382 125.449751 275.381448
-16.064764 123.679931 275.318320
-16.994147 121.910110 275.255193
-17.923529 120.140290 275.192066
-18.852911 118.370470 275.128939
-19.782293 116.600650 275.065812
-20.711676 114.830830 275.002684
-21.641058 113.061009 274.939557
-22.570440 111.291189 274.876430
-23.499822 109.521369 274.813303
-24.429204 107.751549 274.750176
-25.358587 105.981729 274.687049
-26.287969 104.211908 274.623921
-27.217351 102.442088 274.560794
-28.146733 100.672268 274.497667
-29.076116 98.902448 274.434540
-30.005498 97.132627 274.371413
-30.934880 95.362807 274.308286
-31.864262 93.592987 274.245158
-32.793645 91.823167 274.182031
-33.723027 90.053347 274.118904
-34.652409 88.283526 274.055777
-35.581791 86.513706 273.992650
-36.511174 84.743886 273.929522
-37.440556 82.974066 273.866395
-38.369938 81.204245 273.803268
-39.299320 79.434425 273.740141
-40.228703 77.664605 273.677014
-41.158085 75.894785 273.613887
-42.087467 74.124965 273.550759
-43.016849 72.355144 273.487632
-43.946232 70.585324 273.424505
-44.875614 68.815504 273.361378
-45.804996 67.045684 273.298251
-46.734378 65.275864 273.235123
-47.663761 63.506043 273.171996
-48.593143 61.736223 273.108869
-49.522525 59.966403 273.045742
-50.451907 58.196583 272.982615
-51.381290 56.426762 272.919488
-52.310672 54.656942 272.856360
-53.240054 52.887122 272.793233
-54.169436 51.117302 272.730106
-55.098819 49.347482 272.666979
-56.028201 47.577661 272.603852
-56.957583 45.807841 272.540725
-57.886965 44.038021 272.477597
-58.816348 42.268201 272.414470
-59.745730 40.498381 272.351343
-187.313494 -241.837494 69.971592
-186.684738 -241.922614 71.868279
-186.055982 -242.007734 73.764965
-185.427226 -242.092855 75.661652
-184.798470 -242.177975 77.558339
-184.169713 -242.263095 79.455025
-183.540957 -242.348215 81.351712
-182.912201 -242.433335 83.248399
-182.283445 -242.518455 85.145085
-181.654689 -242.603575 87.041772
-181.025932 -242.688696 88.938458
-180.397176 -242.773816 90.835145
-179.768420 -242.858936 92.731832
-179.139664 -242.944056 94.628518
-178.510908 -243.029176 96.525205
-177.882151 -243.114296 98.421892
-177.253395 -243.199416 100.318578
-176.624639 -243.284536 102.215265
-175.995883 -243.369657 104.111952
-175.367127 -243.454777 106.008638
-174.738370 -243.539897 107.905325
-174.109614 -243.625017 109.802011
-173.480858 -243.710137 111.698698
-172.852102 -243.795257 113.595385
-172.223346 -243.880377 115.492071
-171.594589 -243.965497 117.388758
-170.965833 -244.050618 119.285445
-170.337077 -244.135738 121.182131
-169.708321 -244.220858 123.078818
-169.079565 -244.305978 124.975505
-168.450808 -244.391098 126.872191
-167.822052 -244.476218 128.768878
-167.193296 -244.561338 130.665565
-166.564540 -244.646458 132.562251
-165.935784 -244.731579 134.458938
-165.307027 -244.816699 136.355624
-164.678271 -244.901819 138.252311
-164.049515 -244.986939 140.148998
-163.420759 -245.072059 142.045684
-162.792003 -245.157179 143.942371
-162.163246 -245.242299 145.839058
-161.534490 -245.327420 147.735744
-160.905734 -245.412540 149.632431
-160.276978 -245.497660 151.529118
-159.648222 -245.582780 153.425804
-159.019466 -245.667900 155.322491
-158.390709 -245.753020 157.219177
-157.761953 -245.838140 159.115864
-157.133197 -245.923260 161.012551
-156.504441 -246.008381 162.909237
-155.875685 -246.093501 164.805924
-155.246928 -246.178621 166.702611
-154.618172 -246.263741 168.599297
-153.989416 -246.348861 170.495984
-153.360660 -246.433981 172.392671
-152.731904 -246.519101 174.289357
-152.103147 -246.604221 176.186044
-151.474391 -246.689342 178.082731
-150.845635 -246.774462 179.979417
-150.216879 -246.859582 181.876104
-149.588123 -246.944702 183.772790
-148.959366 -247.029822 185.669477
-148.330610 -247.114942 187.566164
-147.701854 -247.200062 189.462850
-147.073098 -247.285183 191.359537
-146.444342 -247.370303 193.256224
-145.815585 -247.455423 195.152910
-145.186829 -247.540543 197.049597
-144.558073 -247.625663 198.946284
-143.929317 -247.710783 200.842970
-140.126191 -133.628570 5.709784
-142.124754 -133.558500 5.680882
-144.123317 -133.488430 5.651980
-146.121881 -133.418360 5.623078
-148.120444 -133.348290 5.594176
-150.119007 -133.278220 5.565274
-152.117570 -133.208151 5.536372
-154.116133 -133.138081 5.507471
-156.114697 -133.068011 5.478569
-158.113260 -132.997941 5.449667
-160.111823 -132.927871 5.420765
-162.110386 -132.857801 5.391863
-164.108950 -132.787731 5.362961
-166.107513 -132.717661 5.334059
-168.106076 -132.647592 5.305157
-170.104639 -132.577522 5.276255
-172.103202 -132.507452 5.247353
-174.101766 -132.437382 5.218451
-176.100329 -132.367312 5.189549
-178.098892 -132.297242 5.160647
-180.097455 -132.227172 5.131746
-182.096018 -132.157103 5.102844
-184.094582 -132.087033 5.073942
-186.093145 -132.016963 5.045040
-188.091708 -131.946893 5.016138
-190.090271 -131.876823 4.987236
-192.088834 -131.806753 4.958334
-194.087398 -131.736683 4.929432
-196.085961 -131.666614 4.900530
-198.084524 -131.596544 4.871628
-200.083087 -131.526474 4.842726
-202.081650 -131.456404 4.813824
-204.080214 -131.386334 4.784923
-206.078777 -131.316264 4.756021
-208.077340 -131.246194 4.727119
-210.075903 -131.176124 4.698217
-212.074466 -131.106055 4.669315
-214.073030 -131.035985 4.640413
-216.071593 -130.965915 4.611511
-218.070156 -130.895845 4.582609
-220.068719 -130.825775 4.553707
-222.067283 -130.755705 4.524805
-224.065846 -130.685635 4.495903
-226.064409 -130.615566 4.467001
-228.062972 -130.545496 4.438099
-230.061535 -130.475426 4.409198
-232.060099 -130.405356 4.380296
-234.058662 -130.335286 4.351394
-236.057225 -130.265216 4.322492
-238.055788 -130.195146 4.293590
-240.054351 -130.125076 4.264688
-242.052915 -130.055007 4.235786
-244.051478 -129.984937 4.206884
-246.050041 -129.914867 4.177982
-248.048604 -129.844797 4.149080
-250.047167 -129.774727 4.120178
-252.045731 -129.704657 4.091276
-254.044294 -129.634587 4.062375
-256.042857 -129.564518 4.033473
-258.041420 -129.494448 4.004571
-260.039983 -129.424378 3.975669
-262.038547 -129.354308 3.946767
-264.037110 -129.284238 3.917865
-266.035673 -129.214168 3.888963
-268.034236 -129.144098 3.860061
-270.032799 -129.074029 3.831159
-272.031363 -129.003959 3.802257
-274.029926 -128.933889 3.773355
-276.028489 -128.863819 3.744453
-278.027052 -128.793749 3.715551
-39.286064 13.349407 -111.384038
-40.968660 14.058916 -110.568277
-42.651256 14.768426 -109.752515
-44.333852 15.477935 -108.936753
-46.016448 16.187444 -108.120992
-47.699045 16.896953 -107.305230
-49.381641 17.606462 -106.489468
-51.064237 18.315972 -105.673707
-52.746833 19.025481 -104.857945
-54.429429 19.734990 -104.042184
-56.112025 20.444499 -103.226422
-57.794621 21.154008 -102.410660
-59.477217 21.863518 -101.594899
-61.159813 22.573027 -100.779137
-62.842409 23.282536 -99.963375
-64.525005 23.992045 -99.147614
-66.207602 24.701555 -98.331852
-67.890198 25.411064 -97.516090
-69.572794 26.120573 -96.700329
-71.255390 26.830082 -95.884567
-72.937986 27.539591 -95.068805
-74.620582 28.249101 -94.253044
-76.303178 28.958610 -93.437282
-77.985774 29.668119 -92.621520
-79.668370 30.377628 -91.805759
-81.350966 31.087137 -90.989997
-83.033562 31.796647 -90.174235
-84.716159 32.506156 -89.358474
-86.398755 33.215665 -88.542712
-88.081351 33.925174 -87.726950
-89.763947 34.634684 -86.911189
-91.446543 35.344193 -86.095427
-93.129139 36.053702 -85.279665
-94.811735 36.763211 -84.463904
-96.494331 37.472720 -83.648142
-98.176927 38.182230 -82.832380
-99.859523 38.891739 -82.016619
-101.542119 39.601248 -81.200857
-103.224715 40.310757 -80.385095
-104.907312 41.020266 -79.569334
-106.589908 41.729776 -78.753572
-108.272504 42.439285 -77.937811
-109.955100 43.148794 -77.122049
-111.637696 43.858303 -76.306287
-113.320292 44.567813 -75.490526
-115.002888 45.277322 -74.674764
-116.685484 45.986831 -73.859002
-118.368080 46.696340 -73.043241
-120.050676 47.405849 -72.227479
-121.733272 48.115359 -71.411717
-123.415869 48.824868 -70.595956
-125.098465 49.534377 -69.780194
-126.781061 50.243886 -68.964432
-128.463657 50.953395 -68.148671
-130.146253 51.662905 -67.332909
-131.828849 52.372414 -66.517147
-133.511445 53.081923 -65.701386
-135.194041 53.791432 -64.885624
-136.876637 54.500941 -64.069862
-138.559233 55.210451 -63.254101
-140.241829 55.919960 -62.438339
-141.924426 56.629469 -61.622577
-143.607022 57.338978 -60.806816
-145.289618 58.048488 -59.991054
-146.972214 58.757997 -59.175292
-148.654810 59.467506 -58.359531
-150.337406 60.177015 -57.543769
-152.020002 60.886524 -56.728007
-153.702598 61.596034 -55.912246
-155.385194 62.305543 -55.096484
-19.426953 153.930889 176.913593
-18.394305 153.173024 175.377598
-17.361658 152.415160 173.841603
-16.329010 151.657295 172.305608
-15.296363 150.899430 170.769613
-14.263715 150.141566 169.233618
-13.231068 149.383701 167.697623
-12.198420 148.625837 166.161628
-11.165773 147.867972 164.625633
-10.133125 147.110108 163.089638
-9.100478 146.352243 161.553643
-8.067830 145.594378 160.017648
-7.035183 144.836514 158.481653
-6.002535 144.078649 156.945658
-4.969888 143.320785 155.409664
-3.937240 142.562920 153.873669
-2.904593 141.805055 152.337674
-1.871945 141.047191 150.801679
-0.839298 140.289326 149.265684
0.193350 139.531462 147.729689
1.225997 138.773597 146.193694
2.258645 138.015733 144.657699
3.291292 137.257868 143.121704
4.323940 136.500003 141.585709
5.356587 135.742139 140.049714
6.389235 134.984274 138.513719
7.421882 134.226410 136.977724
8.454530 133.468545 135.441729
9.487177 132.710681 133.905735
10.519825 131.952816 132.369740
11.552472 131.194951 130.833745
12.585120 130.437087 129.297750
13.617767 129.679222 127.761755
14.650415 128.921358 126.225760
15.683062 128.163493 124.689765
16.715710 127.405628 123.153770
17.748357 126.647764 121.617775
18.781005 125.889899 120.081780
19.813652 125.132035 118.545785
20.846300 124.374170 117.009790
21.878947 123.616306 115.473795
22.911595 122.858441 113.937800
23.944242 122.100576 112.401806
24.976890 121.342712 110.865811
26.009537 120.584847 109.329816
27.042185 119.826983 107.793821
28.074832 119.069118 106.257826
29.107480 118.311254 104.721831
30.140127 117.553389 103.185836
31.172775 116.795524 101.649841
32.205422 116.037660 100.113846
33.238070 115.279795 98.577851
34.270717 114.521931 97.041856
35.303365 113.764066 95.505861
36.336012 113.006202 93.969866
37.368660 112.248337 92.433871
38.401307 111.490472 90.897877
39.433955 110.732608 89.361882
40.466602 109.974743 87.825887
41.499250 109.216879 86.289892
42.531897 108.459014 84.753897
43.564545 107.701149 83.217902
44.597192 106.943285 81.681907
45.629840 106.185420 80.145912
46.662487 105.427556 78.609917
47.695135 104.669691 77.073922
48.727782 103.911827 75.537927
49.760430 103.153962 74.001932
50.793077 102.396097 72.465937
51.825725 101.638233 70.929942
-98.023997 249.672373 -75.435460
-97.008028 248.050371 -74.855013
-95.992059 246.428370 -74.274566
-94.976090 244.806369 -73.694119
-93.960121 243.184368 -73.113672
-92.944152 241.562366 -72.533225
-91.928183 239.940365 -71.952778
-90.912213 238.318364 -71.372330
-89.896244 236.696363 -70.791883
-88.880275 235.074361 -70.211436
-87.864306 233.452360 -69.630989
-86.848337 231.830359 -69.050542
-85.832368 230.208358 -68.470095
-84.816399 228.586356 -67.889648
-83.800430 226.964355 -67.309200
-82.784461 225.342354 -66.728753
-81.768492 223.720353 -66.148306
-80.752523 222.098351 -65.567859
-79.736554 220.476350 -64.987412
-78.720585 218.854349 -64.406965
-77.704616 217.232348 -63.826518
-76.688647 215.610346 -63.246071
-75.672678 213.988345 -62.665623
-74.656709 212.366344 -62.085176
-73.640740 210.744343 -61.504729
-72.624771 209.122341 -60.924282
-71.608802 207.500340 -60.343835
-70.592833 205.878339 -59.763388
-69.576864 204.256338 -59.182941
-68.560895 202.634336 -58.602493
-67.544926 201.012335 -58.022046
-66.528957 199.390334 -57.441599
-65.512988 197.768333 -56.861152
-64.497019 196.146331 -56.280705
-63.481050 194.524330 -55.700258
-62.465081 192.902329 -55.119811
-61.449112 191.280328 -54.539363
-60.433143 189.658326 -53.958916
-59.417174 188.036325 -53.378469
-58.401205 186.414324 -52.798022
-57.385236 184.792323 -52.217575
-56.369267 183.170321 -51.637128
-55.353298 181.548320 -51.056681
-54.337329 179.926319 -50.476234
-53.321360 178.304318 -49.895786
-52.305391 176.682316 -49.315339
-51.289421 175.060315 -48.734892
-50.273452 173.438314 -48.154445
-49.257483 171.816313 -47.573998
-48.241514 170.194311 -46.993551
-47.225545 168.572310 -46.413104
-46.209576 166.950309 -45.832656
-45.193607 165.328308 -45.252209
-44.177638 163.706306 -44.671762
-43.161669 162.084305 -44.091315
-42.145700 160.462304 -43.510868
-41.129731 158.840303 -42.930421
-40.113762 157.218301 -42.349974
-39.097793 155.596300 -41.769526
-38.081824 153.974299 -41.189079
-37.065855 152.352298 -40.608632
-36.049886 150.730296 -40.028185
-35.033917 149.108295 -39.447738
-34.017948 147.486294 -38.867291
-33.001979 145.864293 -38.286844
-31.986010 144.242291 -37.706397
-30.970041 142.620290 -37.125949
-29.954072 140.998289 -36.545502
-28.938103 139.376288 -35.965055
-27.922134 137.754286 -35.384608
-285.332378 -35.812485 -14.441109
-283.356711 -35.695443 -14.729278
-281.381044 -35.578400 -15.017447
-279.405377 -35.461357 -15.305616
-277.429710 -35.344314 -15.593785
-275.454043 -35.227271 -15.881954
-273.478376 -35.110228 -16.170123
-271.502710 -34.993185 -16.458292
-269.527043 -34.876142 -16.746461
-267.551376 -34.759099 -17.034630
-265.575709 -34.642057 -17.322799
-263.600042 -34.525014 -17.610968
-261.624375 -34.407971 -17.899137
-259.648708 -34.290928 -18.187306
-257.673041 -34.173885 -18.475475
-255.697374 -34.056842 -18.763643
-253.721708 -33.939799 -19.051812
-251.746041 -33.822756 -19.339981
-249.770374 -33.705713 -19.628150
-247.794707 -33.588671 -19.916319
-245.819040 -33.471628 -20.204488
-243.843373 -33.354585 -20.492657
-241.867706 -33.237542 -20.780826
-239.892039 -33.120499 -21.068995
-237.916373 -33.003456 -21.357164
-235.940706 -32.886413 -21.645333
-233.965039 -32.769370 -21.933502
-231.989372 -32.652327 -22.221671
-230.013705 -32.535285 -22.509840
-228.038038 -32.418242 -22.798009
-226.062371 -32.301199 -23.086178
-224.086704 -32.184156 -23.374346
-222.111038 -32.067113 -23.662515
-220.135371 -31.950070 -23.950684
-218.159704 -31.833027 -24.238853
-216.184037 -31.715984 -24.527022
-214.208370 -31.598941 -24.815191
-212.232703 -31.481898 -25.103360
-210.257036 -31.364856 -25.391529
-208.281369 -31.247813 -25.679698
-206.305702 -31.130770 -25.967867
-204.330036 -31.013727 -26.256036
-202.354369 -30.896684 -26.544205
-200.378702 -30.779641 -26.832374
-198.403035 -30.662598 -27.120543
-196.427368 -30.545555 -27.408712
-194.451701 -30.428512 -27.696881
-192.476034 -30.311470 -27.985049
-190.500367 -30.194427 -28.273218
-188.524701 -30.077384 -28.561387
-186.549034 -29.960341 -28.849556
-184.573367 -29.843298 -29.137725
-182.597700 -29.726255 -29.425894
-180.622033 -29.609212 -29.714063
-178.646366 -29.492169 -30.002232
-176.670699 -29.375126 -30.290401
-174.695032 -29.258084 -30.578570
-172.719365 -29.141041 -30.866739
-170.743699 -29.023998 -31.154908
-168.768032 -28.906955 -31.443077
-166.792365 -28.789912 -31.731246
-164.816698 -28.672869 -32.019415
-162.841031 -28.555826 -32.307584
-160.865364 -28.438783 -32.595753
-158.889697 -28.321740 -32.883921
-156.914030 -28.204697 -33.172090
-154.938364 -28.087655 -33.460259
-152.962697 -27.970612 -33.748428
-150.987030 -27.853569 -34.036597
-149.011363 -27.736526 -34.324766
220.705862 -104.715061 -162.070487
219.384460 -103.575026 -163.047328
218.063057 -102.434992 -164.024168
216.741655 -101.294958 -165.001009
215.420252 -100.154924 -165.977849
214.098849 -99.014890 -166.954690
212.777447 -97.874855 -167.931530
211.456044 -96.734821 -168.908371
210.134642 -95.594787 -169.885211
208.813239 -94.454753 -170.862052
207.491837 -93.314719 -171.838892
206.170434 -92.174685 -172.815733
204.849032 -91.034650 -173.792574
203.527629 -89.894616 -174.769414
202.206227 -88.754582 -175.746255
200.884824 -87.614548 -176.723095
199.563422 -86.474514 -177.699936
198.242019 -85.334479 -178.676776
196.920616 -84.194445 -179.653617
195.599214 -83.054411 -180.630457
194.277811 -81.914377 -181.607298
192.956409 -80.774343 -182.584138
191.635006 -79.634308 -183.560979
190.313604 -78.494274 -184.537819
188.992201 -77.354240 -185.514660
187.670799 -76.214206 -186.491500
186.349396 -75.074172 -187.468341
185.027994 -73.934138 -188.445181
183.706591 -72.794103 -189.422022
182.385188 -71.654069 -190.398862
181.063786 -70.514035 -191.375703
179.742383 -69.374001 -192.352543
178.420981 -68.233967 -193.329384
177.099578 -67.093932 -194.306224
175.778176 -65.953898 -195.283065
174.456773 -64.813864 -196.259905
173.135371 -63.673830 -197.236746
171.813968 -62.533796 -198.213586
170.492566 -61.393762 -199.190427
169.171163 -60.253727 -200.167267
167.849760 -59.113693 -201.144108
166.528358 -57.973659 -202.120948
165.206955 -56.833625 -203.097789
163.885553 -55.693591 -204.074629
162.564150 -54.553556 -205.051470
161.242748 -53.413522 -206.028310
159.921345 -52.273488 -207.005151
158.599943 -51.133454 -207.981991
157.278540 -49.993420 -208.958832
155.957138 -48.853386 -209.935672
154.635735 -47.713351 -210.912513
153.314333 -46.573317 -211.889353
151.992930 -45.433283 -212.866194
150.671527 -44.293249 -213.843034
149.350125 -43.153215 -214.819875
148.028722 -42.013180 -215.796715
146.707320 -40.873146 -216.773556
145.385917 -39.733112 -217.750396
144.064515 -38.593078 -218.727237
142.743112 -37.453044 -219.704077
141.421710 -36.313009 -220.680918
140.100307 -35.172975 -221.657758
138.778905 -34.032941 -222.634599
137.457502 -32.892907 -223.611439
136.136099 -31.752873 -224.588280
134.814697 -30.612839 -225.565120
133.493294 -29.472804 -226.541961
132.171892 -28.332770 -227.518801
130.850489 -27.192736 -228.495642
129.529087 -26.052702 -229.472482
-268.536989 121.893325 -119.649369
-266.586253 122.324088 -119.554134
-264.635516 122.754852 -119.458899
-262.684780 123.185616 -119.363663
-260.734043 123.616379 -119.268428
-258.783307 124.047143 -119.173192
-256.832570 124.477907 -119.077957
-254.881834 124.908670 -118.982722
-252.931097 125.339434 -118.887486
-250.980361 125.770198 -118.792251
-249.029624 126.200961 -118.697015
-247.078888 126.631725 -118.601780
-245.128151 127.062488 -118.506545
-243.177415 127.493252 -118.411309
-241.226678 127.924016 -118.316074
-239.275942 128.354779 -118.220839
-237.325205 128.785543 -118.125603
-235.374469 129.216307 -118.030368
-233.423732 129.647070 -117.935132
-231.472996 130.077834 -117.839897
-229.522259 130.508598 -117.744662
-227.571523 130.939361 -117.649426
-225.620786 131.370125 -117.554191
-223.670050 131.800889 -117.458956
-221.719313 132.231652 -117.363720
-219.768577 132.662416 -117.268485
-217.817840 133.093180 -117.173249
-215.867104 133.523943 -117.078014
-213.916367 133.954707 -116.982779
-211.965631 134.385471 -116.887543
-210.014894 134.816234 -116.792308
-208.064158 135.246998 -116.697072
-206.113421 135.677761 -116.601837
-204.162685 136.108525 -116.506602
-202.211948 136.539289 -116.411366
-200.261212 136.970052 -116.316131
-198.310475 137.400816 -116.220896
-196.359739 137.831580 -116.125660
-194.409002 138.262343 -116.030425
-192.458266 138.693107 -115.935189
-190.507529 139.123871 -115.839954
-188.556793 139.554634 -115.744719
-186.606056 139.985398 -115.649483
-184.655320 140.416162 -115.554248
-182.704583 140.846925 -115.459013
-180.753847 141.277689 -115.363777
-178.803110 141.708453 -115.268542
-176.852374 142.139216 -115.173306
-174.901637 142.569980 -115.078071
-172.950901 143.000743 -114.982836
-171.000164 143.431507 -114.887600
-169.049428 143.862271 -114.792365
-167.098691 144.293034 -114.697129
-165.147955 144.723798 -114.601894
-163.197218 145.154562 -114.506659
-161.246482 145.585325 -114.411423
-159.295745 146.016089 -114.316188
-157.345009 146.446853 -114.220953
-155.394272 146.877616 -114.125717
-153.443536 147.308380 -114.030482
-151.492799 147.739144 -113.935246
-149.542063 148.169907 -113.840011
-147.591326 148.600671 -113.744776
-145.640590 149.031435 -113.649540
-143.689853 149.462198 -113.554305
-141.739117 149.892962 -113.459070
-139.788380 150.323726 -113.363834
-137.837644 150.754489 -113.268599
-135.886907 151.185253 -113.173363
-133.936171 151.616016 -113.078128
-103.016471 -173.649606 239.413112
-101.256893 -173.474177 238.478707
-99.497316 -173.298749 237.544303
-97.737738 -173.123320 236.609898
-95.978161 -172.947892 235.675494
-94.218583 -172.772463 234.741090
-92.459006 -172.597035 233.806685
-90.699428 -172.421606 232.872281
-88.939850 -172.246178 231.937876
-87.180273 -172.070749 231.003472
-85.420695 -171.895321 230.069067
-83.661118 -171.719892 229.134663
-81.901540 -171.544464 228.200258
-80.141963 -171.369035 227.265854
-78.382385 -171.193607 226.331449
-76.622808 -171.018178 225.397045
-74.863230 -170.842750 224.462641
-73.103653 -170.667321 223.528236
-71.344075 -170.491893 222.593832
-69.584497 -170.316464 221.659427
-67.824920 -170.141036 220.725023
-66.065342 -169.965607 219.790618
-64.305765 -169.790179 218.856214
-62.546187 -169.614750 217.921809
-60.786610 -169.439322 216.987405
-59.027032 -169.263893 216.053000
-57.267455 -169.088464 215.118596
-55.507877 -168.913036 214.184191
-53.748300 -168.737607 213.249787
-51.988722 -168.562179 212.315383
-50.229144 -168.386750 211.380978
-48.469567 -168.211322 210.446574
-46.709989 -168.035893 209.512169
-44.950412 -167.860465 208.577765
-43.190834 -167.685036 207.643360
-41.431257 -167.509608 206.708956
-39.671679 -167.334179 205.774551
-37.912102 -167.158751 204.840147
-36.152524 -166.983322 203.905742
-34.392947 -166.807894 202.971338
-32.633369 -166.632465 202.036934
-30.873791 -166.457037 201.102529
-29.114214 -166.281608 200.168125
-27.354636 -166.106180 199.233720
-25.595059 -165.930751 198.299316
-23.835481 -165.755323 197.364911
-22.075904 -165.579894 196.430507
-20.316326 -165.404466 195.496102
-18.556749 -165.229037 194.561698
-16.797171 -165.053609 193.627293
-15.037593 -164.878180 192.692889
-13.278016 -164.702752 191.758485
-11.518438 -164.527323 190.824080
-9.758861 -164.351895 189.889676
-7.999283 -164.176466 188.955271
-6.239706 -164.001038 188.020867
-4.480128 -163.825609 187.086462
-2.720551 -163.650180 186.152058
-0.960973 -163.474752 185.217653
0.798604 -163.299323 184.283249
2.558182 -163.123895 183.348844
4.317760 -162.948466 182.414440
6.077337 -162.773038 181.480035
7.836915 -162.597609 180.545631
9.596492 -162.422181 179.611227
11.356070 -162.246752 178.676822
13.115647 -162.071324 177.742418
14.875225 -161.895895 176.808013
16.634802 -161.720467 175.873609
18.394380 -161.545038 174.939204
242.136015 200.186401 -149.133088
241.017697 199.773331 -147.527243
239.899379 199.360261 -145.921398
238.781060 198.947191 -144.315554
237.662742 198.534121 -142.709709
236.544423 198.121051 -141.103864
235.426105 197.707981 -139.498020
234.307786 197.294911 -137.892175
233.189468 196.881841 -136.286330
232.071149 196.468771 -134.680486
230.952831 196.055701 -133.074641
229.834513 195.642631 -131.468796
228.716194 195.229561 -129.862952
227.597876 194.816491 -128.257107
226.479557 194.403421 -126.651262
225.361239 193.990352 -125.045418
224.242920 193.577282 -123.439573
223.124602 193.164212 -121.833728
222.006283 192.751142 -120.227884
220.887965 192.338072 -118.622039
219.769647 191.925002 -117.016194
218.651328 191.511932 -115.410350
217.533010 191.098862 -113.804505
216.414691 190.685792 -112.198660
215.296373 190.272722 -110.592816
214.178054 189.859652 -108.986971
213.059736 189.446582 -107.381126
211.941417 189.033512 -105.775282
210.823099 188.620442 -104.169437
209.704781 188.207372 -102.563593
208.586462 187.794302 -100.957748
207.468144 187.381232 -99.351903
206.349825 186.968162 -97.746059
205.231507 186.555092 -96.140214
204.113188 186.142022 -94.534369
202.994870 185.728952 -92.928525
201.876551 185.315882 -91.322680
200.758233 184.902812 -89.716835
199.639915 184.489742 -88.110991
198.521596 184.076673 -86.505146
197.403278 183.663603 -84.899301
196.284959 183.250533 -83.293457
195.166641 182.837463 -81.687612
194.048322 182.424393 -80.081767
192.930004 182.011323 -78.475923
191.811685 181.598253 -76.870078
190.693367 181.185183 -75.264233
189.575049 180.772113 -73.658389
188.456730 180.359043 -72.052544
187.338412 179.945973 -70.446699
186.220093 179.532903 -68.840855
185.101775 179.119833 -67.235010
183.983456 178.706763 -65.629165
182.865138 178.293693 -64.023321
181.746819 177.880623 -62.417476
180.628501 177.467553 -60.811631
179.510183 177.054483 -59.205787
178.391864 176.641413 -57.599942
177.273546 176.228343 -55.994097
176.155227 175.815273 -54.388253
175.036909 175.402203 -52.782408
173.918590 174.989133 -51.176563
172.800272 174.576063 -49.570719
171.681953 174.162994 -47.964874
170.563635 173.749924 -46.359029
169.445317 173.336854 -44.753185
168.326998 172.923784 -43.147340
167.208680 172.510714 -41.541496
166.090361 172.097644 -39.935651
164.972043 171.684574 -38.329806
99.710265 172.665052 -86.958489
100.763923 173.651629 -85.574122
101.817581 174.638205 -84.189756
102.871239 175.624782 -82.805389
103.924897 176.611359 -81.421022
104.978556 177.597935 -80.036656
106.032214 178.584512 -78.652289
107.085872 179.571089 -77.267923
108.139530 180.557666 -75.883556
109.193188 181.544242 -74.499189
110.246846 182.530819 -73.114823
111.300504 183.517396 -71.730456
112.354163 184.503973 -70.346090
113.407821 185.490549 -68.961723
114.461479 186.477126 -67.577357
115.515137 187.463703 -66.192990
116.568795 188.450280 -64.808623
117.622453 189.436856 -63.424257
118.676112 190.423433 -62.039890
119.729770 191.410010 -60.655524
120.783428 192.396587 -59.271157
121.837086 193.383163 -57.886790
122.890744 194.369740 -56.502424
123.944402 195.356317 -55.118057
124.998060 196.342894 -53.733691
126.051719 197.329470 -52.349324
127.105377 198.316047 -50.964958
128.159035 199.302624 -49.580591
129.212693 200.289200 -48.196224
130.266351 201.275777 -46.811858
131.320009 202.262354 -45.427491
132.373667 203.248931 -44.043125
133.427326 204.235507 -42.658758
134.480984 205.222084 -41.274391
135.534642 206.208661 -39.890025
136.588300 207.195238 -38.505658
137.641958 208.181814 -37.121292
138.695616 209.168391 -35.736925
139.749275 210.154968 -34.352559
140.802933 211.141545 -32.968192
141.856591 212.128121 -31.583825
142.910249 213.114698 -30.199459
143.963907 214.101275 -28.815092
145.017565 215.087852 -27.430726
146.071223 216.074428 -26.046359
147.124882 217.061005 -24.661992
148.178540 218.047582 -23.277626
149.232198 219.034159 -21.893259
150.285856 220.020735 -20.508893
151.339514 221.007312 -19.124526
152.393172 221.993889 -17.740160
153.446830 222.980466 -16.355793
154.500489 223.967042 -14.971426
155.554147 224.953619 -13.587060
156.607805 225.940196 -12.202693
157.661463 226.926772 -10.818327
158.715121 227.913349 -9.433960
159.768779 228.899926 -8.049593
160.822438 229.886503 -6.665227
161.876096 230.873079 -5.280860
162.929754 231.859656 -3.896494
163.983412 232.846233 -2.512127
165.037070 233.832810 -1.127761
166.090728 234.819386 0.256606
167.144386 235.805963 1.640973
168.198045 236.792540 3.025339
169.251703 237.779117 4.409706
170.305361 238.765693 5.794072
171.359019 239.752270 7.178439
172.412677 240.738847 8.562806
-124.612222 124.631779 -188.466712
-126.445430 123.832201 -188.461992
-128.278639 123.032623 -188.457271
-130.111847 122.233045 -188.452550
-131.945055 121.433467 -188.447830
-133.778264 120.633888 -188.443109
-135.611472 119.834310 -188.438388
-137.444680 119.034732 -188.433668
-139.277888 118.235154 -188.428947
-141.111097 117.435576 -188.424226
-142.944305 116.635998 -188.419506
-144.777513 115.836420 -188.414785
-146.610722 115.036842 -188.410064
-148.443930 114.237264 -188.405344
-150.277138 113.437686 -188.400623
-152.110346 112.638107 -188.395902
-153.943555 111.838529 -188.391182
-155.776763 111.038951 -188.386461
-157.609971 110.239373 -188.381740
-159.443179 109.439795 -188.377020
-161.276388 108.640217 -188.372299
-163.109596 107.840639 -188.367578
-164.942804 107.041061 -188.362858
-166.776013 106.241483 -188.358137
-168.609221 105.441905 -188.353416
-170.442429 104.642327 -188.348696
-172.275637 103.842748 -188.343975
-174.108846 103.043170 -188.339254
-175.942054 102.243592 -188.334534
-177.775262 101.444014 -188.329813
-179.608471 100.644436 -188.325093
-181.441679 99.844858 -188.320372
-183.274887 99.045280 -188.315651
-185.108095 98.245702 -188.310931
-186.941304 97.446124 -188.306210
-188.774512 96.646546 -188.301489
-190.607720 95.846967 -188.296769
-192.440928 95.047389 -188.292048
-194.274137 94.247811 -188.287327
-196.107345 93.448233 -188.282607
-197.940553 92.648655 -188.277886
-199.773762 91.849077 -188.273165
-201.606970 91.049499 -188.268445
-203.440178 90.249921 -188.263724
-205.273386 89.450343 -188.259003
-207.106595 88.650765 -188.254283
-208.939803 87.851187 -188.249562
-210.773011 87.051608 -188.244841
-212.606220 86.252030 -188.240121
-214.439428 85.452452 -188.235400
-216.272636 84.652874 -188.230679
-218.105844 83.853296 -188.225959
-219.939053 83.053718 -188.221238
-221.772261 82.254140 -188.216517
-223.605469 81.454562 -188.211797
-225.438677 80.654984 -188.207076
-227.271886 79.855406 -188.202355
-229.105094 79.055828 -188.197635
-230.938302 78.256249 -188.192914
-232.771511 77.456671 -188.188193
-234.604719 76.657093 -188.183473
-236.437927 75.857515 -188.178752
-238.271135 75.057937 -188.174031
-240.104344 74.258359 -188.169311
-241.937552 73.458781 -188.164590
-243.770760 72.659203 -188.159869
-245.603968 71.859625 -188.155149
-247.437177 71.060047 -188.150428
-249.270385 70.260468 -188.145707
-251.103593 69.460890 -188.140987
51.465709 -101.229090 -120.730080
52.796337 -101.393712 -122.214104
54.126965 -101.558334 -123.698129
55.457593 -101.722956 -125.182153
56.788221 -101.887578 -126.666178
58.118849 -102.052200 -128.150202
59.449477 -102.216822 -129.634226
60.780106 -102.381444 -131.118251
62.110734 -102.546066 -132.602275
63.441362 -102.710688 -134.086300
64.771990 -102.875309 -135.570324
66.102618 -103.039931 -137.054349
67.433246 -103.204553 -138.538373
68.763874 -103.369175 -140.022397
70.094502 -103.533797 -141.506422
71.425130 -103.698419 -142.990446
72.755759 -103.863041 -144.474471
74.086387 -104.027663 -145.958495
75.417015 -104.192285 -147.442519
76.747643 -104.356907 -148.926544
78.078271 -104.521528 -150.410568
79.408899 -104.686150 -151.894593
80.739527 -104.850772 -153.378617
82.070155 -105.015394 -154.862641
83.400784 -105.180016 -156.346666
84.731412 -105.344638 -157.830690
86.062040 -105.509260 -159.314715
87.392668 -105.673882 -160.798739
88.723296 -105.838504 -162.282763
90.053924 -106.003126 -163.766788
91.384552 -106.167747 -165.250812
92.715180 -106.332369 -166.734837
94.045808 -106.496991 -168.218861
95.376437 -106.661613 -169.702886
96.707065 -106.826235 -171.186910
98.037693 -106.990857 -172.670934
99.368321 -107.155479 -174.154959
100.698949 -107.320101 -175.638983
102.029577 -107.484723 -177.123008
103.360205 -107.649345 -178.607032
104.690833 -107.813967 -180.091056
106.021461 -107.978588 -181.575081
107.352090 -108.143210 -183.059105
108.682718 -108.307832 -184.543130
110.013346 -108.472454 -186.027154
111.343974 -108.637076 -187.511178
112.674602 -108.801698 -188.995203
114.005230 -108.966320 -190.479227
115.335858 -109.130942 -191.963252
116.666486 -109.295564 -193.447276
117.997115 -109.460186 -194.931300
119.327743 -109.624807 -196.415325
120.658371 -109.789429 -197.899349
121.988999 -109.954051 -199.383374
123.319627 -110.118673 -200.867398
124.650255 -110.283295 -202.351423
125.980883 -110.447917 -203.835447
127.311511 -110.612539 -205.319471
128.642139 -110.777161 -206.803496
129.972768 -110.941783 -208.287520
131.303396 -111.106405 -209.771545
132.634024 -111.271027 -211.255569
133.964652 -111.435648 -212.739593
135.295280 -111.600270 -214.223618
136.625908 -111.764892 -215.707642
137.956536 -111.929514 -217.191667
139.287164 -112.094136 -218.675691
140.617792 -112.258758 -220.159715
141.948421 -112.423380 -221.643740
143.279049 -112.588002 -223.127764
149.058415 233.067431 -298.408091
149.752046 231.529902 -297.333437
150.445676 229.992373 -296.258783
151.139307 228.454844 -295.184129
151.832938 226.917315 -294.109474
152.526568 225.379787 -293.034820
153.220199 223.842258 -291.960166
153.913829 222.304729 -290.885512
154.607460 220.767200 -289.810858
155.301091 219.229671 -288.736204
155.994721 217.692142 -287.661550
156.688352 216.154613 -286.586896
157.381982 214.617084 -285.512242
158.075613 213.079555 -284.437588
158.769244 211.542026 -283.362934
159.462874 210.004497 -282.288280
160.156505 208.466968 -281.213626
160.850136 206.929439 -280.138972
161.543766 205.391910 -279.064318
162.237397 203.854381 -277.989664
162.931027 202.316852 -276.915010
163.624658 200.779323 -275.840356
164.318289 199.241794 -274.765702
165.011919 197.704265 -273.691048
165.705550 196.166736 -272.616394
166.399180 194.629207 -271.541740
167.092811 193.091678 -270.467086
167.786442 191.554150 -269.392432
168.480072 190.016621 -268.317778
169.173703 188.479092 -267.243124
169.867333 186.941563 -266.168469
170.560964 185.404034 -265.093815
171.254595 183.866505 -264.019161
171.948225 182.328976 -262.944507
172.641856 180.791447 -261.869853
173.335486 179.253918 -260.795199
174.029117 177.716389 -259.720545
174.722748 176.178860 -258.645891
175.416378 174.641331 -257.571237
176.110009 173.103802 -256.496583
176.803639 171.566273 -255.421929
177.497270 170.028744 -254.347275
178.190901 168.491215 -253.272621
178.884531 166.953686 -252.197967
179.578162 165.416157 -251.123313
180.271792 163.878628 -250.048659
180.965423 162.341099 -248.974005
181.659054 160.803570 -247.899351
182.352684 159.266041 -246.824697
183.046315 157.728513 -245.750043
183.739945 156.190984 -244.675389
184.433576 154.653455 -243.600735
185.127207 153.115926 -242.526081
185.820837 151.578397 -241.451427
186.514468 150.040868 -240.376773
187.208098 148.503339 -239.302119
187.901729 146.965810 -238.227464
188.595360 145.428281 -237.152810
189.288990 143.890752 -236.078156
189.982621 142.353223 -235.003502
190.676251 140.815694 -233.928848
191.369882 139.278165 -232.854194
192.063513 137.740636 -231.779540
192.757143 136.203107 -230.704886
193.450774 134.665578 -229.630232
194.144404 133.128049 -228.555578
194.838035 131.590520 -227.480924
195.531666 130.052991 -226.406270
196.225296 128.515462 -225.331616
196.918927 126.977933 -224.256962
-46.459268 2.034042 -19.568576
-46.705224 3.263387 -21.126849
-46.951180 4.492733 -22.685123
-47.197135 5.722078 -24.243396
-47.443091 6.951424 -25.801669
-47.689046 8.180769 -27.359942
-47.935002 9.410115 -28.918216
-48.180958 10.639460 -30.476489
-48.426913 11.868806 -32.034762
-48.672869 13.098151 -33.593035
-48.918825 14.327497 -35.151308
-49.164780 15.556842 -36.709582
-49.410736 16.786188 -38.267855
-49.656691 18.015533 -39.826128
-49.902647 19.244879 -41.384401
-50.148603 20.474224 -42.942675
-50.394558 21.703570 -44.500948
-50.640514 22.932915 -46.059221
-50.886470 24.162261 -47.617494
-51.132425 25.391606 -49.175768
-51.378381 26.620952 -50.734041
-51.624337 27.850297 -52.292314
-51.870292 29.079643 -53.850587
-52.116248 30.308988 -55.408861
-52.362203 31.538334 -56.967134
-52.608159 32.767679 -58.525407
-52.854115 33.997025 -60.083680
-53.100070 35.226370 -61.641953
-53.346026 36.455716 -63.200227
-53.591982 37.685061 -64.758500
-53.837937 38.914407 -66.316773
-54.083893 40.143752 -67.875046
-54.329849 41.373098 -69.433320
-54.575804 42.602443 -70.991593
-54.821760 43.831789 -72.549866
-55.067715 45.061134 -74.108139
-55.313671 46.290480 -75.666413
-55.559627 47.519825 -77.224686
-55.805582 48.749171 -78.782959
-56.051538 49.978516 -80.341232
-56.297494 51.207862 -81.899505
-56.543449 52.437207 -83.457779
-56.789405 53.666553 -85.016052
-57.035361 54.895898 -86.574325
-57.281316 56.125244 -88.132598
-57.527272 57.354589 -89.690872
-57.773227 58.583935 -91.249145
-58.019183 59.813280 -92.807418
-58.265139 61.042626 -94.365691
-58.511094 62.271971 -95.923965
-58.757050 63.501317 -97.482238
-59.003006 64.730662 -99.040511
-59.248961 65.960008 -100.598784
-59.494917 67.189353 -102.157058
-59.740873 68.418699 -103.715331
-59.986828 69.648044 -105.273604
-60.232784 70.877390 -106.831877
-60.478739 72.106735 -108.390150
-60.724695 73.336081 -109.948424
-60.970651 74.565426 -111.506697
-61.216606 75.794772 -113.064970
-61.462562 77.024117 -114.623243
-61.708518 78.253463 -116.181517
-61.954473 79.482808 -117.739790
-62.200429 80.712154 -119.298063
-62.446385 81.941499 -120.856336
-62.692340 83.170845 -122.414610
-62.938296 84.400190 -123.972883
-63.184251 85.629536 -125.531156
-63.430207 86.858881 -127.089429
-208.386533 -27.701283 -147.826240
-209.613478 -26.314222 -148.581666
-210.840423 -24.927161 -149.337092
-212.067368 -23.540100 -150.092517
-213.294313 -22.153040 -150.847943
-214.521258 -20.765979 -151.603369
-215.748203 -19.378918 -152.358794
-216.975148 -17.991857 -153.114220
-218.202094 -16.604796 -153.869646
-219.429039 -15.217735 -154.625072
-220.655984 -13.830675 -155.380497
-221.882929 -12.443614 -156.135923
-223.109874 -11.056553 -156.891349
-224.336819 -9.669492 -157.646774
-225.563764 -8.282431 -158.402200
-226.790709 -6.895370 -159.157626
-228.017654 -5.508310 -159.913052
-229.244599 -4.121249 -160.668477
-230.471544 -2.734188 -161.423903
-231.698489 -1.347127 -162.179329
-232.925434 0.039934 -162.934754
-234.152379 1.426995 -163.690180
-235.379325 2.814056 -164.445606
-236.606270 4.201116 -165.201032
-237.833215 5.588177 -165.956457
-239.060160 6.975238 -166.711883
-240.287105 8.362299 -167.467309
-241.514050 9.749360 -168.222735
-242.740995 11.136421 -168.978160
-243.967940 12.523481 -169.733586
-245.194885 13.910542 -170.489012
-246.421830 15.297603 -171.244437
-247.648775 16.684664 -171.999863
-248.875720 18.071725 -172.755289
-250.102665 19.458786 -173.510715
-251.329610 20.845846 -174.266140
-252.556556 22.232907 -175.021566
-253.783501 23.619968 -175.776992
-255.010446 25.007029 -176.532417
-256.237391 26.394090 -177.287843
-257.464336 27.781151 -178.043269
-258.691281 29.168211 -178.798695
-259.918226 30.555272 -179.554120
-261.145171 31.942333 -180.309546
-262.372116 33.329394 -181.064972
-263.599061 34.716455 -181.820397
-264.826006 36.103516 -182.575823
-266.052951 37.490576 -183.331249
-267.279896 38.877637 -184.086675
-268.506842 40.264698 -184.842100
-269.733787 41.651759 -185.597526
-270.960732 43.038820 -186.352952
-272.187677 44.425881 -187.108377
-273.414622 45.812942 -187.863803
-274.641567 47.200002 -188.619229
-275.868512 48.587063 -189.374655
-277.095457 49.974124 -190.130080
-278.322402 51.361185 -190.885506
-279.549347 52.748246 -191.640932
-280.776292 54.135307 -192.396358
-282.003237 55.522367 -193.151783
-283.230182 56.909428 -193.907209
-284.457127 58.296489 -194.662635
-285.684073 59.683550 -195.418060
-286.911018 61.070611 -196.173486
-288.137963 62.457672 -196.928912
-289.364908 63.844732 -197.684338
-290.591853 65.231793 -198.439763
-291.818798 66.618854 -199.195189
-293.045743 68.005915 -199.950615
166.591952 298.664440 105.128078
167.203799 297.722878 103.473054
167.815645 296.781315 101.818031
168.427492 295.839752 100.163007
169.039338 294.898189 98.507983
169.651184 293.956626 96.852960
170.263031 293.015063 95.197936
170.874877 292.073500 93.542912
171.486723 291.131937 91.887889
172.098570 290.190375 90.232865
172.710416 289.248812 88.577841
173.322263 288.307249 86.922817
173.934109 287.365686 85.267794
174.545955 286.424123 83.612770
175.157802 285.482560 81.957746
175.769648 284.540997 80.302723
176.381494 283.599434 78.647699
176.993341 282.657872 76.992675
177.605187 281.716309 75.337652
178.217034 280.774746 73.682628
178.828880 279.833183 72.027604
179.440726 278.891620 70.372581
180.052573 277.950057 68.717557
180.664419 277.008494 67.062533
181.276265 276.066932 65.407510
181.888112 275.125369 63.752486
182.499958 274.183806 62.097462
183.111805 273.242243 60.442439
183.723651 272.300680 58.787415
184.335497 271.359117 57.132391
184.947344 270.417554 55.477368
185.559190 269.475991 53.822344
186.171037 268.534429 52.167320
186.782883 267.592866 50.512297
187.394729 266.651303 48.857273
188.006576 265.709740 47.202249
188.618422 264.768177 45.547226
189.230268 263.826614 43.892202
189.842115 262.885051 42.237178
190.453961 261.943488 40.582154
191.065808 261.001926 38.927131
191.677654 260.060363 37.272107
192.289500 259.118800 35.617083
192.901347 258.177237 33.962060
193.513193 257.235674 32.307036
194.125039 256.294111 30.652012
194.736886 255.352548 28.996989
195.348732 254.410986 27.341965
195.960579 253.469423 25.686941
196.572425 252.527860 24.031918
197.184271 251.586297 22.376894
197.796118 250.644734 20.721870
198.407964 249.703171 19.066847
199.019810 248.761608 17.411823
199.631657 247.820045 15.756799
200.243503 246.878483 14.101776
200.855350 245.936920 12.446752
201.467196 244.995357 10.791728
202.079042 244.053794 9.136705
202.690889 243.112231 7.481681
203.302735 242.170668 5.826657
203.914581 241.229105 4.171634
204.526428 240.287542 2.516610
205.138274 239.345980 0.861586
205.750121 238.404417 -0.793437
206.361967 237.462854 -2.448461
206.973813 236.521291 -4.103485
207.585660 235.579728 -5.758508
208.197506 234.638165 -7.413532
208.809352 233.696602 -9.068556
-170.149524 -151.175383 -40.719448
-171.752838 -149.996864 -40.518259
-173.356152 -148.818345 -40.317069
-174.959466 -147.639826 -40.115880
-176.562780 -146.461307 -39.914691
-178.166094 -145.282788 -39.713502
-179.769408 -144.104269 -39.512312
-181.372722 -142.925750 -39.311123
-182.976036 -141.747231 -39.109934
-184.579350 -140.568712 -38.908744
-186.182664 -139.390193 -38.707555
-187.785978 -138.211674 -38.506366
-189.389292 -137.033155 -38.305177
-190.992606 -135.854636 -38.103987
-192.595920 -134.676117 -37.902798
-194.199234 -133.497598 -37.701609
-195.802548 -132.319079 -37.500419
-197.405862 -131.140560 -37.299230
-199.009176 -129.962041 -37.098041
-200.612491 -128.783522 -36.896852
-202.215805 -127.605003 -36.695662
-203.819119 -126.426484 -36.494473
-205.422433 -125.247965 -36.293284
-207.025747 -124.069446 -36.092094
-208.629061 -122.890927 -35.890905
-210.232375 -121.712408 -35.689716
-211.835689 -120.533889 -35.488526
-213.439003 -119.355370 -35.287337
-215.042317 -118.176851 -35.086148
-216.645631 -116.998332 -34.884959
-218.248945 -115.819813 -34.683769
-219.852259 -114.641294 -34.482580
-221.455573 -113.462775 -34.281391
-223.058887 -112.284256 -34.080201
-224.662201 -111.105737 -33.879012
-226.265515 -109.927218 -33.677823
-227.868829 -108.748699 -33.476634
-229.472143 -107.570180 -33.275444
-231.075457 -106.391661 -33.074255
-232.678771 -105.213142 -32.873066
-234.282085 -104.034623 -32.671876
-235.885399 -102.856104 -32.470687
-237.488713 -101.677585 -32.269498
-239.092027 -100.499066 -32.068309
-240.695341 -99.320547 -31.867119
-242.298655 -98.142028 -31.665930
-243.901969 -96.963509 -31.464741
-245.505283 -95.784990 -31.263551
-247.108597 -94.606471 -31.062362
-248.711911 -93.427952 -30.861173
-250.315225 -92.249433 -30.659984
-251.918539 -91.070914 -30.458794
-253.521853 -89.892395 -30.257605
-255.125167 -88.713876 -30.056416
-256.728481 -87.535357 -29.855226
-258.331795 -86.356838 -29.654037
-259.935109 -85.178319 -29.452848
-261.538423 -83.999800 -29.251658
-263.141737 -82.821281 -29.050469
-264.745051 -81.642762 -28.849280
-266.348365 -80.464243 -28.648091
-267.951679 -79.285724 -28.446901
-269.554993 -78.107205 -28.245712
-271.158307 -76.928686 -28.044523
-272.761621 -75.750167 -27.843333
-274.364935 -74.571648 -27.642144
-275.968250 -73.393129 -27.440955
-277.571564 -72.214610 -27.239766
-279.174878 -71.036091 -27.038576
-280.778192 -69.857572 -26.837387
235.622028 46.748582 266.109303
234.948068 45.368204 264.828547
234.274109 43.987827 263.547791
233.600149 42.607450 262.267034
232.926190 41.227072 260.986278
232.252230 39.846695 259.705522
231.578271 38.466317 258.424765
230.904311 37.085940 257.144009
230.230352 35.705562 255.863253
229.556392 34.325185 254.582497
228.882433 32.944807 253.301740
228.208473 31.564430 252.020984
227.534514 30.184052 250.740228
226.860554 28.803675 249.459471
226.186595 27.423298 248.178715
225.512635 26.042920 246.897959
224.838676 24.662543 245.617202
224.164717 23.282165 244.336446
223.490757 21.901788 243.055690
222.816798 20.521410 241.774934
222.142838 19.141033 240.494177
221.468879 17.760655 239.213421
220.794919 16.380278 237.932665
220.120960 14.999900 236.651908
219.447000 13.619523 235.371152
218.773041 12.239146 234.090396
218.099081 10.858768 232.809639
217.425122 9.478391 231.528883
216.751162 8.098013 230.248127
216.077203 6.717636 228.967371
215.403243 5.337258 227.686614
214.729284 3.956881 226.405858
214.055324 2.576503 225.125102
213.381365 1.196126 223.844345
212.707405 -0.184252 222.563589
212.033446 -1.564629 221.282833
211.359486 -2.945006 220.002076
210.685527 -4.325384 218.721320
210.011567 -5.705761 217.440564
209.337608 -7.086139 216.159808
208.663648 -8.466516 214.879051
207.989689 -9.846894 213.598295
207.315729 -11.227271 212.317539
206.641770 -12.607649 211.036782
205.967810 -13.988026 209.756026
205.293851 -15.368404 208.475270
204.619891 -16.748781 207.194513
203.945932 -18.129158 205.913757
203.271973 -19.509536 204.633001
202.598013 -20.889913 203.352245
201.924054 -22.270291 202.071488
201.250094 -23.650668 200.790732
200.576135 -25.031046 199.509976
199.902175 -26.411423 198.229219
199.228216 -27.791801 196.948463
198.554256 -29.172178 195.667707
197.880297 -30.552556 194.386950
197.206337 -31.932933 193.106194
196.532378 -33.313310 191.825438
195.858418 -34.693688 190.544682
195.184459 -36.074065 189.263925
194.510499 -37.454443 187.983169
193.836540 -38.834820 186.702413
193.162580 -40.215198 185.421656
192.488621 -41.595575 184.140900
191.814661 -42.975953 182.860144
191.140702 -44.356330 181.579387
190.466742 -45.736708 180.298631
189.792783 -47.117085 179.017875
189.118823 -48.497462 177.737119
-139.072782 127.132006 87.976185
-139.500893 125.187210 88.161901
-139.929003 123.242414 88.347616
-140.357114 121.297619 88.533332
-140.785225 119.352823 88.719047
-141.213336 117.408027 88.904763
-141.641447 115.463231 89.090479
-142.069558 113.518435 89.276194
-142.497669 111.573639 89.461910
-142.925780 109.628844 89.647625
-143.353891 107.684048 89.833341
-143.782002 105.739252 90.019056
-144.210112 103.794456 90.204772
-144.638223 101.849660 90.390487
-145.066334 99.904864 90.576203
-145.494445 97.960069 90.761918
-145.922556 96.015273 90.947634
-146.350667 94.070477 91.133349
-146.778778 92.125681 91.319065
-147.206889 90.180885 91.504781
-147.635000 88.236090 91.690496
-148.063111 86.291294 91.876212
-148.491221 84.346498 92.061927
-148.919332 82.401702 92.247643
-149.347443 80.456906 92.433358
-149.775554 78.512110 92.619074
-150.203665 76.567315 92.804789
-150.631776 74.622519 92.990505
-151.059887 72.677723 93.176220
-151.487998 70.732927 93.361936
-151.916109 68.788131 93.547652
-152.344220 66.843335 93.733367
-152.772330 64.898540 93.919083
-153.200441 62.953744 94.104798
-153.628552 61.008948 94.290514
-154.056663 59.064152 94.476229
-154.484774 57.119356 94.661945
-154.912885 55.174561 94.847660
-155.340996 53.229765 95.033376
-155.769107 51.284969 95.219091
-156.197218 49.340173 95.404807
-156.625329 47.395377 95.590523
-157.053439 45.450581 95.776238
-157.481550 43.505786 95.961954
-157.909661 41.560990 96.147669
-158.337772 39.616194 96.333385
-158.765883 37.671398 96.519100
-159.193994 35.726602 96.704816
-159.622105 33.781806 96.890531
-160.050216 31.837011 97.076247
-160.478327 29.892215 97.261962
-160.906438 27.947419 97.447678
-161.334548 26.002623 97.633393
-161.762659 24.057827 97.819109
-162.190770 22.113032 98.004825
-162.618881 20.168236 98.190540
-163.046992 18.223440 98.376256
-163.475103 16.278644 98.561971
-163.903214 14.333848 98.747687
-164.331325 12.389052 98.933402
-164.759436 10.444257 99.119118
-165.187547 8.499461 99.304833
-165.615657 6.554665 99.490549
-166.043768 4.609869 99.676264
-166.471879 2.665073 99.861980
-166.899990 0.720277 100.047696
-167.328101 -1.224518 100.233411
-167.756212 -3.169314 100.419127
-168.184323 -5.114110 100.604842
-168.612434 -7.058906 100.790558
109.957034 -289.814558 96.490440
111.090406 -288.166692 96.492662
112.223778 -286.518826 96.494884
113.357150 -284.870960 96.497106
114.490523 -283.223094 96.499328
115.623895 -281.575228 96.501550
116.757267 -279.927362 96.503773
117.890639 -278.279496 96.505995
119.024011 -276.631629 96.508217
120.157383 -274.983763 96.510439
121.290755 -273.335897 96.512661
122.424127 -271.688031 96.514883
123.557499 -270.040165 96.517105
124.690871 -268.392299 96.519328
125.824244 -266.744433 96.521550
126.957616 -265.096567 96.523772
128.090988 -263.448700 96.525994
129.224360 -261.800834 96.528216
130.357732 -260.152968 96.530438
131.491104 -258.505102 96.532660
132.624476 -256.857236 96.534883
133.757848 -255.209370 96.537105
134.891220 -253.561504 96.539327
136.024592 -251.913638 96.541549
137.157965 -250.265772 96.543771
138.291337 -248.617905 96.545993
139.424709 -246.970039 96.548215
140.558081 -245.322173 96.550438
141.691453 -243.674307 96.552660
142.824825 -242.026441 96.554882
143.958197 -240.378575 96.557104
145.091569 -238.730709 96.559326
146.224941 -237.082843 96.561548
147.358313 -235.434976 96.563770
148.491686 -233.787110 96.565993
149.625058 -232.139244 96.568215
150.758430 -230.491378 96.570437
151.891802 -228.843512 96.572659
153.025174 -227.195646 96.574881
154.158546 -225.547780 96.577103
155.291918 -223.899914 96.579326
156.425290 -222.252048 96.581548
157.558662 -220.604181 96.583770
158.692034 -218.956315 96.585992
159.825407 -217.308449 96.588214
160.958779 -215.660583 96.590436
162.092151 -214.012717 96.592658
163.225523 -212.364851 96.594881
164.358895 -210.716985 96.597103
165.492267 -209.069119 96.599325
166.625639 -207.421252 96.601547
167.759011 -205.773386 96.603769
168.892383 -204.125520 96.605991
170.025755 -202.477654 96.608213
171.159128 -200.829788 96.610436
172.292500 -199.181922 96.612658
173.425872 -197.534056 96.614880
174.559244 -195.886190 96.617102
175.692616 -194.238324 96.619324
176.825988 -192.590457 96.621546
177.959360 -190.942591 96.623768
179.092732 -189.294725 96.625991
180.226104 -187.646859 96.628213
181.359476 -185.998993 96.630435
182.492849 -184.351127 96.632657
183.626221 -182.703261 96.634879
184.759593 -181.055395 96.637101
185.892965 -179.407528 96.639323
187.026337 -177.759662 96.641546
188.159709 -176.111796 96.643768
