-48.716424 -39.394534 264.033981
-47.840302 -40.967429 263.163113
-46.964181 -42.540324 262.292245
-46.088059 -44.113219 261.421377
-45.211938 -45.686115 260.550508
-44.335816 -47.259010 259.679640
-43.459694 -48.831905 258.808772
-42.583573 -50.404800 257.937904
-41.707451 -51.977695 257.067035
-40.831329 -53.550591 256.196167
-39.955208 -55.123486 255.325299
-39.079086 -56.696381 254.454431
-38.202964 -58.269276 253.583562
-37.326843 -59.842172 252.712694
-36.450721 -61.415067 251.841826
-35.574599 -62.987962 250.970958
-34.698478 -64.560857 250.100089
-33.822356 -66.133752 249.229221
-32.946235 -67.706648 248.358353
-32.070113 -69.279543 247.487485
-31.193991 -70.852438 246.616617
-30.317870 -72.425333 245.745748
-29.441748 -73.998229 244.874880
-28.565626 -75.571124 244.004012
-27.689505 -77.144019 243.133144
-26.813383 -78.716914 242.262275
-25.937261 -80.289809 241.391407
-25.061140 -81.862705 240.520539
-24.185018 -83.435600 239.649671
-23.308896 -85.008495 238.778802
-22.432775 -86.581390 237.907934
-21.556653 -88.154286 237.037066
-20.680531 -89.727181 236.166198
-19.804410 -91.300076 235.295330
-18.928288 -92.872971 234.424461
-18.052167 -94.445866 233.553593
-17.176045 -96.018762 232.682725
-16.299923 -97.591657 231.811857
-15.423802 -99.164552 230.940988
-14.547680 -100.737447 230.070120
-13.671558 -102.310343 229.199252
-12.795437 -103.883238 228.328384
-11.919315 -105.456133 227.457515
-11.043193 -107.029028 226.586647
-10.167072 -108.601923 225.715779
-9.290950 -110.174819 224.844911
-8.414828 -111.747714 223.974042
-7.538707 -113.320609 223.103174
-6.662585 -114.893504 222.232306
-5.786463 -116.466400 221.361438
-4.910342 -118.039295 220.490570
-4.034220 -119.612190 219.619701
-3.158099 -121.185085 218.748833
-2.281977 -122.757980 217.877965
-1.405855 -124.330876 217.007097
-0.529734 -125.903771 216.136228
0.346388 -127.476666 215.265360
1.222510 -129.049561 214.394492
2.098631 -130.622457 213.523624
2.974753 -132.195352 212.652755
3.850875 -133.768247 211.781887
4.726996 -135.341142 210.911019
5.603118 -136.914037 210.040151
6.479240 -138.486933 209.169282
7.355361 -140.059828 208.298414
8.231483 -141.632723 207.427546
9.107605 -143.205618 206.556678
9.983726 -144.778514 205.685810
10.859848 -146.351409 204.814941
11.735969 -147.924304 203.944073
153.806913 -175.488922 -124.559700
153.182991 -175.531027 -122.659977
152.559069 -175.573132 -120.760254
151.935147 -175.615237 -118.860530
151.311226 -175.657343 -116.960807
150.687304 -175.699448 -115.061084
150.063382 -175.741553 -113.161360
149.439461 -175.783658 -111.261637
148.815539 -175.825763 -109.361913
148.191617 -175.867868 -107.462190
147.567695 -175.909974 -105.562467
146.943774 -175.952079 -103.662743
146.319852 -175.994184 -101.763020
145.695930 -176.036289 -99.863297
145.072009 -176.078394 -97.963573
144.448087 -176.120499 -96.063850
143.824165 -176.162605 -94.164127
143.200243 -176.204710 -92.264403
142.576322 -176.246815 -90.364680
141.952400 -176.288920 -88.464956
141.328478 -176.331025 -86.565233
140.704557 -176.373130 -84.665510
140.080635 -176.415236 -82.765786
139.456713 -176.457341 -80.866063
138.832791 -176.499446 -78.966340
138.208870 -176.541551 -77.066616
137.584948 -176.583656 -75.166893
136.961026 -176.625761 -73.267170
136.337105 -176.667867 -71.367446
135.713183 -176.709972 -69.467723
135.089261 -176.752077 -67.567999
134.465340 -176.794182 -65.668276
133.841418 -176.836287 -63.768553
133.217496 -176.878392 -61.868829
132.593574 -176.920498 -59.969106
131.969653 -176.962603 -58.069383
131.345731 -177.004708 -56.169659
130.721809 -177.046813 -54.269936
130.097888 -177.088918 -52.370213
129.473966 -177.131023 -50.470489
128.850044 -177.173129 -48.570766
128.226122 -177.215234 -46.671042
127.602201 -177.257339 -44.771319
126.978279 -177.299444 -42.871596
126.354357 -177.341549 -40.971872
125.730436 -177.383654 -39.072149
125.106514 -177.425760 -37.172426
124.482592 -177.467865 -35.272702
123.858670 -177.509970 -33.372979
123.234749 -177.552075 -31.473256
122.610827 -177.594180 -29.573532
121.986905 -177.636285 -27.673809
121.362984 -177.678391 -25.774085
120.739062 -177.720496 -23.874362
120.115140 -177.762601 -21.974639
119.491218 -177.804706 -20.074915
118.867297 -177.846811 -18.175192
118.243375 -177.888916 -16.275469
117.619453 -177.931022 -14.375745
116.995532 -177.973127 -12.476022
116.371610 -178.015232 -10.576299
115.747688 -178.057337 -8.676575
115.123766 -178.099442 -6.776852
114.499845 -178.141547 -4.877129
113.875923 -178.183653 -2.977405
113.252001 -178.225758 -1.077682
112.628080 -178.267863 0.822042
112.004158 -178.309968 2.721765
111.380236 -178.352073 4.621488
110.756314 -178.394178 6.521212
-163.715837 104.639669 179.675141
-165.508110 105.519395 179.792789
-167.300382 106.399122 179.910436
-169.092654 107.278848 180.028084
-170.884927 108.158575 180.145732
-172.677199 109.038301 180.263379
-174.469472 109.918028 180.381027
-176.261744 110.797754 180.498675
-178.054016 111.677481 180.616322
-179.846289 112.557207 180.733970
-181.638561 113.436934 180.851618
-183.430834 114.316660 180.969265
-185.223106 115.196387 181.086913
-187.015378 116.076113 181.204560
-188.807651 116.955840 181.322208
-190.599923 117.835566 181.439856
-192.392195 118.715293 181.557503
-194.184468 119.595019 181.675151
-195.976740 120.474746 181.792799
-197.769013 121.354472 181.910446
-199.561285 122.234199 182.028094
-201.353557 123.113925 182.145742
-203.145830 123.993652 182.263389
-204.938102 124.873379 182.381037
-206.730375 125.753105 182.498685
-208.522647 126.632832 182.616332
-210.314919 127.512558 182.733980
-212.107192 128.392285 182.851628
-213.899464 129.272011 182.969275
-215.691736 130.151738 183.086923
-217.484009 131.031464 183.204570
-219.276281 131.911191 183.322218
-221.068554 132.790917 183.439866
-222.860826 133.670644 183.557513
-224.653098 134.550370 183.675161
-226.445371 135.430097 183.792809
-228.237643 136.309823 183.910456
-230.029916 137.189550 184.028104
-231.822188 138.069276 184.145752
-233.614460 138.949003 184.263399
-235.406733 139.828729 184.381047
-237.199005 140.708456 184.498695
-238.991277 141.588182 184.616342
-240.783550 142.467909 184.733990
-242.575822 143.347635 184.851637
-244.368095 144.227362 184.969285
-246.160367 145.107088 185.086933
-247.952639 145.986815 185.204580
-249.744912 146.866541 185.322228
-251.537184 147.746268 185.439876
-253.329457 148.625994 185.557523
-255.121729 149.505721 185.675171
-256.914001 150.385447 185.792819
-258.706274 151.265174 185.910466
-260.498546 152.144900 186.028114
-262.290818 153.024627 186.145762
-264.083091 153.904353 186.263409
-265.875363 154.784080 186.381057
-267.667636 155.663806 186.498704
-269.459908 156.543533 186.616352
-271.252180 157.423259 186.734000
-273.044453 158.302986 186.851647
-274.836725 159.182712 186.969295
-276.628998 160.062439 187.086943
-278.421270 160.942165 187.204590
-280.213542 161.821892 187.322238
-282.005815 162.701618 187.439886
-283.798087 163.581345 187.557533
-285.590359 164.461071 187.675181
-287.382632 165.340798 187.792829
-236.358006 -68.261934 -227.429788
-234.496981 -68.527760 -228.112373
-232.635955 -68.793585 -228.794957
-230.774930 -69.059411 -229.477542
-228.913905 -69.325236 -230.160127
-227.052879 -69.591062 -230.842711
-225.191854 -69.856887 -231.525296
-223.330829 -70.122713 -232.207880
-221.469804 -70.388538 -232.890465
-219.608778 -70.654363 -233.573050
-217.747753 -70.920189 -234.255634
-215.886728 -71.186014 -234.938219
-214.025702 -71.451840 -235.620803
-212.164677 -71.717665 -236.303388
-210.303652 -71.983491 -236.985973
-208.442627 -72.249316 -237.668557
-206.581601 -72.515142 -238.351142
-204.720576 -72.780967 -239.033726
-202.859551 -73.046792 -239.716311
-200.998526 -73.312618 -240.398896
-199.137500 -73.578443 -241.081480
-197.276475 -73.844269 -241.764065
-195.415450 -74.110094 -242.446649
-193.554424 -74.375920 -243.129234
-191.693399 -74.641745 -243.811819
-189.832374 -74.907571 -244.494403
-187.971349 -75.173396 -245.176988
-186.110323 -75.439221 -245.859572
-184.249298 -75.705047 -246.542157
-182.388273 -75.970872 -247.224742
-180.527247 -76.236698 -247.907326
-178.666222 -76.502523 -248.589911
-176.805197 -76.768349 -249.272495
-174.944172 -77.034174 -249.955080
-173.083146 -77.299999 -250.637665
-171.222121 -77.565825 -251.320249
-169.361096 -77.831650 -252.002834
-167.500070 -78.097476 -252.685418
-165.639045 -78.363301 -253.368003
-163.778020 -78.629127 -254.050587
-161.916995 -78.894952 -254.733172
-160.055969 -79.160778 -255.415757
-158.194944 -79.426603 -256.098341
-156.333919 -79.692428 -256.780926
-154.472893 -79.958254 -257.463510
-152.611868 -80.224079 -258.146095
-150.750843 -80.489905 -258.828680
-148.889818 -80.755730 -259.511264
-147.028792 -81.021556 -260.193849
-145.167767 -81.287381 -260.876433
-143.306742 -81.553207 -261.559018
-141.445716 -81.819032 -262.241603
-139.584691 -82.084857 -262.924187
-137.723666 -82.350683 -263.606772
-135.862641 -82.616508 -264.289356
-134.001615 -82.882334 -264.971941
-132.140590 -83.148159 -265.654526
-130.279565 -83.413985 -266.337110
-128.418539 -83.679810 -267.019695
-126.557514 -83.945636 -267.702279
-124.696489 -84.211461 -268.384864
-122.835464 -84.477286 -269.067449
-120.974438 -84.743112 -269.750033
-119.113413 -85.008937 -270.432618
-117.252388 -85.274763 -271.115202
-115.391362 -85.540588 -271.797787
-113.530337 -85.806414 -272.480372
-111.669312 -86.072239 -273.162956
-109.808287 -86.338065 -273.845541
-107.947261 -86.603890 -274.528125
170.963258 115.487931 28.368187
169.085279 115.766270 27.739123
167.207300 116.044609 27.110059
165.329321 116.322948 26.480995
163.451341 116.601287 25.851930
161.573362 116.879626 25.222866
159.695383 117.157965 24.593802
157.817404 117.436304 23.964738
155.939425 117.714643 23.335674
154.061446 117.992982 22.706610
152.183466 118.271321 22.077546
150.305487 118.549660 21.448482
148.427508 118.827999 20.819418
146.549529 119.106338 20.190353
144.671550 119.384677 19.561289
142.793570 119.663016 18.932225
140.915591 119.941355 18.303161
139.037612 120.219694 17.674097
137.159633 120.498033 17.045033
135.281654 120.776372 16.415969
133.403675 121.054711 15.786905
131.525695 121.333050 15.157841
129.647716 121.611389 14.528776
127.769737 121.889728 13.899712
125.891758 122.168067 13.270648
124.013779 122.446406 12.641584
122.135800 122.724745 12.012520
120.257820 123.003084 11.383456
118.379841 123.281423 10.754392
116.501862 123.559762 10.125328
114.623883 123.838101 9.496264
112.745904 124.116440 8.867199
110.867925 124.394779 8.238135
108.989945 124.673118 7.609071
107.111966 124.951457 6.980007
105.233987 125.229796 6.350943
103.356008 125.508135 5.721879
101.478029 125.786474 5.092815
99.600050 126.064813 4.463751
97.722070 126.343152 3.834687
95.844091 126.621491 3.205622
93.966112 126.899830 2.576558
92.088133 127.178169 1.947494
90.210154 127.456508 1.318430
88.332175 127.734847 0.689366
86.454195 128.013186 0.060302
84.576216 128.291525 -0.568762
82.698237 128.569864 -1.197826
80.820258 128.848203 -1.826890
78.942279 129.126542 -2.455954
77.064300 129.404880 -3.085019
75.186320 129.683219 -3.714083
73.308341 129.961558 -4.343147
71.430362 130.239897 -4.972211
69.552383 130.518236 -5.601275
67.674404 130.796575 -6.230339
65.796425 131.074914 -6.859403
63.918445 131.353253 -7.488467
62.040466 131.631592 -8.117531
60.162487 131.909931 -8.746596
58.284508 132.188270 -9.375660
56.406529 132.466609 -10.004724
54.528550 132.744948 -10.633788
52.650570 133.023287 -11.262852
50.772591 133.301626 -11.891916
48.894612 133.579965 -12.520980
47.016633 133.858304 -13.150044
45.138654 134.136643 -13.779108
43.260675 134.414982 -14.408173
41.382695 134.693321 -15.037237
-131.374205 -84.063933 144.669513
-129.577938 -84.835474 145.091592
-127.781671 -85.607015 145.513671
-125.985405 -86.378556 145.935750
-124.189138 -87.150096 146.357829
-122.392871 -87.921637 146.779908
-120.596605 -88.693178 147.201988
-118.800338 -89.464719 147.624067
-117.004071 -90.236259 148.046146
-115.207804 -91.007800 148.468225
-113.411538 -91.779341 148.890304
-111.615271 -92.550882 149.312383
-109.819004 -93.322422 149.734462
-108.022738 -94.093963 150.156542
-106.226471 -94.865504 150.578621
-104.430204 -95.637045 151.000700
-102.633937 -96.408585 151.422779
-100.837671 -97.180126 151.844858
-99.041404 -97.951667 152.266937
-97.245137 -98.723208 152.689016
-95.448871 -99.494748 153.111096
-93.652604 -100.266289 153.533175
-91.856337 -101.037830 153.955254
-90.060071 -101.809371 154.377333
-88.263804 -102.580911 154.799412
-86.467537 -103.352452 155.221491
-84.671270 -104.123993 155.643570
-82.875004 -104.895534 156.065650
-81.078737 -105.667074 156.487729
-79.282470 -106.438615 156.909808
-77.486204 -107.210156 157.331887
-75.689937 -107.981697 157.753966
-73.893670 -108.753237 158.176045
-72.097404 -109.524778 158.598124
-70.301137 -110.296319 159.020204
-68.504870 -111.067860 159.442283
-66.708603 -111.839400 159.864362
-64.912337 -112.610941 160.286441
-63.116070 -113.382482 160.708520
-61.319803 -114.154023 161.130599
-59.523537 -114.925563 161.552678
-57.727270 -115.697104 161.974758
-55.931003 -116.468645 162.396837
-54.134737 -117.240186 162.818916
-52.338470 -118.011726 163.240995
-50.542203 -118.783267 163.663074
-48.745936 -119.554808 164.085153
-46.949670 -120.326349 164.507232
-45.153403 -121.097889 164.929312
-43.357136 -121.869430 165.351391
-41.560870 -122.640971 165.773470
-39.764603 -123.412512 166.195549
-37.968336 -124.184053 166.617628
-36.172070 -124.955593 167.039707
-34.375803 -125.727134 167.461786
-32.579536 -126.498675 167.883866
-30.783269 -127.270216 168.305945
-28.987003 -128.041756 168.728024
-27.190736 -128.813297 169.150103
-25.394469 -129.584838 169.572182
-23.598203 -130.356379 169.994261
-21.801936 -131.127919 170.416340
-20.005669 -131.899460 170.838420
-18.209403 -132.671001 171.260499
-16.413136 -133.442542 171.682578
-14.616869 -134.214082 172.104657
-12.820602 -134.985623 172.526736
-11.024336 -135.757164 172.948815
-9.228069 -136.528705 173.370894
-7.431802 -137.300245 173.792974
174.863465 -252.602330 -182.231444
175.329508 -252.519029 -180.288286
175.795552 -252.435728 -178.345127
176.261595 -252.352427 -176.401969
176.727638 -252.269126 -174.458811
177.193682 -252.185824 -172.515652
177.659725 -252.102523 -170.572494
178.125768 -252.019222 -168.629335
178.591812 -251.935921 -166.686177
179.057855 -251.852620 -164.743019
179.523898 -251.769319 -162.799860
179.989942 -251.686018 -160.856702
180.455985 -251.602717 -158.913543
180.922028 -251.519416 -156.970385
181.388072 -251.436115 -155.027227
181.854115 -251.352814 -153.084068
182.320158 -251.269513 -151.140910
182.786202 -251.186212 -149.197751
183.252245 -251.102911 -147.254593
183.718288 -251.019610 -145.311435
184.184332 -250.936309 -143.368276
184.650375 -250.853008 -141.425118
185.116418 -250.769707 -139.481959
185.582462 -250.686406 -137.538801
186.048505 -250.603104 -135.595643
186.514548 -250.519803 -133.652484
186.980592 -250.436502 -131.709326
187.446635 -250.353201 -129.766167
187.912678 -250.269900 -127.823009
188.378722 -250.186599 -125.879851
188.844765 -250.103298 -123.936692
189.310808 -250.019997 -121.993534
189.776852 -249.936696 -120.050375
190.242895 -249.853395 -118.107217
190.708938 -249.770094 -116.164059
191.174982 -249.686793 -114.220900
191.641025 -249.603492 -112.277742
192.107068 -249.520191 -110.334584
192.573112 -249.436890 -108.391425
193.039155 -249.353589 -106.448267
193.505198 -249.270288 -104.505108
193.971242 -249.186987 -102.561950
194.437285 -249.103685 -100.618792
194.903328 -249.020384 -98.675633
195.369372 -248.937083 -96.732475
195.835415 -248.853782 -94.789316
196.301459 -248.770481 -92.846158
196.767502 -248.687180 -90.903000
197.233545 -248.603879 -88.959841
197.699589 -248.520578 -87.016683
198.165632 -248.437277 -85.073524
198.631675 -248.353976 -83.130366
199.097719 -248.270675 -81.187208
199.563762 -248.187374 -79.244049
200.029805 -248.104073 -77.300891
200.495849 -248.020772 -75.357732
200.961892 -247.937471 -73.414574
201.427935 -247.854170 -71.471416
201.893979 -247.770869 -69.528257
202.360022 -247.687568 -67.585099
202.826065 -247.604266 -65.641940
203.292109 -247.520965 -63.698782
203.758152 -247.437664 -61.755624
204.224195 -247.354363 -59.812465
204.690239 -247.271062 -57.869307
205.156282 -247.187761 -55.926148
205.622325 -247.104460 -53.982990
206.088369 -247.021159 -52.039832
206.554412 -246.937858 -50.096673
207.020455 -246.854557 -48.153515
-222.200593 -18.971172 282.243649
-222.967667 -17.131463 282.408173
-223.734741 -15.291754 282.572697
-224.501815 -13.452045 282.737220
-225.268889 -11.612336 282.901744
-226.035963 -9.772627 283.066268
-226.803037 -7.932918 283.230792
-227.570111 -6.093209 283.395316
-228.337185 -4.253500 283.559839
-229.104259 -2.413791 283.724363
-229.871333 -0.574082 283.888887
-230.638407 1.265627 284.053411
-231.405481 3.105336 284.217935
-232.172555 4.945046 284.382458
-232.939629 6.784755 284.546982
-233.706702 8.624464 284.711506
-234.473776 10.464173 284.876030
-235.240850 12.303882 285.040554
-236.007924 14.143591 285.205077
-236.774998 15.983300 285.369601
-237.542072 17.823009 285.534125
-238.309146 19.662718 285.698649
-239.076220 21.502427 285.863173
-239.843294 23.342136 286.027696
-240.610368 25.181845 286.192220
-241.377442 27.021554 286.356744
-242.144516 28.861263 286.521268
-242.911590 30.700973 286.685792
-243.678664 32.540682 286.850315
-244.445738 34.380391 287.014839
-245.212812 36.220100 287.179363
-245.979886 38.059809 287.343887
-246.746960 39.899518 287.508411
-247.514034 41.739227 287.672934
-248.281108 43.578936 287.837458
-249.048182 45.418645 288.001982
-249.815256 47.258354 288.166506
-250.582330 49.098063 288.331030
-251.349403 50.937772 288.495553
-252.116477 52.777481 288.660077
-252.883551 54.617190 288.824601
-253.650625 56.456900 288.989125
-254.417699 58.296609 289.153648
-255.184773 60.136318 289.318172
-255.951847 61.976027 289.482696
-256.718921 63.815736 289.647220
-257.485995 65.655445 289.811744
-258.253069 67.495154 289.976267
-259.020143 69.334863 290.140791
-259.787217 71.174572 290.305315
-260.554291 73.014281 290.469839
-261.321365 74.853990 290.634363
-262.088439 76.693699 290.798886
-262.855513 78.533408 290.963410
-263.622587 80.373117 291.127934
-264.389661 82.212827 291.292458
-265.156735 84.052536 291.456982
-265.923809 85.892245 291.621505
-266.690883 87.731954 291.786029
-267.457957 89.571663 291.950553
-268.225031 91.411372 292.115077
-268.992104 93.251081 292.279601
-269.759178 95.090790 292.444124
-270.526252 96.930499 292.608648
-271.293326 98.770208 292.773172
-272.060400 100.609917 292.937696
-272.827474 102.449626 293.102220
-273.594548 104.289335 293.266743
-274.361622 106.129044 293.431267
-275.128696 107.968753 293.595791
112.549414 -193.184060 3.497639
112.811117 -193.931255 1.661008
113.072819 -194.678449 -0.175623
113.334522 -195.425644 -2.012253
113.596224 -196.172838 -3.848884
113.857926 -196.920033 -5.685515
114.119629 -197.667227 -7.522145
114.381331 -198.414421 -9.358776
114.643034 -199.161616 -11.195407
114.904736 -199.908810 -13.032038
115.166439 -200.656005 -14.868668
115.428141 -201.403199 -16.705299
115.689844 -202.150394 -18.541930
115.951546 -202.897588 -20.378560
116.213248 -203.644782 -22.215191
116.474951 -204.391977 -24.051822
116.736653 -205.139171 -25.888452
116.998356 -205.886366 -27.725083
117.260058 -206.633560 -29.561714
117.521761 -207.380755 -31.398345
117.783463 -208.127949 -33.234975
118.045165 -208.875143 -35.071606
118.306868 -209.622338 -36.908237
118.568570 -210.369532 -38.744867
118.830273 -211.116727 -40.581498
119.091975 -211.863921 -42.418129
119.353678 -212.611116 -44.254759
119.615380 -213.358310 -46.091390
119.877082 -214.105504 -47.928021
120.138785 -214.852699 -49.764652
120.400487 -215.599893 -51.601282
120.662190 -216.347088 -53.437913
120.923892 -217.094282 -55.274544
121.185595 -217.841477 -57.111174
121.447297 -218.588671 -58.947805
121.709000 -219.335865 -60.784436
121.970702 -220.083060 -62.621066
122.232404 -220.830254 -64.457697
122.494107 -221.577449 -66.294328
122.755809 -222.324643 -68.130958
123.017512 -223.071838 -69.967589
123.279214 -223.819032 -71.804220
123.540917 -224.566226 -73.640851
123.802619 -225.313421 -75.477481
124.064321 -226.060615 -77.314112
124.326024 -226.807810 -79.150743
124.587726 -227.555004 -80.987373
124.849429 -228.302199 -82.824004
125.111131 -229.049393 -84.660635
125.372834 -229.796587 -86.497265
125.634536 -230.543782 -88.333896
125.896238 -231.290976 -90.170527
126.157941 -232.038171 -92.007158
126.419643 -232.785365 -93.843788
126.681346 -233.532560 -95.680419
126.943048 -234.279754 -97.517050
127.204751 -235.026949 -99.353680
127.466453 -235.774143 -101.190311
127.728156 -236.521337 -103.026942
127.989858 -237.268532 -104.863572
128.251560 -238.015726 -106.700203
128.513263 -238.762921 -108.536834
128.774965 -239.510115 -110.373465
129.036668 -240.257310 -112.210095
129.298370 -241.004504 -114.046726
129.560073 -241.751698 -115.883357
129.821775 -242.498893 -117.719987
130.083477 -243.246087 -119.556618
130.345180 -243.993282 -121.393249
130.606882 -244.740476 -123.229879
12.689070 17.512236 -43.690845
11.757173 19.281850 -43.685127
10.825276 21.051465 -43.679409
9.893379 22.821079 -43.673691
8.961482 24.590693 -43.667973
8.029585 26.360308 -43.662254
7.097688 28.129922 -43.656536
6.165791 29.899537 -43.650818
5.233894 31.669151 -43.645100
4.301997 33.438766 -43.639382
3.370100 35.208380 -43.633663
2.438203 36.977995 -43.627945
1.506306 38.747609 -43.622227
0.574409 40.517223 -43.616509
-0.357488 42.286838 -43.610791
-1.289385 44.056452 -43.605072
-2.221282 45.826067 -43.599354
-3.153179 47.595681 -43.593636
-4.085076 49.365296 -43.587918
-5.016973 51.134910 -43.582199
-5.948870 52.904525 -43.576481
-6.880767 54.674139 -43.570763
-7.812664 56.443754 -43.565045
-8.744561 58.213368 -43.559327
-9.676458 59.982982 -43.553608
-10.608355 61.752597 -43.547890
-11.540252 63.522211 -43.542172
-12.472149 65.291826 -43.536454
-13.404046 67.061440 -43.530736
-14.335943 68.831055 -43.525017
-15.267840 70.600669 -43.519299
-16.199737 72.370284 -43.513581
-17.131634 74.139898 -43.507863
-18.063531 75.909512 -43.502145
-18.995428 77.679127 -43.496426
-19.927325 79.448741 -43.490708
-20.859222 81.218356 -43.484990
-21.791119 82.987970 -43.479272
-22.723016 84.757585 -43.473554
-23.654913 86.527199 -43.467835
-24.586810 88.296814 -43.462117
-25.518707 90.066428 -43.456399
-26.450604 91.836042 -43.450681
-27.382501 93.605657 -43.444962
-28.314398 95.375271 -43.439244
-29.246295 97.144886 -43.433526
-30.178192 98.914500 -43.427808
-31.110089 100.684115 -43.422090
-32.041986 102.453729 -43.416371
-32.973883 104.223344 -43.410653
-33.905780 105.992958 -43.404935
-34.837677 107.762573 -43.399217
-35.769574 109.532187 -43.393499
-36.701471 111.301801 -43.387780
-37.633368 113.071416 -43.382062
-38.565265 114.841030 -43.376344
-39.497162 116.610645 -43.370626
-40.429059 118.380259 -43.364908
-41.360956 120.149874 -43.359189
-42.292853 121.919488 -43.353471
-43.224750 123.689103 -43.347753
-44.156647 125.458717 -43.342035
-45.088544 127.228331 -43.336317
-46.020441 128.997946 -43.330598
-46.952338 130.767560 -43.324880
-47.884235 132.537175 -43.319162
-48.816132 134.306789 -43.313444
-49.748029 136.076404 -43.307726
-50.679926 137.846018 -43.302007
-51.611823 139.615633 -43.296289
53.401551 -60.082257 -79.306321
54.111399 -58.310371 -78.709214
54.821248 -56.538485 -78.112107
55.531096 -54.766600 -77.515001
56.240945 -52.994714 -76.917894
56.950793 -51.222828 -76.320787
57.660641 -49.450943 -75.723680
58.370490 -47.679057 -75.126574
59.080338 -45.907171 -74.529467
59.790187 -44.135286 -73.932360
60.500035 -42.363400 -73.335254
61.209884 -40.591514 -72.738147
61.919732 -38.819629 -72.141040
62.629581 -37.047743 -71.543933
63.339429 -35.275857 -70.946827
64.049278 -33.503972 -70.349720
64.759126 -31.732086 -69.752613
65.468975 -29.960201 -69.155507
66.178823 -28.188315 -68.558400
66.888671 -26.416429 -67.961293
67.598520 -24.644544 -67.364187
68.308368 -22.872658 -66.767080
69.018217 -21.100772 -66.169973
69.728065 -19.328887 -65.572866
70.437914 -17.557001 -64.975760
71.147762 -15.785115 -64.378653
71.857611 -14.013230 -63.781546
72.567459 -12.241344 -63.184440
73.277308 -10.469458 -62.587333
73.987156 -8.697573 -61.990226
74.697004 -6.925687 -61.393119
75.406853 -5.153801 -60.796013
76.116701 -3.381916 -60.198906
76.826550 -1.610030 -59.601799
77.536398 0.161855 -59.004693
78.246247 1.933741 -58.407586
78.956095 3.705627 -57.810479
79.665944 5.477512 -57.213373
80.375792 7.249398 -56.616266
81.085641 9.021284 -56.019159
81.795489 10.793169 -55.422052
82.505338 12.565055 -54.824946
83.215186 14.336941 -54.227839
83.925034 16.108826 -53.630732
84.634883 17.880712 -53.033626
85.344731 19.652598 -52.436519
86.054580 21.424483 -51.839412
86.764428 23.196369 -51.242305
87.474277 24.968255 -50.645199
88.184125 26.740140 -50.048092
88.893974 28.512026 -49.450985
89.603822 30.283912 -48.853879
90.313671 32.055797 -48.256772
91.023519 33.827683 -47.659665
91.733367 35.599568 -47.062559
92.443216 37.371454 -46.465452
93.153064 39.143340 -45.868345
93.862913 40.915225 -45.271238
94.572761 42.687111 -44.674132
95.282610 44.458997 -44.077025
95.992458 46.230882 -43.479918
96.702307 48.002768 -42.882812
97.412155 49.774654 -42.285705
98.122004 51.546539 -41.688598
98.831852 53.318425 -41.091491
99.541701 55.090311 -40.494385
100.251549 56.862196 -39.897278
100.961397 58.634082 -39.300171
101.671246 60.405968 -38.703065
102.381094 62.177853 -38.105958
-268.407812 138.963174 115.043692
-267.146013 137.413403 115.121623
-265.884214 135.863631 115.199553
-264.622416 134.313860 115.277483
-263.360617 132.764089 115.355413
-262.098818 131.214318 115.433343
-260.837019 129.664546 115.511274
-259.575221 128.114775 115.589204
-258.313422 126.565004 115.667134
-257.051623 125.015233 115.745064
-255.789825 123.465462 115.822994
-254.528026 121.915690 115.900924
-253.266227 120.365919 115.978855
-252.004428 118.816148 116.056785
-250.742630 117.266377 116.134715
-249.480831 115.716605 116.212645
-248.219032 114.166834 116.290575
-246.957233 112.617063 116.368506
-245.695435 111.067292 116.446436
-244.433636 109.517520 116.524366
-243.171837 107.967749 116.602296
-241.910039 106.417978 116.680226
-240.648240 104.868207 116.758157
-239.386441 103.318435 116.836087
-238.124642 101.768664 116.914017
-236.862844 100.218893 116.991947
-235.601045 98.669122 117.069877
-234.339246 97.119351 117.147807
-233.077448 95.569579 117.225738
-231.815649 94.019808 117.303668
-230.553850 92.470037 117.381598
-229.292051 90.920266 117.459528
-228.030253 89.370494 117.537458
-226.768454 87.820723 117.615389
-225.506655 86.270952 117.693319
-224.244856 84.721181 117.771249
-222.983058 83.171409 117.849179
-221.721259 81.621638 117.927109
-220.459460 80.071867 118.005040
-219.197662 78.522096 118.082970
-217.935863 76.972325 118.160900
-216.674064 75.422553 118.238830
-215.412265 73.872782 118.316760
-214.150467 72.323011 118.394690
-212.888668 70.773240 118.472621
-211.626869 69.223468 118.550551
-210.365071 67.673697 118.628481
-209.103272 66.123926 118.706411
-207.841473 64.574155 118.784341
-206.579674 63.024383 118.862272
-205.317876 61.474612 118.940202
-204.056077 59.924841 119.018132
-202.794278 58.375070 119.096062
-201.532480 56.825298 119.173992
-200.270681 55.275527 119.251923
-199.008882 53.725756 119.329853
-197.747083 52.175985 119.407783
-196.485285 50.626214 119.485713
-195.223486 49.076442 119.563643
-193.961687 47.526671 119.641573
-192.699888 45.976900 119.719504
-191.438090 44.427129 119.797434
-190.176291 42.877357 119.875364
-188.914492 41.327586 119.953294
-187.652694 39.777815 120.031224
-186.390895 38.228044 120.109155
-185.129096 36.678272 120.187085
-183.867297 35.128501 120.265015
-182.605499 33.578730 120.342945
-181.343700 32.028959 120.420875
223.282926 -140.203455 30.393607
223.429305 -142.045067 29.627423
223.575684 -143.886679 28.861240
223.722063 -145.728291 28.095056
223.868441 -147.569904 27.328872
224.014820 -149.411516 26.562688
224.161199 -151.253128 25.796504
224.307577 -153.094741 25.030321
224.453956 -154.936353 24.264137
224.600335 -156.777965 23.497953
224.746713 -158.619577 22.731769
224.893092 -160.461190 21.965586
225.039471 -162.302802 21.199402
225.185850 -164.144414 20.433218
225.332228 -165.986026 19.667034
225.478607 -167.827639 18.900851
225.624986 -169.669251 18.134667
225.771364 -171.510863 17.368483
225.917743 -173.352475 16.602299
226.064122 -175.194088 15.836115
226.210500 -177.035700 15.069932
226.356879 -178.877312 14.303748
226.503258 -180.718924 13.537564
226.649637 -182.560537 12.771380
226.796015 -184.402149 12.005197
226.942394 -186.243761 11.239013
227.088773 -188.085373 10.472829
227.235151 -189.926986 9.706645
227.381530 -191.768598 8.940462
227.527909 -193.610210 8.174278
227.674287 -195.451822 7.408094
227.820666 -197.293435 6.641910
227.967045 -199.135047 5.875727
228.113424 -200.976659 5.109543
228.259802 -202.818271 4.343359
228.406181 -204.659884 3.577175
228.552560 -206.501496 2.810991
228.698938 -208.343108 2.044808
228.845317 -210.184721 1.278624
228.991696 -212.026333 0.512440
229.138074 -213.867945 -0.253744
229.284453 -215.709557 -1.019927
229.430832 -217.551170 -1.786111
229.577211 -219.392782 -2.552295
229.723589 -221.234394 -3.318479
229.869968 -223.076006 -4.084662
230.016347 -224.917619 -4.850846
230.162725 -226.759231 -5.617030
230.309104 -228.600843 -6.383214
230.455483 -230.442455 -7.149398
230.601861 -232.284068 -7.915581
230.748240 -234.125680 -8.681765
230.894619 -235.967292 -9.447949
231.040998 -237.808904 -10.214133
231.187376 -239.650517 -10.980316
231.333755 -241.492129 -11.746500
231.480134 -243.333741 -12.512684
231.626512 -245.175353 -13.278868
231.772891 -247.016966 -14.045051
231.919270 -248.858578 -14.811235
232.065648 -250.700190 -15.577419
232.212027 -252.541802 -16.343603
232.358406 -254.383415 -17.109787
232.504784 -256.225027 -17.875970
232.651163 -258.066639 -18.642154
232.797542 -259.908251 -19.408338
232.943921 -261.749864 -20.174522
233.090299 -263.591476 -20.940705
233.236678 -265.433088 -21.706889
233.383057 -267.274701 -22.473073
213.283090 -251.389445 -108.063639
214.230785 -250.415779 -109.531238
215.178480 -249.442113 -110.998838
216.126175 -248.468447 -112.466438
217.073871 -247.494781 -113.934037
218.021566 -246.521115 -115.401637
218.969261 -245.547449 -116.869237
219.916956 -244.573783 -118.336836
220.864651 -243.600117 -119.804436
221.812346 -242.626452 -121.272035
222.760041 -241.652786 -122.739635
223.707737 -240.679120 -124.207235
224.655432 -239.705454 -125.674834
225.603127 -238.731788 -127.142434
226.550822 -237.758122 -128.610033
227.498517 -236.784456 -130.077633
228.446212 -235.810790 -131.545233
229.393907 -234.837124 -133.012832
230.341603 -233.863458 -134.480432
231.289298 -232.889792 -135.948032
232.236993 -231.916127 -137.415631
233.184688 -230.942461 -138.883231
234.132383 -229.968795 -140.350830
235.080078 -228.995129 -141.818430
236.027773 -228.021463 -143.286030
236.975468 -227.047797 -144.753629
237.923164 -226.074131 -146.221229
238.870859 -225.100465 -147.688828
239.818554 -224.126799 -149.156428
240.766249 -223.153133 -150.624028
241.713944 -222.179468 -152.091627
242.661639 -221.205802 -153.559227
243.609334 -220.232136 -155.026827
244.557030 -219.258470 -156.494426
245.504725 -218.284804 -157.962026
246.452420 -217.311138 -159.429625
247.400115 -216.337472 -160.897225
248.347810 -215.363806 -162.364825
249.295505 -214.390140 -163.832424
250.243200 -213.416474 -165.300024
251.190896 -212.442808 -166.767623
252.138591 -211.469143 -168.235223
253.086286 -210.495477 -169.702823
254.033981 -209.521811 -171.170422
254.981676 -208.548145 -172.638022
255.929371 -207.574479 -174.105622
256.877066 -206.600813 -175.573221
257.824761 -205.627147 -177.040821
258.772457 -204.653481 -178.508420
259.720152 -203.679815 -179.976020
260.667847 -202.706149 -181.443620
261.615542 -201.732484 -182.911219
262.563237 -200.758818 -184.378819
263.510932 -199.785152 -185.846418
264.458627 -198.811486 -187.314018
265.406323 -197.837820 -188.781618
266.354018 -196.864154 -190.249217
267.301713 -195.890488 -191.716817
268.249408 -194.916822 -193.184417
269.197103 -193.943156 -194.652016
270.144798 -192.969490 -196.119616
271.092493 -191.995824 -197.587215
272.040189 -191.022159 -199.054815
272.987884 -190.048493 -200.522415
273.935579 -189.074827 -201.990014
274.883274 -188.101161 -203.457614
275.830969 -187.127495 -204.925214
276.778664 -186.153829 -206.392813
277.726359 -185.180163 -207.860413
278.674054 -184.206497 -209.328012
-92.894958 42.431593 263.323913
-93.907786 41.534777 261.850855
-94.920614 40.637961 260.377797
-95.933442 39.741144 258.904738
-96.946270 38.844328 257.431680
-97.959098 37.947512 255.958622
-98.971926 37.050695 254.485564
-99.984754 36.153879 253.012506
-100.997581 35.257062 251.539448
-102.010409 34.360246 250.066390
-103.023237 33.463430 248.593332
-104.036065 32.566613 247.120274
-105.048893 31.669797 245.647216
-106.061721 30.772981 244.174158
-107.074549 29.876164 242.701100
-108.087377 28.979348 241.228041
-109.100205 28.082532 239.754983
-110.113032 27.185715 238.281925
-111.125860 26.288899 236.808867
-112.138688 25.392083 235.335809
-113.151516 24.495266 233.862751
-114.164344 23.598450 232.389693
-115.177172 22.701633 230.916635
-116.190000 21.804817 229.443577
-117.202828 20.908001 227.970519
-118.215655 20.011184 226.497461
-119.228483 19.114368 225.024403
-120.241311 18.217552 223.551344
-121.254139 17.320735 222.078286
-122.266967 16.423919 220.605228
-123.279795 15.527103 219.132170
-124.292623 14.630286 217.659112
-125.305451 13.733470 216.186054
-126.318278 12.836654 214.712996
-127.331106 11.939837 213.239938
-128.343934 11.043021 211.766880
-129.356762 10.146205 210.293822
-130.369590 9.249388 208.820764
-131.382418 8.352572 207.347706
-132.395246 7.455755 205.874647
-133.408074 6.558939 204.401589
-134.420902 5.662123 202.928531
-135.433729 4.765306 201.455473
-136.446557 3.868490 199.982415
-137.459385 2.971674 198.509357
-138.472213 2.074857 197.036299
-139.485041 1.178041 195.563241
-140.497869 0.281225 194.090183
-141.510697 -0.615592 192.617125
-142.523525 -1.512408 191.144067
-143.536352 -2.409224 189.671009
-144.549180 -3.306041 188.197951
-145.562008 -4.202857 186.724892
-146.574836 -5.099674 185.251834
-147.587664 -5.996490 183.778776
-148.600492 -6.893306 182.305718
-149.613320 -7.790123 180.832660
-150.626148 -8.686939 179.359602
-151.638975 -9.583755 177.886544
-152.651803 -10.480572 176.413486
-153.664631 -11.377388 174.940428
-154.677459 -12.274204 173.467370
-155.690287 -13.171021 171.994312
-156.703115 -14.067837 170.521254
-157.715943 -14.964653 169.048195
-158.728771 -15.861470 167.575137
-159.741598 -16.758286 166.102079
-160.754426 -17.655102 164.629021
-161.767254 -18.551919 163.155963
-162.780082 -19.448735 161.682905
-29.145595 -217.732586 115.757361
-30.207778 -218.287231 114.156069
-31.269960 -218.841876 112.554776
-32.332143 -219.396522 110.953484
-33.394326 -219.951167 109.352192
-34.456509 -220.505812 107.750900
-35.518691 -221.060457 106.149608
-36.580874 -221.615102 104.548315
-37.643057 -222.169747 102.947023
-38.705240 -222.724392 101.345731
-39.767422 -223.279037 99.744439
-40.829605 -223.833682 98.143147
-41.891788 -224.388327 96.541855
-42.953971 -224.942973 94.940562
-44.016153 -225.497618 93.339270
-45.078336 -226.052263 91.737978
-46.140519 -226.606908 90.136686
-47.202702 -227.161553 88.535394
-48.264884 -227.716198 86.934101
-49.327067 -228.270843 85.332809
-50.389250 -228.825488 83.731517
-51.451432 -229.380133 82.130225
-52.513615 -229.934778 80.528933
-53.575798 -230.489423 78.927641
-54.637981 -231.044069 77.326348
-55.700163 -231.598714 75.725056
-56.762346 -232.153359 74.123764
-57.824529 -232.708004 72.522472
-58.886712 -233.262649 70.921180
-59.948894 -233.817294 69.319887
-61.011077 -234.371939 67.718595
-62.073260 -234.926584 66.117303
-63.135443 -235.481229 64.516011
-64.197625 -236.035874 62.914719
-65.259808 -236.590519 61.313427
-66.321991 -237.145165 59.712134
-67.384174 -237.699810 58.110842
-68.446356 -238.254455 56.509550
-69.508539 -238.809100 54.908258
-70.570722 -239.363745 53.306966
-71.632905 -239.918390 51.705673
-72.695087 -240.473035 50.104381
-73.757270 -241.027680 48.503089
-74.819453 -241.582325 46.901797
-75.881635 -242.136970 45.300505
-76.943818 -242.691615 43.699213
-78.006001 -243.246261 42.097920
-79.068184 -243.800906 40.496628
-80.130366 -244.355551 38.895336
-81.192549 -244.910196 37.294044
-82.254732 -245.464841 35.692752
-83.316915 -246.019486 34.091459
-84.379097 -246.574131 32.490167
-85.441280 -247.128776 30.888875
-86.503463 -247.683421 29.287583
-87.565646 -248.238066 27.686291
-88.627828 -248.792712 26.084999
-89.690011 -249.347357 24.483706
-90.752194 -249.902002 22.882414
-91.814377 -250.456647 21.281122
-92.876559 -251.011292 19.679830
-93.938742 -251.565937 18.078538
-95.000925 -252.120582 16.477245
-96.063108 -252.675227 14.875953
-97.125290 -253.229872 13.274661
-98.187473 -253.784517 11.673369
-99.249656 -254.339162 10.072077
-100.311838 -254.893808 8.470785
-101.374021 -255.448453 6.869492
-102.436204 -256.003098 5.268200
244.424555 -164.789166 -204.748256
242.900529 -166.074813 -204.904643
241.376503 -167.360459 -205.061029
239.852477 -168.646106 -205.217416
238.328450 -169.931753 -205.373803
236.804424 -171.217399 -205.530189
235.280398 -172.503046 -205.686576
233.756372 -173.788693 -205.842962
232.232345 -175.074339 -205.999349
230.708319 -176.359986 -206.155735
229.184293 -177.645632 -206.312122
227.660267 -178.931279 -206.468508
226.136240 -180.216926 -206.624895
224.612214 -181.502572 -206.781281
223.088188 -182.788219 -206.937668
221.564162 -184.073866 -207.094055
220.040135 -185.359512 -207.250441
218.516109 -186.645159 -207.406828
216.992083 -187.930806 -207.563214
215.468057 -189.216452 -207.719601
213.944031 -190.502099 -207.875987
212.420004 -191.787746 -208.032374
210.895978 -193.073392 -208.188760
209.371952 -194.359039 -208.345147
207.847926 -195.644685 -208.501533
206.323899 -196.930332 -208.657920
204.799873 -198.215979 -208.814307
203.275847 -199.501625 -208.970693
201.751821 -200.787272 -209.127080
200.227794 -202.072919 -209.283466
198.703768 -203.358565 -209.439853
197.179742 -204.644212 -209.596239
195.655716 -205.929859 -209.752626
194.131690 -207.215505 -209.909012
192.607663 -208.501152 -210.065399
191.083637 -209.786799 -210.221785
189.559611 -211.072445 -210.378172
188.035585 -212.358092 -210.534558
186.511558 -213.643738 -210.690945
184.987532 -214.929385 -210.847332
183.463506 -216.215032 -211.003718
181.939480 -217.500678 -211.160105
180.415453 -218.786325 -211.316491
178.891427 -220.071972 -211.472878
177.367401 -221.357618 -211.629264
175.843375 -222.643265 -211.785651
174.319349 -223.928912 -211.942037
172.795322 -225.214558 -212.098424
171.271296 -226.500205 -212.254810
169.747270 -227.785852 -212.411197
168.223244 -229.071498 -212.567584
166.699217 -230.357145 -212.723970
165.175191 -231.642791 -212.880357
163.651165 -232.928438 -213.036743
162.127139 -234.214085 -213.193130
160.603112 -235.499731 -213.349516
159.079086 -236.785378 -213.505903
157.555060 -238.071025 -213.662289
156.031034 -239.356671 -213.818676
154.507007 -240.642318 -213.975062
152.982981 -241.927965 -214.131449
151.458955 -243.213611 -214.287836
149.934929 -244.499258 -214.444222
148.410903 -245.784905 -214.600609
146.886876 -247.070551 -214.756995
145.362850 -248.356198 -214.913382
143.838824 -249.641844 -215.069768
142.314798 -250.927491 -215.226155
140.790771 -252.213138 -215.382541
139.266745 -253.498784 -215.538928
45.881170 -138.593257 269.650758
44.018086 -139.320473 269.642065
42.155002 -140.047689 269.633373
40.291919 -140.774905 269.624681
38.428835 -141.502120 269.615989
36.565751 -142.229336 269.607297
34.702667 -142.956552 269.598605
32.839583 -143.683767 269.589912
30.976499 -144.410983 269.581220
29.113415 -145.138199 269.572528
27.250331 -145.865415 269.563836
25.387247 -146.592630 269.555144
23.524163 -147.319846 269.546452
21.661079 -148.047062 269.537760
19.797995 -148.774278 269.529067
17.934911 -149.501493 269.520375
16.071827 -150.228709 269.511683
14.208744 -150.955925 269.502991
12.345660 -151.683140 269.494299
10.482576 -152.410356 269.485607
8.619492 -153.137572 269.476915
6.756408 -153.864788 269.468222
4.893324 -154.592003 269.459530
3.030240 -155.319219 269.450838
1.167156 -156.046435 269.442146
-0.695928 -156.773651 269.433454
-2.559012 -157.500866 269.424762
-4.422096 -158.228082 269.416069
-6.285180 -158.955298 269.407377
-8.148264 -159.682513 269.398685
-10.011348 -160.409729 269.389993
-11.874431 -161.136945 269.381301
-13.737515 -161.864161 269.372609
-15.600599 -162.591376 269.363917
-17.463683 -163.318592 269.355224
-19.326767 -164.045808 269.346532
-21.189851 -164.773024 269.337840
-23.052935 -165.500239 269.329148
-24.916019 -166.227455 269.320456
-26.779103 -166.954671 269.311764
-28.642187 -167.681887 269.303071
-30.505271 -168.409102 269.294379
-32.368355 -169.136318 269.285687
-34.231439 -169.863534 269.276995
-36.094523 -170.590749 269.268303
-37.957606 -171.317965 269.259611
-39.820690 -172.045181 269.250919
-41.683774 -172.772397 269.242226
-43.546858 -173.499612 269.233534
-45.409942 -174.226828 269.224842
-47.273026 -174.954044 269.216150
-49.136110 -175.681260 269.207458
-50.999194 -176.408475 269.198766
-52.862278 -177.135691 269.190074
-54.725362 -177.862907 269.181381
-56.588446 -178.590122 269.172689
-58.451530 -179.317338 269.163997
-60.314614 -180.044554 269.155305
-62.177698 -180.771770 269.146613
-64.040782 -181.498985 269.137921
-65.903865 -182.226201 269.129228
-67.766949 -182.953417 269.120536
-69.630033 -183.680633 269.111844
-71.493117 -184.407848 269.103152
-73.356201 -185.135064 269.094460
-75.219285 -185.862280 269.085768
-77.082369 -186.589495 269.077076
-78.945453 -187.316711 269.068383
-80.808537 -188.043927 269.059691
-82.671621 -188.771143 269.050999
-131.738483 162.028738 199.252769
-130.056266 163.108991 199.196214
-128.374048 164.189244 199.139659
-126.691831 165.269497 199.083104
-125.009614 166.349750 199.026549
-123.327397 167.430003 198.969994
-121.645179 168.510256 198.913438
-119.962962 169.590509 198.856883
-118.280745 170.670762 198.800328
-116.598527 171.751015 198.743773
-114.916310 172.831268 198.687218
-113.234093 173.911520 198.630663
-111.551875 174.991773 198.574108
-109.869658 176.072026 198.517553
-108.187441 177.152279 198.460998
-106.505223 178.232532 198.404443
-104.823006 179.312785 198.347888
-103.140789 180.393038 198.291333
-101.458571 181.473291 198.234777
-99.776354 182.553544 198.178222
-98.094137 183.633797 198.121667
-96.411919 184.714050 198.065112
-94.729702 185.794303 198.008557
-93.047485 186.874556 197.952002
-91.365267 187.954809 197.895447
-89.683050 189.035062 197.838892
-88.000833 190.115315 197.782337
-86.318615 191.195567 197.725782
-84.636398 192.275820 197.669227
-82.954181 193.356073 197.612671
-81.271964 194.436326 197.556116
-79.589746 195.516579 197.499561
-77.907529 196.596832 197.443006
-76.225312 197.677085 197.386451
-74.543094 198.757338 197.329896
-72.860877 199.837591 197.273341
-71.178660 200.917844 197.216786
-69.496442 201.998097 197.160231
-67.814225 203.078350 197.103676
-66.132008 204.158603 197.047121
-64.449790 205.238856 196.990566
-62.767573 206.319109 196.934010
-61.085356 207.399362 196.877455
-59.403138 208.479615 196.820900
-57.720921 209.559867 196.764345
-56.038704 210.640120 196.707790
-54.356486 211.720373 196.651235
-52.674269 212.800626 196.594680
-50.992052 213.880879 196.538125
-49.309834 214.961132 196.481570
-47.627617 216.041385 196.425015
-45.945400 217.121638 196.368460
-44.263182 218.201891 196.311905
-42.580965 219.282144 196.255349
-40.898748 220.362397 196.198794
-39.216531 221.442650 196.142239
-37.534313 222.522903 196.085684
-35.852096 223.603156 196.029129
-34.169879 224.683409 195.972574
-32.487661 225.763662 195.916019
-30.805444 226.843914 195.859464
-29.123227 227.924167 195.802909
-27.441009 229.004420 195.746354
-25.758792 230.084673 195.689799
-24.076575 231.164926 195.633243
-22.394357 232.245179 195.576688
-20.712140 233.325432 195.520133
-19.029923 234.405685 195.463578
-17.347705 235.485938 195.407023
-15.665488 236.566191 195.350468
121.833105 -33.932463 -235.291716
120.453524 -35.055195 -234.377261
119.073942 -36.177927 -233.462806
117.694361 -37.300659 -232.548351
116.314780 -38.423391 -231.633895
114.935199 -39.546123 -230.719440
113.555617 -40.668855 -229.804985
112.176036 -41.791587 -228.890530
110.796455 -42.914319 -227.976075
109.416874 -44.037051 -227.061620
108.037292 -45.159783 -226.147164
106.657711 -46.282515 -225.232709
105.278130 -47.405248 -224.318254
103.898549 -48.527980 -223.403799
102.518967 -49.650712 -222.489344
101.139386 -50.773444 -221.574889
99.759805 -51.896176 -220.660434
98.380223 -53.018908 -219.745978
97.000642 -54.141640 -218.831523
95.621061 -55.264372 -217.917068
94.241480 -56.387104 -217.002613
92.861898 -57.509836 -216.088158
91.482317 -58.632568 -215.173703
90.102736 -59.755300 -214.259247
88.723155 -60.878032 -213.344792
87.343573 -62.000764 -212.430337
85.963992 -63.123496 -211.515882
84.584411 -64.246228 -210.601427
83.204829 -65.368961 -209.686972
81.825248 -66.491693 -208.772517
80.445667 -67.614425 -207.858061
79.066086 -68.737157 -206.943606
77.686504 -69.859889 -206.029151
76.306923 -70.982621 -205.114696
74.927342 -72.105353 -204.200241
73.547761 -73.228085 -203.285786
72.168179 -74.350817 -202.371330
70.788598 -75.473549 -201.456875
69.409017 -76.596281 -200.542420
68.029435 -77.719013 -199.627965
66.649854 -78.841745 -198.713510
65.270273 -79.964477 -197.799055
63.890692 -81.087209 -196.884600
62.511110 -82.209941 -195.970144
61.131529 -83.332674 -195.055689
59.751948 -84.455406 -194.141234
58.372367 -85.578138 -193.226779
56.992785 -86.700870 -192.312324
55.613204 -87.823602 -191.397869
54.233623 -88.946334 -190.483413
52.854041 -90.069066 -189.568958
51.474460 -91.191798 -188.654503
50.094879 -92.314530 -187.740048
48.715298 -93.437262 -186.825593
47.335716 -94.559994 -185.911138
45.956135 -95.682726 -184.996683
44.576554 -96.805458 -184.082227
43.196973 -97.928190 -183.167772
41.817391 -99.050922 -182.253317
40.437810 -100.173655 -181.338862
39.058229 -101.296387 -180.424407
37.678648 -102.419119 -179.509952
36.299066 -103.541851 -178.595496
34.919485 -104.664583 -177.681041
33.539904 -105.787315 -176.766586
32.160322 -106.910047 -175.852131
30.780741 -108.032779 -174.937676
29.401160 -109.155511 -174.023221
28.021579 -110.278243 -173.108766
26.641997 -111.400975 -172.194310
135.655108 -60.858890 247.919918
136.344404 -58.989507 248.093930
137.033700 -57.120125 248.267941
137.722996 -55.250742 248.441952
138.412292 -53.381360 248.615964
139.101588 -51.511977 248.789975
139.790884 -49.642595 248.963986
140.480180 -47.773212 249.137997
141.169476 -45.903830 249.312009
141.858772 -44.034447 249.486020
142.548069 -42.165065 249.660031
143.237365 -40.295682 249.834043
143.926661 -38.426300 250.008054
144.615957 -36.556917 250.182065
145.305253 -34.687535 250.356077
145.994549 -32.818152 250.530088
146.683845 -30.948770 250.704099
147.373141 -29.079387 250.878111
148.062437 -27.210005 251.052122
148.751733 -25.340622 251.226133
149.441030 -23.471240 251.400144
150.130326 -21.601857 251.574156
150.819622 -19.732475 251.748167
151.508918 -17.863092 251.922178
152.198214 -15.993710 252.096190
152.887510 -14.124327 252.270201
153.576806 -12.254945 252.444212
154.266102 -10.385562 252.618224
154.955398 -8.516180 252.792235
155.644694 -6.646797 252.966246
156.333991 -4.777415 253.140257
157.023287 -2.908032 253.314269
157.712583 -1.038650 253.488280
158.401879 0.830733 253.662291
159.091175 2.700115 253.836303
159.780471 4.569498 254.010314
160.469767 6.438880 254.184325
161.159063 8.308263 254.358337
161.848359 10.177645 254.532348
162.537655 12.047028 254.706359
163.226951 13.916410 254.880371
163.916248 15.785793 255.054382
164.605544 17.655175 255.228393
165.294840 19.524558 255.402404
165.984136 21.393940 255.576416
166.673432 23.263323 255.750427
167.362728 25.132705 255.924438
168.052024 27.002088 256.098450
168.741320 28.871470 256.272461
169.430616 30.740853 256.446472
170.119912 32.610235 256.620484
170.809209 34.479618 256.794495
171.498505 36.349000 256.968506
172.187801 38.218383 257.142517
172.877097 40.087765 257.316529
173.566393 41.957148 257.490540
174.255689 43.826530 257.664551
174.944985 45.695913 257.838563
175.634281 47.565295 258.012574
176.323577 49.434678 258.186585
177.012873 51.304060 258.360597
177.702170 53.173443 258.534608
178.391466 55.042825 258.708619
179.080762 56.912208 258.882631
179.770058 58.781590 259.056642
180.459354 60.650973 259.230653
181.148650 62.520355 259.404664
181.837946 64.389738 259.578676
182.527242 66.259120 259.752687
183.216538 68.128503 259.926698
129.273724 104.840063 -30.413005
129.148488 103.098903 -29.436952
129.023252 101.357744 -28.460899
128.898016 99.616584 -27.484847
128.772779 97.875424 -26.508794
128.647543 96.134265 -25.532741
128.522307 94.393105 -24.556688
128.397071 92.651945 -23.580636
128.271835 90.910786 -22.604583
128.146599 89.169626 -21.628530
128.021363 87.428466 -20.652478
127.896127 85.687307 -19.676425
127.770891 83.946147 -18.700372
127.645655 82.204987 -17.724319
127.520419 80.463828 -16.748267
127.395183 78.722668 -15.772214
127.269947 76.981508 -14.796161
127.144711 75.240349 -13.820109
127.019475 73.499189 -12.844056
126.894239 71.758029 -11.868003
126.769003 70.016869 -10.891950
126.643767 68.275710 -9.915898
126.518531 66.534550 -8.939845
126.393295 64.793390 -7.963792
126.268058 63.052231 -6.987740
126.142822 61.311071 -6.011687
126.017586 59.569911 -5.035634
125.892350 57.828752 -4.059581
125.767114 56.087592 -3.083529
125.641878 54.346432 -2.107476
125.516642 52.605273 -1.131423
125.391406 50.864113 -0.155371
125.266170 49.122953 0.820682
125.140934 47.381794 1.796735
125.015698 45.640634 2.772787
124.890462 43.899474 3.748840
124.765226 42.158315 4.724893
124.639990 40.417155 5.700946
124.514754 38.675995 6.676998
124.389518 36.934836 7.653051
124.264282 35.193676 8.629104
124.139046 33.452516 9.605156
124.013810 31.711356 10.581209
123.888574 29.970197 11.557262
123.763337 28.229037 12.533315
123.638101 26.487877 13.509367
123.512865 24.746718 14.485420
123.387629 23.005558 15.461473
123.262393 21.264398 16.437525
123.137157 19.523239 17.413578
123.011921 17.782079 18.389631
122.886685 16.040919 19.365684
122.761449 14.299760 20.341736
122.636213 12.558600 21.317789
122.510977 10.817440 22.293842
122.385741 9.076281 23.269894
122.260505 7.335121 24.245947
122.135269 5.593961 25.222000
122.010033 3.852802 26.198053
121.884797 2.111642 27.174105
121.759561 0.370482 28.150158
121.634325 -1.370678 29.126211
121.509089 -3.111837 30.102263
121.383853 -4.852997 31.078316
121.258617 -6.594157 32.054369
121.133380 -8.335316 33.030421
121.008144 -10.076476 34.006474
120.882908 -11.817636 34.982527
120.757672 -13.558795 35.958580
120.632436 -15.299955 36.934632
-45.668531 200.073753 -119.627243
-44.044958 201.006423 -118.924294
-42.421384 201.939093 -118.221345
-40.797811 202.871762 -117.518396
-39.174238 203.804432 -116.815447
-37.550665 204.737102 -116.112498
-35.927092 205.669772 -115.409549
-34.303518 206.602441 -114.706600
-32.679945 207.535111 -114.003651
-31.056372 208.467781 -113.300702
-29.432799 209.400450 -112.597753
-27.809225 210.333120 -111.894804
-26.185652 211.265790 -111.191855
-24.562079 212.198459 -110.488906
-22.938506 213.131129 -109.785957
-21.314933 214.063799 -109.083008
-19.691359 214.996468 -108.380059
-18.067786 215.929138 -107.677110
-16.444213 216.861808 -106.974161
-14.820640 217.794477 -106.271212
-13.197066 218.727147 -105.568263
-11.573493 219.659817 -104.865314
-9.949920 220.592486 -104.162365
-8.326347 221.525156 -103.459416
-6.702774 222.457826 -102.756467
-5.079200 223.390495 -102.053518
-3.455627 224.323165 -101.350569
-1.832054 225.255835 -100.647620
-0.208481 226.188504 -99.944671
1.415093 227.121174 -99.241722
3.038666 228.053844 -98.538773
4.662239 228.986513 -97.835824
6.285812 229.919183 -97.132875
7.909385 230.851853 -96.429926
9.532959 231.784522 -95.726977
11.156532 232.717192 -95.024028
12.780105 233.649862 -94.321079
14.403678 234.582531 -93.618130
16.027251 235.515201 -92.915181
17.650825 236.447871 -92.212232
19.274398 237.380541 -91.509283
20.897971 238.313210 -90.806334
22.521544 239.245880 -90.103385
24.145118 240.178550 -89.400436
25.768691 241.111219 -88.697487
27.392264 242.043889 -87.994538
29.015837 242.976559 -87.291589
30.639410 243.909228 -86.588640
32.262984 244.841898 -85.885691
33.886557 245.774568 -85.182742
35.510130 246.707237 -84.479793
37.133703 247.639907 -83.776844
38.757277 248.572577 -83.073895
40.380850 249.505246 -82.370946
42.004423 250.437916 -81.667997
43.627996 251.370586 -80.965048
45.251569 252.303255 -80.262099
46.875143 253.235925 -79.559151
48.498716 254.168595 -78.856202
50.122289 255.101264 -78.153253
51.745862 256.033934 -77.450304
53.369436 256.966604 -76.747355
54.993009 257.899273 -76.044406
56.616582 258.831943 -75.341457
58.240155 259.764613 -74.638508
59.863728 260.697282 -73.935559
61.487302 261.629952 -73.232610
63.110875 262.562622 -72.529661
64.734448 263.495291 -71.826712
66.358021 264.427961 -71.123763
-249.934607 21.056751 170.324919
-248.169914 20.232948 170.780121
-246.405221 19.409146 171.235323
-244.640529 18.585343 171.690526
-242.875836 17.761540 172.145728
-241.111143 16.937738 172.600930
-239.346451 16.113935 173.056132
-237.581758 15.290133 173.511334
-235.817065 14.466330 173.966536
-234.052373 13.642527 174.421738
-232.287680 12.818725 174.876940
-230.522987 11.994922 175.332143
-228.758295 11.171119 175.787345
-226.993602 10.347317 176.242547
-225.228909 9.523514 176.697749
-223.464217 8.699711 177.152951
-221.699524 7.875909 177.608153
-219.934831 7.052106 178.063355
-218.170139 6.228304 178.518557
-216.405446 5.404501 178.973759
-214.640753 4.580698 179.428962
-212.876061 3.756896 179.884164
-211.111368 2.933093 180.339366
-209.346675 2.109290 180.794568
-207.581982 1.285488 181.249770
-205.817290 0.461685 181.704972
-204.052597 -0.362117 182.160174
-202.287904 -1.185920 182.615376
-200.523212 -2.009723 183.070578
-198.758519 -2.833525 183.525781
-196.993826 -3.657328 183.980983
-195.229134 -4.481131 184.436185
-193.464441 -5.304933 184.891387
-191.699748 -6.128736 185.346589
-189.935056 -6.952539 185.801791
-188.170363 -7.776341 186.256993
-186.405670 -8.600144 186.712195
-184.640978 -9.423946 187.167397
-182.876285 -10.247749 187.622600
-181.111592 -11.071552 188.077802
-179.346900 -11.895354 188.533004
-177.582207 -12.719157 188.988206
-175.817514 -13.542960 189.443408
-174.052822 -14.366762 189.898610
-172.288129 -15.190565 190.353812
-170.523436 -16.014368 190.809014
-168.758744 -16.838170 191.264216
-166.994051 -17.661973 191.719419
-165.229358 -18.485775 192.174621
-163.464665 -19.309578 192.629823
-161.699973 -20.133381 193.085025
-159.935280 -20.957183 193.540227
-158.170587 -21.780986 193.995429
-156.405895 -22.604789 194.450631
-154.641202 -23.428591 194.905833
-152.876509 -24.252394 195.361035
-151.111817 -25.076197 195.816238
-149.347124 -25.899999 196.271440
-147.582431 -26.723802 196.726642
-145.817739 -27.547604 197.181844
-144.053046 -28.371407 197.637046
-142.288353 -29.195210 198.092248
-140.523661 -30.019012 198.547450
-138.758968 -30.842815 199.002652
-136.994275 -31.666618 199.457854
-135.229583 -32.490420 199.913057
-133.464890 -33.314223 200.368259
-131.700197 -34.138025 200.823461
-129.935505 -34.961828 201.278663
-128.170812 -35.785631 201.733865
-216.149075 -96.045025 -98.206132
-214.378729 -96.200481 -99.123579
-212.608383 -96.355937 -100.041025
-210.838037 -96.511393 -100.958472
-209.067691 -96.666849 -101.875919
-207.297345 -96.822305 -102.793365
-205.526999 -96.977761 -103.710812
-203.756653 -97.133217 -104.628258
-201.986307 -97.288673 -105.545705
-200.215961 -97.444129 -106.463151
-198.445614 -97.599585 -107.380598
-196.675268 -97.755041 -108.298045
-194.904922 -97.910497 -109.215491
-193.134576 -98.065953 -110.132938
-191.364230 -98.221409 -111.050384
-189.593884 -98.376865 -111.967831
-187.823538 -98.532321 -112.885277
-186.053192 -98.687777 -113.802724
-184.282846 -98.843233 -114.720171
-182.512500 -98.998689 -115.637617
-180.742154 -99.154145 -116.555064
-178.971808 -99.309601 -117.472510
-177.201462 -99.465057 -118.389957
-175.431115 -99.620513 -119.307403
-173.660769 -99.775969 -120.224850
-171.890423 -99.931425 -121.142297
-170.120077 -100.086881 -122.059743
-168.349731 -100.242337 -122.977190
-166.579385 -100.397793 -123.894636
-164.809039 -100.553249 -124.812083
-163.038693 -100.708705 -125.729529
-161.268347 -100.864161 -126.646976
-159.498001 -101.019617 -127.564423
-157.727655 -101.175073 -128.481869
-155.957309 -101.330529 -129.399316
-154.186963 -101.485986 -130.316762
-152.416617 -101.641442 -131.234209
-150.646270 -101.796898 -132.151655
-148.875924 -101.952354 -133.069102
-147.105578 -102.107810 -133.986549
-145.335232 -102.263266 -134.903995
-143.564886 -102.418722 -135.821442
-141.794540 -102.574178 -136.738888
-140.024194 -102.729634 -137.656335
-138.253848 -102.885090 -138.573781
-136.483502 -103.040546 -139.491228
-134.713156 -103.196002 -140.408675
-132.942810 -103.351458 -141.326121
-131.172464 -103.506914 -142.243568
-129.402118 -103.662370 -143.161014
-127.631772 -103.817826 -144.078461
-125.861425 -103.973282 -144.995907
-124.091079 -104.128738 -145.913354
-122.320733 -104.284194 -146.830801
-120.550387 -104.439650 -147.748247
-118.780041 -104.595106 -148.665694
-117.009695 -104.750562 -149.583140
-115.239349 -104.906018 -150.500587
-113.469003 -105.061474 -151.418033
-111.698657 -105.216930 -152.335480
-109.928311 -105.372386 -153.252927
-108.157965 -105.527842 -154.170373
-106.387619 -105.683298 -155.087820
-104.617273 -105.838754 -156.005266
-102.846927 -105.994210 -156.922713
-101.076580 -106.149666 -157.840159
-99.306234 -106.305122 -158.757606
-97.535888 -106.460578 -159.675053
-95.765542 -106.616034 -160.592499
-93.995196 -106.771490 -161.509946
-220.891967 -62.052124 153.754403
-219.040780 -62.280910 154.476043
-217.189593 -62.509696 155.197682
-215.338406 -62.738483 155.919321
-213.487219 -62.967269 156.640961
-211.636032 -63.196055 157.362600
-209.784845 -63.424841 158.084240
-207.933658 -63.653628 158.805879
-206.082471 -63.882414 159.527519
-204.231284 -64.111200 160.249158
-202.380097 -64.339987 160.970797
-200.528910 -64.568773 161.692437
-198.677723 -64.797559 162.414076
-196.826536 -65.026345 163.135716
-194.975349 -65.255132 163.857355
-193.124162 -65.483918 164.578995
-191.272975 -65.712704 165.300634
-189.421788 -65.941490 166.022274
-187.570601 -66.170277 166.743913
-185.719414 -66.399063 167.465552
-183.868227 -66.627849 168.187192
-182.017040 -66.856635 168.908831
-180.165853 -67.085422 169.630471
-178.314666 -67.314208 170.352110
-176.463479 -67.542994 171.073750
-174.612292 -67.771780 171.795389
-172.761105 -68.000567 172.517028
-170.909918 -68.229353 173.238668
-169.058731 -68.458139 173.960307
-167.207544 -68.686925 174.681947
-165.356357 -68.915712 175.403586
-163.505170 -69.144498 176.125226
-161.653983 -69.373284 176.846865
-159.802796 -69.602070 177.568505
-157.951609 -69.830857 178.290144
-156.100422 -70.059643 179.011783
-154.249235 -70.288429 179.733423
-152.398048 -70.517215 180.455062
-150.546861 -70.746002 181.176702
-148.695674 -70.974788 181.898341
-146.844487 -71.203574 182.619981
-144.993300 -71.432360 183.341620
-143.142113 -71.661147 184.063259
-141.290926 -71.889933 184.784899
-139.439739 -72.118719 185.506538
-137.588552 -72.347505 186.228178
-135.737365 -72.576292 186.949817
-133.886178 -72.805078 187.671457
-132.034991 -73.033864 188.393096
-130.183804 -73.262650 189.114736
-128.332617 -73.491437 189.836375
-126.481430 -73.720223 190.558014
-124.630242 -73.949009 191.279654
-122.779055 -74.177795 192.001293
-120.927868 -74.406582 192.722933
-119.076681 -74.635368 193.444572
-117.225494 -74.864154 194.166212
-115.374307 -75.092941 194.887851
-113.523120 -75.321727 195.609490
-111.671933 -75.550513 196.331130
-109.820746 -75.779299 197.052769
-107.969559 -76.008086 197.774409
-106.118372 -76.236872 198.496048
-104.267185 -76.465658 199.217688
-102.415998 -76.694444 199.939327
-100.564811 -76.923231 200.660967
-98.713624 -77.152017 201.382606
-96.862437 -77.380803 202.104245
-95.011250 -77.609589 202.825885
-93.160063 -77.838376 203.547524
108.764077 -99.401957 237.245486
109.980709 -100.985494 237.134965
111.197342 -102.569031 237.024445
112.413975 -104.152569 236.913924
113.630607 -105.736106 236.803404
114.847240 -107.319643 236.692884
116.063872 -108.903181 236.582363
117.280505 -110.486718 236.471843
118.497138 -112.070255 236.361322
119.713770 -113.653792 236.250802
120.930403 -115.237330 236.140282
122.147036 -116.820867 236.029761
123.363668 -118.404404 235.919241
124.580301 -119.987942 235.808720
125.796933 -121.571479 235.698200
127.013566 -123.155016 235.587680
128.230199 -124.738554 235.477159
129.446831 -126.322091 235.366639
130.663464 -127.905628 235.256118
131.880096 -129.489165 235.145598
133.096729 -131.072703 235.035078
134.313362 -132.656240 234.924557
135.529994 -134.239777 234.814037
136.746627 -135.823315 234.703516
137.963259 -137.406852 234.592996
139.179892 -138.990389 234.482476
140.396525 -140.573926 234.371955
141.613157 -142.157464 234.261435
142.829790 -143.741001 234.150914
144.046422 -145.324538 234.040394
145.263055 -146.908076 233.929874
146.479688 -148.491613 233.819353
147.696320 -150.075150 233.708833
148.912953 -151.658687 233.598312
150.129585 -153.242225 233.487792
151.346218 -154.825762 233.377271
152.562851 -156.409299 233.266751
153.779483 -157.992837 233.156231
154.996116 -159.576374 233.045710
156.212748 -161.159911 232.935190
157.429381 -162.743448 232.824669
158.646014 -164.326986 232.714149
159.862646 -165.910523 232.603629
161.079279 -167.494060 232.493108
162.295912 -169.077598 232.382588
163.512544 -170.661135 232.272067
164.729177 -172.244672 232.161547
165.945809 -173.828209 232.051027
167.162442 -175.411747 231.940506
168.379075 -176.995284 231.829986
169.595707 -178.578821 231.719465
170.812340 -180.162359 231.608945
172.028972 -181.745896 231.498425
173.245605 -183.329433 231.387904
174.462238 -184.912970 231.277384
175.678870 -186.496508 231.166863
176.895503 -188.080045 231.056343
178.112135 -189.663582 230.945823
179.328768 -191.247120 230.835302
180.545401 -192.830657 230.724782
181.762033 -194.414194 230.614261
182.978666 -195.997731 230.503741
184.195298 -197.581269 230.393221
185.411931 -199.164806 230.282700
186.628564 -200.748343 230.172180
187.845196 -202.331881 230.061659
189.061829 -203.915418 229.951139
190.278461 -205.498955 229.840619
191.495094 -207.082492 229.730098
192.711727 -208.666030 229.619578
193.311739 208.456736 94.105727
193.749604 206.521172 93.856999
194.187470 204.585608 93.608270
194.625336 202.650044 93.359542
195.063201 200.714480 93.110813
195.501067 198.778917 92.862085
195.938933 196.843353 92.613356
196.376798 194.907789 92.364628
196.814664 192.972225 92.115899
197.252530 191.036661 91.867171
197.690395 189.101097 91.618442
198.128261 187.165533 91.369714
198.566127 185.229969 91.120986
199.003992 183.294405 90.872257
199.441858 181.358841 90.623529
199.879724 179.423277 90.374800
200.317589 177.487713 90.126072
200.755455 175.552149 89.877343
201.193321 173.616585 89.628615
201.631186 171.681021 89.379886
202.069052 169.745457 89.131158
202.506918 167.809893 88.882429
202.944783 165.874329 88.633701
203.382649 163.938765 88.384972
203.820514 162.003201 88.136244
204.258380 160.067637 87.887515
204.696246 158.132074 87.638787
205.134111 156.196510 87.390058
205.571977 154.260946 87.141330
206.009843 152.325382 86.892601
206.447708 150.389818 86.643873
206.885574 148.454254 86.395145
207.323440 146.518690 86.146416
207.761305 144.583126 85.897688
208.199171 142.647562 85.648959
208.637037 140.711998 85.400231
209.074902 138.776434 85.151502
209.512768 136.840870 84.902774
209.950634 134.905306 84.654045
210.388499 132.969742 84.405317
210.826365 131.034178 84.156588
211.264231 129.098614 83.907860
211.702096 127.163050 83.659131
212.139962 125.227486 83.410403
212.577828 123.291922 83.161674
213.015693 121.356358 82.912946
213.453559 119.420795 82.664217
213.891425 117.485231 82.415489
214.329290 115.549667 82.166760
214.767156 113.614103 81.918032
215.205022 111.678539 81.669304
215.642887 109.742975 81.420575
216.080753 107.807411 81.171847
216.518619 105.871847 80.923118
216.956484 103.936283 80.674390
217.394350 102.000719 80.425661
217.832216 100.065155 80.176933
218.270081 98.129591 79.928204
218.707947 96.194027 79.679476
219.145813 94.258463 79.430747
219.583678 92.322899 79.182019
220.021544 90.387335 78.933290
220.459410 88.451771 78.684562
220.897275 86.516207 78.435833
221.335141 84.580643 78.187105
221.773007 82.645079 77.938376
222.210872 80.709515 77.689648
222.648738 78.773952 77.440919
223.086604 76.838388 77.192191
223.524469 74.902824 76.943462
47.123057 -89.055887 -3.193838
48.568877 -90.270729 -2.535232
50.014697 -91.485572 -1.876625
51.460517 -92.700414 -1.218019
52.906337 -93.915256 -0.559412
54.352158 -95.130099 0.099194
55.797978 -96.344941 0.757801
57.243798 -97.559783 1.416407
58.689618 -98.774626 2.075013
60.135438 -99.989468 2.733620
61.581258 -101.204310 3.392226
63.027078 -102.419153 4.050833
64.472898 -103.633995 4.709439
65.918718 -104.848837 5.368046
67.364538 -106.063680 6.026652
68.810358 -107.278522 6.685259
70.256178 -108.493364 7.343865
71.701998 -109.708206 8.002471
73.147818 -110.923049 8.661078
74.593639 -112.137891 9.319684
76.039459 -113.352733 9.978291
77.485279 -114.567576 10.636897
78.931099 -115.782418 11.295504
80.376919 -116.997260 11.954110
81.822739 -118.212103 12.612717
83.268559 -119.426945 13.271323
84.714379 -120.641787 13.929929
86.160199 -121.856630 14.588536
87.606019 -123.071472 15.247142
89.051839 -124.286314 15.905749
90.497659 -125.501157 16.564355
91.943479 -126.715999 17.222962
93.389299 -127.930841 17.881568
94.835120 -129.145684 18.540174
96.280940 -130.360526 19.198781
97.726760 -131.575368 19.857387
99.172580 -132.790211 20.515994
100.618400 -134.005053 21.174600
102.064220 -135.219895 21.833207
103.510040 -136.434738 22.491813
104.955860 -137.649580 23.150420
106.401680 -138.864422 23.809026
107.847500 -140.079265 24.467632
109.293320 -141.294107 25.126239
110.739140 -142.508949 25.784845
112.184960 -143.723792 26.443452
113.630780 -144.938634 27.102058
115.076601 -146.153476 27.760665
116.522421 -147.368319 28.419271
117.968241 -148.583161 29.077878
119.414061 -149.798003 29.736484
120.859881 -151.012846 30.395090
122.305701 -152.227688 31.053697
123.751521 -153.442530 31.712303
125.197341 -154.657373 32.370910
126.643161 -155.872215 33.029516
128.088981 -157.087057 33.688123
129.534801 -158.301900 34.346729
130.980621 -159.516742 35.005336
132.426441 -160.731584 35.663942
133.872261 -161.946426 36.322548
135.318082 -163.161269 36.981155
136.763902 -164.376111 37.639761
138.209722 -165.590953 38.298368
139.655542 -166.805796 38.956974
141.101362 -168.020638 39.615581
142.547182 -169.235480 40.274187
143.993002 -170.450323 40.932794
145.438822 -171.665165 41.591400
146.884642 -172.880007 42.250006
-128.673631 -227.471112 -260.918204
-128.780414 -227.912302 -258.970398
-128.887197 -228.353492 -257.022592
-128.993981 -228.794682 -255.074785
-129.100764 -229.235872 -253.126979
-129.207547 -229.677062 -251.179173
-129.314330 -230.118252 -249.231367
-129.421113 -230.559442 -247.283561
-129.527897 -231.000631 -245.335755
-129.634680 -231.441821 -243.387949
-129.741463 -231.883011 -241.440142
-129.848246 -232.324201 -239.492336
-129.955029 -232.765391 -237.544530
-130.061813 -233.206581 -235.596724
-130.168596 -233.647771 -233.648918
-130.275379 -234.088961 -231.701112
-130.382162 -234.530151 -229.753306
-130.488946 -234.971341 -227.805499
-130.595729 -235.412531 -225.857693
-130.702512 -235.853721 -223.909887
-130.809295 -236.294911 -221.962081
-130.916078 -236.736101 -220.014275
-131.022862 -237.177291 -218.066469
-131.129645 -237.618481 -216.118663
-131.236428 -238.059671 -214.170856
-131.343211 -238.500861 -212.223050
-131.449994 -238.942051 -210.275244
-131.556778 -239.383241 -208.327438
-131.663561 -239.824431 -206.379632
-131.770344 -240.265621 -204.431826
-131.877127 -240.706810 -202.484020
-131.983910 -241.148000 -200.536213
-132.090694 -241.589190 -198.588407
-132.197477 -242.030380 -196.640601
-132.304260 -242.471570 -194.692795
-132.411043 -242.912760 -192.744989
-132.517826 -243.353950 -190.797183
-132.624610 -243.795140 -188.849377
-132.731393 -244.236330 -186.901570
-132.838176 -244.677520 -184.953764
-132.944959 -245.118710 -183.005958
-133.051743 -245.559900 -181.058152
-133.158526 -246.001090 -179.110346
-133.265309 -246.442280 -177.162540
-133.372092 -246.883470 -175.214734
-133.478875 -247.324660 -173.266927
-133.585659 -247.765850 -171.319121
-133.692442 -248.207040 -169.371315
-133.799225 -248.648230 -167.423509
-133.906008 -249.089420 -165.475703
-134.012791 -249.530610 -163.527897
-134.119575 -249.971800 -161.580091
-134.226358 -250.412989 -159.632284
-134.333141 -250.854179 -157.684478
-134.439924 -251.295369 -155.736672
-134.546707 -251.736559 -153.788866
-134.653491 -252.177749 -151.841060
-134.760274 -252.618939 -149.893254
-134.867057 -253.060129 -147.945448
-134.973840 -253.501319 -145.997641
-135.080623 -253.942509 -144.049835
-135.187407 -254.383699 -142.102029
-135.294190 -254.824889 -140.154223
-135.400973 -255.266079 -138.206417
-135.507756 -255.707269 -136.258611
-135.614540 -256.148459 -134.310805
-135.721323 -256.589649 -132.362998
-135.828106 -257.030839 -130.415192
-135.934889 -257.472029 -128.467386
-136.041672 -257.913219 -126.519580
-60.929765 262.718388 -179.212620
-61.072340 262.355264 -177.251036
-61.214916 261.992141 -175.289451
-61.357491 261.629017 -173.327867
-61.500066 261.265893 -171.366282
-61.642642 260.902770 -169.404698
-61.785217 260.539646 -167.443113
-61.927792 260.176522 -165.481529
-62.070368 259.813399 -163.519945
-62.212943 259.450275 -161.558360
-62.355519 259.087151 -159.596776
-62.498094 258.724028 -157.635191
-62.640669 258.360904 -155.673607
-62.783245 257.997781 -153.712022
-62.925820 257.634657 -151.750438
-63.068395 257.271533 -149.788854
-63.210971 256.908410 -147.827269
-63.353546 256.545286 -145.865685
-63.496121 256.182162 -143.904100
-63.638697 255.819039 -141.942516
-63.781272 255.455915 -139.980931
-63.923848 255.092791 -138.019347
-64.066423 254.729668 -136.057763
-64.208998 254.366544 -134.096178
-64.351574 254.003420 -132.134594
-64.494149 253.640297 -130.173009
-64.636724 253.277173 -128.211425
-64.779300 252.914049 -126.249840
-64.921875 252.550926 -124.288256
-65.064451 252.187802 -122.326672
-65.207026 251.824679 -120.365087
-65.349601 251.461555 -118.403503
-65.492177 251.098431 -116.441918
-65.634752 250.735308 -114.480334
-65.777327 250.372184 -112.518749
-65.919903 250.009060 -110.557165
-66.062478 249.645937 -108.595581
-66.205054 249.282813 -106.633996
-66.347629 248.919689 -104.672412
-66.490204 248.556566 -102.710827
-66.632780 248.193442 -100.749243
-66.775355 247.830318 -98.787658
-66.917930 247.467195 -96.826074
-67.060506 247.104071 -94.864490
-67.203081 246.740947 -92.902905
-67.345656 246.377824 -90.941321
-67.488232 246.014700 -88.979736
-67.630807 245.651577 -87.018152
-67.773383 245.288453 -85.056567
-67.915958 244.925329 -83.094983
-68.058533 244.562206 -81.133399
-68.201109 244.199082 -79.171814
-68.343684 243.835958 -77.210230
-68.486259 243.472835 -75.248645
-68.628835 243.109711 -73.287061
-68.771410 242.746587 -71.325476
-68.913986 242.383464 -69.363892
-69.056561 242.020340 -67.402307
-69.199136 241.657216 -65.440723
-69.341712 241.294093 -63.479139
-69.484287 240.930969 -61.517554
-69.626862 240.567846 -59.555970
-69.769438 240.204722 -57.594385
-69.912013 239.841598 -55.632801
-70.054589 239.478475 -53.671216
-70.197164 239.115351 -51.709632
-70.339739 238.752227 -49.748048
-70.482315 238.389104 -47.786463
-70.624890 238.025980 -45.824879
-70.767465 237.662856 -43.863294
145.436733 -29.954883 169.324482
144.208314 -30.874078 168.041490
142.979895 -31.793273 166.758498
141.751477 -32.712468 165.475507
140.523058 -33.631663 164.192515
139.294640 -34.550859 162.909523
138.066221 -35.470054 161.626531
136.837802 -36.389249 160.343540
135.609384 -37.308444 159.060548
134.380965 -38.227640 157.777556
133.152547 -39.146835 156.494564
131.924128 -40.066030 155.211572
130.695709 -40.985225 153.928581
129.467291 -41.904420 152.645589
128.238872 -42.823616 151.362597
127.010454 -43.742811 150.079605
125.782035 -44.662006 148.796614
124.553616 -45.581201 147.513622
123.325198 -46.500396 146.230630
122.096779 -47.419592 144.947638
120.868361 -48.338787 143.664646
119.639942 -49.257982 142.381655
118.411523 -50.177177 141.098663
117.183105 -51.096372 139.815671
115.954686 -52.015568 138.532679
114.726268 -52.934763 137.249688
113.497849 -53.853958 135.966696
112.269430 -54.773153 134.683704
111.041012 -55.692349 133.400712
109.812593 -56.611544 132.117720
108.584175 -57.530739 130.834729
107.355756 -58.449934 129.551737
106.127337 -59.369129 128.268745
104.898919 -60.288325 126.985753
103.670500 -61.207520 125.702762
102.442081 -62.126715 124.419770
101.213663 -63.045910 123.136778
99.985244 -63.965105 121.853786
98.756826 -64.884301 120.570795
97.528407 -65.803496 119.287803
96.299988 -66.722691 118.004811
95.071570 -67.641886 116.721819
93.843151 -68.561081 115.438827
92.614733 -69.480277 114.155836
91.386314 -70.399472 112.872844
90.157895 -71.318667 111.589852
88.929477 -72.237862 110.306860
87.701058 -73.157057 109.023869
86.472640 -74.076253 107.740877
85.244221 -74.995448 106.457885
84.015802 -75.914643 105.174893
82.787384 -76.833838 103.891901
81.558965 -77.753034 102.608910
80.330547 -78.672229 101.325918
79.102128 -79.591424 100.042926
77.873709 -80.510619 98.759934
76.645291 -81.429814 97.476943
75.416872 -82.349010 96.193951
74.188454 -83.268205 94.910959
72.960035 -84.187400 93.627967
71.731616 -85.106595 92.344975
70.503198 -86.025790 91.061984
69.274779 -86.944986 89.778992
68.046361 -87.864181 88.496000
66.817942 -88.783376 87.213008
65.589523 -89.702571 85.930017
64.361105 -90.621766 84.647025
63.132686 -91.540962 83.364033
61.904268 -92.460157 82.081041
60.675849 -93.379352 80.798049
268.114453 -77.194310 -58.416420
266.691186 -75.789829 -58.458202
265.267919 -74.385349 -58.499984
263.844652 -72.980869 -58.541766
262.421385 -71.576389 -58.583548
260.998117 -70.171909 -58.625330
259.574850 -68.767428 -58.667112
258.151583 -67.362948 -58.708894
256.728316 -65.958468 -58.750676
255.305049 -64.553988 -58.792458
253.881781 -63.149507 -58.834240
252.458514 -61.745027 -58.876022
251.035247 -60.340547 -58.917804
249.611980 -58.936067 -58.959586
248.188712 -57.531586 -59.001368
246.765445 -56.127106 -59.043150
245.342178 -54.722626 -59.084932
243.918911 -53.318146 -59.126714
242.495644 -51.913666 -59.168495
241.072376 -50.509185 -59.210277
239.649109 -49.104705 -59.252059
238.225842 -47.700225 -59.293841
236.802575 -46.295745 -59.335623
235.379308 -44.891264 -59.377405
233.956040 -43.486784 -59.419187
232.532773 -42.082304 -59.460969
231.109506 -40.677824 -59.502751
229.686239 -39.273343 -59.544533
228.262972 -37.868863 -59.586315
226.839704 -36.464383 -59.628097
225.416437 -35.059903 -59.669879
223.993170 -33.655423 -59.711661
222.569903 -32.250942 -59.753443
221.146635 -30.846462 -59.795225
219.723368 -29.441982 -59.837007
218.300101 -28.037502 -59.878789
216.876834 -26.633021 -59.920571
215.453567 -25.228541 -59.962353
214.030299 -23.824061 -60.004134
212.607032 -22.419581 -60.045916
211.183765 -21.015100 -60.087698
209.760498 -19.610620 -60.129480
208.337231 -18.206140 -60.171262
206.913963 -16.801660 -60.213044
205.490696 -15.397180 -60.254826
204.067429 -13.992699 -60.296608
202.644162 -12.588219 -60.338390
201.220895 -11.183739 -60.380172
199.797627 -9.779259 -60.421954
198.374360 -8.374778 -60.463736
196.951093 -6.970298 -60.505518
195.527826 -5.565818 -60.547300
194.104558 -4.161338 -60.589082
192.681291 -2.756857 -60.630864
191.258024 -1.352377 -60.672646
189.834757 0.052103 -60.714428
188.411490 1.456583 -60.756210
186.988222 2.861063 -60.797991
185.564955 4.265544 -60.839773
184.141688 5.670024 -60.881555
182.718421 7.074504 -60.923337
181.295154 8.478984 -60.965119
179.871886 9.883465 -61.006901
178.448619 11.287945 -61.048683
177.025352 12.692425 -61.090465
175.602085 14.096905 -61.132247
174.178818 15.501386 -61.174029
172.755550 16.905866 -61.215811
171.332283 18.310346 -61.257593
169.909016 19.714826 -61.299375
258.047813 96.261698 85.897018
257.296241 97.404360 87.356286
256.544670 98.547023 88.815554
255.793099 99.689685 90.274822
255.041527 100.832347 91.734090
254.289956 101.975010 93.193358
253.538385 103.117672 94.652626
252.786814 104.260334 96.111895
252.035242 105.402996 97.571163
251.283671 106.545659 99.030431
250.532100 107.688321 100.489699
249.780528 108.830983 101.948967
249.028957 109.973646 103.408235
248.277386 111.116308 104.867503
247.525814 112.258970 106.326771
246.774243 113.401633 107.786040
246.022672 114.544295 109.245308
245.271101 115.686957 110.704576
244.519529 116.829619 112.163844
243.767958 117.972282 113.623112
243.016387 119.114944 115.082380
242.264815 120.257606 116.541648
241.513244 121.400269 118.000916
240.761673 122.542931 119.460185
240.010101 123.685593 120.919453
239.258530 124.828255 122.378721
238.506959 125.970918 123.837989
237.755388 127.113580 125.297257
237.003816 128.256242 126.756525
236.252245 129.398905 128.215793
235.500674 130.541567 129.675061
234.749102 131.684229 131.134330
233.997531 132.826892 132.593598
233.245960 133.969554 134.052866
232.494388 135.112216 135.512134
231.742817 136.254878 136.971402
230.991246 137.397541 138.430670
230.239674 138.540203 139.889938
229.488103 139.682865 141.349206
228.736532 140.825528 142.808475
227.984961 141.968190 144.267743
227.233389 143.110852 145.727011
226.481818 144.253514 147.186279
225.730247 145.396177 148.645547
224.978675 146.538839 150.104815
224.227104 147.681501 151.564083
223.475533 148.824164 153.023351
222.723961 149.966826 154.482620
221.972390 151.109488 155.941888
221.220819 152.252151 157.401156
220.469248 153.394813 158.860424
219.717676 154.537475 160.319692
218.966105 155.680137 161.778960
218.214534 156.822800 163.238228
217.462962 157.965462 164.697496
216.711391 159.108124 166.156765
215.959820 160.250787 167.616033
215.208248 161.393449 169.075301
214.456677 162.536111 170.534569
213.705106 163.678773 171.993837
212.953535 164.821436 173.453105
212.201963 165.964098 174.912373
211.450392 167.106760 176.371641
210.698821 168.249423 177.830910
209.947249 169.392085 179.290178
209.195678 170.534747 180.749446
208.444107 171.677410 182.208714
207.692535 172.820072 183.667982
206.940964 173.962734 185.127250
206.189393 175.105396 186.586518
146.606851 225.192723 180.733007
144.803588 224.942549 179.904962
143.000326 224.692376 179.076918
141.197063 224.442203 178.248873
139.393801 224.192030 177.420829
137.590538 223.941857 176.592785
135.787276 223.691684 175.764740
133.984013 223.441511 174.936696
132.180750 223.191338 174.108651
130.377488 222.941164 173.280607
128.574225 222.690991 172.452563
126.770963 222.440818 171.624518
124.967700 222.190645 170.796474
123.164438 221.940472 169.968430
121.361175 221.690299 169.140385
119.557912 221.440126 168.312341
117.754650 221.189953 167.484296
115.951387 220.939779 166.656252
114.148125 220.689606 165.828208
112.344862 220.439433 165.000163
110.541599 220.189260 164.172119
108.738337 219.939087 163.344075
106.935074 219.688914 162.516030
105.131812 219.438741 161.687986
103.328549 219.188567 160.859941
101.525287 218.938394 160.031897
99.722024 218.688221 159.203853
97.918761 218.438048 158.375808
96.115499 218.187875 157.547764
94.312236 217.937702 156.719720
92.508974 217.687529 155.891675
90.705711 217.437356 155.063631
88.902449 217.187182 154.235586
87.099186 216.937009 153.407542
85.295923 216.686836 152.579498
83.492661 216.436663 151.751453
81.689398 216.186490 150.923409
79.886136 215.936317 150.095364
78.082873 215.686144 149.267320
76.279611 215.435971 148.439276
74.476348 215.185797 147.611231
72.673085 214.935624 146.783187
70.869823 214.685451 145.955143
69.066560 214.435278 145.127098
67.263298 214.185105 144.299054
65.460035 213.934932 143.471009
63.656773 213.684759 142.642965
61.853510 213.434586 141.814921
60.050247 213.184412 140.986876
58.246985 212.934239 140.158832
56.443722 212.684066 139.330788
54.640460 212.433893 138.502743
52.837197 212.183720 137.674699
51.033935 211.933547 136.846654
49.230672 211.683374 136.018610
47.427409 211.433201 135.190566
45.624147 211.183027 134.362521
43.820884 210.932854 133.534477
42.017622 210.682681 132.706433
40.214359 210.432508 131.878388
38.411096 210.182335 131.050344
36.607834 209.932162 130.222299
34.804571 209.681989 129.394255
33.001309 209.431816 128.566211
31.198046 209.181642 127.738166
29.394784 208.931469 126.910122
27.591521 208.681296 126.082078
25.788258 208.431123 125.254033
23.984996 208.180950 124.425989
22.181733 207.930777 123.597944
97.905838 -193.154357 295.799422
97.954932 -194.341845 294.190863
98.004027 -195.529333 292.582304
98.053121 -196.716821 290.973745
98.102216 -197.904308 289.365186
98.151310 -199.091796 287.756627
98.200404 -200.279284 286.148067
98.249499 -201.466772 284.539508
98.298593 -202.654260 282.930949
98.347688 -203.841747 281.322390
98.396782 -205.029235 279.713831
98.445877 -206.216723 278.105272
98.494971 -207.404211 276.496712
98.544065 -208.591698 274.888153
98.593160 -209.779186 273.279594
98.642254 -210.966674 271.671035
98.691349 -212.154162 270.062476
98.740443 -213.341649 268.453917
98.789537 -214.529137 266.845358
98.838632 -215.716625 265.236798
98.887726 -216.904113 263.628239
98.936821 -218.091600 262.019680
98.985915 -219.279088 260.411121
99.035010 -220.466576 258.802562
99.084104 -221.654064 257.194003
99.133198 -222.841552 255.585443
99.182293 -224.029039 253.976884
99.231387 -225.216527 252.368325
99.280482 -226.404015 250.759766
99.329576 -227.591503 249.151207
99.378670 -228.778990 247.542648
99.427765 -229.966478 245.934089
99.476859 -231.153966 244.325529
99.525954 -232.341454 242.716970
99.575048 -233.528941 241.108411
99.624143 -234.716429 239.499852
99.673237 -235.903917 237.891293
99.722331 -237.091405 236.282734
99.771426 -238.278892 234.674174
99.820520 -239.466380 233.065615
99.869615 -240.653868 231.457056
99.918709 -241.841356 229.848497
99.967803 -243.028843 228.239938
100.016898 -244.216331 226.631379
100.065992 -245.403819 225.022820
100.115087 -246.591307 223.414260
100.164181 -247.778795 221.805701
100.213275 -248.966282 220.197142
100.262370 -250.153770 218.588583
100.311464 -251.341258 216.980024
100.360559 -252.528746 215.371465
100.409653 -253.716233 213.762905
100.458748 -254.903721 212.154346
100.507842 -256.091209 210.545787
100.556936 -257.278697 208.937228
100.606031 -258.466184 207.328669
100.655125 -259.653672 205.720110
100.704220 -260.841160 204.111551
100.753314 -262.028648 202.502991
100.802408 -263.216135 200.894432
100.851503 -264.403623 199.285873
100.900597 -265.591111 197.677314
100.949692 -266.778599 196.068755
100.998786 -267.966086 194.460196
101.047881 -269.153574 192.851636
101.096975 -270.341062 191.243077
101.146069 -271.528550 189.634518
101.195164 -272.716038 188.025959
101.244258 -273.903525 186.417400
101.293353 -275.091013 184.808841
237.826484 15.086875 236.806645
237.141992 16.891498 236.282424
236.457500 18.696121 235.758202
235.773009 20.500743 235.233981
235.088517 22.305366 234.709760
234.404025 24.109989 234.185539
233.719533 25.914611 233.661318
233.035041 27.719234 233.137096
232.350549 29.523857 232.612875
231.666058 31.328479 232.088654
230.981566 33.133102 231.564433
230.297074 34.937725 231.040212
229.612582 36.742347 230.515990
228.928090 38.546970 229.991769
228.243598 40.351593 229.467548
227.559107 42.156216 228.943327
226.874615 43.960838 228.419106
226.190123 45.765461 227.894885
225.505631 47.570084 227.370663
224.821139 49.374706 226.846442
224.136647 51.179329 226.322221
223.452156 52.983952 225.798000
222.767664 54.788574 225.273779
222.083172 56.593197 224.749557
221.398680 58.397820 224.225336
220.714188 60.202442 223.701115
220.029696 62.007065 223.176894
219.345205 63.811688 222.652673
218.660713 65.616311 222.128451
217.976221 67.420933 221.604230
217.291729 69.225556 221.080009
216.607237 71.030179 220.555788
215.922745 72.834801 220.031567
215.238254 74.639424 219.507345
214.553762 76.444047 218.983124
213.869270 78.248669 218.458903
213.184778 80.053292 217.934682
212.500286 81.857915 217.410461
211.815794 83.662537 216.886239
211.131303 85.467160 216.362018
210.446811 87.271783 215.837797
209.762319 89.076406 215.313576
209.077827 90.881028 214.789355
208.393335 92.685651 214.265133
207.708843 94.490274 213.740912
207.024352 96.294896 213.216691
206.339860 98.099519 212.692470
205.655368 99.904142 212.168249
204.970876 101.708764 211.644028
204.286384 103.513387 211.119806
203.601892 105.318010 210.595585
202.917401 107.122633 210.071364
202.232909 108.927255 209.547143
201.548417 110.731878 209.022922
200.863925 112.536501 208.498700
200.179433 114.341123 207.974479
199.494941 116.145746 207.450258
198.810450 117.950369 206.926037
198.125958 119.754991 206.401816
197.441466 121.559614 205.877594
196.756974 123.364237 205.353373
196.072482 125.168859 204.829152
195.387990 126.973482 204.304931
194.703499 128.778105 203.780710
194.019007 130.582728 203.256488
193.334515 132.387350 202.732267
192.650023 134.191973 202.208046
191.965531 135.996596 201.683825
191.281039 137.801218 201.159604
190.596548 139.605841 200.635382
-261.842694 -209.056069 65.365216
-260.293482 -209.698707 64.275740
-258.744271 -210.341345 63.186263
-257.195059 -210.983983 62.096787
-255.645847 -211.626621 61.007310
-254.096635 -212.269258 59.917834
-252.547423 -212.911896 58.828357
-250.998211 -213.554534 57.738881
-249.448999 -214.197172 56.649404
-247.899787 -214.839810 55.559928
-246.350576 -215.482448 54.470451
-244.801364 -216.125086 53.380975
-243.252152 -216.767724 52.291498
-241.702940 -217.410362 51.202022
-240.153728 -218.053000 50.112545
-238.604516 -218.695638 49.023069
-237.055304 -219.338276 47.933592
-235.506092 -219.980914 46.844116
-233.956881 -220.623552 45.754639
-232.407669 -221.266190 44.665163
-230.858457 -221.908827 43.575686
-229.309245 -222.551465 42.486210
-227.760033 -223.194103 41.396733
-226.210821 -223.836741 40.307257
-224.661609 -224.479379 39.217780
-223.112397 -225.122017 38.128304
-221.563186 -225.764655 37.038827
-220.013974 -226.407293 35.949351
-218.464762 -227.049931 34.859874
-216.915550 -227.692569 33.770398
-215.366338 -228.335207 32.680921
-213.817126 -228.977845 31.591445
-212.267914 -229.620483 30.501968
-210.718703 -230.263121 29.412492
-209.169491 -230.905759 28.323015
-207.620279 -231.548397 27.233539
-206.071067 -232.191034 26.144062
-204.521855 -232.833672 25.054586
-202.972643 -233.476310 23.965109
-201.423431 -234.118948 22.875633
-199.874219 -234.761586 21.786156
-198.325008 -235.404224 20.696680
-196.775796 -236.046862 19.607203
-195.226584 -236.689500 18.517727
-193.677372 -237.332138 17.428250
-192.128160 -237.974776 16.338774
-190.578948 -238.617414 15.249297
-189.029736 -239.260052 14.159821
-187.480524 -239.902690 13.070344
-185.931313 -240.545328 11.980868
-184.382101 -241.187966 10.891391
-182.832889 -241.830603 9.801915
-181.283677 -242.473241 8.712438
-179.734465 -243.115879 7.622962
-178.185253 -243.758517 6.533485
-176.636041 -244.401155 5.444008
-175.086829 -245.043793 4.354532
-173.537618 -245.686431 3.265055
-171.988406 -246.329069 2.175579
-170.439194 -246.971707 1.086102
-168.889982 -247.614345 -0.003374
-167.340770 -248.256983 -1.092851
-165.791558 -248.899621 -2.182327
-164.242346 -249.542259 -3.271804
-162.693134 -250.184897 -4.361280
-161.143923 -250.827535 -5.450757
-159.594711 -251.470172 -6.540233
-158.045499 -252.112810 -7.629710
-156.496287 -252.755448 -8.719186
-154.947075 -253.398086 -9.808663
-221.012603 40.553511 38.185513
-221.165595 42.197227 37.056446
-221.318588 43.840942 35.927378
-221.471580 45.484658 34.798311
-221.624573 47.128373 33.669244
-221.777565 48.772089 32.540177
-221.930558 50.415804 31.411110
-222.083550 52.059520 30.282043
-222.236543 53.703235 29.152976
-222.389535 55.346951 28.023908
-222.542528 56.990666 26.894841
-222.695520 58.634382 25.765774
-222.848513 60.278097 24.636707
-223.001505 61.921813 23.507640
-223.154498 63.565528 22.378573
-223.307490 65.209244 21.249506
-223.460482 66.852959 20.120439
-223.613475 68.496675 18.991371
-223.766467 70.140390 17.862304
-223.919460 71.784106 16.733237
-224.072452 73.427821 15.604170
-224.225445 75.071537 14.475103
-224.378437 76.715252 13.346036
-224.531430 78.358968 12.216969
-224.684422 80.002683 11.087901
-224.837415 81.646399 9.958834
-224.990407 83.290115 8.829767
-225.143400 84.933830 7.700700
-225.296392 86.577546 6.571633
-225.449385 88.221261 5.442566
-225.602377 89.864977 4.313499
-225.755370 91.508692 3.184432
-225.908362 93.152408 2.055364
-226.061354 94.796123 0.926297
-226.214347 96.439839 -0.202770
-226.367339 98.083554 -1.331837
-226.520332 99.727270 -2.460904
-226.673324 101.370985 -3.589971
-226.826317 103.014701 -4.719038
-226.979309 104.658416 -5.848106
-227.132302 106.302132 -6.977173
-227.285294 107.945847 -8.106240
-227.438287 109.589563 -9.235307
-227.591279 111.233278 -10.364374
-227.744272 112.876994 -11.493441
-227.897264 114.520709 -12.622508
-228.050257 116.164425 -13.751576
-228.203249 117.808140 -14.880643
-228.356241 119.451856 -16.009710
-228.509234 121.095571 -17.138777
-228.662226 122.739287 -18.267844
-228.815219 124.383003 -19.396911
-228.968211 126.026718 -20.525978
-229.121204 127.670434 -21.655045
-229.274196 129.314149 -22.784113
-229.427189 130.957865 -23.913180
-229.580181 132.601580 -25.042247
-229.733174 134.245296 -26.171314
-229.886166 135.889011 -27.300381
-230.039159 137.532727 -28.429448
-230.192151 139.176442 -29.558515
-230.345144 140.820158 -30.687583
-230.498136 142.463873 -31.816650
-230.651129 144.107589 -32.945717
-230.804121 145.751304 -34.074784
-230.957113 147.395020 -35.203851
-231.110106 149.038735 -36.332918
-231.263098 150.682451 -37.461985
-231.416091 152.326166 -38.591052
-231.569083 153.969882 -39.720120
9.089071 65.618236 -140.147316
9.825337 65.800829 -141.997875
10.561603 65.983423 -143.848435
11.297869 66.166016 -145.698995
12.034135 66.348610 -147.549555
12.770401 66.531203 -149.400115
13.506666 66.713796 -151.250675
14.242932 66.896390 -153.101235
14.979198 67.078983 -154.951795
15.715464 67.261577 -156.802355
16.451730 67.444170 -158.652915
17.187996 67.626764 -160.503475
17.924262 67.809357 -162.354035
18.660528 67.991951 -164.204595
19.396794 68.174544 -166.055155
20.133059 68.357137 -167.905715
20.869325 68.539731 -169.756275
21.605591 68.722324 -171.606835
22.341857 68.904918 -173.457395
23.078123 69.087511 -175.307955
23.814389 69.270105 -177.158515
24.550655 69.452698 -179.009075
25.286921 69.635292 -180.859635
26.023187 69.817885 -182.710195
26.759452 70.000478 -184.560755
27.495718 70.183072 -186.411315
28.231984 70.365665 -188.261875
28.968250 70.548259 -190.112434
29.704516 70.730852 -191.962994
30.440782 70.913446 -193.813554
31.177048 71.096039 -195.664114
31.913314 71.278632 -197.514674
32.649580 71.461226 -199.365234
33.385845 71.643819 -201.215794
34.122111 71.826413 -203.066354
34.858377 72.009006 -204.916914
35.594643 72.191600 -206.767474
36.330909 72.374193 -208.618034
37.067175 72.556787 -210.468594
37.803441 72.739380 -212.319154
38.539707 72.921973 -214.169714
39.275973 73.104567 -216.020274
40.012239 73.287160 -217.870834
40.748504 73.469754 -219.721394
41.484770 73.652347 -221.571954
42.221036 73.834941 -223.422514
42.957302 74.017534 -225.273074
43.693568 74.200128 -227.123634
44.429834 74.382721 -228.974194
45.166100 74.565314 -230.824754
45.902366 74.747908 -232.675314
46.638632 74.930501 -234.525874
47.374897 75.113095 -236.376434
48.111163 75.295688 -238.226993
48.847429 75.478282 -240.077553
49.583695 75.660875 -241.928113
50.319961 75.843468 -243.778673
51.056227 76.026062 -245.629233
51.792493 76.208655 -247.479793
52.528759 76.391249 -249.330353
53.265025 76.573842 -251.180913
54.001290 76.756436 -253.031473
54.737556 76.939029 -254.882033
55.473822 77.121623 -256.732593
56.210088 77.304216 -258.583153
56.946354 77.486809 -260.433713
57.682620 77.669403 -262.284273
58.418886 77.851996 -264.134833
59.155152 78.034590 -265.985393
59.891418 78.217183 -267.835953
195.655874 274.078832 197.458708
194.695670 272.851578 198.712444
193.735466 271.624323 199.966180
192.775261 270.397068 201.219916
191.815057 269.169813 202.473652
190.854853 267.942559 203.727388
189.894649 266.715304 204.981124
188.934445 265.488049 206.234860
187.974241 264.260794 207.488596
187.014037 263.033539 208.742332
186.053833 261.806285 209.996068
185.093629 260.579030 211.249803
184.133424 259.351775 212.503539
183.173220 258.124520 213.757275
182.213016 256.897266 215.011011
181.252812 255.670011 216.264747
180.292608 254.442756 217.518483
179.332404 253.215501 218.772219
178.372200 251.988247 220.025955
177.411996 250.760992 221.279691
176.451792 249.533737 222.533427
175.491587 248.306482 223.787163
174.531383 247.079228 225.040899
173.571179 245.851973 226.294635
172.610975 244.624718 227.548371
171.650771 243.397463 228.802107
170.690567 242.170209 230.055843
169.730363 240.942954 231.309579
168.770159 239.715699 232.563315
167.809955 238.488444 233.817050
166.849750 237.261189 235.070786
165.889546 236.033935 236.324522
164.929342 234.806680 237.578258
163.969138 233.579425 238.831994
163.008934 232.352170 240.085730
162.048730 231.124916 241.339466
161.088526 229.897661 242.593202
160.128322 228.670406 243.846938
159.168118 227.443151 245.100674
158.207914 226.215897 246.354410
157.247709 224.988642 247.608146
156.287505 223.761387 248.861882
155.327301 222.534132 250.115618
154.367097 221.306878 251.369354
153.406893 220.079623 252.623090
152.446689 218.852368 253.876826
151.486485 217.625113 255.130561
150.526281 216.397858 256.384297
149.566077 215.170604 257.638033
148.605872 213.943349 258.891769
147.645668 212.716094 260.145505
146.685464 211.488839 261.399241
145.725260 210.261585 262.652977
144.765056 209.034330 263.906713
143.804852 207.807075 265.160449
142.844648 206.579820 266.414185
141.884444 205.352566 267.667921
140.924240 204.125311 268.921657
139.964035 202.898056 270.175393
139.003831 201.670801 271.429129
138.043627 200.443547 272.682865
137.083423 199.216292 273.936601
136.123219 197.989037 275.190337
135.163015 196.761782 276.444073
134.202811 195.534527 277.697808
133.242607 194.307273 278.951544
132.282403 193.080018 280.205280
131.322198 191.852763 281.459016
130.361994 190.625508 282.712752
129.401790 189.398254 283.966488
46.167046 -117.285044 -244.318476
45.720362 -115.737787 -243.132530
45.273677 -114.190530 -241.946583
44.826993 -112.643273 -240.760637
44.380309 -111.096016 -239.574691
43.933624 -109.548759 -238.388744
43.486940 -108.001502 -237.202798
43.040256 -106.454245 -236.016851
42.593572 -104.906988 -234.830905
42.146887 -103.359731 -233.644958
41.700203 -101.812474 -232.459012
41.253519 -100.265217 -231.273066
40.806834 -98.717960 -230.087119
40.360150 -97.170703 -228.901173
39.913466 -95.623446 -227.715226
39.466781 -94.076189 -226.529280
39.020097 -92.528932 -225.343334
38.573413 -90.981675 -224.157387
38.126728 -89.434418 -222.971441
37.680044 -87.887161 -221.785494
37.233360 -86.339904 -220.599548
36.786676 -84.792647 -219.413601
36.339991 -83.245390 -218.227655
35.893307 -81.698133 -217.041709
35.446623 -80.150876 -215.855762
34.999938 -78.603619 -214.669816
34.553254 -77.056362 -213.483869
34.106570 -75.509105 -212.297923
33.659885 -73.961848 -211.111976
33.213201 -72.414591 -209.926030
32.766517 -70.867334 -208.740084
32.319832 -69.320077 -207.554137
31.873148 -67.772820 -206.368191
31.426464 -66.225563 -205.182244
30.979780 -64.678306 -203.996298
30.533095 -63.131049 -202.810351
30.086411 -61.583793 -201.624405
29.639727 -60.036536 -200.438459
29.193042 -58.489279 -199.252512
28.746358 -56.942022 -198.066566
28.299674 -55.394765 -196.880619
27.852989 -53.847508 -195.694673
27.406305 -52.300251 -194.508726
26.959621 -50.752994 -193.322780
26.512936 -49.205737 -192.136834
26.066252 -47.658480 -190.950887
25.619568 -46.111223 -189.764941
25.172884 -44.563966 -188.578994
24.726199 -43.016709 -187.393048
24.279515 -41.469452 -186.207101
23.832831 -39.922195 -185.021155
23.386146 -38.374938 -183.835209
22.939462 -36.827681 -182.649262
22.492778 -35.280424 -181.463316
22.046093 -33.733167 -180.277369
21.599409 -32.185910 -179.091423
21.152725 -30.638653 -177.905476
20.706040 -29.091396 -176.719530
20.259356 -27.544139 -175.533584
19.812672 -25.996882 -174.347637
19.365987 -24.449625 -173.161691
18.919303 -22.902368 -171.975744
18.472619 -21.355111 -170.789798
18.025935 -19.807854 -169.603851
17.579250 -18.260597 -168.417905
17.132566 -16.713340 -167.231959
16.685882 -15.166083 -166.046012
16.239197 -13.618826 -164.860066
15.792513 -12.071569 -163.674119
15.345829 -10.524312 -162.488173
27.359777 -57.085116 52.662130
27.380631 -55.263602 53.487752
27.401485 -53.442088 54.313375
27.422339 -51.620574 55.138997
27.443192 -49.799060 55.964619
27.464046 -47.977547 56.790241
27.484900 -46.156033 57.615864
27.505754 -44.334519 58.441486
27.526608 -42.513005 59.267108
27.547462 -40.691491 60.092730
27.568315 -38.869977 60.918353
27.589169 -37.048463 61.743975
27.610023 -35.226949 62.569597
27.630877 -33.405435 63.395219
27.651731 -31.583921 64.220842
27.672585 -29.762407 65.046464
27.693439 -27.940893 65.872086
27.714292 -26.119379 66.697708
27.735146 -24.297865 67.523331
27.756000 -22.476351 68.348953
27.776854 -20.654838 69.174575
27.797708 -18.833324 70.000197
27.818562 -17.011810 70.825820
27.839415 -15.190296 71.651442
27.860269 -13.368782 72.477064
27.881123 -11.547268 73.302686
27.901977 -9.725754 74.128309
27.922831 -7.904240 74.953931
27.943685 -6.082726 75.779553
27.964539 -4.261212 76.605175
27.985392 -2.439698 77.430798
28.006246 -0.618184 78.256420
28.027100 1.203330 79.082042
28.047954 3.024844 79.907664
28.068808 4.846358 80.733287
28.089662 6.667871 81.558909
28.110515 8.489385 82.384531
28.131369 10.310899 83.210153
28.152223 12.132413 84.035776
28.173077 13.953927 84.861398
28.193931 15.775441 85.687020
28.214785 17.596955 86.512642
28.235639 19.418469 87.338265
28.256492 21.239983 88.163887
28.277346 23.061497 88.989509
28.298200 24.883011 89.815131
28.319054 26.704525 90.640754
28.339908 28.526039 91.466376
28.360762 30.347553 92.291998
28.381615 32.169067 93.117620
28.402469 33.990581 93.943243
28.423323 35.812094 94.768865
28.444177 37.633608 95.594487
28.465031 39.455122 96.420109
28.485885 41.276636 97.245732
28.506739 43.098150 98.071354
28.527592 44.919664 98.896976
28.548446 46.741178 99.722598
28.569300 48.562692 100.548221
28.590154 50.384206 101.373843
28.611008 52.205720 102.199465
28.631862 54.027234 103.025087
28.652715 55.848748 103.850710
28.673569 57.670262 104.676332
28.694423 59.491776 105.501954
28.715277 61.313290 106.327576
28.736131 63.134803 107.153199
28.756985 64.956317 107.978821
28.777839 66.777831 108.804443
28.798692 68.599345 109.630065
102.532222 -211.199477 107.064080
102.238262 -210.347551 108.849524
101.944301 -209.495625 110.634967
101.650340 -208.643699 112.420411
101.356379 -207.791773 114.205855
101.062419 -206.939848 115.991299
100.768458 -206.087922 117.776742
100.474497 -205.235996 119.562186
100.180536 -204.384070 121.347630
99.886575 -203.532144 123.133074
99.592615 -202.680219 124.918518
99.298654 -201.828293 126.703961
99.004693 -200.976367 128.489405
98.710732 -200.124441 130.274849
98.416772 -199.272515 132.060293
98.122811 -198.420590 133.845736
97.828850 -197.568664 135.631180
97.534889 -196.716738 137.416624
97.240929 -195.864812 139.202068
96.946968 -195.012886 140.987512
96.653007 -194.160961 142.772955
96.359046 -193.309035 144.558399
96.065085 -192.457109 146.343843
95.771125 -191.605183 148.129287
95.477164 -190.753257 149.914730
95.183203 -189.901332 151.700174
94.889242 -189.049406 153.485618
94.595282 -188.197480 155.271062
94.301321 -187.345554 157.056506
94.007360 -186.493628 158.841949
93.713399 -185.641703 160.627393
93.419438 -184.789777 162.412837
93.125478 -183.937851 164.198281
92.831517 -183.085925 165.983725
92.537556 -182.233999 167.769168
92.243595 -181.382074 169.554612
91.949635 -180.530148 171.340056
91.655674 -179.678222 173.125500
91.361713 -178.826296 174.910943
91.067752 -177.974370 176.696387
90.773792 -177.122445 178.481831
90.479831 -176.270519 180.267275
90.185870 -175.418593 182.052719
89.891909 -174.566667 183.838162
89.597948 -173.714741 185.623606
89.303988 -172.862816 187.409050
89.010027 -172.010890 189.194494
88.716066 -171.158964 190.979937
88.422105 -170.307038 192.765381
88.128145 -169.455112 194.550825
87.834184 -168.603186 196.336269
87.540223 -167.751261 198.121713
87.246262 -166.899335 199.907156
86.952302 -166.047409 201.692600
86.658341 -165.195483 203.478044
86.364380 -164.343557 205.263488
86.070419 -163.491632 207.048931
85.776458 -162.639706 208.834375
85.482498 -161.787780 210.619819
85.188537 -160.935854 212.405263
84.894576 -160.083928 214.190707
84.600615 -159.232003 215.976150
84.306655 -158.380077 217.761594
84.012694 -157.528151 219.547038
83.718733 -156.676225 221.332482
83.424772 -155.824299 223.117925
83.130811 -154.972374 224.903369
82.836851 -154.120448 226.688813
82.542890 -153.268522 228.474257
82.248929 -152.416596 230.259701
117.876753 50.715909 -217.910513
119.326486 51.730489 -216.978366
120.776220 52.745070 -216.046218
122.225954 53.759650 -215.114071
123.675688 54.774230 -214.181924
125.125421 55.788811 -213.249776
126.575155 56.803391 -212.317629
128.024889 57.817972 -211.385482
129.474623 58.832552 -210.453334
130.924356 59.847132 -209.521187
132.374090 60.861713 -208.589040
133.823824 61.876293 -207.656893
135.273558 62.890874 -206.724745
136.723291 63.905454 -205.792598
138.173025 64.920034 -204.860451
139.622759 65.934615 -203.928303
141.072493 66.949195 -202.996156
142.522226 67.963776 -202.064009
143.971960 68.978356 -201.131861
145.421694 69.992936 -200.199714
146.871428 71.007517 -199.267567
148.321162 72.022097 -198.335419
149.770895 73.036677 -197.403272
151.220629 74.051258 -196.471125
152.670363 75.065838 -195.538977
154.120097 76.080419 -194.606830
155.569830 77.094999 -193.674683
157.019564 78.109579 -192.742535
158.469298 79.124160 -191.810388
159.919032 80.138740 -190.878241
161.368765 81.153321 -189.946093
162.818499 82.167901 -189.013946
164.268233 83.182481 -188.081799
165.717967 84.197062 -187.149651
167.167700 85.211642 -186.217504
168.617434 86.226223 -185.285357
170.067168 87.240803 -184.353209
171.516902 88.255383 -183.421062
172.966635 89.269964 -182.488915
174.416369 90.284544 -181.556767
175.866103 91.299125 -180.624620
177.315837 92.313705 -179.692473
178.765571 93.328285 -178.760325
180.215304 94.342866 -177.828178
181.665038 95.357446 -176.896031
183.114772 96.372027 -175.963883
184.564506 97.386607 -175.031736
186.014239 98.401187 -174.099589
187.463973 99.415768 -173.167441
188.913707 100.430348 -172.235294
190.363441 101.444928 -171.303147
191.813174 102.459509 -170.370999
193.262908 103.474089 -169.438852
194.712642 104.488670 -168.506705
196.162376 105.503250 -167.574557
197.612109 106.517830 -166.642410
199.061843 107.532411 -165.710263
200.511577 108.546991 -164.778115
201.961311 109.561572 -163.845968
203.411044 110.576152 -162.913821
204.860778 111.590732 -161.981673
206.310512 112.605313 -161.049526
207.760246 113.619893 -160.117379
209.209980 114.634474 -159.185231
210.659713 115.649054 -158.253084
212.109447 116.663634 -157.320937
213.559181 117.678215 -156.388789
215.008915 118.692795 -155.456642
216.458648 119.707376 -154.524495
217.908382 120.721956 -153.592347
-108.180468 -22.561176 -250.464218
-109.455125 -21.099298 -250.952235
-110.729782 -19.637419 -251.440253
-112.004439 -18.175541 -251.928270
-113.279096 -16.713663 -252.416287
-114.553753 -15.251784 -252.904305
-115.828410 -13.789906 -253.392322
-117.103067 -12.328027 -253.880339
-118.377725 -10.866149 -254.368357
-119.652382 -9.404270 -254.856374
-120.927039 -7.942392 -255.344391
-122.201696 -6.480514 -255.832409
-123.476353 -5.018635 -256.320426
-124.751010 -3.556757 -256.808443
-126.025667 -2.094878 -257.296460
-127.300324 -0.633000 -257.784478
-128.574981 0.828879 -258.272495
-129.849638 2.290757 -258.760512
-131.124295 3.752635 -259.248530
-132.398952 5.214514 -259.736547
-133.673609 6.676392 -260.224564
-134.948266 8.138271 -260.712582
-136.222923 9.600149 -261.200599
-137.497580 11.062028 -261.688616
-138.772237 12.523906 -262.176634
-140.046894 13.985784 -262.664651
-141.321551 15.447663 -263.152668
-142.596208 16.909541 -263.640686
-143.870865 18.371420 -264.128703
-145.145522 19.833298 -264.616720
-146.420179 21.295177 -265.104738
-147.694836 22.757055 -265.592755
-148.969493 24.218933 -266.080772
-150.244150 25.680812 -266.568790
-151.518807 27.142690 -267.056807
-152.793465 28.604569 -267.544824
-154.068122 30.066447 -268.032842
-155.342779 31.528325 -268.520859
-156.617436 32.990204 -269.008876
-157.892093 34.452082 -269.496894
-159.166750 35.913961 -269.984911
-160.441407 37.375839 -270.472928
-161.716064 38.837718 -270.960945
-162.990721 40.299596 -271.448963
-164.265378 41.761474 -271.936980
-165.540035 43.223353 -272.424997
-166.814692 44.685231 -272.913015
-168.089349 46.147110 -273.401032
-169.364006 47.608988 -273.889049
-170.638663 49.070867 -274.377067
-171.913320 50.532745 -274.865084
-173.187977 51.994623 -275.353101
-174.462634 53.456502 -275.841119
-175.737291 54.918380 -276.329136
-177.011948 56.380259 -276.817153
-178.286605 57.842137 -277.305171
-179.561262 59.304016 -277.793188
-180.835919 60.765894 -278.281205
-182.110576 62.227772 -278.769223
-183.385233 63.689651 -279.257240
-184.659890 65.151529 -279.745257
-185.934547 66.613408 -280.233275
-187.209204 68.075286 -280.721292
-188.483862 69.537165 -281.209309
-189.758519 70.999043 -281.697327
-191.033176 72.460921 -282.185344
-192.307833 73.922800 -282.673361
-193.582490 75.384678 -283.161379
-194.857147 76.846557 -283.649396
-196.131804 78.308435 -284.137413
-140.892410 -289.258625 146.010962
-139.690487 -287.708973 145.618586
-138.488564 -286.159320 145.226210
-137.286641 -284.609668 144.833834
-136.084718 -283.060015 144.441458
-134.882796 -281.510363 144.049082
-133.680873 -279.960711 143.656706
-132.478950 -278.411058 143.264329
-131.277027 -276.861406 142.871953
-130.075104 -275.311753 142.479577
-128.873182 -273.762101 142.087201
-127.671259 -272.212448 141.694825
-126.469336 -270.662796 141.302449
-125.267413 -269.113144 140.910073
-124.065490 -267.563491 140.517697
-122.863568 -266.013839 140.125321
-121.661645 -264.464186 139.732945
-120.459722 -262.914534 139.340569
-119.257799 -261.364882 138.948193
-118.055876 -259.815229 138.555816
-116.853954 -258.265577 138.163440
-115.652031 -256.715924 137.771064
-114.450108 -255.166272 137.378688
-113.248185 -253.616620 136.986312
-112.046262 -252.066967 136.593936
-110.844340 -250.517315 136.201560
-109.642417 -248.967662 135.809184
-108.440494 -247.418010 135.416808
-107.238571 -245.868357 135.024432
-106.036648 -244.318705 134.632056
-104.834726 -242.769053 134.239679
-103.632803 -241.219400 133.847303
-102.430880 -239.669748 133.454927
-101.228957 -238.120095 133.062551
-100.027034 -236.570443 132.670175
-98.825112 -235.020791 132.277799
-97.623189 -233.471138 131.885423
-96.421266 -231.921486 131.493047
-95.219343 -230.371833 131.100671
-94.017420 -228.822181 130.708295
-92.815498 -227.272529 130.315919
-91.613575 -225.722876 129.923542
-90.411652 -224.173224 129.531166
-89.209729 -222.623571 129.138790
-88.007806 -221.073919 128.746414
-86.805884 -219.524266 128.354038
-85.603961 -217.974614 127.961662
-84.402038 -216.424962 127.569286
-83.200115 -214.875309 127.176910
-81.998192 -213.325657 126.784534
-80.796270 -211.776004 126.392158
-79.594347 -210.226352 125.999782
-78.392424 -208.676700 125.607406
-77.190501 -207.127047 125.215029
-75.988579 -205.577395 124.822653
-74.786656 -204.027742 124.430277
-73.584733 -202.478090 124.037901
-72.382810 -200.928438 123.645525
-71.180887 -199.378785 123.253149
-69.978965 -197.829133 122.860773
-68.777042 -196.279480 122.468397
-67.575119 -194.729828 122.076021
-66.373196 -193.180175 121.683645
-65.171273 -191.630523 121.291269
-63.969351 -190.080871 120.898892
-62.767428 -188.531218 120.506516
-61.565505 -186.981566 120.114140
-60.363582 -185.431913 119.721764
-59.161659 -183.882261 119.329388
-57.959737 -182.332609 118.937012
-59.069519 65.934106 92.093567
-59.855063 64.818387 93.555789
-60.640606 63.702667 95.018010
-61.426150 62.586948 96.480232
-62.211694 61.471229 97.942453
-62.997237 60.355509 99.404675
-63.782781 59.239790 100.866896
-64.568324 58.124071 102.329118
-65.353868 57.008351 103.791339
-66.139411 55.892632 105.253561
-66.924955 54.776913 106.715782
-67.710499 53.661193 108.178004
-68.496042 52.545474 109.640225
-69.281586 51.429755 111.102447
-70.067129 50.314035 112.564668
-70.852673 49.198316 114.026890
-71.638216 48.082597 115.489111
-72.423760 46.966878 116.951333
-73.209304 45.851158 118.413554
-73.994847 44.735439 119.875776
-74.780391 43.619720 121.337997
-75.565934 42.504000 122.800219
-76.351478 41.388281 124.262440
-77.137021 40.272562 125.724662
-77.922565 39.156842 127.186883
-78.708109 38.041123 128.649105
-79.493652 36.925404 130.111326
-80.279196 35.809684 131.573548
-81.064739 34.693965 133.035769
-81.850283 33.578246 134.497991
-82.635826 32.462526 135.960212
-83.421370 31.346807 137.422434
-84.206914 30.231088 138.884655
-84.992457 29.115369 140.346877
-85.778001 27.999649 141.809098
-86.563544 26.883930 143.271320
-87.349088 25.768211 144.733541
-88.134631 24.652491 146.195763
-88.920175 23.536772 147.657984
-89.705719 22.421053 149.120206
-90.491262 21.305333 150.582427
-91.276806 20.189614 152.044649
-92.062349 19.073895 153.506870
-92.847893 17.958175 154.969092
-93.633436 16.842456 156.431313
-94.418980 15.726737 157.893535
-95.204524 14.611017 159.355756
-95.990067 13.495298 160.817978
-96.775611 12.379579 162.280199
-97.561154 11.263860 163.742421
-98.346698 10.148140 165.204642
-99.132241 9.032421 166.666864
-99.917785 7.916702 168.129085
-100.703329 6.800982 169.591307
-101.488872 5.685263 171.053528
-102.274416 4.569544 172.515750
-103.059959 3.453824 173.977971
-103.845503 2.338105 175.440193
-104.631046 1.222386 176.902414
-105.416590 0.106666 178.364636
-106.202134 -1.009053 179.826857
-106.987677 -2.124772 181.289079
-107.773221 -3.240492 182.751300
-108.558764 -4.356211 184.213522
-109.344308 -5.471930 185.675743
-110.129852 -6.587649 187.137965
-110.915395 -7.703369 188.600186
-111.700939 -8.819088 190.062408
-112.486482 -9.934807 191.524629
-113.272026 -11.050527 192.986851
4.368561 -166.495749 -74.265500
3.363732 -165.179052 -73.144506
2.358902 -163.862355 -72.023512
1.354073 -162.545658 -70.902519
0.349244 -161.228961 -69.781525
-0.655586 -159.912264 -68.660531
-1.660415 -158.595567 -67.539537
-2.665244 -157.278870 -66.418543
-3.670073 -155.962173 -65.297549
-4.674903 -154.645476 -64.176555
-5.679732 -153.328779 -63.055561
-6.684561 -152.012082 -61.934568
-7.689391 -150.695385 -60.813574
-8.694220 -149.378688 -59.692580
-9.699049 -148.061991 -58.571586
-10.703878 -146.745294 -57.450592
-11.708708 -145.428597 -56.329598
-12.713537 -144.111901 -55.208604
-13.718366 -142.795204 -54.087611
-14.723196 -141.478507 -52.966617
-15.728025 -140.161810 -51.845623
-16.732854 -138.845113 -50.724629
-17.737683 -137.528416 -49.603635
-18.742513 -136.211719 -48.482641
-19.747342 -134.895022 -47.361647
-20.752171 -133.578325 -46.240653
-21.757001 -132.261628 -45.119660
-22.761830 -130.944931 -43.998666
-23.766659 -129.628234 -42.877672
-24.771489 -128.311537 -41.756678
-25.776318 -126.994840 -40.635684
-26.781147 -125.678143 -39.514690
-27.785976 -124.361446 -38.393696
-28.790806 -123.044749 -37.272702
-29.795635 -121.728053 -36.151709
-30.800464 -120.411356 -35.030715
-31.805294 -119.094659 -33.909721
-32.810123 -117.777962 -32.788727
-33.814952 -116.461265 -31.667733
-34.819781 -115.144568 -30.546739
-35.824611 -113.827871 -29.425745
-36.829440 -112.511174 -28.304752
-37.834269 -111.194477 -27.183758
-38.839099 -109.877780 -26.062764
-39.843928 -108.561083 -24.941770
-40.848757 -107.244386 -23.820776
-41.853587 -105.927689 -22.699782
-42.858416 -104.610992 -21.578788
-43.863245 -103.294295 -20.457794
-44.868074 -101.977598 -19.336801
-45.872904 -100.660901 -18.215807
-46.877733 -99.344205 -17.094813
-47.882562 -98.027508 -15.973819
-48.887392 -96.710811 -14.852825
-49.892221 -95.394114 -13.731831
-50.897050 -94.077417 -12.610837
-51.901879 -92.760720 -11.489843
-52.906709 -91.444023 -10.368850
-53.911538 -90.127326 -9.247856
-54.916367 -88.810629 -8.126862
-55.921197 -87.493932 -7.005868
-56.926026 -86.177235 -5.884874
-57.930855 -84.860538 -4.763880
-58.935685 -83.543841 -3.642886
-59.940514 -82.227144 -2.521893
-60.945343 -80.910447 -1.400899
-61.950172 -79.593750 -0.279905
-62.955002 -78.277053 0.841089
-63.959831 -76.960357 1.962083
-64.964660 -75.643660 3.083077
244.403791 66.279209 -83.969531
243.658075 64.869138 -82.763046
242.912360 63.459066 -81.556561
242.166644 62.048994 -80.350076
241.420929 60.638922 -79.143591
240.675213 59.228851 -77.937106
239.929498 57.818779 -76.730621
239.183782 56.408707 -75.524136
238.438067 54.998635 -74.317651
237.692351 53.588563 -73.111166
236.946636 52.178492 -71.904681
236.200920 50.768420 -70.698196
235.455205 49.358348 -69.491711
234.709489 47.948276 -68.285226
233.963774 46.538205 -67.078741
233.218058 45.128133 -65.872256
232.472343 43.718061 -64.665772
231.726627 42.307989 -63.459287
230.980912 40.897918 -62.252802
230.235196 39.487846 -61.046317
229.489481 38.077774 -59.839832
228.743765 36.667702 -58.633347
227.998050 35.257630 -57.426862
227.252334 33.847559 -56.220377
226.506619 32.437487 -55.013892
225.760903 31.027415 -53.807407
225.015188 29.617343 -52.600922
224.269472 28.207272 -51.394437
223.523757 26.797200 -50.187952
222.778041 25.387128 -48.981467
222.032326 23.977056 -47.774982
221.286610 22.566985 -46.568497
220.540895 21.156913 -45.362012
219.795179 19.746841 -44.155527
219.049464 18.336769 -42.949042
218.303748 16.926697 -41.742557
217.558033 15.516626 -40.536072
216.812317 14.106554 -39.329587
216.066602 12.696482 -38.123102
215.320887 11.286410 -36.916617
214.575171 9.876339 -35.710132
213.829456 8.466267 -34.503647
213.083740 7.056195 -33.297162
212.338025 5.646123 -32.090677
211.592309 4.236052 -30.884192
210.846594 2.825980 -29.677707
210.100878 1.415908 -28.471222
209.355163 0.005836 -27.264737
208.609447 -1.404236 -26.058252
207.863732 -2.814307 -24.851767
207.118016 -4.224379 -23.645282
206.372301 -5.634451 -22.438797
205.626585 -7.044523 -21.232312
204.880870 -8.454594 -20.025827
204.135154 -9.864666 -18.819342
203.389439 -11.274738 -17.612857
202.643723 -12.684810 -16.406372
201.898008 -14.094881 -15.199887
201.152292 -15.504953 -13.993402
200.406577 -16.915025 -12.786917
199.660861 -18.325097 -11.580432
198.915146 -19.735169 -10.373947
198.169430 -21.145240 -9.167462
197.423715 -22.555312 -7.960978
196.677999 -23.965384 -6.754493
195.932284 -25.375456 -5.548008
195.186568 -26.785527 -4.341523
194.440853 -28.195599 -3.135038
193.695137 -29.605671 -1.928553
192.949422 -31.015743 -0.722068
-7.845081 -192.596288 27.131412
-6.119404 -193.595154 26.975511
-4.393727 -194.594021 26.819609
-2.668050 -195.592887 26.663708
-0.942373 -196.591753 26.507806
0.783304 -197.590620 26.351905
2.508980 -198.589486 26.196003
4.234657 -199.588352 26.040102
5.960334 -200.587219 25.884201
7.686011 -201.586085 25.728299
9.411688 -202.584952 25.572398
11.137365 -203.583818 25.416496
12.863042 -204.582684 25.260595
14.588719 -205.581551 25.104693
16.314396 -206.580417 24.948792
18.040072 -207.579283 24.792890
19.765749 -208.578150 24.636989
21.491426 -209.577016 24.481087
23.217103 -210.575883 24.325186
24.942780 -211.574749 24.169285
26.668457 -212.573615 24.013383
28.394134 -213.572482 23.857482
30.119811 -214.571348 23.701580
31.845488 -215.570214 23.545679
33.571164 -216.569081 23.389777
35.296841 -217.567947 23.233876
37.022518 -218.566813 23.077974
38.748195 -219.565680 22.922073
40.473872 -220.564546 22.766172
42.199549 -221.563413 22.610270
43.925226 -222.562279 22.454369
45.650903 -223.561145 22.298467
47.376580 -224.560012 22.142566
49.102256 -225.558878 21.986664
50.827933 -226.557744 21.830763
52.553610 -227.556611 21.674861
54.279287 -228.555477 21.518960
56.004964 -229.554344 21.363058
57.730641 -230.553210 21.207157
59.456318 -231.552076 21.051256
61.181995 -232.550943 20.895354
62.907671 -233.549809 20.739453
64.633348 -234.548675 20.583551
66.359025 -235.547542 20.427650
68.084702 -236.546408 20.271748
69.810379 -237.545274 20.115847
71.536056 -238.544141 19.959945
73.261733 -239.543007 19.804044
74.987410 -240.541874 19.648142
76.713087 -241.540740 19.492241
78.438763 -242.539606 19.336340
80.164440 -243.538473 19.180438
81.890117 -244.537339 19.024537
83.615794 -245.536205 18.868635
85.341471 -246.535072 18.712734
87.067148 -247.533938 18.556832
88.792825 -248.532805 18.400931
90.518502 -249.531671 18.245029
92.244179 -250.530537 18.089128
93.969855 -251.529404 17.933227
95.695532 -252.528270 17.777325
97.421209 -253.527136 17.621424
99.146886 -254.526003 17.465522
100.872563 -255.524869 17.309621
102.598240 -256.523736 17.153719
104.323917 -257.522602 16.997818
106.049594 -258.521468 16.841916
107.775271 -259.520335 16.686015
109.500947 -260.519201 16.530113
111.226624 -261.518067 16.374212
-121.015729 36.016742 -58.430512
-121.388742 34.323715 -59.427770
-121.761755 32.630689 -60.425027
-122.134768 30.937662 -61.422285
-122.507781 29.244636 -62.419542
-122.880794 27.551609 -63.416799
-123.253808 25.858582 -64.414057
-123.626821 24.165556 -65.411314
-123.999834 22.472529 -66.408572
-124.372847 20.779503 -67.405829
-124.745860 19.086476 -68.403086
-125.118873 17.393450 -69.400344
-125.491886 15.700423 -70.397601
-125.864899 14.007397 -71.394859
-126.237912 12.314370 -72.392116
-126.610925 10.621344 -73.389374
-126.983939 8.928317 -74.386631
-127.356952 7.235290 -75.383888
-127.729965 5.542264 -76.381146
-128.102978 3.849237 -77.378403
-128.475991 2.156211 -78.375661
-128.849004 0.463184 -79.372918
-129.222017 -1.229842 -80.370175
-129.595030 -2.922869 -81.367433
-129.968043 -4.615895 -82.364690
-130.341056 -6.308922 -83.361948
-130.714070 -8.001948 -84.359205
-131.087083 -9.694975 -85.356462
-131.460096 -11.388002 -86.353720
-131.833109 -13.081028 -87.350977
-132.206122 -14.774055 -88.348235
-132.579135 -16.467081 -89.345492
-132.952148 -18.160108 -90.342749
-133.325161 -19.853134 -91.340007
-133.698174 -21.546161 -92.337264
-134.071188 -23.239187 -93.334522
-134.444201 -24.932214 -94.331779
-134.817214 -26.625241 -95.329036
-135.190227 -28.318267 -96.326294
-135.563240 -30.011294 -97.323551
-135.936253 -31.704320 -98.320809
-136.309266 -33.397347 -99.318066
-136.682279 -35.090373 -100.315323
-137.055292 -36.783400 -101.312581
-137.428305 -38.476426 -102.309838
-137.801319 -40.169453 -103.307096
-138.174332 -41.862479 -104.304353
-138.547345 -43.555506 -105.301611
-138.920358 -45.248533 -106.298868
-139.293371 -46.941559 -107.296125
-139.666384 -48.634586 -108.293383
-140.039397 -50.327612 -109.290640
-140.412410 -52.020639 -110.287898
-140.785423 -53.713665 -111.285155
-141.158436 -55.406692 -112.282412
-141.531450 -57.099718 -113.279670
-141.904463 -58.792745 -114.276927
-142.277476 -60.485771 -115.274185
-142.650489 -62.178798 -116.271442
-143.023502 -63.871825 -117.268699
-143.396515 -65.564851 -118.265957
-143.769528 -67.257878 -119.263214
-144.142541 -68.950904 -120.260472
-144.515554 -70.643931 -121.257729
-144.888567 -72.336957 -122.254986
-145.261581 -74.029984 -123.252244
-145.634594 -75.723010 -124.249501
-146.007607 -77.416037 -125.246759
-146.380620 -79.109063 -126.244016
-146.753633 -80.802090 -127.241273
-109.249240 -9.079392 87.934409
-110.548397 -10.492817 88.495142
-111.847553 -11.906243 89.055874
-113.146710 -13.319668 89.616606
-114.445866 -14.733094 90.177339
-115.745023 -16.146519 90.738071
-117.044179 -17.559945 91.298803
-118.343335 -18.973371 91.859535
-119.642492 -20.386796 92.420268
-120.941648 -21.800222 92.981000
-122.240805 -23.213647 93.541732
-123.539961 -24.627073 94.102465
-124.839117 -26.040499 94.663197
-126.138274 -27.453924 95.223929
-127.437430 -28.867350 95.784662
-128.736587 -30.280775 96.345394
-130.035743 -31.694201 96.906126
-131.334899 -33.107627 97.466859
-132.634056 -34.521052 98.027591
-133.933212 -35.934478 98.588323
-135.232369 -37.347903 99.149055
-136.531525 -38.761329 99.709788
-137.830682 -40.174755 100.270520
-139.129838 -41.588180 100.831252
-140.428994 -43.001606 101.391985
-141.728151 -44.415031 101.952717
-143.027307 -45.828457 102.513449
-144.326464 -47.241882 103.074182
-145.625620 -48.655308 103.634914
-146.924776 -50.068734 104.195646
-148.223933 -51.482159 104.756379
-149.523089 -52.895585 105.317111
-150.822246 -54.309010 105.877843
-152.121402 -55.722436 106.438575
-153.420558 -57.135862 106.999308
-154.719715 -58.549287 107.560040
-156.018871 -59.962713 108.120772
-157.318028 -61.376138 108.681505
-158.617184 -62.789564 109.242237
-159.916341 -64.202990 109.802969
-161.215497 -65.616415 110.363702
-162.514653 -67.029841 110.924434
-163.813810 -68.443266 111.485166
-165.112966 -69.856692 112.045899
-166.412123 -71.270117 112.606631
-167.711279 -72.683543 113.167363
-169.010435 -74.096969 113.728095
-170.309592 -75.510394 114.288828
-171.608748 -76.923820 114.849560
-172.907905 -78.337245 115.410292
-174.207061 -79.750671 115.971025
-175.506217 -81.164097 116.531757
-176.805374 -82.577522 117.092489
-178.104530 -83.990948 117.653222
-179.403687 -85.404373 118.213954
-180.702843 -86.817799 118.774686
-182.002000 -88.231225 119.335419
-183.301156 -89.644650 119.896151
-184.600312 -91.058076 120.456883
-185.899469 -92.471501 121.017615
-187.198625 -93.884927 121.578348
-188.497782 -95.298352 122.139080
-189.796938 -96.711778 122.699812
-191.096094 -98.125204 123.260545
-192.395251 -99.538629 123.821277
-193.694407 -100.952055 124.382009
-194.993564 -102.365480 124.942742
-196.292720 -103.778906 125.503474
-197.591876 -105.192332 126.064206
-198.891033 -106.605757 126.624939
-112.605264 -71.717031 20.548819
-111.618873 -73.428009 20.864391
-110.632481 -75.138987 21.179963
-109.646090 -76.849966 21.495535
-108.659698 -78.560944 21.811107
-107.673307 -80.271922 22.126679
-106.686915 -81.982900 22.442252
-105.700524 -83.693878 22.757824
-104.714132 -85.404856 23.073396
-103.727741 -87.115834 23.388968
-102.741349 -88.826812 23.704540
-101.754958 -90.537790 24.020112
-100.768567 -92.248769 24.335685
-99.782175 -93.959747 24.651257
-98.795784 -95.670725 24.966829
-97.809392 -97.381703 25.282401
-96.823001 -99.092681 25.597973
-95.836609 -100.803659 25.913545
-94.850218 -102.514637 26.229117
-93.863826 -104.225615 26.544690
-92.877435 -105.936593 26.860262
-91.891043 -107.647572 27.175834
-90.904652 -109.358550 27.491406
-89.918260 -111.069528 27.806978
-88.931869 -112.780506 28.122550
-87.945478 -114.491484 28.438123
-86.959086 -116.202462 28.753695
-85.972695 -117.913440 29.069267
-84.986303 -119.624418 29.384839
-83.999912 -121.335397 29.700411
-83.013520 -123.046375 30.015983
-82.027129 -124.757353 30.331555
-81.040737 -126.468331 30.647128
-80.054346 -128.179309 30.962700
-79.067954 -129.890287 31.278272
-78.081563 -131.601265 31.593844
-77.095172 -133.312243 31.909416
-76.108780 -135.023221 32.224988
-75.122389 -136.734200 32.540561
-74.135997 -138.445178 32.856133
-73.149606 -140.156156 33.171705
-72.163214 -141.867134 33.487277
-71.176823 -143.578112 33.802849
-70.190431 -145.289090 34.118421
-69.204040 -147.000068 34.433994
-68.217648 -148.711046 34.749566
-67.231257 -150.422024 35.065138
-66.244866 -152.133003 35.380710
-65.258474 -153.843981 35.696282
-64.272083 -155.554959 36.011854
-63.285691 -157.265937 36.327426
-62.299300 -158.976915 36.642999
-61.312908 -160.687893 36.958571
-60.326517 -162.398871 37.274143
-59.340125 -164.109849 37.589715
-58.353734 -165.820828 37.905287
-57.367342 -167.531806 38.220859
-56.380951 -169.242784 38.536432
-55.394560 -170.953762 38.852004
-54.408168 -172.664740 39.167576
-53.421777 -174.375718 39.483148
-52.435385 -176.086696 39.798720
-51.448994 -177.797674 40.114292
-50.462602 -179.508652 40.429864
-49.476211 -181.219631 40.745437
-48.489819 -182.930609 41.061009
-47.503428 -184.641587 41.376581
-46.517036 -186.352565 41.692153
-45.530645 -188.063543 42.007725
-44.544254 -189.774521 42.323297
147.866818 -112.633734 253.575020
147.266709 -112.218369 251.712940
146.666600 -111.803005 249.850860
146.066491 -111.387641 247.988780
145.466382 -110.972277 246.126700
144.866274 -110.556912 244.264620
144.266165 -110.141548 242.402540
143.666056 -109.726184 240.540460
143.065947 -109.310819 238.678380
142.465839 -108.895455 236.816300
141.865730 -108.480091 234.954220
141.265621 -108.064726 233.092140
140.665512 -107.649362 231.230060
140.065404 -107.233998 229.367980
139.465295 -106.818633 227.505900
138.865186 -106.403269 225.643820
138.265077 -105.987905 223.781740
137.664969 -105.572540 221.919660
137.064860 -105.157176 220.057580
136.464751 -104.741812 218.195500
135.864642 -104.326447 216.333419
135.264534 -103.911083 214.471339
134.664425 -103.495719 212.609259
134.064316 -103.080354 210.747179
133.464207 -102.664990 208.885099
132.864099 -102.249626 207.023019
132.263990 -101.834261 205.160939
131.663881 -101.418897 203.298859
131.063772 -101.003533 201.436779
130.463664 -100.588168 199.574699
129.863555 -100.172804 197.712619
129.263446 -99.757440 195.850539
128.663337 -99.342076 193.988459
128.063229 -98.926711 192.126379
127.463120 -98.511347 190.264299
126.863011 -98.095983 188.402219
126.262902 -97.680618 186.540139
125.662794 -97.265254 184.678059
125.062685 -96.849890 182.815979
124.462576 -96.434525 180.953899
123.862467 -96.019161 179.091819
123.262359 -95.603797 177.229739
122.662250 -95.188432 175.367659
122.062141 -94.773068 173.505579
121.462032 -94.357704 171.643499
120.861923 -93.942339 169.781419
120.261815 -93.526975 167.919339
119.661706 -93.111611 166.057259
119.061597 -92.696246 164.195179
118.461488 -92.280882 162.333099
117.861380 -91.865518 160.471019
117.261271 -91.450153 158.608939
116.661162 -91.034789 156.746859
116.061053 -90.619425 154.884779
115.460945 -90.204060 153.022699
114.860836 -89.788696 151.160619
114.260727 -89.373332 149.298539
113.660618 -88.957967 147.436459
113.060510 -88.542603 145.574379
112.460401 -88.127239 143.712299
111.860292 -87.711874 141.850219
111.260183 -87.296510 139.988139
110.660075 -86.881146 138.126059
110.059966 -86.465782 136.263979
109.459857 -86.050417 134.401899
108.859748 -85.635053 132.539819
108.259640 -85.219689 130.677739
107.659531 -84.804324 128.815659
107.059422 -84.388960 126.953579
106.459313 -83.973596 125.091499
-35.178773 175.319121 -247.606236
-36.549236 176.761478 -247.402677
-37.919699 178.203836 -247.199118
-39.290162 179.646193 -246.995559
-40.660625 181.088551 -246.792000
-42.031088 182.530908 -246.588442
-43.401550 183.973266 -246.384883
-44.772013 185.415623 -246.181324
-46.142476 186.857981 -245.977765
-47.512939 188.300338 -245.774206
-48.883402 189.742696 -245.570647
-50.253865 191.185053 -245.367088
-51.624328 192.627411 -245.163529
-52.994791 194.069768 -244.959971
-54.365254 195.512126 -244.756412
-55.735717 196.954483 -244.552853
-57.106180 198.396841 -244.349294
-58.476642 199.839198 -244.145735
-59.847105 201.281556 -243.942176
-61.217568 202.723913 -243.738617
-62.588031 204.166271 -243.535058
-63.958494 205.608628 -243.331500
-65.328957 207.050986 -243.127941
-66.699420 208.493343 -242.924382
-68.069883 209.935701 -242.720823
-69.440346 211.378059 -242.517264
-70.810809 212.820416 -242.313705
-72.181271 214.262774 -242.110146
-73.551734 215.705131 -241.906587
-74.922197 217.147489 -241.703029
-76.292660 218.589846 -241.499470
-77.663123 220.032204 -241.295911
-79.033586 221.474561 -241.092352
-80.404049 222.916919 -240.888793
-81.774512 224.359276 -240.685234
-83.144975 225.801634 -240.481675
-84.515438 227.243991 -240.278117
-85.885901 228.686349 -240.074558
-87.256363 230.128706 -239.870999
-88.626826 231.571064 -239.667440
-89.997289 233.013421 -239.463881
-91.367752 234.455779 -239.260322
-92.738215 235.898136 -239.056763
-94.108678 237.340494 -238.853204
-95.479141 238.782851 -238.649646
-96.849604 240.225209 -238.446087
-98.220067 241.667566 -238.242528
-99.590530 243.109924 -238.038969
-100.960993 244.552281 -237.835410
-102.331455 245.994639 -237.631851
-103.701918 247.436996 -237.428292
-105.072381 248.879354 -237.224733
-106.442844 250.321711 -237.021175
-107.813307 251.764069 -236.817616
-109.183770 253.206426 -236.614057
-110.554233 254.648784 -236.410498
-111.924696 256.091142 -236.206939
-113.295159 257.533499 -236.003380
-114.665622 258.975857 -235.799821
-116.036085 260.418214 -235.596263
-117.406547 261.860572 -235.392704
-118.777010 263.302929 -235.189145
-120.147473 264.745287 -234.985586
-121.517936 266.187644 -234.782027
-122.888399 267.630002 -234.578468
-124.258862 269.072359 -234.374909
-125.629325 270.514717 -234.171350
-126.999788 271.957074 -233.967792
-128.370251 273.399432 -233.764233
-129.740714 274.841789 -233.560674
159.468542 -175.764964 158.537349
161.217121 -175.299791 157.685242
162.965700 -174.834617 156.833134
164.714278 -174.369444 155.981027
166.462857 -173.904270 155.128920
168.211435 -173.439097 154.276813
169.960014 -172.973923 153.424706
171.708593 -172.508750 152.572599
173.457171 -172.043576 151.720492
175.205750 -171.578402 150.868385
176.954328 -171.113229 150.016278
178.702907 -170.648055 149.164171
180.451486 -170.182882 148.312064
182.200064 -169.717708 147.459957
183.948643 -169.252535 146.607850
185.697221 -168.787361 145.755743
187.445800 -168.322188 144.903636
189.194379 -167.857014 144.051529
190.942957 -167.391840 143.199422
192.691536 -166.926667 142.347315
194.440114 -166.461493 141.495208
196.188693 -165.996320 140.643101
197.937272 -165.531146 139.790993
199.685850 -165.065973 138.938886
201.434429 -164.600799 138.086779
203.183008 -164.135626 137.234672
204.931586 -163.670452 136.382565
206.680165 -163.205278 135.530458
208.428743 -162.740105 134.678351
210.177322 -162.274931 133.826244
211.925901 -161.809758 132.974137
213.674479 -161.344584 132.122030
215.423058 -160.879411 131.269923
217.171636 -160.414237 130.417816
218.920215 -159.949064 129.565709
220.668794 -159.483890 128.713602
222.417372 -159.018717 127.861495
224.165951 -158.553543 127.009388
225.914529 -158.088369 126.157281
227.663108 -157.623196 125.305174
229.411687 -157.158022 124.453067
231.160265 -156.692849 123.600960
232.908844 -156.227675 122.748852
234.657422 -155.762502 121.896745
236.406001 -155.297328 121.044638
238.154580 -154.832155 120.192531
239.903158 -154.366981 119.340424
241.651737 -153.901807 118.488317
243.400315 -153.436634 117.636210
245.148894 -152.971460 116.784103
246.897473 -152.506287 115.931996
248.646051 -152.041113 115.079889
250.394630 -151.575940 114.227782
252.143208 -151.110766 113.375675
253.891787 -150.645593 112.523568
255.640366 -150.180419 111.671461
257.388944 -149.715245 110.819354
259.137523 -149.250072 109.967247
260.886102 -148.784898 109.115140
262.634680 -148.319725 108.263033
264.383259 -147.854551 107.410926
266.131837 -147.389378 106.558819
267.880416 -146.924204 105.706711
269.628995 -146.459031 104.854604
271.377573 -145.993857 104.002497
273.126152 -145.528683 103.150390
274.874730 -145.063510 102.298283
276.623309 -144.598336 101.446176
278.371888 -144.133163 100.594069
280.120466 -143.667989 99.741962
14.457166 0.918290 -298.257914
12.907257 -0.336070 -298.101825
11.357347 -1.590429 -297.945737
9.807438 -2.844788 -297.789648
8.257529 -4.099148 -297.633559
6.707619 -5.353507 -297.477471
5.157710 -6.607866 -297.321382
3.607800 -7.862226 -297.165293
2.057891 -9.116585 -297.009204
0.507982 -10.370944 -296.853116
-1.041928 -11.625304 -296.697027
-2.591837 -12.879663 -296.540938
-4.141746 -14.134022 -296.384850
-5.691656 -15.388382 -296.228761
-7.241565 -16.642741 -296.072672
-8.791474 -17.897100 -295.916584
-10.341384 -19.151459 -295.760495
-11.891293 -20.405819 -295.604406
-13.441203 -21.660178 -295.448318
-14.991112 -22.914537 -295.292229
-16.541021 -24.168897 -295.136140
-18.090931 -25.423256 -294.980051
-19.640840 -26.677615 -294.823963
-21.190749 -27.931975 -294.667874
-22.740659 -29.186334 -294.511785
-24.290568 -30.440693 -294.355697
-25.840477 -31.695053 -294.199608
-27.390387 -32.949412 -294.043519
-28.940296 -34.203771 -293.887431
-30.490206 -35.458130 -293.731342
-32.040115 -36.712490 -293.575253
-33.590024 -37.966849 -293.419165
-35.139934 -39.221208 -293.263076
-36.689843 -40.475568 -293.106987
-38.239752 -41.729927 -292.950898
-39.789662 -42.984286 -292.794810
-41.339571 -44.238646 -292.638721
-42.889480 -45.493005 -292.482632
-44.439390 -46.747364 -292.326544
-45.989299 -48.001724 -292.170455
-47.539209 -49.256083 -292.014366
-49.089118 -50.510442 -291.858278
-50.639027 -51.764802 -291.702189
-52.188937 -53.019161 -291.546100
-53.738846 -54.273520 -291.390012
-55.288755 -55.527879 -291.233923
-56.838665 -56.782239 -291.077834
-58.388574 -58.036598 -290.921745
-59.938483 -59.290957 -290.765657
-61.488393 -60.545317 -290.609568
-63.038302 -61.799676 -290.453479
-64.588212 -63.054035 -290.297391
-66.138121 -64.308395 -290.141302
-67.688030 -65.562754 -289.985213
-69.237940 -66.817113 -289.829125
-70.787849 -68.071473 -289.673036
-72.337758 -69.325832 -289.516947
-73.887668 -70.580191 -289.360859
-75.437577 -71.834550 -289.204770
-76.987486 -73.088910 -289.048681
-78.537396 -74.343269 -288.892592
-80.087305 -75.597628 -288.736504
-81.637215 -76.851988 -288.580415
-83.187124 -78.106347 -288.424326
-84.737033 -79.360706 -288.268238
-86.286943 -80.615066 -288.112149
-87.836852 -81.869425 -287.956060
-89.386761 -83.123784 -287.799972
-90.936671 -84.378144 -287.643883
-92.486580 -85.632503 -287.487794
-54.559815 -145.826671 -159.046625
-52.984208 -147.058522 -159.048596
-51.408600 -148.290373 -159.050566
-49.832993 -149.522225 -159.052537
-48.257385 -150.754076 -159.054507
-46.681778 -151.985927 -159.056477
-45.106170 -153.217778 -159.058448
-43.530563 -154.449629 -159.060418
-41.954955 -155.681480 -159.062389
-40.379348 -156.913331 -159.064359
-38.803740 -158.145183 -159.066330
-37.228133 -159.377034 -159.068300
-35.652526 -160.608885 -159.070271
-34.076918 -161.840736 -159.072241
-32.501311 -163.072587 -159.074211
-30.925703 -164.304438 -159.076182
-29.350096 -165.536290 -159.078152
-27.774488 -166.768141 -159.080123
-26.198881 -167.999992 -159.082093
-24.623273 -169.231843 -159.084064
-23.047666 -170.463694 -159.086034
-21.472059 -171.695545 -159.088005
-19.896451 -172.927397 -159.089975
-18.320844 -174.159248 -159.091946
-16.745236 -175.391099 -159.093916
-15.169629 -176.622950 -159.095886
-13.594021 -177.854801 -159.097857
-12.018414 -179.086652 -159.099827
-10.442806 -180.318504 -159.101798
-8.867199 -181.550355 -159.103768
-7.291592 -182.782206 -159.105739
-5.715984 -184.014057 -159.107709
-4.140377 -185.245908 -159.109680
-2.564769 -186.477759 -159.111650
-0.989162 -187.709611 -159.113620
0.586446 -188.941462 -159.115591
2.162053 -190.173313 -159.117561
3.737661 -191.405164 -159.119532
5.313268 -192.637015 -159.121502
6.888875 -193.868866 -159.123473
8.464483 -195.100718 -159.125443
10.040090 -196.332569 -159.127414
11.615698 -197.564420 -159.129384
13.191305 -198.796271 -159.131354
14.766913 -200.028122 -159.133325
16.342520 -201.259973 -159.135295
17.918128 -202.491825 -159.137266
19.493735 -203.723676 -159.139236
21.069342 -204.955527 -159.141207
22.644950 -206.187378 -159.143177
24.220557 -207.419229 -159.145148
25.796165 -208.651080 -159.147118
27.371772 -209.882932 -159.149088
28.947380 -211.114783 -159.151059
30.522987 -212.346634 -159.153029
32.098595 -213.578485 -159.155000
33.674202 -214.810336 -159.156970
35.249810 -216.042187 -159.158941
36.825417 -217.274039 -159.160911
38.401024 -218.505890 -159.162882
39.976632 -219.737741 -159.164852
41.552239 -220.969592 -159.166823
43.127847 -222.201443 -159.168793
44.703454 -223.433294 -159.170763
46.279062 -224.665146 -159.172734
47.854669 -225.896997 -159.174704
49.430277 -227.128848 -159.176675
51.005884 -228.360699 -159.178645
52.581491 -229.592550 -159.180616
54.157099 -230.824401 -159.182586
269.756266 -58.477091 228.959495
269.672533 -56.640175 228.172901
269.588800 -54.803260 227.386306
269.505067 -52.966344 226.599712
269.421334 -51.129429 225.813118
269.337601 -49.292514 225.026523
269.253868 -47.455598 224.239929
269.170135 -45.618683 223.453335
269.086402 -43.781767 222.666741
269.002668 -41.944852 221.880146
268.918935 -40.107937 221.093552
268.835202 -38.271021 220.306958
268.751469 -36.434106 219.520363
268.667736 -34.597190 218.733769
268.584003 -32.760275 217.947175
268.500270 -30.923360 217.160581
268.416537 -29.086444 216.373986
268.332804 -27.249529 215.587392
268.249071 -25.412613 214.800798
268.165338 -23.575698 214.014203
268.081605 -21.738783 213.227609
267.997872 -19.901867 212.441015
267.914139 -18.064952 211.654420
267.830406 -16.228036 210.867826
267.746673 -14.391121 210.081232
267.662939 -12.554206 209.294638
267.579206 -10.717290 208.508043
267.495473 -8.880375 207.721449
267.411740 -7.043459 206.934855
267.328007 -5.206544 206.148260
267.244274 -3.369629 205.361666
267.160541 -1.532713 204.575072
267.076808 0.304202 203.788478
266.993075 2.141118 203.001883
266.909342 3.978033 202.215289
266.825609 5.814948 201.428695
266.741876 7.651864 200.642100
266.658143 9.488779 199.855506
266.574410 11.325695 199.068912
266.490677 13.162610 198.282318
266.406944 14.999525 197.495723
266.323210 16.836441 196.709129
266.239477 18.673356 195.922535
266.155744 20.510272 195.135940
266.072011 22.347187 194.349346
265.988278 24.184102 193.562752
265.904545 26.021018 192.776158
265.820812 27.857933 191.989563
265.737079 29.694849 191.202969
265.653346 31.531764 190.416375
265.569613 33.368680 189.629780
265.485880 35.205595 188.843186
265.402147 37.042510 188.056592
265.318414 38.879426 187.269998
265.234681 40.716341 186.483403
265.150948 42.553257 185.696809
265.067215 44.390172 184.910215
264.983481 46.227087 184.123620
264.899748 48.064003 183.337026
264.816015 49.900918 182.550432
264.732282 51.737834 181.763838
264.648549 53.574749 180.977243
264.564816 55.411664 180.190649
264.481083 57.248580 179.404055
264.397350 59.085495 178.617460
264.313617 60.922411 177.830866
264.229884 62.759326 177.044272
264.146151 64.596241 176.257678
264.062418 66.433157 175.471083
263.978685 68.270072 174.684489
299.970609 -14.862499 -89.851569
298.651116 -14.417479 -91.287151
297.331623 -13.972459 -92.722732
296.012130 -13.527439 -94.158314
294.692636 -13.082418 -95.593896
293.373143 -12.637398 -97.029477
292.053650 -12.192378 -98.465059
290.734157 -11.747358 -99.900641
289.414663 -11.302338 -101.336222
288.095170 -10.857317 -102.771804
286.775677 -10.412297 -104.207385
285.456184 -9.967277 -105.642967
284.136690 -9.522257 -107.078549
282.817197 -9.077236 -108.514130
281.497704 -8.632216 -109.949712
280.178211 -8.187196 -111.385294
278.858717 -7.742176 -112.820875
277.539224 -7.297156 -114.256457
276.219731 -6.852135 -115.692038
274.900238 -6.407115 -117.127620
273.580745 -5.962095 -118.563202
272.261251 -5.517075 -119.998783
270.941758 -5.072055 -121.434365
269.622265 -4.627034 -122.869946
268.302772 -4.182014 -124.305528
266.983278 -3.736994 -125.741110
265.663785 -3.291974 -127.176691
264.344292 -2.846953 -128.612273
263.024799 -2.401933 -130.047855
261.705305 -1.956913 -131.483436
260.385812 -1.511893 -132.919018
259.066319 -1.066873 -134.354599
257.746826 -0.621852 -135.790181
256.427332 -0.176832 -137.225763
255.107839 0.268188 -138.661344
253.788346 0.713208 -140.096926
252.468853 1.158229 -141.532508
251.149359 1.603249 -142.968089
249.829866 2.048269 -144.403671
248.510373 2.493289 -145.839252
247.190880 2.938309 -147.274834
245.871386 3.383330 -148.710416
244.551893 3.828350 -150.145997
243.232400 4.273370 -151.581579
241.912907 4.718390 -153.017161
240.593414 5.163411 -154.452742
239.273920 5.608431 -155.888324
237.954427 6.053451 -157.323905
236.634934 6.498471 -158.759487
235.315441 6.943491 -160.195069
233.995947 7.388512 -161.630650
232.676454 7.833532 -163.066232
231.356961 8.278552 -164.501814
230.037468 8.723572 -165.937395
228.717974 9.168592 -167.372977
227.398481 9.613613 -168.808558
226.078988 10.058633 -170.244140
224.759495 10.503653 -171.679722
223.440001 10.948673 -173.115303
222.120508 11.393694 -174.550885
220.801015 11.838714 -175.986467
219.481522 12.283734 -177.422048
218.162028 12.728754 -178.857630
216.842535 13.173774 -180.293211
215.523042 13.618795 -181.728793
214.203549 14.063815 -183.164375
212.884056 14.508835 -184.599956
211.564562 14.953855 -186.035538
210.245069 15.398876 -187.471120
208.925576 15.843896 -188.906701
-275.837646 145.448459 -129.856168
-274.316945 146.013486 -128.686462
-272.796243 146.578514 -127.516757
-271.275542 147.143541 -126.347051
-269.754841 147.708569 -125.177345
-268.234139 148.273596 -124.007640
-266.713438 148.838624 -122.837934
-265.192737 149.403651 -121.668228
-263.672035 149.968678 -120.498523
-262.151334 150.533706 -119.328817
-260.630633 151.098733 -118.159111
-259.109931 151.663761 -116.989406
-257.589230 152.228788 -115.819700
-256.068528 152.793816 -114.649994
-254.547827 153.358843 -113.480289
-253.027126 153.923870 -112.310583
-251.506424 154.488898 -111.140877
-249.985723 155.053925 -109.971172
-248.465022 155.618953 -108.801466
-246.944320 156.183980 -107.631760
-245.423619 156.749008 -106.462055
-243.902918 157.314035 -105.292349
-242.382216 157.879062 -104.122643
-240.861515 158.444090 -102.952937
-239.340813 159.009117 -101.783232
-237.820112 159.574145 -100.613526
-236.299411 160.139172 -99.443820
-234.778709 160.704199 -98.274115
-233.258008 161.269227 -97.104409
-231.737307 161.834254 -95.934703
-230.216605 162.399282 -94.764998
-228.695904 162.964309 -93.595292
-227.175203 163.529337 -92.425586
-225.654501 164.094364 -91.255881
-224.133800 164.659391 -90.086175
-222.613099 165.224419 -88.916469
-221.092397 165.789446 -87.746764
-219.571696 166.354474 -86.577058
-218.050994 166.919501 -85.407352
-216.530293 167.484529 -84.237647
-215.009592 168.049556 -83.067941
-213.488890 168.614583 -81.898235
-211.968189 169.179611 -80.728529
-210.447488 169.744638 -79.558824
-208.926786 170.309666 -78.389118
-207.406085 170.874693 -77.219412
-205.885384 171.439721 -76.049707
-204.364682 172.004748 -74.880001
-202.843981 172.569775 -73.710295
-201.323279 173.134803 -72.540590
-199.802578 173.699830 -71.370884
-198.281877 174.264858 -70.201178
-196.761175 174.829885 -69.031473
-195.240474 175.394912 -67.861767
-193.719773 175.959940 -66.692061
-192.199071 176.524967 -65.522356
-190.678370 177.089995 -64.352650
-189.157669 177.655022 -63.182944
-187.636967 178.220050 -62.013239
-186.116266 178.785077 -60.843533
-184.595565 179.350104 -59.673827
-183.074863 179.915132 -58.504122
-181.554162 180.480159 -57.334416
-180.033460 181.045187 -56.164710
-178.512759 181.610214 -54.995004
-176.992058 182.175242 -53.825299
-175.471356 182.740269 -52.655593
-173.950655 183.305296 -51.485887
-172.429954 183.870324 -50.316182
-170.909252 184.435351 -49.146476
-73.100249 -195.278379 -197.131304
-74.446264 -196.755369 -197.049186
-75.792280 -198.232358 -196.967068
-77.138296 -199.709348 -196.884950
-78.484312 -201.186337 -196.802832
-79.830328 -202.663327 -196.720713
-81.176344 -204.140316 -196.638595
-82.522360 -205.617306 -196.556477
-83.868375 -207.094295 -196.474359
-85.214391 -208.571285 -196.392241
-86.560407 -210.048274 -196.310123
-87.906423 -211.525264 -196.228005
-89.252439 -213.002253 -196.145887
-90.598455 -214.479243 -196.063768
-91.944471 -215.956232 -195.981650
-93.290486 -217.433221 -195.899532
-94.636502 -218.910211 -195.817414
-95.982518 -220.387200 -195.735296
-97.328534 -221.864190 -195.653178
-98.674550 -223.341179 -195.571060
-100.020566 -224.818169 -195.488942
-101.366582 -226.295158 -195.406823
-102.712597 -227.772148 -195.324705
-104.058613 -229.249137 -195.242587
-105.404629 -230.726127 -195.160469
-106.750645 -232.203116 -195.078351
-108.096661 -233.680106 -194.996233
-109.442677 -235.157095 -194.914115
-110.788693 -236.634085 -194.831997
-112.134708 -238.111074 -194.749878
-113.480724 -239.588064 -194.667760
-114.826740 -241.065053 -194.585642
-116.172756 -242.542043 -194.503524
-117.518772 -244.019032 -194.421406
-118.864788 -245.496022 -194.339288
-120.210804 -246.973011 -194.257170
-121.556819 -248.450001 -194.175052
-122.902835 -249.926990 -194.092933
-124.248851 -251.403980 -194.010815
-125.594867 -252.880969 -193.928697
-126.940883 -254.357958 -193.846579
-128.286899 -255.834948 -193.764461
-129.632915 -257.311937 -193.682343
-130.978930 -258.788927 -193.600225
-132.324946 -260.265916 -193.518107
-133.670962 -261.742906 -193.435988
-135.016978 -263.219895 -193.353870
-136.362994 -264.696885 -193.271752
-137.709010 -266.173874 -193.189634
-139.055026 -267.650864 -193.107516
-140.401041 -269.127853 -193.025398
-141.747057 -270.604843 -192.943280
-143.093073 -272.081832 -192.861162
-144.439089 -273.558822 -192.779043
-145.785105 -275.035811 -192.696925
-147.131121 -276.512801 -192.614807
-148.477137 -277.989790 -192.532689
-149.823152 -279.466780 -192.450571
-151.169168 -280.943769 -192.368453
-152.515184 -282.420759 -192.286335
-153.861200 -283.897748 -192.204216
-155.207216 -285.374738 -192.122098
-156.553232 -286.851727 -192.039980
-157.899248 -288.328717 -191.957862
-159.245263 -289.805706 -191.875744
-160.591279 -291.282696 -191.793626
-161.937295 -292.759685 -191.711508
-163.283311 -294.236674 -191.629390
-164.629327 -295.713664 -191.547271
-165.975343 -297.190653 -191.465153
-189.585143 -40.033611 159.794800
-190.124923 -38.108188 159.831999
-190.664702 -36.182765 159.869199
-191.204481 -34.257342 159.906398
-191.744260 -32.331918 159.943597
-192.284039 -30.406495 159.980796
-192.823819 -28.481072 160.017995
-193.363598 -26.555649 160.055194
-193.903377 -24.630226 160.092394
-194.443156 -22.704802 160.129593
-194.982936 -20.779379 160.166792
-195.522715 -18.853956 160.203991
-196.062494 -16.928533 160.241190
-196.602273 -15.003109 160.278389
-197.142053 -13.077686 160.315589
-197.681832 -11.152263 160.352788
-198.221611 -9.226840 160.389987
-198.761390 -7.301417 160.427186
-199.301170 -5.375993 160.464385
-199.840949 -3.450570 160.501584
-200.380728 -1.525147 160.538784
-200.920507 0.400276 160.575983
-201.460287 2.325700 160.613182
-202.000066 4.251123 160.650381
-202.539845 6.176546 160.687580
-203.079624 8.101969 160.724779
-203.619403 10.027392 160.761979
-204.159183 11.952816 160.799178
-204.698962 13.878239 160.836377
-205.238741 15.803662 160.873576
-205.778520 17.729085 160.910775
-206.318300 19.654509 160.947974
-206.858079 21.579932 160.985173
-207.397858 23.505355 161.022373
-207.937637 25.430778 161.059572
-208.477417 27.356202 161.096771
-209.017196 29.281625 161.133970
-209.556975 31.207048 161.171169
-210.096754 33.132471 161.208368
-210.636534 35.057894 161.245568
-211.176313 36.983318 161.282767
-211.716092 38.908741 161.319966
-212.255871 40.834164 161.357165
-212.795651 42.759587 161.394364
-213.335430 44.685011 161.431563
-213.875209 46.610434 161.468763
-214.414988 48.535857 161.505962
-214.954767 50.461280 161.543161
-215.494547 52.386703 161.580360
-216.034326 54.312127 161.617559
-216.574105 56.237550 161.654758
-217.113884 58.162973 161.691958
-217.653664 60.088396 161.729157
-218.193443 62.013820 161.766356
-218.733222 63.939243 161.803555
-219.273001 65.864666 161.840754
-219.812781 67.790089 161.877953
-220.352560 69.715512 161.915153
-220.892339 71.640936 161.952352
-221.432118 73.566359 161.989551
-221.971898 75.491782 162.026750
-222.511677 77.417205 162.063949
-223.051456 79.342629 162.101148
-223.591235 81.268052 162.138347
-224.131015 83.193475 162.175547
-224.670794 85.118898 162.212746
-225.210573 87.044322 162.249945
-225.750352 88.969745 162.287144
-226.290131 90.895168 162.324343
-226.829911 92.820591 162.361542
-243.280567 7.028457 -194.470412
-243.012962 8.880071 -195.177455
-242.745358 10.731686 -195.884499
-242.477753 12.583301 -196.591543
-242.210149 14.434916 -197.298586
-241.942544 16.286530 -198.005630
-241.674940 18.138145 -198.712673
-241.407335 19.989760 -199.419717
-241.139731 21.841374 -200.126761
-240.872126 23.692989 -200.833804
-240.604521 25.544604 -201.540848
-240.336917 27.396219 -202.247892
-240.069312 29.247833 -202.954935
-239.801708 31.099448 -203.661979
-239.534103 32.951063 -204.369022
-239.266499 34.802678 -205.076066
-238.998894 36.654292 -205.783110
-238.731290 38.505907 -206.490153
-238.463685 40.357522 -207.197197
-238.196081 42.209137 -207.904240
-237.928476 44.060751 -208.611284
-237.660871 45.912366 -209.318328
-237.393267 47.763981 -210.025371
-237.125662 49.615596 -210.732415
-236.858058 51.467210 -211.439459
-236.590453 53.318825 -212.146502
-236.322849 55.170440 -212.853546
-236.055244 57.022054 -213.560589
-235.787640 58.873669 -214.267633
-235.520035 60.725284 -214.974677
-235.252431 62.576899 -215.681720
-234.984826 64.428513 -216.388764
-234.717222 66.280128 -217.095807
-234.449617 68.131743 -217.802851
-234.182012 69.983358 -218.509895
-233.914408 71.834972 -219.216938
-233.646803 73.686587 -219.923982
-233.379199 75.538202 -220.631026
-233.111594 77.389817 -221.338069
-232.843990 79.241431 -222.045113
-232.576385 81.093046 -222.752156
-232.308781 82.944661 -223.459200
-232.041176 84.796276 -224.166244
-231.773572 86.647890 -224.873287
-231.505967 88.499505 -225.580331
-231.238362 90.351120 -226.287374
-230.970758 92.202734 -226.994418
-230.703153 94.054349 -227.701462
-230.435549 95.905964 -228.408505
-230.167944 97.757579 -229.115549
-229.900340 99.609193 -229.822593
-229.632735 101.460808 -230.529636
-229.365131 103.312423 -231.236680
-229.097526 105.164038 -231.943723
-228.829922 107.015652 -232.650767
-228.562317 108.867267 -233.357811
-228.294712 110.718882 -234.064854
-228.027108 112.570497 -234.771898
-227.759503 114.422111 -235.478941
-227.491899 116.273726 -236.185985
-227.224294 118.125341 -236.893029
-226.956690 119.976956 -237.600072
-226.689085 121.828570 -238.307116
-226.421481 123.680185 -239.014160
-226.153876 125.531800 -239.721203
-225.886272 127.383414 -240.428247
-225.618667 129.235029 -241.135290
-225.351062 131.086644 -241.842334
-225.083458 132.938259 -242.549378
-224.815853 134.789873 -243.256421
-8.707580 90.248411 186.867743
-9.700797 90.354731 185.135052
-10.694014 90.461050 183.402362
-11.687231 90.567370 181.669671
-12.680447 90.673690 179.936981
-13.673664 90.780010 178.204290
-14.666881 90.886330 176.471599
-15.660098 90.992650 174.738909
-16.653315 91.098970 173.006218
-17.646531 91.205289 171.273528
-18.639748 91.311609 169.540837
-19.632965 91.417929 167.808147
-20.626182 91.524249 166.075456
-21.619398 91.630569 164.342766
-22.612615 91.736889 162.610075
-23.605832 91.843208 160.877384
-24.599049 91.949528 159.144694
-25.592265 92.055848 157.412003
-26.585482 92.162168 155.679313
-27.578699 92.268488 153.946622
-28.571916 92.374808 152.213932
-29.565132 92.481127 150.481241
-30.558349 92.587447 148.748551
-31.551566 92.693767 147.015860
-32.544783 92.800087 145.283169
-33.537999 92.906407 143.550479
-34.531216 93.012727 141.817788
-35.524433 93.119046 140.085098
-36.517650 93.225366 138.352407
-37.510867 93.331686 136.619717
-38.504083 93.438006 134.887026
-39.497300 93.544326 133.154336
-40.490517 93.650646 131.421645
-41.483734 93.756966 129.688954
-42.476950 93.863285 127.956264
-43.470167 93.969605 126.223573
-44.463384 94.075925 124.490883
-45.456601 94.182245 122.758192
-46.449817 94.288565 121.025502
-47.443034 94.394885 119.292811
-48.436251 94.501204 117.560121
-49.429468 94.607524 115.827430
-50.422684 94.713844 114.094739
-51.415901 94.820164 112.362049
-52.409118 94.926484 110.629358
-53.402335 95.032804 108.896668
-54.395551 95.139123 107.163977
-55.388768 95.245443 105.431287
-56.381985 95.351763 103.698596
-57.375202 95.458083 101.965906
-58.368418 95.564403 100.233215
-59.361635 95.670723 98.500524
-60.354852 95.777042 96.767834
-61.348069 95.883362 95.035143
-62.341286 95.989682 93.302453
-63.334502 96.096002 91.569762
-64.327719 96.202322 89.837072
-65.320936 96.308642 88.104381
-66.314153 96.414962 86.371691
-67.307369 96.521281 84.639000
-68.300586 96.627601 82.906309
-69.293803 96.733921 81.173619
-70.287020 96.840241 79.440928
-71.280236 96.946561 77.708238
-72.273453 97.052881 75.975547
-73.266670 97.159200 74.242857
-74.259887 97.265520 72.510166
-75.253103 97.371840 70.777476
-76.246320 97.478160 69.044785
-77.239537 97.584480 67.312094
-148.819975 146.347504 263.831236
-149.883777 147.446098 262.542276
-150.947579 148.544693 261.253317
-152.011381 149.643287 259.964358
-153.075183 150.741881 258.675398
-154.138985 151.840475 257.386439
-155.202787 152.939069 256.097480
-156.266589 154.037663 254.808520
-157.330391 155.136257 253.519561
-158.394193 156.234851 252.230602
-159.457995 157.333446 250.941642
-160.521798 158.432040 249.652683
-161.585600 159.530634 248.363724
-162.649402 160.629228 247.074764
-163.713204 161.727822 245.785805
-164.777006 162.826416 244.496846
-165.840808 163.925010 243.207887
-166.904610 165.023605 241.918927
-167.968412 166.122199 240.629968
-169.032214 167.220793 239.341009
-170.096016 168.319387 238.052049
-171.159818 169.417981 236.763090
-172.223620 170.516575 235.474131
-173.287422 171.615169 234.185171
-174.351224 172.713763 232.896212
-175.415026 173.812358 231.607253
-176.478828 174.910952 230.318293
-177.542630 176.009546 229.029334
-178.606433 177.108140 227.740375
-179.670235 178.206734 226.451415
-180.734037 179.305328 225.162456
-181.797839 180.403922 223.873497
-182.861641 181.502517 222.584537
-183.925443 182.601111 221.295578
-184.989245 183.699705 220.006619
-186.053047 184.798299 218.717660
-187.116849 185.896893 217.428700
-188.180651 186.995487 216.139741
-189.244453 188.094081 214.850782
-190.308255 189.192675 213.561822
-191.372057 190.291270 212.272863
-192.435859 191.389864 210.983904
-193.499661 192.488458 209.694944
-194.563463 193.587052 208.405985
-195.627265 194.685646 207.117026
-196.691067 195.784240 205.828066
-197.754870 196.882834 204.539107
-198.818672 197.981429 203.250148
-199.882474 199.080023 201.961188
-200.946276 200.178617 200.672229
-202.010078 201.277211 199.383270
-203.073880 202.375805 198.094311
-204.137682 203.474399 196.805351
-205.201484 204.572993 195.516392
-206.265286 205.671587 194.227433
-207.329088 206.770182 192.938473
-208.392890 207.868776 191.649514
-209.456692 208.967370 190.360555
-210.520494 210.065964 189.071595
-211.584296 211.164558 187.782636
-212.648098 212.263152 186.493677
-213.711900 213.361746 185.204717
-214.775702 214.460341 183.915758
-215.839505 215.558935 182.626799
-216.903307 216.657529 181.337839
-217.967109 217.756123 180.048880
-219.030911 218.854717 178.759921
-220.094713 219.953311 177.470962
-221.158515 221.051905 176.182002
-222.222317 222.150500 174.893043
-99.185655 254.328751 59.682937
-99.664839 253.506038 61.441780
-100.144023 252.683325 63.200622
-100.623207 251.860611 64.959464
-101.102391 251.037898 66.718306
-101.581575 250.215185 68.477148
-102.060759 249.392472 70.235991
-102.539943 248.569759 71.994833
-103.019127 247.747046 73.753675
-103.498311 246.924333 75.512517
-103.977495 246.101620 77.271360
-104.456678 245.278907 79.030202
-104.935862 244.456194 80.789044
-105.415046 243.633481 82.547886
-105.894230 242.810768 84.306729
-106.373414 241.988055 86.065571
-106.852598 241.165342 87.824413
-107.331782 240.342629 89.583255
-107.810966 239.519916 91.342097
-108.290150 238.697203 93.100940
-108.769334 237.874490 94.859782
-109.248518 237.051777 96.618624
-109.727702 236.229064 98.377466
-110.206886 235.406351 100.136309
-110.686070 234.583637 101.895151
-111.165254 233.760924 103.653993
-111.644438 232.938211 105.412835
-112.123622 232.115498 107.171678
-112.602805 231.292785 108.930520
-113.081989 230.470072 110.689362
-113.561173 229.647359 112.448204
-114.040357 228.824646 114.207046
-114.519541 228.001933 115.965889
-114.998725 227.179220 117.724731
-115.477909 226.356507 119.483573
-115.957093 225.533794 121.242415
-116.436277 224.711081 123.001258
-116.915461 223.888368 124.760100
-117.394645 223.065655 126.518942
-117.873829 222.242942 128.277784
-118.353013 221.420229 130.036626
-118.832197 220.597516 131.795469
-119.311381 219.774803 133.554311
-119.790565 218.952090 135.313153
-120.269749 218.129377 137.071995
-120.748932 217.306663 138.830838
-121.228116 216.483950 140.589680
-121.707300 215.661237 142.348522
-122.186484 214.838524 144.107364
-122.665668 214.015811 145.866207
-123.144852 213.193098 147.625049
-123.624036 212.370385 149.383891
-124.103220 211.547672 151.142733
-124.582404 210.724959 152.901575
-125.061588 209.902246 154.660418
-125.540772 209.079533 156.419260
-126.019956 208.256820 158.178102
-126.499140 207.434107 159.936944
-126.978324 206.611394 161.695787
-127.457508 205.788681 163.454629
-127.936692 204.965968 165.213471
-128.415876 204.143255 166.972313
-128.895060 203.320542 168.731156
-129.374243 202.497829 170.489998
-129.853427 201.675116 172.248840
-130.332611 200.852403 174.007682
-130.811795 200.029689 175.766524
-131.290979 199.206976 177.525367
-131.770163 198.384263 179.284209
-132.249347 197.561550 181.043051
225.602931 -103.874516 -49.765488
225.997184 -104.683047 -47.979195
226.391437 -105.491577 -46.192901
226.785690 -106.300107 -44.406608
227.179944 -107.108637 -42.620315
227.574197 -107.917167 -40.834022
227.968450 -108.725697 -39.047728
228.362703 -109.534227 -37.261435
228.756956 -110.342757 -35.475142
229.151209 -111.151287 -33.688849
229.545462 -111.959817 -31.902555
229.939715 -112.768347 -30.116262
230.333968 -113.576877 -28.329969
230.728222 -114.385408 -26.543676
231.122475 -115.193938 -24.757382
231.516728 -116.002468 -22.971089
231.910981 -116.810998 -21.184796
232.305234 -117.619528 -19.398503
232.699487 -118.428058 -17.612209
233.093740 -119.236588 -15.825916
233.487993 -120.045118 -14.039623
233.882246 -120.853648 -12.253330
234.276499 -121.662178 -10.467036
234.670753 -122.470708 -8.680743
235.065006 -123.279239 -6.894450
235.459259 -124.087769 -5.108157
235.853512 -124.896299 -3.321863
236.247765 -125.704829 -1.535570
236.642018 -126.513359 0.250723
237.036271 -127.321889 2.037016
237.430524 -128.130419 3.823310
237.824777 -128.938949 5.609603
238.219031 -129.747479 7.395896
238.613284 -130.556009 9.182189
239.007537 -131.364539 10.968483
239.401790 -132.173069 12.754776
239.796043 -132.981600 14.541069
240.190296 -133.790130 16.327362
240.584549 -134.598660 18.113656
240.978802 -135.407190 19.899949
241.373055 -136.215720 21.686242
241.767309 -137.024250 23.472535
242.161562 -137.832780 25.258829
242.555815 -138.641310 27.045122
242.950068 -139.449840 28.831415
243.344321 -140.258370 30.617708
243.738574 -141.066900 32.404002
244.132827 -141.875431 34.190295
244.527080 -142.683961 35.976588
244.921333 -143.492491 37.762881
245.315586 -144.301021 39.549175
245.709840 -145.109551 41.335468
246.104093 -145.918081 43.121761
246.498346 -146.726611 44.908054
246.892599 -147.535141 46.694348
247.286852 -148.343671 48.480641
247.681105 -149.152201 50.266934
248.075358 -149.960731 52.053227
248.469611 -150.769261 53.839521
248.863864 -151.577792 55.625814
249.258118 -152.386322 57.412107
249.652371 -153.194852 59.198400
250.046624 -154.003382 60.984694
250.440877 -154.811912 62.770987
250.835130 -155.620442 64.557280
251.229383 -156.428972 66.343573
251.623636 -157.237502 68.129867
252.017889 -158.046032 69.916160
252.412142 -158.854562 71.702453
252.806395 -159.663092 73.488746
96.213412 -85.076972 153.034361
97.502582 -84.934666 154.556789
98.791753 -84.792361 156.079217
100.080924 -84.650055 157.601646
101.370095 -84.507750 159.124074
102.659266 -84.365444 160.646502
103.948437 -84.223138 162.168930
105.237608 -84.080833 163.691358
106.526779 -83.938527 165.213786
107.815950 -83.796222 166.736215
109.105120 -83.653916 168.258643
110.394291 -83.511610 169.781071
111.683462 -83.369305 171.303499
112.972633 -83.226999 172.825927
114.261804 -83.084694 174.348355
115.550975 -82.942388 175.870784
116.840146 -82.800083 177.393212
118.129317 -82.657777 178.915640
119.418487 -82.515471 180.438068
120.707658 -82.373166 181.960496
121.996829 -82.230860 183.482925
123.286000 -82.088555 185.005353
124.575171 -81.946249 186.527781
125.864342 -81.803943 188.050209
127.153513 -81.661638 189.572637
128.442684 -81.519332 191.095065
129.731854 -81.377027 192.617494
131.021025 -81.234721 194.139922
132.310196 -81.092415 195.662350
133.599367 -80.950110 197.184778
134.888538 -80.807804 198.707206
136.177709 -80.665499 200.229635
137.466880 -80.523193 201.752063
138.756051 -80.380887 203.274491
140.045222 -80.238582 204.796919
141.334392 -80.096276 206.319347
142.623563 -79.953971 207.841775
143.912734 -79.811665 209.364204
145.201905 -79.669360 210.886632
146.491076 -79.527054 212.409060
147.780247 -79.384748 213.931488
149.069418 -79.242443 215.453916
150.358589 -79.100137 216.976345
151.647759 -78.957832 218.498773
152.936930 -78.815526 220.021201
154.226101 -78.673220 221.543629
155.515272 -78.530915 223.066057
156.804443 -78.388609 224.588485
158.093614 -78.246304 226.110914
159.382785 -78.103998 227.633342
160.671956 -77.961692 229.155770
161.961126 -77.819387 230.678198
163.250297 -77.677081 232.200626
164.539468 -77.534776 233.723054
165.828639 -77.392470 235.245483
167.117810 -77.250165 236.767911
168.406981 -77.107859 238.290339
169.696152 -76.965553 239.812767
170.985323 -76.823248 241.335195
172.274494 -76.680942 242.857624
173.563664 -76.538637 244.380052
174.852835 -76.396331 245.902480
176.142006 -76.254025 247.424908
177.431177 -76.111720 248.947336
178.720348 -75.969414 250.469764
180.009519 -75.827109 251.992193
181.298690 -75.684803 253.514621
182.587861 -75.542497 255.037049
183.877031 -75.400192 256.559477
185.166202 -75.257886 258.081905
-134.607030 -289.365587 -74.721807
-133.729872 -287.590525 -74.439410
-132.852715 -285.815462 -74.157013
-131.975557 -284.040400 -73.874616
-131.098399 -282.265337 -73.592219
-130.221242 -280.490275 -73.309823
-129.344084 -278.715213 -73.027426
-128.466927 -276.940150 -72.745029
-127.589769 -275.165088 -72.462632
-126.712612 -273.390025 -72.180235
-125.835454 -271.614963 -71.897838
-124.958297 -269.839900 -71.615441
-124.081139 -268.064838 -71.333044
-123.203982 -266.289776 -71.050647
-122.326824 -264.514713 -70.768250
-121.449666 -262.739651 -70.485853
-120.572509 -260.964588 -70.203457
-119.695351 -259.189526 -69.921060
-118.818194 -257.414463 -69.638663
-117.941036 -255.639401 -69.356266
-117.063879 -253.864339 -69.073869
-116.186721 -252.089276 -68.791472
-115.309564 -250.314214 -68.509075
-114.432406 -248.539151 -68.226678
-113.555248 -246.764089 -67.944281
-112.678091 -244.989026 -67.661884
-111.800933 -243.213964 -67.379488
-110.923776 -241.438902 -67.097091
-110.046618 -239.663839 -66.814694
-109.169461 -237.888777 -66.532297
-108.292303 -236.113714 -66.249900
-107.415146 -234.338652 -65.967503
-106.537988 -232.563589 -65.685106
-105.660831 -230.788527 -65.402709
-104.783673 -229.013465 -65.120312
-103.906515 -227.238402 -64.837915
-103.029358 -225.463340 -64.555519
-102.152200 -223.688277 -64.273122
-101.275043 -221.913215 -63.990725
-100.397885 -220.138152 -63.708328
-99.520728 -218.363090 -63.425931
-98.643570 -216.588028 -63.143534
-97.766413 -214.812965 -62.861137
-96.889255 -213.037903 -62.578740
-96.012098 -211.262840 -62.296343
-95.134940 -209.487778 -62.013946
-94.257782 -207.712715 -61.731550
-93.380625 -205.937653 -61.449153
-92.503467 -204.162591 -61.166756
-91.626310 -202.387528 -60.884359
-90.749152 -200.612466 -60.601962
-89.871995 -198.837403 -60.319565
-88.994837 -197.062341 -60.037168
-88.117680 -195.287278 -59.754771
-87.240522 -193.512216 -59.472374
-86.363364 -191.737154 -59.189977
-85.486207 -189.962091 -58.907581
-84.609049 -188.187029 -58.625184
-83.731892 -186.411966 -58.342787
-82.854734 -184.636904 -58.060390
-81.977577 -182.861841 -57.777993
-81.100419 -181.086779 -57.495596
-80.223262 -179.311717 -57.213199
-79.346104 -177.536654 -56.930802
-78.468947 -175.761592 -56.648405
-77.591789 -173.986529 -56.366008
-76.714631 -172.211467 -56.083611
-75.837474 -170.436404 -55.801215
-74.960316 -168.661342 -55.518818
-74.083159 -166.886280 -55.236421
155.775170 -141.959734 -251.257774
156.122167 -141.952557 -249.288119
156.469164 -141.945380 -247.318464
156.816160 -141.938203 -245.348809
157.163157 -141.931025 -243.379153
157.510153 -141.923848 -241.409498
157.857150 -141.916671 -239.439843
158.204147 -141.909493 -237.470187
158.551143 -141.902316 -235.500532
158.898140 -141.895139 -233.530877
159.245136 -141.887962 -231.561222
159.592133 -141.880784 -229.591566
159.939129 -141.873607 -227.621911
160.286126 -141.866430 -225.652256
160.633123 -141.859253 -223.682601
160.980119 -141.852075 -221.712945
161.327116 -141.844898 -219.743290
161.674112 -141.837721 -217.773635
162.021109 -141.830543 -215.803980
162.368106 -141.823366 -213.834324
162.715102 -141.816189 -211.864669
163.062099 -141.809012 -209.895014
163.409095 -141.801834 -207.925358
163.756092 -141.794657 -205.955703
164.103088 -141.787480 -203.986048
164.450085 -141.780302 -202.016393
164.797082 -141.773125 -200.046737
165.144078 -141.765948 -198.077082
165.491075 -141.758771 -196.107427
165.838071 -141.751593 -194.137772
166.185068 -141.744416 -192.168116
166.532065 -141.737239 -190.198461
166.879061 -141.730062 -188.228806
167.226058 -141.722884 -186.259151
167.573054 -141.715707 -184.289495
167.920051 -141.708530 -182.319840
168.267047 -141.701352 -180.350185
168.614044 -141.694175 -178.380530
168.961041 -141.686998 -176.410874
169.308037 -141.679821 -174.441219
169.655034 -141.672643 -172.471564
170.002030 -141.665466 -170.501908
170.349027 -141.658289 -168.532253
170.696024 -141.651111 -166.562598
171.043020 -141.643934 -164.592943
171.390017 -141.636757 -162.623287
171.737013 -141.629580 -160.653632
172.084010 -141.622402 -158.683977
172.431006 -141.615225 -156.714322
172.778003 -141.608048 -154.744666
173.125000 -141.600871 -152.775011
173.471996 -141.593693 -150.805356
173.818993 -141.586516 -148.835701
174.165989 -141.579339 -146.866045
174.512986 -141.572161 -144.896390
174.859983 -141.564984 -142.926735
175.206979 -141.557807 -140.957080
175.553976 -141.550630 -138.987424
175.900972 -141.543452 -137.017769
176.247969 -141.536275 -135.048114
176.594965 -141.529098 -133.078458
176.941962 -141.521921 -131.108803
177.288959 -141.514743 -129.139148
177.635955 -141.507566 -127.169493
177.982952 -141.500389 -125.199837
178.329948 -141.493211 -123.230182
178.676945 -141.486034 -121.260527
179.023942 -141.478857 -119.290872
179.370938 -141.471680 -117.321216
179.717935 -141.464502 -115.351561
71.556023 41.881720 -118.102862
69.627795 41.728453 -118.611239
67.699568 41.575185 -119.119616
65.771340 41.421917 -119.627992
63.843112 41.268650 -120.136369
61.914885 41.115382 -120.644746
59.986657 40.962115 -121.153122
58.058429 40.808847 -121.661499
56.130201 40.655579 -122.169876
54.201974 40.502312 -122.678252
52.273746 40.349044 -123.186629
50.345518 40.195776 -123.695006
48.417290 40.042509 -124.203382
46.489063 39.889241 -124.711759
44.560835 39.735973 -125.220136
42.632607 39.582706 -125.728512
40.704379 39.429438 -126.236889
38.776152 39.276170 -126.745266
36.847924 39.122903 -127.253642
34.919696 38.969635 -127.762019
32.991469 38.816367 -128.270396
31.063241 38.663100 -128.778772
29.135013 38.509832 -129.287149
27.206785 38.356564 -129.795526
25.278558 38.203297 -130.303902
23.350330 38.050029 -130.812279
21.422102 37.896761 -131.320656
19.493874 37.743494 -131.829032
17.565647 37.590226 -132.337409
15.637419 37.436958 -132.845786
13.709191 37.283691 -133.354162
11.780963 37.130423 -133.862539
9.852736 36.977155 -134.370916
7.924508 36.823888 -134.879292
5.996280 36.670620 -135.387669
4.068053 36.517352 -135.896046
2.139825 36.364085 -136.404422
0.211597 36.210817 -136.912799
-1.716631 36.057549 -137.421176
-3.644858 35.904282 -137.929552
-5.573086 35.751014 -138.437929
-7.501314 35.597746 -138.946306
-9.429542 35.444479 -139.454682
-11.357769 35.291211 -139.963059
-13.285997 35.137943 -140.471436
-15.214225 34.984676 -140.979812
-17.142453 34.831408 -141.488189
-19.070680 34.678140 -141.996566
-20.998908 34.524873 -142.504942
-22.927136 34.371605 -143.013319
-24.855363 34.218337 -143.521696
-26.783591 34.065070 -144.030072
-28.711819 33.911802 -144.538449
-30.640047 33.758535 -145.046826
-32.568274 33.605267 -145.555202
-34.496502 33.451999 -146.063579
-36.424730 33.298732 -146.571956
-38.352958 33.145464 -147.080332
-40.281185 32.992196 -147.588709
-42.209413 32.838929 -148.097086
-44.137641 32.685661 -148.605462
-46.065868 32.532393 -149.113839
-47.994096 32.379126 -149.622216
-49.922324 32.225858 -150.130592
-51.850552 32.072590 -150.638969
-53.778779 31.919323 -151.147346
-55.707007 31.766055 -151.655722
-57.635235 31.612787 -152.164099
-59.563463 31.459520 -152.672476
-61.491690 31.306252 -153.180852
-155.760292 -274.244942 -119.164795
-155.249806 -272.316613 -119.020048
-154.739319 -270.388284 -118.875302
-154.228833 -268.459956 -118.730556
-153.718347 -266.531627 -118.585809
-153.207861 -264.603298 -118.441063
-152.697375 -262.674969 -118.296317
-152.186888 -260.746640 -118.151570
-151.676402 -258.818311 -118.006824
-151.165916 -256.889982 -117.862077
-150.655430 -254.961653 -117.717331
-150.144944 -253.033324 -117.572585
-149.634458 -251.104995 -117.427838
-149.123971 -249.176667 -117.283092
-148.613485 -247.248338 -117.138346
-148.102999 -245.320009 -116.993599
-147.592513 -243.391680 -116.848853
-147.082027 -241.463351 -116.704107
-146.571541 -239.535022 -116.559360
-146.061054 -237.606693 -116.414614
-145.550568 -235.678364 -116.269868
-145.040082 -233.750035 -116.125121
-144.529596 -231.821706 -115.980375
-144.019110 -229.893378 -115.835628
-143.508624 -227.965049 -115.690882
-142.998137 -226.036720 -115.546136
-142.487651 -224.108391 -115.401389
-141.977165 -222.180062 -115.256643
-141.466679 -220.251733 -115.111897
-140.956193 -218.323404 -114.967150
-140.445706 -216.395075 -114.822404
-139.935220 -214.466746 -114.677658
-139.424734 -212.538417 -114.532911
-138.914248 -210.610088 -114.388165
-138.403762 -208.681760 -114.243418
-137.893276 -206.753431 -114.098672
-137.382789 -204.825102 -113.953926
-136.872303 -202.896773 -113.809179
-136.361817 -200.968444 -113.664433
-135.851331 -199.040115 -113.519687
-135.340845 -197.111786 -113.374940
-134.830359 -195.183457 -113.230194
-134.319872 -193.255128 -113.085448
-133.809386 -191.326799 -112.940701
-133.298900 -189.398471 -112.795955
-132.788414 -187.470142 -112.651209
-132.277928 -185.541813 -112.506462
-131.767442 -183.613484 -112.361716
-131.256955 -181.685155 -112.216969
-130.746469 -179.756826 -112.072223
-130.235983 -177.828497 -111.927477
-129.725497 -175.900168 -111.782730
-129.215011 -173.971839 -111.637984
-128.704525 -172.043510 -111.493238
-128.194038 -170.115182 -111.348491
-127.683552 -168.186853 -111.203745
-127.173066 -166.258524 -111.058999
-126.662580 -164.330195 -110.914252
-126.152094 -162.401866 -110.769506
-125.641607 -160.473537 -110.624760
-125.131121 -158.545208 -110.480013
-124.620635 -156.616879 -110.335267
-124.110149 -154.688550 -110.190520
-123.599663 -152.760221 -110.045774
-123.089177 -150.831892 -109.901028
-122.578690 -148.903564 -109.756281
-122.068204 -146.975235 -109.611535
-121.557718 -145.046906 -109.466789
-121.047232 -143.118577 -109.322042
-120.536746 -141.190248 -109.177296
-192.344411 -10.995040 -209.574142
-190.707974 -11.432179 -208.510665
-189.071537 -11.869318 -207.447188
-187.435100 -12.306457 -206.383712
-185.798663 -12.743596 -205.320235
-184.162226 -13.180735 -204.256758
-182.525788 -13.617874 -203.193281
-180.889351 -14.055013 -202.129804
-179.252914 -14.492152 -201.066327
-177.616477 -14.929291 -200.002851
-175.980040 -15.366430 -198.939374
-174.343603 -15.803569 -197.875897
-172.707166 -16.240707 -196.812420
-171.070728 -16.677846 -195.748943
-169.434291 -17.114985 -194.685466
-167.797854 -17.552124 -193.621989
-166.161417 -17.989263 -192.558513
-164.524980 -18.426402 -191.495036
-162.888543 -18.863541 -190.431559
-161.252106 -19.300680 -189.368082
-159.615668 -19.737819 -188.304605
-157.979231 -20.174958 -187.241128
-156.342794 -20.612097 -186.177651
-154.706357 -21.049236 -185.114175
-153.069920 -21.486375 -184.050698
-151.433483 -21.923514 -182.987221
-149.797046 -22.360653 -181.923744
-148.160608 -22.797792 -180.860267
-146.524171 -23.234931 -179.796790
-144.887734 -23.672070 -178.733314
-143.251297 -24.109209 -177.669837
-141.614860 -24.546348 -176.606360
-139.978423 -24.983487 -175.542883
-138.341986 -25.420626 -174.479406
-136.705548 -25.857764 -173.415929
-135.069111 -26.294903 -172.352452
-133.432674 -26.732042 -171.288976
-131.796237 -27.169181 -170.225499
-130.159800 -27.606320 -169.162022
-128.523363 -28.043459 -168.098545
-126.886926 -28.480598 -167.035068
-125.250488 -28.917737 -165.971591
-123.614051 -29.354876 -164.908114
-121.977614 -29.792015 -163.844638
-120.341177 -30.229154 -162.781161
-118.704740 -30.666293 -161.717684
-117.068303 -31.103432 -160.654207
-115.431866 -31.540571 -159.590730
-113.795428 -31.977710 -158.527253
-112.158991 -32.414849 -157.463776
-110.522554 -32.851988 -156.400300
-108.886117 -33.289127 -155.336823
-107.249680 -33.726266 -154.273346
-105.613243 -34.163405 -153.209869
-103.976806 -34.600544 -152.146392
-102.340368 -35.037683 -151.082915
-100.703931 -35.474821 -150.019439
-99.067494 -35.911960 -148.955962
-97.431057 -36.349099 -147.892485
-95.794620 -36.786238 -146.829008
-94.158183 -37.223377 -145.765531
-92.521746 -37.660516 -144.702054
-90.885308 -38.097655 -143.638577
-89.248871 -38.534794 -142.575101
-87.612434 -38.971933 -141.511624
-85.975997 -39.409072 -140.448147
-84.339560 -39.846211 -139.384670
-82.703123 -40.283350 -138.321193
-81.066686 -40.720489 -137.257716
-79.430248 -41.157628 -136.194239
151.362602 120.478619 278.783414
152.083952 118.916770 277.763472
152.805303 117.354921 276.743531
153.526654 115.793072 275.723589
154.248004 114.231223 274.703647
154.969355 112.669374 273.683705
155.690705 111.107525 272.663764
156.412056 109.545676 271.643822
157.133407 107.983827 270.623880
157.854757 106.421978 269.603939
158.576108 104.860129 268.583997
159.297458 103.298280 267.564055
160.018809 101.736431 266.544114
160.740159 100.174582 265.524172
161.461510 98.612733 264.504230
162.182861 97.050884 263.484288
162.904211 95.489035 262.464347
163.625562 93.927186 261.444405
164.346912 92.365337 260.424463
165.068263 90.803488 259.404522
165.789613 89.241639 258.384580
166.510964 87.679790 257.364638
167.232315 86.117941 256.344697
167.953665 84.556092 255.324755
168.675016 82.994243 254.304813
169.396366 81.432394 253.284872
170.117717 79.870545 252.264930
170.839067 78.308696 251.244988
171.560418 76.746847 250.225046
172.281769 75.184998 249.205105
173.003119 73.623149 248.185163
173.724470 72.061300 247.165221
174.445820 70.499451 246.145280
175.167171 68.937602 245.125338
175.888521 67.375753 244.105396
176.609872 65.813904 243.085455
177.331223 64.252055 242.065513
178.052573 62.690206 241.045571
178.773924 61.128357 240.025629
179.495274 59.566508 239.005688
180.216625 58.004659 237.985746
180.937975 56.442810 236.965804
181.659326 54.880961 235.945863
182.380677 53.319112 234.925921
183.102027 51.757263 233.905979
183.823378 50.195414 232.886038
184.544728 48.633565 231.866096
185.266079 47.071716 230.846154
185.987430 45.509867 229.826212
186.708780 43.948018 228.806271
187.430131 42.386169 227.786329
188.151481 40.824320 226.766387
188.872832 39.262471 225.746446
189.594182 37.700622 224.726504
190.315533 36.138773 223.706562
191.036884 34.576924 222.686621
191.758234 33.015075 221.666679
192.479585 31.453226 220.646737
193.200935 29.891377 219.626796
193.922286 28.329528 218.606854
194.643636 26.767679 217.586912
195.364987 25.205830 216.566970
196.086338 23.643981 215.547029
196.807688 22.082132 214.527087
197.529039 20.520283 213.507145
198.250389 18.958434 212.487204
198.971740 17.396585 211.467262
199.693090 15.834736 210.447320
200.414441 14.272887 209.427379
201.135792 12.711038 208.407437
-191.196996 -169.586614 -68.752387
-191.740989 -170.227400 -70.567178
-192.284982 -170.868187 -72.381968
-192.828975 -171.508973 -74.196759
-193.372969 -172.149759 -76.011549
-193.916962 -172.790545 -77.826340
-194.460955 -173.431331 -79.641130
-195.004948 -174.072117 -81.455921
-195.548941 -174.712904 -83.270712
-196.092934 -175.353690 -85.085502
-196.636927 -175.994476 -86.900293
-197.180920 -176.635262 -88.715083
-197.724913 -177.276048 -90.529874
-198.268906 -177.916834 -92.344664
-198.812899 -178.557621 -94.159455
-199.356892 -179.198407 -95.974245
-199.900885 -179.839193 -97.789036
-200.444878 -180.479979 -99.603826
-200.988872 -181.120765 -101.418617
-201.532865 -181.761552 -103.233407
-202.076858 -182.402338 -105.048198
-202.620851 -183.043124 -106.862988
-203.164844 -183.683910 -108.677779
-203.708837 -184.324696 -110.492569
-204.252830 -184.965482 -112.307360
-204.796823 -185.606269 -114.122150
-205.340816 -186.247055 -115.936941
-205.884809 -186.887841 -117.751731
-206.428802 -187.528627 -119.566522
-206.972795 -188.169413 -121.381312
-207.516788 -188.810199 -123.196103
-208.060781 -189.450986 -125.010893
-208.604774 -190.091772 -126.825684
-209.148768 -190.732558 -128.640474
-209.692761 -191.373344 -130.455265
-210.236754 -192.014130 -132.270055
-210.780747 -192.654916 -134.084846
-211.324740 -193.295703 -135.899636
-211.868733 -193.936489 -137.714427
-212.412726 -194.577275 -139.529218
-212.956719 -195.218061 -141.344008
-213.500712 -195.858847 -143.158799
-214.044705 -196.499634 -144.973589
-214.588698 -197.140420 -146.788380
-215.132691 -197.781206 -148.603170
-215.676684 -198.421992 -150.417961
-216.220677 -199.062778 -152.232751
-216.764671 -199.703564 -154.047542
-217.308664 -200.344351 -155.862332
-217.852657 -200.985137 -157.677123
-218.396650 -201.625923 -159.491913
-218.940643 -202.266709 -161.306704
-219.484636 -202.907495 -163.121494
-220.028629 -203.548281 -164.936285
-220.572622 -204.189068 -166.751075
-221.116615 -204.829854 -168.565866
-221.660608 -205.470640 -170.380656
-222.204601 -206.111426 -172.195447
-222.748594 -206.752212 -174.010237
-223.292587 -207.392999 -175.825028
-223.836580 -208.033785 -177.639818
-224.380573 -208.674571 -179.454609
-224.924567 -209.315357 -181.269399
-225.468560 -209.956143 -183.084190
-226.012553 -210.596929 -184.898980
-226.556546 -211.237716 -186.713771
-227.100539 -211.878502 -188.528561
-227.644532 -212.519288 -190.343352
-228.188525 -213.160074 -192.158143
-228.732518 -213.800860 -193.972933
84.163577 89.878265 230.221644
83.749645 90.031413 228.270950
83.335713 90.184561 226.320257
82.921781 90.337709 224.369563
82.507849 90.490857 222.418869
82.093917 90.644005 220.468176
81.679985 90.797153 218.517482
81.266053 90.950301 216.566788
80.852120 91.103449 214.616094
80.438188 91.256597 212.665401
80.024256 91.409744 210.714707
79.610324 91.562892 208.764013
79.196392 91.716040 206.813320
78.782460 91.869188 204.862626
78.368528 92.022336 202.911932
77.954596 92.175484 200.961238
77.540664 92.328632 199.010545
77.126732 92.481780 197.059851
76.712800 92.634928 195.109157
76.298868 92.788076 193.158463
75.884936 92.941224 191.207770
75.471004 93.094372 189.257076
75.057072 93.247520 187.306382
74.643140 93.400668 185.355689
74.229208 93.553816 183.404995
73.815276 93.706964 181.454301
73.401344 93.860111 179.503607
72.987412 94.013259 177.552914
72.573480 94.166407 175.602220
72.159548 94.319555 173.651526
71.745616 94.472703 171.700833
71.331684 94.625851 169.750139
70.917752 94.778999 167.799445
70.503820 94.932147 165.848751
70.089888 95.085295 163.898058
69.675956 95.238443 161.947364
69.262024 95.391591 159.996670
68.848092 95.544739 158.045977
68.434160 95.697887 156.095283
68.020228 95.851035 154.144589
67.606296 96.004183 152.193895
67.192364 96.157330 150.243202
66.778432 96.310478 148.292508
66.364500 96.463626 146.341814
65.950567 96.616774 144.391121
65.536635 96.769922 142.440427
65.122703 96.923070 140.489733
64.708771 97.076218 138.539039
64.294839 97.229366 136.588346
63.880907 97.382514 134.637652
63.466975 97.535662 132.686958
63.053043 97.688810 130.736264
62.639111 97.841958 128.785571
62.225179 97.995106 126.834877
61.811247 98.148254 124.884183
61.397315 98.301402 122.933490
60.983383 98.454549 120.982796
60.569451 98.607697 119.032102
60.155519 98.760845 117.081408
59.741587 98.913993 115.130715
59.327655 99.067141 113.180021
58.913723 99.220289 111.229327
58.499791 99.373437 109.278634
58.085859 99.526585 107.327940
57.671927 99.679733 105.377246
57.257995 99.832881 103.426552
56.844063 99.986029 101.475859
56.430131 100.139177 99.525165
56.016199 100.292325 97.574471
55.602267 100.445473 95.623778
171.485077 22.948369 -42.981668
169.686167 23.104316 -43.841671
167.887258 23.260263 -44.701674
166.088348 23.416210 -45.561677
164.289439 23.572156 -46.421680
162.490530 23.728103 -47.281683
160.691620 23.884050 -48.141686
158.892711 24.039997 -49.001689
157.093801 24.195944 -49.861692
155.294892 24.351890 -50.721695
153.495982 24.507837 -51.581698
151.697073 24.663784 -52.441702
149.898163 24.819731 -53.301705
148.099254 24.975678 -54.161708
146.300344 25.131624 -55.021711
144.501435 25.287571 -55.881714
142.702525 25.443518 -56.741717
140.903616 25.599465 -57.601720
139.104706 25.755412 -58.461723
137.305797 25.911358 -59.321726
135.506887 26.067305 -60.181729
133.707978 26.223252 -61.041732
131.909069 26.379199 -61.901735
130.110159 26.535146 -62.761739
128.311250 26.691092 -63.621742
126.512340 26.847039 -64.481745
124.713431 27.002986 -65.341748
122.914521 27.158933 -66.201751
121.115612 27.314879 -67.061754
119.316702 27.470826 -67.921757
117.517793 27.626773 -68.781760
115.718883 27.782720 -69.641763
113.919974 27.938667 -70.501766
112.121064 28.094613 -71.361769
110.322155 28.250560 -72.221773
108.523245 28.406507 -73.081776
106.724336 28.562454 -73.941779
104.925426 28.718401 -74.801782
103.126517 28.874347 -75.661785
101.327607 29.030294 -76.521788
99.528698 29.186241 -77.381791
97.729789 29.342188 -78.241794
95.930879 29.498135 -79.101797
94.131970 29.654081 -79.961800
92.333060 29.810028 -80.821803
90.534151 29.965975 -81.681807
88.735241 30.121922 -82.541810
86.936332 30.277869 -83.401813
85.137422 30.433815 -84.261816
83.338513 30.589762 -85.121819
81.539603 30.745709 -85.981822
79.740694 30.901656 -86.841825
77.941784 31.057602 -87.701828
76.142875 31.213549 -88.561831
74.343965 31.369496 -89.421834
72.545056 31.525443 -90.281837
70.746146 31.681390 -91.141841
68.947237 31.837336 -92.001844
67.148328 31.993283 -92.861847
65.349418 32.149230 -93.721850
63.550509 32.305177 -94.581853
61.751599 32.461124 -95.441856
59.952690 32.617070 -96.301859
58.153780 32.773017 -97.161862
56.354871 32.928964 -98.021865
54.555961 33.084911 -98.881868
52.757052 33.240858 -99.741871
50.958142 33.396804 -100.601874
49.159233 33.552751 -101.461878
47.360323 33.708698 -102.321881
-104.923653 -219.000689 163.658611
-105.899071 -218.691500 161.940192
-106.874489 -218.382312 160.221774
-107.849907 -218.073124 158.503355
-108.825325 -217.763935 156.784937
-109.800743 -217.454747 155.066518
-110.776161 -217.145559 153.348100
-111.751579 -216.836371 151.629681
-112.726997 -216.527182 149.911263
-113.702416 -216.217994 148.192844
-114.677834 -215.908806 146.474426
-115.653252 -215.599617 144.756007
-116.628670 -215.290429 143.037589
-117.604088 -214.981241 141.319170
-118.579506 -214.672053 139.600752
-119.554924 -214.362864 137.882333
-120.530342 -214.053676 136.163915
-121.505760 -213.744488 134.445496
-122.481178 -213.435299 132.727077
-123.456596 -213.126111 131.008659
-124.432014 -212.816923 129.290240
-125.407432 -212.507735 127.571822
-126.382851 -212.198546 125.853403
-127.358269 -211.889358 124.134985
-128.333687 -211.580170 122.416566
-129.309105 -211.270981 120.698148
-130.284523 -210.961793 118.979729
-131.259941 -210.652605 117.261311
-132.235359 -210.343416 115.542892
-133.210777 -210.034228 113.824474
-134.186195 -209.725040 112.106055
-135.161613 -209.415852 110.387637
-136.137031 -209.106663 108.669218
-137.112449 -208.797475 106.950800
-138.087868 -208.488287 105.232381
-139.063286 -208.179098 103.513963
-140.038704 -207.869910 101.795544
-141.014122 -207.560722 100.077126
-141.989540 -207.251534 98.358707
-142.964958 -206.942345 96.640289
-143.940376 -206.633157 94.921870
-144.915794 -206.323969 93.203452
-145.891212 -206.014780 91.485033
-146.866630 -205.705592 89.766615
-147.842048 -205.396404 88.048196
-148.817466 -205.087215 86.329778
-149.792884 -204.778027 84.611359
-150.768303 -204.468839 82.892941
-151.743721 -204.159651 81.174522
-152.719139 -203.850462 79.456104
-153.694557 -203.541274 77.737685
-154.669975 -203.232086 76.019267
-155.645393 -202.922897 74.300848
-156.620811 -202.613709 72.582430
-157.596229 -202.304521 70.864011
-158.571647 -201.995333 69.145593
-159.547065 -201.686144 67.427174
-160.522483 -201.376956 65.708756
-161.497901 -201.067768 63.990337
-162.473319 -200.758579 62.271919
-163.448738 -200.449391 60.553500
-164.424156 -200.140203 58.835082
-165.399574 -199.831015 57.116663
-166.374992 -199.521826 55.398245
-167.350410 -199.212638 53.679826
-168.325828 -198.903450 51.961408
-169.301246 -198.594261 50.242989
-170.276664 -198.285073 48.524571
-171.252082 -197.975885 46.806152
-172.227500 -197.666696 45.087734
213.742940 -49.910652 174.595921
211.808285 -50.213430 174.189181
209.873631 -50.516207 173.782440
207.938976 -50.818985 173.375699
206.004322 -51.121762 172.968959
204.069667 -51.424540 172.562218
202.135013 -51.727317 172.155478
200.200358 -52.030095 171.748737
198.265704 -52.332872 171.341997
196.331049 -52.635650 170.935256
194.396395 -52.938427 170.528515
192.461741 -53.241205 170.121775
190.527086 -53.543982 169.715034
188.592432 -53.846760 169.308294
186.657777 -54.149537 168.901553
184.723123 -54.452315 168.494813
182.788468 -54.755092 168.088072
180.853814 -55.057870 167.681331
178.919159 -55.360647 167.274591
176.984505 -55.663425 166.867850
175.049850 -55.966202 166.461110
173.115196 -56.268980 166.054369
171.180541 -56.571757 165.647628
169.245887 -56.874535 165.240888
167.311233 -57.177313 164.834147
165.376578 -57.480090 164.427407
163.441924 -57.782868 164.020666
161.507269 -58.085645 163.613926
159.572615 -58.388423 163.207185
157.637960 -58.691200 162.800444
155.703306 -58.993978 162.393704
153.768651 -59.296755 161.986963
151.833997 -59.599533 161.580223
149.899342 -59.902310 161.173482
147.964688 -60.205088 160.766742
146.030033 -60.507865 160.360001
144.095379 -60.810643 159.953260
142.160725 -61.113420 159.546520
140.226070 -61.416198 159.139779
138.291416 -61.718975 158.733039
136.356761 -62.021753 158.326298
134.422107 -62.324530 157.919558
132.487452 -62.627308 157.512817
130.552798 -62.930085 157.106076
128.618143 -63.232863 156.699336
126.683489 -63.535640 156.292595
124.748834 -63.838418 155.885855
122.814180 -64.141195 155.479114
120.879525 -64.443973 155.072374
118.944871 -64.746750 154.665633
117.010216 -65.049528 154.258892
115.075562 -65.352305 153.852152
113.140908 -65.655083 153.445411
111.206253 -65.957860 153.038671
109.271599 -66.260638 152.631930
107.336944 -66.563415 152.225189
105.402290 -66.866193 151.818449
103.467635 -67.168970 151.411708
101.532981 -67.471748 151.004968
99.598326 -67.774525 150.598227
97.663672 -68.077303 150.191487
95.729017 -68.380080 149.784746
93.794363 -68.682858 149.378005
91.859708 -68.985635 148.971265
89.925054 -69.288413 148.564524
87.990400 -69.591190 148.157784
86.055745 -69.893968 147.751043
84.121091 -70.196745 147.344303
82.186436 -70.499523 146.937562
80.251782 -70.802300 146.530821
-239.901953 244.692742 -5.804982
-239.076595 244.817046 -7.622489
-238.251237 244.941350 -9.439996
-237.425879 245.065653 -11.257503
-236.600521 245.189957 -13.075011
-235.775163 245.314261 -14.892518
-234.949805 245.438565 -16.710025
-234.124447 245.562869 -18.527532
-233.299089 245.687173 -20.345040
-232.473731 245.811477 -22.162547
-231.648373 245.935781 -23.980054
-230.823015 246.060085 -25.797561
-229.997656 246.184389 -27.615069
-229.172298 246.308693 -29.432576
-228.346940 246.432997 -31.250083
-227.521582 246.557301 -33.067590
-226.696224 246.681605 -34.885098
-225.870866 246.805908 -36.702605
-225.045508 246.930212 -38.520112
-224.220150 247.054516 -40.337619
-223.394792 247.178820 -42.155127
-222.569434 247.303124 -43.972634
-221.744076 247.427428 -45.790141
-220.918718 247.551732 -47.607648
-220.093360 247.676036 -49.425155
-219.268001 247.800340 -51.242663
-218.442643 247.924644 -53.060170
-217.617285 248.048948 -54.877677
-216.791927 248.173252 -56.695184
-215.966569 248.297556 -58.512692
-215.141211 248.421860 -60.330199
-214.315853 248.546163 -62.147706
-213.490495 248.670467 -63.965213
-212.665137 248.794771 -65.782721
-211.839779 248.919075 -67.600228
-211.014421 249.043379 -69.417735
-210.189063 249.167683 -71.235242
-209.363704 249.291987 -73.052750
-208.538346 249.416291 -74.870257
-207.712988 249.540595 -76.687764
-206.887630 249.664899 -78.505271
-206.062272 249.789203 -80.322779
-205.236914 249.913507 -82.140286
-204.411556 250.037811 -83.957793
-203.586198 250.162115 -85.775300
-202.760840 250.286418 -87.592808
-201.935482 250.410722 -89.410315
-201.110124 250.535026 -91.227822
-200.284766 250.659330 -93.045329
-199.459407 250.783634 -94.862836
-198.634049 250.907938 -96.680344
-197.808691 251.032242 -98.497851
-196.983333 251.156546 -100.315358
-196.157975 251.280850 -102.132865
-195.332617 251.405154 -103.950373
-194.507259 251.529458 -105.767880
-193.681901 251.653762 -107.585387
-192.856543 251.778066 -109.402894
-192.031185 251.902370 -111.220402
-191.205827 252.026674 -113.037909
-190.380469 252.150977 -114.855416
-189.555110 252.275281 -116.672923
-188.729752 252.399585 -118.490431
-187.904394 252.523889 -120.307938
-187.079036 252.648193 -122.125445
-186.253678 252.772497 -123.942952
-185.428320 252.896801 -125.760460
-184.602962 253.021105 -127.577967
-183.777604 253.145409 -129.395474
-182.952246 253.269713 -131.212981
268.389115 21.974072 -23.493648
268.133149 23.851314 -24.134309
267.877184 25.728556 -24.774969
267.621219 27.605797 -25.415630
267.365254 29.483039 -26.056290
267.109289 31.360281 -26.696950
266.853324 33.237522 -27.337611
266.597359 35.114764 -27.978271
266.341393 36.992005 -28.618932
266.085428 38.869247 -29.259592
265.829463 40.746489 -29.900252
265.573498 42.623730 -30.540913
265.317533 44.500972 -31.181573
265.061568 46.378214 -31.822234
264.805603 48.255455 -32.462894
264.549637 50.132697 -33.103554
264.293672 52.009938 -33.744215
264.037707 53.887180 -34.384875
263.781742 55.764422 -35.025536
263.525777 57.641663 -35.666196
263.269812 59.518905 -36.306856
263.013847 61.396147 -36.947517
262.757882 63.273388 -37.588177
262.501916 65.150630 -38.228837
262.245951 67.027871 -38.869498
261.989986 68.905113 -39.510158
261.734021 70.782355 -40.150819
261.478056 72.659596 -40.791479
261.222091 74.536838 -41.432139
260.966126 76.414080 -42.072800
260.710160 78.291321 -42.713460
260.454195 80.168563 -43.354121
260.198230 82.045804 -43.994781
259.942265 83.923046 -44.635441
259.686300 85.800288 -45.276102
259.430335 87.677529 -45.916762
259.174370 89.554771 -46.557423
258.918404 91.432013 -47.198083
258.662439 93.309254 -47.838743
258.406474 95.186496 -48.479404
258.150509 97.063737 -49.120064
257.894544 98.940979 -49.760724
257.638579 100.818221 -50.401385
257.382614 102.695462 -51.042045
257.126648 104.572704 -51.682706
256.870683 106.449946 -52.323366
256.614718 108.327187 -52.964026
256.358753 110.204429 -53.604687
256.102788 112.081670 -54.245347
255.846823 113.958912 -54.886008
255.590858 115.836154 -55.526668
255.334893 117.713395 -56.167328
255.078927 119.590637 -56.807989
254.822962 121.467879 -57.448649
254.566997 123.345120 -58.089310
254.311032 125.222362 -58.729970
254.055067 127.099603 -59.370630
253.799102 128.976845 -60.011291
253.543137 130.854087 -60.651951
253.287171 132.731328 -61.292612
253.031206 134.608570 -61.933272
252.775241 136.485812 -62.573932
252.519276 138.363053 -63.214593
252.263311 140.240295 -63.855253
252.007346 142.117536 -64.495913
251.751381 143.994778 -65.136574
251.495415 145.872020 -65.777234
251.239450 147.749261 -66.417895
250.983485 149.626503 -67.058555
250.727520 151.503744 -67.699215
201.101814 94.540796 -173.962221
202.423275 94.106432 -172.525186
203.744737 93.672069 -171.088151
205.066198 93.237705 -169.651117
206.387659 92.803342 -168.214082
207.709120 92.368978 -166.777047
209.030581 91.934615 -165.340012
210.352042 91.500251 -163.902978
211.673503 91.065888 -162.465943
212.994964 90.631524 -161.028908
214.316426 90.197161 -159.591874
215.637887 89.762797 -158.154839
216.959348 89.328434 -156.717804
218.280809 88.894070 -155.280769
219.602270 88.459707 -153.843735
220.923731 88.025343 -152.406700
222.245192 87.590980 -150.969665
223.566653 87.156616 -149.532630
224.888115 86.722253 -148.095596
226.209576 86.287889 -146.658561
227.531037 85.853526 -145.221526
228.852498 85.419162 -143.784491
230.173959 84.984799 -142.347457
231.495420 84.550435 -140.910422
232.816881 84.116072 -139.473387
234.138343 83.681708 -138.036353
235.459804 83.247345 -136.599318
236.781265 82.812981 -135.162283
238.102726 82.378618 -133.725248
239.424187 81.944254 -132.288214
240.745648 81.509891 -130.851179
242.067109 81.075527 -129.414144
243.388570 80.641164 -127.977109
244.710032 80.206800 -126.540075
246.031493 79.772437 -125.103040
247.352954 79.338073 -123.666005
248.674415 78.903710 -122.228970
249.995876 78.469346 -120.791936
251.317337 78.034983 -119.354901
252.638798 77.600619 -117.917866
253.960259 77.166256 -116.480832
255.281721 76.731892 -115.043797
256.603182 76.297529 -113.606762
257.924643 75.863165 -112.169727
259.246104 75.428802 -110.732693
260.567565 74.994438 -109.295658
261.889026 74.560075 -107.858623
263.210487 74.125711 -106.421588
264.531949 73.691348 -104.984554
265.853410 73.256984 -103.547519
267.174871 72.822621 -102.110484
268.496332 72.388257 -100.673449
269.817793 71.953894 -99.236415
271.139254 71.519530 -97.799380
272.460715 71.085167 -96.362345
273.782176 70.650803 -94.925310
275.103638 70.216440 -93.488276
276.425099 69.782076 -92.051241
277.746560 69.347712 -90.614206
279.068021 68.913349 -89.177172
280.389482 68.478985 -87.740137
281.710943 68.044622 -86.303102
283.032404 67.610258 -84.866067
284.353865 67.175895 -83.429033
285.675327 66.741531 -81.991998
286.996788 66.307168 -80.554963
288.318249 65.872804 -79.117928
289.639710 65.438441 -77.680894
290.961171 65.004077 -76.243859
292.282632 64.569714 -74.806824
-112.181977 -198.616432 222.344871
-110.469349 -199.631968 222.156212
-108.756721 -200.647504 221.967553
-107.044093 -201.663040 221.778895
-105.331465 -202.678576 221.590236
-103.618837 -203.694111 221.401577
-101.906209 -204.709647 221.212918
-100.193581 -205.725183 221.024260
-98.480953 -206.740719 220.835601
-96.768324 -207.756255 220.646942
-95.055696 -208.771790 220.458284
-93.343068 -209.787326 220.269625
-91.630440 -210.802862 220.080966
-89.917812 -211.818398 219.892307
-88.205184 -212.833934 219.703649
-86.492556 -213.849469 219.514990
-84.779928 -214.865005 219.326331
-83.067300 -215.880541 219.137673
-81.354672 -216.896077 218.949014
-79.642044 -217.911613 218.760355
-77.929416 -218.927148 218.571696
-76.216788 -219.942684 218.383038
-74.504160 -220.958220 218.194379
-72.791531 -221.973756 218.005720
-71.078903 -222.989292 217.817062
-69.366275 -224.004828 217.628403
-67.653647 -225.020363 217.439744
-65.941019 -226.035899 217.251085
-64.228391 -227.051435 217.062427
-62.515763 -228.066971 216.873768
-60.803135 -229.082507 216.685109
-59.090507 -230.098042 216.496450
-57.377879 -231.113578 216.307792
-55.665251 -232.129114 216.119133
-53.952623 -233.144650 215.930474
-52.239995 -234.160186 215.741816
-50.527366 -235.175721 215.553157
-48.814738 -236.191257 215.364498
-47.102110 -237.206793 215.175839
-45.389482 -238.222329 214.987181
-43.676854 -239.237865 214.798522
-41.964226 -240.253400 214.609863
-40.251598 -241.268936 214.421205
-38.538970 -242.284472 214.232546
-36.826342 -243.300008 214.043887
-35.113714 -244.315544 213.855228
-33.401086 -245.331079 213.666570
-31.688458 -246.346615 213.477911
-29.975830 -247.362151 213.289252
-28.263202 -248.377687 213.100594
-26.550573 -249.393223 212.911935
-24.837945 -250.408758 212.723276
-23.125317 -251.424294 212.534617
-21.412689 -252.439830 212.345959
-19.700061 -253.455366 212.157300
-17.987433 -254.470902 211.968641
-16.274805 -255.486437 211.779982
-14.562177 -256.501973 211.591324
-12.849549 -257.517509 211.402665
-11.136921 -258.533045 211.214006
-9.424293 -259.548581 211.025348
-7.711665 -260.564116 210.836689
-5.999037 -261.579652 210.648030
-4.286409 -262.595188 210.459371
-2.573780 -263.610724 210.270713
-0.861152 -264.626260 210.082054
0.851476 -265.641795 209.893395
2.564104 -266.657331 209.704737
4.276732 -267.672867 209.516078
5.989360 -268.688403 209.327419
-231.862514 43.543991 -77.125610
-231.304885 45.252907 -78.002340
-230.747256 46.961823 -78.879070
-230.189627 48.670739 -79.755800
-229.631997 50.379655 -80.632530
-229.074368 52.088571 -81.509260
-228.516739 53.797488 -82.385989
-227.959110 55.506404 -83.262719
-227.401481 57.215320 -84.139449
-226.843851 58.924236 -85.016179
-226.286222 60.633152 -85.892909
-225.728593 62.342068 -86.769639
-225.170964 64.050984 -87.646369
-224.613335 65.759901 -88.523099
-224.055706 67.468817 -89.399829
-223.498076 69.177733 -90.276558
-222.940447 70.886649 -91.153288
-222.382818 72.595565 -92.030018
-221.825189 74.304481 -92.906748
-221.267560 76.013398 -93.783478
-220.709930 77.722314 -94.660208
-220.152301 79.431230 -95.536938
-219.594672 81.140146 -96.413668
-219.037043 82.849062 -97.290398
-218.479414 84.557978 -98.167127
-217.921785 86.266894 -99.043857
-217.364155 87.975811 -99.920587
-216.806526 89.684727 -100.797317
-216.248897 91.393643 -101.674047
-215.691268 93.102559 -102.550777
-215.133639 94.811475 -103.427507
-214.576009 96.520391 -104.304237
-214.018380 98.229307 -105.180967
-213.460751 99.938224 -106.057696
-212.903122 101.647140 -106.934426
-212.345493 103.356056 -107.811156
-211.787864 105.064972 -108.687886
-211.230234 106.773888 -109.564616
-210.672605 108.482804 -110.441346
-210.114976 110.191720 -111.318076
-209.557347 111.900637 -112.194806
-208.999718 113.609553 -113.071536
-208.442088 115.318469 -113.948265
-207.884459 117.027385 -114.824995
-207.326830 118.736301 -115.701725
-206.769201 120.445217 -116.578455
-206.211572 122.154134 -117.455185
-205.653943 123.863050 -118.331915
-205.096313 125.571966 -119.208645
-204.538684 127.280882 -120.085375
-203.981055 128.989798 -120.962105
-203.423426 130.698714 -121.838834
-202.865797 132.407630 -122.715564
-202.308167 134.116547 -123.592294
-201.750538 135.825463 -124.469024
-201.192909 137.534379 -125.345754
-200.635280 139.243295 -126.222484
-200.077651 140.952211 -127.099214
-199.520022 142.661127 -127.975944
-198.962392 144.370043 -128.852674
-198.404763 146.078960 -129.729403
-197.847134 147.787876 -130.606133
-197.289505 149.496792 -131.482863
-196.731876 151.205708 -132.359593
-196.174246 152.914624 -133.236323
-195.616617 154.623540 -134.113053
-195.058988 156.332456 -134.989783
-194.501359 158.041373 -135.866513
-193.943730 159.750289 -136.743243
-193.386101 161.459205 -137.619972
278.611928 -133.890147 -33.385524
278.356036 -135.603879 -32.386702
278.100144 -137.317610 -31.387881
277.844252 -139.031341 -30.389060
277.588360 -140.745073 -29.390238
277.332468 -142.458804 -28.391417
277.076576 -144.172535 -27.392595
276.820683 -145.886267 -26.393774
276.564791 -147.599998 -25.394953
276.308899 -149.313729 -24.396131
276.053007 -151.027461 -23.397310
275.797115 -152.741192 -22.398488
275.541223 -154.454923 -21.399667
275.285331 -156.168655 -20.400846
275.029439 -157.882386 -19.402024
274.773547 -159.596117 -18.403203
274.517655 -161.309849 -17.404382
274.261763 -163.023580 -16.405560
274.005871 -164.737311 -15.406739
273.749979 -166.451043 -14.407917
273.494086 -168.164774 -13.409096
273.238194 -169.878505 -12.410275
272.982302 -171.592237 -11.411453
272.726410 -173.305968 -10.412632
272.470518 -175.019699 -9.413810
272.214626 -176.733431 -8.414989
271.958734 -178.447162 -7.416168
271.702842 -180.160893 -6.417346
271.446950 -181.874625 -5.418525
271.191058 -183.588356 -4.419704
270.935166 -185.302087 -3.420882
270.679274 -187.015819 -2.422061
270.423381 -188.729550 -1.423239
270.167489 -190.443281 -0.424418
269.911597 -192.157013 0.574403
269.655705 -193.870744 1.573225
269.399813 -195.584475 2.572046
269.143921 -197.298207 3.570868
268.888029 -199.011938 4.569689
268.632137 -200.725669 5.568510
268.376245 -202.439401 6.567332
268.120353 -204.153132 7.566153
267.864461 -205.866863 8.564974
267.608569 -207.580595 9.563796
267.352676 -209.294326 10.562617
267.096784 -211.008057 11.561439
266.840892 -212.721789 12.560260
266.585000 -214.435520 13.559081
266.329108 -216.149251 14.557903
266.073216 -217.862983 15.556724
265.817324 -219.576714 16.555546
265.561432 -221.290445 17.554367
265.305540 -223.004177 18.553188
265.049648 -224.717908 19.552010
264.793756 -226.431639 20.550831
264.537864 -228.145371 21.549652
264.281972 -229.859102 22.548474
264.026079 -231.572833 23.547295
263.770187 -233.286565 24.546117
263.514295 -235.000296 25.544938
263.258403 -236.714027 26.543759
263.002511 -238.427758 27.542581
262.746619 -240.141490 28.541402
262.490727 -241.855221 29.540224
262.234835 -243.568952 30.539045
261.978943 -245.282684 31.537866
261.723051 -246.996415 32.536688
261.467159 -248.710146 33.535509
261.211267 -250.423878 34.534331
260.955374 -252.137609 35.533152
-109.788415 240.898906 14.728852
-108.001530 241.059049 13.844887
-106.214644 241.219192 12.960922
-104.427759 241.379335 12.076957
-102.640874 241.539478 11.192991
-100.853988 241.699621 10.309026
-99.067103 241.859764 9.425061
-97.280217 242.019907 8.541095
-95.493332 242.180050 7.657130
-93.706446 242.340193 6.773165
-91.919561 242.500336 5.889199
-90.132676 242.660479 5.005234
-88.345790 242.820622 4.121269
-86.558905 242.980765 3.237304
-84.772019 243.140908 2.353338
-82.985134 243.301051 1.469373
-81.198248 243.461194 0.585408
-79.411363 243.621337 -0.298558
-77.624477 243.781480 -1.182523
-75.837592 243.941623 -2.066488
-74.050707 244.101766 -2.950454
-72.263821 244.261909 -3.834419
-70.476936 244.422052 -4.718384
-68.690050 244.582195 -5.602349
-66.903165 244.742338 -6.486315
-65.116279 244.902481 -7.370280
-63.329394 245.062624 -8.254245
-61.542508 245.222767 -9.138211
-59.755623 245.382910 -10.022176
-57.968738 245.543053 -10.906141
-56.181852 245.703196 -11.790107
-54.394967 245.863339 -12.674072
-52.608081 246.023482 -13.558037
-50.821196 246.183625 -14.442002
-49.034310 246.343768 -15.325968
-47.247425 246.503911 -16.209933
-45.460540 246.664054 -17.093898
-43.673654 246.824197 -17.977864
-41.886769 246.984340 -18.861829
-40.099883 247.144483 -19.745794
-38.312998 247.304626 -20.629759
-36.526112 247.464769 -21.513725
-34.739227 247.624912 -22.397690
-32.952341 247.785055 -23.281655
-31.165456 247.945198 -24.165621
-29.378571 248.105341 -25.049586
-27.591685 248.265484 -25.933551
-25.804800 248.425627 -26.817517
-24.017914 248.585770 -27.701482
-22.231029 248.745913 -28.585447
-20.444143 248.906056 -29.469412
-18.657258 249.066199 -30.353378
-16.870373 249.226342 -31.237343
-15.083487 249.386485 -32.121308
-13.296602 249.546628 -33.005274
-11.509716 249.706771 -33.889239
-9.722831 249.866914 -34.773204
-7.935945 250.027058 -35.657170
-6.149060 250.187201 -36.541135
-4.362174 250.347344 -37.425100
-2.575289 250.507487 -38.309065
-0.788404 250.667630 -39.193031
0.998482 250.827773 -40.076996
2.785367 250.987916 -40.960961
4.572253 251.148059 -41.844927
6.359138 251.308202 -42.728892
8.146024 251.468345 -43.612857
9.932909 251.628488 -44.496823
11.719794 251.788631 -45.380788
13.506680 251.948774 -46.264753
249.416258 -96.554231 215.259073
249.138699 -98.534869 215.253081
248.861140 -100.515506 215.247090
248.583582 -102.496144 215.241099
248.306023 -104.476782 215.235108
248.028464 -106.457419 215.229117
247.750905 -108.438057 215.223125
247.473346 -110.418694 215.217134
247.195787 -112.399332 215.211143
246.918228 -114.379969 215.205152
246.640669 -116.360607 215.199160
246.363111 -118.341245 215.193169
246.085552 -120.321882 215.187178
245.807993 -122.302520 215.181187
245.530434 -124.283157 215.175195
245.252875 -126.263795 215.169204
244.975316 -128.244432 215.163213
244.697757 -130.225070 215.157222
244.420199 -132.205708 215.151230
244.142640 -134.186345 215.145239
243.865081 -136.166983 215.139248
243.587522 -138.147620 215.133257
243.309963 -140.128258 215.127265
243.032404 -142.108895 215.121274
242.754845 -144.089533 215.115283
242.477286 -146.070171 215.109292
242.199728 -148.050808 215.103300
241.922169 -150.031446 215.097309
241.644610 -152.012083 215.091318
241.367051 -153.992721 215.085327
241.089492 -155.973358 215.079335
240.811933 -157.953996 215.073344
240.534374 -159.934634 215.067353
240.256816 -161.915271 215.061362
239.979257 -163.895909 215.055371
239.701698 -165.876546 215.049379
239.424139 -167.857184 215.043388
239.146580 -169.837821 215.037397
238.869021 -171.818459 215.031406
238.591462 -173.799096 215.025414
238.313903 -175.779734 215.019423
238.036345 -177.760372 215.013432
237.758786 -179.741009 215.007441
237.481227 -181.721647 215.001449
237.203668 -183.702284 214.995458
236.926109 -185.682922 214.989467
236.648550 -187.663559 214.983476
236.370991 -189.644197 214.977484
236.093433 -191.624835 214.971493
235.815874 -193.605472 214.965502
235.538315 -195.586110 214.959511
235.260756 -197.566747 214.953519
234.983197 -199.547385 214.947528
234.705638 -201.528022 214.941537
234.428079 -203.508660 214.935546
234.150520 -205.489298 214.929554
233.872962 -207.469935 214.923563
233.595403 -209.450573 214.917572
233.317844 -211.431210 214.911581
233.040285 -213.411848 214.905589
232.762726 -215.392485 214.899598
232.485167 -217.373123 214.893607
232.207608 -219.353761 214.887616
231.930049 -221.334398 214.881625
231.652491 -223.315036 214.875633
231.374932 -225.295673 214.869642
231.097373 -227.276311 214.863651
230.819814 -229.256948 214.857660
230.542255 -231.237586 214.851668
230.264696 -233.218224 214.845677
66.125266 -107.795476 207.873108
67.404308 -106.848254 209.084232
68.683350 -105.901032 210.295357
69.962392 -104.953810 211.506481
71.241434 -104.006588 212.717605
72.520476 -103.059366 213.928729
73.799518 -102.112145 215.139854
75.078561 -101.164923 216.350978
76.357603 -100.217701 217.562102
77.636645 -99.270479 218.773226
78.915687 -98.323257 219.984351
80.194729 -97.376035 221.195475
81.473771 -96.428813 222.406599
82.752813 -95.481591 223.617723
84.031855 -94.534370 224.828848
85.310898 -93.587148 226.039972
86.589940 -92.639926 227.251096
87.868982 -91.692704 228.462220
89.148024 -90.745482 229.673345
90.427066 -89.798260 230.884469
91.706108 -88.851038 232.095593
92.985150 -87.903816 233.306717
94.264192 -86.956595 234.517842
95.543235 -86.009373 235.728966
96.822277 -85.062151 236.940090
98.101319 -84.114929 238.151214
99.380361 -83.167707 239.362339
100.659403 -82.220485 240.573463
101.938445 -81.273263 241.784587
103.217487 -80.326041 242.995711
104.496529 -79.378819 244.206836
105.775572 -78.431598 245.417960
107.054614 -77.484376 246.629084
108.333656 -76.537154 247.840208
109.612698 -75.589932 249.051333
110.891740 -74.642710 250.262457
112.170782 -73.695488 251.473581
113.449824 -72.748266 252.684706
114.728866 -71.801044 253.895830
116.007909 -70.853823 255.106954
117.286951 -69.906601 256.318078
118.565993 -68.959379 257.529203
119.845035 -68.012157 258.740327
121.124077 -67.064935 259.951451
122.403119 -66.117713 261.162575
123.682161 -65.170491 262.373700
124.961203 -64.223269 263.584824
126.240246 -63.276048 264.795948
127.519288 -62.328826 266.007072
128.798330 -61.381604 267.218197
130.077372 -60.434382 268.429321
131.356414 -59.487160 269.640445
132.635456 -58.539938 270.851569
133.914498 -57.592716 272.062694
135.193540 -56.645494 273.273818
136.472583 -55.698273 274.484942
137.751625 -54.751051 275.696066
139.030667 -53.803829 276.907191
140.309709 -52.856607 278.118315
141.588751 -51.909385 279.329439
142.867793 -50.962163 280.540563
144.146835 -50.014941 281.751688
145.425877 -49.067719 282.962812
146.704919 -48.120498 284.173936
147.983962 -47.173276 285.385060
149.263004 -46.226054 286.596185
150.542046 -45.278832 287.807309
151.821088 -44.331610 289.018433
153.100130 -43.384388 290.229557
154.379172 -42.437166 291.440682
42.099503 -49.160519 120.887028
40.610938 -50.344645 120.268951
39.122374 -51.528771 119.650873
37.633809 -52.712897 119.032795
36.145244 -53.897023 118.414718
34.656679 -55.081149 117.796640
33.168114 -56.265275 117.178562
31.679549 -57.449401 116.560485
30.190984 -58.633528 115.942407
28.702419 -59.817654 115.324329
27.213854 -61.001780 114.706252
25.725289 -62.185906 114.088174
24.236724 -63.370032 113.470097
22.748159 -64.554158 112.852019
21.259594 -65.738284 112.233941
19.771029 -66.922410 111.615864
18.282465 -68.106536 110.997786
16.793900 -69.290662 110.379708
15.305335 -70.474788 109.761631
13.816770 -71.658914 109.143553
12.328205 -72.843040 108.525475
10.839640 -74.027166 107.907398
9.351075 -75.211292 107.289320
7.862510 -76.395418 106.671242
6.373945 -77.579544 106.053165
4.885380 -78.763670 105.435087
3.396815 -79.947796 104.817009
1.908250 -81.131922 104.198932
0.419685 -82.316048 103.580854
-1.068880 -83.500174 102.962776
-2.557444 -84.684300 102.344699
-4.046009 -85.868426 101.726621
-5.534574 -87.052552 101.108543
-7.023139 -88.236678 100.490466
-8.511704 -89.420804 99.872388
-10.000269 -90.604931 99.254311
-11.488834 -91.789057 98.636233
-12.977399 -92.973183 98.018155
-14.465964 -94.157309 97.400078
-15.954529 -95.341435 96.782000
-17.443094 -96.525561 96.163922
-18.931659 -97.709687 95.545845
-20.420224 -98.893813 94.927767
-21.908789 -100.077939 94.309689
-23.397353 -101.262065 93.691612
-24.885918 -102.446191 93.073534
-26.374483 -103.630317 92.455456
-27.863048 -104.814443 91.837379
-29.351613 -105.998569 91.219301
-30.840178 -107.182695 90.601223
-32.328743 -108.366821 89.983146
-33.817308 -109.550947 89.365068
-35.305873 -110.735073 88.746990
-36.794438 -111.919199 88.128913
-38.283003 -113.103325 87.510835
-39.771568 -114.287451 86.892757
-41.260133 -115.471577 86.274680
-42.748698 -116.655703 85.656602
-44.237262 -117.839829 85.038525
-45.725827 -119.023955 84.420447
-47.214392 -120.208081 83.802369
-48.702957 -121.392207 83.184292
-50.191522 -122.576333 82.566214
-51.680087 -123.760460 81.948136
-53.168652 -124.944586 81.330059
-54.657217 -126.128712 80.711981
-56.145782 -127.312838 80.093903
-57.634347 -128.496964 79.475826
-59.122912 -129.681090 78.857748
-60.611477 -130.865216 78.239670
261.127062 -231.204902 35.869896
259.679267 -230.075699 36.662857
258.231471 -228.946495 37.455818
256.783676 -227.817291 38.248779
255.335880 -226.688088 39.041740
253.888084 -225.558884 39.834701
252.440289 -224.429681 40.627662
250.992493 -223.300477 41.420623
249.544698 -222.171273 42.213584
248.096902 -221.042070 43.006545
246.649107 -219.912866 43.799506
245.201311 -218.783662 44.592467
243.753515 -217.654459 45.385428
242.305720 -216.525255 46.178389
240.857924 -215.396051 46.971350
239.410129 -214.266848 47.764311
237.962333 -213.137644 48.557271
236.514538 -212.008440 49.350232
235.066742 -210.879237 50.143193
233.618946 -209.750033 50.936154
232.171151 -208.620830 51.729115
230.723355 -207.491626 52.522076
229.275560 -206.362422 53.315037
227.827764 -205.233219 54.107998
226.379969 -204.104015 54.900959
224.932173 -202.974811 55.693920
223.484377 -201.845608 56.486881
222.036582 -200.716404 57.279842
220.588786 -199.587200 58.072803
219.140991 -198.457997 58.865764
217.693195 -197.328793 59.658725
216.245400 -196.199590 60.451686
214.797604 -195.070386 61.244647
213.349808 -193.941182 62.037608
211.902013 -192.811979 62.830569
210.454217 -191.682775 63.623530
209.006422 -190.553571 64.416491
207.558626 -189.424368 65.209452
206.110830 -188.295164 66.002413
204.663035 -187.165960 66.795374
203.215239 -186.036757 67.588335
201.767444 -184.907553 68.381296
200.319648 -183.778350 69.174257
198.871853 -182.649146 69.967218
197.424057 -181.519942 70.760179
195.976261 -180.390739 71.553140
194.528466 -179.261535 72.346101
193.080670 -178.132331 73.139062
191.632875 -177.003128 73.932023
190.185079 -175.873924 74.724984
188.737284 -174.744720 75.517945
187.289488 -173.615517 76.310906
185.841692 -172.486313 77.103867
184.393897 -171.357110 77.896828
182.946101 -170.227906 78.689789
181.498306 -169.098702 79.482750
180.050510 -167.969499 80.275711
178.602715 -166.840295 81.068672
177.154919 -165.711091 81.861633
175.707123 -164.581888 82.654594
174.259328 -163.452684 83.447555
172.811532 -162.323480 84.240516
171.363737 -161.194277 85.033477
169.915941 -160.065073 85.826438
168.468146 -158.935870 86.619399
167.020350 -157.806666 87.412360
165.572554 -156.677462 88.205321
164.124759 -155.548259 88.998282
162.676963 -154.419055 89.791243
161.229168 -153.289851 90.584204
114.311208 -75.945168 -108.295125
112.466827 -76.343121 -107.631881
110.622446 -76.741073 -106.968638
108.778065 -77.139026 -106.305395
106.933684 -77.536979 -105.642151
105.089303 -77.934931 -104.978908
103.244921 -78.332884 -104.315664
101.400540 -78.730836 -103.652421
99.556159 -79.128789 -102.989177
97.711778 -79.526742 -102.325934
95.867397 -79.924694 -101.662690
94.023016 -80.322647 -100.999447
92.178635 -80.720600 -100.336203
90.334253 -81.118552 -99.672960
88.489872 -81.516505 -99.009717
86.645491 -81.914458 -98.346473
84.801110 -82.312410 -97.683230
82.956729 -82.710363 -97.019986
81.112348 -83.108316 -96.356743
79.267967 -83.506268 -95.693499
77.423585 -83.904221 -95.030256
75.579204 -84.302173 -94.367012
73.734823 -84.700126 -93.703769
71.890442 -85.098079 -93.040525
70.046061 -85.496031 -92.377282
68.201680 -85.893984 -91.714038
66.357298 -86.291937 -91.050795
64.512917 -86.689889 -90.387552
62.668536 -87.087842 -89.724308
60.824155 -87.485795 -89.061065
58.979774 -87.883747 -88.397821
57.135393 -88.281700 -87.734578
55.291012 -88.679653 -87.071334
53.446630 -89.077605 -86.408091
51.602249 -89.475558 -85.744847
49.757868 -89.873510 -85.081604
47.913487 -90.271463 -84.418360
46.069106 -90.669416 -83.755117
44.224725 -91.067368 -83.091873
42.380344 -91.465321 -82.428630
40.535962 -91.863274 -81.765387
38.691581 -92.261226 -81.102143
36.847200 -92.659179 -80.438900
35.002819 -93.057132 -79.775656
33.158438 -93.455084 -79.112413
31.314057 -93.853037 -78.449169
29.469676 -94.250990 -77.785926
27.625294 -94.648942 -77.122682
25.780913 -95.046895 -76.459439
23.936532 -95.444847 -75.796195
22.092151 -95.842800 -75.132952
20.247770 -96.240753 -74.469709
18.403389 -96.638705 -73.806465
16.559008 -97.036658 -73.143222
14.714626 -97.434611 -72.479978
12.870245 -97.832563 -71.816735
11.025864 -98.230516 -71.153491
9.181483 -98.628469 -70.490248
7.337102 -99.026421 -69.827004
5.492721 -99.424374 -69.163761
3.648340 -99.822327 -68.500517
1.803958 -100.220279 -67.837274
-0.040423 -100.618232 -67.174030
-1.884804 -101.016184 -66.510787
-3.729185 -101.414137 -65.847544
-5.573566 -101.812090 -65.184300
-7.417947 -102.210042 -64.521057
-9.262328 -102.607995 -63.857813
-11.106710 -103.005948 -63.194570
-12.951091 -103.403900 -62.531326
-137.293922 94.961889 -226.066585
-135.971037 96.011966 -227.137713
-134.648151 97.062042 -228.208841
-133.325266 98.112119 -229.279968
-132.002381 99.162195 -230.351096
-130.679496 100.212272 -231.422223
-129.356611 101.262348 -232.493351
-128.033726 102.312425 -233.564479
-126.710841 103.362501 -234.635606
-125.387955 104.412578 -235.706734
-124.065070 105.462654 -236.777861
-122.742185 106.512731 -237.848989
-121.419300 107.562807 -238.920116
-120.096415 108.612884 -239.991244
-118.773530 109.662960 -241.062372
-117.450645 110.713036 -242.133499
-116.127760 111.763113 -243.204627
-114.804874 112.813189 -244.275754
-113.481989 113.863266 -245.346882
-112.159104 114.913342 -246.418010
-110.836219 115.963419 -247.489137
-109.513334 117.013495 -248.560265
-108.190449 118.063572 -249.631392
-106.867564 119.113648 -250.702520
-105.544679 120.163725 -251.773648
-104.221793 121.213801 -252.844775
-102.898908 122.263878 -253.915903
-101.576023 123.313954 -254.987030
-100.253138 124.364031 -256.058158
-98.930253 125.414107 -257.129286
-97.607368 126.464184 -258.200413
-96.284483 127.514260 -259.271541
-94.961597 128.564337 -260.342668
-93.638712 129.614413 -261.413796
-92.315827 130.664490 -262.484924
-90.992942 131.714566 -263.556051
-89.670057 132.764643 -264.627179
-88.347172 133.814719 -265.698306
-87.024287 134.864795 -266.769434
-85.701402 135.914872 -267.840561
-84.378516 136.964948 -268.911689
-83.055631 138.015025 -269.982817
-81.732746 139.065101 -271.053944
-80.409861 140.115178 -272.125072
-79.086976 141.165254 -273.196199
-77.764091 142.215331 -274.267327
-76.441206 143.265407 -275.338455
-75.118321 144.315484 -276.409582
-73.795435 145.365560 -277.480710
-72.472550 146.415637 -278.551837
-71.149665 147.465713 -279.622965
-69.826780 148.515790 -280.694093
-68.503895 149.565866 -281.765220
-67.181010 150.615943 -282.836348
-65.858125 151.666019 -283.907475
-64.535239 152.716096 -284.978603
-63.212354 153.766172 -286.049731
-61.889469 154.816249 -287.120858
-60.566584 155.866325 -288.191986
-59.243699 156.916402 -289.263113
-57.920814 157.966478 -290.334241
-56.597929 159.016555 -291.405369
-55.275044 160.066631 -292.476496
-53.952158 161.116707 -293.547624
-52.629273 162.166784 -294.618751
-51.306388 163.216860 -295.689879
-49.983503 164.266937 -296.761006
-48.660618 165.317013 -297.832134
-47.337733 166.367090 -298.903262
-46.014848 167.417166 -299.974389
29.287316 -259.467296 -55.180589
27.675677 -259.888381 -54.073653
26.064038 -260.309467 -52.966717
24.452399 -260.730552 -51.859780
22.840761 -261.151637 -50.752844
21.229122 -261.572723 -49.645908
19.617483 -261.993808 -48.538972
18.005844 -262.414893 -47.432036
16.394205 -262.835979 -46.325100
14.782567 -263.257064 -45.218164
13.170928 -263.678149 -44.111228
11.559289 -264.099235 -43.004292
9.947650 -264.520320 -41.897356
8.336011 -264.941405 -40.790420
6.724372 -265.362491 -39.683484
5.112734 -265.783576 -38.576548
3.501095 -266.204661 -37.469612
1.889456 -266.625747 -36.362675
0.277817 -267.046832 -35.255739
-1.333822 -267.467917 -34.148803
-2.945460 -267.889003 -33.041867
-4.557099 -268.310088 -31.934931
-6.168738 -268.731173 -30.827995
-7.780377 -269.152259 -29.721059
-9.392016 -269.573344 -28.614123
-11.003655 -269.994429 -27.507187
-12.615293 -270.415515 -26.400251
-14.226932 -270.836600 -25.293315
-15.838571 -271.257686 -24.186379
-17.450210 -271.678771 -23.079443
-19.061849 -272.099856 -21.972507
-20.673487 -272.520942 -20.865571
-22.285126 -272.942027 -19.758634
-23.896765 -273.363112 -18.651698
-25.508404 -273.784198 -17.544762
-27.120043 -274.205283 -16.437826
-28.731682 -274.626368 -15.330890
-30.343320 -275.047454 -14.223954
-31.954959 -275.468539 -13.117018
-33.566598 -275.889624 -12.010082
-35.178237 -276.310710 -10.903146
-36.789876 -276.731795 -9.796210
-38.401514 -277.152880 -8.689274
-40.013153 -277.573966 -7.582338
-41.624792 -277.995051 -6.475402
-43.236431 -278.416136 -5.368466
-44.848070 -278.837222 -4.261530
-46.459708 -279.258307 -3.154593
-48.071347 -279.679392 -2.047657
-49.682986 -280.100478 -0.940721
-51.294625 -280.521563 0.166215
-52.906264 -280.942648 1.273151
-54.517903 -281.363734 2.380087
-56.129541 -281.784819 3.487023
-57.741180 -282.205904 4.593959
-59.352819 -282.626990 5.700895
-60.964458 -283.048075 6.807831
-62.576097 -283.469160 7.914767
-64.187735 -283.890246 9.021703
-65.799374 -284.311331 10.128639
-67.411013 -284.732416 11.235575
-69.022652 -285.153502 12.342511
-70.634291 -285.574587 13.449448
-72.245930 -285.995673 14.556384
-73.857568 -286.416758 15.663320
-75.469207 -286.837843 16.770256
-77.080846 -287.258929 17.877192
-78.692485 -287.680014 18.984128
-80.304124 -288.101099 20.091064
-81.915762 -288.522185 21.198000
-136.792362 -94.178838 -59.307855
-138.586338 -93.675879 -60.034960
-140.380314 -93.172920 -60.762066
-142.174290 -92.669961 -61.489171
-143.968266 -92.167002 -62.216277
-145.762242 -91.664043 -62.943383
-147.556218 -91.161084 -63.670488
-149.350194 -90.658125 -64.397594
-151.144170 -90.155166 -65.124699
-152.938146 -89.652207 -65.851805
-154.732122 -89.149248 -66.578911
-156.526098 -88.646289 -67.306016
-158.320073 -88.143330 -68.033122
-160.114049 -87.640372 -68.760227
-161.908025 -87.137413 -69.487333
-163.702001 -86.634454 -70.214439
-165.495977 -86.131495 -70.941544
-167.289953 -85.628536 -71.668650
-169.083929 -85.125577 -72.395756
-170.877905 -84.622618 -73.122861
-172.671881 -84.119659 -73.849967
-174.465857 -83.616700 -74.577072
-176.259833 -83.113741 -75.304178
-178.053809 -82.610782 -76.031284
-179.847785 -82.107823 -76.758389
-181.641761 -81.604864 -77.485495
-183.435737 -81.101905 -78.212600
-185.229713 -80.598946 -78.939706
-187.023689 -80.095988 -79.666812
-188.817665 -79.593029 -80.393917
-190.611641 -79.090070 -81.121023
-192.405617 -78.587111 -81.848128
-194.199593 -78.084152 -82.575234
-195.993569 -77.581193 -83.302340
-197.787545 -77.078234 -84.029445
-199.581521 -76.575275 -84.756551
-201.375497 -76.072316 -85.483656
-203.169472 -75.569357 -86.210762
-204.963448 -75.066398 -86.937868
-206.757424 -74.563439 -87.664973
-208.551400 -74.060480 -88.392079
-210.345376 -73.557521 -89.119185
-212.139352 -73.054563 -89.846290
-213.933328 -72.551604 -90.573396
-215.727304 -72.048645 -91.300501
-217.521280 -71.545686 -92.027607
-219.315256 -71.042727 -92.754713
-221.109232 -70.539768 -93.481818
-222.903208 -70.036809 -94.208924
-224.697184 -69.533850 -94.936029
-226.491160 -69.030891 -95.663135
-228.285136 -68.527932 -96.390241
-230.079112 -68.024973 -97.117346
-231.873088 -67.522014 -97.844452
-233.667064 -67.019055 -98.571557
-235.461040 -66.516096 -99.298663
-237.255016 -66.013138 -100.025769
-239.048992 -65.510179 -100.752874
-240.842968 -65.007220 -101.479980
-242.636944 -64.504261 -102.207085
-244.430920 -64.001302 -102.934191
-246.224896 -63.498343 -103.661297
-248.018872 -62.995384 -104.388402
-249.812847 -62.492425 -105.115508
-251.606823 -61.989466 -105.842614
-253.400799 -61.486507 -106.569719
-255.194775 -60.983548 -107.296825
-256.988751 -60.480589 -108.023930
-258.782727 -59.977630 -108.751036
-260.576703 -59.474671 -109.478142
120.059563 9.449667 -56.306502
120.891989 8.628200 -57.928925
121.724415 7.806732 -59.551348
122.556841 6.985264 -61.173772
123.389267 6.163796 -62.796195
124.221693 5.342328 -64.418619
125.054119 4.520860 -66.041042
125.886545 3.699392 -67.663465
126.718971 2.877924 -69.285889
127.551397 2.056457 -70.908312
128.383823 1.234989 -72.530735
129.216249 0.413521 -74.153159
130.048675 -0.407947 -75.775582
130.881101 -1.229415 -77.398005
131.713526 -2.050883 -79.020429
132.545952 -2.872351 -80.642852
133.378378 -3.693819 -82.265276
134.210804 -4.515286 -83.887699
135.043230 -5.336754 -85.510122
135.875656 -6.158222 -87.132546
136.708082 -6.979690 -88.754969
137.540508 -7.801158 -90.377392
138.372934 -8.622626 -91.999816
139.205360 -9.444094 -93.622239
140.037786 -10.265562 -95.244663
140.870212 -11.087030 -96.867086
141.702638 -11.908497 -98.489509
142.535064 -12.729965 -100.111933
143.367490 -13.551433 -101.734356
144.199916 -14.372901 -103.356779
145.032342 -15.194369 -104.979203
145.864767 -16.015837 -106.601626
146.697193 -16.837305 -108.224049
147.529619 -17.658773 -109.846473
148.362045 -18.480240 -111.468896
149.194471 -19.301708 -113.091320
150.026897 -20.123176 -114.713743
150.859323 -20.944644 -116.336166
151.691749 -21.766112 -117.958590
152.524175 -22.587580 -119.581013
153.356601 -23.409048 -121.203436
154.189027 -24.230516 -122.825860
155.021453 -25.051983 -124.448283
155.853879 -25.873451 -126.070706
156.686305 -26.694919 -127.693130
157.518731 -27.516387 -129.315553
158.351157 -28.337855 -130.937977
159.183583 -29.159323 -132.560400
160.016008 -29.980791 -134.182823
160.848434 -30.802259 -135.805247
161.680860 -31.623726 -137.427670
162.513286 -32.445194 -139.050093
163.345712 -33.266662 -140.672517
164.178138 -34.088130 -142.294940
165.010564 -34.909598 -143.917364
165.842990 -35.731066 -145.539787
166.675416 -36.552534 -147.162210
167.507842 -37.374002 -148.784634
168.340268 -38.195469 -150.407057
169.172694 -39.016937 -152.029480
170.005120 -39.838405 -153.651904
170.837546 -40.659873 -155.274327
171.669972 -41.481341 -156.896750
172.502398 -42.302809 -158.519174
173.334824 -43.124277 -160.141597
174.167249 -43.945745 -161.764021
174.999675 -44.767212 -163.386444
175.832101 -45.588680 -165.008867
176.664527 -46.410148 -166.631291
177.496953 -47.231616 -168.253714
-168.546030 -114.749278 -239.531019
-169.825183 -115.256508 -238.079646
-171.104336 -115.763739 -236.628273
-172.383489 -116.270969 -235.176899
-173.662642 -116.778200 -233.725526
-174.941795 -117.285430 -232.274152
-176.220948 -117.792661 -230.822779
-177.500101 -118.299891 -229.371405
-178.779254 -118.807122 -227.920032
-180.058407 -119.314352 -226.468658
-181.337560 -119.821583 -225.017285
-182.616713 -120.328813 -223.565911
-183.895866 -120.836044 -222.114538
-185.175019 -121.343274 -220.663164
-186.454172 -121.850505 -219.211791
-187.733325 -122.357735 -217.760418
-189.012477 -122.864965 -216.309044
-190.291630 -123.372196 -214.857671
-191.570783 -123.879426 -213.406297
-192.849936 -124.386657 -211.954924
-194.129089 -124.893887 -210.503550
-195.408242 -125.401118 -209.052177
-196.687395 -125.908348 -207.600803
-197.966548 -126.415579 -206.149430
-199.245701 -126.922809 -204.698056
-200.524854 -127.430040 -203.246683
-201.804007 -127.937270 -201.795309
-203.083160 -128.444501 -200.343936
-204.362313 -128.951731 -198.892563
-205.641466 -129.458962 -197.441189
-206.920619 -129.966192 -195.989816
-208.199772 -130.473423 -194.538442
-209.478925 -130.980653 -193.087069
-210.758078 -131.487884 -191.635695
-212.037231 -131.995114 -190.184322
-213.316384 -132.502345 -188.732948
-214.595537 -133.009575 -187.281575
-215.874690 -133.516806 -185.830201
-217.153843 -134.024036 -184.378828
-218.432996 -134.531267 -182.927454
-219.712149 -135.038497 -181.476081
-220.991302 -135.545728 -180.024707
-222.270455 -136.052958 -178.573334
-223.549607 -136.560189 -177.121961
-224.828760 -137.067419 -175.670587
-226.107913 -137.574650 -174.219214
-227.387066 -138.081880 -172.767840
-228.666219 -138.589111 -171.316467
-229.945372 -139.096341 -169.865093
-231.224525 -139.603572 -168.413720
-232.503678 -140.110802 -166.962346
-233.782831 -140.618033 -165.510973
-235.061984 -141.125263 -164.059599
-236.341137 -141.632494 -162.608226
-237.620290 -142.139724 -161.156852
-238.899443 -142.646955 -159.705479
-240.178596 -143.154185 -158.254106
-241.457749 -143.661416 -156.802732
-242.736902 -144.168646 -155.351359
-244.016055 -144.675877 -153.899985
-245.295208 -145.183107 -152.448612
-246.574361 -145.690338 -150.997238
-247.853514 -146.197568 -149.545865
-249.132667 -146.704799 -148.094491
-250.411820 -147.212029 -146.643118
-251.690973 -147.719260 -145.191744
-252.970126 -148.226490 -143.740371
-254.249279 -148.733720 -142.288997
-255.528432 -149.240951 -140.837624
-256.807584 -149.748181 -139.386251
233.505375 173.789669 195.913031
232.423945 172.434128 194.916528
231.342515 171.078587 193.920025
230.261086 169.723046 192.923523
229.179656 168.367505 191.927020
228.098226 167.011964 190.930517
227.016796 165.656423 189.934014
225.935366 164.300882 188.937511
224.853936 162.945341 187.941009
223.772506 161.589800 186.944506
222.691076 160.234258 185.948003
221.609646 158.878717 184.951500
220.528216 157.523176 183.954998
219.446786 156.167635 182.958495
218.365356 154.812094 181.961992
217.283926 153.456553 180.965489
216.202496 152.101012 179.968986
215.121066 150.745471 178.972484
214.039637 149.389930 177.975981
212.958207 148.034389 176.979478
211.876777 146.678848 175.982975
210.795347 145.323307 174.986473
209.713917 143.967766 173.989970
208.632487 142.612225 172.993467
207.551057 141.256684 171.996964
206.469627 139.901143 171.000461
205.388197 138.545602 170.003959
204.306767 137.190061 169.007456
203.225337 135.834520 168.010953
202.143907 134.478979 167.014450
201.062477 133.123438 166.017948
199.981047 131.767897 165.021445
198.899617 130.412356 164.024942
197.818188 129.056814 163.028439
196.736758 127.701273 162.031937
195.655328 126.345732 161.035434
194.573898 124.990191 160.038931
193.492468 123.634650 159.042428
192.411038 122.279109 158.045925
191.329608 120.923568 157.049423
190.248178 119.568027 156.052920
189.166748 118.212486 155.056417
188.085318 116.856945 154.059914
187.003888 115.501404 153.063412
185.922458 114.145863 152.066909
184.841028 112.790322 151.070406
183.759598 111.434781 150.073903
182.678168 110.079240 149.077400
181.596739 108.723699 148.080898
180.515309 107.368158 147.084395
179.433879 106.012617 146.087892
178.352449 104.657076 145.091389
177.271019 103.301535 144.094887
176.189589 101.945994 143.098384
175.108159 100.590453 142.101881
174.026729 99.234912 141.105378
172.945299 97.879370 140.108875
171.863869 96.523829 139.112373
170.782439 95.168288 138.115870
169.701009 93.812747 137.119367
168.619579 92.457206 136.122864
167.538149 91.101665 135.126362
166.456719 89.746124 134.129859
165.375290 88.390583 133.133356
164.293860 87.035042 132.136853
163.212430 85.679501 131.140351
162.131000 84.323960 130.143848
161.049570 82.968419 129.147345
159.968140 81.612878 128.150842
158.886710 80.257337 127.154339
70.658498 -206.758603 245.869277
69.736691 -205.052883 245.378571
68.814884 -203.347164 244.887866
67.893077 -201.641444 244.397160
66.971270 -199.935724 243.906454
66.049463 -198.230005 243.415748
65.127656 -196.524285 242.925042
64.205849 -194.818565 242.434336
63.284042 -193.112845 241.943630
62.362236 -191.407126 241.452924
61.440429 -189.701406 240.962218
60.518622 -187.995686 240.471512
59.596815 -186.289967 239.980806
58.675008 -184.584247 239.490101
57.753201 -182.878527 238.999395
56.831394 -181.172807 238.508689
55.909587 -179.467088 238.017983
54.987780 -177.761368 237.527277
54.065973 -176.055648 237.036571
53.144166 -174.349929 236.545865
52.222359 -172.644209 236.055159
51.300553 -170.938489 235.564453
50.378746 -169.232769 235.073747
49.456939 -167.527050 234.583041
48.535132 -165.821330 234.092335
47.613325 -164.115610 233.601630
46.691518 -162.409891 233.110924
45.769711 -160.704171 232.620218
44.847904 -158.998451 232.129512
43.926097 -157.292732 231.638806
43.004290 -155.587012 231.148100
42.082483 -153.881292 230.657394
41.160676 -152.175572 230.166688
40.238870 -150.469853 229.675982
39.317063 -148.764133 229.185276
38.395256 -147.058413 228.694570
37.473449 -145.352694 228.203865
36.551642 -143.646974 227.713159
35.629835 -141.941254 227.222453
34.708028 -140.235534 226.731747
33.786221 -138.529815 226.241041
32.864414 -136.824095 225.750335
31.942607 -135.118375 225.259629
31.020800 -133.412656 224.768923
30.098994 -131.706936 224.278217
29.177187 -130.001216 223.787511
28.255380 -128.295496 223.296805
27.333573 -126.589777 222.806100
26.411766 -124.884057 222.315394
25.489959 -123.178337 221.824688
24.568152 -121.472618 221.333982
23.646345 -119.766898 220.843276
22.724538 -118.061178 220.352570
21.802731 -116.355459 219.861864
20.880924 -114.649739 219.371158
19.959117 -112.944019 218.880452
19.037311 -111.238299 218.389746
18.115504 -109.532580 217.899040
17.193697 -107.826860 217.408335
16.271890 -106.121140 216.917629
15.350083 -104.415421 216.426923
14.428276 -102.709701 215.936217
13.506469 -101.003981 215.445511
12.584662 -99.298261 214.954805
11.662855 -97.592542 214.464099
10.741048 -95.886822 213.973393
9.819241 -94.181102 213.482687
8.897434 -92.475383 212.991981
7.975628 -90.769663 212.501275
7.053821 -89.063943 212.010569
65.010035 75.142788 -118.954765
65.991784 73.625188 -118.098578
66.973533 72.107587 -117.242391
67.955283 70.589986 -116.386204
68.937032 69.072385 -115.530017
69.918781 67.554784 -114.673830
70.900530 66.037183 -113.817643
71.882279 64.519582 -112.961456
72.864028 63.001981 -112.105268
73.845777 61.484381 -111.249081
74.827526 59.966780 -110.392894
75.809275 58.449179 -109.536707
76.791024 56.931578 -108.680520
77.772773 55.413977 -107.824333
78.754522 53.896376 -106.968146
79.736271 52.378775 -106.111959
80.718020 50.861175 -105.255771
81.699769 49.343574 -104.399584
82.681518 47.825973 -103.543397
83.663268 46.308372 -102.687210
84.645017 44.790771 -101.831023
85.626766 43.273170 -100.974836
86.608515 41.755569 -100.118649
87.590264 40.237969 -99.262461
88.572013 38.720368 -98.406274
89.553762 37.202767 -97.550087
90.535511 35.685166 -96.693900
91.517260 34.167565 -95.837713
92.499009 32.649964 -94.981526
93.480758 31.132363 -94.125339
94.462507 29.614763 -93.269152
95.444256 28.097162 -92.412964
96.426005 26.579561 -91.556777
97.407754 25.061960 -90.700590
98.389503 23.544359 -89.844403
99.371253 22.026758 -88.988216
100.353002 20.509157 -88.132029
101.334751 18.991556 -87.275842
102.316500 17.473956 -86.419655
103.298249 15.956355 -85.563467
104.279998 14.438754 -84.707280
105.261747 12.921153 -83.851093
106.243496 11.403552 -82.994906
107.225245 9.885951 -82.138719
108.206994 8.368350 -81.282532
109.188743 6.850750 -80.426345
110.170492 5.333149 -79.570158
111.152241 3.815548 -78.713970
112.133990 2.297947 -77.857783
113.115739 0.780346 -77.001596
114.097489 -0.737255 -76.145409
115.079238 -2.254856 -75.289222
116.060987 -3.772456 -74.433035
117.042736 -5.290057 -73.576848
118.024485 -6.807658 -72.720660
119.006234 -8.325259 -71.864473
119.987983 -9.842860 -71.008286
120.969732 -11.360461 -70.152099
121.951481 -12.878062 -69.295912
122.933230 -14.395662 -68.439725
123.914979 -15.913263 -67.583538
124.896728 -17.430864 -66.727351
125.878477 -18.948465 -65.871163
126.860226 -20.466066 -65.014976
127.841975 -21.983667 -64.158789
128.823724 -23.501268 -63.302602
129.805474 -25.018869 -62.446415
130.787223 -26.536469 -61.590228
131.768972 -28.054070 -60.734041
132.750721 -29.571671 -59.877854
115.210587 -31.112011 -9.018092
113.917756 -30.174454 -10.222075
112.624926 -29.236897 -11.426058
111.332095 -28.299340 -12.630041
110.039264 -27.361783 -13.834024
108.746433 -26.424226 -15.038007
107.453602 -25.486669 -16.241990
106.160771 -24.549112 -17.445973
104.867940 -23.611555 -18.649956
103.575109 -22.673998 -19.853939
102.282278 -21.736441 -21.057922
100.989447 -20.798885 -22.261905
99.696616 -19.861328 -23.465888
98.403785 -18.923771 -24.669872
97.110954 -17.986214 -25.873855
95.818123 -17.048657 -27.077838
94.525292 -16.111100 -28.281821
93.232461 -15.173543 -29.485804
91.939630 -14.235986 -30.689787
90.646800 -13.298429 -31.893770
89.353969 -12.360872 -33.097753
88.061138 -11.423315 -34.301736
86.768307 -10.485758 -35.505719
85.475476 -9.548202 -36.709702
84.182645 -8.610645 -37.913685
82.889814 -7.673088 -39.117668
81.596983 -6.735531 -40.321651
80.304152 -5.797974 -41.525634
79.011321 -4.860417 -42.729617
77.718490 -3.922860 -43.933600
76.425659 -2.985303 -45.137583
75.132828 -2.047746 -46.341566
73.839997 -1.110189 -47.545550
72.547166 -0.172632 -48.749533
71.254335 0.764925 -49.953516
69.961504 1.702481 -51.157499
68.668674 2.640038 -52.361482
67.375843 3.577595 -53.565465
66.083012 4.515152 -54.769448
64.790181 5.452709 -55.973431
63.497350 6.390266 -57.177414
62.204519 7.327823 -58.381397
60.911688 8.265380 -59.585380
59.618857 9.202937 -60.789363
58.326026 10.140494 -61.993346
57.033195 11.078051 -63.197329
55.740364 12.015607 -64.401312
54.447533 12.953164 -65.605295
53.154702 13.890721 -66.809278
51.861871 14.828278 -68.013261
50.569040 15.765835 -69.217244
49.276209 16.703392 -70.421228
47.983378 17.640949 -71.625211
46.690548 18.578506 -72.829194
45.397717 19.516063 -74.033177
44.104886 20.453620 -75.237160
42.812055 21.391177 -76.441143
41.519224 22.328734 -77.645126
40.226393 23.266290 -78.849109
38.933562 24.203847 -80.053092
37.640731 25.141404 -81.257075
36.347900 26.078961 -82.461058
35.055069 27.016518 -83.665041
33.762238 27.954075 -84.869024
32.469407 28.891632 -86.073007
31.176576 29.829189 -87.276990
29.883745 30.766746 -88.480973
28.590914 31.704303 -89.684956
27.298083 32.641860 -90.888939
26.005252 33.579416 -92.092922
-236.498687 -174.570685 -183.329999
-235.991675 -176.167755 -184.421926
-235.484663 -177.764825 -185.513854
-234.977650 -179.361895 -186.605781
-234.470638 -180.958965 -187.697709
-233.963626 -182.556035 -188.789636
-233.456613 -184.153105 -189.881564
-232.949601 -185.750175 -190.973491
-232.442589 -187.347245 -192.065419
-231.935576 -188.944315 -193.157346
-231.428564 -190.541385 -194.249274
-230.921552 -192.138456 -195.341201
-230.414539 -193.735526 -196.433129
-229.907527 -195.332596 -197.525056
-229.400514 -196.929666 -198.616984
-228.893502 -198.526736 -199.708911
-228.386490 -200.123806 -200.800839
-227.879477 -201.720876 -201.892766
-227.372465 -203.317946 -202.984694
-226.865453 -204.915016 -204.076621
-226.358440 -206.512086 -205.168549
-225.851428 -208.109156 -206.260476
-225.344416 -209.706226 -207.352404
-224.837403 -211.303296 -208.444331
-224.330391 -212.900367 -209.536259
-223.823379 -214.497437 -210.628186
-223.316366 -216.094507 -211.720114
-222.809354 -217.691577 -212.812041
-222.302342 -219.288647 -213.903969
-221.795329 -220.885717 -214.995896
-221.288317 -222.482787 -216.087824
-220.781304 -224.079857 -217.179751
-220.274292 -225.676927 -218.271679
-219.767280 -227.273997 -219.363606
-219.260267 -228.871067 -220.455534
-218.753255 -230.468137 -221.547461
-218.246243 -232.065207 -222.639389
-217.739230 -233.662278 -223.731316
-217.232218 -235.259348 -224.823244
-216.725206 -236.856418 -225.915171
-216.218193 -238.453488 -227.007099
-215.711181 -240.050558 -228.099026
-215.204169 -241.647628 -229.190953
-214.697156 -243.244698 -230.282881
-214.190144 -244.841768 -231.374808
-213.683131 -246.438838 -232.466736
-213.176119 -248.035908 -233.558663
-212.669107 -249.632978 -234.650591
-212.162094 -251.230048 -235.742518
-211.655082 -252.827118 -236.834446
-211.148070 -254.424189 -237.926373
-210.641057 -256.021259 -239.018301
-210.134045 -257.618329 -240.110228
-209.627033 -259.215399 -241.202156
-209.120020 -260.812469 -242.294083
-208.613008 -262.409539 -243.386011
-208.105996 -264.006609 -244.477938
-207.598983 -265.603679 -245.569866
-207.091971 -267.200749 -246.661793
-206.584959 -268.797819 -247.753721
-206.077946 -270.394889 -248.845648
-205.570934 -271.991959 -249.937576
-205.063921 -273.589029 -251.029503
-204.556909 -275.186099 -252.121431
-204.049897 -276.783170 -253.213358
-203.542884 -278.380240 -254.305286
-203.035872 -279.977310 -255.397213
-202.528860 -281.574380 -256.489141
-202.021847 -283.171450 -257.581068
-201.514835 -284.768520 -258.672996
-159.692131 73.311895 74.328460
-159.471817 72.784161 72.411963
-159.251503 72.256427 70.495467
-159.031189 71.728694 68.578970
-158.810875 71.200960 66.662474
-158.590561 70.673226 64.745977
-158.370248 70.145492 62.829481
-158.149934 69.617758 60.912984
-157.929620 69.090025 58.996488
-157.709306 68.562291 57.079991
-157.488992 68.034557 55.163495
-157.268678 67.506823 53.246998
-157.048365 66.979090 51.330502
-156.828051 66.451356 49.414005
-156.607737 65.923622 47.497509
-156.387423 65.395888 45.581012
-156.167109 64.868155 43.664516
-155.946796 64.340421 41.748019
-155.726482 63.812687 39.831523
-155.506168 63.284953 37.915026
-155.285854 62.757220 35.998530
-155.065540 62.229486 34.082033
-154.845226 61.701752 32.165537
-154.624913 61.174018 30.249040
-154.404599 60.646285 28.332544
-154.184285 60.118551 26.416047
-153.963971 59.590817 24.499551
-153.743657 59.063083 22.583054
-153.523344 58.535350 20.666557
-153.303030 58.007616 18.750061
-153.082716 57.479882 16.833564
-152.862402 56.952148 14.917068
-152.642088 56.424415 13.000571
-152.421774 55.896681 11.084075
-152.201461 55.368947 9.167578
-151.981147 54.841213 7.251082
-151.760833 54.313479 5.334585
-151.540519 53.785746 3.418089
-151.320205 53.258012 1.501592
-151.099891 52.730278 -0.414904
-150.879578 52.202544 -2.331401
-150.659264 51.674811 -4.247897
-150.438950 51.147077 -6.164394
-150.218636 50.619343 -8.080890
-149.998322 50.091609 -9.997387
-149.778009 49.563876 -11.913883
-149.557695 49.036142 -13.830380
-149.337381 48.508408 -15.746876
-149.117067 47.980674 -17.663373
-148.896753 47.452941 -19.579869
-148.676439 46.925207 -21.496366
-148.456126 46.397473 -23.412862
-148.235812 45.869739 -25.329359
-148.015498 45.342006 -27.245855
-147.795184 44.814272 -29.162352
-147.574870 44.286538 -31.078848
-147.354557 43.758804 -32.995345
-147.134243 43.231071 -34.911842
-146.913929 42.703337 -36.828338
-146.693615 42.175603 -38.744835
-146.473301 41.647869 -40.661331
-146.252987 41.120136 -42.577828
-146.032674 40.592402 -44.494324
-145.812360 40.064668 -46.410821
-145.592046 39.536934 -48.327317
-145.371732 39.009200 -50.243814
-145.151418 38.481467 -52.160310
-144.931104 37.953733 -54.076807
-144.710791 37.425999 -55.993303
-144.490477 36.898265 -57.909800
144.447021 68.309607 -88.914309
144.367168 67.747528 -86.996578
144.287315 67.185448 -85.078848
144.207461 66.623369 -83.161117
144.127608 66.061289 -81.243387
144.047755 65.499209 -79.325657
143.967902 64.937130 -77.407926
143.888049 64.375050 -75.490196
143.808196 63.812970 -73.572465
143.728343 63.250891 -71.654735
143.648489 62.688811 -69.737004
143.568636 62.126732 -67.819274
143.488783 61.564652 -65.901544
143.408930 61.002572 -63.983813
143.329077 60.440493 -62.066083
143.249224 59.878413 -60.148352
143.169370 59.316333 -58.230622
143.089517 58.754254 -56.312892
143.009664 58.192174 -54.395161
142.929811 57.630094 -52.477431
142.849958 57.068015 -50.559700
142.770105 56.505935 -48.641970
142.690252 55.943856 -46.724239
142.610398 55.381776 -44.806509
142.530545 54.819696 -42.888779
142.450692 54.257617 -40.971048
142.370839 53.695537 -39.053318
142.290986 53.133457 -37.135587
142.211133 52.571378 -35.217857
142.131280 52.009298 -33.300126
142.051426 51.447219 -31.382396
141.971573 50.885139 -29.464666
141.891720 50.323059 -27.546935
141.811867 49.760980 -25.629205
141.732014 49.198900 -23.711474
141.652161 48.636820 -21.793744
141.572307 48.074741 -19.876014
141.492454 47.512661 -17.958283
141.412601 46.950582 -16.040553
141.332748 46.388502 -14.122822
141.252895 45.826422 -12.205092
141.173042 45.264343 -10.287361
141.093189 44.702263 -8.369631
141.013335 44.140183 -6.451901
140.933482 43.578104 -4.534170
140.853629 43.016024 -2.616440
140.773776 42.453945 -0.698709
140.693923 41.891865 1.219021
140.614070 41.329785 3.136752
140.534217 40.767706 5.054482
140.454363 40.205626 6.972212
140.374510 39.643546 8.889943
140.294657 39.081467 10.807673
140.214804 38.519387 12.725404
140.134951 37.957308 14.643134
140.055098 37.395228 16.560864
139.975244 36.833148 18.478595
139.895391 36.271069 20.396325
139.815538 35.708989 22.314056
139.735685 35.146909 24.231786
139.655832 34.584830 26.149517
139.575979 34.022750 28.067247
139.496126 33.460671 29.984977
139.416272 32.898591 31.902708
139.336419 32.336511 33.820438
139.256566 31.774432 35.738169
139.176713 31.212352 37.655899
139.096860 30.650272 39.573630
139.017007 30.088193 41.491360
138.937153 29.526113 43.409090
193.444225 68.381249 -66.297773
192.690565 67.989044 -68.108345
191.936905 67.596838 -69.918917
191.183245 67.204632 -71.729489
190.429585 66.812427 -73.540061
189.675925 66.420221 -75.350633
188.922265 66.028016 -77.161205
188.168605 65.635810 -78.971777
187.414945 65.243604 -80.782349
186.661285 64.851399 -82.592921
185.907625 64.459193 -84.403494
185.153965 64.066988 -86.214066
184.400305 63.674782 -88.024638
183.646645 63.282576 -89.835210
182.892985 62.890371 -91.645782
182.139325 62.498165 -93.456354
181.385665 62.105960 -95.266926
180.632005 61.713754 -97.077498
179.878345 61.321548 -98.888070
179.124684 60.929343 -100.698642
178.371024 60.537137 -102.509215
177.617364 60.144932 -104.319787
176.863704 59.752726 -106.130359
176.110044 59.360520 -107.940931
175.356384 58.968315 -109.751503
174.602724 58.576109 -111.562075
173.849064 58.183904 -113.372647
173.095404 57.791698 -115.183219
172.341744 57.399492 -116.993791
171.588084 57.007287 -118.804363
170.834424 56.615081 -120.614935
170.080764 56.222876 -122.425508
169.327104 55.830670 -124.236080
168.573444 55.438464 -126.046652
167.819784 55.046259 -127.857224
167.066124 54.654053 -129.667796
166.312464 54.261847 -131.478368
165.558804 53.869642 -133.288940
164.805144 53.477436 -135.099512
164.051484 53.085231 -136.910084
163.297824 52.693025 -138.720656
162.544164 52.300819 -140.531229
161.790504 51.908614 -142.341801
161.036844 51.516408 -144.152373
160.283183 51.124203 -145.962945
159.529523 50.731997 -147.773517
158.775863 50.339791 -149.584089
158.022203 49.947586 -151.394661
157.268543 49.555380 -153.205233
156.514883 49.163175 -155.015805
155.761223 48.770969 -156.826377
155.007563 48.378763 -158.636949
154.253903 47.986558 -160.447522
153.500243 47.594352 -162.258094
152.746583 47.202147 -164.068666
151.992923 46.809941 -165.879238
151.239263 46.417735 -167.689810
150.485603 46.025530 -169.500382
149.731943 45.633324 -171.310954
148.978283 45.241119 -173.121526
148.224623 44.848913 -174.932098
147.470963 44.456707 -176.742670
146.717303 44.064502 -178.553242
145.963643 43.672296 -180.363815
145.209983 43.280091 -182.174387
144.456323 42.887885 -183.984959
143.702663 42.495679 -185.795531
142.949003 42.103474 -187.606103
142.195343 41.711268 -189.416675
141.441682 41.319063 -191.227247
-150.811569 49.984786 97.673978
-152.764490 49.597617 97.864238
-154.717412 49.210448 98.054498
-156.670333 48.823279 98.244757
-158.623254 48.436111 98.435017
-160.576176 48.048942 98.625277
-162.529097 47.661773 98.815537
-164.482018 47.274605 99.005797
-166.434939 46.887436 99.196057
-168.387861 46.500267 99.386317
-170.340782 46.113098 99.576577
-172.293703 45.725930 99.766837
-174.246625 45.338761 99.957097
-176.199546 44.951592 100.147357
-178.152467 44.564424 100.337616
-180.105388 44.177255 100.527876
-182.058310 43.790086 100.718136
-184.011231 43.402918 100.908396
-185.964152 43.015749 101.098656
-187.917074 42.628580 101.288916
-189.869995 42.241411 101.479176
-191.822916 41.854243 101.669436
-193.775838 41.467074 101.859696
-195.728759 41.079905 102.049956
-197.681680 40.692737 102.240216
-199.634601 40.305568 102.430475
-201.587523 39.918399 102.620735
-203.540444 39.531230 102.810995
-205.493365 39.144062 103.001255
-207.446287 38.756893 103.191515
-209.399208 38.369724 103.381775
-211.352129 37.982556 103.572035
-213.305050 37.595387 103.762295
-215.257972 37.208218 103.952555
-217.210893 36.821050 104.142815
-219.163814 36.433881 104.333075
-221.116736 36.046712 104.523335
-223.069657 35.659543 104.713594
-225.022578 35.272375 104.903854
-226.975499 34.885206 105.094114
-228.928421 34.498037 105.284374
-230.881342 34.110869 105.474634
-232.834263 33.723700 105.664894
-234.787185 33.336531 105.855154
-236.740106 32.949362 106.045414
-238.693027 32.562194 106.235674
-240.645948 32.175025 106.425934
-242.598870 31.787856 106.616194
-244.551791 31.400688 106.806453
-246.504712 31.013519 106.996713
-248.457634 30.626350 107.186973
-250.410555 30.239182 107.377233
-252.363476 29.852013 107.567493
-254.316397 29.464844 107.757753
-256.269319 29.077675 107.948013
-258.222240 28.690507 108.138273
-260.175161 28.303338 108.328533
-262.128083 27.916169 108.518793
-264.081004 27.529001 108.709053
-266.033925 27.141832 108.899312
-267.986846 26.754663 109.089572
-269.939768 26.367494 109.279832
-271.892689 25.980326 109.470092
-273.845610 25.593157 109.660352
-275.798532 25.205988 109.850612
-277.751453 24.818820 110.040872
-279.704374 24.431651 110.231132
-281.657295 24.044482 110.421392
-283.610217 23.657314 110.611652
-285.563138 23.270145 110.801912
-25.973666 -115.844025 172.468575
-26.830429 -114.160231 171.812226
-27.687192 -112.476436 171.155878
-28.543955 -110.792642 170.499529
-29.400718 -109.108847 169.843181
-30.257481 -107.425053 169.186832
-31.114244 -105.741258 168.530483
-31.971007 -104.057464 167.874135
-32.827769 -102.373669 167.217786
-33.684532 -100.689875 166.561438
-34.541295 -99.006080 165.905089
-35.398058 -97.322286 165.248740
-36.254821 -95.638491 164.592392
-37.111584 -93.954697 163.936043
-37.968347 -92.270902 163.279695
-38.825109 -90.587108 162.623346
-39.681872 -88.903313 161.966997
-40.538635 -87.219519 161.310649
-41.395398 -85.535724 160.654300
-42.252161 -83.851930 159.997952
-43.108924 -82.168135 159.341603
-43.965687 -80.484341 158.685254
-44.822450 -78.800546 158.028906
-45.679212 -77.116752 157.372557
-46.535975 -75.432957 156.716209
-47.392738 -73.749163 156.059860
-48.249501 -72.065368 155.403511
-49.106264 -70.381574 154.747163
-49.963027 -68.697779 154.090814
-50.819790 -67.013985 153.434466
-51.676553 -65.330190 152.778117
-52.533315 -63.646396 152.121768
-53.390078 -61.962601 151.465420
-54.246841 -60.278807 150.809071
-55.103604 -58.595013 150.152723
-55.960367 -56.911218 149.496374
-56.817130 -55.227424 148.840025
-57.673893 -53.543629 148.183677
-58.530656 -51.859835 147.527328
-59.387418 -50.176040 146.870980
-60.244181 -48.492246 146.214631
-61.100944 -46.808451 145.558282
-61.957707 -45.124657 144.901934
-62.814470 -43.440862 144.245585
-63.671233 -41.757068 143.589237
-64.527996 -40.073273 142.932888
-65.384758 -38.389479 142.276539
-66.241521 -36.705684 141.620191
-67.098284 -35.021890 140.963842
-67.955047 -33.338095 140.307493
-68.811810 -31.654301 139.651145
-69.668573 -29.970506 138.994796
-70.525336 -28.286712 138.338448
-71.382099 -26.602917 137.682099
-72.238861 -24.919123 137.025750
-73.095624 -23.235328 136.369402
-73.952387 -21.551534 135.713053
-74.809150 -19.867739 135.056705
-75.665913 -18.183945 134.400356
-76.522676 -16.500150 133.744007
-77.379439 -14.816356 133.087659
-78.236202 -13.132561 132.431310
-79.092964 -11.448767 131.774962
-79.949727 -9.764972 131.118613
-80.806490 -8.081178 130.462264
-81.663253 -6.397383 129.805916
-82.520016 -4.713589 129.149567
-83.376779 -3.029794 128.493219
-84.233542 -1.346000 127.836870
-85.090304 0.337795 127.180521
224.869523 -187.950981 216.030602
225.138864 -186.052096 215.463424
225.408204 -184.153211 214.896246
225.677544 -182.254326 214.329068
225.946884 -180.355440 213.761890
226.216225 -178.456555 213.194712
226.485565 -176.557670 212.627535
226.754905 -174.658785 212.060357
227.024246 -172.759899 211.493179
227.293586 -170.861014 210.926001
227.562926 -168.962129 210.358823
227.832266 -167.063244 209.791645
228.101607 -165.164359 209.224468
228.370947 -163.265473 208.657290
228.640287 -161.366588 208.090112
228.909628 -159.467703 207.522934
229.178968 -157.568818 206.955756
229.448308 -155.669932 206.388578
229.717648 -153.771047 205.821400
229.986989 -151.872162 205.254223
230.256329 -149.973277 204.687045
230.525669 -148.074392 204.119867
230.795010 -146.175506 203.552689
231.064350 -144.276621 202.985511
231.333690 -142.377736 202.418333
231.603030 -140.478851 201.851155
231.872371 -138.579965 201.283978
232.141711 -136.681080 200.716800
232.411051 -134.782195 200.149622
232.680392 -132.883310 199.582444
232.949732 -130.984424 199.015266
233.219072 -129.085539 198.448088
233.488413 -127.186654 197.880910
233.757753 -125.287769 197.313733
234.027093 -123.388884 196.746555
234.296433 -121.489998 196.179377
234.565774 -119.591113 195.612199
234.835114 -117.692228 195.045021
235.104454 -115.793343 194.477843
235.373795 -113.894457 193.910665
235.643135 -111.995572 193.343488
235.912475 -110.096687 192.776310
236.181815 -108.197802 192.209132
236.451156 -106.298917 191.641954
236.720496 -104.400031 191.074776
236.989836 -102.501146 190.507598
237.259177 -100.602261 189.940421
237.528517 -98.703376 189.373243
237.797857 -96.804490 188.806065
238.067197 -94.905605 188.238887
238.336538 -93.006720 187.671709
238.605878 -91.107835 187.104531
238.875218 -89.208950 186.537353
239.144559 -87.310064 185.970176
239.413899 -85.411179 185.402998
239.683239 -83.512294 184.835820
239.952579 -81.613409 184.268642
240.221920 -79.714523 183.701464
240.491260 -77.815638 183.134286
240.760600 -75.916753 182.567108
241.029941 -74.017868 181.999931
241.299281 -72.118983 181.432753
241.568621 -70.220097 180.865575
241.837962 -68.321212 180.298397
242.107302 -66.422327 179.731219
242.376642 -64.523442 179.164041
242.645982 -62.624556 178.596863
242.915323 -60.725671 178.029686
243.184663 -58.826786 177.462508
243.454003 -56.927901 176.895330
-9.410198 232.859490 -0.535925
-10.775574 231.402297 -0.646998
-12.140949 229.945103 -0.758071
-13.506324 228.487910 -0.869145
-14.871700 227.030716 -0.980218
-16.237075 225.573523 -1.091291
-17.602450 224.116329 -1.202364
-18.967826 222.659136 -1.313438
-20.333201 221.201942 -1.424511
-21.698577 219.744749 -1.535584
-23.063952 218.287555 -1.646657
-24.429327 216.830362 -1.757731
-25.794703 215.373168 -1.868804
-27.160078 213.915975 -1.979877
-28.525454 212.458781 -2.090950
-29.890829 211.001588 -2.202024
-31.256204 209.544395 -2.313097
-32.621580 208.087201 -2.424170
-33.986955 206.630008 -2.535243
-35.352330 205.172814 -2.646317
-36.717706 203.715621 -2.757390
-38.083081 202.258427 -2.868463
-39.448457 200.801234 -2.979536
-40.813832 199.344040 -3.090610
-42.179207 197.886847 -3.201683
-43.544583 196.429653 -3.312756
-44.909958 194.972460 -3.423829
-46.275334 193.515266 -3.534903
-47.640709 192.058073 -3.645976
-49.006084 190.600879 -3.757049
-50.371460 189.143686 -3.868122
-51.736835 187.686493 -3.979196
-53.102210 186.229299 -4.090269
-54.467586 184.772106 -4.201342
-55.832961 183.314912 -4.312415
-57.198337 181.857719 -4.423489
-58.563712 180.400525 -4.534562
-59.929087 178.943332 -4.645635
-61.294463 177.486138 -4.756708
-62.659838 176.028945 -4.867782
-64.025213 174.571751 -4.978855
-65.390589 173.114558 -5.089928
-66.755964 171.657364 -5.201001
-68.121340 170.200171 -5.312075
-69.486715 168.742977 -5.423148
-70.852090 167.285784 -5.534221
-72.217466 165.828591 -5.645294
-73.582841 164.371397 -5.756368
-74.948217 162.914204 -5.867441
-76.313592 161.457010 -5.978514
-77.678967 159.999817 -6.089587
-79.044343 158.542623 -6.200661
-80.409718 157.085430 -6.311734
-81.775093 155.628236 -6.422807
-83.140469 154.171043 -6.533880
-84.505844 152.713849 -6.644954
-85.871220 151.256656 -6.756027
-87.236595 149.799462 -6.867100
-88.601970 148.342269 -6.978173
-89.967346 146.885075 -7.089247
-91.332721 145.427882 -7.200320
-92.698096 143.970688 -7.311393
-94.063472 142.513495 -7.422466
-95.428847 141.056302 -7.533540
-96.794223 139.599108 -7.644613
-98.159598 138.141915 -7.755686
-99.524973 136.684721 -7.866759
-100.890349 135.227528 -7.977833
-102.255724 133.770334 -8.088906
-103.621100 132.313141 -8.199979
70.183399 -6.313645 28.659409
70.684264 -8.142763 28.024221
71.185128 -9.971880 27.389033
71.685993 -11.800998 26.753845
72.186857 -13.630115 26.118657
72.687722 -15.459233 25.483469
73.188587 -17.288350 24.848281
73.689451 -19.117468 24.213093
74.190316 -20.946585 23.577904
74.691180 -22.775703 22.942716
75.192045 -24.604820 22.307528
75.692910 -26.433938 21.672340
76.193774 -28.263055 21.037152
76.694639 -30.092173 20.401964
77.195503 -31.921290 19.766776
77.696368 -33.750407 19.131588
78.197233 -35.579525 18.496400
78.698097 -37.408642 17.861212
79.198962 -39.237760 17.226023
79.699826 -41.066877 16.590835
80.200691 -42.895995 15.955647
80.701556 -44.725112 15.320459
81.202420 -46.554230 14.685271
81.703285 -48.383347 14.050083
82.204149 -50.212465 13.414895
82.705014 -52.041582 12.779707
83.205879 -53.870700 12.144519
83.706743 -55.699817 11.509330
84.207608 -57.528935 10.874142
84.708472 -59.358052 10.238954
85.209337 -61.187170 9.603766
85.710201 -63.016287 8.968578
86.211066 -64.845404 8.333390
86.711931 -66.674522 7.698202
87.212795 -68.503639 7.063014
87.713660 -70.332757 6.427826
88.214524 -72.161874 5.792637
88.715389 -73.990992 5.157449
89.216254 -75.820109 4.522261
89.717118 -77.649227 3.887073
90.217983 -79.478344 3.251885
90.718847 -81.307462 2.616697
91.219712 -83.136579 1.981509
91.720577 -84.965697 1.346321
92.221441 -86.794814 0.711133
92.722306 -88.623932 0.075944
93.223170 -90.453049 -0.559244
93.724035 -92.282167 -1.194432
94.224900 -94.111284 -1.829620
94.725764 -95.940401 -2.464808
95.226629 -97.769519 -3.099996
95.727493 -99.598636 -3.735184
96.228358 -101.427754 -4.370372
96.729223 -103.256871 -5.005560
97.230087 -105.085989 -5.640749
97.730952 -106.915106 -6.275937
98.231816 -108.744224 -6.911125
98.732681 -110.573341 -7.546313
99.233546 -112.402459 -8.181501
99.734410 -114.231576 -8.816689
100.235275 -116.060694 -9.451877
100.736139 -117.889811 -10.087065
101.237004 -119.718929 -10.722253
101.737868 -121.548046 -11.357442
102.238733 -123.377164 -11.992630
102.739598 -125.206281 -12.627818
103.240462 -127.035398 -13.263006
103.741327 -128.864516 -13.898194
104.242191 -130.693633 -14.533382
104.743056 -132.522751 -15.168570
167.499096 -77.579544 262.181502
169.205545 -78.621084 262.238289
170.911994 -79.662624 262.295077
172.618444 -80.704165 262.351865
174.324893 -81.745705 262.408653
176.031342 -82.787245 262.465441
177.737791 -83.828786 262.522228
179.444241 -84.870326 262.579016
181.150690 -85.911866 262.635804
182.857139 -86.953406 262.692592
184.563588 -87.994947 262.749380
186.270038 -89.036487 262.806167
187.976487 -90.078027 262.862955
189.682936 -91.119568 262.919743
191.389385 -92.161108 262.976531
193.095835 -93.202648 263.033319
194.802284 -94.244188 263.090106
196.508733 -95.285729 263.146894
198.215182 -96.327269 263.203682
199.921631 -97.368809 263.260470
201.628081 -98.410350 263.317258
203.334530 -99.451890 263.374046
205.040979 -100.493430 263.430833
206.747428 -101.534970 263.487621
208.453878 -102.576511 263.544409
210.160327 -103.618051 263.601197
211.866776 -104.659591 263.657985
213.573225 -105.701131 263.714772
215.279675 -106.742672 263.771560
216.986124 -107.784212 263.828348
218.692573 -108.825752 263.885136
220.399022 -109.867293 263.941924
222.105472 -110.908833 263.998711
223.811921 -111.950373 264.055499
225.518370 -112.991913 264.112287
227.224819 -114.033454 264.169075
228.931268 -115.074994 264.225863
230.637718 -116.116534 264.282650
232.344167 -117.158075 264.339438
234.050616 -118.199615 264.396226
235.757065 -119.241155 264.453014
237.463515 -120.282695 264.509802
239.169964 -121.324236 264.566589
240.876413 -122.365776 264.623377
242.582862 -123.407316 264.680165
244.289312 -124.448856 264.736953
245.995761 -125.490397 264.793741
247.702210 -126.531937 264.850528
249.408659 -127.573477 264.907316
251.115109 -128.615018 264.964104
252.821558 -129.656558 265.020892
254.528007 -130.698098 265.077680
256.234456 -131.739638 265.134467
257.940905 -132.781179 265.191255
259.647355 -133.822719 265.248043
261.353804 -134.864259 265.304831
263.060253 -135.905800 265.361619
264.766702 -136.947340 265.418406
266.473152 -137.988880 265.475194
268.179601 -139.030420 265.531982
269.886050 -140.071961 265.588770
271.592499 -141.113501 265.645558
273.298949 -142.155041 265.702345
275.005398 -143.196581 265.759133
276.711847 -144.238122 265.815921
278.418296 -145.279662 265.872709
280.124746 -146.321202 265.929497
281.831195 -147.362743 265.986284
283.537644 -148.404283 266.043072
285.244093 -149.445823 266.099860
253.976824 63.296372 -237.187135
254.363812 65.257910 -237.238200
254.750799 67.219449 -237.289264
255.137786 69.180988 -237.340328
255.524773 71.142526 -237.391393
255.911760 73.104065 -237.442457
256.298747 75.065603 -237.493521
256.685734 77.027142 -237.544586
257.072721 78.988680 -237.595650
257.459708 80.950219 -237.646714
257.846695 82.911757 -237.697779
258.233682 84.873296 -237.748843
258.620670 86.834834 -237.799907
259.007657 88.796373 -237.850972
259.394644 90.757911 -237.902036
259.781631 92.719450 -237.953100
260.168618 94.680989 -238.004165
260.555605 96.642527 -238.055229
260.942592 98.604066 -238.106293
261.329579 100.565604 -238.157358
261.716566 102.527143 -238.208422
262.103553 104.488681 -238.259486
262.490540 106.450220 -238.310551
262.877527 108.411758 -238.361615
263.264515 110.373297 -238.412679
263.651502 112.334835 -238.463744
264.038489 114.296374 -238.514808
264.425476 116.257912 -238.565872
264.812463 118.219451 -238.616937
265.199450 120.180989 -238.668001
265.586437 122.142528 -238.719066
265.973424 124.104067 -238.770130
266.360411 126.065605 -238.821194
266.747398 128.027144 -238.872259
267.134385 129.988682 -238.923323
267.521373 131.950221 -238.974387
267.908360 133.911759 -239.025452
268.295347 135.873298 -239.076516
268.682334 137.834836 -239.127580
269.069321 139.796375 -239.178645
269.456308 141.757913 -239.229709
269.843295 143.719452 -239.280773
270.230282 145.680990 -239.331838
270.617269 147.642529 -239.382902
271.004256 149.604068 -239.433966
271.391243 151.565606 -239.485031
271.778230 153.527145 -239.536095
272.165218 155.488683 -239.587159
272.552205 157.450222 -239.638224
272.939192 159.411760 -239.689288
273.326179 161.373299 -239.740352
273.713166 163.334837 -239.791417
274.100153 165.296376 -239.842481
274.487140 167.257914 -239.893545
274.874127 169.219453 -239.944610
275.261114 171.180991 -239.995674
275.648101 173.142530 -240.046738
276.035088 175.104068 -240.097803
276.422076 177.065607 -240.148867
276.809063 179.027146 -240.199931
277.196050 180.988684 -240.250996
277.583037 182.950223 -240.302060
277.970024 184.911761 -240.353124
278.357011 186.873300 -240.404189
278.743998 188.834838 -240.455253
279.130985 190.796377 -240.506317
279.517972 192.757915 -240.557382
279.904959 194.719454 -240.608446
280.291946 196.680992 -240.659510
280.678933 198.642531 -240.710575
113.688172 -35.684999 84.611155
113.630020 -34.408321 86.149567
113.571868 -33.131643 87.687979
113.513715 -31.854965 89.226391
113.455563 -30.578287 90.764803
113.397410 -29.301609 92.303215
113.339258 -28.024931 93.841627
113.281106 -26.748254 95.380039
113.222953 -25.471576 96.918451
113.164801 -24.194898 98.456863
113.106649 -22.918220 99.995276
113.048496 -21.641542 101.533688
112.990344 -20.364864 103.072100
112.932192 -19.088186 104.610512
112.874039 -17.811508 106.148924
112.815887 -16.534830 107.687336
112.757734 -15.258152 109.225748
112.699582 -13.981474 110.764160
112.641430 -12.704796 112.302572
112.583277 -11.428118 113.840984
112.525125 -10.151441 115.379397
112.466973 -8.874763 116.917809
112.408820 -7.598085 118.456221
112.350668 -6.321407 119.994633
112.292515 -5.044729 121.533045
112.234363 -3.768051 123.071457
112.176211 -2.491373 124.609869
112.118058 -1.214695 126.148281
112.059906 0.061983 127.686693
112.001754 1.338661 129.225106
111.943601 2.615339 130.763518
111.885449 3.892017 132.301930
111.827296 5.168694 133.840342
111.769144 6.445372 135.378754
111.710992 7.722050 136.917166
111.652839 8.998728 138.455578
111.594687 10.275406 139.993990
111.536535 11.552084 141.532402
111.478382 12.828762 143.070814
111.420230 14.105440 144.609227
111.362078 15.382118 146.147639
111.303925 16.658796 147.686051
111.245773 17.935474 149.224463
111.187620 19.212152 150.762875
111.129468 20.488829 152.301287
111.071316 21.765507 153.839699
111.013163 23.042185 155.378111
110.955011 24.318863 156.916523
110.896859 25.595541 158.454935
110.838706 26.872219 159.993348
110.780554 28.148897 161.531760
110.722401 29.425575 163.070172
110.664249 30.702253 164.608584
110.606097 31.978931 166.146996
110.547944 33.255609 167.685408
110.489792 34.532287 169.223820
110.431640 35.808964 170.762232
110.373487 37.085642 172.300644
110.315335 38.362320 173.839056
110.257182 39.638998 175.377469
110.199030 40.915676 176.915881
110.140878 42.192354 178.454293
110.082725 43.469032 179.992705
110.024573 44.745710 181.531117
109.966421 46.022388 183.069529
109.908268 47.299066 184.607941
109.850116 48.575744 186.146353
109.791963 49.852422 187.684765
109.733811 51.129099 189.223178
109.675659 52.405777 190.761590
-23.632553 239.442686 30.546715
-25.532573 240.034181 30.746858
-27.432593 240.625677 30.947001
-29.332613 241.217173 31.147144
-31.232633 241.808669 31.347287
-33.132652 242.400164 31.547431
-35.032672 242.991660 31.747574
-36.932692 243.583156 31.947717
-38.832712 244.174652 32.147860
-40.732732 244.766147 32.348003
-42.632752 245.357643 32.548147
-44.532772 245.949139 32.748290
-46.432791 246.540635 32.948433
-48.332811 247.132130 33.148576
-50.232831 247.723626 33.348719
-52.132851 248.315122 33.548862
-54.032871 248.906618 33.749006
-55.932891 249.498113 33.949149
-57.832911 250.089609 34.149292
-59.732930 250.681105 34.349435
-61.632950 251.272601 34.549578
-63.532970 251.864096 34.749722
-65.432990 252.455592 34.949865
-67.333010 253.047088 35.150008
-69.233030 253.638584 35.350151
-71.133050 254.230079 35.550294
-73.033069 254.821575 35.750438
-74.933089 255.413071 35.950581
-76.833109 256.004567 36.150724
-78.733129 256.596062 36.350867
-80.633149 257.187558 36.551010
-82.533169 257.779054 36.751154
-84.433189 258.370550 36.951297
-86.333208 258.962045 37.151440
-88.233228 259.553541 37.351583
-90.133248 260.145037 37.551726
-92.033268 260.736533 37.751870
-93.933288 261.328028 37.952013
-95.833308 261.919524 38.152156
-97.733328 262.511020 38.352299
-99.633348 263.102516 38.552442
-101.533367 263.694011 38.752585
-103.433387 264.285507 38.952729
-105.333407 264.877003 39.152872
-107.233427 265.468499 39.353015
-109.133447 266.059994 39.553158
-111.033467 266.651490 39.753301
-112.933487 267.242986 39.953445
-114.833506 267.834482 40.153588
-116.733526 268.425978 40.353731
-118.633546 269.017473 40.553874
-120.533566 269.608969 40.754017
-122.433586 270.200465 40.954161
-124.333606 270.791961 41.154304
-126.233626 271.383456 41.354447
-128.133645 271.974952 41.554590
-130.033665 272.566448 41.754733
-131.933685 273.157944 41.954877
-133.833705 273.749439 42.155020
-135.733725 274.340935 42.355163
-137.633745 274.932431 42.555306
-139.533765 275.523927 42.755449
-141.433784 276.115422 42.955593
-143.333804 276.706918 43.155736
-145.233824 277.298414 43.355879
-147.133844 277.889910 43.556022
-149.033864 278.481405 43.756165
-150.933884 279.072901 43.956308
-152.833904 279.664397 44.156452
-154.733924 280.255893 44.356595
231.954445 -208.393232 -40.581552
230.941137 -209.283648 -39.104945
229.927829 -210.174064 -37.628339
228.914521 -211.064480 -36.151732
227.901214 -211.954895 -34.675126
226.887906 -212.845311 -33.198519
225.874598 -213.735727 -31.721912
224.861290 -214.626143 -30.245306
223.847982 -215.516559 -28.768699
222.834675 -216.406975 -27.292093
221.821367 -217.297391 -25.815486
220.808059 -218.187807 -24.338880
219.794751 -219.078223 -22.862273
218.781443 -219.968639 -21.385667
217.768136 -220.859055 -19.909060
216.754828 -221.749471 -18.432454
215.741520 -222.639886 -16.955847
214.728212 -223.530302 -15.479241
213.714904 -224.420718 -14.002634
212.701597 -225.311134 -12.526028
211.688289 -226.201550 -11.049421
210.674981 -227.091966 -9.572815
209.661673 -227.982382 -8.096208
208.648365 -228.872798 -6.619602
207.635058 -229.763214 -5.142995
206.621750 -230.653630 -3.666389
205.608442 -231.544046 -2.189782
204.595134 -232.434462 -0.713176
203.581826 -233.324878 0.763431
202.568519 -234.215293 2.240037
201.555211 -235.105709 3.716644
200.541903 -235.996125 5.193250
199.528595 -236.886541 6.669857
198.515287 -237.776957 8.146463
197.501980 -238.667373 9.623070
196.488672 -239.557789 11.099676
195.475364 -240.448205 12.576283
194.462056 -241.338621 14.052889
193.448748 -242.229037 15.529496
192.435441 -243.119453 17.006102
191.422133 -244.009869 18.482709
190.408825 -244.900284 19.959315
189.395517 -245.790700 21.435922
188.382209 -246.681116 22.912528
187.368902 -247.571532 24.389135
186.355594 -248.461948 25.865741
185.342286 -249.352364 27.342348
184.328978 -250.242780 28.818954
183.315670 -251.133196 30.295561
182.302363 -252.023612 31.772168
181.289055 -252.914028 33.248774
180.275747 -253.804444 34.725381
179.262439 -254.694860 36.201987
178.249131 -255.585276 37.678594
177.235824 -256.475691 39.155200
176.222516 -257.366107 40.631807
175.209208 -258.256523 42.108413
174.195900 -259.146939 43.585020
173.182592 -260.037355 45.061626
172.169285 -260.927771 46.538233
171.155977 -261.818187 48.014839
170.142669 -262.708603 49.491446
169.129361 -263.599019 50.968052
168.116053 -264.489435 52.444659
167.102746 -265.379851 53.921265
166.089438 -266.270267 55.397872
165.076130 -267.160682 56.874478
164.062822 -268.051098 58.351085
163.049514 -268.941514 59.827691
162.036207 -269.831930 61.304298
-13.688733 61.546807 -253.453036
-12.160099 60.303480 -253.795692
-10.631465 59.060152 -254.138349
-9.102830 57.816825 -254.481005
-7.574196 56.573497 -254.823661
-6.045561 55.330169 -255.166317
-4.516927 54.086842 -255.508973
-2.988292 52.843514 -255.851629
-1.459658 51.600187 -256.194285
0.068977 50.356859 -256.536941
1.597611 49.113532 -256.879597
3.126246 47.870204 -257.222254
4.654880 46.626876 -257.564910
6.183515 45.383549 -257.907566
7.712149 44.140221 -258.250222
9.240784 42.896894 -258.592878
10.769418 41.653566 -258.935534
12.298053 40.410239 -259.278190
13.826687 39.166911 -259.620846
15.355322 37.923583 -259.963503
16.883956 36.680256 -260.306159
18.412590 35.436928 -260.648815
19.941225 34.193601 -260.991471
21.469859 32.950273 -261.334127
22.998494 31.706946 -261.676783
24.527128 30.463618 -262.019439
26.055763 29.220291 -262.362095
27.584397 27.976963 -262.704751
29.113032 26.733635 -263.047408
30.641666 25.490308 -263.390064
32.170301 24.246980 -263.732720
33.698935 23.003653 -264.075376
35.227570 21.760325 -264.418032
36.756204 20.516998 -264.760688
38.284839 19.273670 -265.103344
39.813473 18.030342 -265.446000
41.342108 16.787015 -265.788656
42.870742 15.543687 -266.131313
44.399377 14.300360 -266.473969
45.928011 13.057032 -266.816625
47.456645 11.813705 -267.159281
48.985280 10.570377 -267.501937
50.513914 9.327049 -267.844593
52.042549 8.083722 -268.187249
53.571183 6.840394 -268.529905
55.099818 5.597067 -268.872561
56.628452 4.353739 -269.215218
58.157087 3.110412 -269.557874
59.685721 1.867084 -269.900530
61.214356 0.623757 -270.243186
62.742990 -0.619571 -270.585842
64.271625 -1.862899 -270.928498
65.800259 -3.106226 -271.271154
67.328894 -4.349554 -271.613810
68.857528 -5.592881 -271.956466
70.386163 -6.836209 -272.299123
71.914797 -8.079536 -272.641779
73.443432 -9.322864 -272.984435
74.972066 -10.566192 -273.327091
76.500700 -11.809519 -273.669747
78.029335 -13.052847 -274.012403
79.557969 -14.296174 -274.355059
81.086604 -15.539502 -274.697715
82.615238 -16.782829 -275.040371
84.143873 -18.026157 -275.383028
85.672507 -19.269485 -275.725684
87.201142 -20.512812 -276.068340
88.729776 -21.756140 -276.410996
90.258411 -22.999467 -276.753652
91.787045 -24.242795 -277.096308
-146.620625 65.375293 -292.524537
-147.733662 66.868523 -291.795556
-148.846699 68.361753 -291.066574
-149.959736 69.854982 -290.337593
-151.072773 71.348212 -289.608611
-152.185810 72.841441 -288.879630
-153.298847 74.334671 -288.150648
-154.411884 75.827901 -287.421667
-155.524921 77.321130 -286.692686
-156.637958 78.814360 -285.963704
-157.750995 80.307590 -285.234723
-158.864032 81.800819 -284.505741
-159.977069 83.294049 -283.776760
-161.090105 84.787278 -283.047778
-162.203142 86.280508 -282.318797
-163.316179 87.773738 -281.589815
-164.429216 89.266967 -280.860834
-165.542253 90.760197 -280.131852
-166.655290 92.253427 -279.402871
-167.768327 93.746656 -278.673889
-168.881364 95.239886 -277.944908
-169.994401 96.733116 -277.215926
-171.107438 98.226345 -276.486945
-172.220475 99.719575 -275.757963
-173.333512 101.212804 -275.028982
-174.446549 102.706034 -274.300000
-175.559586 104.199264 -273.571019
-176.672623 105.692493 -272.842037
-177.785660 107.185723 -272.113056
-178.898697 108.678953 -271.384074
-180.011734 110.172182 -270.655093
-181.124771 111.665412 -269.926111
-182.237808 113.158641 -269.197130
-183.350845 114.651871 -268.468148
-184.463882 116.145101 -267.739167
-185.576919 117.638330 -267.010186
-186.689955 119.131560 -266.281204
-187.802992 120.624790 -265.552223
-188.916029 122.118019 -264.823241
-190.029066 123.611249 -264.094260
-191.142103 125.104479 -263.365278
-192.255140 126.597708 -262.636297
-193.368177 128.090938 -261.907315
-194.481214 129.584167 -261.178334
-195.594251 131.077397 -260.449352
-196.707288 132.570627 -259.720371
-197.820325 134.063856 -258.991389
-198.933362 135.557086 -258.262408
-200.046399 137.050316 -257.533426
-201.159436 138.543545 -256.804445
-202.272473 140.036775 -256.075463
-203.385510 141.530004 -255.346482
-204.498547 143.023234 -254.617500
-205.611584 144.516464 -253.888519
-206.724621 146.009693 -253.159537
-207.837658 147.502923 -252.430556
-208.950695 148.996153 -251.701574
-210.063732 150.489382 -250.972593
-211.176768 151.982612 -250.243611
-212.289805 153.475842 -249.514630
-213.402842 154.969071 -248.785648
-214.515879 156.462301 -248.056667
-215.628916 157.955530 -247.327686
-216.741953 159.448760 -246.598704
-217.854990 160.941990 -245.869723
-218.968027 162.435219 -245.140741
-220.081064 163.928449 -244.411760
-221.194101 165.421679 -243.682778
-222.307138 166.914908 -242.953797
-223.420175 168.408138 -242.224815
93.788744 199.743006 115.163008
93.951796 197.749864 115.191266
94.114849 195.756721 115.219524
94.277901 193.763579 115.247782
94.440954 191.770437 115.276039
94.604006 189.777295 115.304297
94.767059 187.784153 115.332555
94.930112 185.791011 115.360813
95.093164 183.797869 115.389071
95.256217 181.804727 115.417328
95.419269 179.811585 115.445586
95.582322 177.818443 115.473844
95.745374 175.825301 115.502102
95.908427 173.832159 115.530360
96.071480 171.839016 115.558617
96.234532 169.845874 115.586875
96.397585 167.852732 115.615133
96.560637 165.859590 115.643391
96.723690 163.866448 115.671648
96.886742 161.873306 115.699906
97.049795 159.880164 115.728164
97.212848 157.887022 115.756422
97.375900 155.893880 115.784680
97.538953 153.900738 115.812937
97.702005 151.907596 115.841195
97.865058 149.914454 115.869453
98.028110 147.921311 115.897711
98.191163 145.928169 115.925969
98.354216 143.935027 115.954226
98.517268 141.941885 115.982484
98.680321 139.948743 116.010742
98.843373 137.955601 116.039000
99.006426 135.962459 116.067257
99.169478 133.969317 116.095515
99.332531 131.976175 116.123773
99.495584 129.983033 116.152031
99.658636 127.989891 116.180289
99.821689 125.996749 116.208546
99.984741 124.003606 116.236804
100.147794 122.010464 116.265062
100.310846 120.017322 116.293320
100.473899 118.024180 116.321578
100.636952 116.031038 116.349835
100.800004 114.037896 116.378093
100.963057 112.044754 116.406351
101.126109 110.051612 116.434609
101.289162 108.058470 116.462866
101.452214 106.065328 116.491124
101.615267 104.072186 116.519382
101.778320 102.079044 116.547640
101.941372 100.085902 116.575898
102.104425 98.092759 116.604155
102.267477 96.099617 116.632413
102.430530 94.106475 116.660671
102.593582 92.113333 116.688929
102.756635 90.120191 116.717187
102.919688 88.127049 116.745444
103.082740 86.133907 116.773702
103.245793 84.140765 116.801960
103.408845 82.147623 116.830218
103.571898 80.154481 116.858475
103.734950 78.161339 116.886733
103.898003 76.168197 116.914991
104.061056 74.175054 116.943249
104.224108 72.181912 116.971507
104.387161 70.188770 116.999764
104.550213 68.195628 117.028022
104.713266 66.202486 117.056280
104.876318 64.209344 117.084538
105.039371 62.216202 117.112796
49.942635 -38.820530 -145.314896
51.835709 -38.268334 -144.981205
53.728783 -37.716137 -144.647514
55.621857 -37.163941 -144.313824
57.514931 -36.611745 -143.980133
59.408005 -36.059548 -143.646442
61.301079 -35.507352 -143.312752
63.194154 -34.955155 -142.979061
65.087228 -34.402959 -142.645370
66.980302 -33.850763 -142.311680
68.873376 -33.298566 -141.977989
70.766450 -32.746370 -141.644298
72.659524 -32.194173 -141.310608
74.552598 -31.641977 -140.976917
76.445673 -31.089781 -140.643226
78.338747 -30.537584 -140.309536
80.231821 -29.985388 -139.975845
82.124895 -29.433192 -139.642154
84.017969 -28.880995 -139.308464
85.911043 -28.328799 -138.974773
87.804117 -27.776602 -138.641082
89.697192 -27.224406 -138.307392
91.590266 -26.672210 -137.973701
93.483340 -26.120013 -137.640010
95.376414 -25.567817 -137.306320
97.269488 -25.015621 -136.972629
99.162562 -24.463424 -136.638939
101.055636 -23.911228 -136.305248
102.948711 -23.359031 -135.971557
104.841785 -22.806835 -135.637867
106.734859 -22.254639 -135.304176
108.627933 -21.702442 -134.970485
110.521007 -21.150246 -134.636795
112.414081 -20.598049 -134.303104
114.307155 -20.045853 -133.969413
116.200229 -19.493657 -133.635723
118.093304 -18.941460 -133.302032
119.986378 -18.389264 -132.968341
121.879452 -17.837068 -132.634651
123.772526 -17.284871 -132.300960
125.665600 -16.732675 -131.967269
127.558674 -16.180478 -131.633579
129.451748 -15.628282 -131.299888
131.344823 -15.076086 -130.966197
133.237897 -14.523889 -130.632507
135.130971 -13.971693 -130.298816
137.024045 -13.419496 -129.965125
138.917119 -12.867300 -129.631435
140.810193 -12.315104 -129.297744
142.703267 -11.762907 -128.964053
144.596342 -11.210711 -128.630363
146.489416 -10.658515 -128.296672
148.382490 -10.106318 -127.962981
150.275564 -9.554122 -127.629291
152.168638 -9.001925 -127.295600
154.061712 -8.449729 -126.961909
155.954786 -7.897533 -126.628219
157.847861 -7.345336 -126.294528
159.740935 -6.793140 -125.960837
161.634009 -6.240944 -125.627147
163.527083 -5.688747 -125.293456
165.420157 -5.136551 -124.959765
167.313231 -4.584354 -124.626075
169.206305 -4.032158 -124.292384
171.099380 -3.479962 -123.958693
172.992454 -2.927765 -123.625003
174.885528 -2.375569 -123.291312
176.778602 -1.823372 -122.957621
178.671676 -1.271176 -122.623931
180.564750 -0.718980 -122.290240
-67.382033 -141.963217 1.921757
-67.781568 -140.133903 1.218917
-68.181104 -138.304589 0.516078
-68.580639 -136.475276 -0.186761
-68.980175 -134.645962 -0.889600
-69.379710 -132.816648 -1.592440
-69.779246 -130.987335 -2.295279
-70.178781 -129.158021 -2.998118
-70.578317 -127.328708 -3.700957
-70.977852 -125.499394 -4.403797
-71.377387 -123.670080 -5.106636
-71.776923 -121.840767 -5.809475
-72.176458 -120.011453 -6.512315
-72.575994 -118.182139 -7.215154
-72.975529 -116.352826 -7.917993
-73.375065 -114.523512 -8.620832
-73.774600 -112.694198 -9.323672
-74.174136 -110.864885 -10.026511
-74.573671 -109.035571 -10.729350
-74.973207 -107.206258 -11.432189
-75.372742 -105.376944 -12.135029
-75.772277 -103.547630 -12.837868
-76.171813 -101.718317 -13.540707
-76.571348 -99.889003 -14.243546
-76.970884 -98.059689 -14.946386
-77.370419 -96.230376 -15.649225
-77.769955 -94.401062 -16.352064
-78.169490 -92.571748 -17.054904
-78.569026 -90.742435 -17.757743
-78.968561 -88.913121 -18.460582
-79.368097 -87.083808 -19.163421
-79.767632 -85.254494 -19.866261
-80.167168 -83.425180 -20.569100
-80.566703 -81.595867 -21.271939
-80.966238 -79.766553 -21.974778
-81.365774 -77.937239 -22.677618
-81.765309 -76.107926 -23.380457
-82.164845 -74.278612 -24.083296
-82.564380 -72.449298 -24.786135
-82.963916 -70.619985 -25.488975
-83.363451 -68.790671 -26.191814
-83.762987 -66.961358 -26.894653
-84.162522 -65.132044 -27.597493
-84.562058 -63.302730 -28.300332
-84.961593 -61.473417 -29.003171
-85.361128 -59.644103 -29.706010
-85.760664 -57.814789 -30.408850
-86.160199 -55.985476 -31.111689
-86.559735 -54.156162 -31.814528
-86.959270 -52.326848 -32.517367
-87.358806 -50.497535 -33.220207
-87.758341 -48.668221 -33.923046
-88.157877 -46.838908 -34.625885
-88.557412 -45.009594 -35.328725
-88.956948 -43.180280 -36.031564
-89.356483 -41.350967 -36.734403
-89.756019 -39.521653 -37.437242
-90.155554 -37.692339 -38.140082
-90.555089 -35.863026 -38.842921
-90.954625 -34.033712 -39.545760
-91.354160 -32.204398 -40.248599
-91.753696 -30.375085 -40.951439
-92.153231 -28.545771 -41.654278
-92.552767 -26.716458 -42.357117
-92.952302 -24.887144 -43.059956
-93.351838 -23.057830 -43.762796
-93.751373 -21.228517 -44.465635
-94.150909 -19.399203 -45.168474
-94.550444 -17.569889 -45.871314
-94.949979 -15.740576 -46.574153
-50.667820 -10.404765 -109.758540
-51.822800 -11.139584 -111.216642
-52.977781 -11.874402 -112.674744
-54.132762 -12.609221 -114.132846
-55.287742 -13.344040 -115.590948
-56.442723 -14.078858 -117.049050
-57.597703 -14.813677 -118.507152
-58.752684 -15.548495 -119.965254
-59.907664 -16.283314 -121.423356
-61.062645 -17.018133 -122.881458
-62.217626 -17.752951 -124.339560
-63.372606 -18.487770 -125.797662
-64.527587 -19.222589 -127.255764
-65.682567 -19.957407 -128.713866
-66.837548 -20.692226 -130.171968
-67.992529 -21.427044 -131.630070
-69.147509 -22.161863 -133.088172
-70.302490 -22.896682 -134.546274
-71.457470 -23.631500 -136.004376
-72.612451 -24.366319 -137.462478
-73.767432 -25.101137 -138.920580
-74.922412 -25.835956 -140.378682
-76.077393 -26.570775 -141.836784
-77.232373 -27.305593 -143.294886
-78.387354 -28.040412 -144.752988
-79.542334 -28.775231 -146.211090
-80.697315 -29.510049 -147.669192
-81.852296 -30.244868 -149.127294
-83.007276 -30.979686 -150.585396
-84.162257 -31.714505 -152.043498
-85.317237 -32.449324 -153.501600
-86.472218 -33.184142 -154.959702
-87.627199 -33.918961 -156.417804
-88.782179 -34.653780 -157.875906
-89.937160 -35.388598 -159.334008
-91.092140 -36.123417 -160.792110
-92.247121 -36.858235 -162.250212
-93.402101 -37.593054 -163.708314
-94.557082 -38.327873 -165.166416
-95.712063 -39.062691 -166.624518
-96.867043 -39.797510 -168.082620
-98.022024 -40.532329 -169.540722
-99.177004 -41.267147 -170.998824
-100.331985 -42.001966 -172.456926
-101.486966 -42.736784 -173.915028
-102.641946 -43.471603 -175.373130
-103.796927 -44.206422 -176.831232
-104.951907 -44.941240 -178.289334
-106.106888 -45.676059 -179.747436
-107.261868 -46.410878 -181.205538
-108.416849 -47.145696 -182.663640
-109.571830 -47.880515 -184.121742
-110.726810 -48.615333 -185.579844
-111.881791 -49.350152 -187.037946
-113.036771 -50.084971 -188.496048
-114.191752 -50.819789 -189.954150
-115.346733 -51.554608 -191.412252
-116.501713 -52.289426 -192.870354
-117.656694 -53.024245 -194.328456
-118.811674 -53.759064 -195.786558
-119.966655 -54.493882 -197.244660
-121.121635 -55.228701 -198.702762
-122.276616 -55.963520 -200.160864
-123.431597 -56.698338 -201.618966
-124.586577 -57.433157 -203.077068
-125.741558 -58.167975 -204.535170
-126.896538 -58.902794 -205.993272
-128.051519 -59.637613 -207.451374
-129.206500 -60.372431 -208.909476
-130.361480 -61.107250 -210.367578
174.977102 11.889904 -72.465026
176.634337 10.815769 -72.780950
178.291572 9.741635 -73.096874
179.948806 8.667500 -73.412798
181.606041 7.593366 -73.728723
183.263276 6.519231 -74.044647
184.920511 5.445097 -74.360571
186.577745 4.370962 -74.676496
188.234980 3.296828 -74.992420
189.892215 2.222693 -75.308344
191.549449 1.148559 -75.624268
193.206684 0.074424 -75.940193
194.863919 -0.999710 -76.256117
196.521154 -2.073845 -76.572041
198.178388 -3.147979 -76.887965
199.835623 -4.222114 -77.203890
201.492858 -5.296248 -77.519814
203.150093 -6.370383 -77.835738
204.807327 -7.444517 -78.151663
206.464562 -8.518652 -78.467587
208.121797 -9.592786 -78.783511
209.779031 -10.666921 -79.099435
211.436266 -11.741056 -79.415360
213.093501 -12.815190 -79.731284
214.750736 -13.889325 -80.047208
216.407970 -14.963459 -80.363132
218.065205 -16.037594 -80.679057
219.722440 -17.111728 -80.994981
221.379674 -18.185863 -81.310905
223.036909 -19.259997 -81.626829
224.694144 -20.334132 -81.942754
226.351379 -21.408266 -82.258678
228.008613 -22.482401 -82.574602
229.665848 -23.556535 -82.890527
231.323083 -24.630670 -83.206451
232.980317 -25.704804 -83.522375
234.637552 -26.778939 -83.838299
236.294787 -27.853073 -84.154224
237.952022 -28.927208 -84.470148
239.609256 -30.001342 -84.786072
241.266491 -31.075477 -85.101996
242.923726 -32.149611 -85.417921
244.580960 -33.223746 -85.733845
246.238195 -34.297880 -86.049769
247.895430 -35.372015 -86.365694
249.552665 -36.446149 -86.681618
251.209899 -37.520284 -86.997542
252.867134 -38.594418 -87.313466
254.524369 -39.668553 -87.629391
256.181604 -40.742687 -87.945315
257.838838 -41.816822 -88.261239
259.496073 -42.890956 -88.577163
261.153308 -43.965091 -88.893088
262.810542 -45.039225 -89.209012
264.467777 -46.113360 -89.524936
266.125012 -47.187494 -89.840860
267.782247 -48.261629 -90.156785
269.439481 -49.335763 -90.472709
271.096716 -50.409898 -90.788633
272.753951 -51.484032 -91.104558
274.411185 -52.558167 -91.420482
276.068420 -53.632301 -91.736406
277.725655 -54.706436 -92.052330
279.382890 -55.780570 -92.368255
281.040124 -56.854705 -92.684179
282.697359 -57.928839 -93.000103
284.354594 -59.002974 -93.316027
286.011828 -60.077108 -93.631952
287.669063 -61.151243 -93.947876
289.326298 -62.225377 -94.263800
-56.453569 -227.477022 -230.336402
-54.641525 -228.308774 -230.493513
-52.829481 -229.140526 -230.650625
-51.017436 -229.972278 -230.807736
-49.205392 -230.804030 -230.964847
-47.393348 -231.635782 -231.121959
-45.581303 -232.467534 -231.279070
-43.769259 -233.299285 -231.436182
-41.957215 -234.131037 -231.593293
-40.145170 -234.962789 -231.750404
-38.333126 -235.794541 -231.907516
-36.521081 -236.626293 -232.064627
-34.709037 -237.458045 -232.221738
-32.896993 -238.289797 -232.378850
-31.084948 -239.121549 -232.535961
-29.272904 -239.953301 -232.693072
-27.460860 -240.785053 -232.850184
-25.648815 -241.616805 -233.007295
-23.836771 -242.448556 -233.164407
-22.024727 -243.280308 -233.321518
-20.212682 -244.112060 -233.478629
-18.400638 -244.943812 -233.635741
-16.588593 -245.775564 -233.792852
-14.776549 -246.607316 -233.949963
-12.964505 -247.439068 -234.107075
-11.152460 -248.270820 -234.264186
-9.340416 -249.102572 -234.421297
-7.528372 -249.934324 -234.578409
-5.716327 -250.766076 -234.735520
-3.904283 -251.597827 -234.892632
-2.092239 -252.429579 -235.049743
-0.280194 -253.261331 -235.206854
1.531850 -254.093083 -235.363966
3.343895 -254.924835 -235.521077
5.155939 -255.756587 -235.678188
6.967983 -256.588339 -235.835300
8.780028 -257.420091 -235.992411
10.592072 -258.251843 -236.149522
12.404116 -259.083595 -236.306634
14.216161 -259.915347 -236.463745
16.028205 -260.747098 -236.620857
17.840249 -261.578850 -236.777968
19.652294 -262.410602 -236.935079
21.464338 -263.242354 -237.092191
23.276383 -264.074106 -237.249302
25.088427 -264.905858 -237.406413
26.900471 -265.737610 -237.563525
28.712516 -266.569362 -237.720636
30.524560 -267.401114 -237.877747
32.336604 -268.232866 -238.034859
34.148649 -269.064618 -238.191970
35.960693 -269.896369 -238.349082
37.772738 -270.728121 -238.506193
39.584782 -271.559873 -238.663304
41.396826 -272.391625 -238.820416
43.208871 -273.223377 -238.977527
45.020915 -274.055129 -239.134638
46.832959 -274.886881 -239.291750
48.645004 -275.718633 -239.448861
50.457048 -276.550385 -239.605972
52.269092 -277.382137 -239.763084
54.081137 -278.213889 -239.920195
55.893181 -279.045640 -240.077306
57.705226 -279.877392 -240.234418
59.517270 -280.709144 -240.391529
61.329314 -281.540896 -240.548641
63.141359 -282.372648 -240.705752
64.953403 -283.204400 -240.862863
66.765447 -284.036152 -241.019975
68.577492 -284.867904 -241.177086
254.549960 -110.085010 145.229225
253.813890 -108.315204 145.800180
253.077820 -106.545399 146.371136
252.341750 -104.775594 146.942092
251.605680 -103.005789 147.513047
250.869610 -101.235984 148.084003
250.133540 -99.466178 148.654959
249.397470 -97.696373 149.225914
248.661400 -95.926568 149.796870
247.925330 -94.156763 150.367826
247.189260 -92.386958 150.938782
246.453189 -90.617152 151.509737
245.717119 -88.847347 152.080693
244.981049 -87.077542 152.651649
244.244979 -85.307737 153.222604
243.508909 -83.537931 153.793560
242.772839 -81.768126 154.364516
242.036769 -79.998321 154.935471
241.300699 -78.228516 155.506427
240.564629 -76.458711 156.077383
239.828559 -74.688905 156.648339
239.092489 -72.919100 157.219294
238.356419 -71.149295 157.790250
237.620349 -69.379490 158.361206
236.884279 -67.609685 158.932161
236.148209 -65.839879 159.503117
235.412139 -64.070074 160.074073
234.676069 -62.300269 160.645028
233.939999 -60.530464 161.215984
233.203929 -58.760659 161.786940
232.467859 -56.990853 162.357895
231.731789 -55.221048 162.928851
230.995719 -53.451243 163.499807
230.259649 -51.681438 164.070763
229.523578 -49.911632 164.641718
228.787508 -48.141827 165.212674
228.051438 -46.372022 165.783630
227.315368 -44.602217 166.354585
226.579298 -42.832412 166.925541
225.843228 -41.062606 167.496497
225.107158 -39.292801 168.067452
224.371088 -37.522996 168.638408
223.635018 -35.753191 169.209364
222.898948 -33.983386 169.780320
222.162878 -32.213580 170.351275
221.426808 -30.443775 170.922231
220.690738 -28.673970 171.493187
219.954668 -26.904165 172.064142
219.218598 -25.134360 172.635098
218.482528 -23.364554 173.206054
217.746458 -21.594749 173.777009
217.010388 -19.824944 174.347965
216.274318 -18.055139 174.918921
215.538248 -16.285334 175.489877
214.802178 -14.515528 176.060832
214.066108 -12.745723 176.631788
213.330037 -10.975918 177.202744
212.593967 -9.206113 177.773699
211.857897 -7.436307 178.344655
211.121827 -5.666502 178.915611
210.385757 -3.896697 179.486566
209.649687 -2.126892 180.057522
208.913617 -0.357087 180.628478
208.177547 1.412719 181.199434
207.441477 3.182524 181.770389
206.705407 4.952329 182.341345
205.969337 6.722134 182.912301
205.233267 8.491939 183.483256
204.497197 10.261745 184.054212
203.761127 12.031550 184.625168
-124.602862 -45.911640 -273.942764
-124.499954 -43.914929 -273.993288
-124.397047 -41.918217 -274.043813
-124.294140 -39.921505 -274.094337
-124.191232 -37.924794 -274.144862
-124.088325 -35.928082 -274.195386
-123.985417 -33.931370 -274.245911
-123.882510 -31.934659 -274.296436
-123.779603 -29.937947 -274.346960
-123.676695 -27.941235 -274.397485
-123.573788 -25.944524 -274.448009
-123.470880 -23.947812 -274.498534
-123.367973 -21.951101 -274.549059
-123.265066 -19.954389 -274.599583
-123.162158 -17.957677 -274.650108
-123.059251 -15.960966 -274.700632
-122.956343 -13.964254 -274.751157
-122.853436 -11.967542 -274.801682
-122.750529 -9.970831 -274.852206
-122.647621 -7.974119 -274.902731
-122.544714 -5.977408 -274.953255
-122.441807 -3.980696 -275.003780
-122.338899 -1.983984 -275.054305
-122.235992 0.012727 -275.104829
-122.133084 2.009439 -275.155354
-122.030177 4.006151 -275.205878
-121.927270 6.002862 -275.256403
-121.824362 7.999574 -275.306928
-121.721455 9.996286 -275.357452
-121.618547 11.992997 -275.407977
-121.515640 13.989709 -275.458501
-121.412733 15.986420 -275.509026
-121.309825 17.983132 -275.559551
-121.206918 19.979844 -275.610075
-121.104010 21.976555 -275.660600
-121.001103 23.973267 -275.711124
-120.898196 25.969979 -275.761649
-120.795288 27.966690 -275.812174
-120.692381 29.963402 -275.862698
-120.589474 31.960113 -275.913223
-120.486566 33.956825 -275.963747
-120.383659 35.953537 -276.014272
-120.280751 37.950248 -276.064797
-120.177844 39.946960 -276.115321
-120.074937 41.943672 -276.165846
-119.972029 43.940383 -276.216370
-119.869122 45.937095 -276.266895
-119.766214 47.933806 -276.317420
-119.663307 49.930518 -276.367944
-119.560400 51.927230 -276.418469
-119.457492 53.923941 -276.468993
-119.354585 55.920653 -276.519518
-119.251678 57.917365 -276.570043
-119.148770 59.914076 -276.620567
-119.045863 61.910788 -276.671092
-118.942955 63.907500 -276.721616
-118.840048 65.904211 -276.772141
-118.737141 67.900923 -276.822666
-118.634233 69.897634 -276.873190
-118.531326 71.894346 -276.923715
-118.428418 73.891058 -276.974239
-118.325511 75.887769 -277.024764
-118.222604 77.884481 -277.075289
-118.119696 79.881193 -277.125813
-118.016789 81.877904 -277.176338
-117.913881 83.874616 -277.226862
-117.810974 85.871327 -277.277387
-117.708067 87.868039 -277.327912
-117.605159 89.864751 -277.378436
-117.502252 91.861462 -277.428961
156.487633 219.003177 -88.949092
155.427976 220.149744 -90.199096
154.368319 221.296311 -91.449101
153.308662 222.442879 -92.699105
152.249005 223.589446 -93.949109
151.189349 224.736013 -95.199114
150.129692 225.882580 -96.449118
149.070035 227.029147 -97.699122
148.010378 228.175715 -98.949127
146.950721 229.322282 -100.199131
145.891064 230.468849 -101.449135
144.831407 231.615416 -102.699140
143.771750 232.761984 -103.949144
142.712094 233.908551 -105.199148
141.652437 235.055118 -106.449153
140.592780 236.201685 -107.699157
139.533123 237.348253 -108.949162
138.473466 238.494820 -110.199166
137.413809 239.641387 -111.449170
136.354152 240.787954 -112.699175
135.294495 241.934521 -113.949179
134.234838 243.081089 -115.199183
133.175182 244.227656 -116.449188
132.115525 245.374223 -117.699192
131.055868 246.520790 -118.949196
129.996211 247.667358 -120.199201
128.936554 248.813925 -121.449205
127.876897 249.960492 -122.699209
126.817240 251.107059 -123.949214
125.757583 252.253627 -125.199218
124.697927 253.400194 -126.449222
123.638270 254.546761 -127.699227
122.578613 255.693328 -128.949231
121.518956 256.839896 -130.199236
120.459299 257.986463 -131.449240
119.399642 259.133030 -132.699244
118.339985 260.279597 -133.949249
117.280328 261.426164 -135.199253
116.220672 262.572732 -136.449257
115.161015 263.719299 -137.699262
114.101358 264.865866 -138.949266
113.041701 266.012433 -140.199270
111.982044 267.159001 -141.449275
110.922387 268.305568 -142.699279
109.862730 269.452135 -143.949283
108.803073 270.598702 -145.199288
107.743417 271.745270 -146.449292
106.683760 272.891837 -147.699296
105.624103 274.038404 -148.949301
104.564446 275.184971 -150.199305
103.504789 276.331538 -151.449310
102.445132 277.478106 -152.699314
101.385475 278.624673 -153.949318
100.325818 279.771240 -155.199323
99.266162 280.917807 -156.449327
98.206505 282.064375 -157.699331
97.146848 283.210942 -158.949336
96.087191 284.357509 -160.199340
95.027534 285.504076 -161.449344
93.967877 286.650644 -162.699349
92.908220 287.797211 -163.949353
91.848563 288.943778 -165.199357
90.788906 290.090345 -166.449362
89.729250 291.236913 -167.699366
88.669593 292.383480 -168.949370
87.609936 293.530047 -170.199375
86.550279 294.676614 -171.449379
85.490622 295.823181 -172.699384
84.430965 296.969749 -173.949388
83.371308 298.116316 -175.199392
42.130960 -265.475211 -217.098162
44.081228 -265.143600 -216.804070
46.031496 -264.811990 -216.509979
47.981763 -264.480379 -216.215887
49.932031 -264.148769 -215.921796
51.882299 -263.817158 -215.627705
53.832567 -263.485548 -215.333613
55.782835 -263.153938 -215.039522
57.733103 -262.822327 -214.745430
59.683371 -262.490717 -214.451339
61.633638 -262.159106 -214.157247
63.583906 -261.827496 -213.863156
65.534174 -261.495885 -213.569064
67.484442 -261.164275 -213.274973
69.434710 -260.832664 -212.980881
71.384978 -260.501054 -212.686790
73.335246 -260.169443 -212.392699
75.285513 -259.837833 -212.098607
77.235781 -259.506222 -211.804516
79.186049 -259.174612 -211.510424
81.136317 -258.843001 -211.216333
83.086585 -258.511391 -210.922241
85.036853 -258.179781 -210.628150
86.987121 -257.848170 -210.334058
88.937388 -257.516560 -210.039967
90.887656 -257.184949 -209.745875
92.837924 -256.853339 -209.451784
94.788192 -256.521728 -209.157692
96.738460 -256.190118 -208.863601
98.688728 -255.858507 -208.569510
100.638996 -255.526897 -208.275418
102.589263 -255.195286 -207.981327
104.539531 -254.863676 -207.687235
106.489799 -254.532065 -207.393144
108.440067 -254.200455 -207.099052
110.390335 -253.868844 -206.804961
112.340603 -253.537234 -206.510869
114.290871 -253.205624 -206.216778
116.241138 -252.874013 -205.922686
118.191406 -252.542403 -205.628595
120.141674 -252.210792 -205.334504
122.091942 -251.879182 -205.040412
124.042210 -251.547571 -204.746321
125.992478 -251.215961 -204.452229
127.942746 -250.884350 -204.158138
129.893013 -250.552740 -203.864046
131.843281 -250.221129 -203.569955
133.793549 -249.889519 -203.275863
135.743817 -249.557908 -202.981772
137.694085 -249.226298 -202.687680
139.644353 -248.894687 -202.393589
141.594621 -248.563077 -202.099497
143.544888 -248.231467 -201.805406
145.495156 -247.899856 -201.511315
147.445424 -247.568246 -201.217223
149.395692 -247.236635 -200.923132
151.345960 -246.905025 -200.629040
153.296228 -246.573414 -200.334949
155.246496 -246.241804 -200.040857
157.196763 -245.910193 -199.746766
159.147031 -245.578583 -199.452674
161.097299 -245.246972 -199.158583
163.047567 -244.915362 -198.864491
164.997835 -244.583751 -198.570400
166.948103 -244.252141 -198.276309
168.898371 -243.920530 -197.982217
170.848638 -243.588920 -197.688126
172.798906 -243.257309 -197.394034
174.749174 -242.925699 -197.099943
176.699442 -242.594089 -196.805851
91.009239 271.868295 -217.901794
89.300345 271.660757 -218.919934
87.591452 271.453219 -219.938075
85.882558 271.245681 -220.956216
84.173665 271.038142 -221.974357
82.464771 270.830604 -222.992498
80.755877 270.623066 -224.010638
79.046984 270.415528 -225.028779
77.338090 270.207990 -226.046920
75.629197 270.000452 -227.065061
73.920303 269.792913 -228.083202
72.211410 269.585375 -229.101342
70.502516 269.377837 -230.119483
68.793623 269.170299 -231.137624
67.084729 268.962761 -232.155765
65.375835 268.755223 -233.173906
63.666942 268.547685 -234.192047
61.958048 268.340146 -235.210187
60.249155 268.132608 -236.228328
58.540261 267.925070 -237.246469
56.831368 267.717532 -238.264610
55.122474 267.509994 -239.282751
53.413581 267.302456 -240.300891
51.704687 267.094918 -241.319032
49.995793 266.887379 -242.337173
48.286900 266.679841 -243.355314
46.578006 266.472303 -244.373455
44.869113 266.264765 -245.391595
43.160219 266.057227 -246.409736
41.451326 265.849689 -247.427877
39.742432 265.642150 -248.446018
38.033538 265.434612 -249.464159
36.324645 265.227074 -250.482300
34.615751 265.019536 -251.500440
32.906858 264.811998 -252.518581
31.197964 264.604460 -253.536722
29.489071 264.396922 -254.554863
27.780177 264.189383 -255.573004
26.071284 263.981845 -256.591144
24.362390 263.774307 -257.609285
22.653496 263.566769 -258.627426
20.944603 263.359231 -259.645567
19.235709 263.151693 -260.663708
17.526816 262.944155 -261.681848
15.817922 262.736616 -262.699989
14.109029 262.529078 -263.718130
12.400135 262.321540 -264.736271
10.691241 262.114002 -265.754412
8.982348 261.906464 -266.772553
7.273454 261.698926 -267.790693
5.564561 261.491388 -268.808834
3.855667 261.283849 -269.826975
2.146774 261.076311 -270.845116
0.437880 260.868773 -271.863257
-1.271013 260.661235 -272.881397
-2.979907 260.453697 -273.899538
-4.688801 260.246159 -274.917679
-6.397694 260.038620 -275.935820
-8.106588 259.831082 -276.953961
-9.815481 259.623544 -277.972101
-11.524375 259.416006 -278.990242
-13.233268 259.208468 -280.008383
-14.942162 259.000930 -281.026524
-16.651056 258.793392 -282.044665
-18.359949 258.585853 -283.062805
-20.068843 258.378315 -284.080946
-21.777736 258.170777 -285.099087
-23.486630 257.963239 -286.117228
-25.195523 257.755701 -287.135369
-26.904417 257.548163 -288.153510
-167.556222 83.830334 -45.072964
-167.265198 82.169916 -43.996712
-166.974175 80.509498 -42.920460
-166.683151 78.849080 -41.844208
-166.392128 77.188663 -40.767956
-166.101104 75.528245 -39.691704
-165.810081 73.867827 -38.615452
-165.519057 72.207409 -37.539201
-165.228034 70.546991 -36.462949
-164.937010 68.886574 -35.386697
-164.645987 67.226156 -34.310445
-164.354963 65.565738 -33.234193
-164.063940 63.905320 -32.157941
-163.772917 62.244903 -31.081689
-163.481893 60.584485 -30.005437
-163.190870 58.924067 -28.929185
-162.899846 57.263649 -27.852933
-162.608823 55.603232 -26.776681
-162.317799 53.942814 -25.700430
-162.026776 52.282396 -24.624178
-161.735752 50.621978 -23.547926
-161.444729 48.961560 -22.471674
-161.153705 47.301143 -21.395422
-160.862682 45.640725 -20.319170
-160.571658 43.980307 -19.242918
-160.280635 42.319889 -18.166666
-159.989611 40.659472 -17.090414
-159.698588 38.999054 -16.014162
-159.407564 37.338636 -14.937911
-159.116541 35.678218 -13.861659
-158.825517 34.017801 -12.785407
-158.534494 32.357383 -11.709155
-158.243470 30.696965 -10.632903
-157.952447 29.036547 -9.556651
-157.661423 27.376129 -8.480399
-157.370400 25.715712 -7.404147
-157.079376 24.055294 -6.327895
-156.788353 22.394876 -5.251643
-156.497329 20.734458 -4.175392
-156.206306 19.074041 -3.099140
-155.915282 17.413623 -2.022888
-155.624259 15.753205 -0.946636
-155.333235 14.092787 0.129616
-155.042212 12.432369 1.205868
-154.751188 10.771952 2.282120
-154.460165 9.111534 3.358372
-154.169141 7.451116 4.434624
-153.878118 5.790698 5.510876
-153.587094 4.130281 6.587127
-153.296071 2.469863 7.663379
-153.005048 0.809445 8.739631
-152.714024 -0.850973 9.815883
-152.423001 -2.511390 10.892135
-152.131977 -4.171808 11.968387
-151.840954 -5.832226 13.044639
-151.549930 -7.492644 14.120891
-151.258907 -9.153062 15.197143
-150.967883 -10.813479 16.273395
-150.676860 -12.473897 17.349646
-150.385836 -14.134315 18.425898
-150.094813 -15.794733 19.502150
-149.803789 -17.455150 20.578402
-149.512766 -19.115568 21.654654
-149.221742 -20.775986 22.730906
-148.930719 -22.436404 23.807158
-148.639695 -24.096821 24.883410
-148.348672 -25.757239 25.959662
-148.057648 -27.417657 27.035914
-147.766625 -29.078075 28.112165
-147.475601 -30.738493 29.188417
185.133976 -145.572995 -245.918989
185.400854 -146.964388 -244.507323
185.667733 -148.355781 -243.095657
185.934612 -149.747174 -241.683991
186.201490 -151.138567 -240.272325
186.468369 -152.529960 -238.860659
186.735247 -153.921353 -237.448993
187.002126 -155.312747 -236.037327
187.269004 -156.704140 -234.625661
187.535883 -158.095533 -233.213995
187.802761 -159.486926 -231.802329
188.069640 -160.878319 -230.390663
188.336519 -162.269712 -228.978997
188.603397 -163.661106 -227.567331
188.870276 -165.052499 -226.155665
189.137154 -166.443892 -224.743999
189.404033 -167.835285 -223.332333
189.670911 -169.226678 -221.920667
189.937790 -170.618071 -220.509001
190.204669 -172.009465 -219.097335
190.471547 -173.400858 -217.685669
190.738426 -174.792251 -216.274003
191.005304 -176.183644 -214.862337
191.272183 -177.575037 -213.450671
191.539061 -178.966430 -212.039005
191.805940 -180.357824 -210.627339
192.072818 -181.749217 -209.215673
192.339697 -183.140610 -207.804007
192.606576 -184.532003 -206.392341
192.873454 -185.923396 -204.980675
193.140333 -187.314789 -203.569009
193.407211 -188.706183 -202.157343
193.674090 -190.097576 -200.745677
193.940968 -191.488969 -199.334011
194.207847 -192.880362 -197.922345
194.474725 -194.271755 -196.510679
194.741604 -195.663148 -195.099013
195.008483 -197.054541 -193.687347
195.275361 -198.445935 -192.275681
195.542240 -199.837328 -190.864015
195.809118 -201.228721 -189.452349
196.075997 -202.620114 -188.040683
196.342875 -204.011507 -186.629017
196.609754 -205.402900 -185.217351
196.876632 -206.794294 -183.805685
197.143511 -208.185687 -182.394019
197.410390 -209.577080 -180.982353
197.677268 -210.968473 -179.570687
197.944147 -212.359866 -178.159021
198.211025 -213.751259 -176.747355
198.477904 -215.142653 -175.335689
198.744782 -216.534046 -173.924023
199.011661 -217.925439 -172.512357
199.278539 -219.316832 -171.100691
199.545418 -220.708225 -169.689025
199.812297 -222.099618 -168.277359
200.079175 -223.491012 -166.865693
200.346054 -224.882405 -165.454027
200.612932 -226.273798 -164.042361
200.879811 -227.665191 -162.630695
201.146689 -229.056584 -161.219029
201.413568 -230.447977 -159.807363
201.680447 -231.839370 -158.395697
201.947325 -233.230764 -156.984031
202.214204 -234.622157 -155.572365
202.481082 -236.013550 -154.160699
202.747961 -237.404943 -152.749033
203.014839 -238.796336 -151.337367
203.281718 -240.187729 -149.925701
203.548596 -241.579123 -148.514035
181.335063 13.783906 37.240685
180.727388 14.345936 39.061359
180.119713 14.907966 40.882033
179.512039 15.469996 42.702707
178.904364 16.032026 44.523380
178.296689 16.594056 46.344054
177.689014 17.156086 48.164728
177.081339 17.718116 49.985402
176.473664 18.280146 51.806076
175.865989 18.842176 53.626750
175.258315 19.404206 55.447424
174.650640 19.966237 57.268098
174.042965 20.528267 59.088772
173.435290 21.090297 60.909446
172.827615 21.652327 62.730120
172.219940 22.214357 64.550793
171.612265 22.776387 66.371467
171.004591 23.338417 68.192141
170.396916 23.900447 70.012815
169.789241 24.462477 71.833489
169.181566 25.024507 73.654163
168.573891 25.586537 75.474837
167.966216 26.148567 77.295511
167.358542 26.710597 79.116185
166.750867 27.272628 80.936859
166.143192 27.834658 82.757533
165.535517 28.396688 84.578206
164.927842 28.958718 86.398880
164.320167 29.520748 88.219554
163.712492 30.082778 90.040228
163.104818 30.644808 91.860902
162.497143 31.206838 93.681576
161.889468 31.768868 95.502250
161.281793 32.330898 97.322924
160.674118 32.892928 99.143598
160.066443 33.454958 100.964272
159.458769 34.016988 102.784946
158.851094 34.579018 104.605619
158.243419 35.141049 106.426293
157.635744 35.703079 108.246967
157.028069 36.265109 110.067641
156.420394 36.827139 111.888315
155.812719 37.389169 113.708989
155.205045 37.951199 115.529663
154.597370 38.513229 117.350337
153.989695 39.075259 119.171011
153.382020 39.637289 120.991685
152.774345 40.199319 122.812358
152.166670 40.761349 124.633032
151.558996 41.323379 126.453706
150.951321 41.885409 128.274380
150.343646 42.447439 130.095054
149.735971 43.009470 131.915728
149.128296 43.571500 133.736402
148.520621 44.133530 135.557076
147.912946 44.695560 137.377750
147.305272 45.257590 139.198424
146.697597 45.819620 141.019098
146.089922 46.381650 142.839771
145.482247 46.943680 144.660445
144.874572 47.505710 146.481119
144.266897 48.067740 148.301793
143.659222 48.629770 150.122467
143.051548 49.191800 151.943141
142.443873 49.753830 153.763815
141.836198 50.315861 155.584489
141.228523 50.877891 157.405163
140.620848 51.439921 159.225837
140.013173 52.001951 161.046511
139.405499 52.563981 162.867184
13.847072 -64.218381 174.609452
13.342921 -62.301021 174.345709
12.838770 -60.383660 174.081965
12.334619 -58.466300 173.818221
11.830468 -56.548939 173.554478
11.326317 -54.631579 173.290734
10.822166 -52.714218 173.026991
10.318015 -50.796858 172.763247
9.813864 -48.879497 172.499503
9.309713 -46.962137 172.235760
8.805562 -45.044776 171.972016
8.301411 -43.127416 171.708273
7.797260 -41.210056 171.444529
7.293109 -39.292695 171.180785
6.788958 -37.375335 170.917042
6.284807 -35.457974 170.653298
5.780656 -33.540614 170.389555
5.276505 -31.623253 170.125811
4.772354 -29.705893 169.862067
4.268204 -27.788532 169.598324
3.764053 -25.871172 169.334580
3.259902 -23.953811 169.070837
2.755751 -22.036451 168.807093
2.251600 -20.119090 168.543349
1.747449 -18.201730 168.279606
1.243298 -16.284370 168.015862
0.739147 -14.367009 167.752118
0.234996 -12.449649 167.488375
-0.269155 -10.532288 167.224631
-0.773306 -8.614928 166.960888
-1.277457 -6.697567 166.697144
-1.781608 -4.780207 166.433400
-2.285759 -2.862846 166.169657
-2.789910 -0.945486 165.905913
-3.294061 0.971875 165.642170
-3.798212 2.889235 165.378426
-4.302363 4.806595 165.114682
-4.806514 6.723956 164.850939
-5.310665 8.641316 164.587195
-5.814816 10.558677 164.323452
-6.318966 12.476037 164.059708
-6.823117 14.393398 163.795964
-7.327268 16.310758 163.532221
-7.831419 18.228119 163.268477
-8.335570 20.145479 163.004733
-8.839721 22.062840 162.740990
-9.343872 23.980200 162.477246
-9.848023 25.897561 162.213503
-10.352174 27.814921 161.949759
-10.856325 29.732281 161.686015
-11.360476 31.649642 161.422272
-11.864627 33.567002 161.158528
-12.368778 35.484363 160.894785
-12.872929 37.401723 160.631041
-13.377080 39.319084 160.367297
-13.881231 41.236444 160.103554
-14.385382 43.153805 159.839810
-14.889533 45.071165 159.576067
-15.393684 46.988526 159.312323
-15.897835 48.905886 159.048579
-16.401986 50.823246 158.784836
-16.906136 52.740607 158.521092
-17.410287 54.657967 158.257348
-17.914438 56.575328 157.993605
-18.418589 58.492688 157.729861
-18.922740 60.410049 157.466118
-19.426891 62.327409 157.202374
-19.931042 64.244770 156.938630
-20.435193 66.162130 156.674887
-20.939344 68.079491 156.411143
244.270820 114.988336 -136.354573
243.769215 116.917438 -136.190388
243.267609 118.846540 -136.026202
242.766003 120.775642 -135.862016
242.264398 122.704744 -135.697830
241.762792 124.633846 -135.533644
241.261186 126.562948 -135.369458
240.759580 128.492050 -135.205272
240.257975 130.421152 -135.041087
239.756369 132.350254 -134.876901
239.254763 134.279356 -134.712715
238.753157 136.208458 -134.548529
238.251552 138.137560 -134.384343
237.749946 140.066662 -134.220157
237.248340 141.995764 -134.055971
236.746734 143.924867 -133.891786
236.245129 145.853969 -133.727600
235.743523 147.783071 -133.563414
235.241917 149.712173 -133.399228
234.740312 151.641275 -133.235042
234.238706 153.570377 -133.070856
233.737100 155.499479 -132.906671
233.235494 157.428581 -132.742485
232.733889 159.357683 -132.578299
232.232283 161.286785 -132.414113
231.730677 163.215887 -132.249927
231.229071 165.144989 -132.085741
230.727466 167.074091 -131.921555
230.225860 169.003193 -131.757370
229.724254 170.932295 -131.593184
229.222649 172.861397 -131.428998
228.721043 174.790499 -131.264812
228.219437 176.719601 -131.100626
227.717831 178.648703 -130.936440
227.216226 180.577805 -130.772254
226.714620 182.506907 -130.608069
226.213014 184.436009 -130.443883
225.711408 186.365112 -130.279697
225.209803 188.294214 -130.115511
224.708197 190.223316 -129.951325
224.206591 192.152418 -129.787139
223.704986 194.081520 -129.622953
223.203380 196.010622 -129.458768
222.701774 197.939724 -129.294582
222.200168 199.868826 -129.130396
221.698563 201.797928 -128.966210
221.196957 203.727030 -128.802024
220.695351 205.656132 -128.637838
220.193745 207.585234 -128.473652
219.692140 209.514336 -128.309467
219.190534 211.443438 -128.145281
218.688928 213.372540 -127.981095
218.187323 215.301642 -127.816909
217.685717 217.230744 -127.652723
217.184111 219.159846 -127.488537
216.682505 221.088948 -127.324351
216.180900 223.018050 -127.160166
215.679294 224.947152 -126.995980
215.177688 226.876254 -126.831794
214.676082 228.805356 -126.667608
214.174477 230.734459 -126.503422
213.672871 232.663561 -126.339236
213.171265 234.592663 -126.175050
212.669659 236.521765 -126.010865
212.168054 238.450867 -125.846679
211.666448 240.379969 -125.682493
211.164842 242.309071 -125.518307
210.663237 244.238173 -125.354121
210.161631 246.167275 -125.189935
209.660025 248.096377 -125.025750
-31.076024 -72.296701 -198.363747
-30.700572 -74.239439 -198.654958
-30.325120 -76.182178 -198.946170
-29.949668 -78.124916 -199.237381
-29.574216 -80.067654 -199.528592
-29.198764 -82.010392 -199.819804
-28.823312 -83.953131 -200.111015
-28.447860 -85.895869 -200.402227
-28.072408 -87.838607 -200.693438
-27.696956 -89.781345 -200.984649
-27.321504 -91.724083 -201.275861
-26.946052 -93.666822 -201.567072
-26.570600 -95.609560 -201.858284
-26.195148 -97.552298 -202.149495
-25.819696 -99.495036 -202.440706
-25.444244 -101.437774 -202.731918
-25.068792 -103.380513 -203.023129
-24.693341 -105.323251 -203.314341
-24.317889 -107.265989 -203.605552
-23.942437 -109.208727 -203.896763
-23.566985 -111.151465 -204.187975
-23.191533 -113.094204 -204.479186
-22.816081 -115.036942 -204.770398
-22.440629 -116.979680 -205.061609
-22.065177 -118.922418 -205.352820
-21.689725 -120.865156 -205.644032
-21.314273 -122.807895 -205.935243
-20.938821 -124.750633 -206.226455
-20.563369 -126.693371 -206.517666
-20.187917 -128.636109 -206.808878
-19.812465 -130.578848 -207.100089
-19.437013 -132.521586 -207.391300
-19.061561 -134.464324 -207.682512
-18.686109 -136.407062 -207.973723
-18.310657 -138.349800 -208.264935
-17.935205 -140.292539 -208.556146
-17.559753 -142.235277 -208.847357
-17.184301 -144.178015 -209.138569
-16.808849 -146.120753 -209.429780
-16.433397 -148.063491 -209.720992
-16.057946 -150.006230 -210.012203
-15.682494 -151.948968 -210.303414
-15.307042 -153.891706 -210.594626
-14.931590 -155.834444 -210.885837
-14.556138 -157.777182 -211.177049
-14.180686 -159.719921 -211.468260
-13.805234 -161.662659 -211.759471
-13.429782 -163.605397 -212.050683
-13.054330 -165.548135 -212.341894
-12.678878 -167.490873 -212.633106
-12.303426 -169.433612 -212.924317
-11.927974 -171.376350 -213.215528
-11.552522 -173.319088 -213.506740
-11.177070 -175.261826 -213.797951
-10.801618 -177.204565 -214.089163
-10.426166 -179.147303 -214.380374
-10.050714 -181.090041 -214.671585
-9.675262 -183.032779 -214.962797
-9.299810 -184.975517 -215.254008
-8.924358 -186.918256 -215.545220
-8.548906 -188.860994 -215.836431
-8.173454 -190.803732 -216.127643
-7.798002 -192.746470 -216.418854
-7.422550 -194.689208 -216.710065
-7.047099 -196.631947 -217.001277
-6.671647 -198.574685 -217.292488
-6.296195 -200.517423 -217.583700
-5.920743 -202.460161 -217.874911
-5.545291 -204.402899 -218.166122
-5.169839 -206.345638 -218.457334
224.327517 -259.464403 -192.248410
224.050719 -259.744276 -190.287529
223.773920 -260.024149 -188.326648
223.497122 -260.304023 -186.365768
223.220324 -260.583896 -184.404887
222.943526 -260.863769 -182.444006
222.666727 -261.143643 -180.483125
222.389929 -261.423516 -178.522244
222.113131 -261.703390 -176.561363
221.836333 -261.983263 -174.600483
221.559535 -262.263136 -172.639602
221.282736 -262.543010 -170.678721
221.005938 -262.822883 -168.717840
220.729140 -263.102756 -166.756959
220.452342 -263.382630 -164.796078
220.175543 -263.662503 -162.835198
219.898745 -263.942377 -160.874317
219.621947 -264.222250 -158.913436
219.345149 -264.502123 -156.952555
219.068350 -264.781997 -154.991674
218.791552 -265.061870 -153.030793
218.514754 -265.341743 -151.069913
218.237956 -265.621617 -149.109032
217.961157 -265.901490 -147.148151
217.684359 -266.181363 -145.187270
217.407561 -266.461237 -143.226389
217.130763 -266.741110 -141.265508
216.853964 -267.020984 -139.304628
216.577166 -267.300857 -137.343747
216.300368 -267.580730 -135.382866
216.023570 -267.860604 -133.421985
215.746772 -268.140477 -131.461104
215.469973 -268.420350 -129.500223
215.193175 -268.700224 -127.539343
214.916377 -268.980097 -125.578462
214.639579 -269.259971 -123.617581
214.362780 -269.539844 -121.656700
214.085982 -269.819717 -119.695819
213.809184 -270.099591 -117.734938
213.532386 -270.379464 -115.774058
213.255587 -270.659337 -113.813177
212.978789 -270.939211 -111.852296
212.701991 -271.219084 -109.891415
212.425193 -271.498958 -107.930534
212.148394 -271.778831 -105.969654
211.871596 -272.058704 -104.008773
211.594798 -272.338578 -102.047892
211.318000 -272.618451 -100.087011
211.041201 -272.898324 -98.126130
210.764403 -273.178198 -96.165249
210.487605 -273.458071 -94.204369
210.210807 -273.737945 -92.243488
209.934008 -274.017818 -90.282607
209.657210 -274.297691 -88.321726
209.380412 -274.577565 -86.360845
209.103614 -274.857438 -84.399964
208.826816 -275.137311 -82.439084
208.550017 -275.417185 -80.478203
208.273219 -275.697058 -78.517322
207.996421 -275.976931 -76.556441
207.719623 -276.256805 -74.595560
207.442824 -276.536678 -72.634679
207.166026 -276.816552 -70.673799
206.889228 -277.096425 -68.712918
206.612430 -277.376298 -66.752037
206.335631 -277.656172 -64.791156
206.058833 -277.936045 -62.830275
205.782035 -278.215918 -60.869394
205.505237 -278.495792 -58.908514
205.228438 -278.775665 -56.947633
157.970993 -174.123471 -24.258161
159.926288 -173.856552 -23.933237
161.881583 -173.589634 -23.608313
163.836878 -173.322715 -23.283390
165.792173 -173.055797 -22.958466
167.747469 -172.788878 -22.633542
169.702764 -172.521960 -22.308618
171.658059 -172.255041 -21.983695
173.613354 -171.988123 -21.658771
175.568649 -171.721204 -21.333847
177.523944 -171.454286 -21.008924
179.479239 -171.187367 -20.684000
181.434535 -170.920449 -20.359076
183.389830 -170.653530 -20.034152
185.345125 -170.386612 -19.709229
187.300420 -170.119693 -19.384305
189.255715 -169.852775 -19.059381
191.211010 -169.585856 -18.734457
193.166305 -169.318937 -18.409534
195.121600 -169.052019 -18.084610
197.076896 -168.785100 -17.759686
199.032191 -168.518182 -17.434763
200.987486 -168.251263 -17.109839
202.942781 -167.984345 -16.784915
204.898076 -167.717426 -16.459991
206.853371 -167.450508 -16.135068
208.808666 -167.183589 -15.810144
210.763962 -166.916671 -15.485220
212.719257 -166.649752 -15.160296
214.674552 -166.382834 -14.835373
216.629847 -166.115915 -14.510449
218.585142 -165.848997 -14.185525
220.540437 -165.582078 -13.860602
222.495732 -165.315160 -13.535678
224.451028 -165.048241 -13.210754
226.406323 -164.781323 -12.885830
228.361618 -164.514404 -12.560907
230.316913 -164.247485 -12.235983
232.272208 -163.980567 -11.911059
234.227503 -163.713648 -11.586136
236.182798 -163.446730 -11.261212
238.138093 -163.179811 -10.936288
240.093389 -162.912893 -10.611364
242.048684 -162.645974 -10.286441
244.003979 -162.379056 -9.961517
245.959274 -162.112137 -9.636593
247.914569 -161.845219 -9.311669
249.869864 -161.578300 -8.986746
251.825159 -161.311382 -8.661822
253.780455 -161.044463 -8.336898
255.735750 -160.777545 -8.011975
257.691045 -160.510626 -7.687051
259.646340 -160.243708 -7.362127
261.601635 -159.976789 -7.037203
263.556930 -159.709871 -6.712280
265.512225 -159.442952 -6.387356
267.467521 -159.176034 -6.062432
269.422816 -158.909115 -5.737509
271.378111 -158.642196 -5.412585
273.333406 -158.375278 -5.087661
275.288701 -158.108359 -4.762737
277.243996 -157.841441 -4.437814
279.199291 -157.574522 -4.112890
281.154587 -157.307604 -3.787966
283.109882 -157.040685 -3.463042
285.065177 -156.773767 -3.138119
287.020472 -156.506848 -2.813195
288.975767 -156.239930 -2.488271
290.931062 -155.973011 -2.163348
292.886357 -155.706093 -1.838424
-156.195949 -5.417544 241.335761
-154.254317 -4.937890 241.336514
-152.312686 -4.458237 241.337266
-150.371055 -3.978583 241.338018
-148.429424 -3.498929 241.338770
-146.487793 -3.019275 241.339522
-144.546162 -2.539621 241.340274
-142.604530 -2.059967 241.341026
-140.662899 -1.580314 241.341779
-138.721268 -1.100660 241.342531
-136.779637 -0.621006 241.343283
-134.838006 -0.141352 241.344035
-132.896375 0.338302 241.344787
-130.954743 0.817956 241.345539
-129.013112 1.297610 241.346291
-127.071481 1.777263 241.347044
-125.129850 2.256917 241.347796
-123.188219 2.736571 241.348548
-121.246587 3.216225 241.349300
-119.304956 3.695879 241.350052
-117.363325 4.175533 241.350804
-115.421694 4.655186 241.351556
-113.480063 5.134840 241.352308
-111.538432 5.614494 241.353061
-109.596800 6.094148 241.353813
-107.655169 6.573802 241.354565
-105.713538 7.053456 241.355317
-103.771907 7.533109 241.356069
-101.830276 8.012763 241.356821
-99.888644 8.492417 241.357573
-97.947013 8.972071 241.358326
-96.005382 9.451725 241.359078
-94.063751 9.931379 241.359830
-92.122120 10.411032 241.360582
-90.180489 10.890686 241.361334
-88.238857 11.370340 241.362086
-86.297226 11.849994 241.362838
-84.355595 12.329648 241.363590
-82.413964 12.809302 241.364343
-80.472333 13.288955 241.365095
-78.530702 13.768609 241.365847
-76.589070 14.248263 241.366599
-74.647439 14.727917 241.367351
-72.705808 15.207571 241.368103
-70.764177 15.687225 241.368855
-68.822546 16.166878 241.369608
-66.880914 16.646532 241.370360
-64.939283 17.126186 241.371112
-62.997652 17.605840 241.371864
-61.056021 18.085494 241.372616
-59.114390 18.565148 241.373368
-57.172759 19.044802 241.374120
-55.231127 19.524455 241.374872
-53.289496 20.004109 241.375625
-51.347865 20.483763 241.376377
-49.406234 20.963417 241.377129
-47.464603 21.443071 241.377881
-45.522972 21.922725 241.378633
-43.581340 22.402378 241.379385
-41.639709 22.882032 241.380137
-39.698078 23.361686 241.380890
-37.756447 23.841340 241.381642
-35.814816 24.320994 241.382394
-33.873184 24.800648 241.383146
-31.931553 25.280301 241.383898
-29.989922 25.759955 241.384650
-28.048291 26.239609 241.385402
-26.106660 26.719263 241.386154
-24.165029 27.198917 241.386907
-22.223397 27.678571 241.387659
32.019183 -46.005020 -221.374140
30.935203 -47.609089 -221.876087
29.851223 -49.213158 -222.378034
28.767243 -50.817226 -222.879981
27.683263 -52.421295 -223.381928
26.599283 -54.025364 -223.883875
25.515303 -55.629433 -224.385822
24.431323 -57.233501 -224.887769
23.347343 -58.837570 -225.389716
22.263363 -60.441639 -225.891663
21.179383 -62.045708 -226.393611
20.095403 -63.649776 -226.895558
19.011424 -65.253845 -227.397505
17.927444 -66.857914 -227.899452
16.843464 -68.461982 -228.401399
15.759484 -70.066051 -228.903346
14.675504 -71.670120 -229.405293
13.591524 -73.274189 -229.907240
12.507544 -74.878257 -230.409187
11.423564 -76.482326 -230.911134
10.339584 -78.086395 -231.413082
9.255604 -79.690464 -231.915029
8.171624 -81.294532 -232.416976
7.087644 -82.898601 -232.918923
6.003664 -84.502670 -233.420870
4.919684 -86.106739 -233.922817
3.835704 -87.710807 -234.424764
2.751724 -89.314876 -234.926711
1.667744 -90.918945 -235.428658
0.583764 -92.523014 -235.930605
-0.500216 -94.127082 -236.432553
-1.584196 -95.731151 -236.934500
-2.668176 -97.335220 -237.436447
-3.752156 -98.939289 -237.938394
-4.836136 -100.543357 -238.440341
-5.920116 -102.147426 -238.942288
-7.004096 -103.751495 -239.444235
-8.088076 -105.355564 -239.946182
-9.172056 -106.959632 -240.448129
-10.256036 -108.563701 -240.950076
-11.340016 -110.167770 -241.452023
-12.423996 -111.771839 -241.953971
-13.507976 -113.375907 -242.455918
-14.591956 -114.979976 -242.957865
-15.675936 -116.584045 -243.459812
-16.759916 -118.188113 -243.961759
-17.843896 -119.792182 -244.463706
-18.927876 -121.396251 -244.965653
-20.011855 -123.000320 -245.467600
-21.095835 -124.604388 -245.969547
-22.179815 -126.208457 -246.471494
-23.263795 -127.812526 -246.973442
-24.347775 -129.416595 -247.475389
-25.431755 -131.020663 -247.977336
-26.515735 -132.624732 -248.479283
-27.599715 -134.228801 -248.981230
-28.683695 -135.832870 -249.483177
-29.767675 -137.436938 -249.985124
-30.851655 -139.041007 -250.487071
-31.935635 -140.645076 -250.989018
-33.019615 -142.249145 -251.490965
-34.103595 -143.853213 -251.992913
-35.187575 -145.457282 -252.494860
-36.271555 -147.061351 -252.996807
-37.355535 -148.665420 -253.498754
-38.439515 -150.269488 -254.000701
-39.523495 -151.873557 -254.502648
-40.607475 -153.477626 -255.004595
-41.691455 -155.081695 -255.506542
-42.775435 -156.685763 -256.008489
288.003349 175.484595 119.815353
286.072005 175.031186 120.068985
284.140660 174.577777 120.322618
282.209316 174.124368 120.576251
280.277972 173.670959 120.829884
278.346627 173.217551 121.083517
276.415283 172.764142 121.337150
274.483939 172.310733 121.590783
272.552595 171.857324 121.844416
270.621250 171.403915 122.098049
268.689906 170.950507 122.351682
266.758562 170.497098 122.605314
264.827217 170.043689 122.858947
262.895873 169.590280 123.112580
260.964529 169.136871 123.366213
259.033184 168.683463 123.619846
257.101840 168.230054 123.873479
255.170496 167.776645 124.127112
253.239152 167.323236 124.380745
251.307807 166.869827 124.634378
249.376463 166.416418 124.888011
247.445119 165.963010 125.141643
245.513774 165.509601 125.395276
243.582430 165.056192 125.648909
241.651086 164.602783 125.902542
239.719741 164.149374 126.156175
237.788397 163.695966 126.409808
235.857053 163.242557 126.663441
233.925709 162.789148 126.917074
231.994364 162.335739 127.170707
230.063020 161.882330 127.424340
228.131676 161.428921 127.677972
226.200331 160.975513 127.931605
224.268987 160.522104 128.185238
222.337643 160.068695 128.438871
220.406299 159.615286 128.692504
218.474954 159.161877 128.946137
216.543610 158.708469 129.199770
214.612266 158.255060 129.453403
212.680921 157.801651 129.707036
210.749577 157.348242 129.960669
208.818233 156.894833 130.214301
206.886888 156.441424 130.467934
204.955544 155.988016 130.721567
203.024200 155.534607 130.975200
201.092856 155.081198 131.228833
199.161511 154.627789 131.482466
197.230167 154.174380 131.736099
195.298823 153.720972 131.989732
193.367478 153.267563 132.243365
191.436134 152.814154 132.496998
189.504790 152.360745 132.750630
187.573445 151.907336 133.004263
185.642101 151.453928 133.257896
183.710757 151.000519 133.511529
181.779413 150.547110 133.765162
179.848068 150.093701 134.018795
177.916724 149.640292 134.272428
175.985380 149.186883 134.526061
174.054035 148.733475 134.779694
172.122691 148.280066 135.033327
170.191347 147.826657 135.286960
168.260002 147.373248 135.540592
166.328658 146.919839 135.794225
164.397314 146.466431 136.047858
162.465970 146.013022 136.301491
160.534625 145.559613 136.555124
158.603281 145.106204 136.808757
156.671937 144.652795 137.062390
154.740592 144.199386 137.316023
-145.654710 30.213005 49.916301
-146.548780 28.652099 50.790493
-147.442851 27.091193 51.664684
-148.336921 25.530288 52.538876
-149.230992 23.969382 53.413068
-150.125062 22.408476 54.287260
-151.019133 20.847571 55.161452
-151.913204 19.286665 56.035644
-152.807274 17.725759 56.909835
-153.701345 16.164854 57.784027
-154.595415 14.603948 58.658219
-155.489486 13.043042 59.532411
-156.383556 11.482137 60.406603
-157.277627 9.921231 61.280795
-158.171697 8.360325 62.154986
-159.065768 6.799420 63.029178
-159.959839 5.238514 63.903370
-160.853909 3.677608 64.777562
-161.747980 2.116703 65.651754
-162.642050 0.555797 66.525946
-163.536121 -1.005109 67.400137
-164.430191 -2.566014 68.274329
-165.324262 -4.126920 69.148521
-166.218332 -5.687826 70.022713
-167.112403 -7.248731 70.896905
-168.006473 -8.809637 71.771097
-168.900544 -10.370543 72.645288
-169.794615 -11.931448 73.519480
-170.688685 -13.492354 74.393672
-171.582756 -15.053260 75.267864
-172.476826 -16.614165 76.142056
-173.370897 -18.175071 77.016248
-174.264967 -19.735977 77.890439
-175.159038 -21.296882 78.764631
-176.053108 -22.857788 79.638823
-176.947179 -24.418694 80.513015
-177.841250 -25.979599 81.387207
-178.735320 -27.540505 82.261398
-179.629391 -29.101411 83.135590
-180.523461 -30.662316 84.009782
-181.417532 -32.223222 84.883974
-182.311602 -33.784128 85.758166
-183.205673 -35.345033 86.632358
-184.099743 -36.905939 87.506549
-184.993814 -38.466845 88.380741
-185.887885 -40.027750 89.254933
-186.781955 -41.588656 90.129125
-187.676026 -43.149562 91.003317
-188.570096 -44.710467 91.877509
-189.464167 -46.271373 92.751700
-190.358237 -47.832279 93.625892
-191.252308 -49.393184 94.500084
-192.146378 -50.954090 95.374276
-193.040449 -52.514996 96.248468
-193.934520 -54.075901 97.122660
-194.828590 -55.636807 97.996851
-195.722661 -57.197713 98.871043
-196.616731 -58.758618 99.745235
-197.510802 -60.319524 100.619427
-198.404872 -61.880430 101.493619
-199.298943 -63.441335 102.367811
-200.193013 -65.002241 103.242002
-201.087084 -66.563147 104.116194
-201.981155 -68.124052 104.990386
-202.875225 -69.684958 105.864578
-203.769296 -71.245864 106.738770
-204.663366 -72.806769 107.612961
-205.557437 -74.367675 108.487153
-206.451507 -75.928581 109.361345
-207.345578 -77.489486 110.235537
290.743700 -31.390775 -73.080539
289.934232 -30.170655 -74.442916
289.124763 -28.950536 -75.805292
288.315294 -27.730416 -77.167668
287.505826 -26.510296 -78.530044
286.696357 -25.290176 -79.892420
285.886888 -24.070057 -81.254796
285.077420 -22.849937 -82.617172
284.267951 -21.629817 -83.979548
283.458482 -20.409698 -85.341924
282.649014 -19.189578 -86.704300
281.839545 -17.969458 -88.066676
281.030076 -16.749339 -89.429052
280.220608 -15.529219 -90.791428
279.411139 -14.309099 -92.153804
278.601670 -13.088979 -93.516180
277.792202 -11.868860 -94.878556
276.982733 -10.648740 -96.240932
276.173264 -9.428620 -97.603308
275.363796 -8.208501 -98.965684
274.554327 -6.988381 -100.328060
273.744858 -5.768261 -101.690436
272.935390 -4.548142 -103.052812
272.125921 -3.328022 -104.415188
271.316452 -2.107902 -105.777564
270.506984 -0.887782 -107.139940
269.697515 0.332337 -108.502316
268.888046 1.552457 -109.864692
268.078578 2.772577 -111.227068
267.269109 3.992696 -112.589444
266.459640 5.212816 -113.951820
265.650172 6.432936 -115.314196
264.840703 7.653055 -116.676572
264.031234 8.873175 -118.038948
263.221766 10.093295 -119.401324
262.412297 11.313415 -120.763700
261.602828 12.533534 -122.126076
260.793360 13.753654 -123.488452
259.983891 14.973774 -124.850828
259.174422 16.193893 -126.213204
258.364954 17.414013 -127.575580
257.555485 18.634133 -128.937956
256.746016 19.854252 -130.300332
255.936548 21.074372 -131.662708
255.127079 22.294492 -133.025084
254.317610 23.514612 -134.387460
253.508142 24.734731 -135.749836
252.698673 25.954851 -137.112212
251.889204 27.174971 -138.474588
251.079736 28.395090 -139.836964
250.270267 29.615210 -141.199340
249.460798 30.835330 -142.561716
248.651330 32.055449 -143.924092
247.841861 33.275569 -145.286468
247.032392 34.495689 -146.648844
246.222924 35.715809 -148.011220
245.413455 36.935928 -149.373596
244.603986 38.156048 -150.735972
243.794518 39.376168 -152.098348
242.985049 40.596287 -153.460724
242.175580 41.816407 -154.823100
241.366112 43.036527 -156.185476
240.556643 44.256646 -157.547852
239.747174 45.476766 -158.910228
238.937706 46.696886 -160.272604
238.128237 47.917006 -161.634980
237.318768 49.137125 -162.997356
236.509300 50.357245 -164.359732
235.699831 51.577365 -165.722108
234.890362 52.797484 -167.084484
-144.123880 67.332760 -72.876123
-145.722477 66.359172 -73.580832
-147.321074 65.385584 -74.285540
-148.919671 64.411997 -74.990249
-150.518268 63.438409 -75.694958
-152.116865 62.464821 -76.399666
-153.715462 61.491233 -77.104375
-155.314059 60.517646 -77.809083
-156.912656 59.544058 -78.513792
-158.511254 58.570470 -79.218501
-160.109851 57.596883 -79.923209
-161.708448 56.623295 -80.627918
-163.307045 55.649707 -81.332627
-164.905642 54.676119 -82.037335
-166.504239 53.702532 -82.742044
-168.102836 52.728944 -83.446752
-169.701433 51.755356 -84.151461
-171.300030 50.781768 -84.856170
-172.898627 49.808181 -85.560878
-174.497225 48.834593 -86.265587
-176.095822 47.861005 -86.970296
-177.694419 46.887418 -87.675004
-179.293016 45.913830 -88.379713
-180.891613 44.940242 -89.084421
-182.490210 43.966654 -89.789130
-184.088807 42.993067 -90.493839
-185.687404 42.019479 -91.198547
-187.286001 41.045891 -91.903256
-188.884598 40.072303 -92.607965
-190.483196 39.098716 -93.312673
-192.081793 38.125128 -94.017382
-193.680390 37.151540 -94.722090
-195.278987 36.177953 -95.426799
-196.877584 35.204365 -96.131508
-198.476181 34.230777 -96.836216
-200.074778 33.257189 -97.540925
-201.673375 32.283602 -98.245634
-203.271972 31.310014 -98.950342
-204.870569 30.336426 -99.655051
-206.469167 29.362838 -100.359759
-208.067764 28.389251 -101.064468
-209.666361 27.415663 -101.769177
-211.264958 26.442075 -102.473885
-212.863555 25.468488 -103.178594
-214.462152 24.494900 -103.883302
-216.060749 23.521312 -104.588011
-217.659346 22.547724 -105.292720
-219.257943 21.574137 -105.997428
-220.856541 20.600549 -106.702137
-222.455138 19.626961 -107.406846
-224.053735 18.653374 -108.111554
-225.652332 17.679786 -108.816263
-227.250929 16.706198 -109.520971
-228.849526 15.732610 -110.225680
-230.448123 14.759023 -110.930389
-232.046720 13.785435 -111.635097
-233.645317 12.811847 -112.339806
-235.243914 11.838259 -113.044515
-236.842512 10.864672 -113.749223
-238.441109 9.891084 -114.453932
-240.039706 8.917496 -115.158640
-241.638303 7.943909 -115.863349
-243.236900 6.970321 -116.568058
-244.835497 5.996733 -117.272766
-246.434094 5.023145 -117.977475
-248.032691 4.049558 -118.682184
-249.631288 3.075970 -119.386892
-251.229885 2.102382 -120.091601
-252.828483 1.128794 -120.796309
-254.427080 0.155207 -121.501018
-194.108349 -71.921831 -296.127064
-193.568482 -69.999500 -296.012233
-193.028616 -68.077168 -295.897401
-192.488749 -66.154837 -295.782569
-191.948883 -64.232506 -295.667738
-191.409016 -62.310174 -295.552906
-190.869150 -60.387843 -295.438075
-190.329283 -58.465511 -295.323243
-189.789417 -56.543180 -295.208411
-189.249550 -54.620849 -295.093580
-188.709684 -52.698517 -294.978748
-188.169817 -50.776186 -294.863917
-187.629951 -48.853855 -294.749085
-187.090084 -46.931523 -294.634254
-186.550217 -45.009192 -294.519422
-186.010351 -43.086861 -294.404590
-185.470484 -41.164529 -294.289759
-184.930618 -39.242198 -294.174927
-184.390751 -37.319867 -294.060096
-183.850885 -35.397535 -293.945264
-183.311018 -33.475204 -293.830432
-182.771152 -31.552873 -293.715601
-182.231285 -29.630541 -293.600769
-181.691419 -27.708210 -293.485938
-181.151552 -25.785878 -293.371106
-180.611686 -23.863547 -293.256274
-180.071819 -21.941216 -293.141443
-179.531953 -20.018884 -293.026611
-178.992086 -18.096553 -292.911780
-178.452220 -16.174222 -292.796948
-177.912353 -14.251890 -292.682117
-177.372487 -12.329559 -292.567285
-176.832620 -10.407228 -292.452453
-176.292753 -8.484896 -292.337622
-175.752887 -6.562565 -292.222790
-175.213020 -4.640234 -292.107959
-174.673154 -2.717902 -291.993127
-174.133287 -0.795571 -291.878295
-173.593421 1.126761 -291.763464
-173.053554 3.049092 -291.648632
-172.513688 4.971423 -291.533801
-171.973821 6.893755 -291.418969
-171.433955 8.816086 -291.304137
-170.894088 10.738417 -291.189306
-170.354222 12.660749 -291.074474
-169.814355 14.583080 -290.959643
-169.274489 16.505411 -290.844811
-168.734622 18.427743 -290.729980
-168.194756 20.350074 -290.615148
-167.654889 22.272405 -290.500316
-167.115022 24.194737 -290.385485
-166.575156 26.117068 -290.270653
-166.035289 28.039399 -290.155822
-165.495423 29.961731 -290.040990
-164.955556 31.884062 -289.926158
-164.415690 33.806394 -289.811327
-163.875823 35.728725 -289.696495
-163.335957 37.651056 -289.581664
-162.796090 39.573388 -289.466832
-162.256224 41.495719 -289.352000
-161.716357 43.418050 -289.237169
-161.176491 45.340382 -289.122337
-160.636624 47.262713 -289.007506
-160.096758 49.185044 -288.892674
-159.556891 51.107376 -288.777843
-159.017025 53.029707 -288.663011
-158.477158 54.952038 -288.548179
-157.937291 56.874370 -288.433348
-157.397425 58.796701 -288.318516
-156.857558 60.719033 -288.203685
-219.337857 -181.682377 203.255904
-218.561493 -179.968166 202.578601
-217.785129 -178.253955 201.901298
-217.008765 -176.539743 201.223995
-216.232401 -174.825532 200.546693
-215.456037 -173.111321 199.869390
-214.679673 -171.397110 199.192087
-213.903309 -169.682899 198.514784
-213.126945 -167.968688 197.837481
-212.350581 -166.254477 197.160178
-211.574217 -164.540266 196.482875
-210.797853 -162.826055 195.805572
-210.021489 -161.111844 195.128269
-209.245125 -159.397633 194.450966
-208.468761 -157.683421 193.773663
-207.692397 -155.969210 193.096360
-206.916033 -154.254999 192.419057
-206.139669 -152.540788 191.741754
-205.363305 -150.826577 191.064452
-204.586941 -149.112366 190.387149
-203.810577 -147.398155 189.709846
-203.034213 -145.683944 189.032543
-202.257849 -143.969733 188.355240
-201.481485 -142.255522 187.677937
-200.705121 -140.541311 187.000634
-199.928757 -138.827099 186.323331
-199.152393 -137.112888 185.646028
-198.376029 -135.398677 184.968725
-197.599665 -133.684466 184.291422
-196.823301 -131.970255 183.614119
-196.046937 -130.256044 182.936816
-195.270573 -128.541833 182.259513
-194.494209 -126.827622 181.582210
-193.717845 -125.113411 180.904908
-192.941481 -123.399200 180.227605
-192.165117 -121.684988 179.550302
-191.388752 -119.970777 178.872999
-190.612388 -118.256566 178.195696
-189.836024 -116.542355 177.518393
-189.059660 -114.828144 176.841090
-188.283296 -113.113933 176.163787
-187.506932 -111.399722 175.486484
-186.730568 -109.685511 174.809181
-185.954204 -107.971300 174.131878
-185.177840 -106.257089 173.454575
-184.401476 -104.542878 172.777272
-183.625112 -102.828666 172.099969
-182.848748 -101.114455 171.422667
-182.072384 -99.400244 170.745364
-181.296020 -97.686033 170.068061
-180.519656 -95.971822 169.390758
-179.743292 -94.257611 168.713455
-178.966928 -92.543400 168.036152
-178.190564 -90.829189 167.358849
-177.414200 -89.114978 166.681546
-176.637836 -87.400767 166.004243
-175.861472 -85.686556 165.326940
-175.085108 -83.972344 164.649637
-174.308744 -82.258133 163.972334
-173.532380 -80.543922 163.295031
-172.756016 -78.829711 162.617728
-171.979652 -77.115500 161.940425
-171.203288 -75.401289 161.263123
-170.426924 -73.687078 160.585820
-169.650560 -71.972867 159.908517
-168.874196 -70.258656 159.231214
-168.097832 -68.544445 158.553911
-167.321468 -66.830233 157.876608
-166.545104 -65.116022 157.199305
-165.768740 -63.401811 156.522002
-265.449440 -95.715039 -88.218466
-263.597149 -95.078867 -87.813121
-261.744858 -94.442695 -87.407776
-259.892568 -93.806522 -87.002431
-258.040277 -93.170350 -86.597086
-256.187987 -92.534178 -86.191741
-254.335696 -91.898006 -85.786396
-252.483406 -91.261834 -85.381051
-250.631115 -90.625662 -84.975706
-248.778824 -89.989490 -84.570361
-246.926534 -89.353317 -84.165016
-245.074243 -88.717145 -83.759671
-243.221953 -88.080973 -83.354325
-241.369662 -87.444801 -82.948980
-239.517372 -86.808629 -82.543635
-237.665081 -86.172457 -82.138290
-235.812790 -85.536285 -81.732945
-233.960500 -84.900112 -81.327600
-232.108209 -84.263940 -80.922255
-230.255919 -83.627768 -80.516910
-228.403628 -82.991596 -80.111565
-226.551337 -82.355424 -79.706220
-224.699047 -81.719252 -79.300875
-222.846756 -81.083079 -78.895530
-220.994466 -80.446907 -78.490185
-219.142175 -79.810735 -78.084840
-217.289885 -79.174563 -77.679495
-215.437594 -78.538391 -77.274150
-213.585303 -77.902219 -76.868805
-211.733013 -77.266047 -76.463460
-209.880722 -76.629874 -76.058115
-208.028432 -75.993702 -75.652770
-206.176141 -75.357530 -75.247425
-204.323850 -74.721358 -74.842080
-202.471560 -74.085186 -74.436735
-200.619269 -73.449014 -74.031390
-198.766979 -72.812842 -73.626045
-196.914688 -72.176669 -73.220700
-195.062398 -71.540497 -72.815355
-193.210107 -70.904325 -72.410010
-191.357816 -70.268153 -72.004665
-189.505526 -69.631981 -71.599320
-187.653235 -68.995809 -71.193975
-185.800945 -68.359636 -70.788629
-183.948654 -67.723464 -70.383284
-182.096363 -67.087292 -69.977939
-180.244073 -66.451120 -69.572594
-178.391782 -65.814948 -69.167249
-176.539492 -65.178776 -68.761904
-174.687201 -64.542604 -68.356559
-172.834911 -63.906431 -67.951214
-170.982620 -63.270259 -67.545869
-169.130329 -62.634087 -67.140524
-167.278039 -61.997915 -66.735179
-165.425748 -61.361743 -66.329834
-163.573458 -60.725571 -65.924489
-161.721167 -60.089399 -65.519144
-159.868876 -59.453226 -65.113799
-158.016586 -58.817054 -64.708454
-156.164295 -58.180882 -64.303109
-154.312005 -57.544710 -63.897764
-152.459714 -56.908538 -63.492419
-150.607424 -56.272366 -63.087074
-148.755133 -55.636194 -62.681729
-146.902842 -55.000021 -62.276384
-145.050552 -54.363849 -61.871039
-143.198261 -53.727677 -61.465694
-141.345971 -53.091505 -61.060349
-139.493680 -52.455333 -60.655004
-137.641389 -51.819161 -60.249659
263.964529 281.316393 -181.577495
263.844598 279.720223 -180.378387
263.724667 278.124054 -179.179280
263.604737 276.527884 -177.980172
263.484806 274.931715 -176.781064
263.364875 273.335545 -175.581956
263.244944 271.739376 -174.382848
263.125013 270.143206 -173.183741
263.005083 268.547037 -171.984633
262.885152 266.950867 -170.785525
262.765221 265.354698 -169.586417
262.645290 263.758528 -168.387310
262.525359 262.162358 -167.188202
262.405429 260.566189 -165.989094
262.285498 258.970019 -164.789986
262.165567 257.373850 -163.590879
262.045636 255.777680 -162.391771
261.925705 254.181511 -161.192663
261.805775 252.585341 -159.993555
261.685844 250.989172 -158.794448
261.565913 249.393002 -157.595340
261.445982 247.796833 -156.396232
261.326052 246.200663 -155.197124
261.206121 244.604494 -153.998017
261.086190 243.008324 -152.798909
260.966259 241.412154 -151.599801
260.846328 239.815985 -150.400693
260.726398 238.219815 -149.201586
260.606467 236.623646 -148.002478
260.486536 235.027476 -146.803370
260.366605 233.431307 -145.604262
260.246674 231.835137 -144.405155
260.126744 230.238968 -143.206047
260.006813 228.642798 -142.006939
259.886882 227.046629 -140.807831
259.766951 225.450459 -139.608724
259.647020 223.854290 -138.409616
259.527090 222.258120 -137.210508
259.407159 220.661950 -136.011400
259.287228 219.065781 -134.812293
259.167297 217.469611 -133.613185
259.047366 215.873442 -132.414077
258.927436 214.277272 -131.214969
258.807505 212.681103 -130.015862
258.687574 211.084933 -128.816754
258.567643 209.488764 -127.617646
258.447713 207.892594 -126.418538
258.327782 206.296425 -125.219431
258.207851 204.700255 -124.020323
258.087920 203.104086 -122.821215
257.967989 201.507916 -121.622107
257.848059 199.911746 -120.423000
257.728128 198.315577 -119.223892
257.608197 196.719407 -118.024784
257.488266 195.123238 -116.825676
257.368335 193.527068 -115.626568
257.248405 191.930899 -114.427461
257.128474 190.334729 -113.228353
257.008543 188.738560 -112.029245
256.888612 187.142390 -110.830137
256.768681 185.546221 -109.631030
256.648751 183.950051 -108.431922
256.528820 182.353882 -107.232814
256.408889 180.757712 -106.033706
256.288958 179.161542 -104.834599
256.169027 177.565373 -103.635491
256.049097 175.969203 -102.436383
255.929166 174.373034 -101.237275
255.809235 172.776864 -100.038168
255.689304 171.180695 -98.839060
281.086233 279.971283 -227.996348
279.928041 278.465643 -228.622157
278.769849 276.960002 -229.247966
277.611656 275.454362 -229.873776
276.453464 273.948721 -230.499585
275.295272 272.443081 -231.125394
274.137080 270.937440 -231.751204
272.978888 269.431800 -232.377013
271.820695 267.926159 -233.002823
270.662503 266.420519 -233.628632
269.504311 264.914878 -234.254441
268.346119 263.409237 -234.880251
267.187926 261.903597 -235.506060
266.029734 260.397956 -236.131870
264.871542 258.892316 -236.757679
263.713350 257.386675 -237.383488
262.555158 255.881035 -238.009298
261.396965 254.375394 -238.635107
260.238773 252.869754 -239.260916
259.080581 251.364113 -239.886726
257.922389 249.858473 -240.512535
256.764197 248.352832 -241.138345
255.606004 246.847192 -241.764154
254.447812 245.341551 -242.389963
253.289620 243.835911 -243.015773
252.131428 242.330270 -243.641582
250.973235 240.824630 -244.267391
249.815043 239.318989 -244.893201
248.656851 237.813348 -245.519010
247.498659 236.307708 -246.144820
246.340467 234.802067 -246.770629
245.182274 233.296427 -247.396438
244.024082 231.790786 -248.022248
242.865890 230.285146 -248.648057
241.707698 228.779505 -249.273866
240.549505 227.273865 -249.899676
239.391313 225.768224 -250.525485
238.233121 224.262584 -251.151295
237.074929 222.756943 -251.777104
235.916737 221.251303 -252.402913
234.758544 219.745662 -253.028723
233.600352 218.240022 -253.654532
232.442160 216.734381 -254.280341
231.283968 215.228741 -254.906151
230.125775 213.723100 -255.531960
228.967583 212.217459 -256.157770
227.809391 210.711819 -256.783579
226.651199 209.206178 -257.409388
225.493007 207.700538 -258.035198
224.334814 206.194897 -258.661007
223.176622 204.689257 -259.286817
222.018430 203.183616 -259.912626
220.860238 201.677976 -260.538435
219.702045 200.172335 -261.164245
218.543853 198.666695 -261.790054
217.385661 197.161054 -262.415863
216.227469 195.655414 -263.041673
215.069277 194.149773 -263.667482
213.911084 192.644133 -264.293292
212.752892 191.138492 -264.919101
211.594700 189.632852 -265.544910
210.436508 188.127211 -266.170720
209.278315 186.621570 -266.796529
208.120123 185.115930 -267.422338
206.961931 183.610289 -268.048148
205.803739 182.104649 -268.673957
204.645547 180.599008 -269.299767
203.487354 179.093368 -269.925576
202.329162 177.587727 -270.551385
201.170970 176.082087 -271.177195
9.568309 -68.754183 283.291043
11.366466 -69.478520 282.799140
13.164623 -70.202857 282.307238
14.962780 -70.927193 281.815336
16.760937 -71.651530 281.323434
18.559094 -72.375867 280.831531
20.357251 -73.100204 280.339629
22.155408 -73.824541 279.847727
23.953564 -74.548878 279.355825
25.751721 -75.273214 278.863922
27.549878 -75.997551 278.372020
29.348035 -76.721888 277.880118
31.146192 -77.446225 277.388216
32.944349 -78.170562 276.896313
34.742506 -78.894898 276.404411
36.540663 -79.619235 275.912509
38.338820 -80.343572 275.420607
40.136977 -81.067909 274.928705
41.935134 -81.792246 274.436802
43.733291 -82.516583 273.944900
45.531448 -83.240919 273.452998
47.329605 -83.965256 272.961096
49.127762 -84.689593 272.469193
50.925919 -85.413930 271.977291
52.724075 -86.138267 271.485389
54.522232 -86.862603 270.993487
56.320389 -87.586940 270.501584
58.118546 -88.311277 270.009682
59.916703 -89.035614 269.517780
61.714860 -89.759951 269.025878
63.513017 -90.484287 268.533976
65.311174 -91.208624 268.042073
67.109331 -91.932961 267.550171
68.907488 -92.657298 267.058269
70.705645 -93.381635 266.566367
72.503802 -94.105972 266.074464
74.301959 -94.830308 265.582562
76.100116 -95.554645 265.090660
77.898273 -96.278982 264.598758
79.696430 -97.003319 264.106855
81.494586 -97.727656 263.614953
83.292743 -98.451992 263.123051
85.090900 -99.176329 262.631149
86.889057 -99.900666 262.139246
88.687214 -100.625003 261.647344
90.485371 -101.349340 261.155442
92.283528 -102.073676 260.663540
94.081685 -102.798013 260.171638
95.879842 -103.522350 259.679735
97.677999 -104.246687 259.187833
99.476156 -104.971024 258.695931
101.274313 -105.695361 258.204029
103.072470 -106.419697 257.712126
104.870627 -107.144034 257.220224
106.668784 -107.868371 256.728322
108.466941 -108.592708 256.236420
110.265097 -109.317045 255.744517
112.063254 -110.041381 255.252615
113.861411 -110.765718 254.760713
115.659568 -111.490055 254.268811
117.457725 -112.214392 253.776908
119.255882 -112.938729 253.285006
121.054039 -113.663066 252.793104
122.852196 -114.387402 252.301202
124.650353 -115.111739 251.809300
126.448510 -115.836076 251.317397
128.246667 -116.560413 250.825495
130.044824 -117.284750 250.333593
131.842981 -118.009086 249.841691
133.641138 -118.733423 249.349788
52.215994 -95.416536 -233.297329
52.436965 -93.649789 -232.386408
52.657936 -91.883041 -231.475488
52.878906 -90.116294 -230.564567
53.099877 -88.349547 -229.653647
53.320848 -86.582800 -228.742726
53.541818 -84.816052 -227.831806
53.762789 -83.049305 -226.920885
53.983760 -81.282558 -226.009964
54.204730 -79.515811 -225.099044
54.425701 -77.749064 -224.188123
54.646672 -75.982316 -223.277203
54.867642 -74.215569 -222.366282
55.088613 -72.448822 -221.455362
55.309584 -70.682075 -220.544441
55.530554 -68.915327 -219.633521
55.751525 -67.148580 -218.722600
55.972496 -65.381833 -217.811680
56.193466 -63.615086 -216.900759
56.414437 -61.848339 -215.989839
56.635408 -60.081591 -215.078918
56.856378 -58.314844 -214.167998
57.077349 -56.548097 -213.257077
57.298320 -54.781350 -212.346156
57.519290 -53.014602 -211.435236
57.740261 -51.247855 -210.524315
57.961231 -49.481108 -209.613395
58.182202 -47.714361 -208.702474
58.403173 -45.947614 -207.791554
58.624143 -44.180866 -206.880633
58.845114 -42.414119 -205.969713
59.066085 -40.647372 -205.058792
59.287055 -38.880625 -204.147872
59.508026 -37.113877 -203.236951
59.728997 -35.347130 -202.326031
59.949967 -33.580383 -201.415110
60.170938 -31.813636 -200.504189
60.391909 -30.046889 -199.593269
60.612879 -28.280141 -198.682348
60.833850 -26.513394 -197.771428
61.054821 -24.746647 -196.860507
61.275791 -22.979900 -195.949587
61.496762 -21.213153 -195.038666
61.717733 -19.446405 -194.127746
61.938703 -17.679658 -193.216825
62.159674 -15.912911 -192.305905
62.380645 -14.146164 -191.394984
62.601615 -12.379416 -190.484064
62.822586 -10.612669 -189.573143
63.043557 -8.845922 -188.662223
63.264527 -7.079175 -187.751302
63.485498 -5.312428 -186.840381
63.706469 -3.545680 -185.929461
63.927439 -1.778933 -185.018540
64.148410 -0.012186 -184.107620
64.369381 1.754561 -183.196699
64.590351 3.521309 -182.285779
64.811322 5.288056 -181.374858
65.032293 7.054803 -180.463938
65.253263 8.821550 -179.553017
65.474234 10.588297 -178.642097
65.695205 12.355045 -177.731176
65.916175 14.121792 -176.820256
66.137146 15.888539 -175.909335
66.358116 17.655286 -174.998414
66.579087 19.422034 -174.087494
66.800058 21.188781 -173.176573
67.021028 22.955528 -172.265653
67.241999 24.722275 -171.354732
67.462970 26.489022 -170.443812
28.740546 29.441808 44.386950
28.880032 28.882752 42.471748
29.019519 28.323696 40.556546
29.159005 27.764640 38.641343
29.298492 27.205584 36.726141
29.437979 26.646527 34.810939
29.577465 26.087471 32.895737
29.716952 25.528415 30.980534
29.856438 24.969359 29.065332
29.995925 24.410303 27.150130
30.135411 23.851247 25.234927
30.274898 23.292191 23.319725
30.414385 22.733135 21.404523
30.553871 22.174079 19.489321
30.693358 21.615023 17.574118
30.832844 21.055966 15.658916
30.972331 20.496910 13.743714
31.111817 19.937854 11.828511
31.251304 19.378798 9.913309
31.390790 18.819742 7.998107
31.530277 18.260686 6.082905
31.669764 17.701630 4.167702
31.809250 17.142574 2.252500
31.948737 16.583518 0.337298
32.088223 16.024462 -1.577905
32.227710 15.465406 -3.493107
32.367196 14.906349 -5.408309
32.506683 14.347293 -7.323511
32.646170 13.788237 -9.238714
32.785656 13.229181 -11.153916
32.925143 12.670125 -13.069118
33.064629 12.111069 -14.984321
33.204116 11.552013 -16.899523
33.343602 10.992957 -18.814725
33.483089 10.433901 -20.729927
33.622575 9.874845 -22.645130
33.762062 9.315789 -24.560332
33.901549 8.756732 -26.475534
34.041035 8.197676 -28.390736
34.180522 7.638620 -30.305939
34.320008 7.079564 -32.221141
34.459495 6.520508 -34.136343
34.598981 5.961452 -36.051546
34.738468 5.402396 -37.966748
34.877955 4.843340 -39.881950
35.017441 4.284284 -41.797152
35.156928 3.725228 -43.712355
35.296414 3.166172 -45.627557
35.435901 2.607115 -47.542759
35.575387 2.048059 -49.457962
35.714874 1.489003 -51.373164
35.854360 0.929947 -53.288366
35.993847 0.370891 -55.203568
36.133334 -0.188165 -57.118771
36.272820 -0.747221 -59.033973
36.412307 -1.306277 -60.949175
36.551793 -1.865333 -62.864378
36.691280 -2.424389 -64.779580
36.830766 -2.983446 -66.694782
36.970253 -3.542502 -68.609984
37.109740 -4.101558 -70.525187
37.249226 -4.660614 -72.440389
37.388713 -5.219670 -74.355591
37.528199 -5.778726 -76.270794
37.667686 -6.337782 -78.185996
37.807172 -6.896838 -80.101198
37.946659 -7.455894 -82.016400
38.086145 -8.014950 -83.931603
38.225632 -8.574006 -85.846805
38.365119 -9.133063 -87.762007
19.530890 139.527246 86.245283
18.633898 139.754981 88.018287
17.736906 139.982716 89.791290
16.839914 140.210452 91.564294
15.942922 140.438187 93.337297
15.045930 140.665923 95.110301
14.148938 140.893658 96.883305
13.251946 141.121394 98.656308
12.354954 141.349129 100.429312
11.457962 141.576864 102.202315
10.560969 141.804600 103.975319
9.663977 142.032335 105.748323
8.766985 142.260071 107.521326
7.869993 142.487806 109.294330
6.973001 142.715542 111.067333
6.076009 142.943277 112.840337
5.179017 143.171012 114.613341
4.282025 143.398748 116.386344
3.385033 143.626483 118.159348
2.488041 143.854219 119.932351
1.591048 144.081954 121.705355
0.694056 144.309689 123.478359
-0.202936 144.537425 125.251362
-1.099928 144.765160 127.024366
-1.996920 144.992896 128.797369
-2.893912 145.220631 130.570373
-3.790904 145.448367 132.343377
-4.687896 145.676102 134.116380
-5.584888 145.903837 135.889384
-6.481880 146.131573 137.662387
-7.378872 146.359308 139.435391
-8.275865 146.587044 141.208395
-9.172857 146.814779 142.981398
-10.069849 147.042515 144.754402
-10.966841 147.270250 146.527405
-11.863833 147.497985 148.300409
-12.760825 147.725721 150.073413
-13.657817 147.953456 151.846416
-14.554809 148.181192 153.619420
-15.451801 148.408927 155.392423
-16.348793 148.636663 157.165427
-17.245786 148.864398 158.938431
-18.142778 149.092133 160.711434
-19.039770 149.319869 162.484438
-19.936762 149.547604 164.257441
-20.833754 149.775340 166.030445
-21.730746 150.003075 167.803449
-22.627738 150.230810 169.576452
-23.524730 150.458546 171.349456
-24.421722 150.686281 173.122459
-25.318714 150.914017 174.895463
-26.215706 151.141752 176.668467
-27.112699 151.369488 178.441470
-28.009691 151.597223 180.214474
-28.906683 151.824958 181.987477
-29.803675 152.052694 183.760481
-30.700667 152.280429 185.533485
-31.597659 152.508165 187.306488
-32.494651 152.735900 189.079492
-33.391643 152.963636 190.852495
-34.288635 153.191371 192.625499
-35.185627 153.419106 194.398502
-36.082620 153.646842 196.171506
-36.979612 153.874577 197.944510
-37.876604 154.102313 199.717513
-38.773596 154.330048 201.490517
-39.670588 154.557784 203.263520
-40.567580 154.785519 205.036524
-41.464572 155.013254 206.809528
-42.361564 155.240990 208.582531
-130.804173 232.658971 -48.246723
-132.479809 231.832691 -47.532927
-134.155445 231.006411 -46.819131
-135.831081 230.180131 -46.105335
-137.506717 229.353851 -45.391539
-139.182353 228.527571 -44.677743
-140.857990 227.701291 -43.963947
-142.533626 226.875011 -43.250151
-144.209262 226.048731 -42.536355
-145.884898 225.222451 -41.822559
-147.560534 224.396171 -41.108763
-149.236171 223.569891 -40.394967
-150.911807 222.743611 -39.681171
-152.587443 221.917331 -38.967374
-154.263079 221.091051 -38.253578
-155.938715 220.264771 -37.539782
-157.614351 219.438491 -36.825986
-159.289988 218.612212 -36.112190
-160.965624 217.785932 -35.398394
-162.641260 216.959652 -34.684598
-164.316896 216.133372 -33.970802
-165.992532 215.307092 -33.257006
-167.668168 214.480812 -32.543210
-169.343805 213.654532 -31.829414
-171.019441 212.828252 -31.115618
-172.695077 212.001972 -30.401822
-174.370713 211.175692 -29.688026
-176.046349 210.349412 -28.974230
-177.721986 209.523132 -28.260434
-179.397622 208.696852 -27.546638
-181.073258 207.870572 -26.832842
-182.748894 207.044292 -26.119046
-184.424530 206.218012 -25.405250
-186.100166 205.391732 -24.691453
-187.775803 204.565452 -23.977657
-189.451439 203.739172 -23.263861
-191.127075 202.912892 -22.550065
-192.802711 202.086612 -21.836269
-194.478347 201.260332 -21.122473
-196.153984 200.434052 -20.408677
-197.829620 199.607772 -19.694881
-199.505256 198.781492 -18.981085
-201.180892 197.955212 -18.267289
-202.856528 197.128932 -17.553493
-204.532164 196.302652 -16.839697
-206.207801 195.476372 -16.125901
-207.883437 194.650092 -15.412105
-209.559073 193.823812 -14.698309
-211.234709 192.997532 -13.984513
-212.910345 192.171252 -13.270717
-214.585981 191.344972 -12.556921
-216.261618 190.518692 -11.843125
-217.937254 189.692412 -11.129329
-219.612890 188.866132 -10.415533
-221.288526 188.039852 -9.701736
-222.964162 187.213572 -8.987940
-224.639799 186.387292 -8.274144
-226.315435 185.561013 -7.560348
-227.991071 184.734733 -6.846552
-229.666707 183.908453 -6.132756
-231.342343 183.082173 -5.418960
-233.017979 182.255893 -4.705164
-234.693616 181.429613 -3.991368
-236.369252 180.603333 -3.277572
-238.044888 179.777053 -2.563776
-239.720524 178.950773 -1.849980
-241.396160 178.124493 -1.136184
-243.071797 177.298213 -0.422388
-244.747433 176.471933 0.291408
-246.423069 175.645653 1.005204
-44.135338 -83.995456 120.912238
-45.458638 -85.197322 121.809120
-46.781938 -86.399187 122.706002
-48.105238 -87.601052 123.602885
-49.428538 -88.802917 124.499767
-50.751837 -90.004783 125.396649
-52.075137 -91.206648 126.293531
-53.398437 -92.408513 127.190413
-54.721737 -93.610378 128.087295
-56.045037 -94.812243 128.984177
-57.368337 -96.014109 129.881060
-58.691636 -97.215974 130.777942
-60.014936 -98.417839 131.674824
-61.338236 -99.619704 132.571706
-62.661536 -100.821569 133.468588
-63.984836 -102.023435 134.365470
-65.308135 -103.225300 135.262353
-66.631435 -104.427165 136.159235
-67.954735 -105.629030 137.056117
-69.278035 -106.830896 137.952999
-70.601335 -108.032761 138.849881
-71.924635 -109.234626 139.746763
-73.247934 -110.436491 140.643645
-74.571234 -111.638356 141.540528
-75.894534 -112.840222 142.437410
-77.217834 -114.042087 143.334292
-78.541134 -115.243952 144.231174
-79.864433 -116.445817 145.128056
-81.187733 -117.647683 146.024938
-82.511033 -118.849548 146.921820
-83.834333 -120.051413 147.818703
-85.157633 -121.253278 148.715585
-86.480932 -122.455143 149.612467
-87.804232 -123.657009 150.509349
-89.127532 -124.858874 151.406231
-90.450832 -126.060739 152.303113
-91.774132 -127.262604 153.199996
-93.097432 -128.464470 154.096878
-94.420731 -129.666335 154.993760
-95.744031 -130.868200 155.890642
-97.067331 -132.070065 156.787524
-98.390631 -133.271930 157.684406
-99.713931 -134.473796 158.581288
-101.037230 -135.675661 159.478171
-102.360530 -136.877526 160.375053
-103.683830 -138.079391 161.271935
-105.007130 -139.281257 162.168817
-106.330430 -140.483122 163.065699
-107.653730 -141.684987 163.962581
-108.977029 -142.886852 164.859464
-110.300329 -144.088717 165.756346
-111.623629 -145.290583 166.653228
-112.946929 -146.492448 167.550110
-114.270229 -147.694313 168.446992
-115.593528 -148.896178 169.343874
-116.916828 -150.098044 170.240756
-118.240128 -151.299909 171.137639
-119.563428 -152.501774 172.034521
-120.886728 -153.703639 172.931403
-122.210027 -154.905504 173.828285
-123.533327 -156.107370 174.725167
-124.856627 -157.309235 175.622049
-126.179927 -158.511100 176.518932
-127.503227 -159.712965 177.415814
-128.826527 -160.914830 178.312696
-130.149826 -162.116696 179.209578
-131.473126 -163.318561 180.106460
-132.796426 -164.520426 181.003342
-134.119726 -165.722291 181.900224
-135.443026 -166.924157 182.797107
-62.419604 -177.477001 -273.224819
-63.695391 -176.401794 -272.121960
-64.971178 -175.326588 -271.019101
-66.246965 -174.251381 -269.916242
-67.522752 -173.176175 -268.813383
-68.798539 -172.100968 -267.710524
-70.074327 -171.025762 -266.607664
-71.350114 -169.950555 -265.504805
-72.625901 -168.875349 -264.401946
-73.901688 -167.800142 -263.299087
-75.177475 -166.724936 -262.196228
-76.453262 -165.649729 -261.093369
-77.729049 -164.574523 -259.990510
-79.004836 -163.499316 -258.887651
-80.280623 -162.424110 -257.784792
-81.556411 -161.348903 -256.681933
-82.832198 -160.273697 -255.579073
-84.107985 -159.198490 -254.476214
-85.383772 -158.123284 -253.373355
-86.659559 -157.048077 -252.270496
-87.935346 -155.972871 -251.167637
-89.211133 -154.897664 -250.064778
-90.486920 -153.822458 -248.961919
-91.762707 -152.747251 -247.859060
-93.038495 -151.672045 -246.756201
-94.314282 -150.596838 -245.653342
-95.590069 -149.521632 -244.550482
-96.865856 -148.446425 -243.447623
-98.141643 -147.371219 -242.344764
-99.417430 -146.296012 -241.241905
-100.693217 -145.220806 -240.139046
-101.969004 -144.145599 -239.036187
-103.244791 -143.070392 -237.933328
-104.520579 -141.995186 -236.830469
-105.796366 -140.919979 -235.727610
-107.072153 -139.844773 -234.624750
-108.347940 -138.769566 -233.521891
-109.623727 -137.694360 -232.419032
-110.899514 -136.619153 -231.316173
-112.175301 -135.543947 -230.213314
-113.451088 -134.468740 -229.110455
-114.726876 -133.393534 -228.007596
-116.002663 -132.318327 -226.904737
-117.278450 -131.243121 -225.801878
-118.554237 -130.167914 -224.699019
-119.830024 -129.092708 -223.596159
-121.105811 -128.017501 -222.493300
-122.381598 -126.942295 -221.390441
-123.657385 -125.867088 -220.287582
-124.933172 -124.791882 -219.184723
-126.208960 -123.716675 -218.081864
-127.484747 -122.641469 -216.979005
-128.760534 -121.566262 -215.876146
-130.036321 -120.491056 -214.773287
-131.312108 -119.415849 -213.670428
-132.587895 -118.340643 -212.567568
-133.863682 -117.265436 -211.464709
-135.139469 -116.190230 -210.361850
-136.415256 -115.115023 -209.258991
-137.691044 -114.039817 -208.156132
-138.966831 -112.964610 -207.053273
-140.242618 -111.889404 -205.950414
-141.518405 -110.814197 -204.847555
-142.794192 -109.738991 -203.744696
-144.069979 -108.663784 -202.641836
-145.345766 -107.588578 -201.538977
-146.621553 -106.513371 -200.436118
-147.897340 -105.438165 -199.333259
-149.173128 -104.362958 -198.230400
-150.448915 -103.287752 -197.127541
110.119998 -40.469579 -14.571310
108.903096 -41.779843 -15.467054
107.686194 -43.090107 -16.362798
106.469291 -44.400371 -17.258543
105.252389 -45.710634 -18.154287
104.035487 -47.020898 -19.050031
102.818584 -48.331162 -19.945775
101.601682 -49.641426 -20.841520
100.384780 -50.951690 -21.737264
99.167878 -52.261953 -22.633008
97.950975 -53.572217 -23.528752
96.734073 -54.882481 -24.424496
95.517171 -56.192745 -25.320241
94.300268 -57.503008 -26.215985
93.083366 -58.813272 -27.111729
91.866464 -60.123536 -28.007473
90.649562 -61.433800 -28.903218
89.432659 -62.744063 -29.798962
88.215757 -64.054327 -30.694706
86.998855 -65.364591 -31.590450
85.781953 -66.674855 -32.486194
84.565050 -67.985118 -33.381939
83.348148 -69.295382 -34.277683
82.131246 -70.605646 -35.173427
80.914343 -71.915910 -36.069171
79.697441 -73.226173 -36.964916
78.480539 -74.536437 -37.860660
77.263637 -75.846701 -38.756404
76.046734 -77.156965 -39.652148
74.829832 -78.467229 -40.547892
73.612930 -79.777492 -41.443637
72.396027 -81.087756 -42.339381
71.179125 -82.398020 -43.235125
69.962223 -83.708284 -44.130869
68.745321 -85.018547 -45.026614
67.528418 -86.328811 -45.922358
66.311516 -87.639075 -46.818102
65.094614 -88.949339 -47.713846
63.877711 -90.259602 -48.609590
62.660809 -91.569866 -49.505335
61.443907 -92.880130 -50.401079
60.227005 -94.190394 -51.296823
59.010102 -95.500657 -52.192567
57.793200 -96.810921 -53.088312
56.576298 -98.121185 -53.984056
55.359396 -99.431449 -54.879800
54.142493 -100.741713 -55.775544
52.925591 -102.051976 -56.671288
51.708689 -103.362240 -57.567033
50.491786 -104.672504 -58.462777
49.274884 -105.982768 -59.358521
48.057982 -107.293031 -60.254265
46.841080 -108.603295 -61.150010
45.624177 -109.913559 -62.045754
44.407275 -111.223823 -62.941498
43.190373 -112.534086 -63.837242
41.973470 -113.844350 -64.732986
40.756568 -115.154614 -65.628731
39.539666 -116.464878 -66.524475
38.322764 -117.775141 -67.420219
37.105861 -119.085405 -68.315963
35.888959 -120.395669 -69.211708
34.672057 -121.705933 -70.107452
33.455155 -123.016197 -71.003196
32.238252 -124.326460 -71.898940
31.021350 -125.636724 -72.794684
29.804448 -126.946988 -73.690429
28.587545 -128.257252 -74.586173
27.370643 -129.567515 -75.481917
26.153741 -130.877779 -76.377661
-85.836861 85.081087 -187.893924
-85.256507 83.214841 -187.469291
-84.676153 81.348594 -187.044657
-84.095799 79.482348 -186.620024
-83.515445 77.616101 -186.195390
-82.935092 75.749855 -185.770757
-82.354738 73.883608 -185.346123
-81.774384 72.017362 -184.921489
-81.194030 70.151116 -184.496856
-80.613676 68.284869 -184.072222
-80.033322 66.418623 -183.647589
-79.452969 64.552376 -183.222955
-78.872615 62.686130 -182.798322
-78.292261 60.819883 -182.373688
-77.711907 58.953637 -181.949055
-77.131553 57.087390 -181.524421
-76.551200 55.221144 -181.099788
-75.970846 53.354898 -180.675154
-75.390492 51.488651 -180.250520
-74.810138 49.622405 -179.825887
-74.229784 47.756158 -179.401253
-73.649430 45.889912 -178.976620
-73.069077 44.023665 -178.551986
-72.488723 42.157419 -178.127353
-71.908369 40.291172 -177.702719
-71.328015 38.424926 -177.278086
-70.747661 36.558680 -176.853452
-70.167307 34.692433 -176.428818
-69.586954 32.826187 -176.004185
-69.006600 30.959940 -175.579551
-68.426246 29.093694 -175.154918
-67.845892 27.227447 -174.730284
-67.265538 25.361201 -174.305651
-66.685184 23.494954 -173.881017
-66.104831 21.628708 -173.456384
-65.524477 19.762462 -173.031750
-64.944123 17.896215 -172.607116
-64.363769 16.029969 -172.182483
-63.783415 14.163722 -171.757849
-63.203061 12.297476 -171.333216
-62.622708 10.431229 -170.908582
-62.042354 8.564983 -170.483949
-61.462000 6.698737 -170.059315
-60.881646 4.832490 -169.634682
-60.301292 2.966244 -169.210048
-59.720939 1.099997 -168.785414
-59.140585 -0.766249 -168.360781
-58.560231 -2.632496 -167.936147
-57.979877 -4.498742 -167.511514
-57.399523 -6.364989 -167.086880
-56.819169 -8.231235 -166.662247
-56.238816 -10.097481 -166.237613
-55.658462 -11.963728 -165.812980
-55.078108 -13.829974 -165.388346
-54.497754 -15.696221 -164.963713
-53.917400 -17.562467 -164.539079
-53.337046 -19.428714 -164.114445
-52.756693 -21.294960 -163.689812
-52.176339 -23.161207 -163.265178
-51.595985 -25.027453 -162.840545
-51.015631 -26.893699 -162.415911
-50.435277 -28.759946 -161.991278
-49.854923 -30.626192 -161.566644
-49.274570 -32.492439 -161.142011
-48.694216 -34.358685 -160.717377
-48.113862 -36.224932 -160.292743
-47.533508 -38.091178 -159.868110
-46.953154 -39.957425 -159.443476
-46.372801 -41.823671 -159.018843
-45.792447 -43.689917 -158.594209
-96.410305 -196.813609 110.767917
-96.955861 -195.327006 109.546287
-97.501416 -193.840402 108.324657
-98.046972 -192.353799 107.103027
-98.592527 -190.867196 105.881397
-99.138083 -189.380592 104.659767
-99.683638 -187.893989 103.438137
-100.229194 -186.407385 102.216507
-100.774749 -184.920782 100.994877
-101.320304 -183.434179 99.773247
-101.865860 -181.947575 98.551618
-102.411415 -180.460972 97.329988
-102.956971 -178.974369 96.108358
-103.502526 -177.487765 94.886728
-104.048082 -176.001162 93.665098
-104.593637 -174.514558 92.443468
-105.139193 -173.027955 91.221838
-105.684748 -171.541352 90.000208
-106.230304 -170.054748 88.778578
-106.775859 -168.568145 87.556948
-107.321415 -167.081542 86.335318
-107.866970 -165.594938 85.113689
-108.412526 -164.108335 83.892059
-108.958081 -162.621731 82.670429
-109.503637 -161.135128 81.448799
-110.049192 -159.648525 80.227169
-110.594747 -158.161921 79.005539
-111.140303 -156.675318 77.783909
-111.685858 -155.188715 76.562279
-112.231414 -153.702111 75.340649
-112.776969 -152.215508 74.119019
-113.322525 -150.728904 72.897389
-113.868080 -149.242301 71.675760
-114.413636 -147.755698 70.454130
-114.959191 -146.269094 69.232500
-115.504747 -144.782491 68.010870
-116.050302 -143.295888 66.789240
-116.595858 -141.809284 65.567610
-117.141413 -140.322681 64.345980
-117.686969 -138.836077 63.124350
-118.232524 -137.349474 61.902720
-118.778079 -135.862871 60.681090
-119.323635 -134.376267 59.459461
-119.869190 -132.889664 58.237831
-120.414746 -131.403060 57.016201
-120.960301 -129.916457 55.794571
-121.505857 -128.429854 54.572941
-122.051412 -126.943250 53.351311
-122.596968 -125.456647 52.129681
-123.142523 -123.970044 50.908051
-123.688079 -122.483440 49.686421
-124.233634 -120.996837 48.464791
-124.779190 -119.510233 47.243161
-125.324745 -118.023630 46.021532
-125.870301 -116.537027 44.799902
-126.415856 -115.050423 43.578272
-126.961411 -113.563820 42.356642
-127.506967 -112.077217 41.135012
-128.052522 -110.590613 39.913382
-128.598078 -109.104010 38.691752
-129.143633 -107.617406 37.470122
-129.689189 -106.130803 36.248492
-130.234744 -104.644200 35.026862
-130.780300 -103.157596 33.805232
-131.325855 -101.670993 32.583603
-131.871411 -100.184390 31.361973
-132.416966 -98.697786 30.140343
-132.962522 -97.211183 28.918713
-133.508077 -95.724579 27.697083
-134.053633 -94.237976 26.475453
-252.675545 -127.238059 59.296661
-250.900578 -126.322898 59.187239
-249.125612 -125.407736 59.077816
-247.350645 -124.492575 58.968394
-245.575678 -123.577414 58.858972
-243.800712 -122.662253 58.749549
-242.025745 -121.747091 58.640127
-240.250778 -120.831930 58.530705
-238.475812 -119.916769 58.421282
-236.700845 -119.001608 58.311860
-234.925878 -118.086447 58.202438
-233.150912 -117.171285 58.093015
-231.375945 -116.256124 57.983593
-229.600978 -115.340963 57.874170
-227.826012 -114.425802 57.764748
-226.051045 -113.510640 57.655326
-224.276078 -112.595479 57.545903
-222.501112 -111.680318 57.436481
-220.726145 -110.765157 57.327059
-218.951178 -109.849996 57.217636
-217.176212 -108.934834 57.108214
-215.401245 -108.019673 56.998792
-213.626278 -107.104512 56.889369
-211.851312 -106.189351 56.779947
-210.076345 -105.274189 56.670525
-208.301378 -104.359028 56.561102
-206.526412 -103.443867 56.451680
-204.751445 -102.528706 56.342257
-202.976478 -101.613545 56.232835
-201.201512 -100.698383 56.123413
-199.426545 -99.783222 56.013990
-197.651578 -98.868061 55.904568
-195.876612 -97.952900 55.795146
-194.101645 -97.037738 55.685723
-192.326678 -96.122577 55.576301
-190.551712 -95.207416 55.466879
-188.776745 -94.292255 55.357456
-187.001778 -93.377094 55.248034
-185.226812 -92.461932 55.138611
-183.451845 -91.546771 55.029189
-181.676878 -90.631610 54.919767
-179.901912 -89.716449 54.810344
-178.126945 -88.801287 54.700922
-176.351978 -87.886126 54.591500
-174.577012 -86.970965 54.482077
-172.802045 -86.055804 54.372655
-171.027078 -85.140643 54.263233
-169.252112 -84.225481 54.153810
-167.477145 -83.310320 54.044388
-165.702178 -82.395159 53.934965
-163.927212 -81.479998 53.825543
-162.152245 -80.564836 53.716121
-160.377278 -79.649675 53.606698
-158.602312 -78.734514 53.497276
-156.827345 -77.819353 53.387854
-155.052378 -76.904191 53.278431
-153.277412 -75.989030 53.169009
-151.502445 -75.073869 53.059587
-149.727478 -74.158708 52.950164
-147.952511 -73.243547 52.840742
-146.177545 -72.328385 52.731319
-144.402578 -71.413224 52.621897
-142.627611 -70.498063 52.512475
-140.852645 -69.582902 52.403052
-139.077678 -68.667740 52.293630
-137.302711 -67.752579 52.184208
-135.527745 -66.837418 52.074785
-133.752778 -65.922257 51.965363
-131.977811 -65.007096 51.855941
-130.202845 -64.091934 51.746518
28.509592 -135.517871 298.762632
27.832614 -133.637700 298.681048
27.155637 -131.757528 298.599464
26.478659 -129.877357 298.517879
25.801682 -127.997185 298.436295
25.124704 -126.117013 298.354711
24.447727 -124.236842 298.273126
23.770749 -122.356670 298.191542
23.093772 -120.476498 298.109958
22.416794 -118.596327 298.028374
21.739816 -116.716155 297.946789
21.062839 -114.835983 297.865205
20.385861 -112.955812 297.783621
19.708884 -111.075640 297.702036
19.031906 -109.195468 297.620452
18.354929 -107.315297 297.538868
17.677951 -105.435125 297.457283
17.000974 -103.554954 297.375699
16.323996 -101.674782 297.294115
15.647019 -99.794610 297.212530
14.970041 -97.914439 297.130946
14.293063 -96.034267 297.049362
13.616086 -94.154095 296.967778
12.939108 -92.273924 296.886193
12.262131 -90.393752 296.804609
11.585153 -88.513580 296.723025
10.908176 -86.633409 296.641440
10.231198 -84.753237 296.559856
9.554221 -82.873066 296.478272
8.877243 -80.992894 296.396687
8.200265 -79.112722 296.315103
7.523288 -77.232551 296.233519
6.846310 -75.352379 296.151934
6.169333 -73.472207 296.070350
5.492355 -71.592036 295.988766
4.815378 -69.711864 295.907182
4.138400 -67.831692 295.825597
3.461423 -65.951521 295.744013
2.784445 -64.071349 295.662429
2.107468 -62.191177 295.580844
1.430490 -60.311006 295.499260
0.753512 -58.430834 295.417676
0.076535 -56.550663 295.336091
-0.600443 -54.670491 295.254507
-1.277420 -52.790319 295.172923
-1.954398 -50.910148 295.091338
-2.631375 -49.029976 295.009754
-3.308353 -47.149804 294.928170
-3.985330 -45.269633 294.846585
-4.662308 -43.389461 294.765001
-5.339285 -41.509289 294.683417
-6.016263 -39.629118 294.601833
-6.693241 -37.748946 294.520248
-7.370218 -35.868774 294.438664
-8.047196 -33.988603 294.357080
-8.724173 -32.108431 294.275495
-9.401151 -30.228260 294.193911
-10.078128 -28.348088 294.112327
-10.755106 -26.467916 294.030742
-11.432083 -24.587745 293.949158
-12.109061 -22.707573 293.867574
-12.786039 -20.827401 293.785989
-13.463016 -18.947230 293.704405
-14.139994 -17.067058 293.622821
-14.816971 -15.186886 293.541237
-15.493949 -13.306715 293.459652
-16.170926 -11.426543 293.378068
-16.847904 -9.546372 293.296484
-17.524881 -7.666200 293.214899
-18.201859 -5.786028 293.133315
-191.643059 -111.916680 14.776864
-192.538838 -110.130490 14.692579
-193.434617 -108.344299 14.608293
-194.330396 -106.558109 14.524008
-195.226175 -104.771919 14.439723
-196.121954 -102.985728 14.355437
-197.017733 -101.199538 14.271152
-197.913512 -99.413348 14.186867
-198.809291 -97.627157 14.102581
-199.705070 -95.840967 14.018296
-200.600849 -94.054776 13.934011
-201.496628 -92.268586 13.849725
-202.392407 -90.482396 13.765440
-203.288186 -88.696205 13.681155
-204.183965 -86.910015 13.596869
-205.079744 -85.123825 13.512584
-205.975523 -83.337634 13.428299
-206.871302 -81.551444 13.344013
-207.767081 -79.765254 13.259728
-208.662860 -77.979063 13.175443
-209.558639 -76.192873 13.091157
-210.454418 -74.406683 13.006872
-211.350197 -72.620492 12.922587
-212.245976 -70.834302 12.838301
-213.141755 -69.048112 12.754016
-214.037534 -67.261921 12.669731
-214.933313 -65.475731 12.585445
-215.829092 -63.689540 12.501160
-216.724871 -61.903350 12.416874
-217.620649 -60.117160 12.332589
-218.516428 -58.330969 12.248304
-219.412207 -56.544779 12.164018
-220.307986 -54.758589 12.079733
-221.203765 -52.972398 11.995448
-222.099544 -51.186208 11.911162
-222.995323 -49.400018 11.826877
-223.891102 -47.613827 11.742592
-224.786881 -45.827637 11.658306
-225.682660 -44.041447 11.574021
-226.578439 -42.255256 11.489736
-227.474218 -40.469066 11.405450
-228.369997 -38.682875 11.321165
-229.265776 -36.896685 11.236880
-230.161555 -35.110495 11.152594
-231.057334 -33.324304 11.068309
-231.953113 -31.538114 10.984024
-232.848892 -29.751924 10.899738
-233.744671 -27.965733 10.815453
-234.640450 -26.179543 10.731168
-235.536229 -24.393353 10.646882
-236.432008 -22.607162 10.562597
-237.327787 -20.820972 10.478312
-238.223566 -19.034782 10.394026
-239.119345 -17.248591 10.309741
-240.015124 -15.462401 10.225456
-240.910903 -13.676211 10.141170
-241.806682 -11.890020 10.056885
-242.702461 -10.103830 9.972599
-243.598240 -8.317639 9.888314
-244.494019 -6.531449 9.804029
-245.389798 -4.745259 9.719743
-246.285577 -2.959068 9.635458
-247.181356 -1.172878 9.551173
-248.077135 0.613312 9.466887
-248.972914 2.399503 9.382602
-249.868693 4.185693 9.298317
-250.764472 5.971883 9.214031
-251.660251 7.758074 9.129746
-252.556030 9.544264 9.045461
-253.451809 11.330454 8.961175
-222.095188 88.965305 239.751386
-220.452916 87.929800 239.271100
-218.810645 86.894295 238.790815
-217.168374 85.858789 238.310529
-215.526103 84.823284 237.830244
-213.883831 83.787779 237.349958
-212.241560 82.752274 236.869673
-210.599289 81.716769 236.389387
-208.957017 80.681264 235.909102
-207.314746 79.645759 235.428816
-205.672475 78.610254 234.948531
-204.030203 77.574749 234.468245
-202.387932 76.539244 233.987960
-200.745661 75.503739 233.507674
-199.103389 74.468234 233.027389
-197.461118 73.432729 232.547103
-195.818847 72.397223 232.066818
-194.176576 71.361718 231.586532
-192.534304 70.326213 231.106246
-190.892033 69.290708 230.625961
-189.249762 68.255203 230.145675
-187.607490 67.219698 229.665390
-185.965219 66.184193 229.185104
-184.322948 65.148688 228.704819
-182.680676 64.113183 228.224533
-181.038405 63.077678 227.744248
-179.396134 62.042173 227.263962
-177.753862 61.006668 226.783677
-176.111591 59.971163 226.303391
-174.469320 58.935657 225.823106
-172.827048 57.900152 225.342820
-171.184777 56.864647 224.862535
-169.542506 55.829142 224.382249
-167.900235 54.793637 223.901964
-166.257963 53.758132 223.421678
-164.615692 52.722627 222.941393
-162.973421 51.687122 222.461107
-161.331149 50.651617 221.980822
-159.688878 49.616112 221.500536
-158.046607 48.580607 221.020251
-156.404335 47.545102 220.539965
-154.762064 46.509597 220.059679
-153.119793 45.474091 219.579394
-151.477521 44.438586 219.099108
-149.835250 43.403081 218.618823
-148.192979 42.367576 218.138537
-146.550708 41.332071 217.658252
-144.908436 40.296566 217.177966
-143.266165 39.261061 216.697681
-141.623894 38.225556 216.217395
-139.981622 37.190051 215.737110
-138.339351 36.154546 215.256824
-136.697080 35.119041 214.776539
-135.054808 34.083536 214.296253
-133.412537 33.048031 213.815968
-131.770266 32.012525 213.335682
-130.127994 30.977020 212.855397
-128.485723 29.941515 212.375111
-126.843452 28.906010 211.894826
-125.201181 27.870505 211.414540
-123.558909 26.835000 210.934255
-121.916638 25.799495 210.453969
-120.274367 24.763990 209.973684
-118.632095 23.728485 209.493398
-116.989824 22.692980 209.013112
-115.347553 21.657475 208.532827
-113.705281 20.621970 208.052541
-112.063010 19.586465 207.572256
-110.420739 18.550959 207.091970
-108.778467 17.515454 206.611685
-247.052759 185.132976 240.731033
-247.338298 183.215779 240.238265
-247.623838 181.298581 239.745496
-247.909377 179.381384 239.252728
-248.194917 177.464186 238.759959
-248.480456 175.546989 238.267191
-248.765996 173.629791 237.774422
-249.051535 171.712594 237.281654
-249.337075 169.795396 236.788885
-249.622614 167.878198 236.296116
-249.908154 165.961001 235.803348
-250.193693 164.043803 235.310579
-250.479233 162.126606 234.817811
-250.764772 160.209408 234.325042
-251.050311 158.292211 233.832274
-251.335851 156.375013 233.339505
-251.621390 154.457816 232.846737
-251.906930 152.540618 232.353968
-252.192469 150.623421 231.861200
-252.478009 148.706223 231.368431
-252.763548 146.789026 230.875662
-253.049088 144.871828 230.382894
-253.334627 142.954631 229.890125
-253.620167 141.037433 229.397357
-253.905706 139.120236 228.904588
-254.191246 137.203038 228.411820
-254.476785 135.285840 227.919051
-254.762325 133.368643 227.426283
-255.047864 131.451445 226.933514
-255.333404 129.534248 226.440746
-255.618943 127.617050 225.947977
-255.904483 125.699853 225.455208
-256.190022 123.782655 224.962440
-256.475562 121.865458 224.469671
-256.761101 119.948260 223.976903
-257.046641 118.031063 223.484134
-257.332180 116.113865 222.991366
-257.617720 114.196668 222.498597
-257.903259 112.279470 222.005829
-258.188799 110.362273 221.513060
-258.474338 108.445075 221.020292
-258.759878 106.527878 220.527523
-259.045417 104.610680 220.034755
-259.330956 102.693482 219.541986
-259.616496 100.776285 219.049217
-259.902035 98.859087 218.556449
-260.187575 96.941890 218.063680
-260.473114 95.024692 217.570912
-260.758654 93.107495 217.078143
-261.044193 91.190297 216.585375
-261.329733 89.273100 216.092606
-261.615272 87.355902 215.599838
-261.900812 85.438705 215.107069
-262.186351 83.521507 214.614301
-262.471891 81.604310 214.121532
-262.757430 79.687112 213.628763
-263.042970 77.769915 213.135995
-263.328509 75.852717 212.643226
-263.614049 73.935520 212.150458
-263.899588 72.018322 211.657689
-264.185128 70.101124 211.164921
-264.470667 68.183927 210.672152
-264.756207 66.266729 210.179384
-265.041746 64.349532 209.686615
-265.327286 62.432334 209.193847
-265.612825 60.515137 208.701078
-265.898365 58.597939 208.208309
-266.183904 56.680742 207.715541
-266.469444 54.763544 207.222772
-266.754983 52.846347 206.730004
-208.566912 15.592436 -159.888141
-208.409426 13.615055 -159.632873
-208.251941 11.637674 -159.377604
-208.094455 9.660293 -159.122335
-207.936969 7.682912 -158.867066
-207.779483 5.705531 -158.611797
-207.621997 3.728149 -158.356528
-207.464511 1.750768 -158.101259
-207.307025 -0.226613 -157.845991
-207.149539 -2.203994 -157.590722
-206.992053 -4.181375 -157.335453
-206.834567 -6.158756 -157.080184
-206.677081 -8.136137 -156.824915
-206.519596 -10.113518 -156.569646
-206.362110 -12.090899 -156.314377
-206.204624 -14.068280 -156.059109
-206.047138 -16.045662 -155.803840
-205.889652 -18.023043 -155.548571
-205.732166 -20.000424 -155.293302
-205.574680 -21.977805 -155.038033
-205.417194 -23.955186 -154.782764
-205.259708 -25.932567 -154.527496
-205.102222 -27.909948 -154.272227
-204.944737 -29.887329 -154.016958
-204.787251 -31.864710 -153.761689
-204.629765 -33.842091 -153.506420
-204.472279 -35.819473 -153.251151
-204.314793 -37.796854 -152.995882
-204.157307 -39.774235 -152.740614
-203.999821 -41.751616 -152.485345
-203.842335 -43.728997 -152.230076
-203.684849 -45.706378 -151.974807
-203.527363 -47.683759 -151.719538
-203.369877 -49.661140 -151.464269
-203.212392 -51.638521 -151.209000
-203.054906 -53.615902 -150.953732
-202.897420 -55.593283 -150.698463
-202.739934 -57.570665 -150.443194
-202.582448 -59.548046 -150.187925
-202.424962 -61.525427 -149.932656
-202.267476 -63.502808 -149.677387
-202.109990 -65.480189 -149.422118
-201.952504 -67.457570 -149.166850
-201.795018 -69.434951 -148.911581
-201.637532 -71.412332 -148.656312
-201.480047 -73.389713 -148.401043
-201.322561 -75.367094 -148.145774
-201.165075 -77.344476 -147.890505
-201.007589 -79.321857 -147.635237
-200.850103 -81.299238 -147.379968
-200.692617 -83.276619 -147.124699
-200.535131 -85.254000 -146.869430
-200.377645 -87.231381 -146.614161
-200.220159 -89.208762 -146.358892
-200.062673 -91.186143 -146.103623
-199.905188 -93.163524 -145.848355
-199.747702 -95.140905 -145.593086
-199.590216 -97.118287 -145.337817
-199.432730 -99.095668 -145.082548
-199.275244 -101.073049 -144.827279
-199.117758 -103.050430 -144.572010
-198.960272 -105.027811 -144.316741
-198.802786 -107.005192 -144.061473
-198.645300 -108.982573 -143.806204
-198.487814 -110.959954 -143.550935
-198.330328 -112.937335 -143.295666
-198.172843 -114.914716 -143.040397
-198.015357 -116.892098 -142.785128
-197.857871 -118.869479 -142.529860
-197.700385 -120.846860 -142.274591
208.194230 114.784283 -39.092498
208.125030 116.768441 -39.334011
208.055829 118.752599 -39.575524
207.986628 120.736757 -39.817037
207.917427 122.720915 -40.058549
207.848227 124.705073 -40.300062
207.779026 126.689231 -40.541575
207.709825 128.673389 -40.783088
207.640624 130.657547 -41.024600
207.571424 132.641705 -41.266113
207.502223 134.625863 -41.507626
207.433022 136.610020 -41.749139
207.363821 138.594178 -41.990651
207.294621 140.578336 -42.232164
207.225420 142.562494 -42.473677
207.156219 144.546652 -42.715190
207.087018 146.530810 -42.956702
207.017818 148.514968 -43.198215
206.948617 150.499126 -43.439728
206.879416 152.483284 -43.681241
206.810215 154.467442 -43.922753
206.741015 156.451600 -44.164266
206.671814 158.435758 -44.405779
206.602613 160.419916 -44.647291
206.533412 162.404074 -44.888804
206.464212 164.388232 -45.130317
206.395011 166.372390 -45.371830
206.325810 168.356548 -45.613342
206.256609 170.340706 -45.854855
206.187409 172.324864 -46.096368
206.118208 174.309022 -46.337881
206.049007 176.293180 -46.579393
205.979806 178.277338 -46.820906
205.910605 180.261496 -47.062419
205.841405 182.245654 -47.303932
205.772204 184.229812 -47.545444
205.703003 186.213970 -47.786957
205.633802 188.198128 -48.028470
205.564602 190.182286 -48.269983
205.495401 192.166444 -48.511495
205.426200 194.150602 -48.753008
205.356999 196.134760 -48.994521
205.287799 198.118918 -49.236034
205.218598 200.103076 -49.477546
205.149397 202.087234 -49.719059
205.080196 204.071391 -49.960572
205.010996 206.055549 -50.202085
204.941795 208.039707 -50.443597
204.872594 210.023865 -50.685110
204.803393 212.008023 -50.926623
204.734193 213.992181 -51.168136
204.664992 215.976339 -51.409648
204.595791 217.960497 -51.651161
204.526590 219.944655 -51.892674
204.457390 221.928813 -52.134186
204.388189 223.912971 -52.375699
204.318988 225.897129 -52.617212
204.249787 227.881287 -52.858725
204.180587 229.865445 -53.100237
204.111386 231.849603 -53.341750
204.042185 233.833761 -53.583263
203.972984 235.817919 -53.824776
203.903784 237.802077 -54.066288
203.834583 239.786235 -54.307801
203.765382 241.770393 -54.549314
203.696181 243.754551 -54.790827
203.626981 245.738709 -55.032339
203.557780 247.722867 -55.273852
203.488579 249.707025 -55.515365
203.419378 251.691183 -55.756878
-119.230919 126.193185 45.649303
-119.533320 128.080621 46.237641
-119.835720 129.968056 46.825979
-120.138121 131.855491 47.414317
-120.440521 133.742927 48.002655
-120.742922 135.630362 48.590993
-121.045323 137.517797 49.179331
-121.347723 139.405233 49.767669
-121.650124 141.292668 50.356007
-121.952524 143.180104 50.944345
-122.254925 145.067539 51.532683
-122.557325 146.954974 52.121021
-122.859726 148.842410 52.709359
-123.162126 150.729845 53.297697
-123.464527 152.617280 53.886035
-123.766928 154.504716 54.474373
-124.069328 156.392151 55.062711
-124.371729 158.279587 55.651049
-124.674129 160.167022 56.239387
-124.976530 162.054457 56.827725
-125.278930 163.941893 57.416063
-125.581331 165.829328 58.004401
-125.883731 167.716764 58.592739
-126.186132 169.604199 59.181077
-126.488533 171.491634 59.769415
-126.790933 173.379070 60.357753
-127.093334 175.266505 60.946091
-127.395734 177.153940 61.534429
-127.698135 179.041376 62.122767
-128.000535 180.928811 62.711105
-128.302936 182.816247 63.299443
-128.605337 184.703682 63.887781
-128.907737 186.591117 64.476119
-129.210138 188.478553 65.064457
-129.512538 190.365988 65.652795
-129.814939 192.253423 66.241133
-130.117339 194.140859 66.829471
-130.419740 196.028294 67.417809
-130.722140 197.915730 68.006147
-131.024541 199.803165 68.594485
-131.326942 201.690600 69.182823
-131.629342 203.578036 69.771161
-131.931743 205.465471 70.359499
-132.234143 207.352906 70.947837
-132.536544 209.240342 71.536175
-132.838944 211.127777 72.124513
-133.141345 213.015213 72.712851
-133.443746 214.902648 73.301189
-133.746146 216.790083 73.889527
-134.048547 218.677519 74.477865
-134.350947 220.564954 75.066203
-134.653348 222.452389 75.654541
-134.955748 224.339825 76.242879
-135.258149 226.227260 76.831217
-135.560549 228.114696 77.419555
-135.862950 230.002131 78.007893
-136.165351 231.889566 78.596231
-136.467751 233.777002 79.184569
-136.770152 235.664437 79.772907
-137.072552 237.551872 80.361245
-137.374953 239.439308 80.949583
-137.677353 241.326743 81.537921
-137.979754 243.214179 82.126259
-138.282154 245.101614 82.714597
-138.584555 246.989049 83.302935
-138.886956 248.876485 83.891273
-139.189356 250.763920 84.479611
-139.491757 252.651355 85.067949
-139.794157 254.538791 85.656287
-140.096558 256.426226 86.244625
93.845006 21.938472 214.310728
93.467404 22.030920 212.348875
93.089801 22.123368 210.387021
92.712198 22.215817 208.425167
92.334596 22.308265 206.463314
91.956993 22.400713 204.501460
91.579390 22.493161 202.539607
91.201788 22.585609 200.577753
90.824185 22.678057 198.615899
90.446583 22.770505 196.654046
90.068980 22.862953 194.692192
89.691377 22.955401 192.730339
89.313775 23.047849 190.768485
88.936172 23.140297 188.806631
88.558570 23.232745 186.844778
88.180967 23.325193 184.882924
87.803364 23.417641 182.921070
87.425762 23.510089 180.959217
87.048159 23.602537 178.997363
86.670556 23.694985 177.035510
86.292954 23.787433 175.073656
85.915351 23.879881 173.111802
85.537749 23.972329 171.149949
85.160146 24.064777 169.188095
84.782543 24.157225 167.226241
84.404941 24.249673 165.264388
84.027338 24.342121 163.302534
83.649735 24.434570 161.340681
83.272133 24.527018 159.378827
82.894530 24.619466 157.416973
82.516928 24.711914 155.455120
82.139325 24.804362 153.493266
81.761722 24.896810 151.531413
81.384120 24.989258 149.569559
81.006517 25.081706 147.607705
80.628915 25.174154 145.645852
80.251312 25.266602 143.683998
79.873709 25.359050 141.722144
79.496107 25.451498 139.760291
79.118504 25.543946 137.798437
78.740901 25.636394 135.836584
78.363299 25.728842 133.874730
77.985696 25.821290 131.912876
77.608094 25.913738 129.951023
77.230491 26.006186 127.989169
76.852888 26.098634 126.027315
76.475286 26.191082 124.065462
76.097683 26.283530 122.103608
75.720080 26.375978 120.141755
75.342478 26.468426 118.179901
74.964875 26.560875 116.218047
74.587273 26.653323 114.256194
74.209670 26.745771 112.294340
73.832067 26.838219 110.332487
73.454465 26.930667 108.370633
73.076862 27.023115 106.408779
72.699260 27.115563 104.446926
72.321657 27.208011 102.485072
71.944054 27.300459 100.523218
71.566452 27.392907 98.561365
71.188849 27.485355 96.599511
70.811246 27.577803 94.637658
70.433644 27.670251 92.675804
70.056041 27.762699 90.713950
69.678439 27.855147 88.752097
69.300836 27.947595 86.790243
68.923233 28.040043 84.828389
68.545631 28.132491 82.866536
68.168028 28.224939 80.904682
67.790425 28.317387 78.942829
133.199946 76.317742 286.825459
133.583358 77.861296 285.612843
133.966770 79.404849 284.400226
134.350181 80.948402 283.187610
134.733593 82.491955 281.974993
135.117005 84.035508 280.762376
135.500417 85.579062 279.549760
135.883829 87.122615 278.337143
136.267241 88.666168 277.124527
136.650653 90.209721 275.911910
137.034064 91.753274 274.699294
137.417476 93.296828 273.486677
137.800888 94.840381 272.274061
138.184300 96.383934 271.061444
138.567712 97.927487 269.848827
138.951124 99.471040 268.636211
139.334536 101.014593 267.423594
139.717947 102.558147 266.210978
140.101359 104.101700 264.998361
140.484771 105.645253 263.785745
140.868183 107.188806 262.573128
141.251595 108.732359 261.360512
141.635007 110.275913 260.147895
142.018419 111.819466 258.935278
142.401831 113.363019 257.722662
142.785242 114.906572 256.510045
143.168654 116.450125 255.297429
143.552066 117.993678 254.084812
143.935478 119.537232 252.872196
144.318890 121.080785 251.659579
144.702302 122.624338 250.446963
145.085714 124.167891 249.234346
145.469125 125.711444 248.021729
145.852537 127.254998 246.809113
146.235949 128.798551 245.596496
146.619361 130.342104 244.383880
147.002773 131.885657 243.171263
147.386185 133.429210 241.958647
147.769597 134.972763 240.746030
148.153008 136.516317 239.533414
148.536420 138.059870 238.320797
148.919832 139.603423 237.108180
149.303244 141.146976 235.895564
149.686656 142.690529 234.682947
150.070068 144.234083 233.470331
150.453480 145.777636 232.257714
150.836891 147.321189 231.045098
151.220303 148.864742 229.832481
151.603715 150.408295 228.619865
151.987127 151.951849 227.407248
152.370539 153.495402 226.194631
152.753951 155.038955 224.982015
153.137363 156.582508 223.769398
153.520775 158.126061 222.556782
153.904186 159.669614 221.344165
154.287598 161.213168 220.131549
154.671010 162.756721 218.918932
155.054422 164.300274 217.706316
155.437834 165.843827 216.493699
155.821246 167.387380 215.281082
156.204658 168.930934 214.068466
156.588069 170.474487 212.855849
156.971481 172.018040 211.643233
157.354893 173.561593 210.430616
157.738305 175.105146 209.218000
158.121717 176.648699 208.005383
158.505129 178.192253 206.792767
158.888541 179.735806 205.580150
159.271952 181.279359 204.367533
159.655364 182.822912 203.154917
44.043087 -203.306634 42.447435
44.707096 -201.421126 42.510274
45.371106 -199.535617 42.573114
46.035115 -197.650108 42.635954
46.699124 -195.764600 42.698794
47.363134 -193.879091 42.761633
48.027143 -191.993583 42.824473
48.691152 -190.108074 42.887313
49.355162 -188.222565 42.950152
50.019171 -186.337057 43.012992
50.683180 -184.451548 43.075832
51.347190 -182.566039 43.138672
52.011199 -180.680531 43.201511
52.675208 -178.795022 43.264351
53.339217 -176.909513 43.327191
54.003227 -175.024005 43.390031
54.667236 -173.138496 43.452870
55.331245 -171.252988 43.515710
55.995255 -169.367479 43.578550
56.659264 -167.481970 43.641389
57.323273 -165.596462 43.704229
57.987283 -163.710953 43.767069
58.651292 -161.825444 43.829909
59.315301 -159.939936 43.892748
59.979311 -158.054427 43.955588
60.643320 -156.168918 44.018428
61.307329 -154.283410 44.081268
61.971339 -152.397901 44.144107
62.635348 -150.512393 44.206947
63.299357 -148.626884 44.269787
63.963366 -146.741375 44.332627
64.627376 -144.855867 44.395466
65.291385 -142.970358 44.458306
65.955394 -141.084849 44.521146
66.619404 -139.199341 44.583985
67.283413 -137.313832 44.646825
67.947422 -135.428324 44.709665
68.611432 -133.542815 44.772505
69.275441 -131.657306 44.835344
69.939450 -129.771798 44.898184
70.603460 -127.886289 44.961024
71.267469 -126.000780 45.023864
71.931478 -124.115272 45.086703
72.595488 -122.229763 45.149543
73.259497 -120.344254 45.212383
73.923506 -118.458746 45.275222
74.587515 -116.573237 45.338062
75.251525 -114.687729 45.400902
75.915534 -112.802220 45.463742
76.579543 -110.916711 45.526581
77.243553 -109.031203 45.589421
77.907562 -107.145694 45.652261
78.571571 -105.260185 45.715101
79.235581 -103.374677 45.777940
79.899590 -101.489168 45.840780
80.563599 -99.603660 45.903620
81.227609 -97.718151 45.966460
81.891618 -95.832642 46.029299
82.555627 -93.947134 46.092139
83.219637 -92.061625 46.154979
83.883646 -90.176116 46.217818
84.547655 -88.290608 46.280658
85.211664 -86.405099 46.343498
85.875674 -84.519590 46.406338
86.539683 -82.634082 46.469177
87.203692 -80.748573 46.532017
87.867702 -78.863065 46.594857
88.531711 -76.977556 46.657697
89.195720 -75.092047 46.720536
89.859730 -73.206539 46.783376
-198.019817 -215.447547 5.273841
-197.466588 -215.976962 7.121450
-196.913359 -216.506377 8.969059
-196.360130 -217.035792 10.816667
-195.806901 -217.565207 12.664276
-195.253672 -218.094622 14.511885
-194.700443 -218.624036 16.359493
-194.147214 -219.153451 18.207102
-193.593986 -219.682866 20.054710
-193.040757 -220.212281 21.902319
-192.487528 -220.741696 23.749928
-191.934299 -221.271111 25.597536
-191.381070 -221.800525 27.445145
-190.827841 -222.329940 29.292754
-190.274612 -222.859355 31.140362
-189.721383 -223.388770 32.987971
-189.168154 -223.918185 34.835580
-188.614925 -224.447600 36.683188
-188.061696 -224.977014 38.530797
-187.508467 -225.506429 40.378405
-186.955238 -226.035844 42.226014
-186.402009 -226.565259 44.073623
-185.848780 -227.094674 45.921231
-185.295551 -227.624089 47.768840
-184.742322 -228.153504 49.616449
-184.189093 -228.682918 51.464057
-183.635864 -229.212333 53.311666
-183.082636 -229.741748 55.159274
-182.529407 -230.271163 57.006883
-181.976178 -230.800578 58.854492
-181.422949 -231.329993 60.702100
-180.869720 -231.859407 62.549709
-180.316491 -232.388822 64.397318
-179.763262 -232.918237 66.244926
-179.210033 -233.447652 68.092535
-178.656804 -233.977067 69.940144
-178.103575 -234.506482 71.787752
-177.550346 -235.035896 73.635361
-176.997117 -235.565311 75.482969
-176.443888 -236.094726 77.330578
-175.890659 -236.624141 79.178187
-175.337430 -237.153556 81.025795
-174.784201 -237.682971 82.873404
-174.230972 -238.212385 84.721013
-173.677743 -238.741800 86.568621
-173.124514 -239.271215 88.416230
-172.571285 -239.800630 90.263838
-172.018057 -240.330045 92.111447
-171.464828 -240.859460 93.959056
-170.911599 -241.388874 95.806664
-170.358370 -241.918289 97.654273
-169.805141 -242.447704 99.501882
-169.251912 -242.977119 101.349490
-168.698683 -243.506534 103.197099
-168.145454 -244.035949 105.044708
-167.592225 -244.565364 106.892316
-167.038996 -245.094778 108.739925
-166.485767 -245.624193 110.587533
-165.932538 -246.153608 112.435142
-165.379309 -246.683023 114.282751
-164.826080 -247.212438 116.130359
-164.272851 -247.741853 117.977968
-163.719622 -248.271267 119.825577
-163.166393 -248.800682 121.673185
-162.613164 -249.330097 123.520794
-162.059935 -249.859512 125.368403
-161.506707 -250.388927 127.216011
-160.953478 -250.918342 129.063620
-160.400249 -251.447756 130.911228
-159.847020 -251.977171 132.758837
-204.520921 22.051641 51.425578
-204.044468 23.919317 51.959224
-203.568014 25.786993 52.492870
-203.091560 27.654669 53.026516
-202.615106 29.522345 53.560163
-202.138653 31.390021 54.093809
-201.662199 33.257697 54.627455
-201.185745 35.125373 55.161101
-200.709291 36.993049 55.694747
-200.232838 38.860725 56.228394
-199.756384 40.728401 56.762040
-199.279930 42.596077 57.295686
-198.803476 44.463753 57.829332
-198.327022 46.331429 58.362978
-197.850569 48.199105 58.896625
-197.374115 50.066781 59.430271
-196.897661 51.934457 59.963917
-196.421207 53.802133 60.497563
-195.944754 55.669809 61.031209
-195.468300 57.537485 61.564855
-194.991846 59.405161 62.098502
-194.515392 61.272837 62.632148
-194.038938 63.140513 63.165794
-193.562485 65.008189 63.699440
-193.086031 66.875865 64.233086
-192.609577 68.743541 64.766733
-192.133123 70.611217 65.300379
-191.656670 72.478893 65.834025
-191.180216 74.346568 66.367671
-190.703762 76.214244 66.901317
-190.227308 78.081920 67.434964
-189.750854 79.949596 67.968610
-189.274401 81.817272 68.502256
-188.797947 83.684948 69.035902
-188.321493 85.552624 69.569548
-187.845039 87.420300 70.103195
-187.368586 89.287976 70.636841
-186.892132 91.155652 71.170487
-186.415678 93.023328 71.704133
-185.939224 94.891004 72.237779
-185.462771 96.758680 72.771426
-184.986317 98.626356 73.305072
-184.509863 100.494032 73.838718
-184.033409 102.361708 74.372364
-183.556955 104.229384 74.906010
-183.080502 106.097060 75.439657
-182.604048 107.964736 75.973303
-182.127594 109.832412 76.506949
-181.651140 111.700088 77.040595
-181.174687 113.567764 77.574241
-180.698233 115.435440 78.107887
-180.221779 117.303116 78.641534
-179.745325 119.170792 79.175180
-179.268871 121.038468 79.708826
-178.792418 122.906144 80.242472
-178.315964 124.773820 80.776118
-177.839510 126.641496 81.309765
-177.363056 128.509172 81.843411
-176.886603 130.376848 82.377057
-176.410149 132.244524 82.910703
-175.933695 134.112200 83.444349
-175.457241 135.979876 83.977996
-174.980787 137.847552 84.511642
-174.504334 139.715228 85.045288
-174.027880 141.582904 85.578934
-173.551426 143.450579 86.112580
-173.074972 145.318255 86.646227
-172.598519 147.185931 87.179873
-172.122065 149.053607 87.713519
-171.645611 150.921283 88.247165
212.278127 -172.379622 120.733370
212.954101 -173.077226 118.985111
213.630074 -173.774830 117.236853
214.306048 -174.472434 115.488594
214.982021 -175.170038 113.740335
215.657994 -175.867642 111.992077
216.333968 -176.565246 110.243818
217.009941 -177.262850 108.495559
217.685915 -177.960455 106.747301
218.361888 -178.658059 104.999042
219.037862 -179.355663 103.250783
219.713835 -180.053267 101.502525
220.389809 -180.750871 99.754266
221.065782 -181.448475 98.006007
221.741756 -182.146079 96.257749
222.417729 -182.843683 94.509490
223.093703 -183.541288 92.761231
223.769676 -184.238892 91.012973
224.445649 -184.936496 89.264714
225.121623 -185.634100 87.516455
225.797596 -186.331704 85.768197
226.473570 -187.029308 84.019938
227.149543 -187.726912 82.271679
227.825517 -188.424516 80.523421
228.501490 -189.122121 78.775162
229.177464 -189.819725 77.026903
229.853437 -190.517329 75.278645
230.529411 -191.214933 73.530386
231.205384 -191.912537 71.782127
231.881358 -192.610141 70.033869
232.557331 -193.307745 68.285610
233.233305 -194.005349 66.537351
233.909278 -194.702953 64.789093
234.585251 -195.400558 63.040834
235.261225 -196.098162 61.292575
235.937198 -196.795766 59.544317
236.613172 -197.493370 57.796058
237.289145 -198.190974 56.047799
237.965119 -198.888578 54.299541
238.641092 -199.586182 52.551282
239.317066 -200.283786 50.803023
239.993039 -200.981391 49.054765
240.669013 -201.678995 47.306506
241.344986 -202.376599 45.558247
242.020960 -203.074203 43.809989
242.696933 -203.771807 42.061730
243.372906 -204.469411 40.313471
244.048880 -205.167015 38.565213
244.724853 -205.864619 36.816954
245.400827 -206.562224 35.068695
246.076800 -207.259828 33.320437
246.752774 -207.957432 31.572178
247.428747 -208.655036 29.823919
248.104721 -209.352640 28.075661
248.780694 -210.050244 26.327402
249.456668 -210.747848 24.579143
250.132641 -211.445452 22.830885
250.808615 -212.143057 21.082626
251.484588 -212.840661 19.334367
252.160561 -213.538265 17.586109
252.836535 -214.235869 15.837850
253.512508 -214.933473 14.089591
254.188482 -215.631077 12.341333
254.864455 -216.328681 10.593074
255.540429 -217.026285 8.844815
256.216402 -217.723890 7.096557
256.892376 -218.421494 5.348298
257.568349 -219.119098 3.600039
258.244323 -219.816702 1.851781
258.920296 -220.514306 0.103522
129.172961 169.287312 127.158514
129.300345 167.486377 128.018984
129.427729 165.685443 128.879454
129.555113 163.884509 129.739924
129.682497 162.083574 130.600394
129.809882 160.282640 131.460864
129.937266 158.481706 132.321334
130.064650 156.680771 133.181804
130.192034 154.879837 134.042275
130.319418 153.078902 134.902745
130.446802 151.277968 135.763215
130.574186 149.477034 136.623685
130.701570 147.676099 137.484155
130.828954 145.875165 138.344625
130.956338 144.074231 139.205095
131.083722 142.273296 140.065565
131.211106 140.472362 140.926035
131.338490 138.671428 141.786505
131.465874 136.870493 142.646975
131.593258 135.069559 143.507445
131.720642 133.268625 144.367915
131.848027 131.467690 145.228386
131.975411 129.666756 146.088856
132.102795 127.865822 146.949326
132.230179 126.064887 147.809796
132.357563 124.263953 148.670266
132.484947 122.463018 149.530736
132.612331 120.662084 150.391206
132.739715 118.861150 151.251676
132.867099 117.060215 152.112146
132.994483 115.259281 152.972616
133.121867 113.458347 153.833086
133.249251 111.657412 154.693556
133.376635 109.856478 155.554026
133.504019 108.055544 156.414497
133.631403 106.254609 157.274967
133.758787 104.453675 158.135437
133.886172 102.652741 158.995907
134.013556 100.851806 159.856377
134.140940 99.050872 160.716847
134.268324 97.249938 161.577317
134.395708 95.449003 162.437787
134.523092 93.648069 163.298257
134.650476 91.847134 164.158727
134.777860 90.046200 165.019197
134.905244 88.245266 165.879667
135.032628 86.444331 166.740138
135.160012 84.643397 167.600608
135.287396 82.842463 168.461078
135.414780 81.041528 169.321548
135.542164 79.240594 170.182018
135.669548 77.439660 171.042488
135.796932 75.638725 171.902958
135.924316 73.837791 172.763428
136.051701 72.036857 173.623898
136.179085 70.235922 174.484368
136.306469 68.434988 175.344838
136.433853 66.634054 176.205308
136.561237 64.833119 177.065778
136.688621 63.032185 177.926249
136.816005 61.231250 178.786719
136.943389 59.430316 179.647189
137.070773 57.629382 180.507659
137.198157 55.828447 181.368129
137.325541 54.027513 182.228599
137.452925 52.226579 183.089069
137.580309 50.425644 183.949539
137.707693 48.624710 184.810009
137.835077 46.823776 185.670479
137.962461 45.022841 186.530949
-135.422968 -88.825041 -218.351920
-136.995442 -89.492986 -219.391715
-138.567916 -90.160930 -220.431511
-140.140390 -90.828875 -221.471306
-141.712865 -91.496820 -222.511102
-143.285339 -92.164765 -223.550897
-144.857813 -92.832710 -224.590693
-146.430287 -93.500655 -225.630488
-148.002761 -94.168600 -226.670284
-149.575235 -94.836545 -227.710079
-151.147709 -95.504490 -228.749875
-152.720183 -96.172435 -229.789671
-154.292657 -96.840379 -230.829466
-155.865132 -97.508324 -231.869262
-157.437606 -98.176269 -232.909057
-159.010080 -98.844214 -233.948853
-160.582554 -99.512159 -234.988648
-162.155028 -100.180104 -236.028444
-163.727502 -100.848049 -237.068239
-165.299976 -101.515994 -238.108035
-166.872450 -102.183939 -239.147830
-168.444924 -102.851884 -240.187626
-170.017399 -103.519828 -241.227422
-171.589873 -104.187773 -242.267217
-173.162347 -104.855718 -243.307013
-174.734821 -105.523663 -244.346808
-176.307295 -106.191608 -245.386604
-177.879769 -106.859553 -246.426399
-179.452243 -107.527498 -247.466195
-181.024717 -108.195443 -248.505990
-182.597191 -108.863388 -249.545786
-184.169666 -109.531333 -250.585582
-185.742140 -110.199277 -251.625377
-187.314614 -110.867222 -252.665173
-188.887088 -111.535167 -253.704968
-190.459562 -112.203112 -254.744764
-192.032036 -112.871057 -255.784559
-193.604510 -113.539002 -256.824355
-195.176984 -114.206947 -257.864150
-196.749458 -114.874892 -258.903946
-198.321933 -115.542837 -259.943741
-199.894407 -116.210782 -260.983537
-201.466881 -116.878726 -262.023333
-203.039355 -117.546671 -263.063128
-204.611829 -118.214616 -264.102924
-206.184303 -118.882561 -265.142719
-207.756777 -119.550506 -266.182515
-209.329251 -120.218451 -267.222310
-210.901725 -120.886396 -268.262106
-212.474200 -121.554341 -269.301901
-214.046674 -122.222286 -270.341697
-215.619148 -122.890230 -271.381492
-217.191622 -123.558175 -272.421288
-218.764096 -124.226120 -273.461084
-220.336570 -124.894065 -274.500879
-221.909044 -125.562010 -275.540675
-223.481518 -126.229955 -276.580470
-225.053992 -126.897900 -277.620266
-226.626467 -127.565845 -278.660061
-228.198941 -128.233790 -279.699857
-229.771415 -128.901735 -280.739652
-231.343889 -129.569679 -281.779448
-232.916363 -130.237624 -282.819244
-234.488837 -130.905569 -283.859039
-236.061311 -131.573514 -284.898835
-237.633785 -132.241459 -285.938630
-239.206259 -132.909404 -286.978426
-240.778734 -133.577349 -288.018221
-242.351208 -134.245294 -289.058017
-243.923682 -134.913239 -290.097812
-138.852376 129.327795 -192.127590
-140.021546 127.740682 -191.789781
-141.190715 126.153569 -191.451973
-142.359885 124.566456 -191.114164
-143.529055 122.979344 -190.776355
-144.698225 121.392231 -190.438546
-145.867394 119.805118 -190.100737
-147.036564 118.218005 -189.762928
-148.205734 116.630892 -189.425119
-149.374904 115.043779 -189.087311
-150.544074 113.456666 -188.749502
-151.713243 111.869554 -188.411693
-152.882413 110.282441 -188.073884
-154.051583 108.695328 -187.736075
-155.220753 107.108215 -187.398266
-156.389922 105.521102 -187.060457
-157.559092 103.933989 -186.722648
-158.728262 102.346876 -186.384840
-159.897432 100.759764 -186.047031
-161.066602 99.172651 -185.709222
-162.235771 97.585538 -185.371413
-163.404941 95.998425 -185.033604
-164.574111 94.411312 -184.695795
-165.743281 92.824199 -184.357986
-166.912450 91.237087 -184.020178
-168.081620 89.649974 -183.682369
-169.250790 88.062861 -183.344560
-170.419960 86.475748 -183.006751
-171.589130 84.888635 -182.668942
-172.758299 83.301522 -182.331133
-173.927469 81.714409 -181.993324
-175.096639 80.127297 -181.655515
-176.265809 78.540184 -181.317707
-177.434978 76.953071 -180.979898
-178.604148 75.365958 -180.642089
-179.773318 73.778845 -180.304280
-180.942488 72.191732 -179.966471
-182.111658 70.604619 -179.628662
-183.280827 69.017507 -179.290853
-184.449997 67.430394 -178.953044
-185.619167 65.843281 -178.615236
-186.788337 64.256168 -178.277427
-187.957506 62.669055 -177.939618
-189.126676 61.081942 -177.601809
-190.295846 59.494829 -177.264000
-191.465016 57.907717 -176.926191
-192.634185 56.320604 -176.588382
-193.803355 54.733491 -176.250574
-194.972525 53.146378 -175.912765
-196.141695 51.559265 -175.574956
-197.310865 49.972152 -175.237147
-198.480034 48.385040 -174.899338
-199.649204 46.797927 -174.561529
-200.818374 45.210814 -174.223720
-201.987544 43.623701 -173.885911
-203.156713 42.036588 -173.548103
-204.325883 40.449475 -173.210294
-205.495053 38.862362 -172.872485
-206.664223 37.275250 -172.534676
-207.833393 35.688137 -172.196867
-209.002562 34.101024 -171.859058
-210.171732 32.513911 -171.521249
-211.340902 30.926798 -171.183441
-212.510072 29.339685 -170.845632
-213.679241 27.752572 -170.507823
-214.848411 26.165460 -170.170014
-216.017581 24.578347 -169.832205
-217.186751 22.991234 -169.494396
-218.355921 21.404121 -169.156587
-219.525090 19.817008 -168.818778
-113.392140 -35.032502 136.485315
-112.908105 -34.516860 138.356097
-112.424069 -34.001218 140.226878
-111.940033 -33.485576 142.097659
-111.455998 -32.969934 143.968441
-110.971962 -32.454292 145.839222
-110.487926 -31.938650 147.710003
-110.003891 -31.423008 149.580785
-109.519855 -30.907366 151.451566
-109.035819 -30.391724 153.322347
-108.551784 -29.876082 155.193129
-108.067748 -29.360439 157.063910
-107.583712 -28.844797 158.934691
-107.099677 -28.329155 160.805472
-106.615641 -27.813513 162.676254
-106.131605 -27.297871 164.547035
-105.647570 -26.782229 166.417816
-105.163534 -26.266587 168.288598
-104.679498 -25.750945 170.159379
-104.195463 -25.235303 172.030160
-103.711427 -24.719661 173.900942
-103.227391 -24.204019 175.771723
-102.743356 -23.688377 177.642504
-102.259320 -23.172735 179.513286
-101.775284 -22.657093 181.384067
-101.291249 -22.141451 183.254848
-100.807213 -21.625809 185.125630
-100.323177 -21.110167 186.996411
-99.839142 -20.594525 188.867192
-99.355106 -20.078883 190.737974
-98.871070 -19.563241 192.608755
-98.387035 -19.047599 194.479536
-97.902999 -18.531957 196.350318
-97.418963 -18.016315 198.221099
-96.934928 -17.500673 200.091880
-96.450892 -16.985031 201.962662
-95.966856 -16.469389 203.833443
-95.482821 -15.953747 205.704224
-94.998785 -15.438105 207.575006
-94.514749 -14.922463 209.445787
-94.030714 -14.406821 211.316568
-93.546678 -13.891179 213.187350
-93.062642 -13.375537 215.058131
-92.578607 -12.859895 216.928912
-92.094571 -12.344253 218.799694
-91.610535 -11.828611 220.670475
-91.126500 -11.312968 222.541256
-90.642464 -10.797326 224.412038
-90.158428 -10.281684 226.282819
-89.674393 -9.766042 228.153600
-89.190357 -9.250400 230.024382
-88.706321 -8.734758 231.895163
-88.222286 -8.219116 233.765944
-87.738250 -7.703474 235.636726
-87.254214 -7.187832 237.507507
-86.770179 -6.672190 239.378288
-86.286143 -6.156548 241.249070
-85.802107 -5.640906 243.119851
-85.318072 -5.125264 244.990632
-84.834036 -4.609622 246.861413
-84.350000 -4.093980 248.732195
-83.865965 -3.578338 250.602976
-83.381929 -3.062696 252.473757
-82.897893 -2.547054 254.344539
-82.413858 -2.031412 256.215320
-81.929822 -1.515770 258.086101
-81.445786 -1.000128 259.956883
-80.961751 -0.484486 261.827664
-80.477715 0.031156 263.698445
-79.993679 0.546798 265.569227
-51.584628 -242.568987 11.678872
-53.189612 -241.532047 12.269448
-54.794596 -240.495107 12.860025
-56.399580 -239.458166 13.450601
-58.004565 -238.421226 14.041178
-59.609549 -237.384286 14.631754
-61.214533 -236.347346 15.222331
-62.819518 -235.310406 15.812907
-64.424502 -234.273466 16.403484
-66.029486 -233.236526 16.994061
-67.634471 -232.199586 17.584637
-69.239455 -231.162646 18.175214
-70.844439 -230.125706 18.765790
-72.449423 -229.088766 19.356367
-74.054408 -228.051825 19.946943
-75.659392 -227.014885 20.537520
-77.264376 -225.977945 21.128096
-78.869361 -224.941005 21.718673
-80.474345 -223.904065 22.309249
-82.079329 -222.867125 22.899826
-83.684313 -221.830185 23.490403
-85.289298 -220.793245 24.080979
-86.894282 -219.756305 24.671556
-88.499266 -218.719365 25.262132
-90.104251 -217.682425 25.852709
-91.709235 -216.645484 26.443285
-93.314219 -215.608544 27.033862
-94.919204 -214.571604 27.624438
-96.524188 -213.534664 28.215015
-98.129172 -212.497724 28.805591
-99.734156 -211.460784 29.396168
-101.339141 -210.423844 29.986744
-102.944125 -209.386904 30.577321
-104.549109 -208.349964 31.167898
-106.154094 -207.313024 31.758474
-107.759078 -206.276084 32.349051
-109.364062 -205.239143 32.939627
-110.969047 -204.202203 33.530204
-112.574031 -203.165263 34.120780
-114.179015 -202.128323 34.711357
-115.783999 -201.091383 35.301933
-117.388984 -200.054443 35.892510
-118.993968 -199.017503 36.483086
-120.598952 -197.980563 37.073663
-122.203937 -196.943623 37.664240
-123.808921 -195.906683 38.254816
-125.413905 -194.869743 38.845393
-127.018890 -193.832803 39.435969
-128.623874 -192.795862 40.026546
-130.228858 -191.758922 40.617122
-131.833842 -190.721982 41.207699
-133.438827 -189.685042 41.798275
-135.043811 -188.648102 42.388852
-136.648795 -187.611162 42.979428
-138.253780 -186.574222 43.570005
-139.858764 -185.537282 44.160582
-141.463748 -184.500342 44.751158
-143.068732 -183.463402 45.341735
-144.673717 -182.426462 45.932311
-146.278701 -181.389521 46.522888
-147.883685 -180.352581 47.113464
-149.488670 -179.315641 47.704041
-151.093654 -178.278701 48.294617
-152.698638 -177.241761 48.885194
-154.303623 -176.204821 49.475770
-155.908607 -175.167881 50.066347
-157.513591 -174.130941 50.656924
-159.118575 -173.094001 51.247500
-160.723560 -172.057061 51.838077
-162.328544 -171.020121 52.428653
261.840197 -54.223920 -225.932372
261.706993 -52.569667 -224.816261
261.573788 -50.915414 -223.700149
261.440584 -49.261162 -222.584038
261.307379 -47.606909 -221.467926
261.174175 -45.952656 -220.351815
261.040971 -44.298404 -219.235704
260.907766 -42.644151 -218.119592
260.774562 -40.989899 -217.003481
260.641357 -39.335646 -215.887369
260.508153 -37.681393 -214.771258
260.374948 -36.027141 -213.655146
260.241744 -34.372888 -212.539035
260.108540 -32.718635 -211.422923
259.975335 -31.064383 -210.306812
259.842131 -29.410130 -209.190700
259.708926 -27.755877 -208.074589
259.575722 -26.101625 -206.958477
259.442518 -24.447372 -205.842366
259.309313 -22.793120 -204.726254
259.176109 -21.138867 -203.610143
259.042904 -19.484614 -202.494031
258.909700 -17.830362 -201.377920
258.776495 -16.176109 -200.261809
258.643291 -14.521856 -199.145697
258.510087 -12.867604 -198.029586
258.376882 -11.213351 -196.913474
258.243678 -9.559099 -195.797363
258.110473 -7.904846 -194.681251
257.977269 -6.250593 -193.565140
257.844065 -4.596341 -192.449028
257.710860 -2.942088 -191.332917
257.577656 -1.287835 -190.216805
257.444451 0.366417 -189.100694
257.311247 2.020670 -187.984582
257.178042 3.674923 -186.868471
257.044838 5.329175 -185.752359
256.911634 6.983428 -184.636248
256.778429 8.637680 -183.520136
256.645225 10.291933 -182.404025
256.512020 11.946186 -181.287914
256.378816 13.600438 -180.171802
256.245612 15.254691 -179.055691
256.112407 16.908944 -177.939579
255.979203 18.563196 -176.823468
255.845998 20.217449 -175.707356
255.712794 21.871701 -174.591245
255.579589 23.525954 -173.475133
255.446385 25.180207 -172.359022
255.313181 26.834459 -171.242910
255.179976 28.488712 -170.126799
255.046772 30.142965 -169.010687
254.913567 31.797217 -167.894576
254.780363 33.451470 -166.778464
254.647159 35.105723 -165.662353
254.513954 36.759975 -164.546241
254.380750 38.414228 -163.430130
254.247545 40.068480 -162.314019
254.114341 41.722733 -161.197907
253.981136 43.376986 -160.081796
253.847932 45.031238 -158.965684
253.714728 46.685491 -157.849573
253.581523 48.339744 -156.733461
253.448319 49.993996 -155.617350
253.315114 51.648249 -154.501238
253.181910 53.302501 -153.385127
253.048705 54.956754 -152.269015
252.915501 56.611007 -151.152904
252.782297 58.265259 -150.036792
252.649092 59.919512 -148.920681
43.506228 -171.198189 -269.545735
44.027027 -173.025155 -268.920464
44.547826 -174.852120 -268.295192
45.068625 -176.679086 -267.669920
45.589424 -178.506052 -267.044648
46.110223 -180.333017 -266.419376
46.631022 -182.159983 -265.794105
47.151821 -183.986949 -265.168833
47.672620 -185.813914 -264.543561
48.193419 -187.640880 -263.918289
48.714219 -189.467846 -263.293018
49.235018 -191.294811 -262.667746
49.755817 -193.121777 -262.042474
50.276616 -194.948743 -261.417202
50.797415 -196.775708 -260.791931
51.318214 -198.602674 -260.166659
51.839013 -200.429640 -259.541387
52.359812 -202.256605 -258.916115
52.880611 -204.083571 -258.290843
53.401410 -205.910537 -257.665572
53.922209 -207.737502 -257.040300
54.443008 -209.564468 -256.415028
54.963808 -211.391434 -255.789756
55.484607 -213.218399 -255.164485
56.005406 -215.045365 -254.539213
56.526205 -216.872331 -253.913941
57.047004 -218.699296 -253.288669
57.567803 -220.526262 -252.663398
58.088602 -222.353228 -252.038126
58.609401 -224.180193 -251.412854
59.130200 -226.007159 -250.787582
59.650999 -227.834125 -250.162310
60.171798 -229.661090 -249.537039
60.692597 -231.488056 -248.911767
61.213396 -233.315022 -248.286495
61.734196 -235.141987 -247.661223
62.254995 -236.968953 -247.035952
62.775794 -238.795919 -246.410680
63.296593 -240.622884 -245.785408
63.817392 -242.449850 -245.160136
64.338191 -244.276816 -244.534865
64.858990 -246.103781 -243.909593
65.379789 -247.930747 -243.284321
65.900588 -249.757713 -242.659049
66.421387 -251.584678 -242.033777
66.942186 -253.411644 -241.408506
67.462985 -255.238610 -240.783234
67.983784 -257.065575 -240.157962
68.504584 -258.892541 -239.532690
69.025383 -260.719507 -238.907419
69.546182 -262.546472 -238.282147
70.066981 -264.373438 -237.656875
70.587780 -266.200404 -237.031603
71.108579 -268.027369 -236.406332
71.629378 -269.854335 -235.781060
72.150177 -271.681301 -235.155788
72.670976 -273.508266 -234.530516
73.191775 -275.335232 -233.905245
73.712574 -277.162198 -233.279973
74.233373 -278.989163 -232.654701
74.754172 -280.816129 -232.029429
75.274972 -282.643095 -231.404157
75.795771 -284.470060 -230.778886
76.316570 -286.297026 -230.153614
76.837369 -288.123992 -229.528342
77.358168 -289.950957 -228.903070
77.878967 -291.777923 -228.277799
78.399766 -293.604889 -227.652527
78.920565 -295.431854 -227.027255
79.441364 -297.258820 -226.401983
-198.204454 -195.370971 -27.202621
-196.613992 -194.184084 -26.954168
-195.023530 -192.997196 -26.705716
-193.433068 -191.810308 -26.457264
-191.842607 -190.623420 -26.208812
-190.252145 -189.436532 -25.960359
-188.661683 -188.249645 -25.711907
-187.071221 -187.062757 -25.463455
-185.480759 -185.875869 -25.215003
-183.890297 -184.688981 -24.966550
-182.299836 -183.502093 -24.718098
-180.709374 -182.315206 -24.469646
-179.118912 -181.128318 -24.221194
-177.528450 -179.941430 -23.972741
-175.937988 -178.754542 -23.724289
-174.347526 -177.567655 -23.475837
-172.757064 -176.380767 -23.227385
-171.166603 -175.193879 -22.978932
-169.576141 -174.006991 -22.730480
-167.985679 -172.820103 -22.482028
-166.395217 -171.633216 -22.233576
-164.804755 -170.446328 -21.985123
-163.214293 -169.259440 -21.736671
-161.623832 -168.072552 -21.488219
-160.033370 -166.885664 -21.239767
-158.442908 -165.698777 -20.991314
-156.852446 -164.511889 -20.742862
-155.261984 -163.325001 -20.494410
-153.671522 -162.138113 -20.245958
-152.081061 -160.951226 -19.997505
-150.490599 -159.764338 -19.749053
-148.900137 -158.577450 -19.500601
-147.309675 -157.390562 -19.252149
-145.719213 -156.203674 -19.003696
-144.128751 -155.016787 -18.755244
-142.538290 -153.829899 -18.506792
-140.947828 -152.643011 -18.258340
-139.357366 -151.456123 -18.009887
-137.766904 -150.269235 -17.761435
-136.176442 -149.082348 -17.512983
-134.585980 -147.895460 -17.264531
-132.995519 -146.708572 -17.016078
-131.405057 -145.521684 -16.767626
-129.814595 -144.334796 -16.519174
-128.224133 -143.147909 -16.270722
-126.633671 -141.961021 -16.022269
-125.043209 -140.774133 -15.773817
-123.452747 -139.587245 -15.525365
-121.862286 -138.400358 -15.276913
-120.271824 -137.213470 -15.028460
-118.681362 -136.026582 -14.780008
-117.090900 -134.839694 -14.531556
-115.500438 -133.652806 -14.283104
-113.909976 -132.465919 -14.034651
-112.319515 -131.279031 -13.786199
-110.729053 -130.092143 -13.537747
-109.138591 -128.905255 -13.289295
-107.548129 -127.718367 -13.040842
-105.957667 -126.531480 -12.792390
-104.367205 -125.344592 -12.543938
-102.776744 -124.157704 -12.295485
-101.186282 -122.970816 -12.047033
-99.595820 -121.783929 -11.798581
-98.005358 -120.597041 -11.550129
-96.414896 -119.410153 -11.301676
-94.824434 -118.223265 -11.053224
-93.233973 -117.036377 -10.804772
-91.643511 -115.849490 -10.556320
-90.053049 -114.662602 -10.307867
-88.462587 -113.475714 -10.059415
-267.467427 126.884565 40.346819
-265.684782 126.252400 39.696786
-263.902137 125.620235 39.046753
-262.119491 124.988070 38.396720
-260.336846 124.355905 37.746687
-258.554201 123.723740 37.096654
-256.771555 123.091575 36.446621
-254.988910 122.459410 35.796588
-253.206264 121.827245 35.146555
-251.423619 121.195080 34.496522
-249.640974 120.562915 33.846489
-247.858328 119.930750 33.196456
-246.075683 119.298585 32.546423
-244.293038 118.666420 31.896390
-242.510392 118.034255 31.246357
-240.727747 117.402090 30.596324
-238.945102 116.769925 29.946291
-237.162456 116.137760 29.296258
-235.379811 115.505595 28.646225
-233.597165 114.873430 27.996192
-231.814520 114.241265 27.346158
-230.031875 113.609100 26.696125
-228.249229 112.976935 26.046092
-226.466584 112.344770 25.396059
-224.683939 111.712605 24.746026
-222.901293 111.080440 24.095993
-221.118648 110.448275 23.445960
-219.336002 109.816111 22.795927
-217.553357 109.183946 22.145894
-215.770712 108.551781 21.495861
-213.988066 107.919616 20.845828
-212.205421 107.287451 20.195795
-210.422776 106.655286 19.545762
-208.640130 106.023121 18.895729
-206.857485 105.390956 18.245696
-205.074840 104.758791 17.595663
-203.292194 104.126626 16.945630
-201.509549 103.494461 16.295597
-199.726903 102.862296 15.645564
-197.944258 102.230131 14.995531
-196.161613 101.597966 14.345498
-194.378967 100.965801 13.695465
-192.596322 100.333636 13.045432
-190.813677 99.701471 12.395399
-189.031031 99.069306 11.745366
-187.248386 98.437141 11.095333
-185.465741 97.804976 10.445300
-183.683095 97.172811 9.795267
-181.900450 96.540646 9.145234
-180.117804 95.908481 8.495201
-178.335159 95.276316 7.845168
-176.552514 94.644151 7.195134
-174.769868 94.011986 6.545101
-172.987223 93.379821 5.895068
-171.204578 92.747656 5.245035
-169.421932 92.115491 4.595002
-167.639287 91.483326 3.944969
-165.856642 90.851161 3.294936
-164.073996 90.218996 2.644903
-162.291351 89.586831 1.994870
-160.508705 88.954666 1.344837
-158.726060 88.322501 0.694804
-156.943415 87.690336 0.044771
-155.160769 87.058171 -0.605262
-153.378124 86.426006 -1.255295
-151.595479 85.793841 -1.905328
-149.812833 85.161677 -2.555361
-148.030188 84.529512 -3.205394
-146.247542 83.897347 -3.855427
-144.464897 83.265182 -4.505460
-97.130618 -181.579181 116.568106
-95.535200 -180.621554 117.301311
-93.939781 -179.663926 118.034515
-92.344362 -178.706299 118.767719
-90.748944 -177.748671 119.500924
-89.153525 -176.791043 120.234128
-87.558106 -175.833416 120.967332
-85.962688 -174.875788 121.700537
-84.367269 -173.918160 122.433741
-82.771850 -172.960533 123.166945
-81.176432 -172.002905 123.900150
-79.581013 -171.045277 124.633354
-77.985594 -170.087650 125.366559
-76.390176 -169.130022 126.099763
-74.794757 -168.172395 126.832967
-73.199338 -167.214767 127.566172
-71.603920 -166.257139 128.299376
-70.008501 -165.299512 129.032580
-68.413082 -164.341884 129.765785
-66.817664 -163.384256 130.498989
-65.222245 -162.426629 131.232193
-63.626826 -161.469001 131.965398
-62.031408 -160.511374 132.698602
-60.435989 -159.553746 133.431806
-58.840570 -158.596118 134.165011
-57.245152 -157.638491 134.898215
-55.649733 -156.680863 135.631419
-54.054314 -155.723235 136.364624
-52.458896 -154.765608 137.097828
-50.863477 -153.807980 137.831032
-49.268058 -152.850352 138.564237
-47.672640 -151.892725 139.297441
-46.077221 -150.935097 140.030645
-44.481802 -149.977470 140.763850
-42.886384 -149.019842 141.497054
-41.290965 -148.062214 142.230258
-39.695546 -147.104587 142.963463
-38.100128 -146.146959 143.696667
-36.504709 -145.189331 144.429872
-34.909290 -144.231704 145.163076
-33.313872 -143.274076 145.896280
-31.718453 -142.316448 146.629485
-30.123034 -141.358821 147.362689
-28.527616 -140.401193 148.095893
-26.932197 -139.443566 148.829098
-25.336778 -138.485938 149.562302
-23.741360 -137.528310 150.295506
-22.145941 -136.570683 151.028711
-20.550522 -135.613055 151.761915
-18.955104 -134.655427 152.495119
-17.359685 -133.697800 153.228324
-15.764267 -132.740172 153.961528
-14.168848 -131.782545 154.694732
-12.573429 -130.824917 155.427937
-10.978011 -129.867289 156.161141
-9.382592 -128.909662 156.894345
-7.787173 -127.952034 157.627550
-6.191755 -126.994406 158.360754
-4.596336 -126.036779 159.093958
-3.000917 -125.079151 159.827163
-1.405499 -124.121523 160.560367
0.189920 -123.163896 161.293571
1.785339 -122.206268 162.026776
3.380757 -121.248641 162.759980
4.976176 -120.291013 163.493184
6.571595 -119.333385 164.226389
8.167013 -118.375758 164.959593
9.762432 -117.418130 165.692798
11.357851 -116.460502 166.426002
12.953269 -115.502875 167.159206
18.766230 -0.031999 174.369210
19.624549 -1.209125 175.739489
20.482868 -2.386250 177.109768
21.341188 -3.563375 178.480046
22.199507 -4.740501 179.850325
23.057826 -5.917626 181.220604
23.916145 -7.094751 182.590883
24.774464 -8.271877 183.961162
25.632784 -9.449002 185.331441
26.491103 -10.626127 186.701720
27.349422 -11.803253 188.071998
28.207741 -12.980378 189.442277
29.066060 -14.157503 190.812556
29.924380 -15.334629 192.182835
30.782699 -16.511754 193.553114
31.641018 -17.688879 194.923393
32.499337 -18.866005 196.293671
33.357656 -20.043130 197.663950
34.215976 -21.220255 199.034229
35.074295 -22.397381 200.404508
35.932614 -23.574506 201.774787
36.790933 -24.751631 203.145066
37.649252 -25.928757 204.515345
38.507572 -27.105882 205.885623
39.365891 -28.283007 207.255902
40.224210 -29.460133 208.626181
41.082529 -30.637258 209.996460
41.940848 -31.814383 211.366739
42.799168 -32.991509 212.737018
43.657487 -34.168634 214.107296
44.515806 -35.345759 215.477575
45.374125 -36.522885 216.847854
46.232444 -37.700010 218.218133
47.090764 -38.877135 219.588412
47.949083 -40.054261 220.958691
48.807402 -41.231386 222.328970
49.665721 -42.408511 223.699248
50.524040 -43.585637 225.069527
51.382360 -44.762762 226.439806
52.240679 -45.939887 227.810085
53.098998 -47.117013 229.180364
53.957317 -48.294138 230.550643
54.815636 -49.471263 231.920921
55.673956 -50.648389 233.291200
56.532275 -51.825514 234.661479
57.390594 -53.002639 236.031758
58.248913 -54.179765 237.402037
59.107232 -55.356890 238.772316
59.965552 -56.534015 240.142594
60.823871 -57.711141 241.512873
61.682190 -58.888266 242.883152
62.540509 -60.065391 244.253431
63.398828 -61.242517 245.623710
64.257148 -62.419642 246.993989
65.115467 -63.596767 248.364268
65.973786 -64.773893 249.734546
66.832105 -65.951018 251.104825
67.690424 -67.128143 252.475104
68.548744 -68.305269 253.845383
69.407063 -69.482394 255.215662
70.265382 -70.659519 256.585941
71.123701 -71.836645 257.956219
71.982020 -73.013770 259.326498
72.840340 -74.190895 260.696777
73.698659 -75.368021 262.067056
74.556978 -76.545146 263.437335
75.415297 -77.722271 264.807614
76.273616 -78.899397 266.177893
77.131935 -80.076522 267.548171
77.990255 -81.253647 268.918450
203.723885 176.985323 39.239865
202.446248 178.522364 39.311631
201.168612 180.059405 39.383397
199.890976 181.596447 39.455164
198.613340 183.133488 39.526930
197.335704 184.670529 39.598696
196.058067 186.207570 39.670462
194.780431 187.744611 39.742229
193.502795 189.281652 39.813995
192.225159 190.818693 39.885761
190.947523 192.355734 39.957528
189.669887 193.892775 40.029294
188.392250 195.429817 40.101060
187.114614 196.966858 40.172826
185.836978 198.503899 40.244593
184.559342 200.040940 40.316359
183.281706 201.577981 40.388125
182.004070 203.115022 40.459892
180.726433 204.652063 40.531658
179.448797 206.189104 40.603424
178.171161 207.726146 40.675190
176.893525 209.263187 40.746957
175.615889 210.800228 40.818723
174.338252 212.337269 40.890489
173.060616 213.874310 40.962256
171.782980 215.411351 41.034022
170.505344 216.948392 41.105788
169.227708 218.485433 41.177554
167.950072 220.022474 41.249321
166.672435 221.559516 41.321087
165.394799 223.096557 41.392853
164.117163 224.633598 41.464620
162.839527 226.170639 41.536386
161.561891 227.707680 41.608152
160.284255 229.244721 41.679918
159.006618 230.781762 41.751685
157.728982 232.318803 41.823451
156.451346 233.855845 41.895217
155.173710 235.392886 41.966984
153.896074 236.929927 42.038750
152.618437 238.466968 42.110516
151.340801 240.004009 42.182282
150.063165 241.541050 42.254049
148.785529 243.078091 42.325815
147.507893 244.615132 42.397581
146.230257 246.152173 42.469348
144.952620 247.689215 42.541114
143.674984 249.226256 42.612880
142.397348 250.763297 42.684646
141.119712 252.300338 42.756413
139.842076 253.837379 42.828179
138.564439 255.374420 42.899945
137.286803 256.911461 42.971712
136.009167 258.448502 43.043478
134.731531 259.985544 43.115244
133.453895 261.522585 43.187010
132.176259 263.059626 43.258777
130.898622 264.596667 43.330543
129.620986 266.133708 43.402309
128.343350 267.670749 43.474075
127.065714 269.207790 43.545842
125.788078 270.744831 43.617608
124.510442 272.281872 43.689374
123.232805 273.818914 43.761141
121.955169 275.355955 43.832907
120.677533 276.892996 43.904673
119.399897 278.430037 43.976439
118.122261 279.967078 44.048206
116.844624 281.504119 44.119972
115.566988 283.041160 44.191738
10.959159 -261.597961 -84.441168
11.272630 -259.871086 -85.400145
11.586102 -258.144211 -86.359123
11.899573 -256.417336 -87.318100
12.213045 -254.690460 -88.277078
12.526516 -252.963585 -89.236055
12.839988 -251.236710 -90.195032
13.153459 -249.509835 -91.154010
13.466931 -247.782960 -92.112987
13.780402 -246.056084 -93.071965
14.093874 -244.329209 -94.030942
14.407345 -242.602334 -94.989920
14.720817 -240.875459 -95.948897
15.034288 -239.148584 -96.907874
15.347760 -237.421708 -97.866852
15.661231 -235.694833 -98.825829
15.974703 -233.967958 -99.784807
16.288174 -232.241083 -100.743784
16.601646 -230.514208 -101.702761
16.915117 -228.787332 -102.661739
17.228589 -227.060457 -103.620716
17.542060 -225.333582 -104.579694
17.855531 -223.606707 -105.538671
18.169003 -221.879832 -106.497648
18.482474 -220.152956 -107.456626
18.795946 -218.426081 -108.415603
19.109417 -216.699206 -109.374581
19.422889 -214.972331 -110.333558
19.736360 -213.245456 -111.292536
20.049832 -211.518580 -112.251513
20.363303 -209.791705 -113.210490
20.676775 -208.064830 -114.169468
20.990246 -206.337955 -115.128445
21.303718 -204.611080 -116.087423
21.617189 -202.884205 -117.046400
21.930661 -201.157329 -118.005377
22.244132 -199.430454 -118.964355
22.557604 -197.703579 -119.923332
22.871075 -195.976704 -120.882310
23.184547 -194.249829 -121.841287
23.498018 -192.522953 -122.800264
23.811490 -190.796078 -123.759242
24.124961 -189.069203 -124.718219
24.438433 -187.342328 -125.677197
24.751904 -185.615453 -126.636174
25.065376 -183.888577 -127.595151
25.378847 -182.161702 -128.554129
25.692319 -180.434827 -129.513106
26.005790 -178.707952 -130.472084
26.319262 -176.981077 -131.431061
26.632733 -175.254201 -132.390039
26.946205 -173.527326 -133.349016
27.259676 -171.800451 -134.307993
27.573148 -170.073576 -135.266971
27.886619 -168.346701 -136.225948
28.200091 -166.619825 -137.184926
28.513562 -164.892950 -138.143903
28.827034 -163.166075 -139.102880
29.140505 -161.439200 -140.061858
29.453977 -159.712325 -141.020835
29.767448 -157.985449 -141.979813
30.080920 -156.258574 -142.938790
30.394391 -154.531699 -143.897767
30.707863 -152.804824 -144.856745
31.021334 -151.077949 -145.815722
31.334806 -149.351073 -146.774700
31.648277 -147.624198 -147.733677
31.961749 -145.897323 -148.692655
32.275220 -144.170448 -149.651632
32.588692 -142.443573 -150.610609
-115.608864 -152.853837 -228.660976
-117.252480 -152.312192 -229.663546
-118.896096 -151.770546 -230.666115
-120.539713 -151.228901 -231.668685
-122.183329 -150.687256 -232.671254
-123.826945 -150.145611 -233.673824
-125.470562 -149.603966 -234.676393
-127.114178 -149.062321 -235.678963
-128.757795 -148.520676 -236.681533
-130.401411 -147.979031 -237.684102
-132.045027 -147.437386 -238.686672
-133.688644 -146.895741 -239.689241
-135.332260 -146.354096 -240.691811
-136.975876 -145.812450 -241.694381
-138.619493 -145.270805 -242.696950
-140.263109 -144.729160 -243.699520
-141.906726 -144.187515 -244.702089
-143.550342 -143.645870 -245.704659
-145.193958 -143.104225 -246.707229
-146.837575 -142.562580 -247.709798
-148.481191 -142.020935 -248.712368
-150.124807 -141.479290 -249.714937
-151.768424 -140.937645 -250.717507
-153.412040 -140.395999 -251.720077
-155.055657 -139.854354 -252.722646
-156.699273 -139.312709 -253.725216
-158.342889 -138.771064 -254.727785
-159.986506 -138.229419 -255.730355
-161.630122 -137.687774 -256.732925
-163.273739 -137.146129 -257.735494
-164.917355 -136.604484 -258.738064
-166.560971 -136.062839 -259.740633
-168.204588 -135.521194 -260.743203
-169.848204 -134.979549 -261.745772
-171.491820 -134.437903 -262.748342
-173.135437 -133.896258 -263.750912
-174.779053 -133.354613 -264.753481
-176.422670 -132.812968 -265.756051
-178.066286 -132.271323 -266.758620
-179.709902 -131.729678 -267.761190
-181.353519 -131.188033 -268.763760
-182.997135 -130.646388 -269.766329
-184.640751 -130.104743 -270.768899
-186.284368 -129.563098 -271.771468
-187.927984 -129.021453 -272.774038
-189.571601 -128.479807 -273.776608
-191.215217 -127.938162 -274.779177
-192.858833 -127.396517 -275.781747
-194.502450 -126.854872 -276.784316
-196.146066 -126.313227 -277.786886
-197.789683 -125.771582 -278.789456
-199.433299 -125.229937 -279.792025
-201.076915 -124.688292 -280.794595
-202.720532 -124.146647 -281.797164
-204.364148 -123.605002 -282.799734
-206.007764 -123.063357 -283.802304
-207.651381 -122.521711 -284.804873
-209.294997 -121.980066 -285.807443
-210.938614 -121.438421 -286.810012
-212.582230 -120.896776 -287.812582
-214.225846 -120.355131 -288.815152
-215.869463 -119.813486 -289.817721
-217.513079 -119.271841 -290.820291
-219.156695 -118.730196 -291.822860
-220.800312 -118.188551 -292.825430
-222.443928 -117.646906 -293.827999
-224.087545 -117.105261 -294.830569
-225.731161 -116.563615 -295.833139
-227.374777 -116.021970 -296.835708
-229.018394 -115.480325 -297.838278
-23.153450 -158.154181 79.707132
-21.728427 -159.538655 79.477916
-20.303404 -160.923129 79.248700
-18.878380 -162.307604 79.019483
-17.453357 -163.692078 78.790267
-16.028334 -165.076552 78.561051
-14.603311 -166.461026 78.331835
-13.178288 -167.845501 78.102619
-11.753265 -169.229975 77.873403
-10.328241 -170.614449 77.644187
-8.903218 -171.998923 77.414971
-7.478195 -173.383398 77.185755
-6.053172 -174.767872 76.956539
-4.628149 -176.152346 76.727323
-3.203126 -177.536820 76.498107
-1.778102 -178.921295 76.268891
-0.353079 -180.305769 76.039675
1.071944 -181.690243 75.810459
2.496967 -183.074717 75.581243
3.921990 -184.459192 75.352027
5.347013 -185.843666 75.122811
6.772037 -187.228140 74.893595
8.197060 -188.612615 74.664379
9.622083 -189.997089 74.435163
11.047106 -191.381563 74.205947
12.472129 -192.766037 73.976730
13.897152 -194.150512 73.747514
15.322176 -195.534986 73.518298
16.747199 -196.919460 73.289082
18.172222 -198.303934 73.059866
19.597245 -199.688409 72.830650
21.022268 -201.072883 72.601434
22.447291 -202.457357 72.372218
23.872315 -203.841831 72.143002
25.297338 -205.226306 71.913786
26.722361 -206.610780 71.684570
28.147384 -207.995254 71.455354
29.572407 -209.379728 71.226138
30.997431 -210.764203 70.996922
32.422454 -212.148677 70.767706
33.847477 -213.533151 70.538490
35.272500 -214.917625 70.309274
36.697523 -216.302100 70.080058
38.122546 -217.686574 69.850842
39.547570 -219.071048 69.621626
40.972593 -220.455522 69.392410
42.397616 -221.839997 69.163194
43.822639 -223.224471 68.933978
45.247662 -224.608945 68.704761
46.672685 -225.993419 68.475545
48.097709 -227.377894 68.246329
49.522732 -228.762368 68.017113
50.947755 -230.146842 67.787897
52.372778 -231.531316 67.558681
53.797801 -232.915791 67.329465
55.222824 -234.300265 67.100249
56.647848 -235.684739 66.871033
58.072871 -237.069213 66.641817
59.497894 -238.453688 66.412601
60.922917 -239.838162 66.183385
62.347940 -241.222636 65.954169
63.772963 -242.607110 65.724953
65.197987 -243.991585 65.495737
66.623010 -245.376059 65.266521
68.048033 -246.760533 65.037305
69.473056 -248.145008 64.808089
70.898079 -249.529482 64.578873
72.323102 -250.913956 64.349657
73.748126 -252.298430 64.120441
75.173149 -253.682905 63.891225
99.683196 230.421974 -161.392152
101.374196 231.398283 -161.824977
103.065196 232.374593 -162.257802
104.756197 233.350903 -162.690626
106.447197 234.327212 -163.123451
108.138198 235.303522 -163.556276
109.829198 236.279832 -163.989101
111.520198 237.256141 -164.421926
113.211199 238.232451 -164.854750
114.902199 239.208760 -165.287575
116.593199 240.185070 -165.720400
118.284200 241.161380 -166.153225
119.975200 242.137689 -166.586049
121.666200 243.113999 -167.018874
123.357201 244.090309 -167.451699
125.048201 245.066618 -167.884524
126.739202 246.042928 -168.317349
128.430202 247.019237 -168.750173
130.121202 247.995547 -169.182998
131.812203 248.971857 -169.615823
133.503203 249.948166 -170.048648
135.194203 250.924476 -170.481472
136.885204 251.900785 -170.914297
138.576204 252.877095 -171.347122
140.267204 253.853405 -171.779947
141.958205 254.829714 -172.212772
143.649205 255.806024 -172.645596
145.340206 256.782334 -173.078421
147.031206 257.758643 -173.511246
148.722206 258.734953 -173.944071
150.413207 259.711262 -174.376895
152.104207 260.687572 -174.809720
153.795207 261.663882 -175.242545
155.486208 262.640191 -175.675370
157.177208 263.616501 -176.108195
158.868208 264.592811 -176.541019
160.559209 265.569120 -176.973844
162.250209 266.545430 -177.406669
163.941210 267.521739 -177.839494
165.632210 268.498049 -178.272318
167.323210 269.474359 -178.705143
169.014211 270.450668 -179.137968
170.705211 271.426978 -179.570793
172.396211 272.403288 -180.003618
174.087212 273.379597 -180.436442
175.778212 274.355907 -180.869267
177.469212 275.332216 -181.302092
179.160213 276.308526 -181.734917
180.851213 277.284836 -182.167741
182.542214 278.261145 -182.600566
184.233214 279.237455 -183.033391
185.924214 280.213765 -183.466216
187.615215 281.190074 -183.899041
189.306215 282.166384 -184.331865
190.997215 283.142693 -184.764690
192.688216 284.119003 -185.197515
194.379216 285.095313 -185.630340
196.070217 286.071622 -186.063164
197.761217 287.047932 -186.495989
199.452217 288.024241 -186.928814
201.143218 289.000551 -187.361639
202.834218 289.976861 -187.794464
204.525218 290.953170 -188.227288
206.216219 291.929480 -188.660113
207.907219 292.905790 -189.092938
209.598219 293.882099 -189.525763
211.289220 294.858409 -189.958587
212.980220 295.834718 -190.391412
214.671221 296.811028 -190.824237
216.362221 297.787338 -191.257062
126.780621 58.555815 -110.479349
125.598422 59.388397 -111.861092
124.416223 60.220979 -113.242834
123.234024 61.053561 -114.624577
122.051825 61.886143 -116.006319
120.869626 62.718725 -117.388062
119.687427 63.551307 -118.769805
118.505228 64.383889 -120.151547
117.323028 65.216471 -121.533290
116.140829 66.049053 -122.915032
114.958630 66.881635 -124.296775
113.776431 67.714217 -125.678517
112.594232 68.546799 -127.060260
111.412033 69.379381 -128.442002
110.229834 70.211963 -129.823745
109.047635 71.044545 -131.205488
107.865436 71.877127 -132.587230
106.683236 72.709709 -133.968973
105.501037 73.542291 -135.350715
104.318838 74.374873 -136.732458
103.136639 75.207455 -138.114200
101.954440 76.040037 -139.495943
100.772241 76.872619 -140.877685
99.590042 77.705201 -142.259428
98.407843 78.537783 -143.641171
97.225644 79.370365 -145.022913
96.043444 80.202947 -146.404656
94.861245 81.035529 -147.786398
93.679046 81.868111 -149.168141
92.496847 82.700693 -150.549883
91.314648 83.533275 -151.931626
90.132449 84.365857 -153.313368
88.950250 85.198439 -154.695111
87.768051 86.031021 -156.076854
86.585852 86.863603 -157.458596
85.403652 87.696185 -158.840339
84.221453 88.528767 -160.222081
83.039254 89.361349 -161.603824
81.857055 90.193931 -162.985566
80.674856 91.026513 -164.367309
79.492657 91.859095 -165.749052
78.310458 92.691677 -167.130794
77.128259 93.524259 -168.512537
75.946060 94.356841 -169.894279
74.763860 95.189423 -171.276022
73.581661 96.022005 -172.657764
72.399462 96.854587 -174.039507
71.217263 97.687169 -175.421249
70.035064 98.519750 -176.802992
68.852865 99.352332 -178.184735
67.670666 100.184914 -179.566477
66.488467 101.017496 -180.948220
65.306268 101.850078 -182.329962
64.124068 102.682660 -183.711705
62.941869 103.515242 -185.093447
61.759670 104.347824 -186.475190
60.577471 105.180406 -187.856932
59.395272 106.012988 -189.238675
58.213073 106.845570 -190.620418
57.030874 107.678152 -192.002160
55.848675 108.510734 -193.383903
54.666476 109.343316 -194.765645
53.484276 110.175898 -196.147388
52.302077 111.008480 -197.529130
51.119878 111.841062 -198.910873
49.937679 112.673644 -200.292616
48.755480 113.506226 -201.674358
47.573281 114.338808 -203.056101
46.391082 115.171390 -204.437843
45.208883 116.003972 -205.819586
217.860966 -178.188715 251.677314
217.119167 -179.917613 252.356024
216.377368 -181.646510 253.034734
215.635569 -183.375408 253.713445
214.893770 -185.104305 254.392155
214.151971 -186.833203 255.070866
213.410173 -188.562100 255.749576
212.668374 -190.290998 256.428287
211.926575 -192.019895 257.106997
211.184776 -193.748793 257.785708
210.442977 -195.477690 258.464418
209.701178 -197.206588 259.143128
208.959379 -198.935485 259.821839
208.217581 -200.664383 260.500549
207.475782 -202.393280 261.179260
206.733983 -204.122178 261.857970
205.992184 -205.851075 262.536681
205.250385 -207.579973 263.215391
204.508586 -209.308870 263.894102
203.766787 -211.037768 264.572812
203.024989 -212.766665 265.251522
202.283190 -214.495563 265.930233
201.541391 -216.224460 266.608943
200.799592 -217.953358 267.287654
200.057793 -219.682255 267.966364
199.315994 -221.411153 268.645075
198.574195 -223.140050 269.323785
197.832396 -224.868948 270.002495
197.090598 -226.597845 270.681206
196.348799 -228.326743 271.359916
195.607000 -230.055640 272.038627
194.865201 -231.784538 272.717337
194.123402 -233.513435 273.396048
193.381603 -235.242333 274.074758
192.639804 -236.971230 274.753469
191.898006 -238.700128 275.432179
191.156207 -240.429025 276.110889
190.414408 -242.157923 276.789600
189.672609 -243.886820 277.468310
188.930810 -245.615718 278.147021
188.189011 -247.344615 278.825731
187.447212 -249.073513 279.504442
186.705413 -250.802410 280.183152
185.963615 -252.531308 280.861863
185.221816 -254.260205 281.540573
184.480017 -255.989103 282.219283
183.738218 -257.718000 282.897994
182.996419 -259.446898 283.576704
182.254620 -261.175795 284.255415
181.512821 -262.904693 284.934125
180.771023 -264.633590 285.612836
180.029224 -266.362488 286.291546
179.287425 -268.091385 286.970256
178.545626 -269.820283 287.648967
177.803827 -271.549180 288.327677
177.062028 -273.278078 289.006388
176.320229 -275.006975 289.685098
175.578431 -276.735873 290.363809
174.836632 -278.464770 291.042519
174.094833 -280.193668 291.721230
173.353034 -281.922565 292.399940
172.611235 -283.651463 293.078650
171.869436 -285.380360 293.757361
171.127637 -287.109258 294.436071
170.385838 -288.838155 295.114782
169.644040 -290.567053 295.793492
168.902241 -292.295950 296.472203
168.160442 -294.024848 297.150913
167.418643 -295.753745 297.829624
166.676844 -297.482643 298.508334
265.304475 -76.106404 209.469849
263.578974 -76.858759 210.145577
261.853473 -77.611114 210.821305
260.127972 -78.363469 211.497033
258.402471 -79.115824 212.172761
256.676970 -79.868179 212.848489
254.951469 -80.620534 213.524217
253.225968 -81.372889 214.199945
251.500467 -82.125243 214.875673
249.774966 -82.877598 215.551401
248.049465 -83.629953 216.227129
246.323964 -84.382308 216.902857
244.598463 -85.134663 217.578585
242.872962 -85.887018 218.254313
241.147461 -86.639373 218.930041
239.421960 -87.391728 219.605769
237.696459 -88.144083 220.281497
235.970958 -88.896438 220.957225
234.245457 -89.648793 221.632953
232.519956 -90.401148 222.308681
230.794455 -91.153502 222.984409
229.068954 -91.905857 223.660137
227.343453 -92.658212 224.335865
225.617952 -93.410567 225.011593
223.892451 -94.162922 225.687321
222.166950 -94.915277 226.363049
220.441449 -95.667632 227.038777
218.715948 -96.419987 227.714505
216.990447 -97.172342 228.390233
215.264946 -97.924697 229.065961
213.539445 -98.677052 229.741689
211.813944 -99.429407 230.417417
210.088443 -100.181762 231.093145
208.362942 -100.934116 231.768873
206.637441 -101.686471 232.444601
204.911940 -102.438826 233.120329
203.186439 -103.191181 233.796057
201.460938 -103.943536 234.471785
199.735437 -104.695891 235.147513
198.009936 -105.448246 235.823241
196.284435 -106.200601 236.498969
194.558934 -106.952956 237.174697
192.833433 -107.705311 237.850425
191.107932 -108.457666 238.526153
189.382431 -109.210021 239.201881
187.656930 -109.962375 239.877609
185.931429 -110.714730 240.553337
184.205928 -111.467085 241.229065
182.480427 -112.219440 241.904793
180.754926 -112.971795 242.580521
179.029425 -113.724150 243.256249
177.303924 -114.476505 243.931977
175.578423 -115.228860 244.607705
173.852922 -115.981215 245.283433
172.127421 -116.733570 245.959161
170.401920 -117.485925 246.634889
168.676419 -118.238280 247.310617
166.950918 -118.990635 247.986345
165.225417 -119.742989 248.662073
163.499916 -120.495344 249.337801
161.774415 -121.247699 250.013529
160.048914 -122.000054 250.689257
158.323413 -122.752409 251.364985
156.597912 -123.504764 252.040713
154.872411 -124.257119 252.716441
153.146910 -125.009474 253.392169
151.421409 -125.761829 254.067897
149.695908 -126.514184 254.743625
147.970407 -127.266539 255.419353
146.244906 -128.018894 256.095081
223.798160 -103.392454 163.637546
221.841474 -103.777047 163.484347
219.884789 -104.161640 163.331148
217.928103 -104.546234 163.177950
215.971418 -104.930827 163.024751
214.014732 -105.315420 162.871552
212.058047 -105.700014 162.718354
210.101361 -106.084607 162.565155
208.144676 -106.469200 162.411957
206.187990 -106.853794 162.258758
204.231305 -107.238387 162.105559
202.274619 -107.622980 161.952361
200.317934 -108.007574 161.799162
198.361248 -108.392167 161.645963
196.404563 -108.776760 161.492765
194.447877 -109.161354 161.339566
192.491192 -109.545947 161.186367
190.534506 -109.930540 161.033169
188.577821 -110.315134 160.879970
186.621135 -110.699727 160.726772
184.664450 -111.084320 160.573573
182.707764 -111.468914 160.420374
180.751079 -111.853507 160.267176
178.794393 -112.238100 160.113977
176.837708 -112.622694 159.960778
174.881022 -113.007287 159.807580
172.924337 -113.391880 159.654381
170.967651 -113.776474 159.501182
169.010966 -114.161067 159.347984
167.054280 -114.545660 159.194785
165.097595 -114.930254 159.041587
163.140909 -115.314847 158.888388
161.184224 -115.699441 158.735189
159.227538 -116.084034 158.581991
157.270853 -116.468627 158.428792
155.314167 -116.853221 158.275593
153.357482 -117.237814 158.122395
151.400796 -117.622407 157.969196
149.444111 -118.007001 157.815997
147.487425 -118.391594 157.662799
145.530740 -118.776187 157.509600
143.574054 -119.160781 157.356402
141.617369 -119.545374 157.203203
139.660683 -119.929967 157.050004
137.703998 -120.314561 156.896806
135.747312 -120.699154 156.743607
133.790627 -121.083747 156.590408
131.833941 -121.468341 156.437210
129.877256 -121.852934 156.284011
127.920570 -122.237527 156.130812
125.963885 -122.622121 155.977614
124.007199 -123.006714 155.824415
122.050514 -123.391307 155.671217
120.093828 -123.775901 155.518018
118.137143 -124.160494 155.364819
116.180457 -124.545087 155.211621
114.223772 -124.929681 155.058422
112.267086 -125.314274 154.905223
110.310401 -125.698867 154.752025
108.353715 -126.083461 154.598826
106.397030 -126.468054 154.445627
104.440344 -126.852647 154.292429
102.483659 -127.237241 154.139230
100.526973 -127.621834 153.986032
98.570288 -128.006427 153.832833
96.613602 -128.391021 153.679634
94.656917 -128.775614 153.526436
92.700231 -129.160207 153.373237
90.743546 -129.544801 153.220038
88.786860 -129.929394 153.066840
7.287613 -198.443337 -37.884798
9.060542 -199.353644 -37.717276
10.833471 -200.263951 -37.549754
12.606400 -201.174258 -37.382232
14.379329 -202.084565 -37.214710
16.152258 -202.994873 -37.047188
17.925187 -203.905180 -36.879666
19.698116 -204.815487 -36.712144
21.471045 -205.725794 -36.544622
23.243974 -206.636101 -36.377099
25.016903 -207.546408 -36.209577
26.789832 -208.456716 -36.042055
28.562761 -209.367023 -35.874533
30.335690 -210.277330 -35.707011
32.108619 -211.187637 -35.539489
33.881548 -212.097944 -35.371967
35.654477 -213.008251 -35.204445
37.427406 -213.918559 -35.036923
39.200335 -214.828866 -34.869400
40.973264 -215.739173 -34.701878
42.746193 -216.649480 -34.534356
44.519122 -217.559787 -34.366834
46.292051 -218.470095 -34.199312
48.064980 -219.380402 -34.031790
49.837909 -220.290709 -33.864268
51.610838 -221.201016 -33.696746
53.383767 -222.111323 -33.529224
55.156696 -223.021630 -33.361702
56.929625 -223.931938 -33.194179
58.702554 -224.842245 -33.026657
60.475483 -225.752552 -32.859135
62.248412 -226.662859 -32.691613
64.021341 -227.573166 -32.524091
65.794269 -228.483474 -32.356569
67.567198 -229.393781 -32.189047
69.340127 -230.304088 -32.021525
71.113056 -231.214395 -31.854003
72.885985 -232.124702 -31.686480
74.658914 -233.035009 -31.518958
76.431843 -233.945317 -31.351436
78.204772 -234.855624 -31.183914
79.977701 -235.765931 -31.016392
81.750630 -236.676238 -30.848870
83.523559 -237.586545 -30.681348
85.296488 -238.496852 -30.513826
87.069417 -239.407160 -30.346304
88.842346 -240.317467 -30.178782
90.615275 -241.227774 -30.011259
92.388204 -242.138081 -29.843737
94.161133 -243.048388 -29.676215
95.934062 -243.958696 -29.508693
97.706991 -244.869003 -29.341171
99.479920 -245.779310 -29.173649
101.252849 -246.689617 -29.006127
103.025778 -247.599924 -28.838605
104.798707 -248.510231 -28.671083
106.571636 -249.420539 -28.503560
108.344565 -250.330846 -28.336038
110.117494 -251.241153 -28.168516
111.890423 -252.151460 -28.000994
113.663352 -253.061767 -27.833472
115.436281 -253.972075 -27.665950
117.209210 -254.882382 -27.498428
118.982139 -255.792689 -27.330906
120.755068 -256.702996 -27.163384
122.527997 -257.613303 -26.995862
124.300926 -258.523610 -26.828339
126.073855 -259.433918 -26.660817
127.846784 -260.344225 -26.493295
129.619713 -261.254532 -26.325773
-55.298749 -0.035640 -95.116910
-56.398685 -1.438275 -96.023968
-57.498621 -2.840911 -96.931026
-58.598557 -4.243546 -97.838084
-59.698493 -5.646182 -98.745142
-60.798429 -7.048818 -99.652199
-61.898365 -8.451453 -100.559257
-62.998302 -9.854089 -101.466315
-64.098238 -11.256724 -102.373373
-65.198174 -12.659360 -103.280431
-66.298110 -14.061996 -104.187489
-67.398046 -15.464631 -105.094546
-68.497982 -16.867267 -106.001604
-69.597918 -18.269902 -106.908662
-70.697855 -19.672538 -107.815720
-71.797791 -21.075173 -108.722778
-72.897727 -22.477809 -109.629835
-73.997663 -23.880445 -110.536893
-75.097599 -25.283080 -111.443951
-76.197535 -26.685716 -112.351009
-77.297471 -28.088351 -113.258067
-78.397407 -29.490987 -114.165125
-79.497344 -30.893623 -115.072182
-80.597280 -32.296258 -115.979240
-81.697216 -33.698894 -116.886298
-82.797152 -35.101529 -117.793356
-83.897088 -36.504165 -118.700414
-84.997024 -37.906801 -119.607472
-86.096960 -39.309436 -120.514529
-87.196897 -40.712072 -121.421587
-88.296833 -42.114707 -122.328645
-89.396769 -43.517343 -123.235703
-90.496705 -44.919978 -124.142761
-91.596641 -46.322614 -125.049818
-92.696577 -47.725250 -125.956876
-93.796513 -49.127885 -126.863934
-94.896450 -50.530521 -127.770992
-95.996386 -51.933156 -128.678050
-97.096322 -53.335792 -129.585108
-98.196258 -54.738428 -130.492165
-99.296194 -56.141063 -131.399223
-100.396130 -57.543699 -132.306281
-101.496066 -58.946334 -133.213339
-102.596003 -60.348970 -134.120397
-103.695939 -61.751606 -135.027455
-104.795875 -63.154241 -135.934512
-105.895811 -64.556877 -136.841570
-106.995747 -65.959512 -137.748628
-108.095683 -67.362148 -138.655686
-109.195619 -68.764784 -139.562744
-110.295555 -70.167419 -140.469801
-111.395492 -71.570055 -141.376859
-112.495428 -72.972690 -142.283917
-113.595364 -74.375326 -143.190975
-114.695300 -75.777961 -144.098033
-115.795236 -77.180597 -145.005091
-116.895172 -78.583233 -145.912148
-117.995108 -79.985868 -146.819206
-119.095045 -81.388504 -147.726264
-120.194981 -82.791139 -148.633322
-121.294917 -84.193775 -149.540380
-122.394853 -85.596411 -150.447438
-123.494789 -86.999046 -151.354495
-124.594725 -88.401682 -152.261553
-125.694661 -89.804317 -153.168611
-126.794598 -91.206953 -154.075669
-127.894534 -92.609589 -154.982727
-128.994470 -94.012224 -155.889784
-130.094406 -95.414860 -156.796842
-131.194342 -96.817495 -157.703900
-239.174106 -210.055638 233.551149
-239.024123 -209.682233 231.592048
-238.874140 -209.308829 229.632948
-238.724156 -208.935424 227.673848
-238.574173 -208.562019 225.714748
-238.424190 -208.188614 223.755647
-238.274207 -207.815209 221.796547
-238.124224 -207.441804 219.837447
-237.974240 -207.068400 217.878347
-237.824257 -206.694995 215.919246
-237.674274 -206.321590 213.960146
-237.524291 -205.948185 212.001046
-237.374308 -205.574780 210.041945
-237.224324 -205.201375 208.082845
-237.074341 -204.827970 206.123745
-236.924358 -204.454566 204.164645
-236.774375 -204.081161 202.205544
-236.624391 -203.707756 200.246444
-236.474408 -203.334351 198.287344
-236.324425 -202.960946 196.328244
-236.174442 -202.587541 194.369143
-236.024459 -202.214137 192.410043
-235.874475 -201.840732 190.450943
-235.724492 -201.467327 188.491843
-235.574509 -201.093922 186.532742
-235.424526 -200.720517 184.573642
-235.274543 -200.347112 182.614542
-235.124559 -199.973707 180.655441
-234.974576 -199.600303 178.696341
-234.824593 -199.226898 176.737241
-234.674610 -198.853493 174.778141
-234.524626 -198.480088 172.819040
-234.374643 -198.106683 170.859940
-234.224660 -197.733278 168.900840
-234.074677 -197.359873 166.941740
-233.924694 -196.986469 164.982639
-233.774710 -196.613064 163.023539
-233.624727 -196.239659 161.064439
-233.474744 -195.866254 159.105339
-233.324761 -195.492849 157.146238
-233.174778 -195.119444 155.187138
-233.024794 -194.746040 153.228038
-232.874811 -194.372635 151.268937
-232.724828 -193.999230 149.309837
-232.574845 -193.625825 147.350737
-232.424862 -193.252420 145.391637
-232.274878 -192.879015 143.432536
-232.124895 -192.505610 141.473436
-231.974912 -192.132206 139.514336
-231.824929 -191.758801 137.555236
-231.674945 -191.385396 135.596135
-231.524962 -191.011991 133.637035
-231.374979 -190.638586 131.677935
-231.224996 -190.265181 129.718835
-231.075013 -189.891777 127.759734
-230.925029 -189.518372 125.800634
-230.775046 -189.144967 123.841534
-230.625063 -188.771562 121.882433
-230.475080 -188.398157 119.923333
-230.325097 -188.024752 117.964233
-230.175113 -187.651347 116.005133
-230.025130 -187.277943 114.046032
-229.875147 -186.904538 112.086932
-229.725164 -186.531133 110.127832
-229.575180 -186.157728 108.168732
-229.425197 -185.784323 106.209631
-229.275214 -185.410918 104.250531
-229.125231 -185.037513 102.291431
-228.975248 -184.664109 100.332331
-228.825264 -184.290704 98.373230
-9.060602 -38.079838 113.629847
-9.376050 -40.044240 113.425843
-9.691497 -42.008642 113.221839
-10.006944 -43.973044 113.017835
-10.322392 -45.937446 112.813831
-10.637839 -47.901848 112.609827
-10.953287 -49.866250 112.405823
-11.268734 -51.830652 112.201819
-11.584181 -53.795054 111.997815
-11.899629 -55.759456 111.793811
-12.215076 -57.723858 111.589806
-12.530523 -59.688260 111.385802
-12.845971 -61.652662 111.181798
-13.161418 -63.617064 110.977794
-13.476865 -65.581466 110.773790
-13.792313 -67.545868 110.569786
-14.107760 -69.510270 110.365782
-14.423207 -71.474672 110.161778
-14.738655 -73.439075 109.957774
-15.054102 -75.403477 109.753770
-15.369549 -77.367879 109.549766
-15.684997 -79.332281 109.345762
-16.000444 -81.296683 109.141757
-16.315892 -83.261085 108.937753
-16.631339 -85.225487 108.733749
-16.946786 -87.189889 108.529745
-17.262234 -89.154291 108.325741
-17.577681 -91.118693 108.121737
-17.893128 -93.083095 107.917733
-18.208576 -95.047497 107.713729
-18.524023 -97.011899 107.509725
-18.839470 -98.976301 107.305721
-19.154918 -100.940703 107.101717
-19.470365 -102.905105 106.897713
-19.785812 -104.869507 106.693709
-20.101260 -106.833909 106.489704
-20.416707 -108.798311 106.285700
-20.732155 -110.762713 106.081696
-21.047602 -112.727115 105.877692
-21.363049 -114.691517 105.673688
-21.678497 -116.655919 105.469684
-21.993944 -118.620321 105.265680
-22.309391 -120.584723 105.061676
-22.624839 -122.549125 104.857672
-22.940286 -124.513527 104.653668
-23.255733 -126.477929 104.449664
-23.571181 -128.442331 104.245660
-23.886628 -130.406733 104.041655
-24.202075 -132.371135 103.837651
-24.517523 -134.335537 103.633647
-24.832970 -136.299939 103.429643
-25.148418 -138.264341 103.225639
-25.463865 -140.228743 103.021635
-25.779312 -142.193145 102.817631
-26.094760 -144.157547 102.613627
-26.410207 -146.121949 102.409623
-26.725654 -148.086351 102.205619
-27.041102 -150.050753 102.001615
-27.356549 -152.015155 101.797611
-27.671996 -153.979557 101.593607
-27.987444 -155.943959 101.389602
-28.302891 -157.908361 101.185598
-28.618338 -159.872763 100.981594
-28.933786 -161.837165 100.777590
-29.249233 -163.801567 100.573586
-29.564681 -165.765970 100.369582
-29.880128 -167.730372 100.165578
-30.195575 -169.694774 99.961574
-30.511023 -171.659176 99.757570
-30.826470 -173.623578 99.553566
18.008072 -74.767643 -265.032317
19.954680 -75.191860 -265.207701
21.901287 -75.616077 -265.383084
23.847895 -76.040294 -265.558468
25.794502 -76.464511 -265.733851
27.741110 -76.888728 -265.909235
29.687717 -77.312945 -266.084618
31.634325 -77.737162 -266.260001
33.580932 -78.161379 -266.435385
35.527540 -78.585596 -266.610768
37.474147 -79.009812 -266.786152
39.420754 -79.434029 -266.961535
41.367362 -79.858246 -267.136919
43.313969 -80.282463 -267.312302
45.260577 -80.706680 -267.487686
47.207184 -81.130897 -267.663069
49.153792 -81.555114 -267.838453
51.100399 -81.979331 -268.013836
53.047007 -82.403548 -268.189219
54.993614 -82.827765 -268.364603
56.940222 -83.251982 -268.539986
58.886829 -83.676199 -268.715370
60.833437 -84.100416 -268.890753
62.780044 -84.524633 -269.066137
64.726652 -84.948850 -269.241520
66.673259 -85.373067 -269.416904
68.619866 -85.797283 -269.592287
70.566474 -86.221500 -269.767671
72.513081 -86.645717 -269.943054
74.459689 -87.069934 -270.118437
76.406296 -87.494151 -270.293821
78.352904 -87.918368 -270.469204
80.299511 -88.342585 -270.644588
82.246119 -88.766802 -270.819971
84.192726 -89.191019 -270.995355
86.139334 -89.615236 -271.170738
88.085941 -90.039453 -271.346122
90.032549 -90.463670 -271.521505
91.979156 -90.887887 -271.696889
93.925764 -91.312104 -271.872272
95.872371 -91.736321 -272.047655
97.818979 -92.160538 -272.223039
99.765586 -92.584755 -272.398422
101.712193 -93.008971 -272.573806
103.658801 -93.433188 -272.749189
105.605408 -93.857405 -272.924573
107.552016 -94.281622 -273.099956
109.498623 -94.705839 -273.275340
111.445231 -95.130056 -273.450723
113.391838 -95.554273 -273.626107
115.338446 -95.978490 -273.801490
117.285053 -96.402707 -273.976873
119.231661 -96.826924 -274.152257
121.178268 -97.251141 -274.327640
123.124876 -97.675358 -274.503024
125.071483 -98.099575 -274.678407
127.018091 -98.523792 -274.853791
128.964698 -98.948009 -275.029174
130.911305 -99.372226 -275.204558
132.857913 -99.796442 -275.379941
134.804520 -100.220659 -275.555325
136.751128 -100.644876 -275.730708
138.697735 -101.069093 -275.906091
140.644343 -101.493310 -276.081475
142.590950 -101.917527 -276.256858
144.537558 -102.341744 -276.432242
146.484165 -102.765961 -276.607625
148.430773 -103.190178 -276.783009
150.377380 -103.614395 -276.958392
152.323988 -104.038612 -277.133776
39.673275 240.368984 100.796421
40.466390 241.218651 99.168836
41.259505 242.068319 97.541251
42.052620 242.917986 95.913665
42.845735 243.767654 94.286080
43.638850 244.617322 92.658495
44.431965 245.466989 91.030910
45.225080 246.316657 89.403324
46.018195 247.166324 87.775739
46.811310 248.015992 86.148154
47.604425 248.865660 84.520569
48.397540 249.715327 82.892984
49.190655 250.564995 81.265398
49.983769 251.414663 79.637813
50.776884 252.264330 78.010228
51.569999 253.113998 76.382643
52.363114 253.963665 74.755058
53.156229 254.813333 73.127472
53.949344 255.663001 71.499887
54.742459 256.512668 69.872302
55.535574 257.362336 68.244717
56.328689 258.212003 66.617132
57.121804 259.061671 64.989546
57.914919 259.911339 63.361961
58.708034 260.761006 61.734376
59.501149 261.610674 60.106791
60.294264 262.460341 58.479205
61.087379 263.310009 56.851620
61.880494 264.159677 55.224035
62.673609 265.009344 53.596450
63.466724 265.859012 51.968865
64.259839 266.708679 50.341279
65.052954 267.558347 48.713694
65.846069 268.408015 47.086109
66.639184 269.257682 45.458524
67.432299 270.107350 43.830939
68.225414 270.957017 42.203353
69.018529 271.806685 40.575768
69.811644 272.656353 38.948183
70.604759 273.506020 37.320598
71.397874 274.355688 35.693013
72.190989 275.205355 34.065427
72.984104 276.055023 32.437842
73.777218 276.904691 30.810257
74.570333 277.754358 29.182672
75.363448 278.604026 27.555086
76.156563 279.453693 25.927501
76.949678 280.303361 24.299916
77.742793 281.153029 22.672331
78.535908 282.002696 21.044746
79.329023 282.852364 19.417160
80.122138 283.702031 17.789575
80.915253 284.551699 16.161990
81.708368 285.401367 14.534405
82.501483 286.251034 12.906820
83.294598 287.100702 11.279234
84.087713 287.950369 9.651649
84.880828 288.800037 8.024064
85.673943 289.649705 6.396479
86.467058 290.499372 4.768894
87.260173 291.349040 3.141308
88.053288 292.198707 1.513723
88.846403 293.048375 -0.113862
89.639518 293.898043 -1.741447
90.432633 294.747710 -3.369033
91.225748 295.597378 -4.996618
92.018863 296.447045 -6.624203
92.811978 297.296713 -8.251788
93.605093 298.146381 -9.879373
94.398208 298.996048 -11.506959
256.765745 -176.891971 -133.122385
255.694386 -175.203130 -133.119353
254.623028 -173.514290 -133.116320
253.551669 -171.825450 -133.113288
252.480311 -170.136609 -133.110256
251.408952 -168.447769 -133.107224
250.337594 -166.758928 -133.104191
249.266235 -165.070088 -133.101159
248.194877 -163.381248 -133.098127
247.123518 -161.692407 -133.095095
246.052160 -160.003567 -133.092063
244.980802 -158.314726 -133.089030
243.909443 -156.625886 -133.085998
242.838085 -154.937046 -133.082966
241.766726 -153.248205 -133.079934
240.695368 -151.559365 -133.076901
239.624009 -149.870525 -133.073869
238.552651 -148.181684 -133.070837
237.481292 -146.492844 -133.067805
236.409934 -144.804003 -133.064772
235.338575 -143.115163 -133.061740
234.267217 -141.426323 -133.058708
233.195858 -139.737482 -133.055676
232.124500 -138.048642 -133.052643
231.053142 -136.359801 -133.049611
229.981783 -134.670961 -133.046579
228.910425 -132.982121 -133.043547
227.839066 -131.293280 -133.040514
226.767708 -129.604440 -133.037482
225.696349 -127.915599 -133.034450
224.624991 -126.226759 -133.031418
223.553632 -124.537919 -133.028385
222.482274 -122.849078 -133.025353
221.410915 -121.160238 -133.022321
220.339557 -119.471398 -133.019289
219.268199 -117.782557 -133.016256
218.196840 -116.093717 -133.013224
217.125482 -114.404876 -133.010192
216.054123 -112.716036 -133.007160
214.982765 -111.027196 -133.004127
213.911406 -109.338355 -133.001095
212.840048 -107.649515 -132.998063
211.768689 -105.960674 -132.995031
210.697331 -104.271834 -132.991999
209.625972 -102.582994 -132.988966
208.554614 -100.894153 -132.985934
207.483255 -99.205313 -132.982902
206.411897 -97.516472 -132.979870
205.340539 -95.827632 -132.976837
204.269180 -94.138792 -132.973805
203.197822 -92.449951 -132.970773
202.126463 -90.761111 -132.967741
201.055105 -89.072271 -132.964708
199.983746 -87.383430 -132.961676
198.912388 -85.694590 -132.958644
197.841029 -84.005749 -132.955612
196.769671 -82.316909 -132.952579
195.698312 -80.628069 -132.949547
194.626954 -78.939228 -132.946515
193.555595 -77.250388 -132.943483
192.484237 -75.561547 -132.940450
191.412879 -73.872707 -132.937418
190.341520 -72.183867 -132.934386
189.270162 -70.495026 -132.931354
188.198803 -68.806186 -132.928321
187.127445 -67.117345 -132.925289
186.056086 -65.428505 -132.922257
184.984728 -63.739665 -132.919225
183.913369 -62.050824 -132.916192
182.842011 -60.361984 -132.913160
-127.015582 -27.499994 141.232673
-127.238817 -29.325175 142.019363
-127.462053 -31.150356 142.806052
-127.685289 -32.975536 143.592742
-127.908525 -34.800717 144.379431
-128.131760 -36.625898 145.166121
-128.354996 -38.451079 145.952811
-128.578232 -40.276260 146.739500
-128.801467 -42.101441 147.526190
-129.024703 -43.926622 148.312880
-129.247939 -45.751803 149.099569
-129.471174 -47.576984 149.886259
-129.694410 -49.402164 150.672948
-129.917646 -51.227345 151.459638
-130.140882 -53.052526 152.246328
-130.364117 -54.877707 153.033017
-130.587353 -56.702888 153.819707
-130.810589 -58.528069 154.606396
-131.033824 -60.353250 155.393086
-131.257060 -62.178431 156.179776
-131.480296 -64.003612 156.966465
-131.703532 -65.828792 157.753155
-131.926767 -67.653973 158.539845
-132.150003 -69.479154 159.326534
-132.373239 -71.304335 160.113224
-132.596474 -73.129516 160.899913
-132.819710 -74.954697 161.686603
-133.042946 -76.779878 162.473293
-133.266181 -78.605059 163.259982
-133.489417 -80.430240 164.046672
-133.712653 -82.255420 164.833361
-133.935889 -84.080601 165.620051
-134.159124 -85.905782 166.406741
-134.382360 -87.730963 167.193430
-134.605596 -89.556144 167.980120
-134.828831 -91.381325 168.766810
-135.052067 -93.206506 169.553499
-135.275303 -95.031687 170.340189
-135.498538 -96.856867 171.126878
-135.721774 -98.682048 171.913568
-135.945010 -100.507229 172.700258
-136.168246 -102.332410 173.486947
-136.391481 -104.157591 174.273637
-136.614717 -105.982772 175.060327
-136.837953 -107.807953 175.847016
-137.061188 -109.633134 176.633706
-137.284424 -111.458315 177.420395
-137.507660 -113.283495 178.207085
-137.730895 -115.108676 178.993775
-137.954131 -116.933857 179.780464
-138.177367 -118.759038 180.567154
-138.400603 -120.584219 181.353843
-138.623838 -122.409400 182.140533
-138.847074 -124.234581 182.927223
-139.070310 -126.059762 183.713912
-139.293545 -127.884943 184.500602
-139.516781 -129.710123 185.287292
-139.740017 -131.535304 186.073981
-139.963252 -133.360485 186.860671
-140.186488 -135.185666 187.647360
-140.409724 -137.010847 188.434050
-140.632960 -138.836028 189.220740
-140.856195 -140.661209 190.007429
-141.079431 -142.486390 190.794119
-141.302667 -144.311571 191.580808
-141.525902 -146.136751 192.367498
-141.749138 -147.961932 193.154188
-141.972374 -149.787113 193.940877
-142.195610 -151.612294 194.727567
-142.418845 -153.437475 195.514257
